# https://github.com/mikedh/trimesh
v -11.34173530 3.21401572 3.98655272
v -11.34985679 3.32617664 4.05576277
v -11.34296363 3.28436065 4.09161330
v -11.36873573 3.36571598 4.02167464
v -11.34779113 3.20971537 3.74071074
v -11.34096092 3.16961026 3.86627913
v -11.34070342 3.15480828 3.74071074
v -11.36679214 3.26171565 3.74071074
v -11.59169715 3.43224192 3.87273741
v -11.53776115 3.46574163 3.93363905
v -11.48531669 3.45230579 3.94590712
v -11.59292549 3.47001958 3.92916060
v -11.53564208 3.39431524 3.74071074
v -11.59092277 3.40839434 3.80814696
v -11.48331779 3.37622571 3.74071074
v -11.59066528 3.40044522 3.74071074
v -11.41630309 3.36878514 3.90621519
v -11.39866775 3.40102887 3.99103880
v -11.43817657 3.43037462 3.96536208
v -11.41565841 3.33901882 3.82595015
v -11.39676994 3.30825925 3.74071074
v -11.43625778 3.34706354 3.74071074
v -11.34121078 3.18387485 7.52189589
v -11.34874290 3.26339626 7.57347441
v -11.34173530 3.21401405 7.59764815
v -11.36769050 3.31013680 7.55049086
v -11.34786933 3.21416497 7.36070967
v -11.34088844 3.16541219 7.44200468
v -11.34077972 3.15925789 7.36070967
v -11.36687034 3.26616526 7.36070967
v -11.59117263 3.41811514 7.44727278
v -11.59169715 3.43430090 7.48795271
v -11.53661483 3.42896485 7.49102736
v -11.48424095 3.41284943 7.49934340
v -11.48339599 3.38067508 7.36070967
v -11.59085029 3.40819979 7.40436888
v -11.53572029 3.39876485 7.36070967
v -11.59074157 3.40489483 7.36070967
v -11.41587585 3.34989119 7.46944380
v -11.43714660 3.38674617 7.51249266
v -11.39765113 3.35193825 7.52982283
v -11.41560501 3.33742476 7.41572905
v -11.39684814 3.31270885 7.36070967
v -11.43633598 3.35151315 7.36070967
v -9.51856178 3.17915845 13.04135466
v -9.56991523 3.25841904 13.03382445
v -9.59396308 3.20897746 13.04083205
v -9.54704803 3.30521607 13.01487685
v -9.35823387 3.20971537 13.03469038
v -9.43908828 3.16089582 13.04167128
v -9.35823387 3.15480828 13.04177809
v -9.35823387 3.26171565 13.01568938
v -9.44433540 3.41352224 12.79139281
v -9.48483032 3.42953610 12.79087019
v -9.48788970 3.42419171 12.84595061
v -9.49616187 3.40805507 12.89832640
v -9.35823387 3.37622571 12.89916182
v -9.40165656 3.40371442 12.79170943
v -9.35823387 3.39431524 12.84683943
v -9.35823387 3.40044522 12.79181624
v -9.46639198 3.34526110 12.96668578
v -9.50924247 3.38191891 12.94541884
v -9.52648681 3.34706831 12.98491621
v -9.41295570 3.33292890 12.96695280
v -9.35823387 3.30825925 12.98570967
v -9.35823387 3.34706354 12.94622374
v -5.98327773 3.21805739 13.04067564
v -6.05237144 3.32984662 13.03255797
v -6.08811897 3.28794265 13.03945494
v -6.01838630 3.36946964 13.01367903
v -5.73823493 3.21416497 13.03461027
v -5.86337226 3.17395782 13.04144240
v -5.73823493 3.15925789 13.04170180
v -5.73823493 3.26616526 13.01560927
v -5.86983055 3.43647242 12.79071379
v -5.92613548 3.47400331 12.78949309
v -5.93060439 3.46971345 12.84465742
v -5.94283813 3.45624661 12.89710188
v -5.73823493 3.39876485 12.84675932
v -5.80543846 3.41278911 12.79148054
v -5.73823493 3.38067508 12.89908552
v -5.73823493 3.40489483 12.79173994
v -5.90320533 3.37296033 12.96610594
v -5.96223586 3.43426681 12.94424010
v -5.98783821 3.40485787 12.98374892
v -5.82317871 3.34339643 12.96674681
v -5.73823493 3.31270885 12.98563338
v -5.73823493 3.35151315 12.94614363
v 5.68423325 3.17915845 1.75781966
v 5.63288075 3.25841904 1.75028944
v 5.60883195 3.20897746 1.75729704
v 5.65574795 3.30521607 1.73134184
v 5.84456116 3.20971537 1.75115538
v 5.76370675 3.16089582 1.75813628
v 5.84456116 3.15480828 1.75824309
v 5.84456116 3.26171565 1.73215437
v 5.75845963 3.41352224 1.50785780
v 5.71796662 3.42953610 1.50733519
v 5.71490628 3.42419171 1.56241560
v 5.70663315 3.40805507 1.61479140
v 5.84456116 3.37622571 1.61562682
v 5.80113942 3.40371442 1.50817442
v 5.84456116 3.39431524 1.56330443
v 5.84456116 3.40044522 1.50828123
v 5.73640496 3.34526110 1.68315077
v 5.69355351 3.38191891 1.66188383
v 5.67630917 3.34706831 1.70138121
v 5.78984124 3.33292890 1.68341780
v 5.84456116 3.30825925 1.70217467
v 5.84456116 3.34706354 1.66268874
v 9.21951872 3.21805739 1.75714064
v 9.15042407 3.32984662 1.74902296
v 9.11467606 3.28794265 1.75591994
v 9.18440968 3.36946964 1.73014403
v 9.46456153 3.21416497 1.75107527
v 9.33942277 3.17395782 1.75790739
v 9.46456153 3.15925789 1.75816679
v 9.46456153 3.26616526 1.73207426
v 9.33296448 3.43647242 1.50717879
v 9.27219206 3.46971345 1.56112242
v 9.25995785 3.45624661 1.61356688
v 9.27666003 3.47400331 1.50595808
v 9.46456153 3.39876485 1.56322432
v 9.39735753 3.41278911 1.50794554
v 9.46456153 3.38067508 1.61555052
v 9.46456153 3.40489483 1.50820494
v 9.29959113 3.37296033 1.68257094
v 9.21495730 3.40485787 1.70021391
v 9.24056059 3.43426681 1.66070509
v 9.37961728 3.34339643 1.68321181
v 9.46456153 3.31270885 1.70209837
v 9.46456153 3.35151315 1.66260863
v 9.21951872 3.21805739 13.04067564
v 9.15042407 3.32984662 13.03255797
v 9.11467606 3.28794265 13.03945494
v 9.18440968 3.36946964 13.01367903
v 9.46456153 3.21416497 13.03461027
v 9.33942277 3.17395782 13.04144240
v 9.46456153 3.15925789 13.04170180
v 9.46456153 3.26616526 13.01560927
v 9.33296448 3.43647242 12.79071379
v 9.27666003 3.47400331 12.78949309
v 9.27219206 3.46971345 12.84465742
v 9.25995785 3.45624661 12.89710188
v 9.46456153 3.39876485 12.84675932
v 9.39735753 3.41278911 12.79148054
v 9.46456153 3.38067508 12.89908552
v 9.46456153 3.40489483 12.79173994
v 9.29959113 3.37296033 12.96610594
v 9.24056059 3.43426681 12.94424010
v 9.21495730 3.40485787 12.98374892
v 9.37961728 3.34339643 12.96674681
v 9.46456153 3.31270885 12.98563338
v 9.46456153 3.35151315 12.94614363
v 5.68423325 3.17915845 13.04135466
v 5.63288075 3.25841904 13.03382445
v 5.60883195 3.20897746 13.04083205
v 5.65574795 3.30521607 13.01487685
v 5.84456116 3.20971537 13.03469038
v 5.76370675 3.16089582 13.04167128
v 5.84456116 3.15480828 13.04177809
v 5.84456116 3.26171565 13.01568938
v 5.75845963 3.41352224 12.79139281
v 5.71796662 3.42953610 12.79087019
v 5.71490628 3.42419171 12.84595061
v 5.70663315 3.40805507 12.89832640
v 5.84456116 3.37622571 12.89916182
v 5.80113942 3.40371442 12.79170943
v 5.84456116 3.39431524 12.84683943
v 5.84456116 3.40044522 12.79181624
v 5.73640496 3.34526110 12.96668578
v 5.69355351 3.38191891 12.94541884
v 5.67630917 3.34706831 12.98491621
v 5.78984124 3.33292890 12.96695280
v 5.84456116 3.30825925 12.98570967
v 5.84456116 3.34706354 12.94622374
v -9.51420158 -4.08387470 9.34890318
v -9.56578010 -4.16339636 9.35643721
v -9.58995193 -4.11401415 9.34942961
v -9.54279655 -4.21013689 9.37538481
v -9.35301727 -4.11416483 9.35556364
v -9.43431037 -4.06541204 9.34858275
v -9.35301727 -4.05925798 9.34847594
v -9.35301727 -4.16616535 9.37456465
v -9.43957847 -4.31811523 9.59886504
v -9.48026031 -4.33430099 9.59939146
v -9.48333496 -4.32896471 9.54431105
v -9.49164909 -4.31284952 9.49193526
v -9.35301727 -4.28067493 9.49109221
v -9.39667457 -4.30819988 9.59854460
v -9.35301727 -4.29876471 9.54341460
v -9.35301727 -4.30489492 9.59843779
v -9.46174949 -4.24989128 9.42357207
v -9.50479644 -4.28674603 9.44484282
v -9.52212852 -4.25193834 9.40534544
v -9.40803665 -4.23742485 9.42330122
v -9.35301727 -4.21270895 9.40454436
v -9.35301727 -4.25151300 9.44403029
v -5.97885841 -4.11401558 9.34942961
v -6.04806655 -4.22617674 9.35755110
v -6.08391899 -4.18436050 9.35065794
v -6.01398223 -4.26571608 9.37643004
v -5.73301643 -4.10971546 9.35548735
v -5.85858291 -4.06961012 9.34865523
v -5.73301643 -4.05480814 9.34839583
v -5.73301643 -4.16171551 9.37448836
v -5.86504310 -4.33224201 9.59939146
v -5.92594474 -4.36574173 9.54545546
v -5.93821472 -4.35230589 9.49301100
v -5.92146438 -4.37001944 9.60061980
v -5.73301643 -4.29431534 9.54333830
v -5.80045074 -4.30839443 9.59861708
v -5.73301643 -4.27622557 9.49101210
v -5.73301643 -4.30044508 9.59835768
v -5.89852088 -4.26878500 9.42399931
v -5.98334449 -4.30102873 9.40636397
v -5.95766776 -4.33037472 9.44587279
v -5.81825393 -4.23901892 9.42335463
v -5.73301643 -4.20825911 9.40446425
v -5.73301643 -4.24706364 9.44395399
v 5.68859536 -4.08387470 -1.93462801
v 5.63701588 -4.16339636 -1.92709779
v 5.61284405 -4.11401415 -1.93410539
v 5.66000039 -4.21013689 -1.90814638
v 5.84977967 -4.11416483 -1.92797136
v 5.76848561 -4.06541204 -1.93495226
v 5.84977967 -4.05925798 -1.93505907
v 5.84977967 -4.16616535 -1.90897035
v 5.76321751 -4.31811523 -1.68466615
v 5.71946103 -4.32896471 -1.73922395
v 5.71114594 -4.31284952 -1.79159975
v 5.72253663 -4.33430099 -1.68414354
v 5.84977967 -4.28067493 -1.79244280
v 5.80612141 -4.30819988 -1.68499040
v 5.84977967 -4.29876471 -1.74012041
v 5.84977967 -4.30489492 -1.68509721
v 5.74104649 -4.24989128 -1.85996294
v 5.68066651 -4.25193834 -1.87818956
v 5.69799859 -4.28674603 -1.83869219
v 5.79476029 -4.23742485 -1.86023378
v 5.84977967 -4.21270895 -1.87899065
v 5.84977967 -4.25151300 -1.83950472
v 9.22393662 -4.11401558 -1.93410539
v 9.15472943 -4.22617674 -1.92598390
v 9.11887652 -4.18436050 -1.93287706
v 9.18881423 -4.26571608 -1.90710497
v 9.46977908 -4.10971546 -1.92804765
v 9.34421307 -4.06961012 -1.93487978
v 9.46977908 -4.05480814 -1.93513536
v 9.46977908 -4.16171551 -1.90904665
v 9.33775288 -4.33224201 -1.68414354
v 9.28133160 -4.37001944 -1.68291521
v 9.27685124 -4.36574173 -1.73807954
v 9.26458174 -4.35230589 -1.79052400
v 9.46977908 -4.29431534 -1.74019670
v 9.40234572 -4.30839443 -1.68491792
v 9.46977908 -4.27622557 -1.79252290
v 9.46977908 -4.30044508 -1.68517351
v 9.30427462 -4.26878500 -1.85953569
v 9.24512869 -4.33037472 -1.83766222
v 9.21945101 -4.30102873 -1.87717104
v 9.38454157 -4.23901892 -1.86018037
v 9.46977908 -4.20825911 -1.87907076
v 9.46977908 -4.24706364 -1.83958101
v 11.45328099 -4.11401558 3.98655272
v 11.46140272 -4.22617674 4.05576277
v 11.45450884 -4.18436050 4.09161330
v 11.48028094 -4.26571608 4.02167464
v 11.45933706 -4.10971546 3.74071074
v 11.45250589 -4.06961012 3.86627913
v 11.45224768 -4.05480814 3.74071074
v 11.47833711 -4.16171551 3.74071074
v 11.70324308 -4.33224201 3.87273741
v 11.64930612 -4.36574173 3.93363905
v 11.59686143 -4.35230589 3.94590712
v 11.70447094 -4.37001944 3.92916060
v 11.64718706 -4.29431534 3.74071074
v 11.70246798 -4.30839443 3.80814696
v 11.59486300 -4.27622557 3.74071074
v 11.70220954 -4.30044508 3.74071074
v 11.52784807 -4.26878500 3.90621519
v 11.51021272 -4.30102873 3.99103880
v 11.54972202 -4.33037472 3.96536208
v 11.52720410 -4.23901892 3.82595015
v 11.50831586 -4.20825911 3.74071074
v 11.54780347 -4.24706364 3.74071074
v 11.45275504 -4.08387470 7.52189589
v 11.46028787 -4.16339636 7.57347441
v 11.45328099 -4.11401415 7.59764815
v 11.47923643 -4.21013689 7.55049086
v 11.45941455 -4.11416483 7.36070967
v 11.45243270 -4.06541204 7.44200468
v 11.45232517 -4.05925798 7.36070967
v 11.47841460 -4.16616535 7.36070967
v 11.70271689 -4.31811523 7.44727278
v 11.64816052 -4.32896471 7.49102736
v 11.59578544 -4.31284952 7.49934340
v 11.70324284 -4.33430099 7.48795271
v 11.59494073 -4.28067493 7.36070967
v 11.70239455 -4.30819988 7.40436888
v 11.64726478 -4.29876471 7.36070967
v 11.70228726 -4.30489492 7.36070967
v 11.52742082 -4.24989128 7.46944380
v 11.50919539 -4.25193834 7.52982283
v 11.54869229 -4.28674603 7.51249266
v 11.52715117 -4.23742485 7.41572905
v 11.50839359 -4.21270895 7.36070967
v 11.54788119 -4.25151300 7.36070967
v -9.51420158 -4.08387470 -1.93462801
v -9.56578010 -4.16339636 -1.92709779
v -9.58995193 -4.11401415 -1.93410539
v -9.54279655 -4.21013689 -1.90814638
v -9.35301727 -4.11416483 -1.92797136
v -9.43431037 -4.06541204 -1.93495226
v -9.35301727 -4.05925798 -1.93505907
v -9.35301727 -4.16616535 -1.90897035
v -9.43957847 -4.31811523 -1.68466615
v -9.48333496 -4.32896471 -1.73922395
v -9.49164909 -4.31284952 -1.79159975
v -9.48026031 -4.33430099 -1.68414354
v -9.35301727 -4.28067493 -1.79244280
v -9.39667457 -4.30819988 -1.68499040
v -9.35301727 -4.29876471 -1.74012041
v -9.35301727 -4.30489492 -1.68509721
v -9.46174949 -4.24989128 -1.85996294
v -9.52212852 -4.25193834 -1.87818956
v -9.50479644 -4.28674603 -1.83869219
v -9.40803665 -4.23742485 -1.86023378
v -9.35301727 -4.21270895 -1.87899065
v -9.35301727 -4.25151300 -1.83950472
v -5.97885841 -4.11401558 -1.93410539
v -6.04806655 -4.22617674 -1.92598390
v -6.08391899 -4.18436050 -1.93287706
v -6.01398223 -4.26571608 -1.90710497
v -5.73301643 -4.10971546 -1.92804765
v -5.85858291 -4.06961012 -1.93487978
v -5.73301643 -4.05480814 -1.93513536
v -5.73301643 -4.16171551 -1.90904665
v -5.86504310 -4.33224201 -1.68414354
v -5.92594474 -4.36574173 -1.73807954
v -5.93821472 -4.35230589 -1.79052400
v -5.92146438 -4.37001944 -1.68291521
v -5.73301643 -4.29431534 -1.74019670
v -5.80045074 -4.30839443 -1.68491792
v -5.73301643 -4.27622557 -1.79252290
v -5.73301643 -4.30044508 -1.68517351
v -5.89852088 -4.26878500 -1.85953569
v -5.98334449 -4.30102873 -1.87717104
v -5.95766776 -4.33037472 -1.83766222
v -5.81825393 -4.23901892 -1.86018037
v -5.73301643 -4.20825911 -1.87907076
v -5.73301643 -4.24706364 -1.83958101
v 19.92862279 -3.17908311 -1.60667848
v 19.65557534 -2.53700829 -0.66552400
v 19.84762818 -2.53700829 -1.61720705
v 20.48576171 -4.32923841 -1.58096361
v 20.31034524 -4.32923841 -0.62635469
v 20.14393527 -3.78316164 -1.59434175
v 16.12224985 -3.17617893 2.56176329
v 15.25856835 -3.17617893 2.64197493
v 15.25856835 -2.53700829 2.56116438
v 16.22403378 -2.53700829 2.45891524
v 16.16208130 -3.78304386 2.77436400
v 16.22500110 -4.32923841 3.11019469
v 15.25856835 -4.32923841 3.19994688
v 15.25856835 -3.78304386 2.85827208
v 16.95638973 -3.17617893 2.32387877
v 17.14666468 -2.53700829 2.15670729
v 17.17976696 -3.17617893 2.23042631
v 17.03469009 -3.78304386 2.52550459
v 17.15837759 -4.32923841 2.84400511
v 17.26836926 -3.78304386 2.42774153
v 18.02677232 -4.32923841 2.41048766
v 17.73245675 -3.17617893 1.93645048
v 17.98552662 -2.53700829 1.66794539
v 18.03333599 -3.17617893 1.73309279
v 17.84654791 -3.78304386 2.12021208
v 18.42390591 -3.17617893 1.41273451
v 18.70340211 -2.53700829 1.01431227
v 18.16130334 -3.78304386 1.90747404
v 18.80048257 -4.32923841 1.82446623
v 18.76379758 -3.17617893 1.06800413
v 18.56988556 -3.78304386 1.57234145
v 19.00708682 -3.17617893 0.77064467
v 19.26844126 -2.53700829 0.22481490
v 18.92545230 -3.78304386 1.21171141
v 19.45304400 -4.32923841 1.10598708
v 19.33874327 -3.17617893 0.26466322
v 19.17996151 -3.78304386 0.90064192
v 19.46205193 -3.17617893 0.03214217
v 19.52691323 -3.78304386 0.37132216
v 19.96213585 -4.32923841 0.27962447
v 19.65590912 -3.78304386 0.12807799
v 19.73266417 -3.17617893 -0.64128542
v 19.93900162 -3.78304386 -0.57640886
v 16.42017812 -5.40785980 4.86300230
v 15.25856835 -5.40785980 4.95994521
v 15.25856835 -5.34324884 4.69761610
v 22.24838740 -5.40785980 -1.54330110
v 22.06802899 -5.40785980 -0.39169359
v 21.85682923 -5.30193663 -1.54892778
v 16.32946998 -5.25514507 4.35325575
v 15.25856835 -5.25514507 4.44221449
v 15.25856835 -5.14427280 4.19584227
v 16.28881866 -5.14427280 4.11026335
v 16.35038549 -5.30211353 4.47827864
v 17.37101490 -5.25514507 4.08881712
v 17.29082662 -5.14427280 3.85586119
v 17.41227252 -5.30211353 4.20867491
v 17.54965097 -5.40785980 4.57485915
v 18.35465128 -5.25514507 3.65614653
v 18.23712427 -5.14427280 3.43961287
v 18.41512019 -5.30211353 3.76755476
v 18.61573917 -5.40785980 4.10348845
v 19.25341446 -5.25514507 3.06710387
v 19.10177070 -5.14427280 2.87293578
v 19.33143717 -5.30211353 3.16701079
v 19.58894831 -5.40785980 3.46192885
v 20.04266698 -5.25514507 2.33784438
v 19.86106307 -5.14427280 2.17135191
v 20.13610417 -5.30211353 2.42350340
v 20.44235379 -5.40785980 2.66793013
v 20.70077283 -5.25514507 1.48834944
v 20.49418742 -5.14427280 1.35410643
v 20.80706317 -5.30211353 1.55741835
v 21.15234572 -5.40785980 1.74346114
v 21.20969111 -5.25514507 0.54190779
v 20.98378712 -5.14427280 0.44359541
v 21.32592112 -5.30211353 0.59249449
v 21.69928128 -5.40785980 0.71409178
v 21.55547148 -5.25514507 -0.47552919
v 21.48303086 -5.14427280 -1.55551195
v 21.31644160 -5.14427280 -0.53522157
v 21.67845446 -5.30211353 -0.44481706
v 11.79751689 -2.67628860 2.56685591
v 11.76405889 -2.53700829 2.56116438
v 11.80998403 -2.81854582 2.57943678
v 11.81817204 -3.35619164 2.69089842
v 11.82597357 -3.86847043 2.90131712
v 11.83299071 -4.32923841 3.19994688
v 11.84540302 -5.14427280 4.19584227
v 11.84780652 -5.30209303 4.56891585
v 11.84941727 -5.40785980 4.95994521
v 11.84943396 -5.40894842 6.14118910
v 15.25856835 -5.40894842 6.14118910
v 15.25856835 -5.34490108 6.40340376
v 11.84783632 -5.30403805 6.53206587
v 15.25856835 -5.25739002 6.65874815
v 11.84544665 -5.14713287 6.90512419
v 15.25856835 -5.14713287 6.90512419
v 11.82604009 -3.87284350 8.20302916
v 11.83307892 -4.33502722 7.90212202
v 15.25856835 -4.33502722 7.90212202
v 15.25856835 -3.78746915 8.24622298
v 11.81820757 -3.35852242 8.41502714
v 15.25856835 -3.17857075 8.46409560
v 11.80998403 -2.81854582 8.52720213
v 15.25856835 -2.53700829 8.54547453
v 11.79751045 -2.67628860 8.53978300
v 11.76405889 -2.53700829 8.54547453
v 11.77575404 -5.40173864 6.13970518
v 11.75652153 -5.13674498 6.90178633
v 11.46773035 -4.94181108 6.43576765
v 11.46953088 -5.04496527 6.05632735
v 11.48156482 -5.13006830 6.07865477
v 11.47342354 -4.85358429 6.81732130
v 11.49566466 -4.92155886 6.83801985
v 11.46495158 -4.78261518 6.79531813
v 11.58194167 -5.23584032 6.38744688
v 11.51334697 -5.21018744 6.09829283
v 11.56291324 -5.28122663 6.11460066
v 11.62808472 -5.33910894 6.12703276
v 11.70523697 -5.38079500 6.13555861
v 11.58033282 -5.13918161 6.65994978
v 11.67301995 -5.10661840 6.89288283
v 11.59916765 -5.05890656 6.87888670
v 11.53911072 -4.99598694 6.86031294
v 11.68832976 -4.31786442 7.87879134
v 11.75910622 -4.33084345 7.89596892
v 11.44620711 -3.70875406 7.86345244
v 11.46479828 -4.16436100 7.67032576
v 11.49627024 -4.21261501 7.73784972
v 11.72554213 -2.81893754 8.51759672
v 11.64532405 -2.81718230 8.48958159
v 11.43970925 -2.79192924 8.23351622
v 11.43832356 -3.25710034 8.05069304
v 11.46789772 -2.80041718 8.31324339
v 11.43004185 -2.78264523 8.14959288
v 11.55855137 -3.83031631 8.10038328
v 11.54572040 -4.25605106 7.79700423
v 11.61095816 -4.29190063 7.84466124
v 11.55032045 -3.33566546 8.30589629
v 11.57334239 -2.81336761 8.44455672
v 11.51319725 -2.80768442 8.38478041
v 11.72554213 -2.81893754 2.58904600
v 11.64532405 -2.81718230 2.61706114
v 11.43828804 -3.25506687 3.05532027
v 11.43970925 -2.79192924 2.87312651
v 11.46789772 -2.80041718 2.79339934
v 11.43004185 -2.78264523 2.95704985
v 11.74447781 -4.32313299 3.20872450
v 11.66119463 -4.30462599 3.23323012
v 11.46133143 -4.15083170 3.44407225
v 11.44614059 -3.70494246 3.24117232
v 11.48352844 -4.19153881 3.38639403
v 11.45319301 -4.10897732 3.50498152
v 11.55028278 -3.33340144 2.80003691
v 11.57334239 -2.81336761 2.66208220
v 11.51319725 -2.80768442 2.72185850
v 11.55848176 -3.82613778 3.00403929
v 11.58735568 -4.27524710 3.27214003
v 11.52712828 -4.23668718 3.32403517
v 11.77099353 -5.13715410 4.19820357
v 11.76125342 -5.39748955 4.96206999
v 11.46769864 -4.93999815 4.66578245
v 11.46490270 -4.77981806 4.30612517
v 11.47653491 -4.86456060 4.27977705
v 11.46951467 -5.04403543 5.04550124
v 11.47809965 -5.11511755 5.02659941
v 11.58029372 -5.13683367 4.44101668
v 11.50760442 -4.94408083 4.25556898
v 11.55688936 -5.01515245 4.23429823
v 11.62252504 -5.07397270 4.21691466
v 11.70005495 -5.11613274 4.20449019
v 11.58191401 -5.23418093 4.71366072
v 11.67826134 -5.36763191 4.96808958
v 11.60459763 -5.32027578 4.97801543
v 11.54437715 -5.25760412 4.99188567
v 11.50059754 -5.18318653 5.00950194
v 11.45267254 -4.07915831 3.58038283
v 11.45235378 -4.06089592 3.65985823
v 11.46002180 -4.50018835 4.29106093
v 11.46183998 -4.60435772 4.30306197
v 11.46656376 -4.87498522 5.16142989
v 11.46797043 -4.95557165 5.09426833
v 11.46539051 -4.80776739 5.24463606
v 11.45823890 -4.39805746 4.25818205
v 11.46452648 -4.75826836 5.33945418
v 11.45633632 -4.28905821 4.19459868
v 11.46401245 -4.72881126 5.44013930
v 11.45477563 -4.19963551 4.10967207
v 11.46384746 -4.71936274 5.54070998
v 11.46384746 -4.71936274 5.56071043
v 11.45483691 -4.20314646 6.99275923
v 11.46401292 -4.72883987 5.66143370
v 11.45614297 -4.27797318 6.91888380
v 11.46452862 -4.75838947 5.76226759
v 11.45457155 -4.18794250 7.01082564
v 11.45771224 -4.36788225 6.85976363
v 11.46539528 -4.80804539 5.85721159
v 11.45335156 -4.11805725 7.11566878
v 11.45977623 -4.48612881 6.81465483
v 11.46657235 -4.87546921 5.94048262
v 11.45258195 -4.07395792 7.23557234
v 11.46798283 -4.95628357 6.00763655
v 11.46191603 -4.60871887 6.79835081
v 24.19689137 -5.14713287 -1.53209734
v 24.01698453 -5.14713287 -0.19065904
v 23.82312066 -5.30415726 -1.53213930
v 16.52814299 -5.34490108 6.30750227
v 16.48875326 -5.40894842 6.04826308
v 16.56650061 -5.25739002 6.55994749
v 16.60814375 -5.14713287 6.80282545
v 17.76890523 -5.34490108 6.02197600
v 17.69101984 -5.40894842 5.77159453
v 17.84474975 -5.25739002 6.26579619
v 17.92687852 -5.14713287 6.49826384
v 18.95269639 -5.34490108 5.55330229
v 18.83808285 -5.40894842 5.31746245
v 19.06430680 -5.25739002 5.78296233
v 19.18463713 -5.14713287 5.99840117
v 20.05265099 -5.34490108 4.91211653
v 19.90391022 -5.40894842 4.69617033
v 20.19749409 -5.25739002 5.12240553
v 20.35267645 -5.14713287 5.31465865
v 21.04380614 -5.34490108 4.11297560
v 20.86431367 -5.40894842 3.92182112
v 21.21859509 -5.25739002 4.29911757
v 21.40430504 -5.14713287 4.46266508
v 21.90366751 -5.34490108 3.17401076
v 21.69749743 -5.40894842 3.01198912
v 22.10443551 -5.25739002 3.33178282
v 22.31549079 -5.14713287 3.46188689
v 22.61272151 -5.34490108 2.11653090
v 22.38455207 -5.40894842 1.98731947
v 22.90988595 -5.40894842 0.87107039
v 22.83491189 -5.25739002 2.24235487
v 23.06541115 -5.14713287 2.33519316
v 23.15487582 -5.34490108 0.96453810
v 23.39344651 -5.25739002 1.05556059
v 23.63692910 -5.14713287 1.10832930
v 23.51782757 -5.34490108 -0.25582170
v 23.43164212 -5.40894842 -1.53334093
v 23.26157624 -5.40894842 -0.31142854
v 23.76736313 -5.25739002 -0.20167207
v 25.84107072 -2.53700829 -1.56433916
v 25.67266614 -2.53700829 -0.10644579
v 25.75943047 -3.17829847 -1.55456972
v 16.67612678 -3.78821826 8.14778853
v 16.62879151 -4.33502722 7.80732680
v 16.70617956 -3.17857075 8.36394453
v 16.72263152 -2.53700829 8.44381667
v 18.06667477 -3.78821826 7.85544157
v 17.97290618 -4.33502722 7.52474165
v 18.12620765 -3.17857075 8.06539870
v 18.15859586 -2.53700829 8.14080000
v 19.40371615 -3.78821826 7.37438917
v 19.26530081 -4.33502722 7.05975294
v 19.49159485 -3.17857075 7.57414961
v 19.53890235 -2.53700829 7.64223051
v 20.66177470 -3.78821826 6.71379805
v 20.48135001 -4.33502722 6.42122221
v 20.77632481 -3.17857075 6.89955473
v 20.83706004 -2.53700829 6.95768690
v 21.81687886 -3.78821826 5.88625670
v 21.59788329 -4.33502722 5.62131453
v 21.95591790 -3.17857075 6.05446959
v 22.02815396 -2.53700829 6.10029936
v 22.84701926 -3.78821826 4.90753508
v 22.59362513 -4.33502722 4.67526961
v 23.00789744 -3.17857075 5.05499602
v 23.08932406 -2.53700829 5.08652830
v 23.73256737 -3.78821826 3.79627562
v 23.44960267 -4.33502722 3.60111952
v 23.91221959 -3.17857075 3.92017699
v 24.00020558 -2.53700829 3.93582869
v 24.45664937 -3.78821826 2.57365752
v 24.14950520 -4.33502722 2.41932631
v 24.67999798 -4.33502722 1.15241194
v 24.65165192 -3.17857075 2.67163802
v 24.74331433 -2.53700829 2.67028380
v 25.00546795 -3.78821826 1.26297331
v 25.21210629 -3.17857075 1.33317137
v 25.30439145 -2.53700829 1.31418562
v 25.36856705 -3.78821826 -0.11079836
v 25.03097207 -4.33502722 -0.17548799
v 25.19574029 -4.33502722 -1.53906679
v 25.54038960 -3.78828502 -1.54596376
v 25.58290249 -3.17857075 -0.06972551
v 24.19658715 -5.14081478 -1.60798311
v 23.43165642 -5.39908791 -1.62228059
v 23.73436219 -4.93938398 -1.91969728
v 24.09404713 -4.77909660 -1.92249345
v 24.12069089 -4.86557674 -1.91028642
v 23.42750889 -5.36943245 -1.70619630
v 23.41910035 -5.32199717 -1.78079652
v 23.38933045 -5.18398523 -1.88629579
v 23.40631062 -5.25898027 -1.84185457
v 23.37244851 -5.11534643 -1.90915346
v 23.35349709 -5.04369164 -1.91787767
v 23.96032769 -5.13902426 -1.80401659
v 24.14480168 -4.94682550 -1.87791109
v 24.16538102 -5.01896906 -1.82712984
v 24.18140179 -5.07794714 -1.76004457
v 24.19207150 -5.12010241 -1.68059969
v 24.89325005 -4.11199856 -1.93413973
v 25.19669396 -3.63355231 -1.94249010
v 24.95569951 -4.15494156 -1.92557954
v 25.78852898 -2.86004877 -1.72334718
v 25.83494240 -2.53842020 -1.65165376
v 25.80899674 -2.53940558 -1.73525285
v 25.76461083 -2.53991151 -1.81070375
v 25.70414120 -2.53991151 -1.87400102
v 25.68797070 -2.95465112 -1.84753847
v 25.38961751 -3.09911656 -1.95181703
v 25.46152550 -2.53700829 -1.96163225
v 25.63079602 -2.53940558 -1.92178392
v 25.54846722 -2.53842020 -1.95151949
v 25.65656525 -3.15997076 -1.83379411
v 25.65982205 -3.37733936 -1.74352312
v 25.56637246 -3.45947242 -1.82890749
v 25.45045907 -3.52860880 -1.89356279
v 25.44360024 -3.74923658 -1.82423830
v 25.35248047 -3.93381214 -1.81398821
v 25.19003445 -4.33000612 -1.63018846
v 25.16761357 -4.31189919 -1.71653413
v 25.12976700 -4.28230906 -1.79348802
v 25.07789094 -4.24300480 -1.85649538
v 25.01463086 -4.19673109 -1.90224123
v 20.48896081 -3.63337851 -1.94249391
v 20.89137942 -4.07448721 -1.93479204
v 20.79246861 -4.11254072 -1.93412828
v 20.99511344 -4.05639839 -1.93510866
v 21.96174151 -4.94282246 -1.91963625
v 21.60174328 -4.78470039 -1.92239809
v 21.59877545 -4.60435772 -1.92554521
v 21.10030705 -4.05864000 -1.93507051
v 21.58204610 -4.48060656 -1.92770433
v 20.29771239 -3.10217190 -1.95176744
v 21.20327956 -4.08139753 -1.93467378
v 22.39223820 -4.95366192 -1.91944933
v 22.34132201 -5.04548454 -1.91784334
v 22.45942599 -4.87385178 -1.92084169
v 20.22590644 -2.53700829 -1.96163225
v 21.30018002 -4.12373972 -1.93393373
v 22.54056794 -4.80843019 -1.92198229
v 21.53766591 -4.36460972 -1.92972994
v 22.63302905 -4.75981188 -1.92283296
v 21.47992188 -4.27581406 -1.93127870
v 22.73338038 -4.72969103 -1.92335558
v 21.40546710 -4.19963551 -1.93261003
v 22.83811099 -4.71936274 -1.92353868
v 21.38739115 -4.18436050 -1.93287706
v 22.85813529 -4.71936274 -1.92353868
v 23.30242306 -4.95214796 -1.91947221
v 23.23501307 -4.87247324 -1.92086458
v 24.09714944 -4.60871887 -1.92546892
v 24.10983903 -4.50261784 -1.92731905
v 23.15385491 -4.80735540 -1.92200136
v 24.14294678 -4.40164804 -1.92908144
v 23.06185538 -4.75923443 -1.92284059
v 24.20575482 -4.29402447 -1.93096208
v 22.96225316 -4.72952175 -1.92335939
v 24.29201466 -4.20314646 -1.93254900
v 24.31010682 -4.18794250 -1.93281221
v 24.39532429 -4.12868261 -1.93384599
v 24.79547078 -4.07651472 -1.93475771
v 24.69318444 -4.06035662 -1.93503999
v 24.59001881 -4.06385040 -1.93497896
v 24.48964078 -4.08695507 -1.93457460
v 20.19262654 -0.44999999 -1.99805879
v 25.49958569 -0.44999999 -1.99805879
v 20.51626021 -4.30980968 -1.71727419
v 20.49610907 -4.32352352 -1.65098238
v 20.72312123 -4.16082478 -1.92363023
v 20.65819842 -4.20706129 -1.89487886
v 20.25944096 -3.74444175 -1.84114885
v 20.60038859 -4.24889469 -1.84944200
v 20.55239350 -4.28387499 -1.78915453
v 20.10487706 -3.35811353 -1.84835481
v 20.04884774 -3.15737414 -1.85195970
v 20.00773484 -2.95419073 -1.85555315
v 19.86771065 -2.53827929 -1.70830965
v 19.90938670 -2.53907394 -1.79178285
v 19.97014433 -2.53934431 -1.86258745
v 20.04632050 -2.53907394 -1.91646242
v 20.13332278 -2.53827929 -1.95015382
v 22.25189025 -5.40014744 -1.61620760
v 21.48956114 -5.13261318 -1.64189958
v 21.50105578 -5.10211754 -1.72262621
v 22.31907326 -5.12982273 -1.90602541
v 21.55954558 -4.92027569 -1.89303255
v 21.53674323 -4.99304485 -1.85142564
v 21.58018786 -4.85393667 -1.91429567
v 22.01190573 -5.23414946 -1.80828523
v 22.29908282 -5.20920753 -1.87480592
v 22.28194481 -5.27967834 -1.82605791
v 22.26817185 -5.33726835 -1.76189088
v 22.25784117 -5.37895393 -1.68583727
v 21.51697356 -5.05483675 -1.79375505
v 10.64721638 -2.60909390 8.64296675
v 10.64932543 -2.53700829 8.72919035
v 10.64932543 -2.53700829 12.68833113
v 10.64422661 -2.66709065 8.54724837
v 10.63964182 -2.73089266 8.37608672
v 10.56910521 -3.17370152 12.67863417
v 10.63747555 -2.75551510 8.17410994
v 10.64932543 -2.53700829 -1.58168840
v 10.64932543 -2.53700829 2.37744856
v 10.64585978 -2.63828301 2.50787688
v 10.64137227 -2.70872211 2.65659285
v 10.63855368 -2.74377227 2.79225493
v 10.56910521 -3.17370152 -1.57199144
v 10.63747555 -2.75551510 2.93253279
v 10.35110861 -3.78533578 -1.56267595
v 10.35110861 -3.78533578 12.66931868
v 10.01054532 -4.32923841 12.66103316
v 10.01054532 -4.32923841 -1.55439424
v 8.64157492 -5.30209303 -1.53957796
v 9.01464659 -5.14427280 -1.54198122
v 9.01464659 -5.14427280 12.64862395
v 8.64157492 -5.30209303 12.64622069
v 8.25054652 -5.40785980 12.64460707
v 8.25054652 -5.40785980 -1.53796816
v 7.06930215 -5.40894842 -1.53794908
v 7.06930215 -5.40894842 12.64459181
v 6.67842347 -5.30403805 12.64619017
v 6.67842347 -5.30403805 -1.53954744
v 6.30536515 -5.14713287 12.64857817
v 6.30536515 -5.14713287 -1.54193926
v 4.96539456 -3.78978562 -1.56261110
v 5.30836827 -4.33502722 -1.55430650
v 5.30836827 -4.33502722 12.66094542
v 4.96539456 -3.78978562 12.66925001
v 4.67578751 -2.74377227 8.31438780
v 4.74579865 -3.17606521 12.67859602
v 4.66501576 -2.53700829 12.68833113
v 4.67686516 -2.75551510 8.17410994
v 4.67296845 -2.70872211 8.45004607
v 4.66848141 -2.63828301 8.59876204
v 4.66501576 -2.53700829 8.72919035
v 4.74579865 -3.17606521 -1.57195711
v 4.67686516 -2.75551510 2.93253279
v 4.67469937 -2.73089266 2.73055601
v 4.66501576 -2.53700829 -1.58168840
v 4.67011410 -2.66709065 2.55939436
v 4.66712433 -2.60909390 2.46367598
v 4.66501576 -2.53700829 2.37744856
v 5.31014306 -3.63639784 -1.94244051
v 6.77472169 -4.94181108 -1.91965532
v 6.41517312 -4.78261518 -1.92243242
v 6.41213757 -4.60871887 -1.92546892
v 5.97491795 -4.07395792 -1.93480348
v 6.39583451 -4.48612881 -1.92760896
v 5.11624772 -3.09795642 -1.95183992
v 6.09482247 -4.11805725 -1.93403291
v 7.20285279 -4.95628357 -1.91940355
v 7.15416485 -5.04496527 -1.91785478
v 7.27000910 -4.87546921 -1.92081117
v 5.04495770 -2.53700829 -1.96163225
v 6.19966466 -4.18794250 -1.93281221
v 7.35327870 -4.80804539 -1.92198991
v 6.35072762 -4.36788225 -1.92967271
v 7.44822127 -4.75838947 -1.92285585
v 6.29160554 -4.27797318 -1.93124056
v 7.54905612 -4.72883987 -1.92337083
v 6.21773106 -4.20314646 -1.93254900
v 7.64977938 -4.71936274 -1.92353868
v 8.54470927 -4.93999815 -1.91968584
v 8.16499049 -5.04403543 -1.91787004
v 8.11622197 -4.95557165 -1.91941499
v 8.04905993 -4.87498522 -1.92082262
v 8.90742833 -4.60435772 -1.92554521
v 8.90436560 -4.77981806 -1.92248201
v 8.91942889 -4.50018835 -1.92736482
v 7.96585614 -4.80776739 -1.92199373
v 8.95230776 -4.39805746 -1.92914629
v 7.87103612 -4.75826836 -1.92285967
v 9.01589018 -4.28905821 -1.93104982
v 7.77035243 -4.72881126 -1.92337083
v 9.10081679 -4.19963551 -1.93261003
v 7.66977936 -4.71936274 -1.92353868
v 10.00609643 -3.63251877 -1.94250917
v 9.70550830 -4.10897732 -1.93419313
v 9.63010747 -4.07915831 -1.93471193
v 9.55063397 -4.06089592 -1.93503236
v 10.19858653 -3.09589434 -1.95187425
v 10.26938349 -2.53700829 -1.96163225
v 5.00852830 -0.44999999 -1.99805879
v 10.30581195 -0.44999999 -1.99805879
v 7.07078416 -5.40173864 -1.61162996
v 6.30870301 -5.13674498 -1.63086366
v 7.13183743 -5.13006830 -1.90581941
v 6.39316994 -4.85358429 -1.91395998
v 6.37247235 -4.92155886 -1.89172029
v 6.82304246 -5.23584032 -1.80544328
v 7.11219937 -5.21018744 -1.87403917
v 7.09589059 -5.28122663 -1.82447099
v 7.08345753 -5.33910894 -1.75930071
v 7.07493359 -5.38079500 -1.68214845
v 6.55053860 -5.13918161 -1.80705309
v 6.31760842 -5.10661840 -1.71436357
v 6.33160454 -5.05890656 -1.78821611
v 6.35017640 -4.99598694 -1.84827470
v 5.33170086 -4.31786442 -1.69905519
v 5.31452328 -4.33084345 -1.62827730
v 5.54016453 -4.16436100 -1.92258501
v 5.47264058 -4.21261501 -1.89111375
v 4.67456395 -2.53831697 -1.66621828
v 4.70267731 -2.53922772 -1.74651003
v 4.96042878 -2.53831697 -1.95208406
v 4.88013703 -2.53922772 -1.92396974
v 5.06917340 -3.74940300 -1.83018160
v 5.41348607 -4.25605106 -1.84166383
v 5.36582905 -4.29190063 -1.77642488
v 4.85685879 -3.16127682 -1.83996629
v 4.80810601 -2.53969479 -1.87869692
v 4.74794823 -2.53969479 -1.81853914
v 10.61166340 -2.53922772 -1.74651003
v 10.63977725 -2.53831697 -1.66621828
v 10.35391242 -2.53831697 -1.95208406
v 10.43420416 -2.53922772 -1.92396974
v 10.00176579 -4.32313299 -1.64290666
v 9.97726065 -4.30462599 -1.72618913
v 9.76641947 -4.15083170 -1.92605257
v 9.82409722 -4.19153881 -1.90385484
v 10.45804793 -3.15897083 -1.84000444
v 10.50623471 -2.53969479 -1.87869692
v 10.56639296 -2.53969479 -1.81853914
v 10.24725205 -3.74515939 -1.83025026
v 9.93834979 -4.27524710 -1.80003023
v 9.88645655 -4.23668718 -1.86025667
v 9.01228530 -5.13715410 -1.61639070
v 8.24841982 -5.39748955 -1.62612962
v 8.93071229 -4.86456060 -1.91085100
v 8.18389136 -5.11511755 -1.90928697
v 8.76947600 -5.13683367 -1.80709123
v 8.95492322 -4.94408083 -1.87978029
v 8.97619397 -5.01515245 -1.83049440
v 8.99357468 -5.07397270 -1.76485872
v 9.00600249 -5.11613274 -1.68732881
v 8.49682862 -5.23418093 -1.80546999
v 8.24240166 -5.36763191 -1.70912218
v 8.23247630 -5.32027578 -1.78278780
v 8.21860320 -5.25760412 -1.84300661
v 8.20098693 -5.18318653 -1.88678789
v 5.70724351 -4.07840872 13.04136610
v 5.31014306 -3.63639784 13.04908324
v 5.61284405 -4.11401415 13.04074431
v 5.81049878 -4.06068850 13.04167509
v 5.91727597 -4.06349277 13.04162550
v 5.11624772 -3.09795642 13.05847884
v 6.02141244 -4.08725977 13.04121352
v 5.04495770 -2.53700829 13.06827116
v 6.11704594 -4.13003635 13.04046583
v 10.30581195 -0.44999999 13.10470152
v 5.00852830 -0.44999999 13.10470152
v 6.77472169 -4.94181108 13.02629423
v 6.40007550 -4.50426292 13.03393126
v 6.41213757 -4.60871887 13.03210783
v 6.41517312 -4.78261518 13.02907515
v 7.27000910 -4.87546921 13.02745390
v 7.20285279 -4.95628357 13.02604246
v 7.35327870 -4.80804539 13.02862883
v 6.36701542 -4.40186167 13.03572035
v 7.15416485 -5.04496527 13.02449370
v 7.44822127 -4.75838947 13.02949858
v 6.30308587 -4.29263687 13.03762770
v 7.54905612 -4.72883987 13.03001356
v 6.21773106 -4.20314646 13.03918791
v 7.64977938 -4.71936274 13.03017760
v 6.19966466 -4.18794250 13.03945494
v 10.26938349 -2.53700829 13.06827116
v 9.10081679 -4.19963551 13.03924895
v 7.66977936 -4.71936274 13.03017760
v 7.77035243 -4.72881126 13.03001356
v 9.02731043 -4.27441502 13.03794432
v 7.87103612 -4.75826836 13.02949858
v 9.11887652 -4.18436050 13.03951598
v 9.20135171 -4.12625027 13.04053068
v 8.96850592 -4.36415815 13.03638029
v 7.96585614 -4.80776739 13.02863646
v 9.29687792 -4.08323717 13.04128218
v 10.19858653 -3.09589434 13.05851698
v 8.92364699 -4.48210382 13.03432036
v 8.04905993 -4.87498522 13.02746153
v 9.40095431 -4.05921221 13.04170180
v 8.54470927 -4.93999815 13.02632857
v 8.11622197 -4.95557165 13.02605391
v 8.16499049 -5.04403543 13.02451277
v 8.90742833 -4.60435772 13.03218413
v 10.00609643 -3.63251877 13.04914809
v 9.50772339 -4.05614328 13.04175520
v 8.90436560 -4.77981806 13.02912474
v 9.61102110 -4.07360697 13.04145003
v 9.70550830 -4.10897732 13.04083205
v 6.30771691 -5.14001179 12.72298003
v 7.07140786 -5.39857435 12.73275709
v 6.38893658 -4.86738396 13.01743651
v 7.13539845 -5.11608219 13.01591063
v 6.55053860 -5.13918161 12.91369200
v 6.36482674 -4.94692945 12.98635817
v 6.34364754 -5.01801205 12.93706847
v 6.32634503 -5.07682705 12.87144423
v 6.31397301 -5.11898756 12.79391814
v 6.82304246 -5.23584032 12.91208601
v 7.07736737 -5.36870527 12.81574583
v 7.08720261 -5.32133055 12.88941145
v 7.10095650 -5.25863314 12.94963026
v 7.11843163 -5.18418264 12.99341154
v 4.70267731 -2.53922772 12.85314894
v 4.67456395 -2.53831697 12.77285719
v 4.96042878 -2.53831697 13.05872298
v 4.88013703 -2.53922772 13.03060866
v 5.31713158 -4.32889938 12.74945784
v 5.34158856 -4.31033182 12.83274031
v 5.55203873 -4.15601826 13.03260374
v 5.49446351 -4.19686699 13.01040602
v 4.85685879 -3.16127682 12.94660521
v 4.80810601 -2.53969479 12.98533964
v 4.74794823 -2.53969479 12.92518187
v 5.06917340 -3.74940300 12.93682051
v 5.38042409 -4.28085661 12.90657759
v 5.43221909 -4.24216890 12.96680403
v 9.98716790 -4.31213427 12.80578566
v 10.00437886 -4.32507038 12.73500777
v 9.77831465 -4.15914536 13.02931929
v 9.84596068 -4.20723295 12.99784804
v 10.63977725 -2.53831697 12.77285719
v 10.61166340 -2.53922772 12.85314894
v 10.35391242 -2.53831697 13.05872298
v 10.43420416 -2.53922772 13.03060866
v 10.24725205 -3.74515939 12.93689299
v 9.90522534 -4.25052309 12.94839812
v 9.95297343 -4.28625488 12.88315916
v 10.45804793 -3.15897083 12.94664717
v 10.50623471 -2.53969479 12.98533964
v 10.56639296 -2.53969479 12.92518187
v 8.24904973 -5.40065289 12.71828795
v 9.01129395 -5.13388586 12.73755598
v 8.18747813 -5.12909698 13.01247740
v 8.92646128 -4.85076666 13.02065230
v 8.94724709 -4.91872263 12.99841643
v 8.49682862 -5.23418093 12.91211272
v 8.20726830 -5.20917940 12.98069716
v 8.22371203 -5.28018856 12.93112898
v 8.23625476 -5.33804703 12.86595869
v 8.24485928 -5.37971687 12.78880644
v 8.76947600 -5.13683367 12.91373015
v 9.00234944 -5.10375929 12.82106352
v 8.98829085 -5.05604839 12.89491988
v 8.96963793 -4.99313498 12.95497465
v -9.49555152 -4.07840872 1.75783110
v -9.85575813 -3.70875406 1.76428175
v -9.58995193 -4.11401415 1.75720930
v -9.39229720 -4.06068850 1.75814009
v -9.28552001 -4.06349277 1.75809050
v -10.04299873 -3.25710034 1.77216673
v -9.18138259 -4.08725977 1.75767851
v -10.14189666 -2.78264523 1.78044844
v -9.08575004 -4.13003635 1.75693083
v -8.42807525 -4.94181108 1.74275923
v -8.80272048 -4.50426292 1.75039625
v -8.79065841 -4.60871887 1.74857283
v -8.78762191 -4.78261518 1.74554015
v -7.93278640 -4.87546921 1.74391890
v -7.99994224 -4.95628357 1.74250746
v -7.84951728 -4.80804539 1.74509383
v -8.83578056 -4.40186167 1.75218535
v -8.04863113 -5.04496527 1.74095869
v -7.75457519 -4.75838947 1.74596358
v -8.89970916 -4.29263687 1.75409270
v -7.65373939 -4.72883987 1.74647856
v -8.98506492 -4.20314646 1.75565291
v -7.55301612 -4.71936274 1.74664259
v -9.00313133 -4.18794250 1.75591994
v -6.10197967 -4.19963551 1.75571394
v -7.53301566 -4.71936274 1.74664259
v -7.43244308 -4.72881126 1.74647856
v -6.17548507 -4.27441502 1.75440932
v -7.33175987 -4.75826836 1.74596358
v -6.08391899 -4.18436050 1.75598097
v -6.00144332 -4.12625027 1.75699568
v -4.94935363 -2.78264523 1.78044844
v -6.23429054 -4.36415815 1.75284148
v -7.23693984 -4.80776739 1.74510146
v -5.90591758 -4.08323717 1.75774718
v -6.27914947 -4.48210382 1.75078535
v -7.15373557 -4.87498522 1.74392653
v -5.04762596 -3.25506687 1.77220106
v -5.80184120 -4.05921221 1.75816679
v -6.65808624 -4.93999815 1.74279356
v -7.08657401 -4.95557165 1.74251891
v -7.03780502 -5.04403543 1.74097777
v -6.29536765 -4.60435772 1.74864912
v -5.23347801 -3.70494246 1.76435042
v -5.69507163 -4.05614328 1.75822020
v -6.29843086 -4.77981806 1.74558974
v -5.59177535 -4.07360697 1.75791502
v -5.49728721 -4.10897732 1.75729704
v -9.89265388 -3.63639784 -1.94244051
v -8.42807525 -4.94181108 -1.91965532
v -8.78762191 -4.78261518 -1.92243242
v -8.79065841 -4.60871887 -1.92546892
v -9.22787803 -4.07395792 -1.93480348
v -8.80696052 -4.48612881 -1.92760896
v -10.08654731 -3.09795642 -1.95183992
v -9.10797256 -4.11805725 -1.93403291
v -7.99994224 -4.95628357 -1.91940355
v -8.04863113 -5.04496527 -1.91785478
v -7.93278640 -4.87546921 -1.92081117
v -10.15783828 -2.53700829 -1.96163225
v -9.00313133 -4.18794250 -1.93281221
v -7.84951728 -4.80804539 -1.92198991
v -8.85206741 -4.36788225 -1.92967271
v -7.75457519 -4.75838947 -1.92285585
v -8.91118949 -4.27797318 -1.93124056
v -7.65373939 -4.72883987 -1.92337083
v -8.98506492 -4.20314646 -1.93254900
v -7.55301612 -4.71936274 -1.92353868
v -6.65808624 -4.93999815 -1.91968584
v -7.03780502 -5.04403543 -1.91787004
v -7.08657401 -4.95557165 -1.91941499
v -7.15373557 -4.87498522 -1.92082262
v -6.29536765 -4.60435772 -1.92554521
v -6.29843086 -4.77981806 -1.92248201
v -6.28336662 -4.50018835 -1.92736482
v -7.23693984 -4.80776739 -1.92199373
v -6.25048774 -4.39805746 -1.92914629
v -7.33175987 -4.75826836 -1.92285967
v -6.18690627 -4.28905821 -1.93104982
v -7.43244308 -4.72881126 -1.92337083
v -6.10197967 -4.19963551 -1.93261003
v -7.53301566 -4.71936274 -1.92353868
v -5.19669860 -3.63251877 -1.94250917
v -5.49728721 -4.10897732 -1.93419313
v -5.57268852 -4.07915831 -1.93471193
v -5.65216201 -4.06089592 -1.93503236
v -5.00420898 -3.09589434 -1.95187425
v -4.93341201 -2.53700829 -1.96163225
v -10.19426673 -0.44999999 -1.99805879
v -4.89698356 -0.44999999 -1.99805879
v -9.89442771 -4.33502722 -1.55430650
v -9.89442771 -4.33502722 1.37741042
v -10.19533294 -3.87284350 1.38445235
v -10.23740142 -3.78978562 -1.56261110
v -10.40733283 -3.35852242 1.39228392
v -10.45699829 -3.17606521 -1.57195711
v -10.51950782 -2.81854582 1.40050841
v -10.53778022 -2.53700829 -1.58168840
v -10.53209060 -2.67628860 1.41297484
v -10.53778022 -2.53700829 1.44643355
v -8.52437156 -5.30403805 -1.53954744
v -8.13349479 -5.40894842 -1.53794908
v -8.13349479 -5.40894842 1.36105681
v -8.52437156 -5.30403805 1.36265517
v -8.89742988 -5.14713287 1.36504317
v -8.89742988 -5.14713287 -1.54193926
v -9.87109512 -4.31786442 -1.69905519
v -9.88827270 -4.33084345 -1.62827730
v -9.66263145 -4.16436100 -1.92258501
v -9.73015540 -4.21261501 -1.89111375
v -10.52823203 -2.53831697 -1.66621828
v -10.50011772 -2.53922772 -1.74651003
v -10.24236625 -2.53831697 -1.95208406
v -10.32265991 -2.53922772 -1.92396974
v -10.13362258 -3.74940300 -1.83018160
v -9.78930992 -4.25605106 -1.84166383
v -9.83696693 -4.29190063 -1.77642488
v -10.34593719 -3.16127682 -1.83996629
v -10.45484680 -2.53969479 -1.81853914
v -10.39468902 -2.53969479 -1.87869692
v -8.13201278 -5.40173864 -1.61162996
v -8.89409202 -5.13674498 -1.63086366
v -8.07095855 -5.13006830 -1.90581941
v -8.80962509 -4.85358429 -1.91395998
v -8.83032363 -4.92155886 -1.89172029
v -8.37975448 -5.23584032 -1.80544328
v -8.09059661 -5.21018744 -1.87403917
v -8.10690635 -5.28122663 -1.82447099
v -8.11933845 -5.33910894 -1.75930071
v -8.12786239 -5.38079500 -1.68214845
v -8.65225738 -5.13918161 -1.80705309
v -8.88518661 -5.10661840 -1.71436357
v -8.87119048 -5.05890656 -1.78821611
v -8.85261863 -4.99598694 -1.84827470
v -6.56122154 -5.30209303 -1.53957796
v -6.19051116 -5.13715410 -1.61639070
v -6.18814987 -5.14427280 -1.54198122
v -6.95437568 -5.39748955 -1.62612962
v -6.95224899 -5.40785980 -1.53796816
v -6.27208465 -4.86456060 -1.91085100
v -7.01890510 -5.11511755 -1.90928697
v -6.43332046 -5.13683367 -1.80709123
v -6.24787277 -4.94408083 -1.87978029
v -6.22660201 -5.01515245 -1.83049440
v -6.20922035 -5.07397270 -1.76485872
v -6.19679397 -5.11613274 -1.68732881
v -6.70596641 -5.23418093 -1.80546999
v -6.96039337 -5.36763191 -1.70912218
v -6.97031921 -5.32027578 -1.78278780
v -6.98419326 -5.25760412 -1.84300661
v -7.00180953 -5.18318653 -1.88678789
v -4.63369125 -3.17370152 -1.57199144
v -4.56301826 -2.53831697 -1.66621828
v -4.55347007 -2.53700829 -1.58168840
v -4.59113258 -2.53922772 -1.74651003
v -4.84888404 -2.53831697 -1.95208406
v -4.76859229 -2.53922772 -1.92396974
v -5.20103019 -4.32313299 -1.64290666
v -4.85168785 -3.78533578 -1.56267595
v -5.19225067 -4.32923841 -1.55439424
v -5.22553581 -4.30462599 -1.72618913
v -5.43637603 -4.15083170 -1.92605257
v -5.37869781 -4.19153881 -1.90385484
v -4.74474853 -3.15897083 -1.84000444
v -4.63640350 -2.53969479 -1.81853914
v -4.69656127 -2.53969479 -1.87869692
v -4.95554298 -3.74515939 -1.83025026
v -5.26444572 -4.27524710 -1.80003023
v -5.31633895 -4.23668718 -1.86025667
v -6.18814987 -5.14427280 1.36508894
v -6.56122154 -5.30209303 1.36268568
v -6.95224899 -5.40785980 1.36107207
v -4.55347007 -2.53700829 1.44643355
v -4.55916351 -2.67628860 1.41297865
v -4.57174247 -2.81854582 1.40050841
v -4.68320411 -3.35619164 1.39231825
v -4.89362090 -3.86847043 1.38451720
v -5.19225067 -4.32923841 1.37749815
v -6.95374626 -5.40065289 1.43475294
v -6.19150108 -5.13388586 1.45402098
v -7.01531738 -5.12909698 1.72894240
v -6.27633422 -4.85076666 1.73711729
v -6.25554794 -4.91872263 1.71488142
v -6.70596641 -5.23418093 1.62857771
v -6.99552673 -5.20917940 1.69716215
v -6.97908347 -5.28018856 1.64759398
v -6.96654075 -5.33804703 1.58242369
v -6.95793670 -5.37971687 1.50527144
v -6.43332046 -5.13683367 1.63019514
v -6.20044654 -5.10375929 1.53752852
v -6.21450561 -5.05604839 1.61138487
v -6.23315757 -4.99313498 1.67143965
v -5.21562713 -4.31213427 1.52225066
v -5.19841712 -4.32507038 1.45147276
v -5.42448181 -4.15914536 1.74578429
v -5.35683578 -4.20723295 1.71431303
v -4.58134979 -2.81893754 1.48494673
v -4.60936492 -2.81718230 1.56516600
v -4.86543029 -2.79192924 1.77078200
v -4.78570312 -2.80041718 1.74259138
v -4.99634498 -3.82613778 1.65200758
v -5.29757064 -4.25052309 1.66486311
v -5.24982208 -4.28625488 1.59962416
v -4.79234069 -3.33340144 1.66020918
v -4.65438789 -2.81336761 1.63714934
v -4.71416419 -2.80768442 1.69729185
v -10.50990051 -2.81893754 1.48494673
v -10.48188537 -2.81718230 1.56516600
v -10.22582000 -2.79192924 1.77078200
v -10.30554717 -2.80041718 1.74259138
v -9.88566345 -4.32889938 1.46592284
v -9.86120742 -4.31033182 1.54920531
v -9.65075820 -4.15601826 1.74906874
v -9.70833152 -4.19686699 1.72687102
v -10.29820197 -3.33566546 1.66017104
v -10.43686241 -2.81336761 1.63714934
v -10.37708801 -2.80768442 1.69729185
v -10.09268897 -3.83031631 1.65193892
v -9.82237190 -4.28085661 1.62304259
v -9.77057594 -4.24216890 1.68326903
v -8.89507812 -5.14001179 1.43944502
v -8.13138908 -5.39857435 1.44922209
v -8.81385940 -4.86738396 1.73390150
v -8.06739753 -5.11608219 1.73237563
v -8.65225738 -5.13918161 1.63015700
v -8.83797019 -4.94692945 1.70282317
v -8.85914939 -5.01801205 1.65353346
v -8.87645095 -5.07682705 1.58790922
v -8.88882392 -5.11898756 1.51038313
v -8.37975448 -5.23584032 1.62854719
v -8.12542861 -5.36870527 1.53221083
v -8.11559432 -5.32133055 1.60587645
v -8.10184043 -5.25863314 1.66609526
v -8.08436530 -5.18418264 1.70987654
v -9.85575813 -3.70875406 9.34235716
v -8.42807525 -4.94181108 9.36387968
v -8.78762191 -4.78261518 9.36110258
v -8.79065841 -4.60871887 9.35806609
v -9.22787803 -4.07395792 9.34873152
v -10.04299873 -3.25710034 9.33447218
v -8.80696052 -4.48612881 9.35592604
v -7.99994224 -4.95628357 9.36413145
v -8.04863113 -5.04496527 9.36568022
v -10.14189666 -2.78264523 9.32619047
v -9.10797256 -4.11805725 9.34950209
v -7.93278640 -4.87546921 9.36272383
v -7.84951728 -4.80804539 9.36154509
v -8.85206741 -4.36788225 9.35386229
v -7.75457519 -4.75838947 9.36067915
v -8.91118949 -4.27797318 9.35229445
v -7.65373939 -4.72883987 9.36016417
v -8.98506492 -4.20314646 9.35098601
v -7.55301612 -4.71936274 9.35999632
v -9.00313133 -4.18794250 9.35072279
v -6.65808624 -4.93999815 9.36384917
v -7.03780502 -5.04403543 9.36566496
v -7.08657401 -4.95557165 9.36412001
v -7.15373557 -4.87498522 9.36271239
v -6.29536765 -4.60435772 9.35798979
v -6.29843086 -4.77981806 9.36105299
v -6.28336662 -4.50018835 9.35617018
v -7.23693984 -4.80776739 9.36154127
v -6.25048774 -4.39805746 9.35438872
v -7.33175987 -4.75826836 9.36067534
v -6.18690627 -4.28905821 9.35248518
v -7.43244308 -4.72881126 9.36016035
v -6.10197967 -4.19963551 9.35092497
v -7.53301566 -4.71936274 9.35999632
v -5.23347801 -3.70494246 9.34229231
v -5.49728721 -4.10897732 9.34934187
v -5.57268852 -4.07915831 9.34882307
v -5.65216201 -4.06089592 9.34850264
v -5.04762596 -3.25506687 9.33443785
v -4.94935363 -2.78264523 9.32619047
v -9.49555152 -4.07840872 13.04136610
v -9.89265388 -3.63639784 13.04908324
v -9.58995193 -4.11401415 13.04074431
v -9.39229720 -4.06068850 13.04167509
v -9.28552001 -4.06349277 13.04162550
v -10.08654731 -3.09795642 13.05847884
v -9.18138259 -4.08725977 13.04121352
v -10.15783828 -2.53700829 13.06827116
v -9.08575004 -4.13003635 13.04046583
v -4.89698356 -0.44999999 13.10470152
v -10.19426673 -0.44999999 13.10470152
v -8.42807525 -4.94181108 13.02629423
v -8.80272048 -4.50426292 13.03393126
v -8.79065841 -4.60871887 13.03210783
v -8.78762191 -4.78261518 13.02907515
v -7.93278640 -4.87546921 13.02745390
v -7.99994224 -4.95628357 13.02604246
v -7.84951728 -4.80804539 13.02862883
v -8.83578056 -4.40186167 13.03572035
v -8.04863113 -5.04496527 13.02449370
v -7.75457519 -4.75838947 13.02949858
v -8.89970916 -4.29263687 13.03762770
v -7.65373939 -4.72883987 13.03001356
v -8.98506492 -4.20314646 13.03918791
v -7.55301612 -4.71936274 13.03017760
v -9.00313133 -4.18794250 13.03945494
v -4.93341201 -2.53700829 13.06827116
v -6.10197967 -4.19963551 13.03924895
v -7.53301566 -4.71936274 13.03017760
v -7.43244308 -4.72881126 13.03001356
v -6.17548507 -4.27441502 13.03794432
v -7.33175987 -4.75826836 13.02949858
v -6.08391899 -4.18436050 13.03951598
v -6.00144332 -4.12625027 13.04053068
v -6.23429054 -4.36415815 13.03638029
v -7.23693984 -4.80776739 13.02863646
v -5.90591758 -4.08323717 13.04128218
v -5.00420898 -3.09589434 13.05851698
v -6.27914947 -4.48210382 13.03432036
v -7.15373557 -4.87498522 13.02746153
v -5.80184120 -4.05921221 13.04170180
v -6.65808624 -4.93999815 13.02632857
v -7.08657401 -4.95557165 13.02605391
v -7.03780502 -5.04403543 13.02451277
v -6.29536765 -4.60435772 13.03218413
v -5.19669860 -3.63251877 13.04914809
v -5.69507163 -4.05614328 13.04175520
v -6.29843086 -4.77981806 13.02912474
v -5.59177535 -4.07360697 13.04145003
v -5.49728721 -4.10897732 13.04083205
v -8.52437156 -5.30403805 12.64619017
v -8.89507812 -5.14001179 12.72298003
v -8.89742988 -5.14713287 12.64857817
v -8.13138908 -5.39857435 12.73275709
v -8.13349479 -5.40894842 12.64459181
v -8.81385940 -4.86738396 13.01743651
v -8.06739753 -5.11608219 13.01591063
v -8.65225738 -5.13918161 12.91369200
v -8.83797019 -4.94692945 12.98635817
v -8.85914939 -5.01801205 12.93706847
v -8.87645095 -5.07682705 12.87144423
v -8.88882392 -5.11898756 12.79391814
v -8.37975448 -5.23584032 12.91208601
v -8.12542861 -5.36870527 12.81574583
v -8.11559432 -5.32133055 12.88941145
v -8.10184043 -5.25863314 12.94963026
v -8.08436530 -5.18418264 12.99341154
v -10.45699829 -3.17606521 12.67859602
v -10.52823203 -2.53831697 12.77285719
v -10.53778022 -2.53700829 12.68833113
v -10.50011772 -2.53922772 12.85314894
v -10.24236625 -2.53831697 13.05872298
v -10.32265991 -2.53922772 13.03060866
v -9.88566345 -4.32889938 12.74945784
v -10.23740142 -3.78978562 12.66925001
v -9.89442771 -4.33502722 12.66094542
v -9.86120742 -4.31033182 12.83274031
v -9.65075820 -4.15601826 13.03260374
v -9.70833152 -4.19686699 13.01040602
v -10.34593719 -3.16127682 12.94660521
v -10.45484680 -2.53969479 12.92518187
v -10.39468902 -2.53969479 12.98533964
v -10.13362258 -3.74940300 12.93682051
v -9.82237190 -4.28085661 12.90657759
v -9.77057594 -4.24216890 12.96680403
v -8.13349479 -5.40894842 9.74558211
v -8.52437156 -5.30403805 9.74398756
v -8.89742988 -5.14713287 9.74159575
v -10.19533294 -3.87284350 9.72219038
v -9.89442771 -4.33502722 9.72922850
v -10.40733283 -3.35852242 9.71435881
v -10.51950782 -2.81854582 9.70613432
v -10.53208869 -2.67628860 9.69366026
v -10.53778022 -2.53700829 9.66020918
v -4.85168785 -3.78533578 12.66931868
v -5.21562713 -4.31213427 12.80578566
v -5.19841712 -4.32507038 12.73500777
v -5.19225067 -4.32923841 12.66103316
v -5.42448181 -4.15914536 13.02931929
v -5.35683578 -4.20723295 12.99784804
v -4.56301826 -2.53831697 12.77285719
v -4.63369125 -3.17370152 12.67863417
v -4.55347007 -2.53700829 12.68833113
v -4.59113258 -2.53922772 12.85314894
v -4.84888404 -2.53831697 13.05872298
v -4.76859229 -2.53922772 13.03060866
v -4.95554298 -3.74515939 12.93689299
v -5.29757064 -4.25052309 12.94839812
v -5.24982208 -4.28625488 12.88315916
v -4.74474853 -3.15897083 12.94664717
v -4.63640350 -2.53969479 12.92518187
v -4.69656127 -2.53969479 12.98533964
v -6.56122154 -5.30209303 12.64622069
v -6.95374626 -5.40065289 12.71828795
v -6.95224899 -5.40785980 12.64460707
v -6.19150108 -5.13388586 12.73755598
v -6.18814987 -5.14427280 12.64862395
v -7.01531738 -5.12909698 13.01247740
v -6.27633422 -4.85076666 13.02065230
v -6.25554794 -4.91872263 12.99841643
v -6.70596641 -5.23418093 12.91211272
v -6.99552673 -5.20917940 12.98069716
v -6.97908347 -5.28018856 12.93112898
v -6.96654075 -5.33804703 12.86595869
v -6.95793670 -5.37971687 12.78880644
v -6.43332046 -5.13683367 12.91373015
v -6.20044654 -5.10375929 12.82106352
v -6.21450561 -5.05604839 12.89491988
v -6.23315757 -4.99313498 12.95497465
v -4.55916160 -2.67628860 9.69366789
v -4.55347007 -2.53700829 9.66020918
v -4.57174247 -2.81854582 9.70613432
v -4.68320411 -3.35619164 9.71432066
v -4.89362090 -3.86847043 9.72212172
v -5.19225067 -4.32923841 9.72914076
v -6.56122154 -5.30209303 9.74395705
v -6.18814987 -5.14427280 9.74155379
v -6.95224899 -5.40785980 9.74556685
v -4.58134979 -2.81893754 9.62169218
v -4.60936492 -2.81718230 9.54147292
v -4.86543029 -2.79192924 9.33586073
v -4.78570312 -2.80041718 9.36404753
v -5.20103019 -4.32313299 9.64062834
v -5.22553581 -4.30462599 9.55734587
v -5.43637603 -4.15083170 9.35748244
v -5.37869781 -4.19153881 9.37968016
v -4.79234069 -3.33340144 9.44643355
v -4.65438789 -2.81336761 9.46949339
v -4.71416419 -2.80768442 9.40934706
v -4.99634498 -3.82613778 9.45463133
v -5.26444572 -4.27524710 9.48350478
v -5.31633895 -4.23668718 9.42327833
v -6.19051116 -5.13715410 9.66714430
v -6.95437568 -5.39748955 9.65740156
v -6.27208465 -4.86456060 9.37268401
v -7.01890510 -5.11511755 9.37424803
v -6.43332046 -5.13683367 9.47644377
v -6.24787277 -4.94408083 9.40375471
v -6.22660201 -5.01515245 9.45304060
v -6.20922035 -5.07397270 9.51867628
v -6.19679397 -5.11613274 9.59620619
v -6.70596641 -5.23418093 9.47806502
v -6.96039337 -5.36763191 9.57441283
v -6.97031921 -5.32027578 9.50074721
v -6.98419326 -5.25760412 9.44052840
v -7.00180953 -5.18318653 9.39674712
v -8.13201278 -5.40173864 9.67190504
v -8.89409202 -5.13674498 9.65267134
v -8.07095855 -5.13006830 9.37771559
v -8.80962509 -4.85358429 9.36957503
v -8.83032363 -4.92155886 9.39181471
v -8.37975448 -5.23584032 9.47809172
v -8.09059661 -5.21018744 9.40949583
v -8.10690635 -5.28122663 9.45906401
v -8.11933845 -5.33910894 9.52423430
v -8.12786239 -5.38079500 9.60138655
v -8.65225738 -5.13918161 9.47648192
v -8.88518661 -5.10661840 9.56917143
v -8.87119048 -5.05890656 9.49531889
v -8.85261863 -4.99598694 9.43526030
v -9.87109512 -4.31786442 9.58447981
v -9.88827270 -4.33084345 9.65525771
v -9.66263145 -4.16436100 9.36095000
v -9.73015540 -4.21261501 9.39242125
v -10.50990051 -2.81893754 9.62169218
v -10.48188537 -2.81718230 9.54147292
v -10.22582000 -2.79192924 9.33586073
v -10.30554717 -2.80041718 9.36404753
v -10.09268897 -3.83031631 9.45470000
v -9.78930992 -4.25605106 9.44187117
v -9.83696693 -4.29190063 9.50710631
v -10.29820197 -3.33566546 9.44647169
v -10.43686241 -2.81336761 9.46949339
v -10.37708801 -2.80768442 9.40934706
v -4.45597976 -2.60909390 2.56327391
v -4.36975425 -2.53700829 2.56116438
v 3.55028206 -2.53700829 2.56116438
v 3.51683098 -2.67628860 2.56685591
v -4.55169814 -2.66709065 2.56626463
v -4.72285980 -2.73089266 2.57084990
v 3.50435692 -2.81854582 2.57943678
v -4.92483657 -2.75551510 2.57301665
v 3.49616868 -3.35619164 2.69089842
v -15.14702361 -2.53700829 2.56116438
v -10.72149795 -2.53700829 2.56116438
v -10.59106773 -2.63828301 2.56463194
v -10.44235175 -2.70872211 2.56911803
v -10.30669158 -2.74377227 2.57193709
v -15.14702361 -3.17617893 2.64197493
v -10.16641372 -2.75551510 2.57301665
v -15.14702361 -3.78304386 2.85827208
v 3.48836762 -3.86847043 2.90131712
v -15.14702361 -4.32923841 3.19994688
v 3.48135049 -4.32923841 3.19994688
v -15.14702361 -5.25514507 4.44221449
v 3.46893746 -5.14427280 4.19584227
v 3.46653420 -5.30209303 4.56891585
v -15.14702361 -5.14427280 4.19584227
v -15.14702361 -5.34324884 4.69761610
v 3.46492344 -5.40785980 4.95994521
v -15.14702361 -5.40785980 4.95994521
v -25.56112235 -2.53700829 -0.10644579
v -25.72952598 -2.53700829 -1.56433916
v -25.64676994 -3.18153167 -1.55452394
v -15.14702361 -3.78746915 8.24622298
v -16.51724571 -4.33502722 7.80732680
v -15.14702361 -4.33502722 7.90212202
v -15.14702361 -2.53700829 8.54547453
v -16.61108726 -2.53700829 8.44381667
v -15.14702361 -3.17857075 8.46409560
v -25.26687950 -3.78759456 -0.16130495
v -25.42902320 -3.78760004 -1.54597139
v -25.08419364 -4.33502722 -1.53906679
v -24.91942542 -4.33502722 -0.17548799
v -25.48041480 -3.18155885 -0.12149095
v -24.90900749 -3.78759456 1.21918440
v -24.56845420 -4.33502722 1.15241194
v -25.11499351 -3.18155885 1.28812743
v -25.19284767 -2.53700829 1.31418562
v -24.36378425 -3.78759456 2.53697157
v -24.03795951 -4.33502722 2.41932631
v -24.55826515 -3.18155885 2.63371992
v -24.63177055 -2.53700829 2.67028380
v -23.88865989 -2.53700829 3.93582869
v -23.64166969 -3.78759456 3.76675749
v -23.33805793 -4.33502722 3.60111952
v -23.82091468 -3.18155885 3.88945723
v -22.75652641 -3.78759456 4.88494826
v -22.48207801 -4.33502722 4.67526961
v -22.91709083 -3.18155885 5.03123808
v -22.97777885 -2.53700829 5.08652830
v -21.72533744 -3.78759456 5.87007475
v -21.48633903 -4.33502722 5.62131453
v -21.86414665 -3.18155885 6.03715086
v -21.91661018 -2.53700829 6.10029936
v -20.56789726 -3.78759456 6.70323515
v -20.36980384 -4.33502722 6.42122221
v -20.68228095 -3.18155885 6.88789320
v -20.72551673 -2.53700829 6.95768690
v -19.30641883 -3.78759456 7.36843825
v -19.15375465 -4.33502722 7.05975294
v -19.39418739 -3.18155885 7.56713438
v -19.42735618 -2.53700829 7.64223051
v -17.96511405 -3.78759456 7.85292006
v -17.86136192 -4.33502722 7.52474165
v -18.02457755 -3.18155885 8.06183577
v -18.04704994 -2.53700829 8.14080000
v -16.56972068 -3.78759456 8.14737654
v -16.59974044 -3.18155885 8.36250639
v -23.71151298 -5.30388546 -1.53214311
v -23.32009834 -5.40894842 -1.53334093
v -23.31935829 -5.40894842 -1.52172136
v -23.31859916 -5.40894842 -1.51010561
v -23.31782859 -5.40894842 -1.49848985
v -15.14702361 -5.34490108 6.40340376
v -16.37375587 -5.40894842 6.04878950
v -15.14702361 -5.40894842 6.14118910
v -23.41463416 -5.34490108 -0.29474687
v -23.14330619 -5.40894842 -0.28072405
v -23.66442054 -5.25739002 -0.24177217
v -23.90544074 -5.14713287 -0.19065904
v -24.08534568 -5.14713287 -1.53209734
v -23.05587715 -5.34490108 0.93145323
v -22.78833717 -5.40894842 0.89715529
v -23.29482597 -5.25739002 1.02147246
v -23.52538246 -5.14713287 1.10832930
v -22.51638358 -5.34490108 2.08956099
v -22.26092857 -5.40894842 2.00857497
v -22.73903602 -5.25739002 2.21457243
v -22.95386451 -5.14713287 2.33519316
v -21.80849021 -5.34490108 3.15311766
v -21.57298606 -5.40894842 3.02844954
v -22.00974983 -5.25739002 3.31026030
v -22.20394462 -5.14713287 3.46188689
v -20.94836372 -5.34490108 4.09781599
v -20.74002784 -5.40894842 3.93376112
v -21.12363761 -5.25739002 4.28350020
v -21.29275840 -5.14713287 4.46266508
v -19.95566505 -5.34490108 4.90206480
v -19.78085655 -5.40894842 4.70408583
v -20.10095161 -5.25739002 5.11204863
v -20.24113029 -5.14713287 5.31465865
v -18.85308402 -5.34490108 5.54749251
v -18.71711295 -5.40894842 5.32203627
v -18.96505302 -5.25739002 5.77697707
v -19.07309287 -5.14713287 5.99840117
v -17.66580528 -5.34490108 6.01934386
v -17.57280296 -5.40894842 5.77366591
v -17.74190467 -5.25739002 6.26308394
v -17.81533378 -5.14713287 6.49826384
v -16.42097038 -5.34490108 6.30683852
v -16.45946067 -5.25739002 6.55926466
v -15.14702361 -5.25739002 6.65874815
v -15.14702361 -5.14713287 6.90512419
v -16.49659866 -5.14713287 6.80282545
v -20.19879859 -4.32923841 -0.62635469
v -20.37421745 -4.32923841 -1.58096361
v -20.03256553 -3.78383803 -1.59433031
v -16.11345619 -4.32923841 3.11019469
v -19.66160911 -3.17580485 -0.77753496
v -19.81597465 -3.17585301 -1.60674333
v -19.73608344 -2.53700829 -1.61720705
v -19.54402870 -2.53700829 -0.66552400
v -19.86990302 -3.78304386 -0.71891451
v -19.35042518 -3.17580485 0.03210402
v -19.15689796 -2.53700829 0.22481490
v -19.22711891 -3.17580485 0.26461745
v -19.54436439 -3.78304386 0.12807799
v -19.85058921 -4.32923841 0.27962447
v -18.89546913 -3.17580485 0.77059126
v -18.59185737 -2.53700829 1.01431227
v -19.41536659 -3.78304386 0.37132216
v -19.34149879 -4.32923841 1.10598708
v -18.65218681 -3.17580485 1.06794310
v -19.06841606 -3.78304386 0.90064192
v -18.31230110 -3.17580485 1.41266966
v -17.87398094 -2.53700829 1.66794539
v -18.81390708 -3.78304386 1.21171141
v -18.68893760 -4.32923841 1.82446623
v -17.92173713 -3.17580485 1.73302031
v -18.45833915 -3.78304386 1.57234145
v -17.62086433 -3.17580485 1.93637419
v -17.03512138 -2.53700829 2.15670729
v -18.04975837 -3.78304386 1.90747404
v -17.91522544 -4.32923841 2.41048766
v -17.73500389 -3.78304386 2.12021208
v -17.06818717 -3.17580485 2.23034621
v -16.84481376 -3.17580485 2.32379484
v -16.11248916 -2.53700829 2.45891524
v -17.15682548 -3.78304386 2.42774153
v -17.04683250 -4.32923841 2.84400511
v -16.92314475 -3.78304386 2.52550459
v -16.12939590 -3.17580485 2.53784514
v -16.17472213 -3.78304386 2.74943114
v -21.95648521 -5.40785980 -0.39169359
v -22.13684410 -5.40785980 -1.54330110
v -21.74524635 -5.30221176 -1.54892397
v -16.17727416 -5.14427280 4.11026335
v -16.30863326 -5.40785980 4.86300230
v -21.45342201 -5.25514507 -0.51406145
v -21.37148612 -5.14427280 -1.55551195
v -21.20489829 -5.14427280 -0.53522157
v -21.57664436 -5.30213165 -0.48408556
v -21.11191886 -5.25514507 0.51003218
v -20.87224143 -5.14427280 0.44359541
v -21.22846549 -5.30213165 0.56001616
v -21.58773750 -5.40785980 0.71409178
v -20.60538810 -5.25514507 1.46335554
v -20.38264030 -5.14427280 1.35410643
v -20.71203941 -5.30213165 1.53196287
v -21.04080146 -5.40785980 1.74346114
v -19.94784873 -5.25514507 2.31952620
v -19.74951881 -5.14427280 2.17135191
v -20.04165214 -5.30213165 2.40486479
v -19.47740501 -5.40785980 3.46192885
v -20.33081001 -5.40785980 2.66793013
v -19.15748924 -5.25514507 3.05487013
v -18.99022621 -5.14427280 2.87293578
v -19.23585075 -5.30213165 3.15457487
v -18.25617927 -5.25514507 3.64903212
v -18.12557929 -5.14427280 3.43961287
v -18.31692832 -5.30213165 3.76034880
v -18.50419563 -5.40785980 4.10348845
v -17.26884788 -5.25514507 4.08557844
v -17.17928260 -5.14427280 3.85586119
v -17.31030601 -5.30213165 4.20542479
v -17.43810600 -5.40785980 4.57485915
v -16.22281783 -5.25514507 4.35243559
v -16.24383682 -5.30213165 4.47749281
v 3.46490723 -5.40894842 6.14118910
v 3.46650464 -5.30403805 6.53206587
v 3.46889454 -5.14713287 6.90512419
v 3.48126179 -4.33502722 7.90212202
v 3.48830086 -3.87284350 8.20302916
v 3.49613339 -3.35852242 8.41502714
v -4.92483657 -2.75551510 8.53362608
v 3.50435692 -2.81854582 8.52720213
v -4.78455871 -2.74377227 8.53470183
v -4.64889854 -2.70872211 8.53752089
v 3.51682431 -2.67628860 8.53978300
v -4.50018257 -2.63828301 8.54201079
v -4.36975425 -2.53700829 8.54547453
v 3.55028206 -2.53700829 8.54547453
v -10.16641372 -2.75551510 8.53362608
v -10.36839050 -2.73089266 8.53579283
v -10.53955215 -2.66709065 8.54037810
v -10.63527053 -2.60909390 8.54336500
v -10.72149795 -2.53700829 8.54547453
v 3.62610203 -4.31213427 3.22332335
v 3.55532414 -4.32507038 3.20611143
v 3.86819989 -3.70494246 3.24117232
v 3.86114747 -4.10897732 3.50498152
v 3.84963280 -4.15914536 3.43217421
v 3.81816250 -4.20723295 3.36452818
v 3.58879906 -2.81893754 2.58904600
v 3.66901642 -2.81718230 2.61706114
v 3.87463147 -2.79192924 2.87312651
v 3.87605244 -3.25506687 3.05532027
v 3.84644276 -2.80041718 2.79339934
v 3.88429886 -2.78264523 2.95704985
v 3.75585896 -3.82613778 3.00403929
v 3.76871354 -4.25052309 3.30526686
v 3.70347554 -4.28625488 3.25751829
v 3.76405770 -3.33340144 2.80003691
v 3.74099881 -2.81336761 2.66208220
v 3.80114323 -2.80768442 2.72185850
v 3.53860337 -5.40065289 4.96144057
v 3.55787236 -5.13388586 4.19919539
v 3.84664208 -4.93999815 4.66578245
v 3.84482628 -5.04403543 5.04550124
v 3.83279282 -5.12909698 5.02301359
v 3.84096867 -4.85076666 4.28403044
v 3.81873185 -4.91872263 4.26324416
v 3.84943825 -4.77981806 4.30612517
v 3.73242718 -5.23418093 4.71366072
v 3.80101163 -5.20917940 5.00322295
v 3.75144536 -5.28018856 4.98677779
v 3.68627316 -5.33804703 4.97423506
v 3.60912091 -5.37971687 4.96563292
v 3.73404748 -5.13683367 4.44101668
v 3.64137990 -5.10375929 4.20814085
v 3.71523530 -5.05604839 4.22219801
v 3.77529103 -4.99313498 4.24085188
v 3.54329640 -5.14001179 6.90277434
v 3.55307061 -5.39857435 6.13908339
v 3.84661061 -4.94181061 6.43577147
v 3.84938962 -4.78261518 6.79531813
v 3.83775097 -4.86738396 6.82155180
v 3.84481007 -5.04496479 6.05632735
v 3.83622414 -5.11608171 6.07509566
v 3.73400838 -5.13918161 6.65995360
v 3.80667168 -4.94692945 6.84566450
v 3.75738484 -5.01801205 6.86684370
v 3.69175774 -5.07682705 6.88414717
v 3.61423165 -5.11898756 6.89651823
v 3.73239953 -5.23583984 6.38745070
v 3.63606221 -5.36870527 6.13312483
v 3.70972592 -5.32133055 6.12329054
v 3.76994664 -5.25863314 6.10953474
v 3.81372601 -5.18418217 6.09205962
v 3.58879906 -2.81893754 8.51759672
v 3.66901642 -2.81718230 8.48958159
v 3.87601716 -3.25710034 8.05069304
v 3.87463147 -2.79192924 8.23351622
v 3.84644276 -2.80041718 8.31324339
v 3.88429886 -2.78264523 8.14959288
v 3.56977326 -4.32889938 7.89335966
v 3.65305478 -4.31033182 7.86890364
v 3.85291916 -4.15601826 7.65845061
v 3.86813408 -3.70875406 7.86345244
v 3.83072049 -4.19686699 7.71602583
v 3.86105973 -4.11401415 7.59764815
v 3.76402051 -3.33566546 8.30589629
v 3.74099881 -2.81336761 8.44455672
v 3.80114323 -2.80768442 8.38478041
v 3.75578934 -3.83031631 8.10038328
v 3.72689301 -4.28085661 7.83006621
v 3.78711945 -4.24216890 7.77827025
v 3.86176545 -4.07360697 3.59946776
v 3.86206967 -4.05614328 3.70276594
v 3.85250050 -4.60435772 4.30306197
v 3.86201626 -4.05921221 3.80953551
v 3.85463482 -4.48210382 4.28684187
v 3.86159665 -4.08323717 3.91361189
v 3.84637028 -4.95557165 5.09426833
v 3.86084611 -4.12625027 4.00913954
v 3.84777695 -4.87498522 5.16142989
v 3.84894997 -4.80776739 5.24463606
v 3.85669381 -4.36415815 4.24198485
v 3.84981400 -4.75826836 5.33945418
v 3.85825974 -4.27441502 4.18318129
v 3.85032899 -4.72881126 5.44013930
v 3.85956532 -4.19963551 4.10967207
v 3.85049302 -4.71936274 5.54070998
v 3.85983235 -4.18436050 4.09161330
v 3.85049397 -4.71936083 5.56240034
v 3.84635407 -4.95649290 6.00778151
v 3.84776169 -4.87584686 5.94086790
v 3.85242516 -4.60871887 6.79835081
v 3.85424763 -4.50426292 6.81041670
v 3.84893757 -4.80850601 5.85791731
v 3.85603577 -4.40186167 6.84347487
v 3.84980446 -4.75881481 5.76333571
v 3.85794217 -4.29263687 6.90740538
v 3.85032326 -4.72910404 5.66284514
v 3.85950429 -4.20314646 6.99275923
v 3.85976941 -4.18794250 7.01082564
v 3.86078030 -4.13003635 7.09344435
v 3.86168152 -4.07840872 7.50324583
v 3.86199051 -4.06068850 7.39999342
v 3.86194188 -4.06349277 7.29321623
v 3.86152703 -4.08725977 7.18907881
v -25.06537193 -4.31933022 -1.68847322
v -25.08064979 -4.33180714 -1.61518526
v -25.08529991 -3.63294601 -1.94250154
v -24.78170341 -4.11199856 -1.93413973
v -24.85632652 -4.16347361 -1.92202806
v -24.92532295 -4.21282291 -1.88896227
v -25.33042091 -3.75163603 -1.82420778
v -24.98519843 -4.25712490 -1.83715105
v -25.03257316 -4.29342699 -1.76900148
v -25.48695701 -3.36447954 -1.83040666
v -25.27708381 -3.10197163 -1.95176744
v -25.54384559 -3.16311240 -1.83367967
v -25.67647498 -2.86155844 -1.72333193
v -25.65306419 -2.53991151 -1.81070375
v -25.59259742 -2.53991151 -1.87400102
v -25.69745201 -2.53940558 -1.73525285
v -25.72339576 -2.53842020 -1.65165376
v -25.57570213 -2.95680475 -1.84746217
v -25.34997886 -2.53700829 -1.96163225
v -25.43692344 -2.53842020 -1.95151949
v -25.51925224 -2.53940558 -1.92178392
v -23.32039970 -5.40218830 -1.60765886
v -24.08444923 -5.13772154 -1.62280321
v -24.07754844 -5.10790205 -1.70829820
v -23.62220710 -4.93924809 -1.91970110
v -23.24195045 -5.04369164 -1.91787767
v -23.26446861 -5.12944365 -1.90565157
v -24.02555030 -4.92052937 -1.89076662
v -24.04742759 -4.99617386 -1.84595155
v -24.00482887 -4.85134792 -1.91374254
v -23.98250144 -4.77909660 -1.92249345
v -23.57443946 -5.23583364 -1.80308962
v -24.06505149 -5.05990267 -1.78413438
v -23.28390067 -5.21018314 -1.87337160
v -23.29956001 -5.28170156 -1.82307863
v -23.31086677 -5.33982182 -1.75702333
v -23.31783241 -5.38148260 -1.67892503
v -19.89540046 -2.95216036 -1.85563707
v -20.18516868 -3.09927917 -1.95181703
v -20.11436027 -2.53700829 -1.96163225
v -20.02177757 -2.53827929 -1.95015382
v -19.93477577 -2.53907394 -1.91646242
v -19.85860008 -2.53934431 -1.86258745
v -19.79784339 -2.53907394 -1.79178285
v -19.75616401 -2.53827929 -1.70830965
v -19.93601554 -3.15443611 -1.85208559
v -19.93083518 -3.36978173 -1.77417802
v -20.02416938 -3.45121765 -1.84669923
v -20.13578361 -3.52233195 -1.90110826
v -20.37755912 -3.63398480 -1.94248247
v -20.14498084 -3.73985362 -1.84124422
v -20.23507636 -3.92429018 -1.83129549
v -20.38785880 -4.32137585 -1.66464281
v -20.41544670 -4.30219555 -1.74243593
v -20.45571464 -4.27305651 -1.81087160
v -20.50726264 -4.23550797 -1.86644029
v -20.56769508 -4.19197845 -1.90643358
v -20.62292045 -4.15284061 -1.92670107
v -20.68092292 -4.11254072 -1.93412828
v -21.37645286 -5.13620615 -1.62689638
v -22.14134925 -5.39691877 -1.63052034
v -21.84956306 -4.94292021 -1.91963625
v -21.49019950 -4.78470039 -1.92239809
v -21.46168464 -4.87631989 -1.90886736
v -22.14937919 -5.36684179 -1.71241426
v -22.16087669 -5.31956577 -1.78499651
v -22.19393867 -5.18343544 -1.88732195
v -22.17579978 -5.25724602 -1.84428453
v -22.21110481 -5.11596870 -1.90941286
v -22.22977775 -5.04548454 -1.91784334
v -21.62733787 -5.13721132 -1.81095934
v -21.43518775 -4.96129322 -1.87253999
v -21.41389030 -5.02863455 -1.82159090
v -21.39761680 -5.07848454 -1.76272630
v -21.38482612 -5.11520100 -1.69476366
v -24.68415779 -4.07652235 -1.93475771
v -24.58230155 -4.06034613 -1.93503999
v -23.98560279 -4.60871887 -1.92546892
v -24.47935050 -4.06373644 -1.93498277
v -24.00262779 -4.48459816 -1.92763567
v -24.37873023 -4.08679676 -1.93457842
v -23.19105857 -4.95231438 -1.91947221
v -23.12400001 -4.87291622 -1.92085695
v -24.28399986 -4.12861633 -1.93384981
v -23.04307884 -4.80785990 -1.92199373
v -24.04741615 -4.36832285 -1.92966509
v -22.95091957 -4.75953913 -1.92283678
v -24.10557121 -4.27937841 -1.93121767
v -22.85092491 -4.72961807 -1.92335939
v -24.18046897 -4.20314646 -1.93254900
v -22.74658912 -4.71936274 -1.92353868
v -24.19856208 -4.18794250 -1.93281221
v -22.28087181 -4.95349550 -1.91944933
v -22.34841483 -4.87340689 -1.92084932
v -21.48723167 -4.60435772 -1.92554521
v -21.47478431 -4.49857712 -1.92739153
v -22.42979759 -4.80792189 -1.92198991
v -21.44200462 -4.39786339 -1.92915010
v -22.52209800 -4.75950289 -1.92283678
v -21.37966483 -4.29044104 -1.93102312
v -22.62205451 -4.72959328 -1.92335939
v -21.29392188 -4.19963551 -1.93261003
v -22.72656577 -4.71936274 -1.92353868
v -21.27584785 -4.18436050 -1.93287706
v -21.18888038 -4.12381220 -1.93393373
v -20.78007835 -4.07447577 -1.93479204
v -20.88427299 -4.05640030 -1.93510866
v -20.98971122 -4.05875444 -1.93506670
v -21.09243720 -4.08156586 -1.93466997
v -20.08108085 -0.44999999 -1.99805879
v -25.38804191 -0.44999999 -1.99805879
v 6.67276627 4.40209341 12.64622069
v 7.06379468 4.50786018 12.64460707
v 7.06379468 4.50786018 9.74556685
v 6.67276627 4.40209341 9.74395705
v 6.29969460 4.24427319 9.74155379
v 6.29969460 4.24427319 12.64862395
v 6.30205590 4.23715448 9.66714430
v 7.06592137 4.49748993 9.65740156
v 6.76963097 4.03999853 9.36384917
v 6.40997464 3.87981820 9.36105299
v 6.38362843 3.96456075 9.37268401
v 7.14935071 4.14403582 9.36566496
v 7.13044983 4.21511793 9.37424803
v 6.54486519 4.23683405 9.47644377
v 6.35941750 4.04408121 9.40375471
v 6.33814675 4.11515284 9.45304060
v 6.32076604 4.17397308 9.51867628
v 6.30833871 4.21613312 9.59620619
v 6.81751210 4.33418131 9.47806502
v 7.07193905 4.46763229 9.57441283
v 7.08186490 4.42027617 9.50074721
v 7.09573800 4.35760450 9.44052840
v 7.11335427 4.28318691 9.39674712
v 7.06529099 4.50065327 12.71828795
v 6.30304677 4.23388624 12.73755598
v 6.76963097 4.03999853 13.02632857
v 7.14935071 4.14403582 13.02451277
v 7.12686211 4.22909737 13.01247740
v 6.38787896 3.95076680 13.02065230
v 6.36709363 4.01872301 12.99841643
v 6.40997464 3.87981820 13.02912474
v 6.81751210 4.33418131 12.91211272
v 7.10707242 4.30917978 12.98069716
v 7.09062916 4.38018894 12.93112898
v 7.07808644 4.43804741 12.86595869
v 7.06948144 4.47971725 12.78880644
v 6.54486519 4.23683405 12.91373015
v 6.31199128 4.20375967 12.82106352
v 6.32605034 4.15604877 12.89491988
v 6.34470326 4.09313536 12.95497465
v 10.64932543 1.63700819 12.68833113
v 10.64932543 1.63700819 9.66020918
v 10.64363295 1.77628851 9.69366026
v 10.63105399 1.91854572 9.70613432
v 10.56854254 2.27606511 12.67859602
v 10.51887709 2.45852232 9.71435881
v 10.34894616 2.88978553 12.66925001
v 10.30687815 2.97284341 9.72219038
v 10.00597245 3.43502736 12.66094542
v 10.00597245 3.43502736 9.72922850
v 9.98263985 3.41786432 9.58447981
v 9.99981791 3.43084335 9.65525771
v 9.96730286 2.80875397 9.34235716
v 9.70149666 3.21401405 9.34942961
v 9.77417666 3.26436090 9.36095000
v 9.84170062 3.31261516 9.39242125
v 10.62144572 1.91893744 9.62169218
v 10.59343011 1.91718221 9.54147292
v 10.33736569 1.89192915 9.33586073
v 10.15454442 2.35710025 9.33447218
v 10.41709191 1.90041709 9.36404753
v 10.25344187 1.88264513 9.32619047
v 10.20423419 2.93031621 9.45470000
v 9.90085513 3.35605121 9.44187117
v 9.94851214 3.39190054 9.50710631
v 10.40974766 2.43566537 9.44647169
v 10.54840857 1.91336751 9.46949339
v 10.48863227 1.90768433 9.40934706
v 10.63977725 1.63831687 12.77285719
v 10.61166340 1.63922763 12.85314894
v 10.19809300 2.19795632 13.05847884
v 10.35391242 1.63831687 13.05872298
v 10.43420416 1.63922763 13.03060866
v 10.26938349 1.63700819 13.06827116
v 9.99720961 3.42889953 12.74945784
v 9.97275216 3.41033173 12.83274031
v 9.76230246 3.25601816 13.03260374
v 10.00419814 2.73639774 13.04908324
v 9.81987673 3.29686713 13.01040602
v 9.70149666 3.21401405 13.04074431
v 10.45748240 2.26127672 12.94660521
v 10.56639296 1.63969469 12.92518187
v 10.50623471 1.63969469 12.98533964
v 10.24516732 2.84940290 12.93682051
v 9.93391663 3.38085651 12.90657759
v 9.88212163 3.34216905 12.96680403
v 6.67276627 4.40209341 -1.53957796
v 6.30205590 4.23715448 -1.61639070
v 6.29969460 4.24427319 -1.54198122
v 7.06592137 4.49748993 -1.62612962
v 7.06379468 4.50786018 -1.53796816
v 6.76963097 4.03999853 -1.91968584
v 6.40997464 3.87981820 -1.92248201
v 6.38362843 3.96456075 -1.91085100
v 7.14935071 4.14403582 -1.91787004
v 7.13044983 4.21511793 -1.90928697
v 6.54486519 4.23683405 -1.80709123
v 6.35941750 4.04408121 -1.87978029
v 6.33814675 4.11515284 -1.83049440
v 6.32076604 4.17397308 -1.76485872
v 6.30833871 4.21613312 -1.68732881
v 6.81751210 4.33418131 -1.80546999
v 7.07193905 4.46763229 -1.70912218
v 7.08186490 4.42027617 -1.78278780
v 7.09573800 4.35760450 -1.84300661
v 7.11335427 4.28318691 -1.88678789
v 6.67276627 4.40209341 1.36268568
v 7.06529099 4.50065327 1.43475294
v 7.06379468 4.50786018 1.36107207
v 6.30304677 4.23388624 1.45402098
v 6.29969460 4.24427319 1.36508894
v 6.76963097 4.03999853 1.74279356
v 7.14935071 4.14403582 1.74097777
v 7.12686211 4.22909737 1.72894240
v 6.38787896 3.95076680 1.73711729
v 6.36709363 4.01872301 1.71488142
v 6.40997464 3.87981820 1.74558974
v 6.81751210 4.33418131 1.62857771
v 7.10707242 4.30917978 1.69716215
v 7.09062916 4.38018894 1.64759398
v 7.07808644 4.43804741 1.58242369
v 7.06948144 4.47971725 1.50527144
v 6.54486519 4.23683405 1.63019514
v 6.31199128 4.20375967 1.53752852
v 6.32605034 4.15604877 1.61138487
v 6.34470326 4.09313536 1.67143965
v 10.51887709 2.45852232 1.39228392
v 10.62144572 1.91893744 1.48494673
v 10.63105399 1.91854572 1.40050841
v 10.59343011 1.91718221 1.56516600
v 10.15454442 2.35710025 1.77216673
v 10.33736569 1.89192915 1.77078200
v 10.41709191 1.90041709 1.74259138
v 10.25344187 1.88264513 1.78044844
v 9.99720961 3.42889953 1.46592284
v 10.30687815 2.97284341 1.38445235
v 10.00597245 3.43502736 1.37741042
v 9.97275216 3.41033173 1.54920531
v 9.76230246 3.25601816 1.74906874
v 9.96730286 2.80875397 1.76428175
v 9.81987673 3.29686713 1.72687102
v 9.70149666 3.21401405 1.75720930
v 10.40974766 2.43566537 1.66017104
v 10.54840857 1.91336751 1.63714934
v 10.48863227 1.90768433 1.69729185
v 10.20423419 2.93031621 1.65193892
v 9.93391663 3.38085651 1.62304259
v 9.88212163 3.34216905 1.68326903
v 10.64363486 1.77628851 1.41297484
v 10.64932543 1.63700819 1.44643355
v 10.64932543 1.63700819 -1.58168840
v 10.56854254 2.27606511 -1.57195711
v 10.34894616 2.88978553 -1.56261110
v 10.00597245 3.43502736 -1.55430650
v 9.98263985 3.41786432 -1.69905519
v 9.99981791 3.43084335 -1.62827730
v 10.00419814 2.73639774 -1.94244051
v 9.70149666 3.21401405 -1.93410539
v 9.77417666 3.26436090 -1.92258501
v 9.84170062 3.31261516 -1.89111375
v 10.63977725 1.63831687 -1.66621828
v 10.61166340 1.63922763 -1.74651003
v 10.35391242 1.63831687 -1.95208406
v 10.19809300 2.19795632 -1.95183992
v 10.43420416 1.63922763 -1.92396974
v 10.26938349 1.63700819 -1.96163225
v 10.24516732 2.84940290 -1.83018160
v 9.90085513 3.35605121 -1.84166383
v 9.94851214 3.39190054 -1.77642488
v 10.45748240 2.26127672 -1.83996629
v 10.56639296 1.63969469 -1.81853914
v 10.50623471 1.63969469 -1.87869692
v 4.56752450 1.70909381 2.56327391
v 4.48129899 1.63700819 2.56116438
v -3.43873733 1.63700819 2.56116438
v -3.40528625 1.77628851 2.56685591
v 4.66324383 1.76709056 2.56626463
v 4.83440453 1.83089256 2.57084990
v -3.39281219 1.91854572 2.57943678
v 5.03638226 1.85551500 2.57301665
v -3.38458770 2.45852232 2.69161177
v 15.25856835 1.63700819 2.56116438
v 10.83304221 1.63700819 2.56116438
v 10.70261342 1.73828292 2.56463194
v 10.55389697 1.80872202 2.56911803
v 10.41823775 1.84377217 2.57193709
v 15.25856835 2.27857065 2.64254713
v 10.27795846 1.85551500 2.57301665
v 15.25856835 2.88746905 2.86041594
v -3.37675613 2.97284341 2.90361357
v 15.25856835 3.43502736 3.20451689
v -3.36971610 3.43502736 3.20451689
v 20.14625270 2.88827538 -1.59422731
v 20.31480700 3.43502736 -0.62532854
v 20.49033887 3.43502736 -1.58080721
v 19.84762818 1.63700819 -1.61720705
v 19.65557534 1.63700819 -0.66552400
v 19.92808062 2.27822351 -1.60670137
v 16.16257155 2.88820601 2.77681685
v 16.22587431 3.43502736 3.11468077
v 16.12238288 2.27857065 2.56232024
v 16.22403378 1.63700819 2.45891524
v 17.03565187 2.88820601 2.52781630
v 17.16009206 3.43502736 2.84824324
v 17.26939494 2.88820601 2.43002653
v 18.02926523 3.43502736 2.41432143
v 16.95664937 2.27857065 2.32438994
v 17.14666468 1.63700819 2.15670729
v 17.18000108 2.27857065 2.23094511
v 17.84794432 2.88820601 2.12229109
v 18.16278488 2.88820601 1.90949202
v 18.80366236 3.43502736 1.82775450
v 17.73283011 2.27857065 1.93689299
v 17.98552662 1.63700819 1.66794539
v 18.57166297 2.88820601 1.57411146
v 18.03367406 2.27857065 1.73355437
v 18.92732388 2.88820601 1.21337462
v 19.45679385 3.43502736 1.10860777
v 18.42437512 2.27857065 1.41308165
v 18.70340211 1.63700819 1.01431227
v 19.18205196 2.88820601 0.90202666
v 18.76422459 2.27857065 1.06838179
v 19.52909190 2.88820601 0.37255812
v 19.96631819 3.43502736 0.28148222
v 19.00762850 2.27857065 0.77087736
v 19.26844126 1.63700819 0.22481490
v 19.65823228 2.88820601 0.12903166
v 19.33924014 2.27857065 0.26494551
v 19.46263939 2.27857065 0.03224516
v 19.94139010 2.88820601 -0.57565736
v 19.73320920 2.27857065 -0.64111375
v 15.25856835 4.44324923 6.40902663
v 15.25856835 4.50786018 6.14669752
v -3.35337776 4.50786018 6.14669752
v -3.35498947 4.40209341 6.53772307
v 15.25856835 4.35514545 6.66442442
v -3.35739272 4.24427319 6.91079665
v 15.25856835 4.24427319 6.91079665
v -3.43180221 4.23715448 6.90843535
v -3.44154304 4.49748993 6.14456892
v -3.73509735 4.03999853 6.44086027
v -3.73789352 3.87981820 6.80051375
v -3.72626060 3.96456075 6.82686186
v -3.73328155 4.14403582 6.06114149
v -3.72469657 4.21511793 6.08003950
v -3.62250274 4.23683405 6.66562605
v -3.69519180 4.04408121 6.85107375
v -3.64590591 4.11515284 6.87234450
v -3.58027023 4.17397308 6.88972426
v -3.50274032 4.21613312 6.90215254
v -3.62088149 4.33418131 6.39297819
v -3.52453369 4.46763229 6.13855315
v -3.59819740 4.42027617 6.12862730
v -3.65841812 4.35760450 6.11475325
v -3.70219749 4.28318691 6.09713698
v -3.51446670 3.41786432 3.22785139
v -3.44368881 3.43084335 3.21067381
v -3.75658935 2.80875397 3.24318648
v -3.74951499 3.21401405 3.50899458
v -3.73799652 3.26436090 3.43631316
v -3.70652526 3.31261516 3.36878920
v -3.47725433 1.91893744 2.58904600
v -3.55747169 1.91718221 2.61706114
v -3.76308578 1.89192915 2.87312651
v -3.76447242 2.35710025 3.05594588
v -3.73489898 1.90041709 2.79339934
v -3.77275413 1.88264513 2.95704985
v -3.64424461 2.93031621 3.00625563
v -3.65707534 3.35605121 3.30963469
v -3.59183830 3.39190054 3.26197768
v -3.65247482 2.43566537 2.80074263
v -3.62945312 1.91336751 2.66208220
v -3.68959754 1.90768433 2.72185850
v 20.00719363 2.05369806 -1.85561037
v 20.29720933 2.20135260 -1.95177889
v 20.22590644 1.63700819 -1.96163225
v 20.13332278 1.63827920 -1.95015382
v 20.04632050 1.63907385 -1.91646242
v 19.97014433 1.63934422 -1.86258745
v 19.90938670 1.63907385 -1.79178285
v 19.86771065 1.63827920 -1.70830965
v 20.04810149 2.25671172 -1.85204363
v 20.04334790 2.47284174 -1.77412080
v 20.13691002 2.55456376 -1.84663438
v 20.24875933 2.62591195 -1.90104723
v 20.49099595 2.73786235 -1.94241380
v 20.25858552 2.84411573 -1.84116411
v 20.34935290 3.02904749 -1.83120393
v 20.50395543 3.42714095 -1.66449785
v 20.53148991 3.40789938 -1.74230623
v 20.57168538 3.37866497 -1.81075334
v 20.62313992 3.34099030 -1.86633348
v 20.68346984 3.29730964 -1.90633440
v 20.73860175 3.25803280 -1.92660951
v 20.79650981 3.21758628 -1.93404054
v 16.48961252 4.50786018 6.05370283
v 23.82873589 4.40193558 -1.53213548
v 24.02259404 4.24427319 -0.18977785
v 24.20257146 4.24427319 -1.53210497
v 16.56738741 4.35514545 6.56555891
v 16.60903174 4.24427319 6.80842543
v 16.54834527 4.40211296 6.44023848
v 17.84650165 4.35514545 6.27119780
v 17.92863280 4.24427319 6.50365782
v 17.80884987 4.40211296 6.15015745
v 17.69271714 4.50786018 5.77683211
v 19.06688100 4.35514545 5.78802443
v 19.18721420 4.24427319 6.00345564
v 19.01147372 4.40211296 5.67401457
v 18.84057695 4.50786018 5.32237196
v 20.20082814 4.35514545 5.12700224
v 20.35601336 4.24427319 5.31924773
v 20.12892300 4.40211296 5.02261305
v 19.90714032 4.50786018 4.70063353
v 21.22260625 4.35514545 4.30313826
v 21.40832001 4.24427319 4.46667433
v 21.13583523 4.40211296 4.21073485
v 21.70194728 4.50786018 3.01523924
v 20.86820132 4.50786018 3.92572737
v 22.10902650 4.35514545 3.33513213
v 22.32008463 4.24427319 3.46521712
v 22.00935895 4.40211296 3.25680876
v 22.83997065 4.35514545 2.24494505
v 23.07047135 4.24427319 2.33776427
v 22.72966868 4.40211296 2.18248701
v 22.38945586 4.50786018 1.98983717
v 23.39884907 4.35514545 1.05732680
v 23.64233071 4.24427319 1.11008025
v 23.28041607 4.40211296 1.01214552
v 22.91512353 4.50786018 0.87279463
v 23.77297742 4.35514545 -0.20077181
v 23.64910084 4.40211296 -0.22764635
v 23.43715912 4.50786018 -1.53331422
v 23.26701981 4.50786018 -0.31054353
v 23.43744809 4.50110674 -1.60763979
v 24.20166451 4.23486471 -1.62282610
v 24.19472367 4.20504570 -1.70833635
v 23.73885113 4.03742075 -1.91973161
v 23.35831029 4.14275217 -1.91789293
v 23.38099152 4.22846794 -1.90566682
v 24.14248520 4.01768541 -1.89082002
v 24.16446263 4.09331846 -1.84600496
v 24.12167508 3.94851756 -1.91379594
v 24.09925229 3.87628293 -1.92254305
v 23.69156796 4.33416271 -1.80310106
v 23.40057618 4.30917549 -1.87338304
v 23.41637379 4.38066721 -1.82308244
v 23.42779404 4.43876600 -1.75701952
v 23.43483788 4.48041058 -1.67891359
v 24.18216759 4.15704536 -1.78418398
v -8.13900131 4.50786018 12.64460707
v -8.13900131 4.50786018 -1.53796816
v -8.53003066 4.40209341 -1.53957796
v -8.53003066 4.40209341 12.64622069
v -8.90310233 4.24427319 -1.54198122
v -8.90310233 4.24427319 12.64862395
v -4.55557960 1.70909381 2.46367598
v -4.55347007 1.63700819 2.37744856
v -4.55347007 1.63700819 -1.58168840
v -4.55856841 1.76709056 2.55939436
v -4.56315368 1.83089256 2.73055601
v -4.63425392 2.27606511 -1.57195711
v -4.56532043 1.85551500 2.93253279
v -4.56532043 1.85551500 8.17410994
v -4.55347007 1.63700819 12.68833113
v -4.55347007 1.63700819 8.72919035
v -4.55693572 1.73828292 8.59876204
v -4.56142372 1.80872202 8.45004607
v -4.56424278 1.84377217 8.31438780
v -4.63425392 2.27606511 12.67859602
v -4.85384887 2.88978553 12.66925001
v -4.85384887 2.88978553 -1.56261110
v -5.19682258 3.43502736 12.66094542
v -5.19682258 3.43502736 -1.55430650
v -5.22015518 3.41786432 -1.69905519
v -5.20297759 3.43084335 -1.62827730
v -5.19859832 2.73639774 -1.94244051
v -5.50129836 3.21401405 -1.93410539
v -5.42861884 3.26436090 -1.92258501
v -5.36109489 3.31261516 -1.89111375
v -4.56301826 1.63831687 -1.66621828
v -4.59113258 1.63922763 -1.74651003
v -4.84888404 1.63831687 -1.95208406
v -5.00470298 2.19795632 -1.95183992
v -4.76859229 1.63922763 -1.92396974
v -4.93341201 1.63700819 -1.96163225
v -4.95762771 2.84940290 -1.83018160
v -5.30194038 3.35605121 -1.84166383
v -5.25428337 3.39190054 -1.77642488
v -4.74531310 2.26127672 -1.83996629
v -4.69656127 1.63969469 -1.87869692
v -4.63640350 1.63969469 -1.81853914
v -8.90074104 4.23715448 -1.61639070
v -8.13687461 4.49748993 -1.62612962
v -8.43316406 4.03999853 -1.91968584
v -8.79282134 3.87981820 -1.92248201
v -8.81916755 3.96456075 -1.91085100
v -8.05344528 4.14403582 -1.91787004
v -8.07234519 4.21511793 -1.90928697
v -8.65792983 4.23683405 -1.80709123
v -8.84337753 4.04408121 -1.87978029
v -8.86464828 4.11515284 -1.83049440
v -8.88202995 4.17397308 -1.76485872
v -8.89445632 4.21613312 -1.68732881
v -8.38528388 4.33418131 -1.80546999
v -8.13085693 4.46763229 -1.70912218
v -8.12093109 4.42027617 -1.78278780
v -8.10705894 4.35760450 -1.84300661
v -8.08944267 4.28318691 -1.88678789
v -4.59113258 1.63922763 12.85314894
v -4.56301826 1.63831687 12.77285719
v -5.00470298 2.19795632 13.05847884
v -4.93341201 1.63700819 13.06827116
v -4.84888404 1.63831687 13.05872298
v -4.76859229 1.63922763 13.03060866
v -5.20558685 3.42889953 12.74945784
v -5.23004287 3.41033173 12.83274031
v -5.44049400 3.25601816 13.03260374
v -5.19859832 2.73639774 13.04908324
v -5.38291877 3.29686713 13.01040602
v -5.50129836 3.21401405 13.04074431
v -4.74531310 2.26127672 12.94660521
v -4.69656127 1.63969469 12.98533964
v -4.63640350 1.63969469 12.92518187
v -4.95762771 2.84940290 12.93682051
v -5.26887840 3.38085651 12.90657759
v -5.32067436 3.34216905 12.96680403
v -8.13750404 4.50065327 12.71828795
v -8.89974922 4.23388624 12.73755598
v -8.43316406 4.03999853 13.02632857
v -8.05344528 4.14403582 13.02451277
v -8.07593292 4.22909737 13.01247740
v -8.81491607 3.95076680 13.02065230
v -8.83570236 4.01872301 12.99841643
v -8.79282134 3.87981820 13.02912474
v -8.38528388 4.33418131 12.91211272
v -8.09572357 4.30917978 12.98069716
v -8.11216682 4.38018894 12.93112898
v -8.12470954 4.43804741 12.86595869
v -8.13331359 4.47971725 12.78880644
v -8.65792983 4.23683405 12.91373015
v -8.89080375 4.20375967 12.82106352
v -8.87674659 4.15604877 12.89491988
v -8.85809272 4.09313536 12.95497465
v -11.73629135 4.40403843 6.53206587
v -11.66420883 4.50173903 6.13970518
v -11.73788970 4.50894880 6.14118910
v -11.64497703 4.23674536 6.90178633
v -11.73390144 4.24713326 6.90512419
v -11.35618537 4.04181147 6.43576765
v -11.35798591 4.14496565 6.05632735
v -11.37001937 4.23006868 6.07865477
v -11.36187881 3.95358443 6.81732130
v -11.38411849 4.02155924 6.83801985
v -11.35340637 3.88261533 6.79531813
v -11.47039741 4.33584070 6.38744688
v -11.40180152 4.31018782 6.09829283
v -11.45136779 4.38122702 6.11460066
v -11.51653999 4.43910933 6.12703276
v -11.59369224 4.48079538 6.13555861
v -11.46878761 4.23918200 6.65994978
v -11.56147521 4.20661879 6.89288283
v -11.48762267 4.15890694 6.87888670
v -11.42756599 4.09598732 6.86031294
v -15.14702361 4.50894880 6.14118910
v -15.14702361 4.44490147 6.40340376
v -15.14702361 4.35739040 6.65874815
v -15.14702361 4.24713326 6.90512419
v -11.73385757 4.24427319 4.19584227
v -15.14702361 4.24427319 4.19584227
v -15.14702361 4.35514545 4.44221449
v -11.73626083 4.40209341 4.56891585
v -15.14702361 4.44324923 4.69761610
v -11.73787254 4.50786018 4.95994521
v -15.14702361 4.50786018 4.95994521
v -11.65944808 4.23715448 4.19820357
v -11.64970916 4.49748993 4.96206999
v -11.35615295 4.03999853 4.66578245
v -11.35335678 3.87981820 4.30612517
v -11.36498969 3.96456075 4.27977705
v -11.35796874 4.14403582 5.04550124
v -11.36655372 4.21511793 5.02659941
v -11.46874946 4.23683405 4.44101668
v -11.39605850 4.04408121 4.25556898
v -11.44534438 4.11515284 4.23429823
v -11.51098007 4.17397308 4.21691466
v -11.58850997 4.21613312 4.20449019
v -11.47036880 4.33418131 4.71366072
v -11.56671661 4.46763229 4.96808958
v -11.49305290 4.42027617 4.97801543
v -11.43283218 4.35760450 4.99188567
v -11.38905280 4.28318691 5.00950194
v -16.17727416 4.24427319 4.11026335
v -21.70158714 4.44324923 -0.45369386
v -21.74528449 4.40193701 -1.54892778
v -22.13684410 4.50786018 -1.54330110
v -21.95648521 4.50786018 -0.39169359
v -21.45342201 4.35514545 -0.51406145
v -21.37148612 4.24427319 -1.55551195
v -21.20489829 4.24427319 -0.53522157
v -21.34664100 4.44324923 0.61069823
v -21.58773750 4.50786018 0.71409178
v -21.11191886 4.35514545 0.51003218
v -20.87224143 4.24427319 0.44359541
v -20.82017845 4.44324923 1.60153151
v -21.04080146 4.50786018 1.74346114
v -20.60538810 4.35514545 1.46335554
v -20.38264030 4.24427319 1.35410643
v -20.13676399 4.44324923 2.49139738
v -20.33081001 4.50786018 2.66793013
v -19.47740501 4.50786018 3.46192885
v -19.94784873 4.35514545 2.31952620
v -19.74951881 4.24427319 2.17135191
v -19.31530326 4.44324923 3.25567580
v -18.50419563 4.50786018 4.10348845
v -19.15748924 4.35514545 3.05487013
v -18.99022621 4.24427319 2.87293578
v -18.37852424 4.44324923 3.87321806
v -17.43810600 4.50786018 4.57485915
v -18.25617927 4.35514545 3.64903212
v -18.12557929 4.24427319 3.43961287
v -17.35234397 4.44324923 4.32694578
v -17.26884788 4.35514545 4.08557844
v -17.17928260 4.24427319 3.85586119
v -16.26515144 4.44324923 4.60430098
v -16.30863326 4.50786018 4.86300230
v -16.22281783 4.35514545 4.35243559
v -23.31935829 4.50894880 -1.52172136
v -23.32009834 4.50894880 -1.53334093
v -23.71157401 4.40415764 -1.53213930
v -23.31859916 4.50894880 -1.51010561
v -23.31782859 4.50894880 -1.49848985
v -16.37375587 4.50894880 6.04878569
v -23.66442054 4.35739040 -0.24177217
v -24.08534568 4.24713326 -1.53209734
v -23.90544074 4.24713326 -0.19065904
v -23.54040473 4.40407133 -0.26807451
v -23.14330619 4.50894880 -0.28072405
v -23.29482597 4.35739040 1.02147246
v -23.52538246 4.24713326 1.10832930
v -23.17618888 4.40407133 0.97677565
v -22.78833717 4.50894880 0.89715529
v -22.73903602 4.35739040 2.21457243
v -22.95386451 4.24713326 2.33519316
v -22.62848991 4.40407133 2.15250349
v -22.26092857 4.50894880 2.00857497
v -22.00974983 4.35739040 3.31026030
v -22.20394462 4.24713326 3.46188689
v -21.90982383 4.40407133 3.23223830
v -21.57298225 4.50894880 3.02844954
v -21.12363761 4.35739040 4.28350020
v -21.29275840 4.24713326 4.46266508
v -21.03661674 4.40407133 4.19130659
v -20.74002784 4.50894880 3.93376112
v -20.10095161 4.35739040 5.11204863
v -20.24113029 4.24713326 5.31465865
v -20.02881950 4.40407133 5.00779295
v -19.78085273 4.50894880 4.70408583
v -18.96505302 4.35739040 5.77697707
v -19.07309287 4.24713326 5.99840117
v -18.90946144 4.40407133 5.66303969
v -18.71711295 4.50894880 5.32203627
v -17.74190467 4.35739040 6.26308394
v -17.81533378 4.24713326 6.49826384
v -17.70412391 4.40407133 6.14206648
v -17.57280296 4.50894880 5.77366591
v -16.45946067 4.35739040 6.55926466
v -16.49659866 4.24713326 6.80282545
v -16.44035095 4.40407133 6.43393660
v -24.08504432 4.24081516 -1.60798311
v -23.32010978 4.49908829 -1.62228059
v -23.62281745 4.03938437 -1.91969728
v -23.98250144 3.87909675 -1.92249345
v -24.00914710 3.96557689 -1.91028642
v -23.31596321 4.46943283 -1.70619630
v -23.30755561 4.42199755 -1.78079652
v -23.27778571 4.28398561 -1.88629579
v -23.29476493 4.35898066 -1.84185457
v -23.26090186 4.21534681 -1.90915346
v -23.24195045 4.14369202 -1.91787767
v -23.84878105 4.23902464 -1.80401659
v -24.03325599 4.04682589 -1.87791109
v -24.05383628 4.11896944 -1.82712984
v -24.06985801 4.17794752 -1.76004457
v -24.08052772 4.22010279 -1.68059969
v -22.14034599 4.50014782 -1.61620760
v -21.37801689 4.23261356 -1.64189958
v -21.38951057 4.20211792 -1.72262621
v -21.85019630 4.04282284 -1.91963625
v -22.22977775 4.14548492 -1.91784334
v -22.20752662 4.22982311 -1.90602541
v -21.44800132 4.02027607 -1.89303255
v -21.42519706 4.09304523 -1.85142564
v -21.46864265 3.95393682 -1.91429567
v -21.49019950 3.88470054 -1.92239809
v -21.90035957 4.33414984 -1.80828523
v -22.18753761 4.30920792 -1.87480592
v -22.17039817 4.37967873 -1.82605791
v -22.15662712 4.43726873 -1.76189088
v -22.14629691 4.47895432 -1.68583727
v -21.40542930 4.15483713 -1.79375505
v 10.65790040 1.14573431 8.92399550
v 10.68575436 -0.44999999 8.95184660
v 10.66719729 1.14445996 8.84168959
v 10.69694001 -0.44999999 8.86155272
v 10.69457156 1.14357316 8.76351118
v 10.72823388 -0.44999999 8.77971220
v 10.73865086 1.14311838 8.69337416
v 10.77402550 -0.44999999 8.71200133
v 10.79722602 1.14311838 8.63479948
v 10.83415228 -0.44999999 8.65556670
v 10.86736065 1.14357316 8.59072066
v 10.90410430 -0.44999999 8.61438322
v 10.94553954 1.14445996 8.56334639
v 10.97828061 -0.44999999 8.59009123
v 11.01749713 -0.44999999 8.58388090
v 11.02784449 1.14573431 8.55404997
v 11.05569798 -0.44999999 8.58190489
v 10.64554316 1.23544240 8.92090178
v 10.61167819 1.32084692 8.91796065
v 10.56667477 1.40001094 8.83369780
v 10.55920083 1.39464641 8.91542006
v 10.58730752 1.41740239 8.75601530
v 11.00345475 1.32278967 8.55096007
v 10.93661601 1.49135137 8.54801894
v 10.77255017 1.58221984 8.55557204
v 10.71504695 1.53045726 8.58344603
v 10.83304221 1.63700819 8.54547453
v 10.75060755 1.25912344 8.65987730
v 10.70798070 1.36798811 8.65747023
v 10.62007958 1.44596148 8.68620634
v 10.66337210 1.48427737 8.62771941
v 10.65790040 1.14573431 8.95624876
v 10.65765006 1.16009879 9.10233260
v 10.65686518 1.20506549 9.24861098
v 10.65554482 1.28069580 9.38546706
v 10.65375811 1.38305879 9.50366545
v 10.68575436 -0.44999999 12.72475767
v 10.65163237 1.50484717 9.59633208
v 10.63936478 1.66589475 9.58113814
v 10.61099345 1.69301367 9.50600386
v 10.43364770 1.75110602 9.33951903
v 10.26349312 1.82822037 9.32123900
v 10.35361106 1.75949788 9.31288481
v 10.26733739 1.79465628 9.31401396
v 10.26938349 1.76146412 9.30353499
v 10.52794558 1.84837675 9.43492461
v 10.56562287 1.71701574 9.43854094
v 10.50551039 1.73670650 9.38211012
v 10.27168995 1.69626474 9.27202177
v 10.64712483 1.22919297 8.95624876
v 10.27381617 1.63618255 9.22630644
v 10.61824471 1.30823350 8.95624876
v 10.27770764 1.52618885 9.02831602
v 10.27692277 1.54837239 9.10048247
v 10.44112498 1.48228848 8.95624876
v 10.36159236 1.50978470 8.95624876
v 10.27795846 1.51910245 8.95624876
v 10.54236037 1.49750841 9.23277998
v 10.57267672 1.37897968 8.95624876
v 10.51265580 1.43796229 8.95624876
v 10.27560288 1.58568335 9.16799498
v 10.35057980 1.51201046 8.90355635
v 10.27795846 1.51910245 8.90209914
v 10.42006308 1.49134195 8.90703154
v 10.49486214 1.45098472 8.91185713
v 10.27795846 1.76656675 8.55297804
v 10.47993619 1.83089256 8.53579283
v 10.27795846 1.85551500 8.53362608
v 10.65109736 1.76709056 8.54037810
v 10.74681622 1.70909381 8.54336500
v 10.27795846 1.53030014 8.81175948
v 10.41450268 1.59704041 8.65374327
v 10.27795846 1.56321526 8.72689009
v 10.27795846 1.61585593 8.65262556
v 10.27795846 1.68503547 8.59345961
v 10.56667477 1.40001094 2.27294112
v 10.61167819 1.32084692 2.18867827
v 10.55920083 1.39464641 2.19122267
v 10.58730752 1.41740239 2.35062743
v 10.64554316 1.23544240 2.18573714
v 10.66719729 1.14445996 2.26494932
v 10.65790040 1.14573431 2.18264723
v 10.69457156 1.14357316 2.34313155
v 10.93661601 1.49135137 2.55862379
v 10.77255017 1.58221984 2.55106688
v 10.71504695 1.53045726 2.52319670
v 11.00345475 1.32278967 2.55567885
v 10.94553954 1.14445996 2.54329253
v 10.86736065 1.14357316 2.51591826
v 11.02784449 1.14573431 2.55258894
v 10.70798070 1.36798811 2.44916869
v 10.66337210 1.48427737 2.47892332
v 10.62007958 1.44596148 2.42043639
v 10.75060755 1.25912344 2.44676161
v 10.79722602 1.14311838 2.47183943
v 10.73865086 1.14311838 2.41326475
v 10.27795846 1.53030014 2.29487944
v 10.36294705 1.50936568 2.20258665
v 10.27795846 1.51910245 2.20454359
v 10.50513369 1.44361115 2.19412184
v 10.44312007 1.48113763 2.19817686
v 10.27795846 1.76656675 2.55366469
v 10.41450268 1.59704041 2.45289564
v 10.27795846 1.68503547 2.51317931
v 10.27795846 1.61585593 2.45401335
v 10.27795846 1.56321526 2.37974882
v 10.27795846 1.51910245 2.15039397
v 10.36159236 1.50978470 2.15039397
v 10.44112498 1.48228848 2.15039397
v 10.51265580 1.43796229 2.15039397
v 10.57267672 1.37897968 2.15039397
v 10.61824471 1.30823350 2.15039397
v 10.64712483 1.22919297 2.15039397
v 10.65790040 1.14573431 2.15039397
v -10.45512908 -2.30001092 2.27294112
v -10.50013297 -2.22084689 2.18867827
v -10.44765609 -2.29464650 2.19122267
v -10.47576278 -2.31740236 2.35062743
v -10.53399795 -2.13544250 2.18573714
v -10.55565208 -2.04446006 2.26494932
v -10.54635566 -2.04573441 2.18264723
v -10.58302635 -2.04357314 2.34313155
v -10.66100448 -2.48221993 2.55106688
v -10.82507079 -2.39135146 2.55862379
v -10.60350173 -2.43045735 2.52319670
v -10.89191001 -2.22278976 2.55567885
v -10.83399528 -2.04446006 2.54329253
v -10.75581497 -2.04357314 2.51591826
v -10.91629928 -2.04573441 2.55258894
v -10.50853485 -2.34596157 2.42043639
v -10.59643501 -2.26798820 2.44916869
v -10.55182784 -2.38427734 2.47892332
v -10.63906234 -2.15912342 2.44676161
v -10.62710517 -2.04311848 2.41326475
v -10.68568176 -2.04311848 2.47183943
v -10.16641372 -2.41910243 2.15039397
v -10.16641372 -2.41910243 2.20454359
v -10.25140136 -2.40936565 2.20258665
v -10.25004714 -2.40978479 2.15039397
v -10.33157485 -2.38113761 2.19817686
v -10.32957977 -2.38228846 2.15039397
v -10.39358848 -2.34361124 2.19412184
v -10.40111106 -2.33796239 2.15039397
v -10.46113151 -2.27897978 2.15039397
v -10.50669998 -2.20823359 2.15039397
v -10.53557914 -2.12919307 2.15039397
v -10.54635566 -2.04573441 2.15039397
v -4.94250244 -2.74853897 9.32403899
v -4.93754714 -2.71474910 9.31873274
v -4.84918540 -2.65949798 9.31288481
v -4.93341201 -2.66146421 9.30353499
v -4.76914733 -2.65110612 9.33951903
v -4.59180206 -2.59301376 9.50600386
v -4.56343025 -2.56589484 9.58113814
v -4.67484992 -2.74837685 9.43492461
v -4.63717407 -2.61701584 9.43854094
v -4.69728607 -2.63670659 9.38211012
v -4.54514640 -2.06009889 9.10233260
v -4.55567115 -2.12919307 8.95624876
v -4.54489463 -2.04573441 8.95624876
v -4.58455032 -2.20823359 8.95624876
v -4.54593032 -2.10506558 9.24861098
v -4.92508834 -2.42618895 9.02831602
v -4.84120315 -2.40978479 8.95624876
v -4.76167053 -2.38228846 8.95624876
v -4.92483657 -2.41910243 8.95624876
v -4.55116409 -2.40484715 9.59633208
v -4.92587226 -2.44837236 9.10048247
v -4.54903739 -2.28305888 9.50366545
v -4.93110603 -2.59626484 9.27202177
v -4.92897933 -2.53618264 9.22630644
v -4.66043609 -2.39750838 9.23277998
v -4.92719215 -2.48568344 9.16799498
v -4.63011878 -2.27897978 8.95624876
v -4.69013923 -2.33796239 8.95624876
v -4.54725021 -2.18069577 9.38546706
v -4.51704162 -0.44999999 8.95184660
v -4.54489463 -2.04573441 8.92399550
v -4.51506370 -0.44999999 8.91364622
v -4.50885337 -0.44999999 8.87443114
v -4.53559821 -2.04446006 8.84168959
v -4.48456138 -0.44999999 8.80025435
v -4.50822395 -2.04357314 8.76351118
v -4.44337982 -0.44999999 8.73030043
v -4.46414512 -2.04311848 8.69337416
v -4.38694328 -0.44999999 8.67017317
v -4.40557044 -2.04311848 8.63479948
v -4.31923431 -0.44999999 8.62438536
v -4.33543533 -2.04357314 8.59072066
v -4.23739189 -0.44999999 8.59308958
v -4.25725692 -2.04446006 8.56334639
v -4.14709800 -0.44999999 8.58190489
v -4.17495101 -2.04573441 8.55404997
v -4.51704162 -0.44999999 12.72475767
v -10.23903411 -2.41201043 8.90355635
v -10.16641372 -2.41910243 8.90209914
v -10.16641372 -2.41910243 8.95624876
v -10.25004714 -2.40978479 8.95624876
v -10.30851882 -2.39134192 8.90703154
v -10.32957977 -2.38228846 8.95624876
v -10.38331741 -2.35098481 8.91185713
v -10.40111106 -2.33796239 8.95624876
v -10.44765609 -2.29464650 8.91542006
v -10.46113151 -2.27897978 8.95624876
v -10.50013297 -2.22084689 8.91796065
v -10.50669998 -2.20823359 8.95624876
v -10.53399795 -2.13544250 8.92090178
v -10.53557914 -2.12919307 8.95624876
v -10.54635566 -2.04573441 8.92399550
v -10.54635566 -2.04573441 8.95624876
v -10.54008811 -2.40484715 9.59633208
v -10.52782005 -2.56589484 9.58113814
v -10.49944824 -2.59301376 9.50600386
v -10.54221290 -2.28305888 9.50366545
v -10.16014427 -2.59626484 9.27202177
v -10.24206680 -2.65949798 9.31288481
v -10.32210296 -2.65110612 9.33951903
v -10.15783828 -2.66146421 9.30353499
v -10.54610389 -2.06009889 9.10233260
v -10.16227096 -2.53618264 9.22630644
v -10.54531997 -2.10506558 9.24861098
v -10.16616195 -2.42618895 9.02831602
v -10.16537803 -2.44837236 9.10048247
v -10.43081611 -2.39750838 9.23277998
v -10.16405815 -2.48568344 9.16799498
v -10.45407813 -2.61701584 9.43854094
v -10.39396613 -2.63670659 9.38211012
v -10.54400009 -2.18069577 9.38546706
v -10.15194839 -2.72822046 9.32123900
v -10.15579170 -2.69465637 9.31401396
v -10.41640037 -2.74837685 9.43492461
v 10.39854724 -0.44999999 13.09321165
v 10.48260075 -0.44999999 13.06107283
v 10.55213982 -0.44999999 13.01404524
v 10.61010081 -0.44999999 12.95229292
v 10.65239674 -0.44999999 12.88045073
v 10.67734391 -0.44999999 12.80426741
v 10.68372351 -0.44999999 12.76399184
v 8.63591725 4.40403843 12.64619017
v 9.00662428 4.24001217 12.72298003
v 9.00897557 4.24713326 12.64857817
v 8.24293334 4.49857473 12.73275709
v 8.24503905 4.50894880 12.64459181
v 8.53961951 4.04181147 13.02629423
v 8.89916760 3.88261533 13.02907515
v 8.92540366 3.96738410 13.01743651
v 8.16017586 4.14496565 13.02449370
v 8.17894227 4.21608257 13.01591063
v 8.76380164 4.23918200 12.91369200
v 8.94951445 4.04692984 12.98635817
v 8.97069365 4.11801243 12.93706847
v 8.98799569 4.17682743 12.87144423
v 9.00036818 4.21898794 12.79391814
v 8.49129874 4.33584070 12.91208601
v 8.23697335 4.46870565 12.81574583
v 8.22713858 4.42133093 12.88941145
v 8.21338469 4.35863352 12.94963026
v 8.19590956 4.28418303 12.99341154
v 8.63591725 4.40403843 9.74398756
v 8.24355704 4.50173903 9.67190504
v 8.24503905 4.50894880 9.74558211
v 9.00563771 4.23674536 9.65267134
v 9.00897557 4.24713326 9.74159575
v 8.53961951 4.04181147 9.36387968
v 8.16017586 4.14496565 9.36568022
v 8.18250329 4.23006868 9.37771559
v 8.92117077 3.95358443 9.36957503
v 8.94186885 4.02155924 9.39181471
v 8.89916760 3.88261533 9.36110258
v 8.49129874 4.33584070 9.47809172
v 8.20214135 4.31018782 9.40949583
v 8.21845061 4.38122702 9.45906401
v 8.23088318 4.43910933 9.52423430
v 8.23940760 4.48079538 9.60138655
v 8.76380164 4.23918200 9.47648192
v 8.99673230 4.20661879 9.56917143
v 8.98273617 4.15890694 9.49531889
v 8.96416480 4.09598732 9.43526030
v 4.67456395 1.63831687 12.77285719
v 4.62858636 -0.44999999 12.72475767
v 4.64007527 -0.44999999 12.81749297
v 4.66501576 1.63700819 12.68833113
v 4.70267731 1.63922763 12.85314894
v 4.67221409 -0.44999999 12.90154600
v 4.74794823 1.63969469 12.92518187
v 4.71924359 -0.44999999 12.97108412
v 4.80810601 1.63969469 12.98533964
v 4.78099591 -0.44999999 13.02904845
v 4.88013703 1.63922763 13.03060866
v 4.85283810 -0.44999999 13.07134199
v 4.96042878 1.63831687 13.05872298
v 4.92901951 -0.44999999 13.09629011
v 4.96929509 -0.44999999 13.10266829
v 5.04495770 1.63700819 13.06827116
v 5.30824429 2.73251867 13.04914809
v 6.40691239 3.70435786 13.03218413
v 5.97012765 3.16961026 13.04151869
v 6.39069420 3.58210397 13.03432036
v 5.11575467 2.19589424 13.05851698
v 6.09040410 3.21401572 13.04074431
v 7.19811875 4.05557203 13.02605391
v 7.26528126 3.97498536 13.02746153
v 6.19546372 3.28436065 13.03951598
v 7.34848458 3.90776753 13.02863646
v 6.34583527 3.46415830 13.03638029
v 7.44330460 3.85826850 13.02949858
v 6.28703076 3.37441516 13.03794432
v 7.54398829 3.82881141 13.03001356
v 6.21352440 3.29963541 13.03924895
v 7.64456183 3.81936288 13.03017760
v 7.66456181 3.81936288 13.03017760
v 8.11148745 4.05628395 13.02604246
v 8.04433209 3.97546935 13.02745390
v 8.90220315 3.70871902 13.03210783
v 8.91426522 3.60426307 13.03393126
v 7.96106202 3.90804553 13.02862883
v 8.94732577 3.50186157 13.03572035
v 7.86611945 3.85838962 13.02949858
v 9.01125437 3.39263701 13.03762770
v 7.76528460 3.82884002 13.03001356
v 9.09661013 3.30314660 13.03918791
v 9.62574584 3.18387485 13.04127074
v 9.54585559 3.16541219 13.04159117
v 4.96323258 2.88533568 12.66931868
v 5.32717282 3.41213441 12.80578566
v 5.30996186 3.42507052 12.73500777
v 5.30379540 3.42923832 12.66103316
v 5.53602654 3.25914526 13.02931929
v 5.46837956 3.30723310 12.99784804
v 4.74523598 2.27370143 12.67863417
v 5.06708867 2.84515929 12.93689299
v 5.40911538 3.35052323 12.94839812
v 5.36136777 3.38625503 12.88315916
v 4.85629326 2.25897074 12.94664717
v 4.79474980 2.45619154 9.71432066
v 4.69289548 1.91893744 9.62169218
v 4.68328721 1.91854572 9.70613432
v 4.72091061 1.91718221 9.54147292
v 5.15917069 2.35506678 9.33443785
v 4.97697503 1.89192915 9.33586073
v 4.89724881 1.90041709 9.36404753
v 5.06089932 1.88264513 9.32619047
v 5.31257493 3.42313313 9.64062834
v 5.00516564 2.96847034 9.72212172
v 5.30379540 3.42923832 9.72914076
v 5.33708054 3.40462613 9.55734587
v 5.54792172 3.25083160 9.35748244
v 5.34502274 2.80494237 9.34229231
v 5.49024350 3.29153872 9.37968016
v 5.60883195 3.20897746 9.34934187
v 4.90388638 2.43340135 9.44643355
v 4.76593262 1.91336751 9.46949339
v 4.82570893 1.90768433 9.40934706
v 5.10788972 2.92613769 9.45463133
v 5.37599141 3.37524700 9.48350478
v 5.42788464 3.33668733 9.42327833
v 5.05404812 1.84853888 9.32403899
v 5.04909283 1.81474900 9.31873274
v 4.96072919 1.75949788 9.31288481
v 5.04495770 1.76146412 9.30353499
v 4.88069302 1.75110602 9.33951903
v 4.70334775 1.69301367 9.50600386
v 4.67070634 1.77628851 9.69366789
v 4.67497594 1.66589475 9.58113814
v 4.66501576 1.63700819 9.66020918
v 4.78639561 1.84837675 9.43492461
v 4.74871785 1.71701574 9.43854094
v 4.80883080 1.73670650 9.38211012
v 4.65669114 1.16009879 9.10233260
v 4.66721589 1.22919297 8.95624876
v 4.65644032 1.14573431 8.95624876
v 4.69609601 1.30823350 8.95624876
v 4.65747601 1.20506549 9.24861098
v 5.03663308 1.52618885 9.02831602
v 4.95274884 1.50978470 8.95624876
v 4.87321622 1.48228848 8.95624876
v 5.03638226 1.51910245 8.95624876
v 4.66270882 1.50484717 9.59633208
v 5.03741795 1.54837239 9.10048247
v 4.66058308 1.38305879 9.50366545
v 5.04265076 1.69626474 9.27202177
v 5.04052502 1.63618255 9.22630644
v 4.77198083 1.49750841 9.23277998
v 5.03873784 1.58568335 9.16799498
v 4.74166447 1.37897968 8.95624876
v 4.80168492 1.43796229 8.95624876
v 4.65879590 1.28069580 9.38546706
v 4.62858636 -0.44999999 8.95184660
v 4.65644032 1.14573431 8.92399550
v 4.62660939 -0.44999999 8.91364622
v 4.62039715 -0.44999999 8.87443114
v 4.64714390 1.14445996 8.84168959
v 4.59610707 -0.44999999 8.80025435
v 4.61976964 1.14357316 8.76351118
v 4.55492455 -0.44999999 8.73030043
v 4.57568986 1.14311838 8.69337416
v 4.49848801 -0.44999999 8.67017317
v 4.51711518 1.14311838 8.63479948
v 4.43077904 -0.44999999 8.62438536
v 4.44698006 1.14357316 8.59072066
v 4.34893757 -0.44999999 8.59308958
v 4.36880070 1.14445996 8.56334639
v 4.25864274 -0.44999999 8.58190489
v 4.28649670 1.14573431 8.55404997
v -10.28700202 -0.44999999 13.09321165
v -10.37105506 -0.44999999 13.06107283
v -10.44059509 -0.44999999 13.01404524
v -10.49855560 -0.44999999 12.95229292
v -10.54085105 -0.44999999 12.88045073
v -10.56579917 -0.44999999 12.80426741
v -10.57217925 -0.44999999 12.76399184
v -10.57420867 -0.44999999 12.72475767
v -10.57420867 -0.44999999 8.95184660
v -10.55565208 -2.04446006 8.84168959
v -10.58302635 -2.04357314 8.76351118
v -10.45512908 -2.30001092 8.83369780
v -10.47576278 -2.31740236 8.75601530
v -10.91629928 -2.04573441 8.55404997
v -10.89191001 -2.22278976 8.55096007
v -10.83399528 -2.04446006 8.56334639
v -10.75581497 -2.04357314 8.59072066
v -10.82507079 -2.39135146 8.54801894
v -10.66100448 -2.48221993 8.55557204
v -10.60350173 -2.43045735 8.58344603
v -10.63906234 -2.15912342 8.65987730
v -10.68568176 -2.04311848 8.63479948
v -10.62710517 -2.04311848 8.69337416
v -10.55182784 -2.38427734 8.62771941
v -10.59643501 -2.26798820 8.65747023
v -10.50853485 -2.34596157 8.68620634
v -10.57618659 -0.44999999 8.91364622
v -10.58239883 -0.44999999 8.87443114
v -10.60668891 -0.44999999 8.80025435
v -10.64787238 -0.44999999 8.73030043
v -10.70430702 -0.44999999 8.67017317
v -10.77201599 -0.44999999 8.62438536
v -10.85385841 -0.44999999 8.59308958
v -10.94415229 -0.44999999 8.58190489
v -10.15783828 1.63700819 13.06827116
v -10.24236625 1.63831687 13.05872298
v -10.32265991 1.63922763 13.03060866
v -10.39468902 1.63969469 12.98533964
v -10.45484680 1.63969469 12.92518187
v -10.50011772 1.63922763 12.85314894
v -10.52823203 1.63831687 12.77285719
v -10.53778022 1.63700819 12.68833113
v -4.85774940 -0.44999999 13.10266829
v -4.81747383 -0.44999999 13.09629011
v -4.74129241 -0.44999999 13.07134199
v -4.66945022 -0.44999999 13.02904845
v -4.60769790 -0.44999999 12.97108412
v -4.56067031 -0.44999999 12.90154600
v -4.52852958 -0.44999999 12.81749297
v -9.89455169 2.73251867 13.04914809
v -8.79588264 3.70435786 13.03218413
v -9.23266738 3.16961026 13.04151869
v -8.81210273 3.58210397 13.03432036
v -10.08704131 2.19589424 13.05851698
v -9.11239189 3.21401572 13.04074431
v -8.00467628 4.05557203 13.02605391
v -7.93751472 3.97498536 13.02746153
v -9.00733131 3.28436065 13.03951598
v -7.85431045 3.90776753 13.02863646
v -8.85696166 3.46415830 13.03638029
v -7.75949043 3.85826850 13.02949858
v -8.91576522 3.37441516 13.03794432
v -7.65880721 3.82881141 13.03001356
v -8.98927253 3.29963541 13.03924895
v -7.55823463 3.81936288 13.03017760
v -7.53823417 3.81936288 13.03017760
v -6.66317695 4.04181147 13.02629423
v -7.04261917 4.14496565 13.02449370
v -7.09130805 4.05628395 13.02604246
v -7.15846389 3.97546935 13.02745390
v -6.30059379 3.70871902 13.03210783
v -6.30362838 3.88261533 13.02907515
v -6.28852981 3.60426307 13.03393126
v -7.24173301 3.90804553 13.02862883
v -6.25546974 3.50186157 13.03572035
v -7.33667701 3.85838962 13.02949858
v -6.19154113 3.39263701 13.03762770
v -7.43751090 3.82884002 13.03001356
v -6.10618537 3.30314660 13.03918791
v -5.57705062 3.18387485 13.04127074
v -5.65693992 3.16541219 13.04159117
v -10.23956436 2.88533568 12.66931868
v -9.87562316 3.41213441 12.80578566
v -9.89283317 3.42507052 12.73500777
v -9.89899963 3.42923832 12.66103316
v -9.66677040 3.25914526 13.02931929
v -9.73441642 3.30723310 12.99784804
v -10.45755905 2.27370143 12.67863417
v -10.13570732 2.84515929 12.93689299
v -9.79367965 3.35052323 12.94839812
v -9.84142822 3.38625503 12.88315916
v -10.34650176 2.25897074 12.94664717
v -6.56687873 4.40403843 12.64619017
v -6.19617217 4.24001217 12.72298003
v -6.19382041 4.24713326 12.64857817
v -6.95986312 4.49857473 12.73275709
v -6.95775741 4.50894880 12.64459181
v -6.27739280 3.96738410 13.01743651
v -7.02385276 4.21608257 13.01591063
v -6.43899482 4.23918200 12.91369200
v -6.25328201 4.04692984 12.98635817
v -6.23210281 4.11801243 12.93706847
v -6.21479934 4.17682743 12.87144423
v -6.20242828 4.21898794 12.79391814
v -6.71149772 4.33584070 12.91208601
v -6.96582168 4.46870565 12.81574583
v -6.97565788 4.42133093 12.88941145
v -6.98941177 4.35863352 12.94963026
v -7.00688690 4.28418303 12.99341154
v -3.51780647 1.66589475 2.57112456
v -3.59294074 1.69301367 2.59949828
v -3.75942558 1.75110602 2.77684355
v -3.77770561 1.82822037 2.94699812
v -3.78605979 1.75949788 2.85687971
v -3.78493064 1.79465628 2.94315291
v -3.79540962 1.76146412 2.94110823
v -3.66402000 1.84837675 2.68254423
v -3.66040367 1.71701574 2.64486647
v -3.71683448 1.73670650 2.70497847
v -10.82600349 1.40001094 2.64381743
v -10.91026634 1.32084692 2.59881163
v -10.90772384 1.39464641 2.65129042
v -10.74831909 1.41740239 2.62318373
v -10.91320938 1.23544240 2.56494856
v -10.83399528 1.14445996 2.54329253
v -10.91629928 1.14573431 2.55258894
v -10.75581497 1.14357316 2.51591826
v -10.53778022 1.63700819 2.37744856
v -10.54032272 1.49135137 2.27387572
v -10.54787773 1.58221984 2.43794203
v -10.57574981 1.53045726 2.49544478
v -10.54326576 1.32278967 2.20703459
v -10.55565208 1.14445996 2.26494932
v -10.58302635 1.14357316 2.34313155
v -10.54635566 1.14573431 2.18264723
v -10.64977592 1.36798811 2.50250960
v -10.62002319 1.48427737 2.54711867
v -10.67851013 1.44596148 2.59041167
v -10.65218299 1.25912344 2.45988417
v -10.62710517 1.14311838 2.41326475
v -10.68568176 1.14311838 2.47183943
v -4.63612121 -2.30001092 8.83369780
v -4.59111732 -2.22084689 8.91796065
v -4.64359420 -2.29464650 8.91542006
v -4.61548751 -2.31740236 8.75601530
v -4.55725234 -2.13544250 8.92090178
v -4.26617950 -2.39135146 8.54801894
v -4.43024581 -2.48221993 8.55557204
v -4.48774856 -2.43045735 8.58344603
v -4.19934028 -2.22278976 8.55096007
v -4.49481529 -2.26798820 8.65747023
v -4.53942436 -2.38427734 8.62771941
v -4.58271545 -2.34596157 8.68620634
v -4.45218795 -2.15912342 8.65987730
v -11.32816451 1.89192915 2.87312651
v -11.31849616 1.88264513 2.95704985
v -11.31634277 1.84853888 2.95019865
v -11.31103652 1.81474900 2.94524336
v -11.30519050 1.75949788 2.85687971
v -11.29584068 1.76146412 2.94110823
v -11.33182472 1.75110602 2.77684355
v -11.35635322 1.90041709 2.79339934
v -11.49830955 1.69301367 2.59949828
v -11.61399787 1.91893744 2.58904600
v -11.53377860 1.91718221 2.61706114
v -11.68597167 1.77628851 2.56685591
v -11.69843810 1.91854572 2.57943678
v -11.57344383 1.66589475 2.57112456
v -11.65251296 1.63700819 2.56116438
v -11.42723030 1.84837675 2.68254423
v -11.46179717 1.91336751 2.66208220
v -11.40165275 1.90768433 2.72185850
v -11.43084854 1.71701574 2.64486647
v -11.37441772 1.73670650 2.70497847
v 5.03638226 1.76656675 2.55366469
v 5.03638226 1.68503547 2.51317931
v 5.03638226 1.61585593 2.45401335
v 5.03638226 1.56321526 2.37974882
v 5.03638226 1.53030014 2.29487944
v 5.03638226 1.51910245 2.20454359
v -10.53411430 1.74761939 2.52332640
v -10.52937835 1.82001376 2.69077635
v -10.54528182 1.76656675 2.93253279
v -10.52692169 1.84659457 2.81008864
v -10.52592986 1.85551500 2.93253279
v -10.58576530 1.68503547 2.93253279
v -10.90482276 1.44361591 2.70535994
v -10.89635795 1.50936747 2.84754896
v -10.80406516 1.53030014 2.93253279
v -10.71919578 1.56321526 2.93253279
v -10.89440292 1.51910245 2.93253279
v -10.64779991 1.54451299 2.67243529
v -10.64493125 1.61585593 2.93253279
v -10.90076774 1.48114228 2.76737547
v -10.94855255 1.51910245 2.93253279
v -10.94855255 1.50978470 2.84889937
v -10.94855255 1.48228848 2.76936674
v -10.94855255 1.43796229 2.69783354
v -10.94855255 1.37897968 2.63781309
v -10.94855255 1.30823350 2.59224654
v -10.94855255 1.22919297 2.56336546
v -10.94855255 1.14573431 2.55258894
v -11.09463638 1.16009879 2.55284071
v -11.24091667 1.20506549 2.55362654
v -11.02062171 1.52618885 2.93278456
v -11.58863777 1.50484717 2.55885649
v -11.09278625 1.54837239 2.93356657
v -11.49596923 1.38305879 2.55673170
v -11.26432746 1.69626474 2.93880034
v -11.21861213 1.63618255 2.93667555
v -11.22508376 1.49750841 2.66812849
v -11.16030067 1.58568335 2.93488646
v -11.37777084 1.28069580 2.55494643
v -10.94855255 1.51910245 8.17410994
v -11.02062171 1.52618885 8.17385817
v -11.09278625 1.54837239 8.17307234
v -11.16030067 1.58568335 8.17175246
v -11.21861213 1.63618255 8.16996718
v -11.26432746 1.69626474 8.16783858
v -11.29584068 1.76146412 8.16553450
v -11.30631965 1.79465628 8.16348601
v -11.31354469 1.82822037 8.15964461
v -11.31849616 1.88264513 8.14959288
v -10.89440292 1.51910245 8.17410994
v -10.80406516 1.53030014 8.17410994
v -10.71919578 1.56321526 8.17410994
v -10.64493125 1.61585593 8.17410994
v -10.58576530 1.68503547 8.17410994
v -10.54528182 1.76656675 8.17410994
v -10.52592986 1.85551500 8.17410994
v -10.83399528 1.14445996 8.56334639
v -10.91320938 1.23544240 8.54169417
v -10.91629928 1.14573431 8.55404997
v -10.75581497 1.14357316 8.59072066
v -10.91026634 1.32084692 8.50782729
v -10.82600349 1.40001094 8.46282530
v -10.90772384 1.39464641 8.45535231
v -10.74831909 1.41740239 8.48345900
v -10.54635566 1.14573431 8.92399550
v -10.54326576 1.32278967 8.89960432
v -10.55565208 1.14445996 8.84168959
v -10.58302635 1.14357316 8.76351118
v -10.54032272 1.49135137 8.83276701
v -10.54787773 1.58221984 8.66870070
v -10.57574981 1.53045726 8.61119795
v -10.53778022 1.63700819 8.72919035
v -10.65218299 1.25912344 8.64675856
v -10.62710517 1.14311838 8.69337416
v -10.68568176 1.14311838 8.63479948
v -10.62002319 1.48427737 8.55952025
v -10.64977592 1.36798811 8.60412932
v -10.67851013 1.44596148 8.51623106
v -10.52809661 1.83089256 8.37608672
v -10.53268188 1.76709056 8.54724837
v -10.53567069 1.70909381 8.64296675
v -10.89586013 1.51201046 8.24673033
v -10.90416282 1.45098472 8.39101363
v -10.64604896 1.59704041 8.31065321
v -10.89933532 1.49134195 8.31621123
v -10.94855255 1.22919297 8.54327345
v -10.94855255 1.14573431 8.55404997
v -10.94855255 1.30823350 8.51439619
v -10.94855255 1.37897968 8.46882582
v -10.94855255 1.43796229 8.40880537
v -10.94855255 1.48228848 8.33727599
v -10.94855255 1.50978470 8.25774336
v -11.58863777 1.50484717 8.54778242
v -11.57344383 1.66589475 8.53551436
v -11.65251296 1.63700819 8.54547453
v -11.49830955 1.69301367 8.50714445
v -11.49596923 1.38305879 8.54990721
v -11.30519050 1.75949788 8.24975920
v -11.33182472 1.75110602 8.32979918
v -11.09463638 1.16009879 8.55379820
v -11.24091667 1.20506549 8.55301619
v -11.22508376 1.49750841 8.43851042
v -11.43084854 1.71701574 8.46177245
v -11.37441772 1.73670650 8.40166045
v -11.37777084 1.28069580 8.55169630
v -11.68596595 1.77628851 8.53978300
v -11.61399787 1.91893744 8.51759672
v -11.69843810 1.91854572 8.52720213
v -11.53377860 1.91718221 8.48958159
v -11.32816451 1.89192915 8.23351622
v -11.35635322 1.90041709 8.31324339
v -11.42723030 1.84837675 8.42409468
v -11.46179717 1.91336751 8.44455672
v -11.40165275 1.90768433 8.38478041
v -4.19539016 1.51201046 2.85991240
v -4.19684738 1.51910245 2.93253279
v -4.14269775 1.51910245 2.93253279
v -4.14269775 1.50978470 2.84889937
v -4.19191497 1.49134195 2.79042769
v -4.14269775 1.48228848 2.76936674
v -4.18708747 1.45098472 2.71562910
v -4.14269775 1.43796229 2.69783354
v -4.18352645 1.39464641 2.65129042
v -4.14269775 1.37897968 2.63781309
v -4.18098396 1.32084692 2.59881163
v -4.14269775 1.30823350 2.59224654
v -4.17804283 1.23544240 2.56494856
v -4.14269775 1.22919297 2.56336546
v -4.17495101 1.14573431 2.55258894
v -4.14269775 1.14573431 2.55258894
v -4.54596847 1.76656675 2.93253279
v -4.54337448 1.58221984 2.43794203
v -4.51550048 1.53045726 2.49544478
v -4.28718513 1.53030014 2.93253279
v -4.26524681 1.40001094 2.64381743
v -4.34293121 1.41740239 2.62318373
v -4.44520324 1.59704041 2.79598952
v -4.37205451 1.56321526 2.93253279
v -4.44631904 1.61585593 2.93253279
v -4.50548499 1.68503547 2.93253279
v -4.41274017 1.44596148 2.59041167
v -4.47122711 1.48427737 2.54711867
v -3.77275413 1.88264513 8.14959288
v -3.77490753 1.84853888 8.15644408
v -3.78021377 1.81474900 8.16139937
v -3.79540962 1.76146412 8.16553450
v -3.82692283 1.69626474 2.93880034
v -3.82692283 1.69626474 8.16783858
v -3.87264007 1.63618255 2.93667555
v -3.87264007 1.63618255 8.16996718
v -3.93094962 1.58568335 2.93488646
v -3.93094962 1.58568335 8.17175246
v -3.99846404 1.54837239 2.93356657
v -3.99846404 1.54837239 8.17307234
v -4.07063049 1.52618885 2.93278456
v -4.07063049 1.52618885 8.17385817
v -4.14269775 1.51910245 8.17410994
v -4.19684738 1.51910245 8.17410994
v -4.54596847 1.76656675 8.17410994
v -4.50548499 1.68503547 8.17410994
v -4.44631904 1.61585593 8.17410994
v -4.37205451 1.56321526 8.17410994
v -4.28718513 1.53030014 8.17410994
v -4.19489234 1.50936568 8.25909758
v -4.18642753 1.44361115 8.40128279
v -4.26524681 1.40001094 8.46282530
v -4.18352645 1.39464641 8.45535231
v -4.19048255 1.48113763 8.33927107
v -4.34293121 1.41740239 8.48345900
v -4.54337448 1.58221984 8.66870070
v -4.51550048 1.53045726 8.61119795
v -4.44520324 1.59704041 8.31065321
v -4.41274017 1.44596148 8.51623106
v -4.47122711 1.48427737 8.55952025
v -4.18098396 1.32084692 8.50782729
v -4.17804283 1.23544240 8.54169417
v -4.25725692 1.14445996 8.56334639
v -4.17495101 1.14573431 8.55404997
v -4.33543533 1.14357316 8.59072066
v -4.55092758 1.49135137 8.83276701
v -4.54798644 1.32278967 8.89960432
v -4.53559821 1.14445996 8.84168959
v -4.50822395 1.14357316 8.76351118
v -4.54489463 1.14573431 8.92399550
v -4.44147437 1.36798811 8.60412932
v -4.43906921 1.25912344 8.64675856
v -4.40557044 1.14311838 8.63479948
v -4.46414512 1.14311838 8.69337416
v -4.14269775 1.14573431 8.55404997
v -4.14269775 1.22919297 8.54327345
v -4.14269775 1.30823350 8.51439619
v -4.14269775 1.37897968 8.46882582
v -4.14269775 1.43796229 8.40880537
v -4.14269775 1.48228848 8.33727599
v -4.14269775 1.50978470 8.25774336
v -3.99661392 1.16009879 8.55379820
v -3.85033363 1.20506549 8.55301619
v -3.51780647 1.66589475 8.53551436
v -3.50261444 1.50484717 8.54778242
v -3.43873733 1.63700819 8.54547453
v -3.59294074 1.69301367 8.50714445
v -3.59528106 1.38305879 8.54990721
v -3.75942558 1.75110602 8.32979918
v -3.78605979 1.75949788 8.24975920
v -3.86616653 1.49750841 8.43851042
v -3.66040367 1.71701574 8.46177245
v -3.71683448 1.73670650 8.40166045
v -3.71347946 1.28069580 8.55169630
v -3.76308578 1.89192915 8.23351622
v -3.73489898 1.90041709 8.31324339
v -3.47725433 1.91893744 8.51759672
v -3.55747169 1.91718221 8.48958159
v -3.40527862 1.77628851 8.53978300
v -3.39281219 1.91854572 8.52720213
v -3.66402000 1.84837675 8.42409468
v -3.62945312 1.91336751 8.44455672
v -3.68959754 1.90768433 8.38478041
v -19.84720558 0.94289571 -1.87446260
v -19.70257514 -0.44999999 -1.65110063
v -19.72232765 -0.44999999 -1.74242067
v -19.76369804 -0.44999999 -1.82650423
v -19.82418769 -0.44999999 -1.89805650
v -19.90074104 -0.44999999 -1.95221376
v -19.98823875 -0.44999999 -1.98624849
v -20.11436027 1.63700819 -1.96163225
v -19.75616401 1.63827920 -1.70830965
v -19.73608344 1.63700819 -1.61720705
v -19.79784339 1.63907385 -1.79178285
v -19.85860008 1.63934422 -1.86258745
v -19.93477577 1.63907385 -1.91646242
v -20.02177757 1.63827920 -1.95015382
v -20.03239005 2.88316154 -1.59434175
v -20.40471595 3.40980983 -1.71727419
v -20.38456291 3.42352366 -1.65098238
v -20.37421745 3.42923832 -1.58096361
v -20.37741416 2.73337841 -1.94249391
v -20.68092292 3.21254086 -1.93412828
v -20.61157554 3.26082468 -1.92363023
v -20.54665321 3.30706120 -1.89487886
v -20.14789527 2.84444165 -1.84114885
v -20.48884529 3.34889483 -1.84944200
v -20.44084876 3.38387489 -1.78915453
v -19.99333137 2.45811343 -1.84835481
v -20.18616813 2.20217180 -1.95176744
v -19.81707710 2.27908301 -1.60667848
v -19.93730110 2.25737405 -1.85195970
v -19.89619010 2.05419064 -1.85555315
v -4.51704162 -0.44999999 -1.61811876
v -4.51907295 -0.44999999 -1.65734911
v -4.52545112 -0.44999999 -1.69762849
v -4.55039924 -0.44999999 -1.77380800
v -4.59269470 -0.44999999 -1.84565019
v -4.65065521 -0.44999999 -1.90740251
v -4.72019523 -0.44999999 -1.95443010
v -4.80424827 -0.44999999 -1.98657274
v -4.55116409 -2.40484715 1.51030684
v -4.54903739 -2.28305888 1.60297728
v -4.51704162 -0.44999999 2.15479231
v -4.54489463 -2.04573441 2.18264723
v -4.54489463 -2.04573441 2.15039397
v -4.54514640 -2.06009889 2.00431013
v -4.54593032 -2.10506558 1.85802794
v -4.54725021 -2.18069577 1.72117567
v -4.53559821 -2.04446006 2.26494932
v -4.50585502 -0.44999999 2.24508620
v -4.50822395 -2.04357314 2.34313155
v -4.47456115 -0.44999999 2.32693053
v -4.46414512 -2.04311848 2.41326475
v -4.42877143 -0.44999999 2.39463759
v -4.40557044 -2.04311848 2.47183943
v -4.36864417 -0.44999999 2.45107222
v -4.33543533 -2.04357314 2.51591826
v -4.29869216 -0.44999999 2.49225569
v -4.25725692 -2.04446006 2.54329253
v -4.22451537 -0.44999999 2.51654768
v -4.18529838 -0.44999999 2.52275801
v -4.17495101 -2.04573441 2.55258894
v -4.14709800 -0.44999999 2.52473784
v -4.55725234 -2.13544250 2.18573714
v -4.59111732 -2.22084689 2.18867827
v -4.63612121 -2.30001092 2.27294112
v -4.64359420 -2.29464650 2.19122267
v -4.61548751 -2.31740236 2.35062743
v -4.19934028 -2.22278976 2.55567885
v -4.26617950 -2.39135146 2.55862379
v -4.43024581 -2.48221993 2.55106688
v -4.48774856 -2.43045735 2.52319670
v -4.45218795 -2.15912342 2.44676161
v -4.49481529 -2.26798820 2.44916869
v -4.58271545 -2.34596157 2.42043639
v -4.53942436 -2.38427734 2.47892332
v -4.25725692 1.14445996 2.54329253
v -4.33543533 1.14357316 2.51591826
v -4.53559821 1.14445996 2.26494932
v -4.54798644 1.32278967 2.20703459
v -4.50822395 1.14357316 2.34313155
v -4.54489463 1.14573431 2.18264723
v -4.55092758 1.49135137 2.27387572
v -4.43906921 1.25912344 2.45988417
v -4.40557044 1.14311838 2.47183943
v -4.46414512 1.14311838 2.41326475
v -4.44147437 1.36798811 2.50250960
v -3.50261444 1.50484717 2.55885649
v -3.59528106 1.38305879 2.55673170
v -3.99661392 1.16009879 2.55284071
v -3.85033363 1.20506549 2.55362654
v -3.86616653 1.49750841 2.66812849
v -3.71347946 1.28069580 2.55494643
v 10.68575436 -0.44999999 -1.61811876
v 10.67426592 -0.44999999 -1.71085405
v 10.64212662 -0.44999999 -1.79490709
v 10.59509760 -0.44999999 -1.86444521
v 10.53334529 -0.44999999 -1.92240572
v 10.46150309 -0.44999999 -1.96470308
v 10.38532168 -0.44999999 -1.98964739
v 10.34504563 -0.44999999 -1.99602937
v 10.65375811 1.38305879 1.60297728
v 10.68575436 -0.44999999 2.15479231
v 10.65554482 1.28069580 1.72117567
v 10.65163237 1.50484717 1.51030684
v 10.65686518 1.20506549 1.85802794
v 10.65765006 1.16009879 2.00431013
v 8.63591725 4.40403843 -1.53954744
v 8.24355704 4.50173903 -1.61162996
v 8.24503905 4.50894880 -1.53794908
v 9.00563771 4.23674536 -1.63086366
v 9.00897557 4.24713326 -1.54193926
v 8.53961951 4.04181147 -1.91965532
v 8.16017586 4.14496565 -1.91785478
v 8.18250329 4.23006868 -1.90581941
v 8.92117077 3.95358443 -1.91395998
v 8.94186885 4.02155924 -1.89172029
v 8.89916760 3.88261533 -1.92243242
v 8.49129874 4.33584070 -1.80544328
v 8.20214135 4.31018782 -1.87403917
v 8.21845061 4.38122702 -1.82447099
v 8.23088318 4.43910933 -1.75930071
v 8.23940760 4.48079538 -1.68214845
v 8.76380164 4.23918200 -1.80705309
v 8.99673230 4.20661879 -1.71436357
v 8.98273617 4.15890694 -1.78821611
v 8.96416480 4.09598732 -1.84827470
v 9.00897557 4.24713326 1.36504317
v 8.63591725 4.40403843 1.36265517
v 8.24503905 4.50894880 1.36105681
v 9.00662428 4.24001217 1.43944502
v 8.24293334 4.49857473 1.44922209
v 8.53961951 4.04181147 1.74275923
v 8.89916760 3.88261533 1.74554015
v 8.92540366 3.96738410 1.73390150
v 8.16017586 4.14496565 1.74095869
v 8.17894227 4.21608257 1.73237563
v 8.76380164 4.23918200 1.63015700
v 8.94951445 4.04692984 1.70282317
v 8.97069365 4.11801243 1.65353346
v 8.98799569 4.17682743 1.58790922
v 9.00036818 4.21898794 1.51038313
v 8.49129874 4.33584070 1.62854719
v 8.23697335 4.46870565 1.53221083
v 8.22713858 4.42133093 1.60587645
v 8.21338469 4.35863352 1.66609526
v 8.19590956 4.28418303 1.70987654
v 10.26029307 1.84853888 1.78260374
v 10.26524836 1.81474900 1.78790999
v 10.35361106 1.75949788 1.79375410
v 10.26938349 1.76146412 1.80310393
v 10.43364770 1.75110602 1.76711989
v 10.61099345 1.69301367 1.60063505
v 10.63936478 1.66589475 1.52550078
v 10.52794558 1.84837675 1.67171431
v 10.56562287 1.71701574 1.66809798
v 10.50551039 1.73670650 1.72452879
v 10.27770764 1.52618885 2.07832289
v 10.27692277 1.54837239 2.00616026
v 10.27168995 1.69626474 1.83461714
v 10.27381617 1.63618255 1.88033247
v 10.54236037 1.49750841 1.87386275
v 10.27560288 1.58568335 1.93864394
v 10.69694001 -0.44999999 2.24508620
v 10.72823388 -0.44999999 2.32693053
v 10.77402550 -0.44999999 2.39463759
v 10.83415228 -0.44999999 2.45107222
v 10.90410430 -0.44999999 2.49225569
v 10.97828061 -0.44999999 2.51654768
v 11.01749713 -0.44999999 2.52275801
v 11.05569798 -0.44999999 2.52473784
v 25.74876172 -1.84332800 -1.85643053
v 25.59064919 -0.44999999 -1.98670244
v 25.67628819 -0.44999999 -1.95406389
v 25.75172860 -0.44999999 -1.90228319
v 25.81224877 -0.44999999 -1.83377885
v 25.85456330 -0.44999999 -1.75270891
v 25.87446744 -0.44999999 -1.67887926
v 25.87919385 -0.44999999 -1.60218095
v 25.74876172 0.94332796 -1.85643053
v 25.46152550 1.63700819 -1.96163225
v 25.54846722 1.63842010 -1.95151949
v 25.63079602 1.63940549 -1.92178392
v 25.70414120 1.63991141 -1.87400102
v 25.76461083 1.63991141 -1.81070375
v 25.80899674 1.63940549 -1.73525285
v 25.83494240 1.63842010 -1.65165376
v 25.84107072 1.63700819 -1.56433916
v 25.54271943 2.88317156 -1.54603243
v 25.18145806 3.41359758 -1.68854952
v 25.19677025 3.42603230 -1.61525392
v 25.20032269 3.42923832 -1.53913545
v 25.19872815 2.72909212 -1.94256639
v 24.89725739 3.20696974 -1.93422746
v 24.97200925 3.25826240 -1.92211580
v 25.04113537 3.30744219 -1.88905000
v 25.44406945 2.84737492 -1.82427263
v 25.10112530 3.35159588 -1.83723497
v 25.14859158 3.38777924 -1.76908159
v 25.59948212 2.46146154 -1.83045625
v 25.38913495 2.19988060 -1.95180559
v 25.75889546 2.27912998 -1.55455827
v 25.65595872 2.26079988 -1.83372163
v 25.78817994 1.96034217 -1.72335100
v 25.68751103 2.05524206 -1.84749269
v 25.67266614 1.63700819 -0.10644579
v 16.70628697 2.27617884 8.36450529
v 15.25856835 2.27617884 8.46466399
v 15.25856835 1.63700819 8.54547453
v 16.72263152 1.63700819 8.44381667
v 16.67650050 2.88304377 8.15026808
v 16.62944836 3.42923832 7.81185103
v 15.25856835 3.42923832 7.90669585
v 15.25856835 2.88304377 8.24836684
v 18.12641913 2.27617884 8.06593275
v 18.15859586 1.63700819 8.14080000
v 18.06741411 2.88304377 7.85784102
v 17.97420627 3.42923832 7.52912474
v 19.49190432 2.27617884 7.57463789
v 19.53890235 1.63700819 7.64223051
v 19.40480477 2.88304377 7.37665129
v 19.26721770 3.42923832 7.06390333
v 20.77672345 2.27617884 6.89997816
v 20.83706004 1.63700819 6.95768690
v 20.66318900 2.88304377 6.71587706
v 20.48384387 3.42923832 6.42505598
v 21.95639330 2.27617884 6.05481673
v 22.02815396 1.63700819 6.10029936
v 21.81858737 2.88304377 5.88810301
v 21.60090214 3.42923832 5.62475157
v 23.00843627 2.27617884 5.05525542
v 23.08932406 1.63700819 5.08652830
v 22.84898478 2.88304377 4.90910292
v 23.45347554 3.42923832 3.60355711
v 22.59710700 3.42923832 4.67824126
v 23.91280514 2.27617884 3.92033720
v 24.00020558 1.63700819 3.93582869
v 23.73474652 2.88304377 3.79753828
v 24.65226609 2.27617884 2.67168761
v 24.74331433 1.63700819 2.67028380
v 24.45899350 2.88304377 2.57458067
v 24.15368992 3.42923832 2.42118407
v 25.21273095 2.27617884 1.33310652
v 25.30439145 1.63700819 1.31418562
v 25.00792653 2.88304377 1.26354170
v 24.68440777 3.42923832 1.15364790
v 25.58351857 2.27617884 -0.06990099
v 25.37108571 2.88304377 -0.11060381
v 25.03551537 3.42923832 -0.17489671
v 25.71500641 -0.44999999 -0.13511705
v 25.34915787 -0.44999999 1.29505110
v 24.78870446 -0.44999999 2.66074705
v 24.04445511 -0.44999999 3.93562651
v 23.13076264 -0.44999999 5.09510756
v 22.06524808 -0.44999999 6.11682463
v 20.86846167 -0.44999999 6.98107481
v 19.56348425 -0.44999999 7.67119170
v 18.17548281 -0.44999999 8.17386580
v 16.73122627 -0.44999999 8.47940016
v 15.25856835 -0.44999999 8.58190489
v 4.65644032 -2.04573441 8.92399550
v 4.64714390 -2.04446006 8.84168959
v 4.61976964 -2.04357314 8.76351118
v 4.57568986 -2.04311848 8.69337416
v 4.51711518 -2.04311848 8.63479948
v 4.44698006 -2.04357314 8.59072066
v 4.36880070 -2.04446006 8.56334639
v 4.28649670 -2.04573441 8.55404997
v 4.37679249 -2.30001092 8.46282530
v 4.29252965 -2.22084689 8.50782729
v 4.29507214 -2.29464650 8.45535231
v 4.45447690 -2.31740236 8.48345900
v 4.28958756 -2.13544250 8.54169417
v 4.65491826 -2.48221993 8.66870070
v 4.66247326 -2.39135146 8.83276701
v 4.62704522 -2.43045735 8.61119795
v 4.65953118 -2.22278976 8.89960432
v 4.52428586 -2.34596157 8.51623106
v 4.55302006 -2.26798820 8.60412932
v 4.58277184 -2.38427734 8.55952025
v 4.55061394 -2.15912342 8.64675856
v 4.39873082 -2.43030024 8.17410994
v 4.30643708 -2.40936565 8.25909758
v 4.30839306 -2.41910243 8.17410994
v 4.29797227 -2.34361124 8.40128279
v 4.30202729 -2.38113761 8.33927107
v 4.65751320 -2.66656685 8.17410994
v 4.55674702 -2.49704051 8.31065321
v 4.48360020 -2.46321535 8.17410994
v 4.55786473 -2.51585603 8.17410994
v 4.61702973 -2.58503556 8.17410994
v 5.00516564 2.96847034 1.38451720
v 5.30379540 3.42923832 1.37749815
v 5.30379540 3.42923832 -1.55439424
v 4.96323258 2.88533568 -1.56267595
v 4.79474980 2.45619154 1.39231825
v 4.74523598 2.27370143 -1.57199144
v 4.68328721 1.91854572 1.40050841
v 4.66501576 1.63700819 -1.58168840
v 4.67070824 1.77628851 1.41297865
v 4.66501576 1.63700819 1.44643355
v 5.32717282 3.41213441 1.52225066
v 5.30996186 3.42507052 1.45147276
v 5.34502274 2.80494237 1.76435042
v 5.53602654 3.25914526 1.74578429
v 5.46837956 3.30723310 1.71431303
v 4.69289548 1.91893744 1.48494673
v 4.72091061 1.91718221 1.56516600
v 4.97697503 1.89192915 1.77078200
v 5.15917069 2.35506678 1.77220106
v 4.89724881 1.90041709 1.74259138
v 5.06089932 1.88264513 1.78044844
v 5.10788972 2.92613769 1.65200758
v 5.40911538 3.35052323 1.66486311
v 5.36136777 3.38625503 1.59962416
v 4.90388638 2.43340135 1.66020918
v 4.76593262 1.91336751 1.63714934
v 4.82570893 1.90768433 1.69729185
v 4.67497594 1.66589475 1.52550078
v 4.70334775 1.69301367 1.60063505
v 4.88069302 1.75110602 1.76711989
v 5.05084759 1.82822037 1.78539992
v 4.96072919 1.75949788 1.79375410
v 5.04700333 1.79465628 1.79262495
v 5.04495770 1.76146412 1.80310393
v 4.78639561 1.84837675 1.67171431
v 4.74871785 1.71701574 1.66809798
v 4.80883080 1.73670650 1.72452879
v 4.66270882 1.50484717 1.51030684
v 4.66058308 1.38305879 1.60297728
v 5.04265076 1.69626474 1.83461714
v 4.66721589 1.22919297 2.15039397
v 4.65669114 1.16009879 2.00431013
v 4.65644032 1.14573431 2.15039397
v 5.04052502 1.63618255 1.88033247
v 4.69609601 1.30823350 2.15039397
v 4.65747601 1.20506549 1.85802794
v 5.03663308 1.52618885 2.07832289
v 5.03741795 1.54837239 2.00616026
v 4.87321622 1.48228848 2.15039397
v 4.95274884 1.50978470 2.15039397
v 5.03638226 1.51910245 2.15039397
v 4.77198083 1.49750841 1.87386275
v 4.74166447 1.37897968 2.15039397
v 4.80168492 1.43796229 2.15039397
v 5.03873784 1.58568335 1.93864394
v 4.65879590 1.28069580 1.72117567
v 4.62858636 -0.44999999 2.15479231
v 4.62660939 -0.44999999 2.19299269
v 4.65644032 1.14573431 2.18264723
v 4.64714390 1.14445996 2.26494932
v 4.62039715 -0.44999999 2.23221159
v 4.59610707 -0.44999999 2.30638457
v 4.61976964 1.14357316 2.34313155
v 4.55492455 -0.44999999 2.37633849
v 4.57568986 1.14311838 2.41326475
v 4.49848801 -0.44999999 2.43646574
v 4.51711518 1.14311838 2.47183943
v 4.43077904 -0.44999999 2.48225737
v 4.44698006 1.14357316 2.51591826
v 4.34893757 -0.44999999 2.51354933
v 4.36880070 1.14445996 2.54329253
v 4.25864274 -0.44999999 2.52473784
v 4.28649670 1.14573431 2.55258894
v 4.65644032 -2.04573441 2.18264723
v 4.64714390 -2.04446006 2.26494932
v 4.61976964 -2.04357314 2.34313155
v 4.57568986 -2.04311848 2.41326475
v 4.51711518 -2.04311848 2.47183943
v 4.44698006 -2.04357314 2.51591826
v 4.36880070 -2.04446006 2.54329253
v 4.28649670 -2.04573441 2.55258894
v 4.28958756 -2.13544250 2.56494856
v 4.29252965 -2.22084689 2.59881163
v 4.37679249 -2.30001092 2.64381743
v 4.29507214 -2.29464650 2.65129042
v 4.45447690 -2.31740236 2.62318373
v 4.65953118 -2.22278976 2.20703459
v 4.66247326 -2.39135146 2.27387572
v 4.65491826 -2.48221993 2.43794203
v 4.62704522 -2.43045735 2.49544478
v 4.55061394 -2.15912342 2.45988417
v 4.55302006 -2.26798820 2.50250960
v 4.52428586 -2.34596157 2.59041167
v 4.58277184 -2.38427734 2.54711867
v 4.30839306 -2.41910243 2.93253279
v 4.39873082 -2.43030024 2.93253279
v 4.48360020 -2.46321535 2.93253279
v 4.55786473 -2.51585603 2.93253279
v 4.61702973 -2.58503556 2.93253279
v 4.65751320 -2.66656685 2.93253279
v 4.30693490 -2.41201043 2.85991240
v 4.29863316 -2.35098481 2.71562910
v 4.55674702 -2.49704051 2.79598952
v 4.30346066 -2.39134192 2.79042769
v -4.69766181 -2.34361124 8.91251707
v -4.75967544 -2.38113761 8.90846205
v -4.83984893 -2.40936565 8.90405226
v -4.92483657 -2.41910243 8.90209914
v -4.92483657 -2.43030024 8.81175948
v -4.92483657 -2.66656685 8.55297804
v -4.78829330 -2.49704051 8.65374327
v -4.92483657 -2.58503556 8.59345961
v -4.92483657 -2.51585603 8.65262556
v -4.92483657 -2.46321535 8.72689009
v -10.57420867 -0.44999999 2.15479231
v -10.58539527 -0.44999999 2.24508620
v -10.61668914 -0.44999999 2.32693053
v -10.66248077 -0.44999999 2.39463759
v -10.72260803 -0.44999999 2.45107222
v -10.79256004 -0.44999999 2.49225569
v -10.86673492 -0.44999999 2.51654768
v -10.90595191 -0.44999999 2.52275801
v -10.94415229 -0.44999999 2.52473784
v -10.16641372 -2.66656685 8.55297804
v -10.16641372 -2.43030024 8.81175948
v -10.30295699 -2.49704051 8.65374327
v -10.16641372 -2.58503556 8.59345961
v -10.16641372 -2.51585603 8.65262556
v -10.16641372 -2.46321535 8.72689009
v -4.56343025 -2.56589484 1.52550078
v -4.59180206 -2.59301376 1.60063505
v -4.76914733 -2.65110612 1.76711989
v -4.93930190 -2.72822046 1.78539992
v -4.84918540 -2.65949798 1.79375410
v -4.93545860 -2.69465637 1.79262495
v -4.93341201 -2.66146421 1.80310393
v -4.67484992 -2.74837685 1.67171431
v -4.63717407 -2.61701584 1.66809798
v -4.69728607 -2.63670659 1.72452879
v -4.92483657 -2.66656685 2.55366469
v -4.92483657 -2.41910243 2.20454359
v -4.85221618 -2.41201043 2.20308638
v -4.92483657 -2.43030024 2.29487944
v -4.70793289 -2.35098481 2.19478178
v -4.78829330 -2.49704051 2.45289564
v -4.78273338 -2.39134192 2.19961119
v -4.92483657 -2.46321535 2.37974882
v -4.92483657 -2.51585603 2.45401335
v -4.92483657 -2.58503556 2.51317931
v -4.55567115 -2.12919307 2.15039397
v -4.58455032 -2.20823359 2.15039397
v -4.63011878 -2.27897978 2.15039397
v -4.69013923 -2.33796239 2.15039397
v -4.76167053 -2.38228846 2.15039397
v -4.84120315 -2.40978479 2.15039397
v -4.92483657 -2.41910243 2.15039397
v -4.93110603 -2.59626484 1.83461714
v -4.92897933 -2.53618264 1.88033247
v -4.92508834 -2.42618895 2.07832289
v -4.92587226 -2.44837236 2.00616026
v -4.66043609 -2.39750838 1.87386275
v -4.92719215 -2.48568344 1.93864394
v -10.14874786 -2.74853897 1.78260374
v -10.15370315 -2.71474910 1.78790999
v -10.15783828 -2.66146421 1.80310393
v -10.16014427 -2.59626484 1.83461714
v -10.16227096 -2.53618264 1.88033247
v -10.16405815 -2.48568344 1.93864394
v -10.16537803 -2.44837236 2.00616026
v -10.16616195 -2.42618895 2.07832289
v -10.16641372 -2.66656685 2.55366469
v -10.16641372 -2.58503556 2.51317931
v -10.16641372 -2.51585603 2.45401335
v -10.16641372 -2.46321535 2.37974882
v -10.16641372 -2.43030024 2.29487944
v -10.30295699 -2.49704051 2.45289564
v -10.54610389 -2.06009889 2.00431013
v -10.54531997 -2.10506558 1.85802794
v -10.52782005 -2.56589484 1.52550078
v -10.54008811 -2.40484715 1.51030684
v -10.49944824 -2.59301376 1.60063505
v -10.54221290 -2.28305888 1.60297728
v -10.32210296 -2.65110612 1.76711989
v -10.24206680 -2.65949798 1.79375410
v -10.43081611 -2.39750838 1.87386275
v -10.45407813 -2.61701584 1.66809798
v -10.39396613 -2.63670659 1.72452879
v -10.54400009 -2.18069577 1.72117567
v -10.41640037 -2.74837685 1.67171431
v -19.84720558 -1.84289575 -1.87446260
v -25.63721794 -1.84332800 -1.85643053
v -25.76765006 -0.44999999 -1.60218095
v -25.47910255 -0.44999999 -1.98670244
v -25.56474250 -0.44999999 -1.95406389
v -25.64018196 -0.44999999 -1.90228319
v -25.70070213 -0.44999999 -1.83377885
v -25.74301856 -0.44999999 -1.75270891
v -25.76292365 -0.44999999 -1.67887926
v -25.63721794 0.94332796 -1.85643053
v -25.72952598 1.63700819 -1.56433916
v -25.72339576 1.63842010 -1.65165376
v -25.69745201 1.63940549 -1.73525285
v -25.65306419 1.63991141 -1.81070375
v -25.59259742 1.63991141 -1.87400102
v -25.51925224 1.63940549 -1.92178392
v -25.43692344 1.63842010 -1.95151949
v -25.34997886 1.63700819 -1.96163225
v -24.78170341 3.21199870 -1.93413973
v -25.08514732 2.73355222 -1.94249010
v -24.84415382 3.25494170 -1.92557954
v -25.67698234 1.96004868 -1.72334718
v -25.64788764 2.27829838 -1.55456972
v -25.57642692 2.05465102 -1.84753847
v -25.27807182 2.19911647 -1.95181703
v -25.54502052 2.25997066 -1.83379411
v -25.54827827 2.47733927 -1.74352312
v -25.42884391 2.88828492 -1.54596376
v -25.45482582 2.55947232 -1.82890749
v -25.33891242 2.62860870 -1.89356279
v -25.33205360 2.84923649 -1.82423830
v -25.24093574 3.03381205 -1.81398821
v -25.08419364 3.43502736 -1.53906679
v -25.07849067 3.43000603 -1.63018846
v -25.05606788 3.41189933 -1.71653413
v -25.01822227 3.38230896 -1.79348802
v -24.96634620 3.34300494 -1.85649538
v -24.90308708 3.29673123 -1.90224123
v -24.68392509 3.17651486 -1.93475771
v -24.58163780 3.16035652 -1.93503999
v -24.47847312 3.16385055 -1.93497896
v -24.37809699 3.18695521 -1.93457460
v -24.28377860 3.22868276 -1.93384599
v -23.99829429 3.60261798 -1.92731905
v -23.98560279 3.70871902 -1.92546892
v -23.12346595 3.97247338 -1.92086458
v -23.19087928 4.05214834 -1.91947221
v -23.04230827 3.90735555 -1.92200136
v -24.03140205 3.50164795 -1.92908144
v -22.95030921 3.85923457 -1.92284059
v -24.09421104 3.39402461 -1.93096208
v -22.85070747 3.82952189 -1.92335939
v -24.18046897 3.30314660 -1.93254900
v -22.74658912 3.81936288 -1.92353868
v -24.19856208 3.28794265 -1.93281221
v -21.29392188 3.29963541 -1.93261003
v -22.72657722 3.81936288 -1.92353868
v -22.62184471 3.82968974 -1.92335558
v -21.36837715 3.37581396 -1.93127870
v -22.52149146 3.85980964 -1.92283296
v -21.27584785 3.28436065 -1.93287706
v -21.18863624 3.22373986 -1.93393373
v -21.42612022 3.46460986 -1.92972994
v -22.42902702 3.90842795 -1.92198229
v -21.09173530 3.18139744 -1.93467378
v -21.47050041 3.58060670 -1.92770433
v -22.34788459 3.97384953 -1.92084169
v -20.98876136 3.15864015 -1.93507051
v -22.28069251 4.05366087 -1.91944933
v -21.48723167 3.70435786 -1.92554521
v -20.88356727 3.15639830 -1.93510866
v -20.77983421 3.17448711 -1.93479204
v -10.57420867 -0.44999999 -1.61811876
v -10.23350089 -0.44999999 -1.99602937
v -10.27377647 -0.44999999 -1.98964739
v -10.34995788 -0.44999999 -1.96470308
v -10.42180007 -0.44999999 -1.92240572
v -10.48355239 -0.44999999 -1.86444521
v -10.53058189 -0.44999999 -1.79490709
v -10.56272071 -0.44999999 -1.71085405
v -10.15783828 1.63700819 -1.96163225
v -10.24236625 1.63831687 -1.95208406
v -10.32265991 1.63922763 -1.92396974
v -10.39468902 1.63969469 -1.87869692
v -10.45484680 1.63969469 -1.81853914
v -10.50011772 1.63922763 -1.74651003
v -10.52823203 1.63831687 -1.66621828
v -10.53778022 1.63700819 -1.58168840
v -10.45755905 2.27370143 -1.57199144
v -10.08704131 2.19589424 -1.95187425
v -9.89022010 3.42313313 -1.64290666
v -10.23956436 2.88533568 -1.56267595
v -9.89899963 3.42923832 -1.55439424
v -9.86571639 3.40462613 -1.72618913
v -9.65487426 3.25083160 -1.92605257
v -9.89455169 2.73251867 -1.94250917
v -9.71255248 3.29153872 -1.90385484
v -9.59396308 3.20897746 -1.93419313
v -10.34650176 2.25897074 -1.84000444
v -10.13570732 2.84515929 -1.83025026
v -9.82680457 3.37524700 -1.80003023
v -9.77491134 3.33668733 -1.86025667
v -6.56687873 4.40403843 -1.53954744
v -6.95923942 4.50173903 -1.61162996
v -6.95775741 4.50894880 -1.53794908
v -6.19715827 4.23674536 -1.63086366
v -6.19382041 4.24713326 -1.54193926
v -6.66317695 4.04181147 -1.91965532
v -7.04261917 4.14496565 -1.91785478
v -7.02029174 4.23006868 -1.90581941
v -6.28162521 3.95358443 -1.91395998
v -6.26092666 4.02155924 -1.89172029
v -6.30362838 3.88261533 -1.92243242
v -6.71149772 4.33584070 -1.80544328
v -7.00065368 4.31018782 -1.87403917
v -6.98434585 4.38122702 -1.82447099
v -6.97191375 4.43910933 -1.75930071
v -6.96338790 4.48079538 -1.68214845
v -6.43899482 4.23918200 -1.80705309
v -6.20606368 4.20661879 -1.71436357
v -6.22005981 4.15890694 -1.78821611
v -6.23863166 4.09598732 -1.84827470
v -9.49947685 3.17360711 -1.93480730
v -9.39617866 3.15614319 -1.93511247
v -9.28940910 3.15921235 -1.93505907
v -9.18533271 3.18323708 -1.93463945
v -9.08980697 3.22625041 -1.93389177
v -8.80788368 3.60018849 -1.92736482
v -8.79588264 3.70435786 -1.92554521
v -7.93751472 3.97498536 -1.92082262
v -8.00467628 4.05557203 -1.91941499
v -7.85431045 3.90776753 -1.92199373
v -8.84076255 3.49805737 -1.92914629
v -7.75949043 3.85826850 -1.92285967
v -8.90434593 3.38905811 -1.93104982
v -7.65880721 3.82881141 -1.92337083
v -8.98927253 3.29963541 -1.93261003
v -7.55823463 3.81936288 -1.92353868
v -9.00733131 3.28436065 -1.93287706
v -7.53823417 3.81936288 -1.92353868
v -6.10618537 3.30314660 -1.93254900
v -7.43751090 3.82884002 -1.92337083
v -6.18006080 3.37797308 -1.93124056
v -7.33667701 3.85838962 -1.92285585
v -6.08811897 3.28794265 -1.93281221
v -6.00550025 3.23003650 -1.93382311
v -6.23918289 3.46788239 -1.92967271
v -7.24173301 3.90804553 -1.92198991
v -5.90986770 3.18725967 -1.93457079
v -6.28428977 3.58612895 -1.92760896
v -7.15846389 3.97546935 -1.92081117
v -5.80573028 3.16349292 -1.93498659
v -7.09130805 4.05628395 -1.91940355
v -6.30059379 3.70871902 -1.92546892
v -5.69895309 3.16068840 -1.93503618
v -5.59569877 3.17840886 -1.93472719
v 19.95875126 -1.84289575 -1.87446260
v 19.81411845 -0.44999999 -1.65110063
v 19.83387429 -0.44999999 -1.74242067
v 19.87524277 -0.44999999 -1.82650423
v 19.93573195 -0.44999999 -1.89805650
v 20.01228768 -0.44999999 -1.95221376
v 20.09978539 -0.44999999 -1.98624849
v 4.91579396 -0.44999999 -1.98657274
v 4.83173997 -0.44999999 -1.95443010
v 4.76220090 -0.44999999 -1.90740251
v 4.70424039 -0.44999999 -1.84565019
v 4.66194398 -0.44999999 -1.77380800
v 4.63699681 -0.44999999 -1.69762849
v 4.63061673 -0.44999999 -1.65734911
v 4.62858636 -0.44999999 -1.61811876
v 4.96042878 1.63831687 -1.95208406
v 5.04495770 1.63700819 -1.96163225
v 4.88013703 1.63922763 -1.92396974
v 4.80810601 1.63969469 -1.87869692
v 4.74794823 1.63969469 -1.81853914
v 4.70267731 1.63922763 -1.74651003
v 4.67456395 1.63831687 -1.66621828
v 5.11575467 2.19589424 -1.95187425
v 5.31257493 3.42313313 -1.64290666
v 5.33708054 3.40462613 -1.72618913
v 5.54792172 3.25083160 -1.92605257
v 5.30824429 2.73251867 -1.94250917
v 5.49024350 3.29153872 -1.90385484
v 5.60883195 3.20897746 -1.93419313
v 4.85629326 2.25897074 -1.84000444
v 5.06708867 2.84515929 -1.83025026
v 5.37599141 3.37524700 -1.80003023
v 5.42788464 3.33668733 -1.86025667
v 5.70332009 3.17360711 -1.93480730
v 5.80661732 3.15614319 -1.93511247
v 5.91338688 3.15921235 -1.93505907
v 6.01746327 3.18323708 -1.93463945
v 6.11298901 3.22625041 -1.93389177
v 6.39491231 3.60018849 -1.92736482
v 6.40691239 3.70435786 -1.92554521
v 7.26528126 3.97498536 -1.92082262
v 7.19811875 4.05557203 -1.91941499
v 7.34848458 3.90776753 -1.92199373
v 6.36203248 3.49805737 -1.92914629
v 7.44330460 3.85826850 -1.92285967
v 6.29845101 3.38905811 -1.93104982
v 7.54398829 3.82881141 -1.92337083
v 6.21352440 3.29963541 -1.93261003
v 7.64456183 3.81936288 -1.92353868
v 6.19546372 3.28436065 -1.93287706
v 7.66456181 3.81936288 -1.92353868
v 9.09661013 3.30314660 -1.93254900
v 7.76528460 3.82884002 -1.92337083
v 9.02273518 3.37797308 -1.93124056
v 7.86611945 3.85838962 -1.92285585
v 9.11467606 3.28794265 -1.93281221
v 9.19729525 3.23003650 -1.93382311
v 8.96361310 3.46788239 -1.92967271
v 7.96106202 3.90804553 -1.92198991
v 9.29292876 3.18725967 -1.93457079
v 8.91850621 3.58612895 -1.92760896
v 8.04433209 3.97546935 -1.92081117
v 9.39706475 3.16349292 -1.93498659
v 8.11148745 4.05628395 -1.91940355
v 8.90220315 3.70871902 -1.92546892
v 9.50384242 3.16068840 -1.93503618
v 9.60709721 3.17840886 -1.93472719
v 19.95875126 0.94289571 -1.87446260
v 21.86245495 4.40414858 -1.54883241
v 21.49366194 4.23907280 -1.62678575
v 21.48871094 4.24713326 -1.55540132
v 22.25593239 4.50552130 -1.59157610
v 22.25390345 4.50894880 -1.54323244
v 22.25904280 4.49603510 -1.63905000
v 21.96619994 4.04470396 -1.91960573
v 21.60694701 3.88746715 -1.92234850
v 21.57855088 3.97912097 -1.90881395
v 22.26666361 4.46691275 -1.71483278
v 22.27722270 4.42290068 -1.78218126
v 22.30702120 4.29861164 -1.88098955
v 22.29073292 4.36585855 -1.83852052
v 22.32563073 4.22455454 -1.90776109
v 22.34615189 4.14639997 -1.91782808
v 21.74450165 4.23953104 -1.81089830
v 21.55216176 4.06412411 -1.87247514
v 21.53094918 4.13149023 -1.82150697
v 21.51473767 4.18135452 -1.76262331
v 21.50200039 4.21807241 -1.69465303
v 20.89557082 3.17928004 -1.93471193
v 20.99971730 3.16094971 -1.93502855
v 21.10515935 3.16304541 -1.93499422
v 21.20793683 3.18560362 -1.93460130
v 21.30448348 3.22761083 -1.93386507
v 21.59149129 3.60264087 -1.92731905
v 21.60400540 3.70871902 -1.92546892
v 22.46470839 3.97387242 -1.92084169
v 22.39717251 4.05418110 -1.91943788
v 22.54615313 3.90819383 -1.92198610
v 21.55853039 3.50166845 -1.92908144
v 22.63856560 3.85962701 -1.92283296
v 21.49585396 3.39402986 -1.93096208
v 22.73866421 3.82962489 -1.92335939
v 21.40967757 3.30314660 -1.93254900
v 22.84333521 3.81936288 -1.92353868
v 21.39159543 3.28794265 -1.93281221
v 24.29622800 3.29963541 -1.93261003
v 22.86335951 3.81936288 -1.92353868
v 22.96752745 3.82958484 -1.92335939
v 24.22170407 3.37581110 -1.93127870
v 23.06737239 3.85941005 -1.92283678
v 24.31431347 3.28436065 -1.93287706
v 24.39960248 3.22482419 -1.93391466
v 24.16385705 3.46459389 -1.92972994
v 23.15941769 3.90757728 -1.92199754
v 24.49422986 3.18277049 -1.93465089
v 24.11931473 3.58058333 -1.92770433
v 23.24027545 3.97243571 -1.92086458
v 24.59478718 3.15946102 -1.93505525
v 23.30734021 4.05161047 -1.91948366
v 24.10238320 3.70435786 -1.92554521
v 24.69772774 3.15581512 -1.93512010
v 24.79962498 3.17173767 -1.93484163
v 10.65682751 -2.66656685 8.17410994
v 10.65682751 -2.66656685 2.93253279
v 10.69731099 -2.58503556 8.17410994
v 10.69731099 -2.58503556 2.93253279
v 10.75647599 -2.51585603 8.17410994
v 10.75647599 -2.51585603 2.93253279
v 10.83074051 -2.46321535 8.17410994
v 10.83074051 -2.46321535 2.93253279
v 10.91561038 -2.43030024 8.17410994
v 10.91561038 -2.43030024 2.93253279
v 11.00594813 -2.41910243 2.93253279
v 11.00594813 -2.41910243 8.17410994
v 11.06009823 -2.41910243 2.93253279
v 11.06009823 -2.41910243 8.17410994
v 11.42788774 -2.74853897 2.95019865
v 11.42508990 -2.72822046 8.15964461
v 11.42258102 -2.71474910 2.94524336
v 11.41786486 -2.69465637 8.16348601
v 11.40738565 -2.66146421 2.94110823
v 11.40738565 -2.66146421 8.16553450
v 11.37587291 -2.59626484 8.16783858
v 11.37587291 -2.59626484 2.93880034
v 11.33015663 -2.53618264 8.16996718
v 11.33015663 -2.53618264 2.93667555
v 11.27184564 -2.48568344 8.17175246
v 11.27184564 -2.48568344 2.93488646
v 11.20433098 -2.44837236 8.17307234
v 11.20433098 -2.44837236 2.93356657
v 11.13216597 -2.42618895 2.93278456
v 11.13216597 -2.42618895 8.17385817
v 11.06009823 -2.12919307 8.54327345
v 11.06009823 -2.04573441 8.55404997
v 11.02784449 -2.04573441 8.55404997
v 11.02475363 -2.13544250 8.54169417
v 11.06009823 -2.20823359 8.51439619
v 11.02181155 -2.22084689 8.50782729
v 11.06009823 -2.27897978 8.46882582
v 11.01926905 -2.29464650 8.45535231
v 11.06009823 -2.33796239 8.40880537
v 11.01570803 -2.35098481 8.39101363
v 11.06009823 -2.38228846 8.33727599
v 11.01088006 -2.39134192 8.31621123
v 11.06009823 -2.40978479 8.25774336
v 11.00740630 -2.41201043 8.24673033
v 11.41673595 -2.65949798 2.85687971
v 11.44336993 -2.65110612 2.77684355
v 11.60985428 -2.59301376 2.59949828
v 11.68498928 -2.56589484 2.57112456
v 11.53877551 -2.74837685 2.68254423
v 11.54239303 -2.61701584 2.64486647
v 11.48596222 -2.63670659 2.70497847
v 3.88645321 -2.74853897 8.15644408
v 3.89175946 -2.71474910 8.16139937
v 3.89760453 -2.65949798 8.24975920
v 3.90695531 -2.66146421 8.16553450
v 3.87097127 -2.65110612 8.32979918
v 3.70448643 -2.59301376 8.50714445
v 3.62935120 -2.56589484 8.53551436
v 3.77556569 -2.74837685 8.42409468
v 3.77194745 -2.61701584 8.46177245
v 3.82837922 -2.63670659 8.40166045
v 4.10815865 -2.06009889 8.55379820
v 4.25424248 -2.12919307 8.54327345
v 4.25424248 -2.04573441 8.55404997
v 4.25424248 -2.20823359 8.51439619
v 3.96187932 -2.10506558 8.55301619
v 4.18217427 -2.42618895 8.17385817
v 4.25424248 -2.40978479 8.25774336
v 4.25424248 -2.38228846 8.33727599
v 4.25424248 -2.41910243 8.17410994
v 3.61415917 -2.40484715 8.54778242
v 4.11000973 -2.44837236 8.17307234
v 3.70682675 -2.28305888 8.54990721
v 3.93846757 -2.59626484 8.16783858
v 3.98418385 -2.53618264 8.16996718
v 3.97771126 -2.39750838 8.43851042
v 4.04249531 -2.48568344 8.17175246
v 4.25424248 -2.27897978 8.46882582
v 4.25424248 -2.33796239 8.40880537
v 3.82502514 -2.18069577 8.55169630
v 4.25424248 -2.41910243 2.93253279
v 3.62935120 -2.56589484 2.57112456
v 3.70448643 -2.59301376 2.59949828
v 3.87097127 -2.65110612 2.77684355
v 3.88925130 -2.72822046 2.94699812
v 3.89760453 -2.65949798 2.85687971
v 3.89647633 -2.69465637 2.94315291
v 3.90695531 -2.66146421 2.94110823
v 3.77556569 -2.74837685 2.68254423
v 3.77194745 -2.61701584 2.64486647
v 3.82837922 -2.63670659 2.70497847
v 3.61415917 -2.40484715 2.55885649
v 3.70682675 -2.28305888 2.55673170
v 3.93846757 -2.59626484 2.93880034
v 4.25424248 -2.12919307 2.56336546
v 4.10815865 -2.06009889 2.55284071
v 4.25424248 -2.04573441 2.55258894
v 3.98418385 -2.53618264 2.93667555
v 4.25424248 -2.20823359 2.59224654
v 3.96187932 -2.10506558 2.55362654
v 4.18217427 -2.42618895 2.93278456
v 4.11000973 -2.44837236 2.93356657
v 4.25424248 -2.38228846 2.76936674
v 4.25424248 -2.40978479 2.84889937
v 3.97771126 -2.39750838 2.66812849
v 4.25424248 -2.27897978 2.63781309
v 4.25424248 -2.33796239 2.69783354
v 4.04249531 -2.48568344 2.93488646
v 3.82502514 -2.18069577 2.55494643
v 4.66879803 1.23544240 2.18573714
v 4.70266301 1.32084692 2.18867827
v 4.74766595 1.40001094 2.27294112
v 4.75513989 1.39464641 2.19122267
v 4.72703320 1.41740239 2.35062743
v 4.31088597 1.32278967 2.55567885
v 4.37772519 1.49135137 2.55862379
v 4.54179055 1.58221984 2.55106688
v 4.59929425 1.53045726 2.52319670
v 4.56373364 1.25912344 2.44676161
v 4.65096814 1.48427737 2.47892332
v 4.60636002 1.36798811 2.44916869
v 4.69426114 1.44596148 2.42043639
v 4.81947857 1.45098472 2.19478178
v 4.89427811 1.49134195 2.19961119
v 4.96376092 1.51201046 2.20308638
v 4.66879803 1.23544240 8.92090178
v 4.70266301 1.32084692 8.91796065
v 4.75513989 1.39464641 8.91542006
v 4.80920750 1.44361115 8.91251707
v 4.87122113 1.48113763 8.90846205
v 4.95139367 1.50936568 8.90405226
v 5.03638226 1.51910245 8.90209914
v 5.03638226 1.53030014 8.81175948
v 4.74766595 1.40001094 8.83369780
v 4.72703320 1.41740239 8.75601530
v 5.03638226 1.85551500 8.53362608
v 4.89610345 1.84377217 8.53470183
v 5.03638226 1.76656675 8.55297804
v 4.61172730 1.73828292 8.54201079
v 4.54179055 1.58221984 8.55557204
v 4.59929425 1.53045726 8.58344603
v 4.48129899 1.63700819 8.54547453
v 4.89983803 1.59704041 8.65374327
v 4.69426114 1.44596148 8.68620634
v 4.65096814 1.48427737 8.62771941
v 4.76044423 1.80872202 8.53752089
v 5.03638226 1.56321526 8.72689009
v 5.03638226 1.61585593 8.65262556
v 5.03638226 1.68503547 8.59345961
v 4.37772519 1.49135137 8.54801894
v 4.31088597 1.32278967 8.55096007
v 4.60636002 1.36798811 8.65747023
v 4.56373364 1.25912344 8.65987730
v -15.14702361 -0.44999999 8.58190489
v -15.14702361 1.63700819 8.54547453
v 11.68498928 -2.56589484 8.53551436
v 11.60985428 -2.59301376 8.50714445
v 11.44336993 -2.65110612 8.32979918
v 11.41673595 -2.65949798 8.24975920
v 11.53877551 -2.74837685 8.42409468
v 11.54239303 -2.61701584 8.46177245
v 11.48596222 -2.63670659 8.40166045
v 11.70018202 -2.40484715 8.54778242
v 11.60751373 -2.28305888 8.54990721
v 11.20618207 -2.06009889 8.55379820
v 11.35246188 -2.10506558 8.55301619
v 11.33662993 -2.39750838 8.43851042
v 11.48931581 -2.18069577 8.55169630
v 10.65942246 -2.48221993 8.66870070
v 10.68729598 -2.43045735 8.61119795
v 10.93754822 -2.30001092 8.46282530
v 10.85986430 -2.31740236 8.48345900
v 10.75759369 -2.49704051 8.31065321
v 10.73156888 -2.38427734 8.55952025
v 10.79005486 -2.34596157 8.51623106
v 10.94553954 -2.04446006 8.56334639
v 10.86736065 -2.04357314 8.59072066
v 10.65790040 -2.04573441 8.92399550
v 10.65481001 -2.22278976 8.89960432
v 10.66719729 -2.04446006 8.84168959
v 10.69457156 -2.04357314 8.76351118
v 10.65186793 -2.39135146 8.83276701
v 10.76372725 -2.15912342 8.64675856
v 10.73865086 -2.04311848 8.69337416
v 10.79722602 -2.04311848 8.63479948
v 10.76132113 -2.26798820 8.60412932
v 6.40691239 3.70435786 1.74864912
v 5.97012765 3.16961026 1.75798369
v 6.39069420 3.58210397 1.75078535
v 7.19811875 4.05557203 1.74251891
v 6.09040410 3.21401572 1.75720930
v 7.26528126 3.97498536 1.74392653
v 7.34848458 3.90776753 1.74510146
v 6.34583527 3.46415830 1.75284148
v 7.44330460 3.85826850 1.74596358
v 6.28703076 3.37441516 1.75440932
v 7.54398829 3.82881141 1.74647856
v 6.21352440 3.29963541 1.75571394
v 7.64456183 3.81936288 1.74664259
v 6.19546372 3.28436065 1.75598097
v 7.66456181 3.81936288 1.74664259
v 8.11148745 4.05628395 1.74250746
v 8.04433209 3.97546935 1.74391890
v 8.90220315 3.70871902 1.74857283
v 8.91426522 3.60426307 1.75039625
v 7.96106202 3.90804553 1.74509383
v 8.94732577 3.50186157 1.75218535
v 7.86611945 3.85838962 1.74596358
v 9.01125437 3.39263701 1.75409270
v 7.76528460 3.82884002 1.74647856
v 9.09661013 3.30314660 1.75565291
v 9.62574584 3.18387485 1.75773573
v 9.54585559 3.16541219 1.75805617
v 10.65790040 -2.04573441 2.18264723
v 10.66719729 -2.04446006 2.26494932
v 10.69457156 -2.04357314 2.34313155
v 10.73865086 -2.04311848 2.41326475
v 10.79722602 -2.04311848 2.47183943
v 10.86736065 -2.04357314 2.51591826
v 10.94553954 -2.04446006 2.54329253
v 11.02784449 -2.04573441 2.55258894
v 11.00790364 -2.40936565 2.84754515
v 11.06009823 -2.40978479 2.84889937
v 11.01231343 -2.38113761 2.76737166
v 11.06009823 -2.38228846 2.76936674
v 11.01636845 -2.34361124 2.70535612
v 11.06009823 -2.33796239 2.69783354
v 11.01926905 -2.29464650 2.65129042
v 11.06009823 -2.27897978 2.63781309
v 11.02181155 -2.22084689 2.59881163
v 11.06009823 -2.20823359 2.59224654
v 11.02475363 -2.13544250 2.56494856
v 11.06009823 -2.12919307 2.56336546
v 11.06009823 -2.04573441 2.55258894
v 10.93754822 -2.30001092 2.64381743
v 10.85986430 -2.31740236 2.62318373
v 10.65186793 -2.39135146 2.27387572
v 10.65942246 -2.48221993 2.43794203
v 10.68729598 -2.43045735 2.49544478
v 10.65481001 -2.22278976 2.20703459
v 10.76132113 -2.26798820 2.50250960
v 10.73156888 -2.38427734 2.54711867
v 10.79005486 -2.34596157 2.59041167
v 10.76372725 -2.15912342 2.45988417
v 10.75759369 -2.49704051 2.79598952
v 11.20618207 -2.06009889 2.55284071
v 11.35246188 -2.10506558 2.55362654
v 11.70018202 -2.40484715 2.55885649
v 11.60751373 -2.28305888 2.55673170
v 11.33662993 -2.39750838 2.66812849
v 11.48931581 -2.18069577 2.55494643
v 4.89983803 1.59704041 2.45289564
v 15.25856835 -0.44999999 2.52473784
v -11.34112686 3.17915845 3.58038283
v -11.33459609 2.80494237 3.24117232
v -11.34164756 3.20897746 3.50498152
v -11.34080833 3.16089582 3.65985823
v -11.32674354 2.35506678 3.05532027
v -11.34847587 3.60018849 4.29106093
v -11.35029548 3.70435786 4.30306197
v -11.35501808 3.97498536 5.16142989
v -11.35642570 4.05557203 5.09426833
v -11.35384506 3.90776753 5.24463606
v -11.34669441 3.49805737 4.25818205
v -11.35298103 3.85826850 5.33945418
v -11.34479087 3.38905811 4.19459868
v -11.35246795 3.82881141 5.44013930
v -11.34323066 3.29963541 4.10967207
v -11.35230201 3.81936288 5.54070998
v -11.35230201 3.81936288 5.56071043
v -11.34329170 3.30314660 6.99275923
v -11.35246795 3.82884002 5.66143370
v -11.34459823 3.37797308 6.91888380
v -11.35298293 3.85838962 5.76226759
v -11.34302657 3.28794265 7.01082564
v -11.34616798 3.46788239 6.85976363
v -11.35385078 3.90804553 5.85721159
v -11.34180587 3.21805739 7.11566878
v -11.34823173 3.58612895 6.81465483
v -11.35502761 3.97546935 5.94048262
v -11.34103721 3.17395782 7.23557234
v -11.32677787 2.35710025 8.05069304
v -11.35643714 4.05628395 6.00763655
v -11.35037177 3.70871902 6.79835081
v -11.33466285 2.80875397 7.86345244
v -16.61108726 1.63700819 8.44381667
v -16.61968177 -0.44999999 8.47940016
v -18.04704994 1.63700819 8.14080000
v -18.06393760 -0.44999999 8.17386580
v -19.42735618 1.63700819 7.64223051
v -19.45193809 -0.44999999 7.67119170
v -20.72551673 1.63700819 6.95768690
v -20.75691551 -0.44999999 6.98107481
v -21.91661018 1.63700819 6.10029936
v -21.95370429 -0.44999999 6.11682463
v -22.97777885 1.63700819 5.08652830
v -23.01921790 -0.44999999 5.09510756
v -23.88865989 1.63700819 3.93582869
v -23.93291038 -0.44999999 3.93562651
v -24.63177055 1.63700819 2.67028380
v -24.67715782 -0.44999999 2.66074705
v -25.19284767 1.63700819 1.31418562
v -25.23761314 -0.44999999 1.29505110
v -25.56112235 1.63700819 -0.10644579
v -25.60346168 -0.44999999 -0.13511705
v -15.14702361 -0.44999999 2.52473784
v -15.14702361 1.63700819 2.56116438
v -16.48961204 -1.49350417 2.34225035
v -16.10913413 -0.44999999 2.42237807
v -17.02817481 -0.44999999 2.11988402
v -17.71482032 -1.49350417 1.75770521
v -17.86299461 -0.44999999 1.63079787
v -18.57622856 -0.44999999 0.97701216
v -18.71551841 -1.49350417 0.84041167
v -19.13594383 -0.44999999 0.18780089
v -19.51707786 -0.44999999 -0.70150804
v -19.40422386 -1.49350417 -0.32942247
v -19.54402870 1.63700819 -0.66552400
v -19.40422386 0.59350413 -0.32942247
v -19.15689796 1.63700819 0.22481490
v -18.59185737 1.63700819 1.01431227
v -18.71551841 0.59350413 0.84041167
v -17.87398094 1.63700819 1.66794539
v -17.71482032 0.59350413 1.75770521
v -17.03512138 1.63700819 2.15670729
v -16.48961204 0.59350413 2.34225035
v -16.11248916 1.63700819 2.45891524
v -15.14702361 3.43502736 7.90212202
v -16.51724571 3.43502736 7.80732680
v -15.14702361 2.88746905 8.24622298
v -25.48119300 2.27824926 -0.12134599
v -25.26693672 2.88746905 -0.16129350
v -24.91942542 3.43502736 -0.17548799
v -25.11574500 2.27824926 1.28837920
v -24.90906471 2.88746905 1.21920729
v -24.56845420 3.43502736 1.15241194
v -24.55897468 2.27824926 2.63407088
v -24.36383766 2.88746905 2.53699828
v -24.03795951 3.43502736 2.41932631
v -23.82157081 2.27824926 3.88990355
v -23.64172309 2.88746905 3.76679182
v -23.33805793 3.43502736 3.60111952
v -22.91767829 2.27824926 5.03177214
v -22.75657218 2.88746905 4.88498640
v -22.48207801 3.43502736 4.67526961
v -21.86465400 2.27824926 6.03776121
v -21.72537940 2.88746905 5.87012053
v -21.48633903 3.43502736 5.62131453
v -20.68270057 2.27824926 6.88856840
v -20.56793159 2.88746905 6.70328856
v -20.36980384 3.43502736 6.42122221
v -19.39450782 2.27824926 7.56785918
v -19.30644554 2.88746905 7.36849547
v -19.15375465 3.43502736 7.05975294
v -18.02479499 2.27824926 8.06259871
v -17.96512931 2.88746905 7.85297728
v -17.86136192 3.43502736 7.52474165
v -16.59984916 2.27824926 8.36329604
v -15.14702361 2.27857065 8.46409560
v -16.56972831 2.88746905 8.14743758
v -20.19879859 3.42923832 -0.62635469
v -15.14702361 2.88304377 2.85827208
v -16.11345619 3.42923832 3.11019469
v -15.14702361 3.42923832 3.19994688
v -15.14702361 2.27617884 2.64197493
v -19.86995643 2.88315606 -0.71889925
v -19.66236823 2.27911043 -0.77732134
v -19.54441398 2.88315606 0.12810469
v -19.85058921 3.42923832 0.27962447
v -19.41541618 2.88315606 0.37134886
v -19.34149879 3.42923832 1.10598708
v -19.35113471 2.27911043 0.03245497
v -19.06845802 2.88315606 0.90067244
v -19.22780937 2.27911043 0.26501036
v -18.81394905 2.88315606 1.21174956
v -18.68893760 3.42923832 1.82446623
v -18.89610237 2.27911043 0.77106810
v -18.45837730 2.88315606 1.57238341
v -18.65277427 2.27911043 1.06846953
v -18.04978889 2.88315606 1.90751982
v -17.91522544 3.42923832 2.41048766
v -18.31283515 2.27911043 1.41325331
v -17.73503059 2.88315606 2.12025786
v -17.92220634 2.27911043 1.73365736
v -17.62128013 2.27911043 1.93704558
v -17.15684455 2.88315606 2.42779112
v -17.04683250 3.42923832 2.84400511
v -16.92316383 2.88315606 2.52555418
v -17.06850761 2.27911043 2.23106337
v -16.84509986 2.27911043 2.32453108
v -16.17473358 2.88315606 2.74948454
v -16.12956184 2.27911043 2.53861952
v -11.70662635 2.45619154 2.69089842
v -11.63293212 3.42313313 3.20872450
v -11.71442932 2.96847034 2.90131712
v -11.72144645 3.42923832 3.19994688
v -11.54964965 3.40462613 3.23323012
v -11.34978622 3.25083160 3.44407225
v -11.37198394 3.29153872 3.38639403
v -11.43873733 2.43340135 2.80003691
v -11.44693702 2.92613769 3.00403929
v -11.47581046 3.37524700 3.27214003
v -11.41558402 3.33668733 3.32403517
v -11.71449417 2.97284341 8.20302916
v -11.72153419 3.43502736 7.90212202
v -11.70666259 2.45852232 8.41502714
v -11.57678550 3.41786432 7.87879134
v -11.64756149 3.43084335 7.89596892
v -11.35325378 3.26436090 7.67032576
v -11.38472503 3.31261516 7.73784972
v -11.44700569 2.93031621 8.10038328
v -11.43417495 3.35605121 7.79700423
v -11.49941390 3.39190054 7.84466124
v -11.43877548 2.43566537 8.30589629
v -3.75013679 3.17840886 3.60339308
v -3.75044578 3.16068840 3.70664931
v -3.73506492 4.04181099 4.67087126
v -3.73784393 3.88261533 4.31132460
v -3.74088043 3.70871902 4.30828810
v -3.75039619 3.16349292 3.81342650
v -3.74301856 3.58612895 4.29198408
v -3.74998229 3.18725967 3.91756392
v -3.73480934 4.05649328 5.09885741
v -3.73326438 4.14496517 5.05031157
v -3.74923461 3.23003650 4.01319456
v -3.73621696 3.97584701 5.16577101
v -3.73739189 3.90850616 5.24872160
v -3.74508422 3.46788239 4.24687910
v -3.73825973 3.85881495 5.34330702
v -3.74665206 3.37797308 4.18775511
v -3.73877853 3.82910419 5.44379759
v -3.74795860 3.30314660 4.11387968
v -3.73894828 3.81936097 5.54424239
v -3.74822372 3.28794265 4.09581328
v -3.73482459 4.05557203 6.01237059
v -3.73623222 3.97498536 5.94520903
v -3.74095672 3.70435786 6.80357695
v -3.74277442 3.60018849 6.81557799
v -3.73740524 3.90776753 5.86200667
v -3.74455589 3.49805737 6.84845686
v -3.73826927 3.85826850 5.76718474
v -3.74645942 3.38905811 6.91204024
v -3.73878425 3.82881141 5.66650343
v -3.74801963 3.29963541 6.99696684
v -3.73894828 3.81936288 5.56592894
v -3.74828666 3.28436065 7.01502562
v -3.74930137 3.22625041 7.09750319
v -3.75665420 2.80494237 7.86546660
v -3.74960273 3.20897746 7.60165739
v -3.75022071 3.17360711 7.50717116
v -3.75052398 3.15614319 7.40387297
v -3.75047058 3.15921235 7.29710341
v -3.76450866 2.35506678 8.05131865
v -3.75005287 3.18323708 7.19302702
v -3.35495895 4.40403843 4.57457304
v -3.42704147 4.50173903 4.96693373
v -3.35336250 4.50894880 4.96544981
v -3.44627517 4.23674536 4.20485258
v -3.35734886 4.24713326 4.20151472
v -3.72123092 4.23006821 5.02798415
v -3.72937148 3.95358443 4.28932143
v -3.70713180 4.02155924 4.26862288
v -3.62085479 4.33584023 4.71919203
v -3.68944877 4.31018734 5.00834608
v -3.63988250 4.38122702 4.99203825
v -3.57471031 4.43910933 4.97960615
v -3.49755805 4.48079538 4.97108031
v -3.62246269 4.23918200 4.44668913
v -3.52977508 4.20661879 4.21375990
v -3.60362762 4.15890694 4.22775603
v -3.66368431 4.09598732 4.24632597
v -3.38462394 2.45619154 8.41574049
v -3.45831817 3.42313313 7.89791441
v -3.37682289 2.96847034 8.20532561
v -3.36980575 3.42923832 7.90669585
v -3.54160064 3.40462613 7.87340880
v -3.74146407 3.25083160 7.66257048
v -3.71926635 3.29153872 7.72024870
v -3.65251296 2.43340135 8.30660582
v -3.64431327 2.92613769 8.10259962
v -3.61543983 3.37524700 7.83449889
v -3.67566818 3.33668733 7.78260756
v 5.70332009 3.17360711 9.34872389
v 5.80661732 3.15614319 9.34842253
v 5.91338688 3.15921235 9.34847594
v 6.01746327 3.18323708 9.34889174
v 6.11298901 3.22625041 9.34964323
v 6.39491231 3.60018849 9.35617018
v 6.40691239 3.70435786 9.35798979
v 7.26528126 3.97498536 9.36271239
v 7.19811875 4.05557203 9.36412001
v 7.34848458 3.90776753 9.36154127
v 6.36203248 3.49805737 9.35438872
v 7.44330460 3.85826850 9.36067534
v 6.29845101 3.38905811 9.35248518
v 7.54398829 3.82881141 9.36016035
v 6.21352440 3.29963541 9.35092497
v 7.64456183 3.81936288 9.35999632
v 6.19546372 3.28436065 9.35065794
v 7.66456181 3.81936288 9.35999632
v 9.09661013 3.30314660 9.35098601
v 7.76528460 3.82884002 9.36016417
v 9.02273518 3.37797308 9.35229445
v 7.86611945 3.85838962 9.36067915
v 9.11467606 3.28794265 9.35072279
v 9.19729525 3.23003650 9.34971190
v 8.96361310 3.46788239 9.35386229
v 7.96106202 3.90804553 9.36154509
v 9.29292876 3.18725967 9.34896422
v 8.91850621 3.58612895 9.35592604
v 8.04433209 3.97546935 9.36272383
v 9.39706475 3.16349292 9.34854842
v 8.11148745 4.05628395 9.36413145
v 8.90220315 3.70871902 9.35806609
v 9.50384242 3.16068840 9.34849882
v 9.60709721 3.17840886 9.34880781
v 19.51577002 -1.49350417 -0.32942247
v 19.62862307 -0.44999999 -0.70150804
v 19.24748737 -0.44999999 0.18780089
v 18.82706505 -1.49350417 0.84041167
v 18.68777424 -0.44999999 0.97701216
v 17.82636363 -1.49350417 1.75770521
v 17.97454125 -0.44999999 1.63079787
v 17.13971824 -0.44999999 2.11988402
v 16.60115785 -1.49350417 2.34225035
v 16.22067941 -0.44999999 2.42237807
v 16.60115785 0.59350413 2.34225035
v 17.82636363 0.59350413 1.75770521
v 18.82706505 0.59350413 0.84041167
v 19.51577002 0.59350413 -0.32942247
v 22.07344824 4.50894880 -0.39067125
v 16.37257868 4.44490147 4.61069060
v 15.25856835 4.44490147 4.70323515
v 15.25856835 4.50894880 4.96544981
v 16.42112667 4.50894880 4.86842680
v 16.33044535 4.35739040 4.35884810
v 16.28979141 4.24713326 4.11584807
v 15.25856835 4.24713326 4.20151472
v 15.25856835 4.35739040 4.44789076
v 17.45604831 4.44490147 4.33559752
v 17.55151993 4.50894880 4.58003950
v 17.37293679 4.35739040 4.09415770
v 17.29274351 4.24713326 3.86119795
v 18.47927410 4.44490147 3.88549376
v 18.61847264 4.50894880 4.10827208
v 18.35746271 4.35739040 3.66107893
v 18.23992855 4.24713326 3.44454527
v 19.41420418 4.44490147 3.27272368
v 19.59246499 4.50894880 3.46617079
v 19.25703246 4.35739040 3.07148314
v 19.10537964 4.24713326 2.87731123
v 20.23520714 4.44490147 2.51408339
v 20.44654948 4.50894880 2.67150069
v 20.04698426 4.35739040 2.34153700
v 19.86537034 4.24713326 2.17504835
v 20.91977555 4.44490147 1.63037062
v 21.15709454 4.50894880 1.74625731
v 20.70566136 4.35739040 1.49124480
v 20.49906546 4.24713326 1.35700560
v 21.44914204 4.44490147 0.64581251
v 21.70444209 4.50894880 0.71602965
v 21.21500641 4.35739040 0.54392577
v 20.98909194 4.24713326 0.44561720
v 21.80879361 4.44490147 -0.41260194
v 21.56105572 4.35739040 -0.47445726
v 21.32201630 4.24713326 -0.53414201
v -22.74421638 4.06500006 -1.62818575
v -22.72656959 4.06500006 -1.67357683
v -22.74658912 4.06500006 -1.67357683
v -22.74157279 4.06500006 -1.58280611
v -22.71858924 4.06500006 -1.53709840
v -22.74125999 4.06500006 -1.53727388
v -22.57650703 4.06500006 -0.40599870
v -22.53132194 4.06500006 -0.29991960
v -22.24669975 4.06500006 0.68838835
v -22.14395088 4.06500006 0.88989210
v -21.75667518 4.06500006 1.72102690
v -21.72191184 4.06500006 1.74110747
v -21.11749595 4.06500006 2.66860915
v -21.00511497 4.06500006 2.77557326
v -20.34357780 4.06500006 3.50975371
v -20.35668128 4.06500006 3.46999693
v -19.62616676 4.06500006 4.07747984
v -19.10177177 4.06500006 4.42832518
v -19.45239585 4.06500006 4.22547484
v -18.46405357 4.06500006 4.79962111
v -18.55018180 4.06500006 4.73463011
v -17.67604011 4.06500006 5.10685683
v -16.46214050 4.06500006 5.42549467
v -17.40085929 4.06500006 5.21923781
v -16.28680175 4.06500006 5.47486067
v -15.80708640 4.06500006 5.51175261
v -11.60226386 4.06500006 5.54070998
v -11.60226386 4.06500006 5.56071043
v -11.73385757 4.02554274 4.05870772
v -11.60437148 3.89607072 4.05644560
v -11.60331863 3.87981820 4.05616331
v -11.60025733 3.70435786 4.05310011
v -15.14702361 3.70435786 4.05310011
v -15.14702361 4.02554274 4.05870772
v -11.60695213 3.91207147 4.05672407
v -11.61440605 3.93718410 4.05716276
v -11.68301147 4.01368570 4.05849791
v -11.70767539 4.02245903 4.05865431
v -11.62588256 3.96067357 4.05757475
v -11.66064971 3.99994111 4.05826140
v -11.64136833 3.98194289 4.05794478
v -21.24067253 3.88470054 -1.68721056
v -21.23477500 4.02554274 -1.56633043
v -21.23769706 3.70435786 -1.69024324
v -21.24103492 3.91873384 -1.68326997
v -21.24094718 3.95121503 -1.67248583
v -21.24033683 3.98044801 -1.65472459
v -21.23926872 4.00218439 -1.63291979
v -21.23785346 4.01642370 -1.60915041
v -21.23642677 4.02321196 -1.58821916
v -21.09209770 3.70435786 -0.67678117
v -21.07184547 4.02554274 -0.56845140
v -20.77907127 3.70435786 0.29806471
v -20.74649757 4.02554274 0.38886977
v -20.30743736 3.70435786 1.20684004
v -20.26765006 4.02554274 1.27938414
v -19.69047874 3.70435786 2.02394820
v -19.64843315 4.02554274 2.07868147
v -18.94556373 3.70435786 2.72637892
v -18.90581458 4.02554274 2.76485014
v -18.09367698 3.70435786 3.29435683
v -18.06016105 4.02554274 3.31908751
v -17.15880912 3.70435786 3.71187926
v -17.13464683 4.02554274 3.72619200
v -16.16728156 3.70435786 3.96718932
v -16.15464538 4.02554274 3.97500563
v -20.99006217 3.48700690 -0.69650697
v -21.11367744 3.47001958 -1.69257784
v -21.13377326 3.48700690 -1.69216966
v -20.68195289 3.48700690 0.26112318
v -20.97034019 3.47001958 -0.70035600
v -20.21811241 3.48700690 1.15378523
v -20.66318076 3.47001958 0.25395537
v -19.61159080 3.48700690 1.95635939
v -20.20085090 3.47001958 1.14350462
v -15.14702361 3.47001958 3.92916060
v -16.14601463 3.47001958 3.84508467
v -15.14702361 3.47570562 3.93583250
v -20.98351997 3.48136806 -0.69802141
v -20.97700065 3.47570562 -0.69952821
v -20.67575401 3.48136806 0.25854063
v -20.66957801 3.47570562 0.25596190
v -20.21243232 3.48136806 1.15019942
v -20.20677131 3.47570562 1.14662505
v -19.60658973 3.48136806 1.95187331
v -19.60160774 3.47570562 1.94740630
v -19.59634727 3.47001958 1.94327116
v -18.87527412 3.48136806 2.64100600
v -18.87945121 3.48700690 2.64626265
v -18.87110847 3.47570562 2.63576460
v -18.86667961 3.47001958 2.63075972
v -18.03905815 3.48136806 3.19820738
v -18.04230064 3.48700690 3.20408583
v -18.03582710 3.47570562 3.19234419
v -18.03237480 3.47001958 3.18662596
v -17.12147468 3.48136806 3.60779524
v -17.12368720 3.48700690 3.61413527
v -17.11926597 3.47570562 3.60147429
v -17.11690086 3.47001958 3.59522963
v -16.14833396 3.48136806 3.85825301
v -16.14945739 3.48700690 3.86487151
v -15.14702361 3.48700690 3.94924498
v -15.14702361 3.48136806 3.94252730
v -16.14721626 3.47570562 3.85165358
v -11.59319251 3.48700690 3.94924498
v -16.40708297 3.70871902 6.96061659
v -15.14702361 3.70871902 7.04831648
v -15.14702361 4.02816296 7.04273939
v -16.51734298 4.02816296 6.93886519
v -17.64284461 3.70871902 6.69922209
v -17.85634559 4.02816296 6.62962294
v -18.83048576 3.70871902 6.26916075
v -19.13343757 4.02816296 6.12207747
v -19.94710487 3.70871902 5.67873335
v -20.31943076 4.02816296 5.42782927
v -20.97116798 3.70871902 4.93931914
v -21.38722175 4.02816296 4.56273604
v -21.88293403 3.70871902 4.06517744
v -22.31241172 4.02816296 3.54657317
v -22.66482108 3.70871902 3.07316161
v -23.07385963 4.02816296 2.40256453
v -23.30175346 3.70871902 1.98240233
v -23.65416282 4.02816296 1.15684462
v -23.78144782 3.70871902 0.81392622
v -24.04005760 4.02816296 -0.16210985
v -24.09465736 3.70871902 -0.40973329
v -24.22273200 4.02816296 -1.52416658
v -24.22615379 4.01361704 -1.58242845
v -24.22447914 4.02436543 -1.55426073
v -24.22770637 3.99688506 -1.60755968
v -24.22907966 3.97515178 -1.62854051
v -24.23025840 3.94964147 -1.64464235
v -24.23123115 3.92143703 -1.65561723
v -24.23179191 3.90051341 -1.66013384
v -24.23223823 3.87909675 -1.66191911
v -24.23534339 3.70871902 -1.66497850
v -11.73390144 4.02816296 7.04273939
v -11.68860763 4.01897097 7.04289961
v -11.71078628 4.02581072 7.04278136
v -11.66319412 4.00458336 7.04315138
v -11.63954109 3.98242784 7.04353667
v -11.61993163 3.95226216 7.04406309
v -11.60782760 3.91836858 7.04465437
v -11.60336822 3.88261533 7.04527998
v -11.60033363 3.70871902 7.04831648
v -11.59325355 3.49091172 7.15271712
v -15.14702361 3.49091172 7.15271712
v -15.14702361 3.48529911 7.15943480
v -15.14702361 3.47966313 7.16613341
v -11.59298843 3.47400331 7.17280913
v -15.14702361 3.47400331 7.17280913
v -24.21982520 3.47400331 -0.40215349
v -24.34029716 3.49091172 -1.67612123
v -24.36041206 3.47400331 -1.67631960
v -23.90388435 3.47400331 0.84020186
v -24.19988960 3.49091172 -0.40483522
v -23.41870063 3.47400331 2.02673674
v -23.88454383 3.49091172 0.83469725
v -22.77365058 3.47400331 3.13451720
v -23.40035194 3.49091172 2.01851988
v -21.98120445 3.47400331 4.14213515
v -22.75667137 3.49091172 3.12375975
v -21.05667060 3.47400331 5.03011656
v -21.96594184 3.49091172 4.12905836
v -20.01792472 3.47400331 5.78129530
v -21.04344123 3.49091172 5.01498747
v -18.88503593 3.47400331 6.38115645
v -20.00699943 3.49091172 5.76443053
v -16.42294448 3.49091172 7.06381941
v -24.21325248 3.47966313 -0.40334749
v -24.20666450 3.48529911 -0.40454149
v -23.89754432 3.47966313 0.83811140
v -23.89118141 3.48529911 0.83601332
v -23.41271156 3.47966313 2.02378798
v -23.40670341 3.48529911 2.02082777
v -22.76813072 3.47966313 3.13076735
v -22.76258796 3.48529911 3.12700224
v -21.97625297 3.47966313 4.13765288
v -21.97129005 3.48529911 4.13315916
v -21.05239051 3.47966313 5.02498961
v -21.04809898 3.48529911 5.01985121
v -20.01439613 3.47966313 5.77562666
v -20.01085990 3.48529911 5.76993895
v -18.88233131 3.47966313 6.37505293
v -18.87961524 3.48529911 6.36893034
v -18.87663978 3.49091172 6.36290312
v -17.67807334 3.47966313 6.81169081
v -17.67990821 3.47400331 6.81811095
v -17.67623084 3.48529911 6.80524779
v -17.67420905 3.49091172 6.79884291
v -16.42489570 3.47966313 7.07709074
v -16.42582267 3.47400331 7.08370543
v -16.42396682 3.48529911 7.07046080
v -7.53823417 4.06500006 12.78021574
v -7.55823463 4.06500006 -1.67357683
v -7.55823463 4.06500006 12.78021574
v -7.53823417 4.06500006 -1.67357683
v -6.05620712 4.02816296 -1.54193926
v -6.05063003 3.70871902 -1.67550707
v -6.05366653 3.88261533 -1.67247057
v -6.05429023 3.91836858 -1.66801119
v -6.05488151 3.95226216 -1.65590715
v -6.05540794 3.98242784 -1.63629961
v -6.05579513 4.00458336 -1.61264467
v -6.05604690 4.01897097 -1.58723116
v -6.05616516 4.02581072 -1.56505251
v -6.05620712 4.02816296 12.64857817
v -6.05063003 3.70871902 12.78214598
v -6.05366653 3.88261533 12.77911330
v -6.05395072 3.89885640 12.77806044
v -6.05422920 3.91484427 12.77547789
v -6.05466598 3.93993592 12.76801634
v -6.05600112 4.01633549 12.69939375
v -6.05615371 4.02508783 12.67474318
v -6.05507606 3.96340251 12.75653410
v -6.05576080 4.00261831 12.72175169
v -6.05544799 3.98464751 12.74103499
v -5.94622749 3.49091172 12.78922606
v -5.92613548 3.47400331 -1.68285036
v -5.94622749 3.49091172 -1.68258714
v -9.04023879 4.02554274 -1.54198122
v -9.04029220 4.02245903 -1.56816530
v -9.04044670 4.01368570 -1.59282732
v -9.04068511 3.99994111 -1.61518907
v -9.04099983 3.98194289 -1.63447237
v -9.04137176 3.96067357 -1.64995622
v -9.04178184 3.93718410 -1.66143465
v -9.04222053 3.91207147 -1.66888857
v -9.04249900 3.89607072 -1.67146730
v -9.04278320 3.87981820 -1.67252016
v -9.04584449 3.70435786 -1.67558336
v -9.04023879 4.02554274 12.64862395
v -9.04039901 4.01632881 12.69394255
v -9.04028076 4.02318430 12.67175246
v -9.04065078 4.00191259 12.71936369
v -9.04103797 3.97972083 12.74301482
v -9.04156631 3.94951844 12.76261092
v -9.04215759 3.91559577 12.77470732
v -9.04278320 3.87981820 12.77916289
v -9.04584449 3.70435786 12.78222227
v -9.14970153 3.48700690 12.78928709
v -9.14970153 3.48700690 -1.68264818
v -9.16978591 3.47001958 -1.68291521
v -9.16978591 3.47001958 12.78955412
v 15.25856835 4.06500006 5.56592894
v 15.25856835 4.06499815 5.54304839
v -3.48898643 4.06500006 5.54424239
v -3.48898643 4.06500006 5.56592894
v 22.84094483 4.06500006 -1.62794923
v 22.86336428 4.06500006 -1.67357683
v 22.84333521 4.06500006 -1.67357683
v 22.85540969 4.06500006 -1.53709840
v 22.83827979 4.06500006 -1.58234071
v 22.83246523 4.06499815 -1.53693819
v 15.97484106 4.06500006 5.53106261
v 15.97631890 4.06499672 5.51018477
v 22.78106696 4.06499720 -1.02283144
v 22.79957062 4.06500006 -1.00071382
v 16.69045610 4.06500006 5.42649031
v 16.68764300 4.06499624 5.40901137
v 22.69439608 4.06499624 -0.51351213
v 22.70442731 4.06500006 -0.46757173
v 17.04806477 4.06500006 5.34791136
v 17.39451892 4.06499577 5.23853255
v 17.40155036 4.06500006 5.25241804
v 22.53496796 4.06499577 0.12141753
v 22.53535134 4.06500006 0.17762709
v 17.75129801 4.06500006 5.13987685
v 18.01373893 4.06499577 5.02791548
v 22.29499728 4.06499577 0.80631590
v 18.09648878 4.06500006 5.01052809
v 22.31364972 4.06500006 0.79962492
v 18.67451460 4.06499577 4.73342467
v 18.70092732 4.06500006 4.73726607
v 22.03799063 4.06500006 1.40420103
v 22.02405888 4.06499577 1.39986754
v 18.99552566 4.06499577 4.56180907
v 21.86385256 4.06500006 1.72771406
v 21.70114905 4.06499577 1.97056914
v 19.27641207 4.06500006 4.41520262
v 19.30798823 4.06499577 4.37507201
v 21.67500884 4.06500006 2.04191161
v 21.32979828 4.06499577 2.51206160
v 19.82486207 4.06500006 4.04292631
v 19.84786278 4.06499577 4.00132323
v 21.25818402 4.06500006 2.63562727
v 20.86577803 4.06499577 3.07219649
v 20.32714659 4.06500006 3.63359022
v 20.35259062 4.06499577 3.58320952
v 20.78964717 4.06500006 3.18386031
v -3.35739272 4.02554274 7.04793501
v -3.38357490 4.02245903 7.04798842
v -3.40823882 4.01368570 7.04814101
v -3.43060058 3.99994111 7.04838133
v -3.44988197 3.98194289 7.04869414
v -3.46536773 3.96067357 7.04906798
v -3.47684425 3.93718410 7.04947615
v -3.48429817 3.91207147 7.04991484
v -3.48688072 3.89607072 7.05019331
v -3.48793167 3.87981820 7.05047560
v -3.49099296 3.70435786 7.05353880
v 15.25856835 3.70435786 7.05353880
v 15.25856835 4.02554274 7.04793501
v 24.33948189 4.02554274 -1.52420473
v 24.34813267 3.91339755 -1.65709734
v 24.34694630 3.94839168 -1.64395952
v 24.34544713 3.97927642 -1.62293672
v 24.34384877 4.00176287 -1.59790468
v 24.34223706 4.01627922 -1.57128954
v 24.34087521 4.02316952 -1.54820299
v 24.34898907 3.87628293 -1.66197633
v 24.35212380 3.70435786 -1.66506242
v 24.21139390 3.70435786 -0.40906191
v 24.15674931 4.02554274 -0.16133165
v 23.89803177 3.70435786 0.81533385
v 23.77066476 4.02554274 1.15842390
v 23.41807992 3.70435786 1.98451567
v 23.19005162 4.02554274 2.40489912
v 22.78079278 3.70435786 3.07594252
v 22.42817837 4.02554274 3.54960966
v 21.99845940 3.70435786 4.06856490
v 21.50245673 4.02554274 4.56639815
v 21.08616501 3.70435786 4.94324446
v 20.43404252 4.02554274 5.43202162
v 20.06150014 3.70435786 5.68311262
v 19.24735171 4.02554274 6.12670088
v 18.94422323 3.70435786 6.27390623
v 17.96950466 4.02554274 6.63456297
v 17.75587827 3.70435786 6.70423079
v 16.62970394 4.02554274 6.94399596
v 16.51937908 3.70435786 6.96578932
v 21.15806729 3.48700690 5.01851225
v 20.12108761 3.48700690 5.76835966
v 20.13201005 3.47001958 5.78521681
v 22.08104045 3.48700690 4.13210249
v 21.17129332 3.47001958 5.03363371
v 22.87217099 3.48700690 3.12626601
v 22.09629733 3.47001958 4.14517546
v 23.51617009 3.48700690 2.02043486
v 22.88914544 3.47001958 3.13701964
v 24.00059182 3.48700690 0.83597899
v 23.53451211 3.47001958 2.02864790
v 24.31607682 3.48700690 -0.40420961
v 24.01992566 3.47001958 0.84148360
v 24.45652730 3.48700690 -1.67616701
v 24.33600289 3.47001958 -0.40153169
v 24.47663647 3.47001958 -1.67636919
v 16.53701967 3.47570562 7.08172942
v 15.25856835 3.47001958 7.17748213
v 16.53803677 3.47001958 7.08832884
v 15.25856835 3.47570562 7.17080641
v 16.53609127 3.48136806 7.07509947
v 16.53516013 3.48700690 7.06845045
v 15.25856835 3.48700690 7.15739775
v 15.25856835 3.48136806 7.16411162
v 17.79076511 3.47570562 6.81622267
v 17.79277593 3.47001958 6.82258940
v 17.78892643 3.48136806 6.80978346
v 17.78708202 3.48700690 6.80332899
v 18.99557644 3.47570562 6.37941313
v 18.99853522 3.47001958 6.38540221
v 18.99286276 3.48136806 6.37329436
v 18.99014074 3.48700690 6.36715269
v 20.12817103 3.47570562 5.77974272
v 20.12463481 3.48136806 5.77405882
v 21.16666133 3.47570562 5.02880431
v 21.16237074 3.48136806 5.02366591
v 22.09097916 3.47570562 4.14110518
v 22.08601719 3.48136806 4.13661146
v 22.88326174 3.47570562 3.13380385
v 22.87772471 3.48136806 3.13003874
v 23.52819878 3.47570562 2.02635908
v 23.52219349 3.48136806 2.02340269
v 24.01332718 3.47570562 0.84017897
v 24.00696904 3.48136806 0.83808089
v 24.32927090 3.47570562 -0.40181398
v 24.32268387 3.48136806 -0.40301180
v -3.49805778 3.48700690 7.15739775
v -3.49832481 3.47001958 7.17748213
v 15.25856835 4.02816296 4.06390333
v 16.26708442 4.02816296 3.98012114
v 15.25856835 3.70871902 4.05832625
v 16.27972478 3.70871902 3.97233916
v 17.24795193 4.02816296 3.73107863
v 17.27212221 3.70871902 3.71679640
v 18.17428047 4.02816296 3.32360030
v 18.20781142 3.70871902 3.29889632
v 19.02067477 4.02816296 2.76885557
v 19.06044060 3.70871902 2.73040724
v 19.76393086 4.02816296 2.08205748
v 19.80599696 3.70871902 2.02734328
v 20.38367182 4.02816296 1.28202772
v 20.42348296 3.70871902 1.20950270
v 20.86290843 4.02816296 0.39070464
v 20.89550835 3.70871902 0.29991484
v 21.18850190 4.02816296 -0.56747484
v 21.20877940 3.70871902 -0.67579698
v 21.35152585 4.02816296 -1.56625032
v 21.35447318 3.70871902 -1.69015932
v 21.35742146 3.88746715 -1.68715334
v 21.35763795 3.90290141 -1.68622255
v 21.35777051 3.91813302 -1.68394136
v 21.35779196 3.94212651 -1.67730760
v 21.35337550 4.02508545 -1.59100389
v 21.35491759 4.01638174 -1.61422777
v 21.35754782 3.96469140 -1.66699266
v 21.35613495 4.00284529 -1.63512849
v 21.35700995 3.98527074 -1.65292406
v -3.35734886 4.02816296 4.06390333
v -3.49091857 3.70871902 4.05832625
v -3.48788207 3.88261533 4.06136275
v -3.48342269 3.91836858 4.06198454
v -3.47131866 3.95226216 4.06257582
v -3.45170921 3.98242784 4.06310225
v -3.42805618 4.00458336 4.06349135
v -3.40264266 4.01897097 4.06374312
v -3.38046401 4.02581072 4.06386137
v 15.25856835 3.47966313 3.94050932
v 15.25856835 3.47400331 3.93382979
v -3.49826187 3.47400331 3.93382979
v -3.49799674 3.49091172 3.95392180
v 15.25856835 3.48529911 3.94720412
v 15.25856835 3.49091172 3.95392180
v 20.77909285 3.47400331 0.25562239
v 20.31640917 3.47400331 1.14589644
v 20.33367783 3.49091172 1.15618086
v 21.08647114 3.47400331 -0.69945955
v 20.79787070 3.49091172 0.26279402
v 21.22989804 3.47400331 -1.69248247
v 21.10620362 3.49091172 -0.69561433
v 21.25000054 3.49091172 -1.69207430
v 16.26059527 3.48529911 3.86287260
v 16.26180441 3.49091172 3.86948347
v 16.25947589 3.47966313 3.85627318
v 16.25835991 3.47400331 3.84968901
v 17.23443288 3.48529911 3.61225462
v 17.23681218 3.49091172 3.61854124
v 17.23222572 3.47966313 3.60593367
v 17.23002512 3.47400331 3.59962797
v 18.15268499 3.48529911 3.20239973
v 18.15615780 3.49091172 3.20815611
v 18.14945203 3.47966313 3.19653273
v 18.98119599 3.47400331 2.63436461
v 18.14622861 3.47400331 3.19068480
v 18.98951894 3.48529911 2.64483214
v 18.99397356 3.49091172 2.64987517
v 18.98535139 3.47966313 2.63959074
v 19.71143729 3.47400331 1.94631529
v 19.72139317 3.48529911 1.95524550
v 19.72668559 3.49091172 1.95940733
v 19.71640784 3.47966313 1.95077467
v 20.32771737 3.48529911 1.15303755
v 20.32205493 3.47966313 1.14946318
v 20.79143530 3.48529911 0.26077223
v 20.78525502 3.47966313 0.25819350
v 21.09950120 3.48529911 -0.69644212
v 21.09297663 3.47966313 -0.69795274
v 7.66456181 4.06500006 1.49668074
v 7.64456183 4.06500006 -1.67357683
v 7.64456183 4.06500006 1.49668074
v 7.66456181 4.06500006 -1.67357683
v 9.14658887 4.02816296 -1.54193926
v 9.15216500 3.70871902 -1.67550707
v 9.14912945 3.88261533 -1.67247057
v 9.14850527 3.91836858 -1.66801119
v 9.14791400 3.95226216 -1.65590715
v 9.14738709 3.98242784 -1.63629961
v 9.14700038 4.00458336 -1.61264467
v 9.14674956 4.01897097 -1.58723116
v 9.14662987 4.02581072 -1.56505251
v 9.14658887 4.02816296 1.36504317
v 9.15216500 3.70871902 1.49861098
v 9.14912945 3.88261533 1.49557829
v 9.14884621 3.89885640 1.49452544
v 9.14856679 3.91484427 1.49194289
v 9.14812905 3.93993592 1.48448134
v 9.14679534 4.01633549 1.41585875
v 9.14664275 4.02508783 1.39120818
v 9.14771945 3.96340251 1.47299910
v 9.14703471 4.00261831 1.43821669
v 9.14734847 3.98464751 1.45749998
v 9.25656849 3.49091172 1.50569105
v 9.27666003 3.47400331 -1.68285036
v 9.25656849 3.49091172 -1.68258714
v 6.16255719 4.02554274 -1.54198122
v 6.16250283 4.02245903 -1.56816530
v 6.16235024 4.01368570 -1.59282732
v 6.16210991 3.99994111 -1.61518907
v 6.16179616 3.98194289 -1.63447237
v 6.16142422 3.96067357 -1.64995622
v 6.16101414 3.93718410 -1.66143465
v 6.16057641 3.91207147 -1.66888857
v 6.16029698 3.89607072 -1.67146730
v 6.16001279 3.87981820 -1.67252016
v 6.15695054 3.70435786 -1.67558336
v 6.16255719 4.02554274 1.36508894
v 6.16239602 4.01632881 1.41040755
v 6.16251523 4.02318430 1.38821745
v 6.16214425 4.00191259 1.43582869
v 6.16175706 3.97972083 1.45947981
v 6.16122967 3.94951844 1.47907591
v 6.16063744 3.91559577 1.49117232
v 6.16001279 3.87981820 1.49562788
v 6.15695054 3.70435786 1.49868727
v 6.05309350 3.48700690 1.50575209
v 6.05309350 3.48700690 -1.68264818
v 6.03300912 3.47001958 -1.68291521
v 6.03300912 3.47001958 1.50601912
v 7.66456181 4.06500006 12.78021574
v 7.64456183 4.06500006 9.60995818
v 7.64456183 4.06500006 12.78021574
v 7.66456181 4.06500006 9.60995818
v 9.14658887 4.02816296 9.74159575
v 9.15216500 3.70871902 9.60802794
v 9.14912945 3.88261533 9.61106444
v 9.14850527 3.91836858 9.61552382
v 9.14791400 3.95226216 9.62762785
v 9.14738709 3.98242784 9.64723540
v 9.14700038 4.00458336 9.67089033
v 9.14674956 4.01897097 9.69630385
v 9.14662987 4.02581072 9.71848250
v 9.15216500 3.70871902 12.78214598
v 9.14658887 4.02816296 12.64857817
v 9.14912945 3.88261533 12.77911330
v 9.14884621 3.89885640 12.77806044
v 9.14856679 3.91484427 12.77547789
v 9.14812905 3.93993592 12.76801634
v 9.14679534 4.01633549 12.69939375
v 9.14664275 4.02508783 12.67474318
v 9.14771945 3.96340251 12.75653410
v 9.14703471 4.00261831 12.72175169
v 9.14734847 3.98464751 12.74103499
v 9.25656849 3.49091172 12.78922606
v 9.27666003 3.47400331 9.60068465
v 9.25656849 3.49091172 9.60094786
v 6.16255719 4.02554274 9.74155379
v 6.16250283 4.02245903 9.71536970
v 6.16235024 4.01368570 9.69070769
v 6.16210991 3.99994111 9.66834593
v 6.16179616 3.98194289 9.64906264
v 6.16142422 3.96067357 9.63357878
v 6.16101414 3.93718410 9.62210036
v 6.16057641 3.91207147 9.61464644
v 6.16029698 3.89607072 9.61206389
v 6.16001279 3.87981820 9.61101485
v 6.15695054 3.70435786 9.60795164
v 6.16255719 4.02554274 12.64862395
v 6.16239602 4.01632881 12.69394255
v 6.16251523 4.02318430 12.67175246
v 6.16214425 4.00191259 12.71936369
v 6.16175706 3.97972083 12.74301482
v 6.16122967 3.94951844 12.76261092
v 6.16063744 3.91559577 12.77470732
v 6.16001279 3.87981820 12.77916289
v 6.15695054 3.70435786 12.78222227
v 6.03300912 3.47001958 12.78955412
v 6.05309350 3.48700690 12.78928709
v 6.05309350 3.48700690 9.60088682
v 6.03300912 3.47001958 9.60061980
v -22.72656959 -4.96499968 -1.67357683
v -22.74421638 -4.96499968 -1.62818575
v -22.74658912 -4.96499968 -1.67357683
v -22.74157279 -4.96499968 -1.58280611
v -22.71858924 -4.96499968 -1.53709840
v -22.74153465 -4.96499777 -1.53725481
v -22.64525169 -4.96499968 -0.88048219
v -22.61339897 -4.96499968 -0.56607866
v -22.51508277 -4.96499968 -0.23272371
v -22.35664314 -4.96499968 0.38467360
v -22.11543220 -4.96499968 0.95696593
v -18.48489707 -4.96499968 4.76702833
v -17.98703712 -4.96499968 5.00968504
v -18.56786674 -4.96499968 4.74808455
v -17.60719627 -4.96499968 5.13079405
v -17.38605445 -4.96499968 5.22332716
v -15.14702361 -4.96499968 5.54070998
v -15.14702361 -4.96499777 5.56359434
v -16.27762359 -4.96499968 5.47901869
v 3.60053116 -4.96499968 5.54070998
v 3.60053116 -4.96499968 5.56240034
v -16.39400047 -4.96499968 5.43717146
v -19.56528037 -4.96499968 4.12151289
v -19.55108970 -4.96499968 4.16043425
v -20.41788429 -4.96499968 3.44654417
v -20.30179160 -4.96499968 3.52130843
v -20.95708412 -4.96499968 2.83335448
v -15.14702361 -4.37570572 3.93583250
v -15.14702361 -4.37001944 3.92916060
v 3.60987050 -4.37001944 3.92916060
v 3.60960347 -4.38700676 3.94924498
v -15.14702361 -4.38136816 3.94252730
v -15.14702361 -4.38700676 3.94924498
v 3.46893746 -4.92554235 4.05870772
v -15.14702361 -4.92554235 4.05870772
v -15.14702361 -4.60435772 4.05310011
v 3.51425892 -4.91632843 4.05854750
v 3.49206788 -4.92318392 4.05866576
v 3.53967816 -4.90191221 4.05829573
v 3.56332833 -4.87972069 4.05790663
v 3.58292729 -4.84951830 4.05738020
v 3.59502083 -4.81559563 4.05678892
v 3.59947640 -4.77981806 4.05616331
v 3.60253865 -4.60435772 4.05310011
v -16.15464538 -4.92554235 3.97500563
v -16.16728156 -4.60435772 3.96718932
v -17.13464683 -4.92554235 3.72619200
v -17.15880912 -4.60435772 3.71187926
v -18.06016105 -4.92554235 3.31908751
v -18.09367698 -4.60435772 3.29435683
v -18.90581458 -4.92554235 2.76485014
v -18.94556373 -4.60435772 2.72637892
v -19.64843315 -4.92554235 2.07868147
v -19.69047874 -4.60435772 2.02394820
v -20.26765006 -4.92554235 1.27938414
v -20.30743736 -4.60435772 1.20684004
v -20.74649757 -4.92554235 0.38886977
v -20.77907127 -4.60435772 0.29806471
v -21.07184547 -4.92554235 -0.56845140
v -21.09209770 -4.60435772 -0.67678117
v -21.23477500 -4.92554235 -1.56633043
v -21.23769706 -4.60435772 -1.69024324
v -21.24067253 -4.78470039 -1.68721056
v -21.24088996 -4.80014277 -1.68628359
v -21.24102348 -4.81538343 -1.68400240
v -21.24104255 -4.83939314 -1.67737627
v -21.23662895 -4.92245674 -1.59109926
v -21.23817008 -4.91373396 -1.61432695
v -21.24080222 -4.86197615 -1.66706896
v -21.23938697 -4.90017319 -1.63522768
v -21.24026435 -4.88257551 -1.65301561
v -20.99006217 -4.38700676 -0.69650697
v -21.13377326 -4.38700676 -1.69216966
v -21.11367744 -4.37001944 -1.69257784
v -20.68195289 -4.38700676 0.26112318
v -20.97034019 -4.37001944 -0.70035600
v -20.21811241 -4.38700676 1.15378523
v -20.66318076 -4.37001944 0.25395537
v -19.61159080 -4.38700676 1.95635939
v -20.20085090 -4.37001944 1.14350462
v -16.14601463 -4.37001944 3.84508467
v -20.97700065 -4.37570572 -0.69952821
v -20.98351997 -4.38136816 -0.69802141
v -20.66957801 -4.37570572 0.25596190
v -20.67575401 -4.38136816 0.25854063
v -20.20677131 -4.37570572 1.14662505
v -20.21243232 -4.38136816 1.15019942
v -19.60160774 -4.37570572 1.94740630
v -19.59634727 -4.37001944 1.94327116
v -19.60658973 -4.38136816 1.95187331
v -18.87945121 -4.38700676 2.64626265
v -18.87110847 -4.37570572 2.63576460
v -18.86667961 -4.37001944 2.63075972
v -18.87527412 -4.38136816 2.64100600
v -18.04230064 -4.38700676 3.20408583
v -18.03582710 -4.37570572 3.19234419
v -18.03237480 -4.37001944 3.18662596
v -18.03905815 -4.38136816 3.19820738
v -17.11926597 -4.37570572 3.60147429
v -17.11690086 -4.37001944 3.59522963
v -17.12147468 -4.38136816 3.60779524
v -16.14945739 -4.38700676 3.86487151
v -17.12368720 -4.38700676 3.61413527
v -16.14721626 -4.37570572 3.85165358
v -16.14833396 -4.38136816 3.85825301
v -15.14702361 -4.38529921 7.15943480
v -15.14702361 -4.39091158 7.15271712
v 3.60954243 -4.39091158 7.15271712
v -15.14702361 -4.37966299 7.16613341
v 3.60980755 -4.37400341 7.17280913
v -15.14702361 -4.37400341 7.17280913
v 3.46889454 -4.92816257 7.04273939
v -15.14702361 -4.60871887 7.04831648
v -15.14702361 -4.92816257 7.04273939
v 3.59942776 -4.78261518 7.04527998
v 3.60246331 -4.60871887 7.04831648
v 3.59837586 -4.79885626 7.04499388
v 3.59579236 -4.81484413 7.04471541
v 3.58833272 -4.83993578 7.04428053
v 3.51971013 -4.91633511 7.04294539
v 3.49505860 -4.92508745 7.04279280
v 3.57684762 -4.86340237 7.04386854
v 3.54206807 -4.90261793 7.04318571
v 3.56135136 -4.88464737 7.04349852
v -24.22273200 -4.92816257 -1.52416658
v -24.23138374 -4.81618404 -1.65703630
v -24.23019737 -4.85114527 -1.64388704
v -24.22869438 -4.88198948 -1.62285661
v -24.22709602 -4.90443611 -1.59782457
v -24.22548622 -4.91892195 -1.57121706
v -24.22412437 -4.92579603 -1.54814195
v -24.23223823 -4.77909660 -1.66191911
v -24.23534339 -4.60871887 -1.66497850
v -24.09465736 -4.60871887 -0.40973329
v -24.04005760 -4.92816257 -0.16210985
v -23.78144782 -4.60871887 0.81392622
v -23.65416282 -4.92816257 1.15684462
v -23.30175346 -4.60871887 1.98240233
v -23.07385963 -4.92816257 2.40256453
v -22.66482108 -4.60871887 3.07316161
v -22.31241172 -4.92816257 3.54657317
v -21.88293403 -4.60871887 4.06517744
v -21.38722175 -4.92816257 4.56273604
v -20.97116798 -4.60871887 4.93931914
v -20.31943076 -4.92816257 5.42782927
v -19.94710487 -4.60871887 5.67873335
v -19.13343757 -4.92816257 6.12207747
v -18.83048576 -4.60871887 6.26916075
v -17.85634559 -4.92816257 6.62962294
v -17.64284461 -4.60871887 6.69922209
v -16.51734298 -4.92816257 6.93886519
v -16.40708297 -4.60871887 6.96061659
v -24.21982520 -4.37400341 -0.40215349
v -24.36041206 -4.37400341 -1.67631960
v -24.34029716 -4.39091158 -1.67612123
v -23.90388435 -4.37400341 0.84020186
v -24.19988960 -4.39091158 -0.40483522
v -23.41870063 -4.37400341 2.02673674
v -23.88454383 -4.39091158 0.83469725
v -22.77365058 -4.37400341 3.13451720
v -23.40035194 -4.39091158 2.01851988
v -21.98120445 -4.37400341 4.14213515
v -22.75667137 -4.39091158 3.12375975
v -21.05667060 -4.37400341 5.03011656
v -21.96594184 -4.39091158 4.12905836
v -20.01792472 -4.37400341 5.78129530
v -21.04344123 -4.39091158 5.01498747
v -18.88503593 -4.37400341 6.38115645
v -20.00699943 -4.39091158 5.76443053
v -16.42294448 -4.39091158 7.06381941
v -24.20666450 -4.38529921 -0.40454149
v -24.21325248 -4.37966299 -0.40334749
v -23.89118141 -4.38529921 0.83601332
v -23.89754432 -4.37966299 0.83811140
v -23.40670341 -4.38529921 2.02082777
v -23.41271156 -4.37966299 2.02378798
v -22.76258796 -4.38529921 3.12700224
v -22.76813072 -4.37966299 3.13076735
v -21.97129005 -4.38529921 4.13315916
v -21.97625297 -4.37966299 4.13765288
v -21.04809898 -4.38529921 5.01985121
v -21.05239051 -4.37966299 5.02498961
v -20.01085990 -4.38529921 5.76993895
v -20.01439613 -4.37966299 5.77562666
v -18.87961524 -4.38529921 6.36893034
v -18.87663978 -4.39091158 6.36290312
v -18.88233131 -4.37966299 6.37505293
v -17.67623084 -4.38529921 6.80524779
v -17.67420905 -4.39091158 6.79884291
v -17.67807334 -4.37966299 6.81169081
v -17.67990821 -4.37400341 6.81811095
v -16.42396682 -4.38529921 7.07046080
v -16.42489570 -4.37966299 7.07709074
v -16.42582267 -4.37400341 7.08370543
v -7.53301566 -4.96499968 9.60995818
v -7.55301612 -4.96499968 12.78021574
v -7.55301612 -4.96499968 9.60995818
v -7.53301566 -4.96499968 12.78021574
v -9.14502281 -4.39091158 9.60094786
v -9.14502281 -4.39091158 12.78922606
v -9.16511482 -4.37400341 12.78949309
v -9.16511482 -4.37400341 9.60068465
v -9.03504318 -4.92816257 9.74159575
v -9.04062026 -4.60871887 9.60802794
v -9.03758376 -4.78261518 9.61106444
v -9.03696006 -4.81836843 9.61552382
v -9.03636878 -4.85226202 9.62762785
v -9.03584236 -4.88242769 9.64723540
v -9.03545516 -4.90458298 9.67089033
v -9.03520339 -4.91897058 9.69630385
v -9.03508514 -4.92581034 9.71848250
v -9.04062026 -4.60871887 12.78214598
v -9.03504318 -4.92816257 12.64857817
v -9.03758376 -4.78261518 12.77911330
v -9.03730148 -4.79885626 12.77806044
v -9.03702110 -4.81484413 12.77547789
v -9.03658431 -4.83993578 12.76801634
v -9.03525108 -4.91633511 12.69939375
v -9.03509658 -4.92508745 12.67474318
v -9.03617423 -4.86340237 12.75653410
v -9.03548950 -4.90261793 12.72175169
v -9.03580421 -4.88464737 12.74103499
v -5.94154876 -4.38700676 9.60088682
v -5.92146438 -4.37001944 12.78955412
v -5.94154876 -4.38700676 12.78928709
v -6.05101150 -4.92554235 9.74155379
v -6.05095809 -4.92245865 9.71536970
v -6.05080551 -4.91368532 9.69070769
v -6.05056518 -4.89994097 9.66834593
v -6.05025047 -4.88194275 9.64906264
v -6.04987853 -4.86067343 9.63357878
v -6.04946845 -4.83718395 9.62210036
v -6.04903167 -4.81207132 9.61464644
v -6.04875129 -4.79607058 9.61206389
v -6.04846900 -4.77981806 9.61101485
v -6.04540580 -4.60435772 9.60795164
v -6.05101150 -4.92554235 12.64862395
v -6.05085128 -4.91632843 12.69394255
v -6.05097144 -4.92318392 12.67175246
v -6.05059951 -4.90191221 12.71936369
v -6.05021232 -4.87972069 12.74301482
v -6.04968398 -4.84951830 12.76261092
v -6.04909271 -4.81559563 12.77470732
v -6.04846900 -4.77981806 12.77916289
v -6.04540580 -4.60435772 12.78222227
v -7.53301566 -4.96499968 -1.67357683
v -7.53301566 -4.96499968 1.49668074
v -7.55301612 -4.96499968 -1.67357683
v -7.55301612 -4.96499968 1.49668074
v -9.14502281 -4.39091158 -1.68258714
v -9.14502281 -4.39091158 1.50569105
v -9.16511482 -4.37400341 1.50595808
v -9.16511482 -4.37400341 -1.68285036
v -9.03504318 -4.92816257 -1.54193926
v -9.04062026 -4.60871887 -1.67550707
v -9.03758376 -4.78261518 -1.67247057
v -9.03696006 -4.81836843 -1.66801119
v -9.03636878 -4.85226202 -1.65590715
v -9.03584236 -4.88242769 -1.63629961
v -9.03545516 -4.90458298 -1.61264467
v -9.03520339 -4.91897058 -1.58723116
v -9.03508514 -4.92581034 -1.56505251
v -9.03504318 -4.92816257 1.36504317
v -9.04062026 -4.60871887 1.49861098
v -9.03758376 -4.78261518 1.49557829
v -9.03730148 -4.79885626 1.49452544
v -9.03702110 -4.81484413 1.49194289
v -9.03658431 -4.83993578 1.48448134
v -9.03525108 -4.91633511 1.41585875
v -9.03509658 -4.92508745 1.39120818
v -9.03617423 -4.86340237 1.47299910
v -9.03548950 -4.90261793 1.43821669
v -9.03580421 -4.88464737 1.45749998
v -5.94154876 -4.38700676 -1.68264818
v -5.92146438 -4.37001944 1.50601912
v -5.94154876 -4.38700676 1.50575209
v -6.05101150 -4.92554235 -1.54198122
v -6.05095809 -4.92245865 -1.56816530
v -6.05080551 -4.91368532 -1.59282732
v -6.05056518 -4.89994097 -1.61518907
v -6.05025047 -4.88194275 -1.63447237
v -6.04987853 -4.86067343 -1.64995622
v -6.04946845 -4.83718395 -1.66143465
v -6.04903167 -4.81207132 -1.66888857
v -6.04875129 -4.79607058 -1.67146730
v -6.04846900 -4.77981806 -1.67252016
v -6.04540580 -4.60435772 -1.67558336
v -6.05101150 -4.92554235 1.36508894
v -6.05085128 -4.91632843 1.41040755
v -6.05097144 -4.92318392 1.38821745
v -6.05059951 -4.90191221 1.43582869
v -6.05021232 -4.87972069 1.45947981
v -6.04968398 -4.84951830 1.47907591
v -6.04909271 -4.81559563 1.49117232
v -6.04846900 -4.77981806 1.49562788
v -6.04540580 -4.60435772 1.49868727
v 7.66977936 -4.96499968 -1.67357683
v 7.64977938 -4.96499968 12.78021574
v 7.64977938 -4.96499968 -1.67357683
v 7.66977936 -4.96499968 12.78021574
v 9.15178401 -4.92554235 -1.54198122
v 9.15183789 -4.92245865 -1.56816530
v 9.15199095 -4.91368532 -1.59282732
v 9.15223080 -4.89994097 -1.61518907
v 9.15254504 -4.88194275 -1.63447237
v 9.15291649 -4.86067343 -1.64995622
v 9.15332657 -4.83718395 -1.66143465
v 9.15376479 -4.81207132 -1.66888857
v 9.15404421 -4.79607058 -1.67146730
v 9.15432793 -4.77981806 -1.67252016
v 9.15739018 -4.60435772 -1.67558336
v 9.15178401 -4.92554235 12.64862395
v 9.15194470 -4.91632843 12.69394255
v 9.15182549 -4.92318392 12.67175246
v 9.15219647 -4.90191221 12.71936369
v 9.15258414 -4.87972069 12.74301482
v 9.15311104 -4.84951830 12.76261092
v 9.15370328 -4.81559563 12.77470732
v 9.15432793 -4.77981806 12.77916289
v 9.15739018 -4.60435772 12.78222227
v 9.28133160 -4.37001944 12.78955412
v 9.26124722 -4.38700676 12.78928709
v 9.26124722 -4.38700676 -1.68264818
v 6.16775185 -4.92816257 -1.54193926
v 6.16217572 -4.60871887 -1.67550707
v 6.16521126 -4.78261518 -1.67247057
v 6.16583592 -4.81836843 -1.66801119
v 6.16642720 -4.85226202 -1.65590715
v 6.16695363 -4.88242769 -1.63629961
v 6.16734082 -4.90458298 -1.61264467
v 6.16759163 -4.91897058 -1.58723116
v 6.16771084 -4.92581034 -1.56505251
v 6.16775185 -4.92816257 12.64857817
v 6.16217572 -4.60871887 12.78214598
v 6.16521126 -4.78261518 12.77911330
v 6.16549451 -4.79885626 12.77806044
v 6.16577393 -4.81484413 12.77547789
v 6.16621167 -4.83993578 12.76801634
v 6.16754586 -4.91633511 12.69939375
v 6.16769845 -4.92508745 12.67474318
v 6.16662175 -4.86340237 12.75653410
v 6.16730649 -4.90261793 12.72175169
v 6.16699273 -4.88464737 12.74103499
v 6.05777222 -4.39091158 -1.68258714
v 6.05777222 -4.39091158 12.78922606
v 6.03768021 -4.37400341 12.78949309
v 6.03768021 -4.37400341 -1.68285036
v 16.57368476 -4.96499968 5.42549467
v 17.53843719 -4.96499968 5.21111250
v 16.41182679 -4.96499968 5.47280455
v 17.78758341 -4.96499968 5.10685683
v 19.21331770 -4.96499968 4.42832518
v 18.61236745 -4.96499968 4.78168822
v 18.66172868 -4.96499968 4.73463011
v 15.91863102 -4.96499968 5.51175261
v 15.25856835 -4.96499968 5.56071043
v 15.25856835 -4.96499968 5.54070998
v 11.71380931 -4.96499968 5.54070998
v 11.71380931 -4.96499968 5.56071043
v 15.25856835 -4.37001944 3.92916060
v 15.25856835 -4.37570572 3.93583250
v 11.70473749 -4.38700676 3.94924498
v 15.25856835 -4.38136816 3.94252730
v 15.25856835 -4.38700676 3.94924498
v 21.35257870 -4.81873369 -1.68326997
v 21.34632117 -4.92554235 -1.56633043
v 21.35221821 -4.78470039 -1.68721056
v 21.35249192 -4.85121489 -1.67248583
v 21.35188204 -4.88044786 -1.65472459
v 21.35081584 -4.90218401 -1.63291979
v 21.34939820 -4.91642332 -1.60915041
v 21.34797246 -4.92321157 -1.58821916
v 21.34924370 -4.60435772 -1.69024324
v 21.20364339 -4.60435772 -0.67678117
v 21.18339020 -4.92554235 -0.56845140
v 20.89061839 -4.60435772 0.29806471
v 20.85804230 -4.92554235 0.38886977
v 20.41898400 -4.60435772 1.20684004
v 20.37919575 -4.92554235 1.27938414
v 19.80202347 -4.60435772 2.02394820
v 19.75997693 -4.92554235 2.07868147
v 19.05711013 -4.60435772 2.72637892
v 19.01736099 -4.92554235 2.76485014
v 18.20522315 -4.60435772 3.29435683
v 18.17170507 -4.92554235 3.31908751
v 17.27035267 -4.60435772 3.71187926
v 17.24619145 -4.92554235 3.72619200
v 16.27882666 -4.60435772 3.96718932
v 16.26619083 -4.92554235 3.97500563
v 15.25856835 -4.60435772 4.05310011
v 15.25856835 -4.92554235 4.05870772
v 11.84540302 -4.92554235 4.05870772
v 11.81922084 -4.92245865 4.05865431
v 11.79455716 -4.91368532 4.05849791
v 11.77219445 -4.89994097 4.05826140
v 11.75291425 -4.88194275 4.05794478
v 11.73742730 -4.86067343 4.05757475
v 11.72595078 -4.83718395 4.05716276
v 11.71849710 -4.81207132 4.05672407
v 11.71591574 -4.79607058 4.05644560
v 11.71486456 -4.77981806 4.05616331
v 11.71180183 -4.60435772 4.05310011
v 20.77472693 -4.37001944 0.25395537
v 20.32965666 -4.38700676 1.15378523
v 20.31239421 -4.37001944 1.14350462
v 21.08188349 -4.37001944 -0.70035600
v 20.79349810 -4.38700676 0.26112318
v 21.22522360 -4.37001944 -1.69257784
v 21.10160882 -4.38700676 -0.69650697
v 21.24531943 -4.38700676 -1.69216966
v 16.25867468 -4.37570572 3.85166502
v 16.25755918 -4.37001944 3.84508467
v 16.25979370 -4.38136816 3.85826826
v 16.26100225 -4.38700676 3.86487151
v 17.23064703 -4.37570572 3.60153151
v 17.22844726 -4.37001944 3.59522963
v 17.23285336 -4.38136816 3.60785246
v 17.23523158 -4.38700676 3.61413527
v 18.14714247 -4.37570572 3.19247008
v 18.14392048 -4.37001944 3.18662596
v 18.15037424 -4.38136816 3.19833327
v 18.15384561 -4.38700676 3.20408583
v 18.98237902 -4.37570572 2.63598204
v 18.97822529 -4.37001944 2.63075972
v 18.98654539 -4.38136816 2.64122343
v 18.99099809 -4.38700676 2.64626265
v 19.71286065 -4.37570572 1.94773054
v 19.70789200 -4.37001944 1.94327116
v 19.71784407 -4.38136816 1.95220137
v 19.72313506 -4.38700676 1.95635939
v 20.31803805 -4.37570572 1.14706755
v 20.32369858 -4.38136816 1.15064574
v 20.78088671 -4.37570572 0.25652647
v 20.78706509 -4.38136816 0.25910521
v 21.08838660 -4.37570572 -0.69884920
v 21.09490878 -4.38136816 -0.69733858
v 11.70479876 -4.39091158 7.15271712
v 15.25856835 -4.39091158 7.15271712
v 15.25856835 -4.38529921 7.15943480
v 15.25856835 -4.37966299 7.16613341
v 11.70453340 -4.37400341 7.17280913
v 15.25856835 -4.37400341 7.17280913
v 11.84544665 -4.92816257 7.04273939
v 11.71187812 -4.60871887 7.04831648
v 11.71491343 -4.78261518 7.04527998
v 11.71937305 -4.81836843 7.04465437
v 11.73147709 -4.85226202 7.04406309
v 11.75108654 -4.88242769 7.04353667
v 11.77474004 -4.90458298 7.04315138
v 11.80015260 -4.91897058 7.04289961
v 11.82233221 -4.92581034 7.04278136
v 15.25856835 -4.60871887 7.04831648
v 15.25856835 -4.92816257 7.04273939
v 16.51862771 -4.60871887 6.96061659
v 16.62888712 -4.92816257 6.93886519
v 17.75439126 -4.60871887 6.69922209
v 17.96789128 -4.92816257 6.62962294
v 18.94203121 -4.60871887 6.26916075
v 19.24498183 -4.92816257 6.12207747
v 20.05864865 -4.60871887 5.67873335
v 20.43097455 -4.92816257 5.42782927
v 21.08271271 -4.60871887 4.93931914
v 21.49876696 -4.92816257 4.56273604
v 21.99447829 -4.60871887 4.06517744
v 22.42395789 -4.92816257 3.54657317
v 22.77636487 -4.60871887 3.07316161
v 23.18540484 -4.92816257 2.40256453
v 23.41329629 -4.60871887 1.98240233
v 23.76570660 -4.92816257 1.15684462
v 23.89299256 -4.60871887 0.81392622
v 24.15160328 -4.92816257 -0.16210985
v 24.20620305 -4.60871887 -0.40973329
v 24.33427579 -4.92816257 -1.52416658
v 24.33770043 -4.91361666 -1.58242845
v 24.33602578 -4.92436504 -1.55426073
v 24.33925015 -4.89688492 -1.60755968
v 24.34062535 -4.87515163 -1.62854051
v 24.34180409 -4.84964132 -1.64464235
v 24.34277779 -4.82143688 -1.65561723
v 24.34333474 -4.80051327 -1.66013384
v 24.34378392 -4.77909660 -1.66191911
v 24.34689004 -4.60871887 -1.66497850
v 21.15498692 -4.39091158 5.01498747
v 20.12946946 -4.37400341 5.78129530
v 20.11854369 -4.39091158 5.76443053
v 22.07748705 -4.39091158 4.12905836
v 21.16821677 -4.37400341 5.03011656
v 22.86821705 -4.39091158 3.12375975
v 22.09274871 -4.37400341 4.14213515
v 23.51189763 -4.39091158 2.01851988
v 22.88519723 -4.37400341 3.13451720
v 23.99608857 -4.39091158 0.83469725
v 23.53024632 -4.37400341 2.02673674
v 24.31143529 -4.39091158 -0.40483522
v 24.01542908 -4.37400341 0.84020186
v 24.45184285 -4.39091158 -1.67612123
v 24.33136899 -4.37400341 -0.40215349
v 24.47195870 -4.37400341 -1.67631960
v 16.53542155 -4.38529921 7.07047224
v 16.53449005 -4.39091158 7.06381941
v 16.53635031 -4.37966299 7.07710600
v 16.53736765 -4.37400341 7.08370543
v 17.78760058 -4.38529921 6.80530119
v 17.78575570 -4.39091158 6.79884291
v 17.78944022 -4.37966299 6.81174040
v 17.79145152 -4.37400341 6.81811095
v 18.99090845 -4.38529921 6.36904478
v 18.98818547 -4.39091158 6.36290312
v 18.99362308 -4.37966299 6.37516737
v 18.99658281 -4.37400341 6.38115645
v 20.12209183 -4.38529921 5.77013350
v 20.12562949 -4.37966299 5.77582121
v 21.15929181 -4.38529921 5.02014494
v 21.16358382 -4.37966299 5.02528715
v 22.08246523 -4.38529921 4.13356734
v 22.08742863 -4.37966299 4.13806486
v 22.87377268 -4.38529921 3.12753630
v 22.87931162 -4.37966299 3.13129759
v 23.51792294 -4.38529921 2.02148772
v 23.52393014 -4.37966299 2.02444792
v 24.00246770 -4.38529921 0.83679915
v 24.00882775 -4.37966299 0.83889723
v 24.31804425 -4.38529921 -0.40363359
v 24.32463414 -4.37966299 -0.40243959
v -3.36980575 3.46707821 7.55087996
v -3.42316383 3.46320701 7.54610777
v -3.39668220 3.46611929 7.54971648
v -3.46771758 3.45261216 7.53186751
v 15.25856835 3.46707821 7.55087996
v -3.47995323 3.44763970 7.52450133
v -3.44744438 3.45852423 7.54003859
v -3.49964088 3.42953610 7.49252272
v 15.25856835 3.43038893 7.49426604
v -3.50025886 3.41054082 7.44177962
v -3.49830001 3.43388295 7.50111723
v -3.49438804 3.43858194 7.50968123
v -3.48796218 3.44333839 7.51771117
v 15.25856835 3.40777302 7.43070937
v -3.50056213 3.40116215 7.38630629
v 15.25856835 3.40045428 7.36364317
v -3.50050872 3.40281034 7.32896757
v 15.25856835 3.40882874 7.29670287
v -3.50009101 3.41571259 7.27307463
v 15.25856835 3.43244314 7.23350859
v -3.49933952 3.43881226 7.22177458
v 24.82511098 3.44870853 -1.66510057
v 24.79013688 3.42845798 -1.68830919
v 24.83345372 3.45494628 -1.64788103
v 24.81898743 3.44455314 -1.67359590
v 24.81151730 3.43987751 -1.68081331
v 24.80269009 3.43483734 -1.68594789
v 24.79656369 3.43161464 -1.68775987
v 24.84269196 3.46313667 -1.61077928
v 24.73756653 3.40975165 -1.68722200
v 24.84497315 3.46707821 -1.55732393
v 24.68269402 3.40163469 -1.68568849
v 24.62734276 3.40385509 -1.68376970
v 24.57333333 3.41616058 -1.68153047
v 24.52249104 3.43829966 -1.67903948
v 16.58044893 3.46707821 7.45942641
v 24.53827435 3.40095139 -0.36484193
v 24.68605668 3.46707821 -0.24184847
v 24.45331151 3.40882874 -0.38025331
v 24.38085610 3.43807626 -0.39339494
v 24.31698281 3.42845798 0.93945265
v 24.34749943 3.46707821 1.03921080
v 24.21515423 3.40095139 0.90587187
v 24.13314969 3.40882874 0.87882567
v 24.06321675 3.43807626 0.85575819
v 23.81511170 3.42845798 2.16686964
v 23.83575112 3.46707821 2.26143980
v 23.71892411 3.40095139 2.11948729
v 23.64146287 3.40882874 2.08133269
v 23.57540471 3.43807626 2.04878950
v 23.14786297 3.42845798 3.31282378
v 23.16056449 3.46707821 3.40154982
v 23.05917651 3.40095139 3.25255919
v 22.98775584 3.40882874 3.20402861
v 22.92684895 3.43807626 3.16263914
v 22.32813365 3.42845798 4.35516310
v 22.33480507 3.46707821 4.43781996
v 22.24866158 3.40095139 4.28317976
v 22.18466193 3.40882874 4.22521162
v 22.13008362 3.43807626 4.17577696
v 21.37176663 3.42845798 5.27374220
v 21.37420756 3.46707821 5.35050154
v 21.30304581 3.40095139 5.19143248
v 21.24770362 3.40882874 5.12515211
v 21.20050866 3.43807626 5.06862593
v 20.29724604 3.42845798 6.05080748
v 20.29707629 3.46707821 6.12219954
v 20.24060446 3.40095139 5.95976591
v 20.19499022 3.40882874 5.88644743
v 20.15609032 3.43807626 5.82392073
v 19.12534052 3.42845798 6.67134428
v 19.12393600 3.46707821 6.73821593
v 19.08187253 3.40095139 6.57332564
v 19.04686720 3.40882874 6.49438811
v 19.01701481 3.43807626 6.42707396
v 17.87869937 3.42845798 7.12335158
v 17.87714106 3.46707821 7.18680525
v 17.84924537 3.40095139 7.02025175
v 17.82552582 3.40882874 6.93722487
v 17.80529791 3.43807626 6.86642027
v 16.58141762 3.42845798 7.39810133
v 16.56654698 3.40095139 7.29191161
v 16.55457133 3.40882874 7.20639754
v 16.54435867 3.43807626 7.13347197
v -3.49675315 3.52716637 7.11791945
v 15.25856835 3.53163671 7.11438322
v -3.49518722 3.57536149 7.08634138
v 15.25856835 3.58438849 7.08183241
v -3.49312728 3.63870311 7.06225157
v 15.25856835 3.64285254 7.06124068
v 24.37671620 3.59340119 -1.66969728
v 24.35895783 3.64749646 -1.66722154
v 24.41036088 3.53573585 -1.67286729
v 16.52029997 3.64747691 6.97237349
v 16.52273232 3.59332633 6.98976469
v 16.52738172 3.53566670 7.02300215
v 17.75770241 3.64747691 6.71062422
v 17.76252014 3.59332633 6.72750807
v 17.77172929 3.53566670 6.75978422
v 18.94691545 3.64747691 6.27998305
v 18.95402581 3.59332633 6.29603911
v 18.96761710 3.53566670 6.32672835
v 20.06500823 3.64747691 5.68875838
v 20.07427413 3.59332633 5.70367384
v 20.09198529 3.53566670 5.73218489
v 21.09042174 3.64747691 4.94834853
v 21.10166413 3.59332633 4.96183729
v 21.12315423 3.53566670 4.98761702
v 22.00338275 3.64747691 4.07303191
v 22.01638514 3.59332633 4.08483458
v 22.04123932 3.53566670 4.10738707
v 22.78628737 3.64747691 3.07968474
v 22.80079896 3.59332633 3.08957243
v 22.82853800 3.53566670 3.10846663
v 23.42403943 3.64747691 1.98746443
v 23.43978078 3.59332633 1.99524260
v 23.46987015 3.53566670 2.01011229
v 23.90434224 3.64747691 0.81742430
v 23.92100865 3.59332633 0.82294798
v 23.95286805 3.53566670 0.83350706
v 24.21793324 3.64747691 -0.40786409
v 24.23520428 3.59332633 -0.40470552
v 24.26821953 3.53566670 -0.39865923
v -3.35337776 4.30540657 5.85165739
v -3.40661567 4.29938936 5.85055113
v -3.38019508 4.30392742 5.85139799
v -3.45108550 4.28217745 5.84663725
v 15.25856835 4.30540657 5.85165739
v -3.46327728 4.27370548 5.84430266
v -3.43084472 4.29192352 5.84898711
v -3.48183006 4.24825001 5.83556700
v 15.25856835 4.24073124 5.83246565
v -3.48331970 4.23936129 5.83187437
v -3.47778457 4.25736141 5.83899641
v -3.47129577 4.26610613 5.84196806
v -3.48486274 4.19185305 5.80568648
v 15.25856835 4.18223953 5.79885435
v -3.48627036 4.14857531 5.76961851
v 15.25856835 4.13309669 5.75263548
v -3.48744338 4.11247683 5.72493315
v 15.25856835 4.09596300 5.69631148
v -3.48830741 4.08589411 5.67401076
v 15.25856835 4.07284689 5.63293410
v -3.48882240 4.07007408 5.61994124
v 23.14188296 4.27606630 -1.65600633
v 23.12955672 4.23867178 -1.67866563
v 23.14376694 4.28640223 -1.63945818
v 23.14014155 4.26884794 -1.66424226
v 23.13774735 4.26053238 -1.67116975
v 23.13462597 4.25131369 -1.67610597
v 23.13222462 4.24504328 -1.67795992
v 23.14468104 4.29937553 -1.60368776
v 23.10193974 4.18983221 -1.67916155
v 23.14270217 4.30540657 -1.55184984
v 23.06549842 4.14759731 -1.67909670
v 23.02182728 4.11298275 -1.67849397
v 22.97251851 4.08700180 -1.67736101
v 22.91916663 4.07066965 -1.67571687
v 22.92932612 4.09596300 -0.98269319
v 22.97868878 4.30540657 -0.37310075
v 22.85534245 4.07039738 -0.99296999
v 22.96648699 4.23867178 -0.41194963
v 22.90437609 4.14706993 -0.42513323
v 22.83417231 4.09596300 -0.44003725
v 22.76110608 4.07039738 -0.45554399
v 22.73291928 4.14706993 0.23805571
v 22.63946206 4.30540657 0.76763106
v 22.66428954 4.09596300 0.21706343
v 22.59286219 4.07039738 0.19521666
v 22.62069852 4.23867178 0.76047469
v 22.56137425 4.14706993 0.73784209
v 22.49431950 4.09596300 0.71226073
v 22.42453152 4.07039738 0.68563795
v 22.22364909 4.14706993 1.49874831
v 22.13272006 4.30540657 1.84445906
v 22.15969569 4.09596300 1.46618224
v 22.09313494 4.07039738 1.43228484
v 22.11524493 4.23867178 1.83456374
v 22.05999333 4.14706993 1.80327940
v 21.99754244 4.09596300 1.76791334
v 21.93254573 4.07039738 1.73110915
v 21.84959466 4.14706993 2.15319395
v 21.46996409 4.30540657 2.83294249
v 21.78907544 4.09596300 2.11461974
v 21.72608954 4.07039738 2.07447005
v 21.46969563 4.23867178 2.80071974
v 21.41964633 4.14706993 2.76164580
v 21.36307484 4.09596300 2.71748305
v 21.30419737 4.07039738 2.67151976
v 20.93684537 4.14706993 3.32309676
v 20.66623551 4.30540657 3.71065092
v 20.88470704 4.09596300 3.27377653
v 20.83044345 4.07039738 3.22244978
v 20.65248877 4.23867178 3.69601012
v 20.60902411 4.14706993 3.64972258
v 20.50404173 4.23867178 3.83188200
v 20.55989606 4.09596300 3.59740782
v 20.46177298 4.14706993 3.78450346
v 20.41399724 4.09596300 3.73094511
v 20.36427361 4.07039738 3.67520857
v 19.98506314 4.23867178 4.25661803
v 19.73977620 4.30540657 4.45765639
v 19.94697672 4.14706993 4.20581389
v 19.90392739 4.09596300 4.14839125
v 19.85912377 4.07039738 4.08862639
v 19.72838456 4.23867178 4.44111967
v 19.69236666 4.14706993 4.38882780
v 19.65165526 4.09596300 4.32972288
v 19.38518197 4.14706993 4.58994627
v 19.34729153 4.09596300 4.52899886
v 19.30785615 4.07039738 4.46556044
v 18.82356412 4.23867178 4.97899199
v 18.71161276 4.30540657 5.05701018
v 18.79483706 4.14706993 4.92237044
v 18.76236707 4.09596300 4.85836745
v 18.72857315 4.07039738 4.79175520
v 18.14745838 4.09596300 5.13731718
v 18.11959535 4.07039738 5.06801558
v 17.84033329 4.23867178 5.39661360
v 17.60507971 4.30540657 5.49510908
v 17.81952936 4.14706993 5.33662367
v 17.79601437 4.09596300 5.26881743
v 17.59911448 4.23867178 5.47593642
v 17.77154094 4.07039738 5.19824553
v 17.58025414 4.14706993 5.41530562
v 17.55893642 4.09596300 5.34677840
v 17.53674966 4.07039738 5.27545500
v 17.09669429 4.14706993 5.54886961
v 17.07981652 4.09596300 5.47911406
v 17.06225080 4.07039738 5.40651656
v 16.74115843 4.23867178 5.69084120
v 16.44529075 4.30540657 5.76201201
v 16.72921151 4.14706993 5.62847853
v 16.71570808 4.09596300 5.55799437
v 16.70165414 4.07039738 5.48463393
v 16.44227404 4.23867178 5.74215651
v 16.43273563 4.14706993 5.67938185
v 16.42195434 4.09596300 5.60842848
v 15.99396640 4.14706993 5.73340941
v 15.98721397 4.09596300 5.66195631
v 15.98018623 4.07039738 5.58759642
v -3.48881286 4.07035542 5.49042845
v 15.25856835 4.07342863 5.47650099
v -3.48829215 4.08638477 5.43662215
v 15.25856835 4.09691048 5.41366911
v -3.48742431 4.11308622 5.38598967
v 15.25856835 4.13419962 5.35791350
v -3.48624938 4.14921188 5.34159422
v 15.25856835 4.18330050 5.31221724
v -3.48484367 4.19244289 5.30577040
v 15.25856835 4.24158669 5.27902174
v -3.48330253 4.23985815 5.27976561
v -3.46798843 4.27002382 5.26865721
v -3.45945686 4.27717590 5.26656294
v -3.47519439 4.26179075 5.27131605
v -3.48043769 4.25258064 5.27461577
v -3.48245757 4.24629593 5.27707243
v -3.40609496 4.30003834 5.26118422
v 15.25856835 4.30594015 5.26010847
v -3.35336250 4.30594015 5.26010847
v -3.44251960 4.28732681 5.26393080
v 22.55296618 4.29924440 -1.57975816
v 22.57006175 4.23955488 -1.55464983
v 22.55590397 4.29209089 -1.60278749
v 22.55056149 4.30370045 -1.55596590
v 22.55939776 4.28255463 -1.62286806
v 22.56235558 4.27430201 -1.63502931
v 22.56505877 4.26691246 -1.64306307
v 22.56829650 4.25837374 -1.64965486
v 22.57555920 4.24063110 -1.65556001
v 22.57185513 4.24943686 -1.65387392
v 22.76767975 4.07301283 -1.54131364
v 22.78705317 4.07074547 -1.67095995
v 22.60364062 4.18152905 -1.55238390
v 22.59818751 4.19115019 -1.57685518
v 22.59945399 4.19115019 -1.59701585
v 22.60085637 4.19115019 -1.62045335
v 22.60319382 4.19129896 -1.65854692
v 22.60202510 4.19115019 -1.64101457
v 22.63976294 4.14860439 -1.66170168
v 22.70540625 4.09599209 -1.54551363
v 22.65110404 4.13271523 -1.57345628
v 22.64950997 4.13271236 -1.54928636
v 22.65237958 4.13271523 -1.59376192
v 22.65379244 4.13271523 -1.61737108
v 22.65496928 4.13271523 -1.63808107
v 22.68366439 4.11358738 -1.66490602
v 22.72730357 4.08662891 -1.56856584
v 22.72859246 4.08662891 -1.58907747
v 22.73001963 4.08662891 -1.61293077
v 22.73120886 4.08662891 -1.63385439
v 22.73329503 4.08728790 -1.66803026
v 22.73217732 4.08662891 -1.65170717
v 22.54779631 4.30594015 -1.52202272
v 15.95871055 4.13419962 5.32474470
v 16.46996886 4.30594015 5.15900755
v 15.96416909 4.09590340 5.38222838
v 16.47325296 4.23949957 5.17854643
v 16.48618132 4.13419962 5.25546217
v 16.49575216 4.09590340 5.31240416
v 17.34185273 4.13419962 5.05886793
v 17.64785296 4.30594015 4.85850478
v 17.35809476 4.09590340 5.11427641
v 17.65433008 4.23949957 4.87723112
v 17.67982942 4.13419962 4.95093870
v 17.69870621 4.09590340 5.00550413
v 17.94571978 4.13419962 4.85322142
v 17.96666962 4.09590340 4.90702772
v 18.55518705 4.23949957 4.49652815
v 18.75963146 4.30594015 4.36691618
v 18.59027440 4.13419962 4.56618452
v 18.61624939 4.09590340 4.61775160
v 18.76912243 4.23949957 4.38430739
v 18.80648691 4.13419962 4.45276976
v 18.83414752 4.09590340 4.50345183
v 19.20822078 4.13419962 4.21682310
v 19.23901350 4.09590340 4.26566649
v 19.68756777 4.23949957 3.79003096
v 19.77454383 4.30594015 3.69783736
v 19.73470742 4.13419962 3.85216856
v 19.76960475 4.09590340 3.89817000
v 20.22683770 4.13419962 3.44419051
v 20.66451031 4.30594015 2.86978484
v 20.26557213 4.09590340 3.48701048
v 20.66987664 4.23949957 2.89330626
v 20.72747189 4.13419962 2.94589949
v 20.77010924 4.09590340 2.98483610
v 21.18021542 4.13419962 2.39971114
v 21.40490777 4.30594015 1.90566588
v 21.22638280 4.09590340 2.43438673
v 21.42156989 4.23949957 1.91638518
v 21.48716551 4.13419962 1.95857954
v 21.53572566 4.09590340 1.98981810
v 21.85705859 4.13419962 1.31475783
v 21.97525078 4.30594015 0.83215666
v 21.90850217 4.09590340 1.34097624
v 21.99345929 4.23949957 0.83996535
v 22.06514174 4.13419962 0.87070418
v 22.11820799 4.09590340 0.89345885
v 22.35581643 4.13419962 0.06800413
v 22.35975987 4.30594015 -0.32104158
v 22.41114861 4.09590340 0.08450270
v 22.37901074 4.23949957 -0.31635713
v 22.45479685 4.13419962 -0.29792833
v 22.51090104 4.09590340 -0.28428316
v 22.43532902 4.23949957 -0.56697893
v 22.51171452 4.13419962 -0.55121278
v 22.56826264 4.09590340 -0.53954363
v 22.51944024 4.23949957 -1.05848741
v 22.59672124 4.13419962 -1.04795503
v 22.65393168 4.09590340 -1.04015779
v -3.49927276 3.44290543 3.88946104
v 15.25856835 3.43656564 3.87770796
v -3.50002044 3.41993284 3.83810377
v 15.25856835 3.41310763 3.81445647
v -3.50043434 3.40716910 3.78217650
v 15.25856835 3.40489912 3.74749708
v -3.50048393 3.40566301 3.72483397
v 15.25856835 3.41238379 3.68044997
v -3.50017494 3.41517973 3.66938353
v 15.25856835 3.43515706 3.61694670
v -3.49955314 3.43430090 3.61868620
v -3.48453468 3.45010996 3.59042693
v -3.47603744 3.45420551 3.58415938
v -3.49170440 3.44554520 3.59785796
v -3.49686378 3.44065928 3.60641432
v -3.49880737 3.43745756 3.61241865
v -3.42258209 3.46817684 3.56509734
v 15.25856835 3.47198629 3.56042433
v -3.36971610 3.47198629 3.56042433
v -3.45908683 3.46025276 3.57550383
v 20.89168793 3.44563317 -1.67006349
v 20.90928322 3.43621922 -1.67666673
v 20.90090329 3.44056582 -1.67486620
v 20.88226325 3.45109940 -1.66165971
v 20.87439782 3.45584464 -1.65137529
v 16.20539737 3.43515706 3.53726149
v 16.29141730 3.47198629 3.46449995
v 16.22317148 3.40577960 3.64211226
v 16.23840827 3.41310763 3.73199416
v 16.25053633 3.44153094 3.80353499
v 17.16063816 3.40577960 3.40085173
v 17.28893596 3.47198629 3.18001128
v 17.30939800 3.43515706 3.23269987
v 17.19068307 3.41310763 3.48692274
v 17.21459788 3.44153094 3.55543471
v 17.34789664 3.40577960 3.33183241
v 17.38089949 3.41310763 3.41681242
v 18.04459530 3.40577960 3.00630522
v 18.21700269 3.47198629 2.71668578
v 18.08860308 3.41310763 3.08614302
v 18.12363202 3.44153094 3.14969206
v 18.24681789 3.43515706 2.76470518
v 18.30291397 3.40577960 2.85505247
v 18.35100228 3.41310763 2.93250227
v 18.85017521 3.40577960 2.46956206
v 19.04387170 3.47198629 2.09037352
v 18.90690786 3.41310763 2.54092360
v 18.95206553 3.44153094 2.59772444
v 19.08201987 3.43515706 2.13207960
v 19.15379459 3.40577960 2.21055174
v 19.21532327 3.41310763 2.27782011
v 19.55471522 3.40577960 1.80573225
v 19.74125821 3.47198629 1.32250166
v 19.62257678 3.41310763 1.86660338
v 19.67659241 3.44153094 1.91505766
v 19.78643471 3.43515706 1.35646773
v 19.87143284 3.40577960 1.42037917
v 19.94429738 3.41310763 1.47516585
v 20.13839442 3.40577960 1.03348112
v 20.28530747 3.47198629 0.43933058
v 20.21547562 3.41310763 1.08215666
v 20.27683026 3.44153094 1.12090254
v 20.33596665 3.43515706 0.46439696
v 20.43128068 3.40577960 0.51156187
v 20.51298863 3.41310763 0.55199385
v 20.58479363 3.40577960 0.17454100
v 20.65740878 3.47198629 -0.52892732
v 20.66892630 3.41310763 0.20965147
v 20.73589331 3.44153094 0.23759413
v 20.71181828 3.43515706 -0.51361513
v 20.81418807 3.40577960 -0.48481035
v 20.90194422 3.41310763 -0.46011781
v 20.88135392 3.40577960 -0.74692583
v 20.84483439 3.47198629 -1.54914522
v 20.97017056 3.41310763 -0.72637224
v 21.04086644 3.44153094 -0.71001100
v 20.90113265 3.43515706 -1.54411745
v 20.96255356 3.41592526 -1.68038988
v 20.86591250 3.46106672 -1.63597917
v 20.85639578 3.46682715 -1.61076402
v 20.84907538 3.47071648 -1.58037233
v 21.01848895 3.40653062 -1.68378496
v 21.00705630 3.40577960 -1.53465700
v 21.07513959 3.40783811 -1.68676805
v 21.18279273 3.44177151 -1.69119692
v 21.09785897 3.41310763 -1.52654695
v 21.13055712 3.41965079 -1.68926286
v -3.49274009 3.65262246 4.05184889
v 15.25856835 3.64704061 4.05058623
v -3.49452918 3.59762883 4.03409148
v 15.25856835 3.58842874 4.02988005
v -3.49643463 3.53897142 3.99975920
v 15.25856835 3.53557611 3.99715758
v 21.34545905 3.64206243 -1.69182634
v 21.20123726 3.64704061 -0.67753648
v 21.32146460 3.57960248 -1.69266939
v 21.18105990 3.58842874 -0.68219042
v 21.29024226 3.53183055 -1.69270372
v 21.14917475 3.53557611 -0.68954515
v 20.88836342 3.64704061 0.29693938
v 20.86924845 3.58842874 0.28897810
v 20.83904177 3.53557611 0.27639342
v 20.41693598 3.64704061 1.20537138
v 20.39942175 3.58842874 1.19432783
v 20.37174470 3.53557611 1.17686797
v 19.80023295 3.64704061 2.02217818
v 19.78481251 3.58842874 2.00835753
v 19.76044423 3.53557611 1.98651839
v 19.05562169 3.64704061 2.72435332
v 19.04272944 3.58842874 2.70814848
v 19.02235633 3.53557611 2.68254042
v 18.20407325 3.64704061 3.29211760
v 18.19407231 3.58842874 3.27398634
v 18.17826826 3.53557611 3.24533415
v 17.26956994 3.64704061 3.70948744
v 17.26274211 3.58842874 3.68994093
v 17.25195200 3.53557611 3.65904570
v 16.27843052 3.64704061 3.96470595
v 16.27496773 3.58842874 3.94428969
v 16.26949567 3.53557611 3.91202879
v -24.69063133 3.44190669 -1.68391466
v -24.67402213 3.43321848 -1.68824434
v -24.68274253 3.43758559 -1.68716478
v -24.69934791 3.44714475 -1.67727327
v -24.70873969 3.45341325 -1.66536379
v -15.14702361 3.41238379 7.42618895
v -16.46045249 3.43515706 7.39882613
v -15.14702361 3.43515706 7.48969221
v -15.14702361 3.47198629 7.54621458
v -16.46823448 3.47198629 7.45481062
v -15.14702361 3.40489912 7.35914564
v -16.44514793 3.40544438 7.28874541
v -15.14702361 3.43656564 7.22893095
v -16.43325370 3.41310763 7.20319701
v -15.14702361 3.41310763 7.29218245
v -16.42310279 3.44217229 7.13019133
v -17.74885505 3.43515706 7.12795210
v -17.76427406 3.47198629 7.18233061
v -17.71853584 3.40544438 7.02102995
v -17.69497627 3.41310763 6.93793440
v -17.67486900 3.44217229 6.86702299
v -18.98767799 3.43515706 6.68223906
v -19.01044029 3.47198629 6.73397780
v -18.94292777 3.40544438 6.58051253
v -18.90814536 3.41310763 6.50144911
v -18.87846702 3.44217229 6.43398238
v -20.15332359 3.43515706 6.07017470
v -20.18299430 3.47198629 6.11828566
v -20.09498924 3.40544438 5.97557783
v -20.04965156 3.41310763 5.90206099
v -20.01096290 3.44217229 5.83932066
v -21.22357887 3.43515706 5.30342436
v -21.25958961 3.47198629 5.34698820
v -21.15277046 3.40544438 5.21776152
v -21.09774345 3.41310763 5.15118742
v -21.05078452 3.44217229 5.09437514
v -22.17804664 3.43515706 4.39659453
v -22.21971458 3.47198629 4.43478346
v -22.09611839 3.40544438 4.32149840
v -22.03244727 3.41310763 4.26313734
v -21.97811073 3.44217229 4.21332884
v -23.04507392 3.47198629 3.39905501
v -22.99854606 3.43515706 3.36696577
v -23.71994346 3.47198629 2.25953245
v -22.90705436 3.40544438 3.30386687
v -22.83595603 3.41310763 3.25482893
v -22.77527564 3.44217229 3.21298170
v -23.66943687 3.43515706 2.23415709
v -23.57013267 3.40544438 2.18425703
v -23.49295371 3.41310763 2.14548064
v -23.42709297 3.44217229 2.11238432
v -24.23146003 3.47198629 1.03793288
v -24.17793983 3.43515706 1.01975584
v -24.56988090 3.47198629 -0.24246645
v -24.07271140 3.40544438 0.98400832
v -23.99092811 3.41310763 0.95622588
v -23.92113441 3.44217229 0.93251753
v -24.51436942 3.43515706 -0.25310564
v -24.72875541 3.47198629 -1.55727434
v -24.40521568 3.40544438 -0.27402162
v -24.32038825 3.41310763 -0.29027605
v -24.24799674 3.44217229 -0.30414629
v -24.67230552 3.43515706 -1.56016588
v -24.62149757 3.41438103 -1.68716478
v -24.71455711 3.45769382 -1.65436220
v -24.71944373 3.46159482 -1.64164781
v -24.72755760 3.46920562 -1.60228777
v -24.72905296 3.47129560 -1.57985735
v -24.56664604 3.40612745 -1.68563509
v -24.56131309 3.40544438 -1.56584978
v -24.51128715 3.40821052 -1.68371629
v -24.47505515 3.41310763 -1.57026720
v -24.45724815 3.42038250 -1.68148088
v -24.40634864 3.44239593 -1.67899370
v -24.40144294 3.44217229 -1.57403993
v -11.72153419 3.47198629 7.54621458
v -11.63216346 3.46025276 7.53113509
v -11.66866821 3.46817684 7.54154158
v -11.61521285 3.45420551 7.52247954
v -11.60671562 3.45010996 7.51621199
v -11.59954589 3.44554520 7.50878096
v -11.59438842 3.44065928 7.50022459
v -11.59244293 3.43745756 7.49422026
v -11.59099906 3.41278911 7.29350615
v -11.59176772 3.43647242 7.22911406
v -24.30001014 3.53182125 -1.67329836
v -15.14702361 3.64704061 7.05605269
v -24.24455589 3.64201665 -1.66755724
v -24.10478156 3.64704061 -0.42210054
v -24.26870292 3.57956862 -1.67054796
v -24.12515586 3.58842874 -0.41840028
v -24.15735191 3.53557611 -0.41255617
v -23.79274696 3.64704061 0.80440855
v -23.81241172 3.58842874 0.81089735
v -23.84348625 3.53557611 0.82115126
v -23.31364387 3.64704061 1.97579527
v -23.33221763 3.58842874 1.98494673
v -23.36157173 3.53557611 1.99941206
v -22.67672294 3.64704061 3.06942320
v -22.69385093 3.58842874 3.08106184
v -22.72091621 3.53557611 3.09945631
v -21.89430183 3.64704061 4.06415892
v -21.90964836 3.58842874 4.07806349
v -21.93389839 3.53557611 4.10003233
v -20.98149436 3.64704061 4.94078398
v -20.99476570 3.58842874 4.95667982
v -21.01573509 3.53557611 4.98179961
v -19.95593971 3.64704061 5.68235350
v -19.96687644 3.58842874 5.69993544
v -19.98416084 3.53557611 5.72772169
v -18.83745521 3.64704061 6.27453566
v -18.84585136 3.58842874 6.29346800
v -18.85911506 3.53557611 6.32337904
v -17.64765876 3.64704061 6.70589400
v -17.65334648 3.58842874 6.72580672
v -17.66233390 3.53557611 6.75727034
v -16.40953964 3.64704061 6.96808958
v -15.14702361 3.58842874 7.07676268
v -16.41241210 3.58842874 6.98859740
v -16.41694969 3.53557611 7.02100325
v -15.14702361 3.53557611 7.10948515
v -11.59481567 3.53897142 7.10687971
v -11.59672302 3.59762883 7.07254744
v -11.59851020 3.65262246 7.05479384
v -22.80253547 4.07044077 -1.67573213
v -23.02458137 4.30594254 -1.52946138
v -23.02383369 4.30594254 -1.51826524
v -23.00464958 4.24121571 -1.51955461
v -22.85608238 4.08636570 -1.67739916
v -22.81398338 4.07304001 -1.66346407
v -22.81275886 4.07304001 -1.63979768
v -22.81073326 4.07304001 -1.60337495
v -22.80925697 4.07304001 -1.57865953
v -22.90556663 4.11218023 -1.67854356
v -22.90460914 4.11218023 -1.65891695
v -22.94924110 4.14714766 -1.67913866
v -22.80775016 4.07304001 -1.55467271
v -22.80632728 4.07300282 -1.53289461
v -22.86895316 4.09617710 -1.52868318
v -22.90336936 4.11218023 -1.63497209
v -22.90132087 4.11218023 -1.59811830
v -22.89982932 4.11218023 -1.57311296
v -22.98552650 4.18996191 -1.67917680
v -22.97909492 4.18251991 -1.65518236
v -22.89830345 4.11218023 -1.54884004
v -22.92515129 4.13327217 -1.52490282
v -22.97784751 4.18251991 -1.63100481
v -22.97577613 4.18251991 -1.59380006
v -23.01660102 4.24793720 -1.67739534
v -23.01264137 4.24115992 -1.65350008
v -23.01300758 4.23917675 -1.67866563
v -23.01985877 4.25701380 -1.67366457
v -23.02284187 4.26679325 -1.66665697
v -23.02574485 4.27891064 -1.65284013
v -22.97426933 4.18251991 -1.56855058
v -23.02772087 4.29201651 -1.62834978
v -23.01138633 4.24115992 -1.62921953
v -22.97272819 4.18251991 -1.54404878
v -22.97115272 4.18260431 -1.52180910
v -23.02778190 4.30260420 -1.59078264
v -23.00930732 4.24115992 -1.59185457
v -23.02602332 4.30594254 -1.55186128
v -23.00779670 4.24115992 -1.56649828
v -23.00624793 4.24115992 -1.54188966
v -23.02530998 4.30594254 -1.54066133
v -22.85559410 4.30594254 -0.34431505
v -22.64202064 4.07286787 -0.39152193
v -22.70397895 4.09604454 -0.37782716
v -22.75901740 4.13327217 -0.36566209
v -22.80415290 4.18253088 -0.35568666
v -22.83694023 4.24114752 -0.34843874
v -22.30930274 4.07286787 0.71252013
v -22.36851066 4.09604454 0.73533964
v -22.42110771 4.13327217 0.75561095
v -22.46424049 4.18253088 0.77223921
v -22.51339668 4.30594254 0.79118300
v -22.49557060 4.24114752 0.78431273
v -21.81495994 4.07286787 1.75426436
v -21.87007850 4.09604454 1.78569365
v -21.91904395 4.13327217 1.81361723
v -21.95920127 4.18253088 1.83651686
v -21.98836845 4.24114752 1.85314894
v -22.00496620 4.30594254 1.86261320
v -21.17014259 4.07286787 2.71020079
v -21.21993202 4.09604454 2.74953413
v -21.26416343 4.13327217 2.78447676
v -21.30043357 4.18253088 2.81313277
v -21.32678169 4.24114752 2.83394575
v -21.34177345 4.30594254 2.84579039
v -20.38939994 4.07286787 3.55876112
v -20.43273872 4.09604454 3.60510969
v -20.47123664 4.13327217 3.64628172
v -20.50280708 4.18253088 3.68004942
v -20.52573722 4.24114752 3.70457411
v -20.53878730 4.30594254 3.71852827
v -19.49035972 4.07286787 4.28079176
v -19.52626365 4.09604454 4.33311034
v -19.55815833 4.13327217 4.37958479
v -19.58431571 4.18253088 4.41770125
v -19.61412376 4.30594254 4.46113539
v -19.60331672 4.24114752 4.44538451
v -18.58865684 4.30594254 5.05684996
v -18.49330467 4.07286787 4.86000395
v -18.52096504 4.09604454 4.91710615
v -18.54553932 4.13327217 4.96783781
v -18.56569236 4.18253088 5.00944090
v -18.58032936 4.24114752 5.03965712
v -17.42073387 4.07286787 5.28332091
v -17.43952888 4.09604454 5.34392500
v -17.45622581 4.13327217 5.39776564
v -17.46991676 4.18253088 5.44191695
v -17.48552268 4.30594254 5.49223280
v -17.47986549 4.24114752 5.47398711
v -16.29685157 4.07286787 5.54119444
v -15.14702361 4.06500006 5.56071043
v -15.14702361 4.07286787 5.62780333
v -15.14702361 4.09604454 5.69125700
v -16.30635589 4.09604454 5.60393095
v -16.31479972 4.13327217 5.65966368
v -15.14702361 4.13327217 5.74762297
v -16.32172531 4.18253088 5.70536757
v -15.14702361 4.18253088 5.79385329
v -15.14702361 4.24114752 5.82742644
v -16.32675498 4.24114752 5.73856688
v -15.14702361 4.30594254 5.84653044
v -16.32961601 4.30594254 5.75745344
v -11.60242980 4.07008982 5.61480284
v -11.60294479 4.08595896 5.66895628
v -11.60381263 4.11262608 5.71994353
v -11.60498947 4.14883518 5.76466322
v -11.64873069 4.28732920 5.84270811
v -11.73788970 4.30594254 5.84653044
v -11.68515724 4.30004072 5.84545851
v -11.60639900 4.19223547 5.80072737
v -11.60794776 4.23986053 5.82687331
v -11.62326187 4.27002621 5.83798170
v -11.63179344 4.27717829 5.84007597
v -11.61605590 4.26179314 5.83532286
v -11.61081260 4.25258303 5.83202315
v -11.60879272 4.24629831 5.82956648
v -22.44445747 4.27732325 -1.63029909
v -22.45900291 4.24013948 -1.65557909
v -22.44086402 4.28725529 -1.61290407
v -22.44793266 4.26780701 -1.64172411
v -22.45115226 4.25929689 -1.64875078
v -22.45499748 4.24963188 -1.65365648
v -22.45695442 4.24492455 -1.65495348
v -22.48667472 4.19092989 -1.65856599
v -22.43585151 4.29965925 -1.57573747
v -22.43111366 4.30540657 -1.52204942
v -22.52324623 4.14835024 -1.66171693
v -22.56711524 4.11343431 -1.66491365
v -22.61669105 4.08721542 -1.66803789
v -22.67037528 4.07072639 -1.67096376
v -22.27257102 4.24013948 -0.36117983
v -22.24316352 4.30540657 -0.32195711
v -22.33420509 4.14784765 -0.34658861
v -22.40481895 4.09596300 -0.32986879
v -22.47715705 4.07046700 -0.31274461
v -21.89849800 4.24013948 0.78682661
v -21.85888999 4.30540657 0.83038283
v -21.95689338 4.14784765 0.81134749
v -22.02379936 4.09596300 0.83944273
v -22.09234184 4.07046700 0.86822081
v -21.54622596 4.14784765 1.63985777
v -21.28892845 4.30540657 1.90308333
v -21.60909599 4.09596300 1.67608977
v -21.67350334 4.07046700 1.71321059
v -21.30528205 4.24013948 1.91360426
v -21.35854667 4.14784765 1.94787169
v -21.41957420 4.09596300 1.98713255
v -20.84869331 4.14784765 2.64677382
v -20.54904884 4.30540657 2.86647749
v -20.90471214 4.09596300 2.69290114
v -20.96209663 4.07046700 2.74015379
v -20.56343025 4.24013948 2.87956190
v -20.61027854 4.14784765 2.92218352
v -20.66395515 4.09596300 2.97101546
v -20.26717323 4.09596300 3.37519408
v -19.65971321 4.30540657 3.69390059
v -20.31821006 4.07046700 3.42924834
v -19.67172950 4.24013948 3.70918990
v -19.71086448 4.14784765 3.75898695
v -19.75570243 4.09596300 3.81603957
v -19.46916526 4.24013948 3.86277342
v -19.50654930 4.14784765 3.91389799
v -19.54938453 4.09596300 3.97247649
v -19.59326118 4.07046700 4.03248167
v -18.96319908 4.24013948 4.20139265
v -18.64553016 4.30540657 4.36247206
v -18.99620765 4.14784765 4.25544691
v -19.03402656 4.09596300 4.31737852
v -19.07276863 4.07046700 4.38082457
v -18.65484565 4.24013948 4.37953902
v -18.68518775 4.14784765 4.43513441
v -18.71995109 4.09596300 4.49883223
v -18.45926231 4.14784765 4.55341673
v -17.53456062 4.30540657 4.85368681
v -18.49180549 4.09596300 4.61827422
v -18.52514213 4.07046700 4.68471861
v -17.58731407 4.24013948 4.85583830
v -17.60842079 4.14784765 4.91555357
v -17.63260215 4.09596300 4.98397017
v -17.65737861 4.07046700 5.05406142
v -16.41605895 4.24013948 5.16362334
v -16.35753768 4.30540657 5.15396071
v -16.42703575 4.14784765 5.22600127
v -16.43961089 4.09596300 5.29746962
v -16.45249504 4.07046700 5.37068129
v -15.79576248 4.09596300 5.38206053
v -15.14702361 4.30540657 5.25498152
v -15.14702361 4.24073124 5.27417326
v -15.14702361 4.18223953 5.30778838
v -15.14702361 4.13309669 5.35400725
v -15.14702361 4.09596300 5.41032744
v -15.14702361 4.07284689 5.47370863
v -15.80222839 4.07046700 5.45611906
v -15.14702361 4.06500006 5.54070998
v -11.60242980 4.07007408 5.48670149
v -11.60294288 4.08589411 5.43262816
v -11.60380691 4.11247683 5.38170576
v -11.60497993 4.14857531 5.33702422
v -11.60638755 4.19185305 5.30095625
v -11.60793060 4.23936129 5.27476454
v -11.60942024 4.24825001 5.27107573
v -11.61346763 4.25736141 5.26764250
v -11.61995452 4.26610613 5.26467085
v -11.62797302 4.27370548 5.26233626
v -11.64016479 4.28217745 5.26000166
v -11.66040557 4.29192352 5.25765181
v -11.68463462 4.29938936 5.25609160
v -11.73787254 4.30540657 5.25498152
v -11.71105522 4.30392742 5.25524474
v -15.14702361 3.53163671 3.99225951
v -21.23103660 3.64753938 -1.69171190
v -15.14702361 3.64285254 4.04540205
v -16.16570609 3.64751744 3.96072340
v -15.14702361 3.58438849 4.02480650
v -16.16277259 3.59335876 3.94341612
v -16.15716117 3.53567266 3.91031599
v -17.15572685 3.64751744 3.70592070
v -17.14994377 3.59335876 3.68934965
v -17.13887733 3.53567266 3.65765333
v -18.08923286 3.64751744 3.28922606
v -18.08076042 3.59335876 3.27385283
v -18.06455177 3.53567266 3.24445296
v -18.93995613 3.64751744 2.72235823
v -18.92903083 3.59335876 2.70861769
v -18.90813774 3.53567266 2.68233824
v -19.68395942 3.64751744 2.02127028
v -19.67089408 3.59335876 2.00955153
v -19.64590019 3.53567266 1.98713255
v -20.30031532 3.64751744 1.20568800
v -20.28547233 3.59335876 1.19631529
v -20.25708335 3.53567266 1.17839384
v -20.77167457 3.64751744 0.29855681
v -20.75547355 3.59335876 0.29179716
v -20.72449058 3.53567266 0.27887297
v -21.08478111 3.64751744 -0.67459917
v -21.21341270 3.59344077 -1.69258928
v -21.06767982 3.59335876 -0.67855501
v -21.17988532 3.53574872 -1.69282961
v -21.03496879 3.53567266 -0.68611955
v -11.59812301 3.63870311 4.04439116
v -11.59606498 3.57536149 4.02029753
v -11.59449714 3.52716637 3.98871947
v -20.76133674 3.44910622 -1.65596819
v -20.79315132 3.43144965 -1.67678880
v -20.75159019 3.45504951 -1.63994646
v -20.76831001 3.44496632 -1.66409731
v -20.77613777 3.44048262 -1.67059755
v -20.78428214 3.43603063 -1.67482042
v -20.84639686 3.41103721 -1.68052339
v -20.73736518 3.46353483 -1.60087251
v -20.72861808 3.46707821 -1.54929018
v -20.90223640 3.40130997 -1.68394518
v -20.95888084 3.40247798 -1.68694353
v -21.01436942 3.41466451 -1.68941927
v -21.06662315 3.43740296 -1.69131517
v -15.14702361 3.40777302 3.67593336
v -15.14702361 3.43038893 3.61237288
v -15.14702361 3.40045428 3.74299574
v -15.14702361 3.40882874 3.80993605
v -15.14702361 3.43244314 3.87313032
v -20.76524299 3.40128636 -0.74782228
v -20.54130882 3.46707821 -0.52996111
v -20.85418647 3.40882874 -0.72723436
v -20.59580558 3.43038893 -0.51462602
v -20.92467826 3.43735385 -0.71092271
v -20.69810050 3.40128636 -0.48583650
v -20.78597968 3.40882874 -0.46110201
v -20.46890205 3.40128636 0.17287779
v -20.16949027 3.46707821 0.43744231
v -20.55315727 3.40882874 0.20803786
v -20.61992973 3.43735385 0.23590422
v -20.22022956 3.43038893 0.46255446
v -20.31547492 3.40128636 0.50968886
v -20.39729637 3.40882874 0.55018187
v -20.02285331 3.40128636 1.03109694
v -19.62588447 3.46707821 1.31983137
v -20.10004371 3.40882874 1.07984495
v -20.16122001 3.43735385 1.11848021
v -19.67113059 3.43038893 1.35385466
v -19.75606483 3.40128636 1.41772414
v -19.82903236 3.40882874 1.47259093
v -19.43964332 3.40128636 1.80269957
v -18.92907661 3.46707821 2.08702422
v -19.50759834 3.40882874 1.86366225
v -19.56145805 3.43735385 1.91197539
v -18.96728843 3.43038893 2.12879896
v -19.03900855 3.40128636 2.20721388
v -19.10062354 3.40882874 2.27458144
v -18.73567527 3.40128636 2.46597243
v -18.10291236 3.46707821 2.71277571
v -18.79248756 3.40882874 2.53743315
v -18.83751243 3.43735385 2.59406996
v -18.13277381 3.43038893 2.76087141
v -18.18882697 3.40128636 2.85115385
v -18.23698371 3.40882874 2.92871809
v -17.93075508 3.40128636 3.00225783
v -17.17563957 3.46707821 3.17568541
v -17.97482246 3.40882874 3.08221388
v -18.00974983 3.43735385 3.14557982
v -17.19613212 3.43038893 3.22846175
v -17.23460334 3.40128636 3.32752180
v -17.26765388 3.40882874 3.41262389
v -17.04752296 3.40128636 3.39647627
v -16.17897933 3.46707821 3.45992232
v -17.07760948 3.40882874 3.48266936
v -17.10145515 3.43735385 3.55098296
v -16.18940490 3.43038893 3.51556731
v -15.14702361 3.46707821 3.55575896
v -16.20897430 3.40128636 3.62001753
v -16.22578758 3.40882874 3.70975066
v -16.23911041 3.43735385 3.78086806
v -11.59077018 3.40371442 3.69728804
v -11.59108871 3.41352224 3.65460921
v -11.59160941 3.42953610 3.61411620
v -11.59295028 3.43388295 3.60552550
v -11.59686225 3.43858194 3.59695769
v -11.60329002 3.44333839 3.58892775
v -11.61129707 3.44763970 3.58213759
v -11.62353462 3.45261216 3.57477141
v -11.64380592 3.45852423 3.56660414
v -11.66808647 3.46320701 3.56053496
v -11.72144645 3.46707821 3.55575896
v -11.69456809 3.46611929 3.55692244
v 3.61088425 -4.33881235 3.88486815
v -15.14702361 -4.33244324 3.87313032
v 3.61163479 -4.31571245 3.83356428
v -15.14702361 -4.30882883 3.80993605
v 3.61205441 -4.30281019 3.77767134
v -15.14702361 -4.30045414 3.74299574
v 3.61210782 -4.30116224 3.72033263
v -15.14702361 -4.30777311 3.67593336
v 3.61180359 -4.31054068 3.66485930
v -15.14702361 -4.33038902 3.61237288
v 3.61118561 -4.32953596 3.61411620
v 3.59617001 -4.34527540 3.58581877
v 3.58767182 -4.34935570 3.57953978
v 3.60333878 -4.34072924 3.59326125
v 3.60849721 -4.33586407 3.60182906
v 3.61044079 -4.33267736 3.60784102
v 3.53421647 -4.36328030 3.56044340
v -15.14702361 -4.36707830 3.55575896
v 3.48135049 -4.36707830 3.55575896
v 3.57072121 -4.35538149 3.57086897
v -20.78476280 -4.33577538 -1.67498827
v -20.77553504 -4.34081984 -1.67018938
v -20.79315132 -4.33144951 -1.67678880
v -20.76609748 -4.34626389 -1.66178560
v -20.75822395 -4.35099077 -1.65150118
v -20.74972480 -4.35619402 -1.63610887
v -20.84647315 -4.31128550 -1.68051195
v -20.74019569 -4.36193514 -1.61089754
v -20.73286384 -4.36581230 -1.58051347
v -21.01446861 -4.31542158 -1.68937349
v -20.72861808 -4.36707830 -1.54929018
v -21.06665367 -4.33767080 -1.69129610
v -20.95907920 -4.30347300 -1.68688249
v -20.90243095 -4.30202675 -1.68389940
v -20.87427467 -4.31471300 -0.72258806
v -20.78897041 -4.30045414 -0.74232912
v -20.72363227 -4.30777311 -0.75745058
v -20.54130882 -4.36707830 -0.52996111
v -20.65963691 -4.33144951 -0.77226305
v -20.72154182 -4.30045414 -0.47923708
v -20.65698570 -4.30777311 -0.49740648
v -20.59375709 -4.33144951 -0.51520204
v -20.57218498 -4.31471300 0.21598006
v -20.49137824 -4.30045414 0.18225813
v -20.16949027 -4.36707830 0.43744231
v -20.42948860 -4.30777311 0.15642882
v -20.33730262 -4.30045414 0.52048827
v -20.27719444 -4.30777311 0.49074507
v -20.21832603 -4.33144951 0.46160841
v -20.11747688 -4.31471300 1.09085417
v -20.04344505 -4.30045414 1.04410124
v -19.62588447 -4.36707830 1.31983137
v -19.98674339 -4.30777311 1.00829268
v -19.77553123 -4.30045414 1.43236113
v -19.72193092 -4.30777311 1.39205504
v -19.66942924 -4.33144951 1.35257674
v -19.52294868 -4.31471300 1.87742949
v -19.45777076 -4.30045414 1.81896162
v -18.92907661 -4.36707830 2.08702422
v -19.40785163 -4.30777311 1.77417708
v -19.05544608 -4.30045414 2.22518492
v -19.01018089 -4.30777311 2.17569685
v -18.96585029 -4.33144951 2.12722731
v -18.80532020 -4.31471300 2.55357313
v -18.75083106 -4.30045414 2.48503447
v -18.10291236 -4.36707830 2.71277571
v -18.70909446 -4.30777311 2.43253661
v -18.20167488 -4.30045414 2.87184477
v -18.16629737 -4.30777311 2.81486845
v -18.13165229 -4.33144951 2.75906325
v -17.98477500 -4.31471300 3.10026884
v -17.94250816 -4.30045414 3.02358580
v -17.91013664 -4.30777311 2.96485472
v -17.17563957 -4.36707830 3.17568541
v -17.87842887 -4.33144951 2.90732909
v -17.24341911 -4.30045414 3.35022307
v -17.21914237 -4.30777311 3.28770781
v -17.08440727 -4.31471300 3.50213576
v -17.19536155 -4.33144951 3.22647810
v -17.05554908 -4.30045414 3.41946745
v -17.03344673 -4.30777311 3.35615111
v -16.17897933 -4.36707830 3.45992232
v -17.01179832 -4.33144951 3.29413557
v -16.22958320 -4.31471300 3.73001814
v -16.21346038 -4.30045414 3.64395476
v -16.20111030 -4.30777311 3.57803679
v -16.18901389 -4.33144951 3.51347685
v 3.60435731 -4.54841471 4.04665709
v -15.14702361 -4.54285240 4.04540205
v 3.60613972 -4.49356651 4.02899886
v -15.14702361 -4.48438835 4.02480650
v 3.60804230 -4.43502998 3.99485350
v -15.14702361 -4.43163681 3.99225951
v -21.22873252 -4.53788710 -1.69190645
v -16.15614456 -4.42783165 3.90432310
v -16.16134399 -4.47548580 3.93499327
v -16.16532462 -4.53785563 3.95846892
v -17.13687461 -4.42783165 3.65191222
v -17.14712852 -4.47548580 3.68128157
v -17.15497535 -4.53785563 3.70376540
v -18.06161826 -4.42783165 3.23912764
v -18.07663673 -4.47548580 3.26637221
v -18.08813041 -4.53785563 3.28722334
v -18.90435356 -4.42783165 2.67758131
v -18.92371314 -4.47548580 2.70193053
v -18.93853324 -4.53785563 2.72056914
v -19.64137596 -4.42783165 1.98307371
v -19.66453498 -4.47548580 2.00384474
v -19.68226188 -4.53785563 2.01974440
v -20.25194496 -4.42783165 1.17514754
v -20.27824729 -4.47548580 1.19175673
v -20.29838127 -4.53785563 1.20446730
v -20.71887916 -4.42783165 0.27653075
v -20.74758857 -4.47548580 0.28850890
v -20.76956504 -4.53785563 0.29767561
v -21.02904457 -4.42783165 -0.68748903
v -21.17381233 -4.42789555 -1.69279146
v -21.05935615 -4.47548580 -0.68048143
v -21.20487159 -4.47558069 -1.69275331
v -21.08255332 -4.53785563 -0.67511415
v 3.60036618 -4.97007370 5.48670149
v -15.14702361 -4.97284651 5.47370863
v 3.59985215 -4.98589373 5.43262816
v -15.14702361 -4.99596262 5.41032744
v 3.59898812 -5.01247644 5.38170576
v -15.14702361 -5.03309631 5.35400725
v 3.59781510 -5.04857492 5.33702422
v -15.14702361 -5.08223915 5.30778838
v 3.59640843 -5.09185266 5.30095625
v -15.14702361 -5.14073086 5.27417326
v 3.59486443 -5.13936090 5.27476454
v 3.57955033 -5.16950607 5.26359892
v 3.57101876 -5.17665434 5.26149321
v 3.58675629 -5.16127777 5.26627302
v 3.59199864 -5.15207434 5.26959181
v 3.59401948 -5.14579391 5.27205992
v 3.51765591 -5.19950676 5.25606871
v -15.14702361 -5.20540619 5.25498152
v 3.46492344 -5.20540619 5.25498152
v 3.55408246 -5.18680000 5.25884199
v -22.67037147 -4.97072601 -1.67096376
v -22.61669105 -4.98721504 -1.66803789
v -22.56711524 -5.01343441 -1.66491365
v -22.52324623 -5.04835033 -1.66171693
v -22.45519203 -5.14915037 -1.65382051
v -22.45154899 -5.15827179 -1.64941835
v -22.45900291 -5.14013910 -1.65557909
v -22.44824928 -5.16694164 -1.64257097
v -22.44550651 -5.17442131 -1.63423967
v -22.44251197 -5.18272829 -1.62167406
v -22.43898338 -5.19225740 -1.60096788
v -22.48667472 -5.09092951 -1.65856599
v -22.43501991 -5.20128250 -1.56781816
v -22.43291801 -5.20438719 -1.54505968
v -22.43111366 -5.20540619 -1.52204942
v -22.57924217 -4.97284651 -0.89075899
v -22.48803657 -5.01267672 -0.90496111
v -22.41529792 -5.08223915 -0.91629076
v -22.24316352 -5.20540619 -0.32195711
v -22.45569175 -4.97284651 -0.27026033
v -22.36600059 -5.01267672 -0.29207658
v -22.29447120 -5.08223915 -0.30947542
v -22.25845283 -5.14915085 -0.31823778
v -22.05990928 -4.97284651 0.91659117
v -21.97507804 -5.01267672 0.88020659
v -21.90742057 -5.08223915 0.85119200
v -21.85888999 -5.20540619 0.83038283
v -21.87335151 -5.14915085 0.83658171
v -21.62763542 -4.97284651 1.77015639
v -21.68518775 -4.96499968 1.80406142
v -21.54810661 -5.01267672 1.72330046
v -21.48468345 -5.08223915 1.68593169
v -21.28892845 -5.20540619 1.90308333
v -21.47287696 -4.97284651 2.02141905
v -21.34244102 -4.96499968 2.33377409
v -21.39524787 -5.01267672 1.97148085
v -21.33333915 -5.08223915 1.93165160
v -21.30216163 -5.14915085 1.91159773
v -21.28805107 -4.97284651 2.29531050
v -21.21269172 -5.01267672 2.24200774
v -21.15259117 -5.08223915 2.19950056
v -20.90600913 -4.97284651 2.79044676
v -20.83533805 -5.01267672 2.73106718
v -20.77897590 -5.08223915 2.68371535
v -20.54904884 -5.20540619 2.86647749
v -20.75059455 -5.14915085 2.65986967
v -20.64255851 -5.01267672 2.95154906
v -20.58810752 -5.08223915 2.90201140
v -20.56068748 -5.14915085 2.87706328
v -20.25627845 -4.97284651 3.47213698
v -20.19358009 -5.01267672 3.40439177
v -19.65971321 -5.20540619 3.69390059
v -20.14357704 -5.08223915 3.35036803
v -19.73783058 -5.01267672 3.79329634
v -19.69234031 -5.08223915 3.73541975
v -19.66943687 -5.14915085 3.70627547
v -19.52645439 -4.97284651 4.06729842
v -19.47271293 -5.01267672 3.99225188
v -18.64553016 -5.20540619 4.36247206
v -19.42985099 -5.08223915 3.93239928
v -18.70609229 -5.01267672 4.47344160
v -18.67082542 -5.08223915 4.40882063
v -18.65306800 -5.14915085 4.37628508
v -18.45550102 -4.97284651 4.70701170
v -18.41490119 -5.01267672 4.62411452
v -18.38252204 -5.08223915 4.55800200
v -17.53456062 -5.20540619 4.85368681
v -17.60606712 -4.97284651 5.06039381
v -17.57588905 -5.01267672 4.97315932
v -17.55182212 -5.08223915 4.90359068
v -17.53970664 -5.14915085 4.86856032
v -16.39379066 -4.97284651 5.36965895
v -16.37849182 -5.01267672 5.27862883
v -16.36628860 -5.08223915 5.20603514
v -16.36014503 -5.14915085 5.16947890
v -16.35753768 -5.20540619 5.15396071
v 3.46490723 -5.20593977 5.84653044
v 3.51814419 -5.19992065 5.84543562
v 3.49172455 -5.20446014 5.84627486
v 3.56261403 -5.18270111 5.84155608
v -15.14702361 -5.20593977 5.84653044
v 3.57480580 -5.17422485 5.83923674
v 3.54237324 -5.19245148 5.84388686
v 3.59335858 -5.14875317 5.83054686
v -15.14702361 -5.14158630 5.82761717
v 3.59484822 -5.13985777 5.82687712
v 3.58931214 -5.15787077 5.83396483
v 3.58282429 -5.16662121 5.83691740
v 3.59638936 -5.09244251 5.80087233
v -15.14702361 -5.08330011 5.79442168
v 3.59779412 -5.04921150 5.76504851
v -15.14702361 -5.03419924 5.74872542
v 3.59896809 -5.01308584 5.72064925
v -15.14702361 -4.99691010 5.69296980
v 3.59983689 -4.98638439 5.67002058
v -15.14702361 -4.97342825 5.63013792
v 3.60035760 -4.97035503 5.61621046
v -23.02458137 -5.20594215 -1.52946138
v -23.00468391 -5.14129543 -1.51955461
v -23.02383369 -5.20593977 -1.51826524
v -22.98543113 -5.09021044 -1.67916536
v -23.01194709 -5.13917637 -1.65667009
v -23.01300758 -5.13917637 -1.67866563
v -23.02353614 -5.16937017 -1.66424226
v -23.02526039 -5.17659187 -1.65600633
v -23.02115577 -5.16105032 -1.67116594
v -23.01805442 -5.15182638 -1.67610597
v -23.01566261 -5.14555168 -1.67795992
v -23.02712577 -5.18693161 -1.63946199
v -23.00967735 -5.13917637 -1.61351061
v -23.02801460 -5.19990969 -1.60369539
v -23.00694221 -5.13917637 -1.56655168
v -23.02602332 -5.20594215 -1.55186128
v -22.94898933 -5.04785728 -1.67910432
v -22.94857353 -5.04732609 -1.65982103
v -22.90528434 -5.01313877 -1.67850160
v -23.02530998 -5.20594215 -1.54066133
v -23.00539726 -5.13917637 -1.54194307
v -22.97125953 -5.08274651 -1.52180147
v -22.94632285 -5.04732609 -1.61701250
v -22.85591453 -4.98707581 -1.67736864
v -22.87719673 -4.99624825 -1.66337633
v -22.94361061 -5.04732609 -1.57043123
v -22.94207710 -5.04732609 -1.54602098
v -22.92536109 -5.03344393 -1.52489137
v -22.87496894 -4.99624825 -1.62095689
v -22.80211204 -4.97041416 -1.66711092
v -22.80248207 -4.97068882 -1.67572450
v -22.87227958 -4.99624825 -1.57479906
v -22.87075752 -4.99624825 -1.55061388
v -22.86926978 -4.99633551 -1.52866411
v -22.80668586 -4.97310305 -1.53287172
v -22.79990714 -4.97041416 -1.62510729
v -22.79724449 -4.97041416 -1.57939577
v -22.79574149 -4.97041416 -1.55544710
v -21.34177345 -5.20593977 2.84579039
v -22.00496620 -5.20593977 1.86261320
v -21.24121040 -4.96499968 2.51098967
v -22.85559410 -5.20593977 -0.34431505
v -16.28741592 -4.97312307 5.54371596
v -16.29693550 -4.99691010 5.60708571
v -16.31193488 -5.08266258 5.70694685
v -16.32961601 -5.20593977 5.75745344
v -16.31693595 -5.14158630 5.74023772
v -17.40625327 -4.97312307 5.28893233
v -17.42511314 -4.99691010 5.35017348
v -17.45482963 -5.08266258 5.44668532
v -17.48552268 -5.20593977 5.49223280
v -17.46473640 -5.14158630 5.47885847
v -18.01287406 -4.97312307 5.07390929
v -18.03679603 -4.99691010 5.13335753
v -18.07449668 -5.08266258 5.22704268
v -18.58865684 -5.20593977 5.05684996
v -18.08706230 -5.14158630 5.25826979
v -18.49377769 -4.97312307 4.86098051
v -18.52171272 -4.99691010 4.91865111
v -18.56573432 -5.08266258 5.00953245
v -18.58040946 -5.14158630 5.03982878
v -19.52723258 -4.99691010 4.33452177
v -19.58437293 -5.08266258 4.41778517
v -19.60342353 -5.14158630 4.44554091
v -19.61412376 -5.20593977 4.46113539
v -20.43390602 -4.99691010 3.60636092
v -20.50287574 -5.08266258 3.68012190
v -20.52586692 -5.14158630 3.70471144
v -20.53878730 -5.20593977 3.71852827
v -21.22127479 -4.99691010 2.75059843
v -21.30051368 -5.08266258 2.81319762
v -21.32693046 -5.14158630 2.83406401
v -21.95928901 -5.08266258 1.83656645
v -21.90747398 -4.96499968 1.44128371
v -21.98853248 -5.14158630 1.85324431
v -21.96889442 -4.97312307 1.47298384
v -22.02584022 -4.99691010 1.50237608
v -22.11557334 -5.08266258 1.54869032
v -22.51339668 -5.20593977 0.79118300
v -22.14548820 -5.14158630 1.56413222
v -22.46433586 -5.08266258 0.77227354
v -22.49574607 -5.14158630 0.78438139
v -22.42103904 -4.97312307 0.40641356
v -22.48175376 -4.99691010 0.42690230
v -22.57743781 -5.08266258 0.45918990
v -22.60933250 -5.14158630 0.46995116
v -22.70564979 -4.99691010 -0.37745714
v -22.80425208 -5.08266258 -0.35566377
v -22.83712333 -5.14158630 -0.34840059
v 3.60823590 -4.43109608 7.11304427
v -15.14702361 -4.43557596 7.10948515
v 3.60666710 -4.47938061 7.08129454
v -15.14702361 -4.48842859 7.07676268
v 3.60460240 -4.54288340 7.05707121
v -15.14702361 -4.54704046 7.05605269
v -24.29389900 -4.43968248 -1.67281007
v -24.26007408 -4.49746323 -1.66962862
v -24.15735191 -4.43557596 -0.41255617
v -24.24221748 -4.55169773 -1.66714525
v -24.12515586 -4.48842859 -0.41840028
v -24.10478156 -4.54704046 -0.42210054
v -23.84348625 -4.43557596 0.82115126
v -23.81241172 -4.48842859 0.81089735
v -23.79274696 -4.54704046 0.80440855
v -23.36157173 -4.43557596 1.99941206
v -23.33221763 -4.48842859 1.98494673
v -23.31364387 -4.54704046 1.97579527
v -22.72091621 -4.43557596 3.09945631
v -22.69385093 -4.48842859 3.08106184
v -22.67672294 -4.54704046 3.06942320
v -21.93389839 -4.43557596 4.10003233
v -21.90964836 -4.48842859 4.07806349
v -21.89430183 -4.54704046 4.06415892
v -21.01573509 -4.43557596 4.98179961
v -20.99476570 -4.48842859 4.95667982
v -20.98149436 -4.54704046 4.94078398
v -19.98416084 -4.43557596 5.72772169
v -19.96687644 -4.48842859 5.69993544
v -19.95593971 -4.54704046 5.68235350
v -18.85911506 -4.43557596 6.32337904
v -18.84585136 -4.48842859 6.29346800
v -18.83745521 -4.54704046 6.27453566
v -17.66233390 -4.43557596 6.75727034
v -17.65334648 -4.48842859 6.72580672
v -17.64765876 -4.54704046 6.70589400
v -16.41694969 -4.43557596 7.02100325
v -16.41241210 -4.48842859 6.98859740
v -16.40953964 -4.54704046 6.96808958
v 3.48126179 -4.37198639 7.54621458
v 3.53462082 -4.36810350 7.54145003
v 3.50814015 -4.37102461 7.54505492
v 3.57917267 -4.35747385 7.52724028
v -15.14702361 -4.37198639 7.54621458
v 3.59140927 -4.35248327 7.51988554
v 3.55890042 -4.36340570 7.53539229
v 3.60975606 -4.33866882 7.49653578
v -15.14702361 -4.33515692 7.48969221
v 3.61109788 -4.33430099 7.48795271
v 3.60584408 -4.34338903 7.50508833
v 3.59941727 -4.34816504 7.51310683
v 3.61171967 -4.31517982 7.43725920
v -15.14702361 -4.31238365 7.42618895
v 3.61202866 -4.30566311 7.38180495
v -15.14702361 -4.30489922 7.35914564
v 3.61198002 -4.30716896 7.32446242
v -15.14702361 -4.31310749 7.29218245
v 3.61156518 -4.31993294 7.26853896
v -15.14702361 -4.33656549 7.22893095
v 3.61081845 -4.34290552 7.21717787
v -24.67402213 -4.33321857 -1.68824434
v -24.68655723 -4.33962870 -1.68588304
v -24.68043846 -4.33639097 -1.68769502
v -24.69536918 -4.34469080 -1.68074846
v -24.70894187 -4.35355663 -1.66503954
v -24.70283073 -4.34938526 -1.67353487
v -16.42454284 -4.33656549 7.14054823
v -16.43751853 -4.30733681 7.23387480
v -16.45170730 -4.31238365 7.33592940
v -16.46823448 -4.37198639 7.45481062
v -16.46079009 -4.33639050 7.40125609
v -17.67771858 -4.33656549 6.87708235
v -17.70342201 -4.30733681 6.96773482
v -17.73152870 -4.31238365 7.06685973
v -17.76427406 -4.37198639 7.18233061
v -17.74952262 -4.33639050 7.13031721
v -18.88267463 -4.33656549 6.44355345
v -18.92061942 -4.30733681 6.52979994
v -18.96210807 -4.31238365 6.62411452
v -19.01044029 -4.37198639 6.73397780
v -18.98866981 -4.33639050 6.68448592
v -20.01645225 -4.33656549 5.84822417
v -20.06590980 -4.30733681 5.92842436
v -20.11999076 -4.31238365 6.01612425
v -20.18299430 -4.37198639 6.11828566
v -20.15461295 -4.33639050 6.07226515
v -21.05744499 -4.33656549 5.10243178
v -21.11747688 -4.30733681 5.17505980
v -21.18312019 -4.31238365 5.25447798
v -21.25958961 -4.37198639 5.34698820
v -21.22514289 -4.33639050 5.30531645
v -21.98582023 -4.33656549 4.22039748
v -22.05527824 -4.30733681 4.28406477
v -22.13123268 -4.31238365 4.35368300
v -22.21971458 -4.37198639 4.43478346
v -22.17985481 -4.33639050 4.39825011
v -23.04507392 -4.37198639 3.39905501
v -22.78388542 -4.33656549 3.21891737
v -22.86144966 -4.30733681 3.27241469
v -22.94626945 -4.31238365 3.33091307
v -23.00056404 -4.33639050 3.36835814
v -23.43643516 -4.33656549 2.11708021
v -23.52062934 -4.30733681 2.15938521
v -23.61269325 -4.31238365 2.20564604
v -23.71994346 -4.37198639 2.25953245
v -23.67163032 -4.33639050 2.23525954
v -24.02025550 -4.30733681 0.96618605
v -24.11781257 -4.31238365 0.99932814
v -24.23146003 -4.37198639 1.03793288
v -24.18026679 -4.33639050 1.02054549
v -24.35080665 -4.30733681 -0.28444719
v -24.45199912 -4.31238365 -0.26505708
v -24.56988090 -4.37198639 -0.24246645
v -24.51678031 -4.33639050 -0.25264406
v -24.50598853 -4.30733681 -1.56868410
v -24.51128715 -4.30821085 -1.68371629
v -24.56664604 -4.30612755 -1.68563509
v -24.45724433 -4.32038307 -1.68148088
v -24.40634864 -4.34239626 -1.67899370
v -24.60888618 -4.31238365 -1.56341219
v -24.62149757 -4.31438112 -1.68716478
v -24.67475837 -4.33639050 -1.56003999
v -24.72648567 -4.36803293 -1.61072588
v -24.72875541 -4.37198639 -1.55727434
v -24.71726936 -4.35981607 -1.64781999
v 24.79428918 -4.33758545 -1.68716478
v 24.80217606 -4.34190655 -1.68391466
v 24.78556687 -4.33321857 -1.68824434
v 24.81089455 -4.34714460 -1.67727327
v 24.82028348 -4.35341311 -1.66536379
v 24.82610375 -4.35769367 -1.65436220
v 24.83098942 -4.36159468 -1.64164781
v 24.73304230 -4.31438112 -1.68716478
v 24.83910424 -4.36920547 -1.60228777
v 24.84059674 -4.37129545 -1.57985735
v 24.51789338 -4.34239578 -1.67899370
v 24.84029919 -4.37198639 -1.55727434
v 24.56879193 -4.32038260 -1.68148088
v 24.62283188 -4.30821037 -1.68371629
v 24.67818982 -4.30612755 -1.68563509
v 15.25856835 -4.33656549 7.22893095
v 16.57978028 -4.37198639 7.45481062
v 15.25856835 -4.33515692 7.48969221
v 15.25856835 -4.31238365 7.42618895
v 15.25856835 -4.37198639 7.54621458
v 24.38658864 -4.33656549 -0.39213609
v 24.44882542 -4.31310749 -0.38084459
v 24.68142563 -4.37198639 -0.24246645
v 24.51471097 -4.30489922 -0.36889314
v 24.58068043 -4.31238365 -0.35692644
v 24.64316231 -4.33515692 -0.34558916
v 24.06872613 -4.33656549 0.85777998
v 24.12879521 -4.31310749 0.87759352
v 24.34300477 -4.37198639 1.03793288
v 24.19238717 -4.30489922 0.89857054
v 24.25605828 -4.31238365 0.91957045
v 24.31636578 -4.33515692 0.93946028
v 23.58058983 -4.33656549 2.05153990
v 23.63733155 -4.31310749 2.07949019
v 23.83148724 -4.37198639 2.25953245
v 23.69739968 -4.30489922 2.10908079
v 23.75754315 -4.31238365 2.13870955
v 23.81450898 -4.33515692 2.16677046
v 22.93161494 -4.33656549 3.16606093
v 22.98393160 -4.31310749 3.20161391
v 23.03931529 -4.30489922 3.23924971
v 23.15661914 -4.37198639 3.39905501
v 23.09476906 -4.31238365 3.27693129
v 23.14729220 -4.33515692 3.31262160
v 22.13434369 -4.33656549 4.17981291
v 22.18122441 -4.31310749 4.22227431
v 22.23085314 -4.30489922 4.26722670
v 22.33125884 -4.37198639 4.43478346
v 22.28054530 -4.31238365 4.31223631
v 22.32761103 -4.33515692 4.35486937
v 21.20418460 -4.33656549 5.07319594
v 21.24472338 -4.31310749 5.12174940
v 21.28763825 -4.30489922 5.17315245
v 21.37113339 -4.37198639 5.34698820
v 21.33060795 -4.31238365 5.22461653
v 21.37130648 -4.33515692 5.27336455
v 20.15911538 -4.33656549 5.82894850
v 20.19252831 -4.31310749 5.88265562
v 20.22790009 -4.30489922 5.93950987
v 20.26331717 -4.31238365 5.99644041
v 20.29453761 -4.37198639 6.11828566
v 20.29686171 -4.33515692 6.05035734
v 19.01933343 -4.33656549 6.43246031
v 19.04497511 -4.31310749 6.49028349
v 19.07212025 -4.30489922 6.55149412
v 19.09929949 -4.31238365 6.61278487
v 19.12198478 -4.37198639 6.73397780
v 19.12504250 -4.33515692 6.67083693
v 17.80686742 -4.33656549 6.87206984
v 17.82424242 -4.31310749 6.93289137
v 17.84263593 -4.30489922 6.99727583
v 17.86105258 -4.31238365 7.06174422
v 17.87849623 -4.33515692 7.12280226
v 17.87581736 -4.37198639 7.18233061
v 16.54515070 -4.33656549 7.13928175
v 16.55392295 -4.31310749 7.20192290
v 15.25856835 -4.31310749 7.29218245
v 15.25856835 -4.30489922 7.35914564
v 16.56320948 -4.30489922 7.26823759
v 16.57250768 -4.31238365 7.33463621
v 16.58131451 -4.33515692 7.39752531
v 11.78021294 -4.36817694 7.54154158
v 11.74370891 -4.36025286 7.53113509
v 11.83307892 -4.37198639 7.54621458
v 11.72675830 -4.35420561 7.52247954
v 11.71826035 -4.35011005 7.51621199
v 11.71109110 -4.34554529 7.50878096
v 11.70593268 -4.34065914 7.50022459
v 11.70398885 -4.33745766 7.49422026
v 11.70254380 -4.31278896 7.29350615
v 11.70331341 -4.33647251 7.22911406
v 15.25856835 -4.54704046 7.05605269
v 24.41155678 -4.43182135 -1.67329836
v 24.38024670 -4.47956848 -1.67054796
v 24.35610158 -4.54201651 -1.66755724
v 15.25856835 -4.43557596 7.10948515
v 16.52751977 -4.43176174 7.02419234
v 15.25856835 -4.48842859 7.07676268
v 16.52318889 -4.47948074 6.99322844
v 16.51987201 -4.54198790 6.96951628
v 17.77200395 -4.43176174 6.76094771
v 17.76342565 -4.47948074 6.73088408
v 17.75685579 -4.54198790 6.70785857
v 18.96802503 -4.43176174 6.32785368
v 18.95536477 -4.47948074 6.29926634
v 18.94566876 -4.54198790 6.27737379
v 20.09252221 -4.43176174 5.73326063
v 20.07602412 -4.47948074 5.70670271
v 20.06338841 -4.54198790 5.68636275
v 21.12381274 -4.43176174 4.98862791
v 21.10379511 -4.47948074 4.96461058
v 21.08846385 -4.54198790 4.94621611
v 22.04201275 -4.43176174 4.10831786
v 22.01886088 -4.47948074 4.08730650
v 22.00113017 -4.54198790 4.07121229
v 22.82941681 -4.43176174 3.10930205
v 22.80357796 -4.47948074 3.09170103
v 22.78378874 -4.54198790 3.07821989
v 23.47084386 -4.43176174 2.01084471
v 23.44281537 -4.47948074 1.99698973
v 23.42135007 -4.54198790 1.98638106
v 23.95392472 -4.43176174 0.83412505
v 23.92424733 -4.47948074 0.82428694
v 23.90151936 -4.54198790 0.81675291
v 24.26934582 -4.43176174 -0.39817094
v 24.23859269 -4.47948074 -0.40380144
v 24.21503979 -4.54198790 -0.40811205
v 11.70636088 -4.43897152 7.10687971
v 11.70826728 -4.49762869 7.07254744
v 11.71005470 -4.55262232 7.05479384
v 15.25856835 -5.14114714 5.82742644
v 16.44449014 -5.20594215 5.75694990
v 15.25856835 -5.20594215 5.84653044
v 23.13140351 -5.15701342 -1.67366457
v 23.12455422 -5.13917637 -1.67866563
v 23.12814480 -5.14793682 -1.67739534
v 23.13438708 -5.16679287 -1.66665697
v 23.13729006 -5.17891026 -1.65284013
v 15.25856835 -5.08253050 5.79385329
v 16.44149274 -5.13917637 5.73722029
v 15.25856835 -5.03327179 5.74762297
v 16.43192703 -5.04710579 5.67426634
v 15.25856835 -4.97286749 5.62780333
v 16.42116481 -4.99604416 5.60343504
v 15.25856835 -4.99604416 5.69125700
v 16.40993351 -4.97041464 5.52951765
v 17.59757120 -5.13917637 5.47118330
v 17.60349805 -5.20594215 5.49023390
v 17.57865674 -5.04710579 5.41037703
v 17.55737669 -4.99604416 5.34196806
v 17.53516895 -4.97041464 5.27057600
v 18.70056683 -5.13917637 5.03449583
v 18.70928866 -5.20594215 5.05244398
v 18.67273313 -5.04710579 4.97722197
v 18.64141804 -4.99604416 4.91278410
v 18.60873777 -4.97041464 4.84553862
v 19.72544772 -5.13917637 4.43707228
v 19.73676688 -5.20594215 4.45350600
v 19.68932683 -5.04710579 4.38463164
v 19.64868695 -4.99604416 4.32562971
v 19.60880238 -4.96499968 4.19444990
v 19.60627610 -4.97041464 4.26405669
v 20.66261393 -5.20594215 3.70701933
v 20.64895493 -5.13917637 3.69247389
v 21.46581895 -5.20594215 2.82992506
v 20.60536582 -5.04710579 3.64605284
v 20.55632407 -4.99604416 3.59382582
v 20.50471741 -4.96499968 3.46296645
v 20.50514514 -4.97041464 3.53932143
v 21.45012957 -5.13917637 2.81759596
v 21.40006215 -5.04710579 2.77824736
v 21.34373099 -4.99604416 2.73398161
v 21.27941138 -4.96499968 2.60414076
v 21.28494555 -4.97041464 2.68778181
v 22.11078984 -5.13917637 1.83229018
v 22.12815291 -5.20594215 1.84212447
v 22.05537945 -5.04710579 1.80091429
v 21.91498334 -4.96499968 1.63781691
v 21.99303824 -4.99604416 1.76560927
v 21.92797953 -4.97041464 1.72876692
v 22.61594159 -5.13917637 0.75892592
v 22.63458497 -5.20594215 0.76603651
v 22.55644614 -5.04710579 0.73622465
v 22.39674765 -4.96499968 0.58632231
v 22.48950917 -4.99604416 0.71068907
v 22.41965443 -4.97041464 0.68403578
v 22.97362095 -5.20594215 -0.37391328
v 22.95412070 -5.13917637 -0.37814760
v 23.13756758 -5.20594215 -1.55186128
v 22.89189107 -5.04710579 -0.39165163
v 22.71357161 -4.96499968 -0.52604341
v 22.82187707 -4.99604416 -0.40684175
v 22.74881131 -4.97041464 -0.42269945
v 23.13926703 -5.19201612 -1.62834978
v 23.11765296 -5.13917637 -1.55311632
v 23.13932902 -5.20260382 -1.59078264
v 23.09707123 -5.08996153 -1.67917680
v 23.05410058 -5.04710579 -1.55711794
v 23.06078726 -5.04714727 -1.67913866
v 23.01711327 -5.01217985 -1.67854356
v 22.98259884 -4.99604416 -1.56161928
v 22.96762854 -4.98636532 -1.67739916
v 22.90798051 -4.97041464 -1.56631899
v 22.91408164 -4.97044039 -1.67573213
v 22.85813529 -4.96499968 -1.67357683
v 11.79670149 -5.20004034 5.84545851
v 11.76027567 -5.18732882 5.84270811
v 11.84943396 -5.20594215 5.84653044
v 11.74333865 -5.17717791 5.84007597
v 11.73480708 -5.17002583 5.83798170
v 11.72760111 -5.16179276 5.83532286
v 11.72235853 -5.15258265 5.83202315
v 11.72033745 -5.14629793 5.82956648
v 11.71949274 -5.13986015 5.82687331
v 11.71794492 -5.09223509 5.80072737
v 11.71653420 -5.04883480 5.76466322
v 11.71535737 -5.01262569 5.71994353
v 11.71449048 -4.98595858 5.66895628
v 11.71397478 -4.97008944 5.61480284
v 15.25856835 -4.97284651 5.47370863
v 22.83013493 -4.96499968 -1.53709840
v 22.78191907 -4.97072601 -1.67096376
v 22.83811623 -4.96499968 -1.67357683
v 22.57054669 -5.14013910 -1.65557909
v 22.56654126 -5.14963150 -1.65365648
v 22.56849772 -5.14492416 -1.65495348
v 22.56269652 -5.15929651 -1.64875078
v 22.55600268 -5.17732286 -1.63029909
v 22.55947596 -5.16780663 -1.64172411
v 15.25856835 -4.99596262 5.41032744
v 15.91282100 -4.97284651 5.44519759
v 15.25856835 -5.03309631 5.35400725
v 15.90479225 -5.01267624 5.35324431
v 16.46908218 -5.20540619 5.15396071
v 15.89838910 -5.08223915 5.27990675
v 15.25856835 -5.20540619 5.25498152
v 15.25856835 -5.14073086 5.27417326
v 15.25856835 -5.08223915 5.30778838
v 16.50533647 -4.97284651 5.36965895
v 16.49003667 -5.01267624 5.27863264
v 16.47783453 -5.08223915 5.20603514
v 16.47197134 -5.14492369 5.17114973
v 17.71761185 -4.97284651 5.06039381
v 17.68743545 -5.01267624 4.97315932
v 17.66336877 -5.08223915 4.90359068
v 17.64610607 -5.20540619 4.85368681
v 17.65180451 -5.14492369 4.87016249
v 18.63177258 -4.97284651 4.67492247
v 18.59037811 -5.01267624 4.59242201
v 18.55736453 -5.08223915 4.52662230
v 18.75707680 -5.20540619 4.36247206
v 18.86185557 -4.97284651 4.55446577
v 18.81763751 -5.01267624 4.47344160
v 18.78237206 -5.08223915 4.40882063
v 18.76542694 -5.14492369 4.37777281
v 19.17860014 -4.97284651 4.37147093
v 19.13049513 -5.01267624 4.29269362
v 19.09212977 -5.08223915 4.22986555
v 19.69833714 -4.97284651 4.02363539
v 19.73771149 -4.96499968 4.07747984
v 19.64385420 -5.01267624 3.94912672
v 19.60040242 -5.08223915 3.88970137
v 19.77125842 -5.20540619 3.69390059
v 19.57952315 -5.14492369 3.86114836
v 19.84937483 -5.01267624 3.79330016
v 20.46822697 -4.96499968 3.46999693
v 19.80388648 -5.08223915 3.73541975
v 19.78202922 -5.14492369 3.70760680
v 20.42222888 -4.97284651 3.42127943
v 20.35886294 -5.01267624 3.35415984
v 20.66059262 -5.20540619 2.86647749
v 20.30832583 -5.08223915 3.30063200
v 20.75410420 -5.01267624 2.95154906
v 21.11665827 -4.96499968 2.77557326
v 20.69965083 -5.08223915 2.90201140
v 20.67348582 -5.14492369 2.87820769
v 21.06518180 -4.97284651 2.73318434
v 20.99392563 -5.01267624 2.67451430
v 21.40047509 -5.20540619 1.90308333
v 20.93709618 -5.08223915 2.62771941
v 21.50679452 -5.01267624 1.97148085
v 21.83345658 -4.96499968 1.74110747
v 21.44488293 -5.08223915 1.93165160
v 21.41513449 -5.14492369 1.91251707
v 21.77555377 -4.97284651 1.70773650
v 21.69558007 -5.01267624 1.66164732
v 21.97043664 -5.20540619 0.83038283
v 21.63179833 -5.08223915 1.62488890
v 22.17145402 -4.97284651 0.91659117
v 22.25549418 -4.96499968 0.88989210
v 22.08662230 -5.01267624 0.88021040
v 22.01896578 -5.08223915 0.85119200
v 21.98645646 -5.14492369 0.83725310
v 22.56723506 -4.97284651 -0.27026033
v 22.64286763 -4.96499968 -0.29991960
v 22.47754628 -5.01267624 -0.29207658
v 22.40601641 -5.08223915 -0.30947542
v 22.37164599 -5.14492369 -0.31783724
v 22.35470873 -5.20540619 -0.32195711
v 22.76081568 -4.97284651 -1.50629472
v 22.72823531 -4.98721504 -1.66803789
v 22.66875130 -5.01267624 -1.51294374
v 22.67866093 -5.01343393 -1.66491365
v 22.63479048 -5.04834986 -1.66171693
v 22.59822089 -5.09092951 -1.65856599
v 22.59532696 -5.08223915 -1.51824617
v 22.56004626 -5.14492369 -1.52079439
v 22.54739672 -5.19965887 -1.57573747
v 22.54266030 -5.20540619 -1.52204942
v 22.55240876 -5.18725491 -1.61290407
v 11.71397430 -4.97007370 5.48670149
v 11.71448833 -4.98589373 5.43262816
v 11.71535236 -5.01247644 5.38170576
v 11.71652586 -5.04857492 5.33702422
v 11.71793229 -5.09185266 5.30095625
v 11.71947652 -5.13936090 5.27476454
v 11.72096593 -5.14824963 5.27107573
v 11.72501189 -5.15736103 5.26764250
v 11.73149974 -5.16610575 5.26467085
v 11.73951823 -5.17370510 5.26233626
v 11.75171048 -5.18217707 5.26000166
v 11.77195055 -5.19192314 5.25765181
v 11.79617983 -5.19938898 5.25609160
v 11.84941727 -5.20540619 5.25498152
v 11.82260019 -5.20392704 5.25524474
v 15.25856835 -4.43163681 3.99225951
v 21.29142863 -4.43574858 -1.69282961
v 21.14435870 -4.43163681 -0.69045305
v 21.32495934 -4.49344063 -1.69258928
v 21.17607409 -4.48438835 -0.68314027
v 21.19614131 -4.54285240 -0.67850923
v 21.34258038 -4.54753923 -1.69171190
v 20.83445508 -4.43163681 0.27466917
v 20.86450059 -4.48438835 0.28718520
v 20.88351113 -4.54285240 0.29510451
v 20.36752421 -4.43163681 1.17438078
v 20.39505393 -4.48438835 1.19174528
v 20.41247231 -4.54285240 1.20273161
v 19.75671584 -4.43163681 1.98334074
v 19.78095395 -4.48438835 2.00506544
v 19.79628998 -4.54285240 2.01880980
v 19.01923091 -4.43163681 2.67876768
v 19.03949505 -4.48438835 2.70423842
v 19.05231673 -4.54285240 2.72035551
v 18.17583877 -4.43163681 3.24108076
v 18.19155842 -4.48438835 3.26958037
v 18.20150477 -4.54285240 3.28761626
v 17.25029105 -4.43163681 3.65444136
v 17.26102335 -4.48438835 3.68516875
v 17.26781398 -4.54285240 3.70460844
v 16.26865262 -4.43163681 3.90720702
v 15.25856835 -4.48438835 4.02480650
v 16.27409548 -4.48438835 3.93929625
v 16.27753920 -4.54285240 3.95959807
v 15.25856835 -4.54285240 4.04540205
v 11.70966798 -4.53870296 4.04439116
v 11.70760924 -4.47536135 4.02029753
v 11.70604283 -4.42716646 3.98871947
v 15.25856835 -4.33244324 3.87313032
v 20.90469700 -4.33144951 -1.67678880
v 20.88768202 -4.34048271 -1.67059755
v 20.89582593 -4.33603048 -1.67482042
v 20.86313445 -4.35504961 -1.63994646
v 20.87288291 -4.34910631 -1.65596819
v 20.87985570 -4.34496641 -1.66409731
v 15.25856835 -4.30882883 3.80993605
v 16.24102593 -4.31460953 3.74755431
v 15.25856835 -4.30777311 3.67593336
v 16.22644520 -4.30045414 3.66154051
v 15.25856835 -4.30045414 3.74299574
v 16.29052490 -4.36707830 3.45992232
v 16.21309710 -4.31101513 3.58279753
v 15.25856835 -4.36707830 3.55575896
v 15.25856835 -4.33038902 3.61237288
v 17.19584591 -4.31460953 3.50183440
v 17.16709465 -4.30045414 3.41946745
v 17.28718406 -4.36707830 3.17568541
v 17.14077384 -4.31101513 3.34406615
v 17.35496432 -4.30045414 3.35022307
v 17.32605273 -4.31101513 3.27577544
v 17.30091173 -4.34048128 3.21103621
v 18.09616810 -4.31460953 3.09999037
v 18.05405504 -4.30045414 3.02358580
v 18.21445567 -4.36707830 2.71277571
v 18.01550204 -4.31101513 2.95364333
v 18.31321818 -4.30045414 2.87184477
v 18.27109105 -4.31101513 2.80399275
v 18.23445827 -4.34048128 2.74499083
v 18.91666538 -4.31460953 2.55332518
v 18.86237532 -4.30045414 2.48503447
v 18.81267459 -4.31101513 2.42251921
v 19.04062301 -4.36707830 2.08702422
v 19.16698963 -4.30045414 2.22518492
v 19.11308796 -4.31101513 2.16625166
v 19.06621653 -4.34048128 2.11500502
v 19.63425643 -4.31460953 1.87721587
v 19.56931645 -4.30045414 1.81896162
v 19.50986630 -4.31101513 1.76562834
v 19.73742777 -4.36707830 1.31983137
v 19.88707596 -4.30045414 1.43236113
v 19.82324368 -4.31101513 1.38436079
v 19.76773650 -4.34048128 1.34262038
v 20.22875411 -4.31460953 1.09068632
v 20.15499121 -4.30045414 1.04410124
v 20.28103596 -4.36707830 0.43744231
v 20.08746392 -4.31101513 1.00145674
v 20.44884736 -4.30045414 0.52048827
v 20.37726742 -4.31101513 0.48506499
v 20.31502301 -4.34048128 0.45426131
v 20.68343503 -4.31460953 0.21585799
v 20.60292393 -4.30045414 0.18225813
v 20.65285355 -4.36707830 -0.52996111
v 20.52921921 -4.31101513 0.15150023
v 20.83308846 -4.30045414 -0.47923708
v 20.75620944 -4.31101513 -0.50087404
v 20.68935734 -4.34048128 -0.51968813
v 20.98550803 -4.31460953 -0.72266054
v 20.90051419 -4.30045414 -0.74232912
v 20.84016377 -4.36707830 -1.54929018
v 20.82270533 -4.31101513 -0.76033830
v 21.11355073 -4.31460953 -1.52486086
v 21.12591273 -4.31466436 -1.68941927
v 21.07042414 -4.30247784 -1.68694353
v 21.17816884 -4.33740282 -1.69131517
v 21.02665669 -4.30045414 -1.53262758
v 21.01378161 -4.30131006 -1.68394518
v 20.94710786 -4.31101513 -1.53973436
v 20.95794303 -4.31103706 -1.68052339
v 20.87793452 -4.34048128 -1.54591798
v 20.84890992 -4.36353493 -1.60087251
v 11.70231587 -4.30371428 3.69728804
v 11.70263464 -4.31352234 3.65460921
v 11.70315510 -4.32953596 3.61411620
v 11.70449597 -4.33388281 3.60552550
v 11.70840770 -4.33858204 3.59695769
v 11.71483428 -4.34333849 3.58892775
v 11.72284180 -4.34763956 3.58213759
v 11.73507911 -4.35261202 3.57477141
v 11.75535161 -4.35852432 3.56660414
v 11.77963144 -4.36320686 3.56053496
v 11.83299071 -4.36707830 3.55575896
v 11.80611259 -4.36611938 3.55692244
v 9.32102973 3.44290543 9.59967375
v 9.37238843 3.41993284 9.59892607
v 9.42831332 3.40716910 9.59851027
v 9.48565680 3.40566301 9.59846068
v 9.50821931 3.40819979 12.79162932
v 9.54110867 3.41517973 9.59876967
v 9.63498599 3.46025276 9.63985777
v 9.65006596 3.47198629 9.72922850
v 9.64539248 3.46817684 9.67636443
v 9.55112368 3.41811514 12.79130888
v 9.59180457 3.43430090 9.59939146
v 9.59180457 3.43430090 12.79078245
v 9.59807212 3.43745756 9.60013914
v 9.60038478 3.43866897 12.78943968
v 9.60407549 3.44065928 9.60208083
v 9.60893876 3.44338894 12.78552962
v 9.61263186 3.44554520 9.60724211
v 9.61695820 3.44816518 12.77910185
v 9.62006241 3.45010996 9.61440993
v 9.62373644 3.45248318 12.77109480
v 9.62633092 3.45420551 9.62290907
v 9.63108975 3.45747375 12.75885725
v 9.63924367 3.46340585 12.73858595
v 9.64530188 3.46810341 12.71430540
v 9.65006596 3.47198629 12.66094542
v 9.64890391 3.47102451 12.68782378
v 9.15864283 3.65262246 9.60620451
v 9.16092021 3.64288354 12.78428603
v 9.17639739 3.59762883 9.60441542
v 9.18514449 3.57938075 12.78634978
v 9.21072966 3.53897142 9.60251189
v 9.21689517 3.53109622 12.78792143
v 7.71865374 4.07008982 12.78005171
v 7.71865374 4.07008982 9.61012602
v 7.77280575 4.08595896 9.61064101
v 7.77280575 4.08595896 12.77953673
v 7.82379347 4.11262608 9.61150694
v 7.82379347 4.11262608 12.77866698
v 7.86851222 4.14883518 9.61268568
v 7.86851222 4.14883518 12.77749205
v 7.94655758 4.28732920 9.65642500
v 7.95038230 4.30594254 9.74558211
v 7.94930750 4.30004072 9.69285155
v 7.90457732 4.19223547 9.61409331
v 7.90457732 4.19223547 12.77608061
v 7.93072468 4.23986053 9.61564207
v 7.93072468 4.23986053 12.77453184
v 7.93341691 4.24629831 9.61648894
v 7.93439776 4.24875593 12.77304411
v 7.93587453 4.25258303 9.61850691
v 7.93781287 4.25787354 12.76899672
v 7.93917472 4.26179314 9.62375212
v 7.94076878 4.26662397 12.76250792
v 7.94183308 4.27002621 9.63095808
v 7.94308764 4.27422762 12.75448943
v 7.94392592 4.27717829 9.63948775
v 7.94540602 4.28270388 12.74229765
v 7.94773823 4.29245424 12.72205687
v 7.94928557 4.29992294 12.69782973
v 7.95038230 4.30594254 12.64459181
v 7.95012433 4.30446291 12.67140913
v 7.35883385 4.30540657 9.74556685
v 7.35994155 4.29938936 9.69232893
v 7.35909421 4.30392742 9.71874953
v 7.36150271 4.29192352 9.66810179
v 7.35883385 4.30540657 12.64460707
v 7.36269290 4.28680038 12.73376799
v 7.36385352 4.28217745 9.64786101
v 7.35991913 4.29950714 12.69734145
v 7.36534363 4.27665472 12.75070525
v 7.36618764 4.27370548 9.63566923
v 7.36744982 4.26950645 12.75923491
v 7.36852080 4.26610613 9.62765074
v 7.37012345 4.26127815 12.76644087
v 7.37149293 4.25736141 9.62116194
v 7.37344128 4.25207472 12.77168227
v 7.37492520 4.24825001 9.61711455
v 7.37591082 4.24579430 12.77370406
v 7.37861497 4.23936129 9.61562682
v 7.37861497 4.23936129 12.77455092
v 7.40480525 4.19185305 9.61408186
v 7.40480525 4.19185305 12.77609206
v 7.44087416 4.14857531 9.61267424
v 7.44087416 4.14857531 12.77749968
v 7.48555714 4.11247683 9.61150313
v 7.48555714 4.11247683 12.77867461
v 7.53647906 4.08589411 9.61063719
v 7.53647906 4.08589411 12.77953673
v 7.59055001 4.07007408 12.78005171
v 7.59055001 4.07007408 9.61012221
v 6.09256989 3.52716637 9.60219145
v 6.09870297 3.53503013 12.78772688
v 6.12414986 3.57536149 9.60375929
v 6.13284833 3.59356666 12.78582335
v 6.14824063 3.63870311 9.60581923
v 6.15050561 3.64841485 12.78404188
v 5.65961033 3.46707821 9.72914076
v 5.66438347 3.46320701 9.67578078
v 5.66077382 3.46611929 9.70226240
v 5.67045361 3.45852423 9.65150023
v 5.65961033 3.46707821 12.66103316
v 5.67471940 3.45538163 12.75040770
v 5.67862279 3.45261216 9.63122893
v 5.66429288 3.46328020 12.71390105
v 5.68338925 3.44935584 12.76735640
v 5.68598801 3.44763970 9.61899138
v 5.68966824 3.44527555 12.77585554
v 5.69277722 3.44333839 9.61098433
v 5.69711072 3.44072914 12.78302336
v 5.70080907 3.43858194 9.60455656
v 5.70567948 3.43586421 12.78818083
v 5.70937497 3.43388295 9.60064650
v 5.71169049 3.43267727 12.79012633
v 5.71796662 3.42953610 9.59930373
v 5.76870972 3.41054082 9.59868574
v 5.82418400 3.40116215 9.59838438
v 5.88152272 3.40281034 9.59843779
v 5.91199547 3.40839434 12.79155684
v 5.93741566 3.41571259 9.59885359
v 5.97658784 3.43224192 12.79078245
v 5.98871762 3.43881226 9.59960509
v 9.32102973 3.44290543 -1.68386125
v 9.37238843 3.41993284 -1.68460893
v 9.42831332 3.40716910 -1.68502474
v 9.48565680 3.40566301 -1.68507433
v 9.50821931 3.40819979 1.50809431
v 9.54110867 3.41517973 -1.68476152
v 9.63498599 3.46025276 -1.64367723
v 9.65006596 3.47198629 -1.55430650
v 9.64539248 3.46817684 -1.60717058
v 9.55112368 3.41811514 1.50777388
v 9.59180457 3.43430090 -1.68414354
v 9.59180457 3.43430090 1.50724745
v 9.59807212 3.43745756 -1.68339586
v 9.60038478 3.43866897 1.50590468
v 9.60407549 3.44065928 -1.68145036
v 9.60893876 3.44338894 1.50199461
v 9.61263186 3.44554520 -1.67629289
v 9.61695820 3.44816518 1.49556685
v 9.62006241 3.45010996 -1.66912508
v 9.62373644 3.45248318 1.48755980
v 9.62633092 3.45420551 -1.66062593
v 9.63108975 3.45747375 1.47532225
v 9.63924367 3.46340585 1.45505095
v 9.64530188 3.46810341 1.43077040
v 9.65006596 3.47198629 1.37741042
v 9.64890391 3.47102451 1.40428877
v 9.15864283 3.65262246 -1.67733049
v 9.16092021 3.64288354 1.50075102
v 9.17639739 3.59762883 -1.67911577
v 9.18514449 3.57938075 1.50281477
v 9.21072966 3.53897142 -1.68102312
v 9.21689517 3.53109622 1.50438643
v 5.65961033 3.46707821 -1.55439424
v 5.66438347 3.46320701 -1.60775423
v 5.66077382 3.46611929 -1.58127260
v 5.67045361 3.45852423 -1.63203478
v 5.65961033 3.46707821 1.37749815
v 5.67471940 3.45538163 1.46687270
v 5.67862279 3.45261216 -1.65230608
v 5.66429288 3.46328020 1.43036604
v 5.68338925 3.44935584 1.48382140
v 5.68598801 3.44763970 -1.66454363
v 5.68966824 3.44527555 1.49232054
v 5.69277722 3.44333839 -1.67255068
v 5.69711072 3.44072914 1.49948836
v 5.70080907 3.43858194 -1.67897844
v 5.70567948 3.43586421 1.50464583
v 5.70937497 3.43388295 -1.68288850
v 5.71169049 3.43267727 1.50659132
v 5.71796662 3.42953610 -1.68423128
v 5.76870972 3.41054082 -1.68484544
v 5.82418400 3.40116215 -1.68515062
v 5.88152272 3.40281034 -1.68509721
v 5.91199547 3.40839434 1.50802183
v 5.93741566 3.41571259 -1.68467760
v 5.97658784 3.43224192 1.50724745
v 5.98871762 3.43881226 -1.68392992
v 6.09256989 3.52716637 -1.68134355
v 6.09870297 3.53503013 1.50419188
v 6.12414986 3.57536149 -1.67977571
v 6.13284833 3.59356666 1.50228834
v 6.14824063 3.63870311 -1.67771578
v 6.15050561 3.64841485 1.50050688
v 7.35883385 4.30540657 -1.53796816
v 7.35994155 4.29938936 -1.59120607
v 7.35909421 4.30392742 -1.56478548
v 7.36150271 4.29192352 -1.61543321
v 7.35883385 4.30540657 1.36107207
v 7.36269290 4.28680038 1.45023299
v 7.36385352 4.28217745 -1.63567400
v 7.35991913 4.29950714 1.41380644
v 7.36534363 4.27665472 1.46717024
v 7.36618764 4.27370548 -1.64786577
v 7.36744982 4.26950645 1.47569990
v 7.36852080 4.26610613 -1.65588426
v 7.37012345 4.26127815 1.48290587
v 7.37149293 4.25736141 -1.66237306
v 7.37344128 4.25207472 1.48814726
v 7.37492520 4.24825001 -1.66642046
v 7.37591082 4.24579430 1.49016905
v 7.37861497 4.23936129 -1.66790819
v 7.37861497 4.23936129 1.49101591
v 7.40480525 4.19185305 -1.66945314
v 7.40480525 4.19185305 1.49255705
v 7.44087416 4.14857531 -1.67086076
v 7.44087416 4.14857531 1.49396468
v 7.48555714 4.11247683 -1.67203188
v 7.48555714 4.11247683 1.49513960
v 7.53647906 4.08589411 1.49600172
v 7.53647906 4.08589411 -1.67289781
v 7.59055001 4.07007408 1.49651671
v 7.59055001 4.07007408 -1.67340898
v 7.71865374 4.07008982 -1.67340898
v 7.71865374 4.07008982 1.49651671
v 7.77280575 4.08595896 -1.67289400
v 7.77280575 4.08595896 1.49600172
v 7.82379347 4.11262608 -1.67202806
v 7.82379347 4.11262608 1.49513197
v 7.86851222 4.14883518 -1.67084932
v 7.86851222 4.14883518 1.49395705
v 7.90457732 4.19223547 -1.66944170
v 7.94655758 4.28732920 -1.62711000
v 7.95038230 4.30594254 -1.53794908
v 7.94930750 4.30004072 -1.59068346
v 7.90457732 4.19223547 1.49254561
v 7.93072468 4.23986053 -1.66789293
v 7.93072468 4.23986053 1.49099684
v 7.93341691 4.24629831 -1.66704607
v 7.93439776 4.24875593 1.48950911
v 7.93587453 4.25258303 -1.66502809
v 7.93781287 4.25787354 1.48546172
v 7.93917472 4.26179314 -1.65978288
v 7.94076878 4.26662397 1.47897292
v 7.94183308 4.27002621 -1.65257692
v 7.94308764 4.27422762 1.47095442
v 7.94392592 4.27717829 -1.64404726
v 7.94540602 4.28270388 1.45876265
v 7.94773823 4.29245424 1.43852187
v 7.94928557 4.29992294 1.41429472
v 7.95038230 4.30594254 1.36105681
v 7.95012433 4.30446291 1.38787413
v -5.88176673 3.44290543 -1.68386125
v -5.83040756 3.41993284 -1.68460893
v -5.77448219 3.40716910 -1.68502474
v -5.71713966 3.40566301 -1.68507433
v -5.69457572 3.40819979 12.79162932
v -5.66168731 3.41517973 -1.68476152
v -5.65167182 3.41811514 12.79130888
v -5.61099189 3.43430090 -1.68414354
v -5.61099189 3.43430090 12.79078245
v -5.60472434 3.43745756 -1.68339586
v -5.60241073 3.43866897 12.78943968
v -5.59872001 3.44065928 -1.68145036
v -5.59385627 3.44338894 12.78552962
v -5.59016364 3.44554520 -1.67629289
v -5.58583778 3.44816518 12.77910185
v -5.58273261 3.45010996 -1.66912508
v -5.57905906 3.45248318 12.77109480
v -5.57646507 3.45420551 -1.66062593
v -5.57170623 3.45747375 12.75885725
v -5.56780952 3.46025276 -1.64367723
v -5.56355232 3.46340585 12.73858595
v -5.55740302 3.46817684 -1.60717058
v -5.55749458 3.46810341 12.71430540
v -5.55273002 3.47198629 -1.55430650
v -5.55389160 3.47102451 12.68782378
v -5.55273002 3.47198629 12.66094542
v -6.04415267 3.65262246 -1.67733049
v -6.04187530 3.64288354 12.78428603
v -6.02639907 3.59762883 -1.67911577
v -6.01765197 3.57938075 12.78634978
v -5.99206680 3.53897142 -1.68102312
v -5.98590034 3.53109622 12.78792143
v -7.48414176 4.07008982 -1.67340898
v -7.48414176 4.07008982 12.78005171
v -7.42999023 4.08595896 -1.67289400
v -7.42999023 4.08595896 12.77953673
v -7.37900298 4.11262608 -1.67202806
v -7.37900298 4.11262608 12.77866698
v -7.33428329 4.14883518 -1.67084932
v -7.33428329 4.14883518 12.77749205
v -7.29821914 4.19223547 -1.66944170
v -7.29821914 4.19223547 12.77608061
v -7.27207130 4.23986053 -1.66789293
v -7.27207130 4.23986053 12.77453184
v -7.26938003 4.24629831 -1.66704607
v -7.26839774 4.24875593 12.77304411
v -7.26692146 4.25258303 -1.66502809
v -7.26498359 4.25787354 12.76899672
v -7.26362174 4.26179314 -1.65978288
v -7.26202720 4.26662397 12.76250792
v -7.26096290 4.27002621 -1.65257692
v -7.25970786 4.27422762 12.75448943
v -7.25887054 4.27717829 -1.64404726
v -7.25739044 4.28270388 12.74229765
v -7.25623840 4.28732920 -1.62711000
v -7.25505775 4.29245424 12.72205687
v -7.25348800 4.30004072 -1.59068346
v -7.25351089 4.29992294 12.69782973
v -7.25241416 4.30594254 -1.53794908
v -7.25267166 4.30446291 12.67140913
v -7.25241416 4.30594254 12.64459181
v -7.84396308 4.30540657 -1.53796816
v -7.84285491 4.29938936 -1.59120607
v -7.84370178 4.30392742 -1.56478548
v -7.84396308 4.30540657 12.64460707
v -7.84287589 4.29950714 12.69734145
v -7.84129280 4.29192352 -1.61543321
v -7.84010261 4.28680038 12.73376799
v -7.83894294 4.28217745 -1.63567400
v -7.83745139 4.27665472 12.75070525
v -7.83660835 4.27370548 -1.64786577
v -7.83534568 4.26950645 12.75923491
v -7.83427566 4.26610613 -1.65588426
v -7.83267158 4.26127815 12.76644087
v -7.83130210 4.25736141 -1.66237306
v -7.82935470 4.25207472 12.77168227
v -7.82787078 4.24825001 -1.66642046
v -7.82688468 4.24579430 12.77370406
v -7.82418006 4.23936129 -1.66790819
v -7.82418006 4.23936129 12.77455092
v -7.79799026 4.19185305 -1.66945314
v -7.79799026 4.19185305 12.77609206
v -7.76192230 4.14857531 -1.67086076
v -7.76192230 4.14857531 12.77749968
v -7.71723884 4.11247683 -1.67203188
v -7.71723884 4.11247683 12.77867461
v -7.66631645 4.08589411 -1.67289781
v -7.66631645 4.08589411 12.77953673
v -7.61224502 4.07007408 12.78005171
v -7.61224502 4.07007408 -1.67340898
v -9.11022704 3.52716637 -1.68134355
v -9.10409301 3.53503013 12.78772688
v -9.07864707 3.57536149 -1.67977571
v -9.06994766 3.59356666 12.78582335
v -9.05455535 3.63870311 -1.67771578
v -9.05228942 3.64841485 12.78404188
v -9.54318565 3.46707821 -1.55439424
v -9.53841155 3.46320701 -1.60775423
v -9.54202217 3.46611929 -1.58127260
v -9.54318565 3.46707821 12.66103316
v -9.53850311 3.46328020 12.71390105
v -9.53234237 3.45852423 -1.63203478
v -9.52807563 3.45538163 12.75040770
v -9.52417320 3.45261216 -1.65230608
v -9.51940673 3.44935584 12.76735640
v -9.51680702 3.44763970 -1.66454363
v -9.51312774 3.44527555 12.77585554
v -9.51001876 3.44333839 -1.67255068
v -9.50568527 3.44072914 12.78302336
v -9.50198692 3.43858194 -1.67897844
v -9.49711746 3.43586421 12.78818083
v -9.49342101 3.43388295 -1.68288850
v -9.49110549 3.43267727 12.79012633
v -9.48483032 3.42953610 -1.68423128
v -9.43408721 3.41054082 -1.68484544
v -9.37861198 3.40116215 -1.68515062
v -9.32127326 3.40281034 -1.68509721
v -9.29079955 3.40839434 12.79155684
v -9.26538032 3.41571259 -1.68467760
v -9.22620719 3.43224192 12.79078245
v -9.21407836 3.43881226 -1.68392992
v -9.53852027 -4.37198639 12.66094542
v -9.53375572 -4.36810350 12.71430540
v -9.53735870 -4.37102461 12.68782378
v -9.52769798 -4.36340570 12.73858595
v -9.53384727 -4.36817694 9.67636443
v -9.52344077 -4.36025286 9.63985777
v -9.53852027 -4.37198639 9.72922850
v -9.51954406 -4.35747385 12.75885725
v -9.51478523 -4.35420561 9.62290907
v -9.51219123 -4.35248327 12.77109480
v -9.50851768 -4.35011005 9.61440993
v -9.50541252 -4.34816504 12.77910185
v -9.50108665 -4.34554529 9.60724211
v -9.49739402 -4.34338903 12.78552962
v -9.49253028 -4.34065914 9.60208083
v -9.48883956 -4.33866882 12.78943968
v -9.48652786 -4.33745766 9.60013914
v -9.48026031 -4.33430099 12.79078245
v -9.42956298 -4.31517982 12.79140425
v -9.37411254 -4.30566311 12.79171324
v -9.31676811 -4.30716896 12.79166365
v -9.28581184 -4.31278896 9.59869337
v -9.26084274 -4.31993294 12.79125166
v -9.22141975 -4.33647251 9.59946394
v -9.20948547 -4.34290552 12.79050398
v -9.10534995 -4.43109608 12.78792143
v -9.09918540 -4.43897152 9.60251189
v -9.07360023 -4.47938061 12.78634978
v -9.06485313 -4.49762869 9.60441542
v -9.04937499 -4.54288340 12.78428603
v -9.04709762 -4.55262232 9.60620451
v -7.83883613 -5.20594215 12.64459181
v -7.83774131 -5.19992256 12.69782973
v -7.83857864 -5.20446253 12.67140913
v -7.83619254 -5.19245386 12.72205687
v -7.83883613 -5.20594215 9.74558211
v -7.83501190 -5.18732882 9.65642500
v -7.83386176 -5.18270350 12.74229765
v -7.83776229 -5.20004034 9.69285155
v -7.83238166 -5.17717791 9.63948775
v -7.83154243 -5.17422724 12.75448943
v -7.83028739 -5.17002583 9.63095808
v -7.82922309 -5.16662359 12.76250792
v -7.82763046 -5.16179276 9.62375212
v -7.82626861 -5.15787315 12.76899672
v -7.82432884 -5.15258265 9.61850691
v -7.82285255 -5.14875555 12.77304411
v -7.82187217 -5.14629793 9.61648894
v -7.81917899 -5.13986015 12.77453184
v -7.81917899 -5.13986015 9.61564207
v -7.79303306 -5.09223509 12.77608061
v -7.79303306 -5.09223509 9.61409331
v -7.75696700 -5.04883480 12.77749205
v -7.75696700 -5.04883480 9.61268568
v -7.71224922 -5.01262569 12.77866698
v -7.71224922 -5.01262569 9.61150694
v -7.66126006 -4.98595858 12.77953673
v -7.66126006 -4.98595858 9.61064101
v -7.60710853 -4.97008944 9.61012602
v -7.60710853 -4.97008944 12.78005171
v -7.47900527 -4.97007370 12.78005171
v -7.47900527 -4.97007370 9.61012221
v -7.42493385 -4.98589373 12.77953673
v -7.42493385 -4.98589373 9.61063719
v -7.37401145 -5.01247644 9.61150313
v -7.37401145 -5.01247644 12.77867461
v -7.32932800 -5.04857492 12.77749968
v -7.32932800 -5.04857492 9.61267424
v -7.29326003 -5.09185266 12.77609206
v -7.25114768 -5.18680000 12.73376799
v -7.24728912 -5.20540619 12.64460707
v -7.24837440 -5.19950676 12.69734145
v -7.29326003 -5.09185266 9.61408186
v -7.26707023 -5.13936090 9.61562682
v -7.26707023 -5.13936090 12.77455092
v -7.26436561 -5.14579391 12.77370406
v -7.26337951 -5.14824963 9.61711455
v -7.26189559 -5.15207434 12.77168227
v -7.25994819 -5.15736103 9.62116194
v -7.25857871 -5.16127777 12.76644087
v -7.25697654 -5.16610575 9.62765074
v -7.25590461 -5.16950607 12.75923491
v -7.25464195 -5.17370510 9.63566923
v -7.25379890 -5.17665434 12.75070525
v -7.25230735 -5.18217707 9.64786101
v -7.24995750 -5.19192314 9.66810179
v -7.24839538 -5.19938898 9.69232893
v -7.24728912 -5.20540619 9.74556685
v -7.24754852 -5.20392704 9.71874953
v -5.87717193 -4.33881235 12.79056883
v -5.82587188 -4.31571245 12.79132033
v -5.76997894 -4.30281019 12.79173994
v -5.71263832 -4.30116224 12.79179335
v -5.68959373 -4.30371428 9.59846449
v -5.65716499 -4.31054068 12.79148817
v -5.56317466 -4.35538149 12.75040770
v -5.54806465 -4.36707830 12.66103316
v -5.55274719 -4.36328030 12.71390105
v -5.64691490 -4.31352234 9.59878493
v -5.60642188 -4.32953596 12.79087019
v -5.60642188 -4.32953596 9.59930373
v -5.60014480 -4.33267736 12.79012633
v -5.59782928 -4.33388281 9.60064650
v -5.59413474 -4.33586407 12.78818083
v -5.58926338 -4.33858204 9.60455656
v -5.58556503 -4.34072924 12.78302336
v -5.58123344 -4.34333849 9.61098433
v -5.57812255 -4.34527540 12.77585554
v -5.57444328 -4.34763956 9.61899138
v -5.57184547 -4.34935570 12.76735640
v -5.56707710 -4.35261202 9.63122893
v -5.55890792 -4.35852432 9.65150023
v -5.55283874 -4.36320686 9.67578078
v -5.54806465 -4.36707830 9.72914076
v -5.54922813 -4.36611938 9.70226240
v -6.03896087 -4.54841471 12.78404188
v -6.03669494 -4.53870296 9.60581923
v -6.02130264 -4.49356651 12.78582335
v -6.01260513 -4.47536135 9.60375929
v -5.98715728 -4.43502998 12.78772688
v -5.98102516 -4.42716646 9.60219145
v -5.87717193 -4.33881235 1.50703383
v -5.82587188 -4.31571245 1.50778532
v -5.76997894 -4.30281019 1.50820494
v -5.71263832 -4.30116224 1.50825835
v -5.68959373 -4.30371428 -1.68507051
v -5.65716499 -4.31054068 1.50795317
v -5.56317466 -4.35538149 1.46687270
v -5.54806465 -4.36707830 1.37749815
v -5.55274719 -4.36328030 1.43036604
v -5.64691490 -4.31352234 -1.68475008
v -5.60642188 -4.32953596 1.50733519
v -5.60642188 -4.32953596 -1.68423128
v -5.60014480 -4.33267736 1.50659132
v -5.59782928 -4.33388281 -1.68288850
v -5.59413474 -4.33586407 1.50464583
v -5.58926338 -4.33858204 -1.67897844
v -5.58556503 -4.34072924 1.49948836
v -5.58123344 -4.34333849 -1.67255068
v -5.57812255 -4.34527540 1.49232054
v -5.57444328 -4.34763956 -1.66454363
v -5.57184547 -4.34935570 1.48382140
v -5.56707710 -4.35261202 -1.65230608
v -5.55890792 -4.35852432 -1.63203478
v -5.55283874 -4.36320686 -1.60775423
v -5.54806465 -4.36707830 -1.55439424
v -5.54922813 -4.36611938 -1.58127260
v -6.03896087 -4.54841471 1.50050688
v -6.03669494 -4.53870296 -1.67771578
v -6.02130264 -4.49356651 1.50228834
v -6.01260513 -4.47536135 -1.67977571
v -5.98715728 -4.43502998 1.50419188
v -5.98102516 -4.42716646 -1.68134355
v -7.47900527 -4.97007370 -1.67340898
v -7.47900527 -4.97007370 1.49651671
v -7.42493385 -4.98589373 -1.67289781
v -7.42493385 -4.98589373 1.49600172
v -7.37401145 -5.01247644 -1.67203188
v -7.37401145 -5.01247644 1.49513960
v -7.32932800 -5.04857492 -1.67086076
v -7.32932800 -5.04857492 1.49396468
v -7.25114768 -5.18680000 1.45023299
v -7.24728912 -5.20540619 1.36107207
v -7.24837440 -5.19950676 1.41380644
v -7.29326003 -5.09185266 -1.66945314
v -7.29326003 -5.09185266 1.49255705
v -7.26707023 -5.13936090 -1.66790819
v -7.26707023 -5.13936090 1.49101591
v -7.26436561 -5.14579391 1.49016905
v -7.26337951 -5.14824963 -1.66642046
v -7.26189559 -5.15207434 1.48814726
v -7.25994819 -5.15736103 -1.66237306
v -7.25857871 -5.16127777 1.48290587
v -7.25697654 -5.16610575 -1.65588426
v -7.25590461 -5.16950607 1.47569990
v -7.25464195 -5.17370510 -1.64786577
v -7.25379890 -5.17665434 1.46717024
v -7.25230735 -5.18217707 -1.63567400
v -7.24995750 -5.19192314 -1.61543321
v -7.24839538 -5.19938898 -1.59120607
v -7.24728912 -5.20540619 -1.53796816
v -7.24754852 -5.20392704 -1.56478548
v -7.83883613 -5.20594215 1.36105681
v -7.83774131 -5.19992256 1.41429472
v -7.83857864 -5.20446253 1.38787413
v -7.83619254 -5.19245386 1.43852187
v -7.83883613 -5.20594215 -1.53794908
v -7.83501190 -5.18732882 -1.62711000
v -7.83386176 -5.18270350 1.45876265
v -7.83776229 -5.20004034 -1.59068346
v -7.83238166 -5.17717791 -1.64404726
v -7.83154243 -5.17422724 1.47095442
v -7.83028739 -5.17002583 -1.65257692
v -7.82922309 -5.16662359 1.47897292
v -7.82763046 -5.16179276 -1.65978288
v -7.82626861 -5.15787315 1.48546172
v -7.82432884 -5.15258265 -1.66502809
v -7.82285255 -5.14875555 1.48950911
v -7.82187217 -5.14629793 -1.66704607
v -7.81917899 -5.13986015 1.49099684
v -7.81917899 -5.13986015 -1.66789293
v -7.79303306 -5.09223509 -1.66944170
v -7.79303306 -5.09223509 1.49254561
v -7.75696700 -5.04883480 -1.67084932
v -7.75696700 -5.04883480 1.49395705
v -7.71224922 -5.01262569 -1.67202806
v -7.71224922 -5.01262569 1.49513197
v -7.66126006 -4.98595858 -1.67289400
v -7.66126006 -4.98595858 1.49600172
v -7.60710853 -4.97008944 -1.67340898
v -7.60710853 -4.97008944 1.49651671
v -9.10534995 -4.43109608 1.50438643
v -9.09918540 -4.43897152 -1.68102312
v -9.07360023 -4.47938061 1.50281477
v -9.06485313 -4.49762869 -1.67911577
v -9.04937499 -4.54288340 1.50075102
v -9.04709762 -4.55262232 -1.67733049
v -9.53852027 -4.37198639 1.37741042
v -9.53375572 -4.36810350 1.43077040
v -9.53735870 -4.37102461 1.40428877
v -9.52769798 -4.36340570 1.45505095
v -9.53852027 -4.37198639 -1.55430650
v -9.52344077 -4.36025286 -1.64367723
v -9.51954406 -4.35747385 1.47532225
v -9.53384727 -4.36817694 -1.60717058
v -9.51478523 -4.35420561 -1.66062593
v -9.51219123 -4.35248327 1.48755980
v -9.50851768 -4.35011005 -1.66912508
v -9.50541252 -4.34816504 1.49556685
v -9.50108665 -4.34554529 -1.67629289
v -9.49739402 -4.34338903 1.50199461
v -9.49253028 -4.34065914 -1.68145036
v -9.48883956 -4.33866882 1.50590468
v -9.48652786 -4.33745766 -1.68339586
v -9.48026031 -4.33430099 1.50724745
v -9.42956298 -4.31517982 1.50786925
v -9.37411254 -4.30566311 1.50817824
v -9.31676811 -4.30716896 1.50812865
v -9.28581184 -4.31278896 -1.68484163
v -9.26084274 -4.31993294 1.50771284
v -9.22141975 -4.33647251 -1.68407106
v -9.20948547 -4.34290552 1.50696898
v 5.66427476 -4.37198639 12.66094542
v 5.66903931 -4.36810350 12.71430540
v 5.66543728 -4.37102461 12.68782378
v 5.66427476 -4.37198639 -1.55430650
v 5.66894871 -4.36817694 -1.60717058
v 5.67509705 -4.36340570 12.73858595
v 5.67935521 -4.36025286 -1.64367723
v 5.68325097 -4.35747385 12.75885725
v 5.68800980 -4.35420561 -1.66062593
v 5.69060380 -4.35248327 12.77109480
v 5.69427830 -4.35011005 -1.66912508
v 5.69738251 -4.34816504 12.77910185
v 5.70170933 -4.34554529 -1.67629289
v 5.70540196 -4.34338903 12.78552962
v 5.71026570 -4.34065914 -1.68145036
v 5.71395642 -4.33866882 12.78943968
v 5.71626908 -4.33745766 -1.68339586
v 5.72253663 -4.33430099 12.79078245
v 5.77323205 -4.31517982 12.79140425
v 5.82868439 -4.30566311 12.79171324
v 5.88602788 -4.30716896 12.79166365
v 5.91698319 -4.31278896 -1.68484163
v 5.94195229 -4.31993294 12.79125166
v 5.98137623 -4.33647251 -1.68407106
v 5.99331147 -4.34290552 12.79050398
v 6.09744603 -4.43109608 12.78792143
v 6.10361153 -4.43897152 -1.68102312
v 6.12919671 -4.47938061 12.78634978
v 6.13794381 -4.49762869 -1.67911577
v 6.15342099 -4.54288340 12.78428603
v 6.15569836 -4.55262232 -1.67733049
v 7.36395890 -5.20594215 12.64459181
v 7.36505515 -5.19992256 12.69782973
v 7.36421687 -5.20446253 12.67140913
v 7.36395890 -5.20594215 -1.53794908
v 7.36503321 -5.20004034 -1.59068346
v 7.36660248 -5.19245386 12.72205687
v 7.36778313 -5.18732882 -1.62711000
v 7.36893469 -5.18270350 12.74229765
v 7.37041527 -5.17717791 -1.64404726
v 7.37125308 -5.17422724 12.75448943
v 7.37250764 -5.17002583 -1.65257692
v 7.37357241 -5.16662359 12.76250792
v 7.37516600 -5.16179276 -1.65978288
v 7.37652785 -5.15787315 12.76899672
v 7.37846619 -5.15258265 -1.66502809
v 7.37994296 -5.14875555 12.77304411
v 7.38092429 -5.14629793 -1.66704607
v 7.38361603 -5.13986015 12.77453184
v 7.38361603 -5.13986015 -1.66789293
v 7.40976340 -5.09223509 12.77608061
v 7.40976340 -5.09223509 -1.66944170
v 7.44582850 -5.04883480 12.77749205
v 7.44582850 -5.04883480 -1.67084932
v 7.49054772 -5.01262569 12.77866698
v 7.49054772 -5.01262569 -1.67202806
v 7.54153496 -4.98595858 12.77953673
v 7.54153496 -4.98595858 -1.67289400
v 7.59568698 -4.97008944 12.78005171
v 7.59568698 -4.97008944 -1.67340898
v 7.72379071 -4.97007370 12.78005171
v 7.72379071 -4.97007370 -1.67340898
v 7.77786166 -4.98589373 -1.67289781
v 7.77786166 -4.98589373 12.77953673
v 7.82878358 -5.01247644 12.77867461
v 7.82878358 -5.01247644 -1.67203188
v 7.87346703 -5.04857492 12.77749968
v 7.87346703 -5.04857492 -1.67086076
v 7.90953547 -5.09185266 -1.66945314
v 7.90953547 -5.09185266 12.77609206
v 7.93572623 -5.13936090 -1.66790819
v 7.93572623 -5.13936090 12.77455092
v 7.93842990 -5.14579391 12.77370406
v 7.93941599 -5.14824963 -1.66642046
v 7.94089944 -5.15207434 12.77168227
v 7.94284827 -5.15736103 -1.66237306
v 7.94421727 -5.16127777 12.76644087
v 7.94581992 -5.16610575 -1.65588426
v 7.94689089 -5.16950607 12.75923491
v 7.94815356 -5.17370510 -1.64786577
v 7.94899708 -5.17665434 12.75070525
v 7.95048768 -5.18217707 -1.63567400
v 7.95164830 -5.18680000 12.73376799
v 7.95283848 -5.19192314 -1.61543321
v 7.95442158 -5.19950676 12.69734145
v 7.95439965 -5.19938898 -1.59120607
v 7.95550734 -5.20540619 12.64460707
v 7.95524651 -5.20392704 -1.56478548
v 7.95550734 -5.20540619 -1.53796816
v 9.16383511 -4.54841471 12.78404188
v 9.16610009 -4.53870296 -1.67771578
v 9.18149239 -4.49356651 12.78582335
v 9.19019133 -4.47536135 -1.67977571
v 9.21563822 -4.43502998 12.78772688
v 9.22177130 -4.42716646 -1.68134355
v 9.32562358 -4.33881235 12.79056883
v 9.37692505 -4.31571245 12.79132033
v 9.43281752 -4.30281019 12.79173994
v 9.49015671 -4.30116224 12.79179335
v 9.51320130 -4.30371428 -1.68507051
v 9.54563147 -4.31054068 12.79148817
v 9.55588156 -4.31352234 -1.68475008
v 9.59637457 -4.32953596 12.79087019
v 9.59637457 -4.32953596 -1.68423128
v 9.60265023 -4.33267736 12.79012633
v 9.60496575 -4.33388281 -1.68288850
v 9.60866171 -4.33586407 12.78818083
v 9.61353165 -4.33858204 -1.67897844
v 9.61723048 -4.34072924 12.78302336
v 9.62156302 -4.34333849 -1.67255068
v 9.62467248 -4.34527540 12.77585554
v 9.62835271 -4.34763956 -1.66454363
v 9.63095147 -4.34935570 12.76735640
v 9.63571841 -4.35261202 -1.65230608
v 9.63962180 -4.35538149 12.75040770
v 9.64388711 -4.35852432 -1.63203478
v 9.65004832 -4.36328030 12.71390105
v 9.64995724 -4.36320686 -1.60775423
v 9.65473086 -4.36707830 12.66103316
v 9.65356690 -4.36611938 -1.58127260
v 9.65473086 -4.36707830 -1.55439424
v -5.23227828 -4.36959982 1.37749815
v -5.52133697 -4.15841913 1.75028944
v -5.50044387 -4.39811850 1.37749815
v -5.44704193 -4.41759920 1.37749815
v -5.54420226 -4.20521593 1.73134184
v -5.60336250 -4.32419157 1.56241560
v -5.59508842 -4.30805492 1.61479140
v -5.27894729 -4.36322927 1.53012419
v -5.28038925 -4.39987612 1.37749815
v -5.33409446 -4.41850090 1.37749815
v -5.38440269 -4.39393377 1.53755522
v -5.39062065 -4.42451239 1.37749815
v -5.42774528 -4.36644459 1.59648466
v -5.46420806 -4.33013296 1.64598418
v -5.58200782 -4.28191900 1.66188383
v -5.56476348 -4.24706841 1.70138121
v -5.50044387 -4.39811850 -1.55439424
v -5.44704193 -4.41759920 -1.55439424
v -5.39062065 -4.42451239 -1.55439424
v -5.33409446 -4.41850090 -1.55439424
v -5.28038925 -4.39987612 -1.55439424
v -5.23227828 -4.36959982 -1.55439424
v -6.04806655 -4.22617674 1.74908781
v -6.01398223 -4.26571608 1.73020888
v -5.93821472 -4.35230589 1.61362791
v -5.92594474 -4.36574173 1.56118346
v -5.77950233 -4.23174477 1.68344450
v -5.95766776 -4.33037472 1.66076994
v -5.98334449 -4.30102873 1.70027876
v -5.52133697 -4.15841913 -1.92718553
v -5.54420226 -4.20521593 -1.90823412
v -5.60336250 -4.32419157 -1.73931169
v -5.59508842 -4.30805492 -1.79168749
v -5.46056312 -4.33283424 -1.81990862
v -5.56476348 -4.24706841 -1.87827730
v -5.58200782 -4.28191900 -1.83877992
v -5.42328590 -4.37007618 -1.76720094
v -5.29350036 -4.38372755 -1.67778062
v -5.39923232 -4.39908028 -1.70278215
v -5.94597762 -4.38267756 1.56091261
v -5.95809501 -4.36910963 1.61335707
v -5.97730773 -4.34697199 1.66049147
v -6.03291839 -4.28172207 1.72993422
v -6.00266403 -4.31735611 1.70000029
v -6.06657546 -4.24182606 1.74881697
v -5.98277419 -4.32754850 1.68142271
v -5.97627777 -4.32205868 1.68151427
v -5.67829650 -4.23292875 -1.86031389
v -5.62486022 -4.24526119 -1.86004686
v -6.23975700 -4.60521841 1.74237013
v -6.18693298 -4.60581779 1.72387266
v -6.05168670 -4.60521841 1.55430174
v -6.07018226 -4.60581779 1.60712386
v -6.05818313 -4.41060972 1.67965269
v -6.10232299 -4.50389194 1.67763090
v -6.09996551 -4.60612488 1.65451384
v -6.13954490 -4.60612488 1.69409132
v -5.94597762 -4.38267756 -1.73780870
v -5.95809501 -4.36910963 -1.79024934
v -5.97730773 -4.34697199 -1.83738756
v -6.00266403 -4.31735611 -1.87689638
v -6.03291839 -4.28172207 -1.90682649
v -6.06657546 -4.24182606 -1.92570924
v -5.97627777 -4.32205868 -1.85841036
v -5.98277419 -4.32754850 -1.85831880
v -6.05474990 -4.78067875 1.55123854
v -6.07324546 -4.78127813 1.60406065
v -6.10302871 -4.78158569 1.65145064
v -6.14260620 -4.78158569 1.69102812
v -6.18999427 -4.78127813 1.72080946
v -6.24281829 -4.78067875 1.73930693
v -6.23975700 -4.60521841 -1.91926241
v -6.18693298 -4.60581779 -1.90076875
v -6.05168670 -4.60521841 -1.73119402
v -6.07018226 -4.60581779 -1.78401613
v -6.10232299 -4.50389194 -1.85452318
v -6.13954490 -4.60612488 -1.87098360
v -6.09996551 -4.60612488 -1.83140611
v -6.05818313 -4.41060972 -1.85654497
v -6.05781501 -4.97926331 1.36508894
v -6.14275878 -5.11474562 1.36508894
v -6.09521049 -5.00259209 1.53278685
v -6.07602638 -5.03025866 1.36508894
v -6.10478919 -5.07613707 1.36508894
v -6.09747451 -4.98253822 1.55961943
v -6.10010284 -4.95987749 1.58393431
v -6.10338729 -4.93207550 1.60785246
v -6.24281829 -4.78067875 -1.91619920
v -6.18999427 -4.78127813 -1.89770555
v -6.14260620 -4.78158569 -1.86792040
v -6.10302871 -4.78158569 -1.82834291
v -6.07324546 -4.78127813 -1.78095674
v -6.05474990 -4.78067875 -1.72813081
v -6.05781501 -4.97926331 -1.54198122
v -6.07602638 -5.03025866 -1.54198122
v -6.10478919 -5.07613707 -1.54198122
v -6.14275878 -5.11474562 -1.54198122
v -6.10431045 -4.92419195 -1.79071855
v -6.10122245 -4.95038176 -1.76968431
v -6.09896415 -4.96967268 -1.75096178
v -6.09645980 -4.99133158 -1.72551393
v -6.09466880 -5.00687313 -1.70312166
v -7.23126357 -5.25994492 -1.53796816
v -7.23126357 -5.25994492 1.36107207
v -7.20333236 -5.30945301 1.36107207
v -7.20333236 -5.30945301 -1.53796816
v -7.16493934 -5.35137224 1.36107207
v -7.16493934 -5.35137224 -1.53796816
v -7.11806816 -5.38353395 1.36107207
v -7.11806816 -5.38353395 -1.53796816
v -7.06514305 -5.40427685 1.36107207
v -7.06514305 -5.40427685 -1.53796816
v -7.00890106 -5.41252756 1.36107207
v -7.00890106 -5.41252756 -1.53796816
v -7.08859962 -5.06600714 -1.91127443
v -7.13687080 -5.08666992 -1.89257860
v -7.26101821 -5.13769674 -1.72328996
v -7.24387306 -5.13116026 -1.77591753
v -7.15740913 -5.23736334 -1.80353594
v -7.18021720 -5.10499668 -1.86272096
v -7.21648544 -5.12007666 -1.82317781
v -7.15360778 -5.28956699 -1.75063753
v -7.06397766 -5.38378716 -1.66099214
v -7.15446800 -5.32696104 -1.68612718
v -7.08859962 -5.06600714 1.73437834
v -7.13687080 -5.08666992 1.71568632
v -7.26101821 -5.13769674 1.54639387
v -7.24387306 -5.13116026 1.59902144
v -7.03936714 -5.37769794 1.51324416
v -7.13974708 -5.33272886 1.52086211
v -7.15460723 -5.28395987 1.57992125
v -7.15840095 -5.23298120 1.62961912
v -7.21648544 -5.12007666 1.64628172
v -7.18021720 -5.10499668 1.68582487
v -7.53301566 -4.77427006 -1.91644716
v -7.53301566 -4.82627010 -1.89744615
v -7.53301566 -4.95886993 -1.72859621
v -7.53301566 -4.94078016 -1.78092241
v -7.33316558 -4.95323658 -1.84750795
v -7.53301566 -4.87281370 -1.86747026
v -7.53301566 -4.91161823 -1.82798052
v -7.53301566 -4.77427006 1.73955489
v -7.53301566 -4.82627010 1.72055388
v -7.53301566 -4.94078016 1.60402632
v -7.53301566 -4.95886993 1.55170393
v -7.33316558 -4.95323658 1.67061186
v -7.53301566 -4.91161823 1.65108824
v -7.53301566 -4.87281370 1.69057417
v -7.55301612 -4.77427006 -1.91644716
v -7.55301612 -4.82627010 -1.89744615
v -7.55301612 -4.87281370 -1.86747026
v -7.55301612 -4.91161823 -1.82798052
v -7.55301612 -4.94078016 -1.78092241
v -7.55301612 -4.95886993 -1.72859621
v -7.55301612 -4.95886993 1.55170393
v -7.55301612 -4.94078016 1.60402632
v -7.55301612 -4.91161823 1.65108824
v -7.55301612 -4.87281370 1.69057417
v -7.55301612 -4.82627010 1.72055388
v -7.55301612 -4.77427006 1.73955489
v -7.99779266 -5.06684160 -1.91125917
v -7.94948333 -5.08741426 -1.89256715
v -7.82523483 -5.13820791 -1.72327470
v -7.84239334 -5.13170385 -1.77590227
v -7.75315421 -4.95342445 -1.84750032
v -7.90610069 -5.10565948 -1.86270570
v -7.86980194 -5.12067175 -1.82316255
v -7.99779266 -5.06684160 1.73436308
v -7.94948333 -5.08741426 1.71567107
v -7.84239334 -5.13170385 1.59900999
v -7.82523483 -5.13820791 1.54637862
v -7.75315421 -4.95342445 1.67060805
v -7.86980194 -5.12067175 1.64627028
v -7.90610069 -5.10565948 1.68581343
v -8.07683319 -5.41350985 -1.53794908
v -7.85476058 -5.26050997 -1.53794908
v -7.88259834 -5.31007051 -1.53794908
v -8.04643577 -5.37862349 -1.69012117
v -8.02060645 -5.40515327 -1.53794908
v -7.96772140 -5.38431120 -1.53794908
v -7.94613975 -5.33346653 -1.69773912
v -7.92091316 -5.35206127 -1.53794908
v -7.93137306 -5.28467035 -1.75679826
v -7.92767661 -5.23368502 -1.80649995
v -8.07683319 -5.41350985 1.36105681
v -7.85476058 -5.26050997 1.36105681
v -7.88259834 -5.31007051 1.36105681
v -7.92865890 -5.23806906 1.62662459
v -7.93236106 -5.29027939 1.57373000
v -8.02181381 -5.38466644 1.48408079
v -8.02060645 -5.40515327 1.36105681
v -7.96772140 -5.38431120 1.36105681
v -7.93143028 -5.32767105 1.50921583
v -7.92091316 -5.35206127 1.36105681
v -8.94296783 -5.11763525 -1.54193926
v -8.94296783 -5.11763525 1.36504317
v -8.98106712 -5.07900810 -1.54193926
v -8.98106712 -5.07900810 1.36504317
v -9.00993675 -5.03307104 -1.54193926
v -9.00993675 -5.03307104 1.36504317
v -9.02821678 -4.98198700 1.36504317
v -9.02821678 -4.98198700 -1.54193926
v -9.03130287 -4.78347588 -1.72808122
v -9.01280731 -4.78407526 -1.78090715
v -8.89605659 -4.78407526 -1.89765596
v -8.84323448 -4.78347588 -1.91615343
v -8.99073165 -5.00545073 -1.70964479
v -8.98847717 -4.98539925 -1.73648119
v -8.98585838 -4.96273756 -1.76079607
v -8.98258918 -4.93492794 -1.78472566
v -8.94344657 -4.78438234 -1.86787080
v -8.98302406 -4.78438234 -1.82829332
v -9.03130287 -4.78347588 1.55118895
v -9.01280731 -4.78407526 1.60401106
v -8.84323448 -4.78347588 1.73925734
v -8.89605659 -4.78407526 1.72075987
v -8.98167175 -4.92704582 1.61380339
v -8.98302406 -4.78438234 1.65140105
v -8.94344657 -4.78438234 1.69097853
v -8.98474639 -4.95323801 1.59276533
v -8.98699325 -4.97253561 1.57403517
v -8.98948806 -4.99419355 1.54858351
v -8.99126953 -5.00973415 1.52619124
v -8.84626907 -4.60958004 -1.91918611
v -8.89909309 -4.61017942 -1.90069246
v -8.94648116 -4.61048651 -1.87090730
v -8.98605865 -4.61048651 -1.83132982
v -9.01584190 -4.61017942 -1.78393984
v -9.03433746 -4.60958004 -1.73111772
v -9.03433746 -4.60958004 1.55422545
v -9.01584190 -4.61017942 1.60704756
v -8.98605865 -4.61048651 1.65443755
v -8.94648116 -4.61048651 1.69401503
v -8.89909309 -4.61017942 1.72379637
v -8.84626907 -4.60958004 1.74229384
v -9.02036422 -4.24542332 -1.92564821
v -9.05392211 -4.28540134 -1.90676546
v -9.14060729 -4.38657045 -1.73774385
v -9.12852424 -4.37297201 -1.79018449
v -9.02817291 -4.41447639 -1.85648012
v -9.08408683 -4.32110929 -1.87683153
v -9.10936874 -4.35078716 -1.83732271
v -8.98379272 -4.50796795 -1.85445451
v -9.02036422 -4.24542332 1.74875212
v -9.05392211 -4.28540134 1.72986937
v -9.14060729 -4.38657045 1.56085158
v -9.12852424 -4.37297201 1.61329222
v -8.98379272 -4.50796795 1.67755843
v -9.02817291 -4.41447639 1.67958784
v -9.10936874 -4.35078716 1.66043043
v -9.08408683 -4.32110929 1.69993544
v -9.16064590 -4.36971331 -1.73801469
v -9.14841216 -4.35624647 -1.79045915
v -9.12901634 -4.33426666 -1.83759737
v -9.07286399 -4.26946974 -1.90704012
v -9.10341209 -4.30485773 -1.87710619
v -9.03887885 -4.22984648 -1.92591905
v -9.10394042 -4.33135986 -1.85825395
v -9.11043876 -4.32589531 -1.85834551
v -9.16064590 -4.36971331 1.56112242
v -9.14841216 -4.35624647 1.61356688
v -9.12901634 -4.33426666 1.66070509
v -9.07286399 -4.26946974 1.73014403
v -9.10341209 -4.30485773 1.70021391
v -9.03887885 -4.22984648 1.74902296
v -9.11043876 -4.32589531 1.68145323
v -9.10394042 -4.33135986 1.68135786
v -9.26807159 -4.24339628 -1.86010408
v -9.18804687 -4.27296019 -1.85946321
v -9.56578010 -4.16339636 1.75020171
v -9.54279655 -4.21013689 1.73125410
v -9.49164909 -4.31284952 1.61470366
v -9.48333496 -4.32896471 1.56233168
v -9.30742782 -4.23607969 1.68336821
v -9.50479644 -4.28674603 1.66179991
v -9.52212852 -4.25193834 1.70129347
v -9.85430091 -4.37528992 -1.55430650
v -9.58606475 -4.40314436 -1.55430650
v -9.63941711 -4.42275715 -1.55430650
v -9.80764907 -4.36880302 -1.70692491
v -9.80611556 -4.40544653 -1.55430650
v -9.75236267 -4.42393875 -1.55430650
v -9.70211738 -4.39924765 -1.71435976
v -9.69582313 -4.42981005 -1.55430650
v -9.65884536 -4.37165165 -1.77328920
v -9.62247413 -4.33525085 -1.82278871
v -9.85430091 -4.37528992 1.37741042
v -9.58606475 -4.40314436 1.37741042
v -9.63941711 -4.42275715 1.37741042
v -9.62611335 -4.33796120 1.64292479
v -9.66329711 -4.37529469 1.59021712
v -9.79304450 -4.38926601 1.50079298
v -9.80611556 -4.40544653 1.37741042
v -9.75236267 -4.42393875 1.37741042
v -9.68727630 -4.40435743 1.52579832
v -9.69582313 -4.42981005 1.37741042
v -24.77623695 -4.40314436 -1.55484056
v -16.51172012 -4.37528992 7.76758147
v -15.14702361 -4.37528992 7.86199522
v -16.50508445 -4.40544653 7.71985579
v -15.14702361 -4.40544653 7.81380797
v -16.49768203 -4.42393875 7.66661406
v -15.14702361 -4.42393875 7.76005888
v -16.48989623 -4.42981005 7.61061430
v -15.14702361 -4.42981005 7.70351744
v -16.48212951 -4.42275715 7.55474425
v -15.14702361 -4.42275715 7.64711333
v -16.47478240 -4.40314436 7.50189925
v -15.14702361 -4.40314436 7.59376097
v -17.85041374 -4.37528992 7.48613692
v -17.83726829 -4.40544653 7.43977690
v -17.82260841 -4.42393875 7.38806486
v -17.80718177 -4.42981005 7.33366728
v -17.79179710 -4.42275715 7.27940321
v -17.77724021 -4.40314436 7.22807265
v -19.13759559 -4.37528992 7.02302122
v -19.11819404 -4.40544653 6.97891569
v -19.09654945 -4.42393875 6.92971373
v -19.07378333 -4.42981005 6.87795973
v -19.05107063 -4.42275715 6.82633162
v -19.02958625 -4.40314436 6.77749586
v -20.34874290 -4.37528992 6.38706541
v -20.32345146 -4.40544653 6.34605360
v -20.29523795 -4.42393875 6.30030012
v -20.26555961 -4.42981005 6.25217390
v -20.23595374 -4.42275715 6.20416594
v -20.20794624 -4.40314436 6.15875197
v -21.46077293 -4.37528992 5.59038496
v -21.43007224 -4.40544653 5.55324507
v -21.39582771 -4.42393875 5.51181364
v -21.35980552 -4.42981005 5.46823454
v -21.32387107 -4.42275715 5.42475844
v -21.28987831 -4.40314436 5.38363600
v -22.45249885 -4.37528992 4.64815855
v -22.41697639 -4.40544653 4.61560011
v -22.37735313 -4.42393875 4.57927656
v -22.33567375 -4.42981005 4.54107619
v -22.29409355 -4.42275715 4.50295973
v -22.25476020 -4.40314436 4.46691084
v -23.30502265 -4.37528992 3.57833815
v -23.26535743 -4.40544653 3.55098296
v -23.22111076 -4.42393875 3.52046538
v -23.17456382 -4.42981005 3.48836470
v -23.12813133 -4.42275715 3.45634032
v -23.08421272 -4.40314436 3.42604781
v -24.00210517 -4.37528992 2.40131331
v -23.95904868 -4.40544653 2.37967635
v -23.91101783 -4.42393875 2.35554457
v -23.86049980 -4.42981005 2.33015776
v -23.81010002 -4.42275715 2.30483580
v -23.76242393 -4.40314436 2.28087950
v -24.53045982 -4.37528992 1.13950682
v -24.48483222 -4.40544653 1.12400771
v -24.43393653 -4.42393875 1.10671568
v -24.38040107 -4.42981005 1.08853102
v -24.32699531 -4.42275715 1.07038832
v -24.27647727 -4.40314436 1.05322600
v -24.88001579 -4.37528992 -0.18303728
v -25.04412025 -4.37528992 -1.54111910
v -24.99599784 -4.40544653 -1.54358339
v -24.83269447 -4.40544653 -0.19210863
v -24.94231742 -4.42393875 -1.54633379
v -24.77990287 -4.42393875 -0.20222139
v -24.88585227 -4.42981005 -1.54922533
v -24.72437232 -4.42981005 -0.21286440
v -24.82952064 -4.42275715 -1.55211305
v -24.66897529 -4.42275715 -0.22347688
v -24.61657279 -4.40314436 -0.23352098
v 3.48126179 -4.40314436 7.59376097
v 3.48126179 -4.42275715 7.64711333
v 3.48126179 -4.42981005 7.70351744
v 3.48126179 -4.42393875 7.76005888
v 3.48126179 -4.40544653 7.81380797
v 3.48126179 -4.37528992 7.86199522
v -24.75821250 -4.16107893 -1.92726564
v -24.73585075 -4.20758677 -1.90869188
v -24.68572944 -4.31054831 -1.79424715
v -24.67736381 -4.32716608 -1.74265337
v -25.00198310 -4.36940145 -1.69908952
v -24.89687293 -4.39872456 -1.71114397
v -24.85451454 -4.37047720 -1.77212190
v -24.69871467 -4.28416443 -1.84054231
v -24.71569389 -4.24928427 -1.87931490
v 3.85405308 -4.16339636 7.57347441
v 3.83510453 -4.21013689 7.55049086
v 3.66618020 -4.32896471 7.49102736
v 3.71855504 -4.31284952 7.49934340
v 3.74677617 -4.33796120 7.63380766
v 3.80514580 -4.25193834 7.52982283
v 3.76564843 -4.28674603 7.51249266
v 3.69406659 -4.37529469 7.67098952
v 3.60464436 -4.38926601 7.80073881
v 3.62964684 -4.40435743 7.69497252
v -24.23487037 -4.23056078 -1.92569780
v -24.26932472 -4.27078485 -1.90620851
v -24.35675376 -4.37067747 -1.73254060
v -24.50173515 -4.23670721 -1.85981035
v -24.30017799 -4.30656433 -1.87533235
v -24.42195838 -4.31070185 -1.78509187
v -24.34503501 -4.35781670 -1.78622865
v -24.32585090 -4.33607674 -1.83464861
v 3.85287434 -4.22984648 7.04657317
v 3.83399541 -4.26946974 7.08055830
v 3.66497094 -4.36971331 7.16834212
v 3.71741540 -4.35624647 7.15610838
v 3.78721863 -4.23607969 7.31512022
v 3.80406338 -4.30485773 7.11110640
v 3.76455361 -4.33426666 7.13671065
v -24.33667320 -4.38753319 -1.73232698
v -24.32509178 -4.37454033 -1.78599977
v -24.30614417 -4.35259438 -1.83440447
v -24.25033515 -4.28671455 -1.90594148
v -24.28079551 -4.32281351 -1.87507295
v -24.21631568 -4.24613667 -1.92543077
v -24.30073112 -4.33315659 -1.85593080
v 3.66470200 -4.38657045 7.14830351
v 3.71714265 -4.37297201 7.13621855
v 3.76427895 -4.35078716 7.11706496
v 3.80378777 -4.32110929 7.09178114
v 3.83372075 -4.28540134 7.06161833
v 3.85260350 -4.24542332 7.02805662
v 3.78530175 -4.32589531 7.11813307
v 3.78521020 -4.33135986 7.11163283
v -24.04268211 -4.60964251 -1.91884660
v -24.09674018 -4.61028671 -1.89936876
v -24.21394676 -4.61028671 -1.77711534
v -24.23113197 -4.60964251 -1.72228288
v -24.22588294 -4.41598845 -1.85342455
v -24.18469566 -4.61061764 -1.82658052
v -24.14492744 -4.61061764 -1.86806154
v 3.84614331 -4.60958004 6.85396529
v 3.82764680 -4.61017942 6.90678740
v 3.65807397 -4.60958004 7.04203368
v 3.71089799 -4.61017942 7.02353621
v 3.78140980 -4.50796795 6.99148894
v 3.79786355 -4.61048651 6.95417738
v 3.75828606 -4.61048651 6.99375487
v 3.78343636 -4.41447639 7.03586912
v -24.22804588 -4.78002071 -1.71923494
v -24.21087211 -4.78066540 -1.77408266
v -24.03958839 -4.78002071 -1.91587114
v -24.09366172 -4.78066540 -1.89638185
v -24.16395896 -4.72424555 -1.84646272
v -24.18162483 -4.78099632 -1.82356691
v -24.14185279 -4.78099632 -1.86506319
v 3.65503842 -4.78347588 7.03899718
v 3.70786244 -4.78407526 7.02050352
v 3.75525052 -4.78438234 6.99071837
v 3.79482800 -4.78438234 6.95114088
v 3.82461220 -4.78407526 6.90375090
v 3.84310776 -4.78347588 6.85092879
v -24.21591514 -4.98198700 -1.52455949
v -24.13080543 -5.11763525 -1.52947282
v -24.18545097 -5.00730228 -1.69888734
v -24.19766563 -5.03307104 -1.52561235
v -24.16884178 -5.07900810 -1.52727556
v -24.18413871 -4.98724604 -1.72672701
v -24.18231910 -4.96434879 -1.75216722
v -24.17977470 -4.93606663 -1.77731371
v 3.46889454 -4.98198700 7.03591109
v 3.46889454 -5.11763525 6.95066023
v 3.71765286 -4.92704582 6.98936415
v 3.69661385 -4.95323801 6.99243880
v 3.67788369 -4.97253561 6.99468947
v 3.65243489 -4.99419355 6.99718428
v 3.63003976 -5.00973415 6.99896574
v 3.46889454 -5.07900810 6.98876143
v 3.46889454 -5.03307104 7.01763106
v -15.14702361 -4.98198700 7.03591109
v -23.94998496 -5.11763525 -0.18121385
v -23.98725456 -5.07900810 -0.17330980
v -24.01549858 -5.03307104 -0.16732073
v -24.03337806 -4.98198700 -0.16352892
v -23.56799644 -5.11763525 1.12438536
v -23.60365241 -5.07900810 1.13781691
v -23.63066810 -5.03307104 1.14799452
v -23.64777320 -4.98198700 1.15443755
v -22.99357170 -5.11763525 2.35748625
v -23.02679389 -5.07900810 2.37613631
v -23.05196708 -5.03307104 2.39027357
v -23.06790489 -4.98198700 2.39921904
v -22.23983711 -5.11763525 3.48990965
v -22.26987022 -5.07900810 3.51335860
v -22.29262489 -5.03307104 3.53112364
v -22.30702918 -4.98198700 3.54237318
v -21.32401603 -5.11763525 4.49578047
v -21.35016960 -5.07900810 4.52348662
v -21.36998695 -5.03307104 4.54447890
v -21.38253349 -4.98198700 4.55777312
v -20.26703971 -5.11763525 5.35210753
v -20.28871864 -5.07900810 5.38343764
v -20.30514472 -5.03307104 5.40718031
v -20.31554359 -4.98198700 5.42221403
v -19.09305900 -5.11763525 6.03932524
v -19.10976737 -5.07900810 6.07356978
v -19.12242835 -5.03307104 6.09951353
v -19.13044303 -4.98198700 6.11594344
v -17.82890647 -5.11763525 6.54173231
v -17.84025901 -5.07900810 6.57810164
v -17.84886497 -5.03307104 6.60565901
v -17.85431236 -4.98198700 6.62310744
v -16.50346321 -5.11763525 6.84784270
v -15.14702361 -5.11763525 6.95066023
v -16.50920623 -5.07900810 6.88550520
v -15.14702361 -5.07900810 6.98876143
v -15.14702361 -5.03307104 7.01763106
v -16.51355689 -5.03307104 6.91404677
v -16.51631301 -4.98198700 6.93211699
v -23.19254249 -5.06509161 -1.91162538
v -23.14545387 -5.08527994 -1.89391374
v -23.02086204 -5.13669395 -1.73224306
v -23.03910774 -5.12963390 -1.78279924
v -22.74658912 -4.77427006 -1.91644716
v -22.74658912 -4.82627010 -1.89744615
v -22.74658912 -4.94078016 -1.78092241
v -22.74658912 -4.95886993 -1.72859621
v -22.94794792 -4.95129108 -1.84981203
v -23.10290092 -5.10330820 -1.86558199
v -23.06689018 -5.11832809 -1.82795000
v -22.74658912 -4.91161823 -1.82798052
v -22.74658912 -4.87281370 -1.86747026
v -22.72656577 -4.76746368 -1.91787386
v -22.72656577 -4.81359339 -1.90305757
v -22.72656577 -4.86401415 -1.87419176
v -22.72656577 -4.90634346 -1.83442735
v -22.72656577 -4.93814373 -1.78582048
v -22.72656577 -4.95808935 -1.73124361
v -23.26354926 -5.41350985 -1.53690004
v -23.04191535 -5.26050997 -1.55086183
v -23.06969779 -5.31007051 -1.54911089
v -23.23749488 -5.37791443 -1.69081545
v -23.20743507 -5.40515327 -1.54043626
v -23.15465110 -5.38431120 -1.54375887
v -23.13909095 -5.33146715 -1.70361375
v -23.10793632 -5.35206127 -1.54670381
v -23.12631935 -5.28200817 -1.76233339
v -22.28218025 -5.06804800 -1.91083955
v -22.33181327 -5.08918810 -1.89099168
v -22.45515769 -5.13947630 -1.71292925
v -22.52723258 -4.95554972 -1.84496355
v -22.37605232 -5.10778713 -1.85934877
v -22.48795646 -5.05708027 -1.76709795
v -22.43939918 -5.13361406 -1.76789903
v -22.41255897 -5.12286139 -1.81758165
v -23.03718894 -5.25383091 -1.51736879
v -23.26206153 -5.41350985 -1.51382875
v -23.25848716 -5.41321659 -1.50248384
v -23.26281303 -5.41350985 -1.52536440
v -23.20595878 -5.40515327 -1.51752138
v -23.19977516 -5.40338326 -1.50643205
v -23.20670265 -5.40515327 -1.52897691
v -23.15318626 -5.38431120 -1.52099657
v -23.14498466 -5.38013363 -1.51011705
v -23.15392631 -5.38431120 -1.53237581
v -23.10647910 -5.35206127 -1.52407121
v -23.09741920 -5.34431696 -1.51331758
v -23.10721534 -5.35206127 -1.53538561
v -23.06824821 -5.31007051 -1.52658891
v -23.05972618 -5.29815388 -1.51585054
v -23.06898063 -5.31007051 -1.53784990
v -23.04046958 -5.26050997 -1.52841615
v -23.04119819 -5.26050997 -1.53963899
v -22.19334739 -5.41252756 -1.53921938
v -22.24944251 -5.40427685 -1.53517198
v -22.41513008 -5.25994492 -1.52320528
v -22.38727134 -5.30945301 -1.52521562
v -22.35221046 -5.24069738 -1.79827165
v -22.34685462 -5.29274464 -1.74383592
v -22.33024925 -5.33790684 -1.68548631
v -22.34897941 -5.35137224 -1.52798128
v -22.30223030 -5.38353395 -1.53135729
v -16.36526817 -5.41350937 5.99276686
v -15.14702361 -5.41350937 6.08452940
v -16.35684532 -5.40515280 5.93717528
v -15.14702361 -5.40515280 6.02830077
v -16.34892410 -5.38431072 5.88488722
v -15.14702361 -5.38431072 5.97541762
v -16.34191078 -5.35206032 5.83860350
v -15.14702361 -5.35206032 5.92860747
v -16.33617156 -5.31006908 5.80072356
v -15.14702361 -5.31006908 5.89029265
v -16.33200210 -5.26050806 5.77319670
v -15.14702361 -5.26050806 5.86245299
v -17.55602210 -5.41350937 5.71955061
v -17.53936714 -5.40515280 5.66584730
v -17.52370017 -5.38431072 5.61533308
v -17.50983375 -5.35206032 5.57062483
v -17.49848503 -5.31006908 5.53403044
v -17.49023765 -5.26050806 5.50744200
v -18.69241279 -5.41350937 5.27104140
v -18.66789955 -5.40515280 5.22043944
v -18.64484352 -5.38431072 5.17284346
v -18.62443870 -5.35206032 5.13071776
v -18.60773414 -5.31006908 5.09623671
v -18.59559959 -5.26050806 5.07118178
v -19.74879402 -5.41350937 4.65736723
v -19.71697944 -5.40515280 4.61100722
v -19.68705314 -5.38431072 4.56740523
v -19.66056770 -5.35206032 4.52880812
v -19.63888496 -5.31006908 4.49721861
v -19.62313407 -5.26050806 4.47426558
v -20.70133155 -5.41350937 3.89237547
v -20.66292899 -5.40515280 3.85130263
v -20.62681144 -5.38431072 3.81267500
v -20.59484046 -5.35206032 3.77848006
v -20.56867164 -5.31006908 3.75049544
v -20.54965919 -5.26050806 3.73015929
v -21.52852577 -5.41350937 2.99332381
v -21.48440498 -5.40515280 2.95846892
v -21.44290489 -5.38431072 2.92568541
v -21.40617698 -5.35206032 2.89666701
v -21.37610954 -5.31006908 2.87291670
v -21.35426658 -5.26050806 2.85565901
v -22.21171134 -5.41350937 1.98050642
v -22.16286796 -5.40515280 1.95265532
v -22.11692375 -5.38431072 1.92645598
v -22.07626289 -5.35206032 1.90327025
v -22.04297965 -5.31006908 1.88429213
v -22.01879829 -5.26050806 1.87050200
v -22.73546928 -5.41350937 0.87677718
v -22.68300575 -5.40515280 0.85655547
v -22.63365882 -5.38431072 0.83753920
v -22.58998054 -5.35206032 0.82070113
v -22.55422920 -5.31006908 0.80692244
v -22.52825492 -5.26050806 0.79691267
v -23.08798164 -5.41350937 -0.29295396
v -23.03308051 -5.40515280 -0.30508852
v -22.98144096 -5.38431072 -0.31650209
v -22.93573326 -5.35206032 -0.32660341
v -22.89832252 -5.31006908 -0.33487367
v -22.87114280 -5.26050806 -0.34088182
v -15.14702361 -5.25994492 5.23895979
v -22.01153129 -5.41252756 -0.37830019
v -22.06618064 -5.40427685 -0.36500978
v -22.11760276 -5.38353395 -0.35250139
v -22.16314643 -5.35137224 -0.34141969
v -22.20045417 -5.30945301 -0.33234834
v -22.22759193 -5.25994492 -0.32574510
v -21.63980049 -5.41252756 0.73642302
v -21.69148963 -5.40427685 0.75859022
v -21.74013084 -5.38353395 0.77944899
v -21.78320640 -5.35137224 0.79792357
v -21.81849235 -5.30945301 0.81305647
v -21.84416526 -5.25994492 0.82406569
v -21.08844703 -5.41252756 1.77411223
v -21.13574546 -5.40427685 1.80453825
v -21.18025535 -5.38353395 1.83317137
v -21.21967262 -5.35137224 1.85853148
v -21.25196403 -5.30945301 1.87930250
v -21.27545112 -5.25994492 1.89441634
v -20.37271446 -5.41252756 2.70605421
v -20.41431754 -5.40427685 2.74390364
v -20.45346397 -5.38353395 2.77951765
v -20.48813194 -5.35137224 2.81105757
v -20.51653236 -5.30945301 2.83689452
v -20.53719276 -5.25994492 2.85569334
v -19.51240867 -5.41252756 3.50647307
v -19.54716056 -5.40427685 3.55069304
v -19.57986396 -5.38353395 3.59230376
v -19.60882896 -5.35137224 3.62915373
v -19.63255256 -5.30945301 3.65934325
v -19.64981025 -5.25994492 3.68130064
v -18.53133338 -5.41252756 4.15321684
v -18.55827659 -5.40427685 4.20258665
v -18.58362907 -5.38353395 4.24904204
v -18.60608238 -5.35137224 4.29018355
v -18.62447303 -5.30945301 4.32388640
v -18.63785499 -5.25994492 4.34840346
v -17.45662635 -5.41252756 4.62839842
v -17.47501319 -5.40427685 4.68155241
v -17.49231666 -5.38353395 4.73156691
v -17.50764030 -5.35137224 4.77586317
v -17.52019065 -5.30945301 4.81214476
v -17.52932304 -5.25994492 4.83854246
v -16.31802314 -5.41252756 4.91887236
v -15.14702361 -5.41252756 5.01659727
v -16.32734626 -5.40427685 4.97433424
v -15.14702361 -5.40427685 5.07283736
v -16.33611816 -5.38353395 5.02652693
v -15.14702361 -5.38353395 5.12576247
v -16.34388679 -5.35137224 5.07274962
v -15.14702361 -5.35137224 5.17263365
v -16.35025161 -5.30945301 5.11061049
v -15.14702361 -5.30945301 5.21102858
v -16.35488075 -5.25994492 5.13815642
v 3.46490723 -5.26050806 5.86245299
v 3.46490723 -5.31006908 5.89029265
v 3.46490723 -5.35206032 5.92860747
v 3.46490723 -5.38431072 5.97541762
v 3.46490723 -5.40515280 6.02830077
v 3.46490723 -5.41350937 6.08452940
v 3.46492344 -5.25994492 5.23895979
v 3.46492344 -5.30945301 5.21102858
v 3.46492344 -5.35137224 5.17263365
v 3.46492344 -5.38353395 5.12576247
v 3.46492344 -5.40427685 5.07283736
v 3.46492344 -5.41252756 5.01659727
v 3.83821446 -5.06684065 6.00548888
v 3.81952149 -5.08741283 5.95717955
v 3.65022999 -5.13820553 5.83293104
v 3.70285946 -5.13170147 5.85008955
v 3.73047692 -5.23806763 5.93635512
v 3.78966195 -5.10565805 5.91379500
v 3.75011975 -5.12066984 5.87749815
v 3.67757947 -5.29027796 5.94005537
v 3.58793122 -5.38466597 6.02951002
v 3.61306626 -5.32767010 5.93912459
v 3.83822877 -5.06600714 5.09629393
v 3.81953580 -5.08666992 5.14456511
v 3.65024525 -5.13769674 5.26871443
v 3.70287377 -5.13116026 5.25156737
v 3.61709267 -5.37769794 5.04706145
v 3.62471348 -5.33272886 5.14744139
v 3.68377167 -5.28395987 5.16229964
v 3.73346955 -5.23298120 5.16609526
v 3.75013310 -5.12007666 5.22418166
v 3.78967625 -5.10499668 5.18791151
v 3.84340436 -4.77426767 5.56240034
v 3.82440430 -4.82626820 5.56240034
v 3.65555340 -4.95886755 5.56240034
v 3.70787770 -4.94077778 5.56240034
v 3.77446705 -4.95303679 5.76026869
v 3.79442555 -4.87281179 5.56240034
v 3.75493771 -4.91161585 5.56240034
v 3.84340436 -4.77427006 5.54070998
v 3.82440430 -4.82627010 5.54070998
v 3.70787770 -4.94078016 5.54070998
v 3.65555436 -4.95886993 5.54070998
v 3.77446229 -4.95323658 5.34085799
v 3.75493771 -4.91161823 5.54070998
v 3.79442555 -4.87281370 5.54070998
v -15.14702361 -4.39811850 3.50814009
v 3.48135049 -4.39811850 3.50814009
v -15.14702361 -4.41759920 3.45473814
v 3.48135049 -4.41759920 3.45473814
v -15.14702361 -4.42451239 3.39831496
v 3.48135049 -4.42451239 3.39831496
v -15.14702361 -4.41850090 3.34178877
v 3.48135049 -4.41850090 3.34178877
v -15.14702361 -4.39987612 3.28808165
v 3.48135049 -4.39987612 3.28808165
v -15.14702361 -4.36959982 3.23997450
v 3.48135049 -4.36959982 3.23997450
v -20.68118614 -4.39811850 -1.55352831
v -20.23733085 -4.36959982 -0.61550951
v -20.41408485 -4.36959982 -1.57740068
v -20.28364128 -4.39987612 -0.60247469
v -20.46200508 -4.39987612 -1.57311678
v -20.33533805 -4.41850090 -0.58792543
v -20.51549858 -4.41850090 -1.56833696
v -20.38975089 -4.42451239 -0.57261324
v -20.57179969 -4.42451239 -1.56330537
v -20.44406455 -4.41759920 -0.55732774
v -20.62799781 -4.41759920 -1.55828523
v -20.49546760 -4.39811850 -0.54286241
v -19.88646644 -4.36959982 0.29737807
v -19.92958396 -4.39987612 0.31871748
v -19.97771781 -4.41850090 0.34254027
v -20.02838081 -4.42451239 0.36761046
v -20.07894843 -4.41759920 0.39263487
v -20.12681144 -4.39811850 0.41632033
v -19.37348884 -4.36959982 1.13004256
v -19.41194099 -4.39987612 1.15895796
v -19.45486778 -4.41850090 1.19123412
v -19.50004524 -4.42451239 1.22520781
v -19.54513877 -4.41759920 1.25911665
v -19.58782142 -4.39811850 1.29120970
v -18.71595329 -4.36959982 1.85400343
v -18.74842018 -4.39987612 1.88950301
v -18.78466743 -4.41850090 1.92913390
v -18.82281822 -4.42451239 1.97084380
v -18.86089652 -4.41759920 2.01247740
v -18.89693778 -4.39811850 2.05188322
v -17.93633979 -4.36959982 2.44449187
v -17.96171897 -4.39987612 2.48536635
v -17.99004691 -4.41850090 2.53099394
v -18.01986259 -4.42451239 2.57901335
v -18.04962486 -4.41759920 2.62694884
v -18.07779258 -4.39811850 2.67231703
v -17.06132453 -4.36959982 2.88131667
v -17.07873863 -4.39987612 2.92616606
v -17.09818214 -4.41850090 2.97623015
v -17.11864417 -4.42451239 3.02891875
v -17.13906806 -4.41759920 3.08151579
v -17.15840095 -4.39811850 3.13129378
v -16.12082618 -4.36959982 3.14953566
v -16.12968582 -4.39987612 3.19682265
v -16.13957733 -4.41850090 3.24961043
v -16.14998573 -4.42451239 3.30517149
v -16.16037696 -4.41759920 3.36062575
v -16.17021125 -4.39811850 3.41311598
v 3.85413987 -4.15841913 3.52902937
v 3.83519131 -4.20521593 3.55189848
v 3.66626793 -4.32419157 3.61105681
v 3.71864182 -4.30805492 3.60278273
v 3.63397271 -4.36322927 3.28664351
v 3.64140469 -4.39393377 3.39209700
v 3.70033604 -4.36644459 3.43543959
v 3.74983269 -4.33013296 3.47190428
v 3.76573521 -4.28191900 3.58970213
v 3.80523163 -4.24706841 3.57245970
v -20.70611518 -4.16256380 -1.92687654
v -20.73002571 -4.20981121 -1.90723467
v -20.79063743 -4.32743025 -1.73306322
v -20.78252738 -4.31222105 -1.78684663
v -20.65160316 -4.33545017 -1.82031679
v -20.75142616 -4.25187206 -1.87621355
v -20.76922935 -4.28659916 -1.83538866
v -20.59236854 -4.36270189 -1.78463411
v -20.61441749 -4.37151861 -1.77013445
v -20.63633674 -4.37762403 -1.75415086
v 3.85293824 -4.22617674 4.05576277
v 3.83406026 -4.26571608 4.02167464
v 3.71747929 -4.35230589 3.94590712
v 3.66503483 -4.36574173 3.93363905
v 3.78729397 -4.23174477 3.78719664
v 3.76461846 -4.33037472 3.96536208
v 3.80412823 -4.30102873 3.99103880
v -21.24088615 -4.22517300 -1.92630052
v -21.20756858 -4.26386690 -1.90831041
v -21.11929649 -4.36437798 -1.74612474
v -21.13225501 -4.35009003 -1.79671144
v -21.00380653 -4.23633099 -1.86139345
v -21.17745155 -4.29862785 -1.87975359
v -21.15194648 -4.32782507 -1.84196138
v -20.96842140 -4.23076105 -1.86100435
v -20.98438209 -4.27380753 -1.80782747
v 3.66476399 -4.38267756 3.95367003
v 3.71720559 -4.36910963 3.96578932
v 3.76434189 -4.34697199 3.98500014
v 3.83378464 -4.28172207 4.04061461
v 3.80385071 -4.31735611 4.01036024
v 3.85266549 -4.24182606 4.07427168
v 3.78527409 -4.32754850 3.99046660
v 3.78536660 -4.32205868 3.98397398
v -21.13930839 -4.38132143 -1.74573946
v -21.15209907 -4.36690617 -1.79634905
v -21.17154258 -4.34443712 -1.84162187
v -21.22647804 -4.27988338 -1.90801668
v -21.19673103 -4.31496859 -1.87943697
v -21.25938743 -4.24082804 -1.92602205
v -21.17050498 -4.31953192 -1.86180162
v 3.84621960 -4.60521841 4.24745131
v 3.82772309 -4.60581779 4.19462920
v 3.65815026 -4.60521841 4.05938292
v 3.71097333 -4.60581779 4.07787657
v 3.78350217 -4.41060972 4.06587935
v 3.78148038 -4.50389194 4.11001921
v 3.75836236 -4.60612488 4.10766173
v 3.79793984 -4.60612488 4.14723921
v -21.43366187 -4.60513783 -1.91972398
v -21.38258308 -4.60567856 -1.90255785
v -21.24665397 -4.60513783 -1.74337816
v -21.26678413 -4.60567856 -1.79336214
v -21.29913276 -4.50257206 -1.85939836
v -21.33636802 -4.60595560 -1.87484407
v -21.29716056 -4.60595560 -1.83787203
v 3.65508706 -4.78067875 4.06244612
v 3.70791108 -4.78127813 4.08093977
v 3.75529915 -4.78158569 4.11072493
v 3.79487759 -4.78158569 4.15030241
v 3.82466084 -4.78127813 4.19768858
v 3.84315640 -4.78067875 4.25051451
v -21.24964851 -4.78548002 -1.74032640
v -21.26979392 -4.78602028 -1.79028749
v -21.38558143 -4.78602028 -1.89942217
v -21.43664497 -4.78548002 -1.91657686
v -21.31676811 -4.66610432 -1.85638094
v -21.33937400 -4.78629732 -1.87172746
v -21.30017036 -4.78629732 -1.83477449
v 3.46893746 -4.97926331 4.06550932
v 3.46893746 -5.11474562 4.15045119
v 3.63663727 -5.00259209 4.10290480
v 3.46893746 -5.03025866 4.08372069
v 3.46893746 -5.07613707 4.11248350
v 3.66346985 -4.98253822 4.10517073
v 3.68778283 -4.95987749 4.10779906
v 3.71170289 -4.93207550 4.11108351
v -21.24155754 -4.97926331 -1.56579256
v -21.32623618 -5.11474562 -1.55909013
v -21.29915183 -4.92900372 -1.79606676
v -21.29535621 -4.95405340 -1.77592134
v -21.29240363 -4.97258520 -1.75795793
v -21.28925269 -4.99133348 -1.73617983
v -21.28648704 -5.00657988 -1.71473360
v -21.28838676 -5.07613707 -1.56208467
v -21.25971168 -5.03025866 -1.56435442
v -15.14702361 -4.97926331 4.06550932
v -15.14702361 -5.03025866 4.08372069
v -15.14702361 -5.07613707 4.11248350
v -15.14702361 -5.11474562 4.15045119
v -16.16978401 -5.11474562 4.06549406
v -16.16351837 -5.07613707 4.02804518
v -16.15877288 -5.03025866 3.99967528
v -16.15576881 -4.97926331 3.98171187
v -17.16450828 -5.11474562 3.81294203
v -17.15214866 -5.07613707 3.77704192
v -17.14278739 -5.03025866 3.74984312
v -17.13685935 -4.97926331 3.73262358
v -18.10392707 -5.11474562 3.39972258
v -18.08581489 -5.07613707 3.36635161
v -18.07209342 -5.03025866 3.34107161
v -18.06340354 -4.97926331 3.32506514
v -18.96228736 -5.11474562 2.83716154
v -18.93891853 -5.07613707 2.80723524
v -18.92121070 -5.03025866 2.78456450
v -18.91000312 -4.97926331 2.77021361
v -19.71606010 -5.11474562 2.14068175
v -19.68807166 -5.07613707 2.11502028
v -19.66686958 -5.03025866 2.09558440
v -19.65344566 -4.97926331 2.08327818
v -20.34458106 -5.11474562 1.32937193
v -20.31274360 -5.07613707 1.30868483
v -20.28862327 -5.03025866 1.29301024
v -20.27335304 -4.97926331 1.28308821
v -20.83062309 -5.11474562 0.42547942
v -20.79580634 -5.07613707 0.41032744
v -20.76943153 -5.03025866 0.39884901
v -20.75273460 -4.97926331 0.39158202
v -21.16085761 -5.11474562 -0.54621935
v -21.12401908 -5.07613707 -0.55542040
v -21.09611457 -5.03025866 -0.56238985
v -21.07844489 -4.97926331 -0.56679964
v 24.32745892 -4.98198700 -1.52455949
v 16.61500782 -5.11763525 6.84784270
v 15.25856835 -5.11763525 6.95066023
v 16.62075097 -5.07900810 6.88550520
v 15.25856835 -5.07900810 6.98876143
v 16.62510258 -5.03307104 6.91404677
v 15.25856835 -5.03307104 7.01763106
v 16.62785799 -4.98198700 6.93211699
v 15.25856835 -4.98198700 7.03591109
v 17.94044978 -5.11763525 6.54173231
v 17.95180470 -5.07900810 6.57810164
v 17.96040875 -5.03307104 6.60565901
v 17.96585638 -4.98198700 6.62310744
v 19.20460517 -5.11763525 6.03932524
v 19.22131259 -5.07900810 6.07356978
v 19.23397214 -5.03307104 6.09951353
v 19.24198777 -4.98198700 6.11594344
v 20.37858540 -5.11763525 5.35210753
v 20.40026337 -5.07900810 5.38343764
v 20.41668946 -5.03307104 5.40718031
v 20.42708975 -4.98198700 5.42221403
v 21.43556267 -5.11763525 4.49578047
v 21.46171576 -5.07900810 4.52348662
v 21.48153264 -5.03307104 4.54447890
v 21.49408013 -4.98198700 4.55777312
v 22.35138280 -5.11763525 3.48990965
v 22.38141352 -5.07900810 3.51335860
v 22.40416867 -5.03307104 3.53112364
v 22.41857630 -4.98198700 3.54237318
v 23.10511738 -5.11763525 2.35748625
v 23.13833958 -5.07900810 2.37613631
v 23.16351229 -5.03307104 2.39027357
v 23.17945105 -4.98198700 2.39921904
v 23.67954213 -5.11763525 1.12438536
v 23.71519620 -5.07900810 1.13781691
v 23.74221188 -5.03307104 1.14799452
v 23.75931794 -4.98198700 1.15443755
v 24.06152970 -5.11763525 -0.18121385
v 24.24235207 -5.11763525 -1.52947282
v 24.09880120 -5.07900810 -0.17330980
v 24.28038842 -5.07900810 -1.52727556
v 24.12704236 -5.03307104 -0.16732073
v 24.30921036 -5.03307104 -1.52561235
v 24.14492375 -4.98198700 -0.16352892
v 11.84544665 -5.11763525 6.95066023
v 11.84544665 -5.07900810 6.98876143
v 11.84544665 -5.03307104 7.01763106
v 11.84544665 -4.98198700 7.03591109
v 24.33958966 -4.78002071 -1.71923494
v 24.32241589 -4.78066540 -1.77408266
v 24.15113503 -4.78002071 -1.91587114
v 24.20520550 -4.78066540 -1.89638185
v 24.28940732 -4.91604662 -1.79198885
v 24.29317052 -4.78099632 -1.82356691
v 24.25339944 -4.78099632 -1.86506319
v 24.29202992 -4.94360495 -1.77119112
v 24.29400975 -4.96610165 -1.75041246
v 24.29562718 -4.98654795 -1.72760439
v 24.29699189 -5.00664806 -1.69981432
v 11.65930230 -4.78347588 7.03899718
v 11.60647852 -4.78407526 7.02050352
v 11.48972899 -4.78407526 6.90375090
v 11.47123319 -4.78347588 6.85092879
v 11.67774040 -5.00545073 6.99842406
v 11.65090424 -4.98539925 6.99617339
v 11.62658674 -4.96273756 6.99355269
v 11.60266096 -4.93492794 6.99028349
v 11.51951248 -4.78438234 6.95114088
v 11.55909020 -4.78438234 6.99071837
v 24.34267766 -4.60964251 -1.72228288
v 24.32549245 -4.61028671 -1.77711534
v 24.15422494 -4.60964251 -1.91884660
v 24.20828492 -4.61028671 -1.89936876
v 24.27652890 -4.66745234 -1.84746217
v 24.29624230 -4.61061764 -1.82658052
v 24.25647313 -4.61061764 -1.86806154
v 11.65626699 -4.60958004 7.04203368
v 11.60344321 -4.61017942 7.02353621
v 11.55605489 -4.61048651 6.99375487
v 11.51647717 -4.61048651 6.95417738
v 11.48669368 -4.61017942 6.90678740
v 11.46819765 -4.60958004 6.85396529
v 24.32786042 -4.24613667 -1.92543077
v 24.36187894 -4.28671455 -1.90594148
v 24.43663746 -4.37454033 -1.78599977
v 24.44821889 -4.38753319 -1.73232698
v 24.29357773 -4.50923586 -1.85088777
v 24.41768891 -4.35259438 -1.83440447
v 24.39233929 -4.32281351 -1.87507295
v 11.46173770 -4.24542332 7.02805662
v 11.48061997 -4.28540134 7.06161833
v 11.64963919 -4.38657045 7.14830351
v 11.59719855 -4.37297201 7.13621855
v 11.53090436 -4.41447639 7.03586912
v 11.51055342 -4.32110929 7.09178114
v 11.55006200 -4.35078716 7.11706496
v 11.53293068 -4.50796795 6.99148894
v 24.46830041 -4.37067747 -1.73254060
v 24.45657975 -4.35781670 -1.78622865
v 24.43739468 -4.33607674 -1.83464861
v 24.38087136 -4.27078485 -1.90620851
v 24.41172272 -4.30656433 -1.87533235
v 24.34641415 -4.23056078 -1.92569780
v 24.41879613 -4.32769299 -1.85601473
v 11.64936954 -4.36971331 7.16834212
v 11.59692556 -4.35624647 7.15610838
v 11.54978687 -4.33426666 7.13671065
v 11.48034555 -4.26946974 7.08055830
v 11.51027757 -4.30485773 7.11110640
v 11.46146661 -4.22984648 7.04657317
v 11.52913100 -4.33135986 7.11163283
v 11.52903921 -4.32589531 7.11813307
v 24.86975724 -4.16107893 -1.92726564
v 24.84739453 -4.20758677 -1.90869188
v 24.78891045 -4.32716608 -1.74265337
v 24.61298520 -4.23674870 -1.85980653
v 24.82723862 -4.24928427 -1.87931490
v 24.70967442 -4.28599834 -1.78948259
v 24.79727513 -4.31054831 -1.79424715
v 24.81025941 -4.28416443 -1.84054231
v 11.52728016 -4.24339628 7.27576781
v 11.52791983 -4.27296019 7.19573927
v 25.15566594 -4.37528992 -1.54111910
v 24.88778073 -4.40314436 -1.55484056
v 24.94106442 -4.42275715 -1.55211305
v 24.91988618 -4.32632875 -1.83005571
v 25.01679570 -4.34335661 -1.80379152
v 24.95446545 -4.36093426 -1.78706407
v 24.97219330 -4.37567759 -1.76312303
v 24.98130852 -4.38357639 -1.74803972
v 25.09829575 -4.38963175 -1.66986513
v 25.10754353 -4.40544653 -1.54358339
v 25.05386216 -4.42393875 -1.54633379
v 24.92001588 -4.38682604 -1.72370958
v 24.99817616 -4.40837193 -1.68597078
v 24.99739606 -4.42981005 -1.54922533
v 11.83307892 -4.37528992 7.86199522
v 11.83307892 -4.40314436 7.59376097
v 11.83307892 -4.42275715 7.64711333
v 11.68045885 -4.36880302 7.81534529
v 11.83307892 -4.40544653 7.81380797
v 11.83307892 -4.42393875 7.76005888
v 11.67302639 -4.39924765 7.70981169
v 11.83307892 -4.42981005 7.70351744
v 11.61409527 -4.37165165 7.66654158
v 11.56459767 -4.33525085 7.63016844
v 24.99156243 -4.37528992 -0.18303728
v 24.94423825 -4.40544653 -0.19210863
v 24.89144665 -4.42393875 -0.20222139
v 24.83591706 -4.42981005 -0.21286440
v 24.78052003 -4.42275715 -0.22347688
v 24.72811944 -4.40314436 -0.23352098
v 24.64200360 -4.37528992 1.13950682
v 24.59637887 -4.40544653 1.12400771
v 24.54548318 -4.42393875 1.10671568
v 24.49194771 -4.42981005 1.08853102
v 24.43854100 -4.42275715 1.07038832
v 24.38802201 -4.40314436 1.05322600
v 24.11364991 -4.37528992 2.40131331
v 24.07059437 -4.40544653 2.37967635
v 24.02256447 -4.42393875 2.35554457
v 23.97204358 -4.42981005 2.33015776
v 23.92164380 -4.42275715 2.30483580
v 23.87396962 -4.40314436 2.28087950
v 23.41656930 -4.37528992 3.57833815
v 23.37690312 -4.40544653 3.55098296
v 23.33265454 -4.42393875 3.52046538
v 23.28611046 -4.42981005 3.48836470
v 23.23967797 -4.42275715 3.45634032
v 23.19575698 -4.40314436 3.42604781
v 22.56404406 -4.37528992 4.64815855
v 22.52852303 -4.40544653 4.61560011
v 22.48889834 -4.42393875 4.57927656
v 22.44721800 -4.42981005 4.54107619
v 22.40563780 -4.42275715 4.50295973
v 22.36630684 -4.40314436 4.46691084
v 21.57231814 -4.37528992 5.59038496
v 21.54161889 -4.40544653 5.55324507
v 21.50737340 -4.42393875 5.51181364
v 21.47135121 -4.42981005 5.46823454
v 21.43541533 -4.42275715 5.42475844
v 21.40142399 -4.40314436 5.38363600
v 20.46028763 -4.37528992 6.38706541
v 20.43499571 -4.40544653 6.34605360
v 20.40678174 -4.42393875 6.30030012
v 20.37710435 -4.42981005 6.25217390
v 20.34749753 -4.42275715 6.20416594
v 20.31949288 -4.40314436 6.15875197
v 19.24914247 -4.37528992 7.02302122
v 19.22973925 -4.40544653 6.97891569
v 19.20809442 -4.42393875 6.92971373
v 19.18532712 -4.42981005 6.87795973
v 19.16261393 -4.42275715 6.82633162
v 19.14112980 -4.40314436 6.77749586
v 17.96195966 -4.37528992 7.48613692
v 17.94881517 -4.40544653 7.43977690
v 17.93415195 -4.42393875 7.38806486
v 17.91872818 -4.42981005 7.33366728
v 17.90334136 -4.42275715 7.27940321
v 17.88878709 -4.40314436 7.22807265
v 16.62326569 -4.37528992 7.76758147
v 15.25856835 -4.37528992 7.86199522
v 15.25856835 -4.40544653 7.81380797
v 16.61663014 -4.40544653 7.71985579
v 15.25856835 -4.42393875 7.76005888
v 16.60922808 -4.42393875 7.66661406
v 16.60144204 -4.42981005 7.61061430
v 15.25856835 -4.42981005 7.70351744
v 16.59367460 -4.42275715 7.55474425
v 15.25856835 -4.42275715 7.64711333
v 16.58632750 -4.40314436 7.50189925
v 15.25856835 -4.40314436 7.59376097
v 16.42956847 -5.41252756 4.91887236
v 15.25856835 -5.41252756 5.01659727
v 16.43889076 -5.40427685 4.97433424
v 15.25856835 -5.40427685 5.07283736
v 16.44766325 -5.38353395 5.02652693
v 15.25856835 -5.38353395 5.12576247
v 16.45543224 -5.35137224 5.07274962
v 15.25856835 -5.35137224 5.17263365
v 16.46179611 -5.30945301 5.11061049
v 15.25856835 -5.30945301 5.21102858
v 16.46642584 -5.25994492 5.13815642
v 15.25856835 -5.25994492 5.23895979
v 17.56817180 -5.41252756 4.62839842
v 17.58655864 -5.40427685 4.68155241
v 17.60386092 -5.38353395 4.73156691
v 17.61918384 -5.35137224 4.77586317
v 17.63173563 -5.30945301 4.81214476
v 17.64086706 -5.25994492 4.83854246
v 18.64287812 -5.41252756 4.15321684
v 18.66982061 -5.40427685 4.20258665
v 18.69517404 -5.38353395 4.24904204
v 18.71762711 -5.35137224 4.29018355
v 18.73601944 -5.30945301 4.32388640
v 18.74939973 -5.25994492 4.34840346
v 19.62395436 -5.41252756 3.50647307
v 19.65870768 -5.40427685 3.55069304
v 19.69141060 -5.38353395 3.59230376
v 19.72037274 -5.35137224 3.62915373
v 19.74409682 -5.30945301 3.65934325
v 19.76135594 -5.25994492 3.68130064
v 20.48425919 -5.41252756 2.70605421
v 20.52586085 -5.40427685 2.74390364
v 20.56500870 -5.38353395 2.77951765
v 20.59967858 -5.35137224 2.81105757
v 20.62807805 -5.30945301 2.83689452
v 20.64873845 -5.25994492 2.85569334
v 21.19999034 -5.41252756 1.77411223
v 21.24729020 -5.40427685 1.80453825
v 21.29180009 -5.38353395 1.83317137
v 21.33121831 -5.35137224 1.85853148
v 21.36350733 -5.30945301 1.87930250
v 21.38699776 -5.25994492 1.89441634
v 21.75134713 -5.41252756 0.73642302
v 21.80303628 -5.40427685 0.75859022
v 21.85167653 -5.38353395 0.77944899
v 21.89475304 -5.35137224 0.79792357
v 21.93003852 -5.30945301 0.81305647
v 21.95570857 -5.25994492 0.82406569
v 22.12307603 -5.41252756 -0.37830019
v 22.30489213 -5.41252756 -1.53921938
v 22.17772442 -5.40427685 -0.36500978
v 22.36098820 -5.40427685 -1.53517198
v 22.22914940 -5.38353395 -0.35250139
v 22.41377551 -5.38353395 -1.53135729
v 22.27469212 -5.35137224 -0.34141969
v 22.46052415 -5.35137224 -1.52798128
v 22.31199748 -5.30945301 -0.33234834
v 22.49881798 -5.30945301 -1.52521562
v 22.33913762 -5.25994492 -0.32574510
v 22.52667672 -5.25994492 -1.52320528
v 11.84941727 -5.25994492 5.23895979
v 11.84941727 -5.30945301 5.21102858
v 11.84941727 -5.35137224 5.17263365
v 11.84941727 -5.38353395 5.12576247
v 11.84941727 -5.40427685 5.07283736
v 11.84941727 -5.41252756 5.01659727
v 22.39372594 -5.06804800 -1.91083955
v 22.44335944 -5.08918810 -1.89099168
v 22.55094487 -5.13361406 -1.76789903
v 22.56670386 -5.13947630 -1.71292925
v 22.34021002 -5.37859964 -1.68911791
v 22.44240767 -5.33513832 -1.69068575
v 22.45962102 -5.28714705 -1.75018358
v 22.46483618 -5.23630953 -1.80132341
v 22.52410370 -5.12286139 -1.81758165
v 22.48759848 -5.10778713 -1.85934877
v 11.47611195 -5.06600714 5.09629393
v 11.49480516 -5.08666992 5.14456511
v 11.66409570 -5.13769674 5.26871443
v 11.61146742 -5.13116026 5.25156737
v 11.58384925 -5.23736334 5.16510344
v 11.52466494 -5.10499668 5.18791151
v 11.56420762 -5.12007666 5.22418166
v 11.63674599 -5.28956699 5.16130400
v 11.72639257 -5.38378716 5.07167387
v 11.70125777 -5.32696104 5.16216231
v 22.83811242 -4.76746368 -1.91787386
v 22.83811337 -4.81359339 -1.90305757
v 22.83811766 -4.93814373 -1.78582048
v 22.83811766 -4.95808935 -1.73124361
v 22.63851887 -4.95572329 -1.84495592
v 22.83811671 -4.90634346 -1.83442735
v 22.83811480 -4.86401415 -1.87419176
v 11.47093684 -4.77427006 5.54070998
v 11.48993689 -4.82627010 5.54070998
v 11.65878708 -4.95886993 5.54070998
v 11.60646302 -4.94078016 5.54070998
v 11.53987867 -4.95323658 5.34085799
v 11.51991564 -4.87281370 5.54070998
v 11.55940324 -4.91161823 5.54070998
v 22.85813529 -4.77427006 -1.91644716
v 22.85813529 -4.82627010 -1.89744615
v 22.85813529 -4.87281370 -1.86747026
v 22.85813529 -4.91161823 -1.82798052
v 22.85813529 -4.94078016 -1.78092241
v 22.85813529 -4.95886993 -1.72859621
v 11.65878708 -4.95886993 5.56071043
v 11.60646302 -4.94078016 5.56071043
v 11.55940324 -4.91161823 5.56071043
v 11.51991564 -4.87281370 5.56071043
v 11.48993689 -4.82627010 5.56071043
v 11.47093684 -4.77427006 5.56071043
v 23.30408627 -5.06509161 -1.91162538
v 23.25699813 -5.08527994 -1.89391374
v 23.15065104 -5.12963390 -1.78279924
v 23.13240534 -5.13669395 -1.73224306
v 23.05907733 -4.95102310 -1.84981584
v 23.17843396 -5.11832809 -1.82795000
v 23.21444708 -5.10330820 -1.86558199
v 11.47612673 -5.06684160 6.00548888
v 11.49481899 -5.08741426 5.95717955
v 11.66411096 -5.13820791 5.83293104
v 11.61148173 -5.13170385 5.85008955
v 11.53988272 -4.95342445 5.76084853
v 11.52467853 -5.10565948 5.91379500
v 11.56422145 -5.12067175 5.87749815
v 23.37509305 -5.41350985 -1.53690004
v 23.15345914 -5.26050997 -1.55086183
v 23.18124205 -5.31007051 -1.54911089
v 23.29507882 -5.21381760 -1.85823488
v 23.23783118 -5.28167057 -1.76270342
v 23.32397896 -5.38376474 -1.66302919
v 23.31897885 -5.40515327 -1.54043626
v 23.26619774 -5.38431120 -1.54375887
v 23.24103600 -5.30637455 -1.73333406
v 23.19149596 -5.26340055 -1.71734667
v 23.23634488 -5.33463860 -1.67485094
v 23.21948105 -5.35206127 -1.54670381
v 11.84943396 -5.41350985 6.08452940
v 11.84943396 -5.26050997 5.86245299
v 11.84943396 -5.31007051 5.89029265
v 11.69726545 -5.37862349 6.05413008
v 11.84943396 -5.40515327 6.02830077
v 11.84943396 -5.38431120 5.97541762
v 11.68964392 -5.33346653 5.95383406
v 11.84943396 -5.35206127 5.92860747
v 11.63058502 -5.28467035 5.93906737
v 11.58088643 -5.23368502 5.93537093
v 15.25856835 -5.41350985 6.08452940
v 15.25856835 -5.26050997 5.86245299
v 23.20620448 -5.41350985 -0.32344484
v 23.15125710 -5.40515327 -0.33536958
v 23.09957511 -5.38431120 -0.34658098
v 23.05382973 -5.35206127 -0.35651064
v 23.01638705 -5.31007051 -0.36463594
v 22.98918158 -5.26050997 -0.37053728
v 22.85694749 -5.41350985 0.85087157
v 22.80441481 -5.40515327 0.83082915
v 22.75500352 -5.38431120 0.81198073
v 22.71126896 -5.35206127 0.79529524
v 22.67547137 -5.31007051 0.78163481
v 22.64946181 -5.26050997 0.77171278
v 22.33524853 -5.41350985 1.95939970
v 22.28632266 -5.40515327 1.93169356
v 22.24030406 -5.38431120 1.90563536
v 22.19957215 -5.35206127 1.88256789
v 22.16623217 -5.31007051 1.86368895
v 22.14200837 -5.26050997 1.84997130
v 21.65294701 -5.41350985 2.97697783
v 21.60873849 -5.40515327 2.94223738
v 21.56715685 -5.38431120 2.90956068
v 21.53035218 -5.35206127 2.88063765
v 21.50022704 -5.31007051 2.85696364
v 21.47833878 -5.26050997 2.83976317
v 20.82552821 -5.41350985 3.88051558
v 20.78704030 -5.40515327 3.83953047
v 20.75083930 -5.38431120 3.80097533
v 20.71879679 -5.35206127 3.76685286
v 20.69256980 -5.31007051 3.73892165
v 20.67351395 -5.26050997 3.71862746
v 19.87176997 -5.41350985 4.64950896
v 19.83987576 -5.40515327 4.60320235
v 19.80987651 -5.38431120 4.55964995
v 19.78332383 -5.35206127 4.52109862
v 19.76159007 -5.31007051 4.48954726
v 19.74579913 -5.26050997 4.46662093
v 18.81331665 -5.41350985 5.26649809
v 18.78874022 -5.40515327 5.21593047
v 18.76562435 -5.38431120 5.16836500
v 18.74516374 -5.35206127 5.12626219
v 18.72841674 -5.31007051 5.09180022
v 18.71624858 -5.26050997 5.06676436
v 17.67418987 -5.41350985 5.71749068
v 17.65748912 -5.40515327 5.66380263
v 17.64178068 -5.38431120 5.61330366
v 17.62787682 -5.35206127 5.56860686
v 17.61649639 -5.31007051 5.53202010
v 17.60822755 -5.26050997 5.50543928
v 16.48024184 -5.41350985 5.99224425
v 16.47179562 -5.40515327 5.93665648
v 15.25856835 -5.40515327 6.02830077
v 16.46385128 -5.38431120 5.88437224
v 15.25856835 -5.38431120 5.97541762
v 16.45681948 -5.35206127 5.83809233
v 15.25856835 -5.35206127 5.92860747
v 16.45106393 -5.31007051 5.80021239
v 15.25856835 -5.31007051 5.89029265
v 16.44688207 -5.26050997 5.77269316
v 16.23237223 -4.36959982 3.14953566
v 15.25856835 -4.36959982 3.23997450
v 16.24123186 -4.39987612 3.19682265
v 15.25856835 -4.39987612 3.28808165
v 16.25112194 -4.41850090 3.24961043
v 15.25856835 -4.41850090 3.34178877
v 16.26153118 -4.42451239 3.30517149
v 15.25856835 -4.42451239 3.39831496
v 16.27192146 -4.41759920 3.36062575
v 15.25856835 -4.41759920 3.45473814
v 16.28175551 -4.39811850 3.41311598
v 15.25856835 -4.39811850 3.50814009
v 17.17286772 -4.36959982 2.88131667
v 17.19028396 -4.39987612 2.92616606
v 17.20972580 -4.41850090 2.97623015
v 17.23018831 -4.42451239 3.02891875
v 17.25061339 -4.41759920 3.08151579
v 17.26994521 -4.39811850 3.13129378
v 18.04788596 -4.36959982 2.44449187
v 18.07326299 -4.39987612 2.48536635
v 18.10159165 -4.41850090 2.53099394
v 18.13140732 -4.42451239 2.57901335
v 18.16116864 -4.41759920 2.62694884
v 18.18933684 -4.39811850 2.67231703
v 18.82749731 -4.36959982 1.85400343
v 18.85996706 -4.39987612 1.88950301
v 18.89621359 -4.41850090 1.92913390
v 18.93436295 -4.42451239 1.97084380
v 18.97244245 -4.41759920 2.01247740
v 19.00848371 -4.39811850 2.05188322
v 19.48503548 -4.36959982 1.13004256
v 19.52348763 -4.39987612 1.15895796
v 19.56641251 -4.41850090 1.19123412
v 19.61159045 -4.42451239 1.22520781
v 19.65668542 -4.41759920 1.25911665
v 19.69936711 -4.39811850 1.29120970
v 19.99801022 -4.36959982 0.29737807
v 20.04112965 -4.39987612 0.31871748
v 20.08926398 -4.41850090 0.34254027
v 20.13992507 -4.42451239 0.36761046
v 20.19049365 -4.41759920 0.39263487
v 20.23835570 -4.39811850 0.41632033
v 20.34887559 -4.36959982 -0.61550951
v 20.52563006 -4.36959982 -1.57740068
v 20.57354981 -4.39987612 -1.57311678
v 20.39518696 -4.39987612 -0.60247469
v 20.44688470 -4.41850090 -0.58792543
v 20.62704283 -4.41850090 -1.56833696
v 20.50129658 -4.42451239 -0.57261324
v 20.68334347 -4.42451239 -1.56330537
v 20.73954207 -4.41759920 -1.55828523
v 20.55560881 -4.41759920 -0.55732774
v 20.60701377 -4.39811850 -0.54286241
v 20.79273183 -4.39811850 -1.55352831
v 11.83299071 -4.39811850 3.50814009
v 11.83299071 -4.41759920 3.45473814
v 11.83299071 -4.42451239 3.39831496
v 11.83299071 -4.41850090 3.34178877
v 11.83299071 -4.39987612 3.28808165
v 11.83299071 -4.36959982 3.23997450
v 20.81766183 -4.16256380 -1.92687654
v 20.84156949 -4.20981121 -1.90723467
v 20.89407212 -4.31222105 -1.78684663
v 20.90218407 -4.32743025 -1.73306322
v 20.57936007 -4.36235189 -1.72031831
v 20.68298728 -4.39648676 -1.71535921
v 20.70381600 -4.36277580 -1.78451204
v 20.72585971 -4.37158155 -1.77002763
v 20.74780041 -4.37768650 -1.75404024
v 20.77501542 -4.34250784 -1.80823564
v 20.88077504 -4.28659916 -1.83538866
v 20.86297137 -4.25187206 -1.87621355
v 11.46020085 -4.15841913 3.52902937
v 11.47915012 -4.20521593 3.55189848
v 11.64807326 -4.32419157 3.61105681
v 11.59569890 -4.30805492 3.60278273
v 11.56747538 -4.33283424 3.46825743
v 11.50910932 -4.24706841 3.57245970
v 11.54860598 -4.28191900 3.58970213
v 11.62018448 -4.37007618 3.43098021
v 11.70960600 -4.38372755 3.30119658
v 11.68460399 -4.39908028 3.40692854
v 21.35243231 -4.22517300 -1.92630052
v 21.31911284 -4.26386690 -1.90831041
v 21.24379975 -4.35009003 -1.79671144
v 21.23084075 -4.36437798 -1.74612474
v 21.07944733 -4.23070478 -1.86100053
v 21.26349217 -4.32782507 -1.84196138
v 21.28899533 -4.29862785 -1.87975359
v 11.52707249 -4.23292875 3.68598891
v 11.52733928 -4.24526119 3.63255263
v 21.25085408 -4.38132143 -1.74573946
v 21.26364333 -4.36690617 -1.79634905
v 21.28308779 -4.34443712 -1.84162187
v 21.33802230 -4.27988338 -1.90801668
v 21.30827481 -4.31496859 -1.87943697
v 21.37093455 -4.24082804 -1.92602205
v 21.28853041 -4.32502651 -1.86169099
v 11.64957697 -4.38267756 3.95367003
v 11.59713537 -4.36910963 3.96578932
v 11.54999858 -4.34697199 3.98500014
v 11.51048977 -4.31735611 4.01036024
v 11.48055679 -4.28172207 4.04061461
v 11.46167499 -4.24182606 4.07427168
v 11.52897460 -4.32205868 3.98397398
v 11.52906686 -4.32754850 3.99046660
v 21.54520756 -4.60513783 -1.91972398
v 21.49412877 -4.60567856 -1.90255785
v 21.37833029 -4.60567856 -1.79336214
v 21.35819823 -4.60513783 -1.74337816
v 21.36529976 -4.40809727 -1.86083269
v 21.40870577 -4.60595560 -1.83787203
v 21.44791228 -4.60595560 -1.87484407
v 11.46812159 -4.60521841 4.24745131
v 11.48661763 -4.60581779 4.19462920
v 11.65619070 -4.60521841 4.05938292
v 11.60336715 -4.60581779 4.07787657
v 11.53286082 -4.50389194 4.11001921
v 11.51640088 -4.60612488 4.14723921
v 11.55597860 -4.60612488 4.10766173
v 11.53083903 -4.41060972 4.06587935
v 21.36119277 -4.78548002 -1.74032640
v 21.38133771 -4.78602028 -1.79028749
v 21.54819161 -4.78548002 -1.91657686
v 21.49712712 -4.78602028 -1.89942217
v 21.42931706 -4.72621822 -1.85534715
v 21.41171700 -4.78629732 -1.83477449
v 21.45092017 -4.78629732 -1.87172746
v 11.65925342 -4.78067875 4.06244612
v 11.60642988 -4.78127813 4.08093977
v 11.55904132 -4.78158569 4.11072493
v 11.51946360 -4.78158569 4.15030241
v 11.48968035 -4.78127813 4.19768858
v 11.47118432 -4.78067875 4.25051451
v 21.35310275 -4.97926331 -1.56579256
v 21.43778140 -5.11474562 -1.55909013
v 21.39924819 -5.00029421 -1.72405672
v 21.37125689 -5.03025866 -1.56435442
v 21.39993149 -5.07613707 -1.56208467
v 21.40267951 -4.98030376 -1.74949693
v 21.40627343 -4.95799780 -1.77230501
v 21.41042477 -4.93087101 -1.79460573
v 11.84540302 -4.97926331 4.06550932
v 11.84540302 -5.11474562 4.15045119
v 11.59666521 -4.92419195 4.11200285
v 11.61770207 -4.95038176 4.10891676
v 11.63642413 -4.96967268 4.10665846
v 11.66187054 -4.99133158 4.10415221
v 11.68426305 -5.00687313 4.10236311
v 11.84540302 -5.07613707 4.11248350
v 11.84540302 -5.03025866 4.08372069
v 21.27240283 -5.11474562 -0.54621935
v 21.23556620 -5.07613707 -0.55542040
v 21.20765883 -5.03025866 -0.56238985
v 21.18999058 -4.97926331 -0.56679964
v 20.94216687 -5.11474562 0.42547942
v 20.90735299 -5.07613707 0.41032744
v 20.88097817 -5.03025866 0.39884901
v 20.86427981 -4.97926331 0.39158202
v 20.45612628 -5.11474562 1.32937193
v 20.42428929 -5.07613707 1.30868483
v 20.40016991 -5.03025866 1.29301024
v 20.38490016 -4.97926331 1.28308821
v 19.82760483 -5.11474562 2.14068175
v 19.79961783 -5.07613707 2.11502028
v 19.77841479 -5.03025866 2.09558440
v 19.76499135 -4.97926331 2.08327818
v 19.07383186 -5.11474562 2.83716154
v 19.05046207 -5.07613707 2.80723524
v 19.03275735 -5.03025866 2.78456450
v 19.02154833 -4.97926331 2.77021361
v 18.21547133 -5.11474562 3.39972258
v 18.19735915 -5.07613707 3.36635161
v 18.18363768 -5.03025866 3.34107161
v 18.17495042 -4.97926331 3.32506514
v 17.27605278 -5.11474562 3.81294203
v 17.26369506 -5.07613707 3.77704192
v 17.25433284 -5.03025866 3.74984312
v 17.24840564 -4.97926331 3.73262358
v 16.28132910 -5.11474562 4.06549406
v 15.25856835 -5.11474562 4.15045119
v 16.27506429 -5.07613707 4.02804518
v 15.25856835 -5.07613707 4.11248350
v 16.27031821 -5.03025866 3.99967528
v 15.25856835 -5.03025866 4.08372069
v 16.26731342 -4.97926331 3.98171187
v 15.25856835 -4.97926331 4.06550932
v 9.14498097 -4.97926331 12.64862395
v 9.14498097 -4.97926331 -1.54198122
v 9.12677008 -5.03025866 12.64862395
v 9.12677008 -5.03025866 -1.54198122
v 9.09800583 -5.07613707 12.64862395
v 9.09800583 -5.07613707 -1.54198122
v 9.06003768 -5.11474562 -1.54198122
v 9.06003768 -5.11474562 12.64862395
v 9.14804608 -4.78067875 12.83477354
v 9.12955004 -4.78127813 12.88759566
v 9.01280076 -4.78127813 13.00434447
v 8.95997674 -4.78067875 13.02284193
v 9.10758597 -5.00259209 12.81632185
v 9.10532147 -4.98253822 12.84315443
v 9.10269219 -4.95987749 12.86746931
v 9.09940869 -4.93207550 12.89138747
v 9.06018883 -4.78158569 12.97456313
v 9.09976679 -4.78158569 12.93498564
v 9.14804608 -4.78067875 -1.72813081
v 9.12955004 -4.78127813 -1.78095674
v 8.95997674 -4.78067875 -1.91619920
v 9.01280076 -4.78127813 -1.89770555
v 9.09848601 -4.92419195 -1.79071855
v 9.09976679 -4.78158569 -1.82834291
v 9.06018883 -4.78158569 -1.86792040
v 9.10157448 -4.95038176 -1.76968431
v 9.10383135 -4.96967268 -1.75096178
v 9.10633713 -4.99133158 -1.72551393
v 9.10812718 -5.00687313 -1.70312166
v 8.96303946 -4.60521841 13.02590514
v 9.01586348 -4.60581779 13.00740767
v 9.06325156 -4.60612488 12.97762633
v 9.10282952 -4.60612488 12.93804884
v 9.13261277 -4.60581779 12.89065886
v 9.15110880 -4.60521841 12.83783675
v 8.96303946 -4.60521841 -1.91926241
v 9.01586348 -4.60581779 -1.90076875
v 9.06325156 -4.60612488 -1.87098360
v 9.10282952 -4.60612488 -1.83140611
v 9.13261277 -4.60581779 -1.78401613
v 9.15110880 -4.60521841 -1.73119402
v 9.13622004 -4.24182606 13.03235197
v 9.16987807 -4.28172207 13.01346922
v 9.25681883 -4.38267756 12.84444762
v 9.24470049 -4.36910963 12.89689207
v 9.14461285 -4.41060972 12.96318770
v 9.20013148 -4.31735611 12.98353529
v 9.22548873 -4.34697199 12.94402647
v 9.10047251 -4.50389194 12.96116591
v 9.13622004 -4.24182606 -1.92570924
v 9.16987807 -4.28172207 -1.90682649
v 9.25681883 -4.38267756 -1.73780870
v 9.24470049 -4.36910963 -1.79024934
v 9.10047251 -4.50389194 -1.85452318
v 9.14461285 -4.41060972 -1.85654497
v 9.22548873 -4.34697199 -1.83738756
v 9.20013148 -4.31735611 -1.87689638
v 9.27685124 -4.36574173 12.84471846
v 9.26458174 -4.35230589 12.89716292
v 9.24512869 -4.33037472 12.94430495
v 9.18881423 -4.26571608 13.01374388
v 9.21945101 -4.30102873 12.98381377
v 9.15472943 -4.22617674 13.03262282
v 9.22002226 -4.32754850 12.96495772
v 9.22651822 -4.32205868 12.96504927
v 9.22651822 -4.32205868 -1.85841036
v 9.22002226 -4.32754850 -1.85831880
v 9.68145949 -4.15841913 13.03382445
v 9.65859276 -4.20521593 13.01487685
v 9.59943444 -4.32419157 12.84595061
v 9.60770756 -4.30805492 12.89832640
v 9.42329270 -4.23174477 12.96697951
v 9.63803202 -4.24706841 12.98491621
v 9.62078768 -4.28191900 12.94541884
v 9.68145949 -4.15841913 -1.92718553
v 9.65859276 -4.20521593 -1.90823412
v 9.60770756 -4.30805492 -1.79168749
v 9.59943444 -4.32419157 -1.73931169
v 9.52449996 -4.23292875 -1.86031389
v 9.57793624 -4.24526119 -1.86004686
v 9.62078768 -4.28191900 -1.83877992
v 9.63803202 -4.24706841 -1.87827730
v 9.97051770 -4.36959982 12.66103316
v 9.70235163 -4.39811850 12.66103316
v 9.75575358 -4.41759920 12.66103316
v 9.92384822 -4.36322927 12.81365919
v 9.92240721 -4.39987612 12.66103316
v 9.86870104 -4.41850090 12.66103316
v 9.81839282 -4.39393377 12.82109022
v 9.81217581 -4.42451239 12.66103316
v 9.77504975 -4.36644459 12.88001967
v 9.73858697 -4.33013296 12.92951918
v 9.97051770 -4.36959982 -1.55439424
v 9.70235163 -4.39811850 -1.55439424
v 9.75575358 -4.41759920 -1.55439424
v 9.74223239 -4.33283424 -1.81990862
v 9.77951008 -4.37007618 -1.76720094
v 9.90929515 -4.38372755 -1.67778062
v 9.92240721 -4.39987612 -1.55439424
v 9.86870104 -4.41850090 -1.55439424
v 9.80356366 -4.39908028 -1.70278215
v 9.81217581 -4.42451239 -1.55439424
v 7.97153241 -5.25994492 12.64460707
v 7.97153241 -5.25994492 -1.53796816
v 7.99946410 -5.30945301 12.64460707
v 7.99946410 -5.30945301 -1.53796816
v 8.03785760 -5.35137224 -1.53796816
v 8.03785760 -5.35137224 12.64460707
v 8.08472783 -5.38353395 -1.53796816
v 8.08472783 -5.38353395 12.64460707
v 8.13765246 -5.40427685 -1.53796816
v 8.13765246 -5.40427685 12.64460707
v 8.19389445 -5.41252756 -1.53796816
v 8.19389445 -5.41252756 12.64460707
v 8.11419541 -5.06600714 -1.91127443
v 8.06592471 -5.08666992 -1.89257860
v 7.94177729 -5.13769674 -1.72328996
v 7.95892245 -5.13116026 -1.77591753
v 8.04538638 -5.23736334 -1.80353594
v 8.02257830 -5.10499668 -1.86272096
v 7.98631007 -5.12007666 -1.82317781
v 8.04918725 -5.28956699 -1.75063753
v 8.13881785 -5.38378716 -1.66099214
v 8.04832846 -5.32696104 -1.68612718
v 8.11419541 -5.06600714 13.01791334
v 8.06592471 -5.08666992 12.99922133
v 7.94177729 -5.13769674 12.82992888
v 7.95892245 -5.13116026 12.88255644
v 8.16342932 -5.37769794 12.79677916
v 8.06304843 -5.33272886 12.80439711
v 8.04818923 -5.28395987 12.86345625
v 8.04439551 -5.23298120 12.91315413
v 7.98631007 -5.12007666 12.92981673
v 8.02257830 -5.10499668 12.96935988
v 7.66977936 -4.77427006 -1.91644716
v 7.66977936 -4.82627010 -1.89744615
v 7.66977936 -4.95886993 -1.72859621
v 7.66977936 -4.94078016 -1.78092241
v 7.86963088 -4.95323658 -1.84750795
v 7.66977936 -4.87281370 -1.86747026
v 7.66977936 -4.91161823 -1.82798052
v 7.66977936 -4.77427006 13.02308989
v 7.66977936 -4.82627010 13.00408888
v 7.66977936 -4.94078016 12.88756132
v 7.66977936 -4.95886993 12.83523894
v 7.86963088 -4.95323658 12.95414687
v 7.66977936 -4.91161823 12.93462324
v 7.66977936 -4.87281370 12.97410918
v 7.64977938 -4.77427006 -1.91644716
v 7.64977938 -4.82627010 -1.89744615
v 7.64977938 -4.87281370 -1.86747026
v 7.64977938 -4.91161823 -1.82798052
v 7.64977938 -4.94078016 -1.78092241
v 7.64977938 -4.95886993 -1.72859621
v 7.64977938 -4.77427006 13.02308989
v 7.64977938 -4.82627010 13.00408888
v 7.64977938 -4.87281370 12.97410918
v 7.64977938 -4.91161823 12.93462324
v 7.64977938 -4.94078016 12.88756132
v 7.64977938 -4.95886993 12.83523894
v 7.20500237 -5.06684160 -1.91125917
v 7.25331265 -5.08741426 -1.89256715
v 7.37756116 -5.13820791 -1.72327470
v 7.36040312 -5.13170385 -1.77590227
v 7.44964224 -4.95342445 -1.84750032
v 7.29669530 -5.10565948 -1.86270570
v 7.33299357 -5.12067175 -1.82316255
v 7.20500237 -5.06684160 13.01789809
v 7.25331265 -5.08741426 12.99920607
v 7.36040312 -5.13170385 12.88254500
v 7.37756116 -5.13820791 12.82991362
v 7.44964224 -4.95342445 12.95414305
v 7.33299357 -5.12067175 12.92980528
v 7.29669530 -5.10565948 12.96934843
v 7.12596184 -5.41350985 -1.53794908
v 7.34803588 -5.26050997 -1.53794908
v 7.32019765 -5.31007051 -1.53794908
v 7.15635926 -5.37862349 -1.69012117
v 7.18218857 -5.40515327 -1.53794908
v 7.23507363 -5.38431120 -1.53794908
v 7.25665623 -5.33346653 -1.69773912
v 7.28188330 -5.35206127 -1.53794908
v 7.27142245 -5.28467035 -1.75679826
v 7.27511984 -5.23368502 -1.80649995
v 7.12596184 -5.41350985 12.64459181
v 7.34803588 -5.26050997 12.64459181
v 7.32019765 -5.31007051 12.64459181
v 7.27413756 -5.23806906 12.91015959
v 7.27043492 -5.29027939 12.85726500
v 7.18098218 -5.38466644 12.76761580
v 7.18218857 -5.40515327 12.64459181
v 7.23507363 -5.38431120 12.64459181
v 7.27136523 -5.32767105 12.79275084
v 7.28188330 -5.35206127 12.64459181
v 6.25982911 -5.11763525 12.64857817
v 6.25982911 -5.11763525 -1.54193926
v 6.22172886 -5.07900810 12.64857817
v 6.22172886 -5.07900810 -1.54193926
v 6.19285924 -5.03307104 12.64857817
v 6.19285924 -5.03307104 -1.54193926
v 6.17458016 -4.98198700 12.64857817
v 6.17458016 -4.98198700 -1.54193926
v 6.17149312 -4.78347588 -1.72808122
v 6.18998868 -4.78407526 -1.78090715
v 6.30673844 -4.78407526 -1.89765596
v 6.35956246 -4.78347588 -1.91615343
v 6.21206528 -5.00545073 -1.70964479
v 6.21431882 -4.98539925 -1.73648119
v 6.21693665 -4.96273756 -1.76079607
v 6.22020680 -4.93492794 -1.78472566
v 6.25935036 -4.78438234 -1.86787080
v 6.21977193 -4.78438234 -1.82829332
v 6.17149312 -4.78347588 12.83472395
v 6.18998868 -4.78407526 12.88754607
v 6.35956246 -4.78347588 13.02279234
v 6.30673844 -4.78407526 13.00429488
v 6.22112519 -4.92704582 12.89733839
v 6.21977193 -4.78438234 12.93493605
v 6.25935036 -4.78438234 12.97451353
v 6.21805054 -4.95323801 12.87630034
v 6.21580273 -4.97253561 12.85757017
v 6.21330792 -4.99419355 12.83211851
v 6.21152550 -5.00973415 12.80972624
v 6.35652691 -4.60958004 -1.91918611
v 6.30370289 -4.61017942 -1.90069246
v 6.25631482 -4.61048651 -1.87090730
v 6.21673733 -4.61048651 -1.83132982
v 6.18695408 -4.61017942 -1.78393984
v 6.16845757 -4.60958004 -1.73111772
v 6.35652691 -4.60958004 13.02582884
v 6.30370289 -4.61017942 13.00733137
v 6.25631482 -4.61048651 12.97755003
v 6.21673733 -4.61048651 12.93797255
v 6.18695408 -4.61017942 12.89058256
v 6.16845757 -4.60958004 12.83776045
v 6.18243271 -4.24542332 -1.92564821
v 6.14887387 -4.28540134 -1.90676546
v 6.06218773 -4.38657045 -1.73774385
v 6.07427174 -4.37297201 -1.79018449
v 6.17462308 -4.41447639 -1.85648012
v 6.11871010 -4.32110929 -1.87683153
v 6.09342724 -4.35078716 -1.83732271
v 6.21900326 -4.50796795 -1.85445451
v 6.18243271 -4.24542332 13.03228712
v 6.14887387 -4.28540134 13.01340437
v 6.06218773 -4.38657045 12.84438658
v 6.07427174 -4.37297201 12.89682722
v 6.21900326 -4.50796795 12.96109343
v 6.17462308 -4.41447639 12.96312285
v 6.09342724 -4.35078716 12.94396544
v 6.11871010 -4.32110929 12.98347044
v 6.04214913 -4.36971331 -1.73801469
v 6.05438286 -4.35624647 -1.79045915
v 6.07378060 -4.33426666 -1.83759737
v 6.12993104 -4.26946974 -1.90704012
v 6.09938389 -4.30485773 -1.87710619
v 6.16391617 -4.22984648 -1.92591905
v 6.09885651 -4.33135986 -1.85825395
v 6.09235818 -4.32589531 -1.85834551
v 6.04214913 -4.36971331 12.84465742
v 6.05438286 -4.35624647 12.89710188
v 6.07378060 -4.33426666 12.94424010
v 6.12993104 -4.26946974 13.01367903
v 6.09938389 -4.30485773 12.98374892
v 6.16391617 -4.22984648 13.03255797
v 6.09235818 -4.32589531 12.96498823
v 6.09885651 -4.33135986 12.96489287
v 5.93472344 -4.24339628 -1.86010408
v 6.01475007 -4.27296019 -1.85946321
v 5.63701588 -4.16339636 13.03373671
v 5.66000039 -4.21013689 13.01478911
v 5.71114594 -4.31284952 12.89823866
v 5.71946103 -4.32896471 12.84586668
v 5.89536912 -4.23607969 12.96690321
v 5.69799859 -4.28674603 12.94533491
v 5.68066651 -4.25193834 12.98482848
v 5.34849602 -4.37528992 -1.55430650
v 5.61673123 -4.40314436 -1.55430650
v 5.56337792 -4.42275715 -1.55430650
v 5.39514596 -4.36880302 -1.70692491
v 5.39668042 -4.40544653 -1.55430650
v 5.45043332 -4.42393875 -1.55430650
v 5.50067765 -4.39924765 -1.71435976
v 5.50697285 -4.42981005 -1.55430650
v 5.54395062 -4.37165165 -1.77328920
v 5.58032185 -4.33525085 -1.82278871
v 5.34849602 -4.37528992 12.66094542
v 5.61673123 -4.40314436 12.66094542
v 5.56337792 -4.42275715 12.66094542
v 5.57668263 -4.33796120 12.92645979
v 5.53949982 -4.37529469 12.87375212
v 5.40975052 -4.38926601 12.78432799
v 5.39668042 -4.40544653 12.66094542
v 5.45043332 -4.42393875 12.66094542
v 5.51551968 -4.40435743 12.80933333
v 5.50697285 -4.42981005 12.66094542
v -5.23227828 -4.36959982 12.66103316
v -5.52133697 -4.15841913 13.03382445
v -5.50044387 -4.39811850 12.66103316
v -5.44704193 -4.41759920 12.66103316
v -5.54420226 -4.20521593 13.01487685
v -5.60336250 -4.32419157 12.84595061
v -5.59508842 -4.30805492 12.89832640
v -5.27894729 -4.36322927 12.81365919
v -5.28038925 -4.39987612 12.66103316
v -5.33409446 -4.41850090 12.66103316
v -5.38440269 -4.39393377 12.82109022
v -5.39062065 -4.42451239 12.66103316
v -5.42774528 -4.36644459 12.88001967
v -5.46420806 -4.33013296 12.92951918
v -5.58200782 -4.28191900 12.94541884
v -5.56476348 -4.24706841 12.98491621
v -5.50044387 -4.39811850 9.72914076
v -5.44704193 -4.41759920 9.72914076
v -5.39062065 -4.42451239 9.72914076
v -5.33409446 -4.41850090 9.72914076
v -5.28038925 -4.39987612 9.72914076
v -5.23227828 -4.36959982 9.72914076
v -6.04806655 -4.22617674 13.03262282
v -6.01398223 -4.26571608 13.01374388
v -5.93821472 -4.35230589 12.89716292
v -5.92594474 -4.36574173 12.84471846
v -5.77950233 -4.23174477 12.96697951
v -5.95766776 -4.33037472 12.94430495
v -5.98334449 -4.30102873 12.98381377
v -5.52133697 -4.15841913 9.35634947
v -5.54420226 -4.20521593 9.37530089
v -5.60336250 -4.32419157 9.54422331
v -5.59508842 -4.30805492 9.49184752
v -5.46056312 -4.33283424 9.46362639
v -5.56476348 -4.24706841 9.40525771
v -5.58200782 -4.28191900 9.44475508
v -5.42328590 -4.37007618 9.51633406
v -5.29350036 -4.38372755 9.60575438
v -5.39923232 -4.39908028 9.58075285
v -5.94597762 -4.38267756 12.84444762
v -5.95809501 -4.36910963 12.89689207
v -5.97730773 -4.34697199 12.94402647
v -6.03291839 -4.28172207 13.01346922
v -6.00266403 -4.31735611 12.98353529
v -6.06657546 -4.24182606 13.03235197
v -5.98277419 -4.32754850 12.96495772
v -5.97627777 -4.32205868 12.96504927
v -5.67829650 -4.23292875 9.42322111
v -5.62486022 -4.24526119 9.42348814
v -6.23975700 -4.60521841 13.02590514
v -6.18693298 -4.60581779 13.00740767
v -6.05168670 -4.60521841 12.83783675
v -6.07018226 -4.60581779 12.89065886
v -6.05818313 -4.41060972 12.96318770
v -6.10232299 -4.50389194 12.96116591
v -6.09996551 -4.60612488 12.93804884
v -6.13954490 -4.60612488 12.97762633
v -5.94597762 -4.38267756 9.54572630
v -5.95809501 -4.36910963 9.49328566
v -5.97730773 -4.34697199 9.44614745
v -6.00266403 -4.31735611 9.40663863
v -6.03291839 -4.28172207 9.37670470
v -6.06657546 -4.24182606 9.35782576
v -5.97627777 -4.32205868 9.42512465
v -5.98277419 -4.32754850 9.42521620
v -6.24281829 -4.78067875 13.02284193
v -6.18999427 -4.78127813 13.00434447
v -6.14260620 -4.78158569 12.97456313
v -6.10302871 -4.78158569 12.93498564
v -6.07324546 -4.78127813 12.88759566
v -6.05474990 -4.78067875 12.83477354
v -6.23975700 -4.60521841 9.36427260
v -6.18693298 -4.60581779 9.38276625
v -6.05168670 -4.60521841 9.55234099
v -6.07018226 -4.60581779 9.49951506
v -6.10232299 -4.50389194 9.42901182
v -6.13954490 -4.60612488 9.41255141
v -6.09996551 -4.60612488 9.45212889
v -6.05818313 -4.41060972 9.42699004
v -6.05781501 -4.97926331 12.64862395
v -6.14275878 -5.11474562 12.64862395
v -6.09521049 -5.00259209 12.81632185
v -6.07602638 -5.03025866 12.64862395
v -6.10478919 -5.07613707 12.64862395
v -6.09747451 -4.98253822 12.84315443
v -6.10010284 -4.95987749 12.86746931
v -6.10338729 -4.93207550 12.89138747
v -6.05474990 -4.78067875 9.55540419
v -6.07324546 -4.78127813 9.50257826
v -6.10302871 -4.78158569 9.45519209
v -6.14260620 -4.78158569 9.41561461
v -6.18999427 -4.78127813 9.38582945
v -6.24281829 -4.78067875 9.36733580
v -6.05781501 -4.97926331 9.74155379
v -6.07602638 -5.03025866 9.74155379
v -6.10478919 -5.07613707 9.74155379
v -6.14275878 -5.11474562 9.74155379
v -6.10431045 -4.92419195 9.49281645
v -6.10122245 -4.95038176 9.51385069
v -6.09896415 -4.96967268 9.53257323
v -6.09645980 -4.99133158 9.55802107
v -6.09466880 -5.00687313 9.58041334
v -7.23126357 -5.25994492 12.64460707
v -7.23126357 -5.25994492 9.74556685
v -7.20333236 -5.30945301 12.64460707
v -7.20333236 -5.30945301 9.74556685
v -7.16493934 -5.35137224 12.64460707
v -7.16493934 -5.35137224 9.74556685
v -7.11806816 -5.38353395 12.64460707
v -7.11806816 -5.38353395 9.74556685
v -7.06514305 -5.40427685 12.64460707
v -7.06514305 -5.40427685 9.74556685
v -7.00890106 -5.41252756 12.64460707
v -7.00890106 -5.41252756 9.74556685
v -7.08859962 -5.06600714 9.37226057
v -7.13687080 -5.08666992 9.39095641
v -7.26101821 -5.13769674 9.56024504
v -7.24387306 -5.13116026 9.50761748
v -7.15740913 -5.23736334 9.47999907
v -7.18021720 -5.10499668 9.42081404
v -7.21648544 -5.12007666 9.46035719
v -7.15360778 -5.28956699 9.53289748
v -7.06397766 -5.38378716 9.62254286
v -7.15446800 -5.32696104 9.59740782
v -7.08859962 -5.06600714 13.01791334
v -7.13687080 -5.08666992 12.99922133
v -7.26101821 -5.13769674 12.82992888
v -7.24387306 -5.13116026 12.88255644
v -7.03936714 -5.37769794 12.79677916
v -7.13974708 -5.33272886 12.80439711
v -7.15460723 -5.28395987 12.86345625
v -7.15840095 -5.23298120 12.91315413
v -7.21648544 -5.12007666 12.92981673
v -7.18021720 -5.10499668 12.96935988
v -7.53301566 -4.77427006 9.36708784
v -7.53301566 -4.82627010 9.38608504
v -7.53301566 -4.95886993 9.55493498
v -7.53301566 -4.94078016 9.50261259
v -7.33316558 -4.95323658 9.43602705
v -7.53301566 -4.87281370 9.41606474
v -7.53301566 -4.91161823 9.45555449
v -7.53301566 -4.77427006 13.02308989
v -7.53301566 -4.82627010 13.00408888
v -7.53301566 -4.94078016 12.88756132
v -7.53301566 -4.95886993 12.83523894
v -7.33316558 -4.95323658 12.95414687
v -7.53301566 -4.91161823 12.93462324
v -7.53301566 -4.87281370 12.97410918
v -7.55301612 -4.95886993 9.55493498
v -7.55301612 -4.94078016 9.50261259
v -7.55301612 -4.91161823 9.45555449
v -7.55301612 -4.87281370 9.41606474
v -7.55301612 -4.82627010 9.38608504
v -7.55301612 -4.77427006 9.36708784
v -7.55301612 -4.77427006 13.02308989
v -7.55301612 -4.82627010 13.00408888
v -7.55301612 -4.87281370 12.97410918
v -7.55301612 -4.91161823 12.93462324
v -7.55301612 -4.94078016 12.88756132
v -7.55301612 -4.95886993 12.83523894
v -7.99779266 -5.06684160 9.37227583
v -7.94948333 -5.08741426 9.39096785
v -7.82523483 -5.13820791 9.56026030
v -7.84239334 -5.13170385 9.50763274
v -7.75315421 -4.95342445 9.43603087
v -7.90610069 -5.10565948 9.42082930
v -7.86980194 -5.12067175 9.46037245
v -7.99779266 -5.06684160 13.01789809
v -7.94948333 -5.08741426 12.99920607
v -7.84239334 -5.13170385 12.88254500
v -7.82523483 -5.13820791 12.82991362
v -7.75315421 -4.95342445 12.95414305
v -7.86980194 -5.12067175 12.92980528
v -7.90610069 -5.10565948 12.96934843
v -8.07683319 -5.41350985 9.74558211
v -7.85476058 -5.26050997 9.74558211
v -7.88259834 -5.31007051 9.74558211
v -8.04643577 -5.37862349 9.59341383
v -8.02060645 -5.40515327 9.74558211
v -7.96772140 -5.38431120 9.74558211
v -7.94613975 -5.33346653 9.58579207
v -7.92091316 -5.35206127 9.74558211
v -7.93137306 -5.28467035 9.52673292
v -7.92767661 -5.23368502 9.47703505
v -8.07683319 -5.41350985 12.64459181
v -7.85476058 -5.26050997 12.64459181
v -7.88259834 -5.31007051 12.64459181
v -7.92865890 -5.23806906 12.91015959
v -7.93236106 -5.29027939 12.85726500
v -8.02181381 -5.38466644 12.76761580
v -8.02060645 -5.40515327 12.64459181
v -7.96772140 -5.38431120 12.64459181
v -7.93143028 -5.32767105 12.79275084
v -7.92091316 -5.35206127 12.64459181
v -9.85430091 -4.37528992 9.72922850
v -9.58606475 -4.40314436 9.72922850
v -9.63941711 -4.42275715 9.72922850
v -9.80764907 -4.36880302 9.57661009
v -9.80611556 -4.40544653 9.72922850
v -9.75236267 -4.42393875 9.72922850
v -9.70211738 -4.39924765 9.56917525
v -9.69582313 -4.42981005 9.72922850
v -9.65884536 -4.37165165 9.51024580
v -9.62247413 -4.33525085 9.46074629
v -9.58606475 -4.40314436 12.66094542
v -9.63941711 -4.42275715 12.66094542
v -9.69582313 -4.42981005 12.66094542
v -9.75236267 -4.42393875 12.66094542
v -9.80611556 -4.40544653 12.66094542
v -9.85430091 -4.37528992 12.66094542
v -9.03887885 -4.22984648 9.35761595
v -9.07286399 -4.26946974 9.37649489
v -9.16064590 -4.36971331 9.54552031
v -9.14841216 -4.35624647 9.49307585
v -9.26807159 -4.24339628 9.42343092
v -9.18804687 -4.27296019 9.42406798
v -9.12901634 -4.33426666 9.44593764
v -9.10341209 -4.30485773 9.40642882
v -9.56578010 -4.16339636 13.03373671
v -9.54279655 -4.21013689 13.01478911
v -9.48333496 -4.32896471 12.84586668
v -9.49164909 -4.31284952 12.89823866
v -9.62611335 -4.33796120 12.92645979
v -9.52212852 -4.25193834 12.98482848
v -9.50479644 -4.28674603 12.94533491
v -9.66329711 -4.37529469 12.87375212
v -9.79304450 -4.38926601 12.78432799
v -9.68727630 -4.40435743 12.80933333
v -9.14060729 -4.38657045 9.54578734
v -9.12852424 -4.37297201 9.49334669
v -9.10936874 -4.35078716 9.44621229
v -9.05392211 -4.28540134 9.37676955
v -9.08408683 -4.32110929 9.40670348
v -9.02036422 -4.24542332 9.35788679
v -9.10394042 -4.33135986 9.42528105
v -9.11043876 -4.32589531 9.42518950
v -9.03887885 -4.22984648 13.03255797
v -9.07286399 -4.26946974 13.01367903
v -9.16064590 -4.36971331 12.84465742
v -9.14841216 -4.35624647 12.89710188
v -9.30742782 -4.23607969 12.96690321
v -9.10341209 -4.30485773 12.98374892
v -9.12901634 -4.33426666 12.94424010
v -8.84626907 -4.60958004 9.36434889
v -8.89909309 -4.61017942 9.38284254
v -9.03433746 -4.60958004 9.55241728
v -9.01584190 -4.61017942 9.49959135
v -9.02817291 -4.41447639 9.42705489
v -8.98379272 -4.50796795 9.42908049
v -8.98605865 -4.61048651 9.45220518
v -8.94648116 -4.61048651 9.41262770
v -9.14060729 -4.38657045 12.84438658
v -9.12852424 -4.37297201 12.89682722
v -9.10936874 -4.35078716 12.94396544
v -9.08408683 -4.32110929 12.98347044
v -9.05392211 -4.28540134 13.01340437
v -9.02036422 -4.24542332 13.03228712
v -9.11043876 -4.32589531 12.96498823
v -9.10394042 -4.33135986 12.96489287
v -9.03130287 -4.78347588 9.55545378
v -9.01280731 -4.78407526 9.50262785
v -8.98302406 -4.78438234 9.45524168
v -8.94344657 -4.78438234 9.41566038
v -8.89605659 -4.78407526 9.38587904
v -8.84323448 -4.78347588 9.36738158
v -8.84626907 -4.60958004 13.02582884
v -8.89909309 -4.61017942 13.00733137
v -9.03433746 -4.60958004 12.83776045
v -9.01584190 -4.61017942 12.89058256
v -8.98379272 -4.50796795 12.96109343
v -8.94648116 -4.61048651 12.97755003
v -8.98605865 -4.61048651 12.93797255
v -9.02817291 -4.41447639 12.96312285
v -9.02821678 -4.98198700 9.74159575
v -8.94296783 -5.11763525 9.74159575
v -8.99073165 -5.00545073 9.57389021
v -9.00993675 -5.03307104 9.74159575
v -8.98106712 -5.07900810 9.74159575
v -8.98847717 -4.98539925 9.54705382
v -8.98585838 -4.96273756 9.52273512
v -8.98258918 -4.93492794 9.49880934
v -8.84323448 -4.78347588 13.02279234
v -8.89605659 -4.78407526 13.00429488
v -8.94344657 -4.78438234 12.97451353
v -8.98302406 -4.78438234 12.93493605
v -9.01280731 -4.78407526 12.88754607
v -9.03130287 -4.78347588 12.83472395
v -8.94296783 -5.11763525 12.64857817
v -8.98106712 -5.07900810 12.64857817
v -9.00993675 -5.03307104 12.64857817
v -9.02821678 -4.98198700 12.64857817
v -8.98167175 -4.92704582 12.89733839
v -8.98474639 -4.95323801 12.87630034
v -8.98699325 -4.97253561 12.85757017
v -8.98948806 -4.99419355 12.83211851
v -8.99126953 -5.00973415 12.80972624
v 5.63288075 3.25841904 9.35634947
v 5.65574795 3.30521607 9.37530089
v 5.71490628 3.42419171 9.54422331
v 5.34382302 3.46959996 9.72914076
v 5.70663315 3.40805507 9.49184752
v 5.61198956 3.49811864 9.72914076
v 5.55858761 3.51759911 9.72914076
v 5.57210786 3.43283439 9.46362639
v 5.67630917 3.34706831 9.40525771
v 5.69355351 3.38191891 9.44475508
v 5.53483063 3.47007632 9.51633406
v 5.40504605 3.48372769 9.60575438
v 5.39193398 3.49987602 9.72914076
v 5.44564015 3.51850104 9.72914076
v 5.51077706 3.49908018 9.58075285
v 5.50216538 3.52451229 9.72914076
v 5.34382302 3.46959996 12.66103316
v 5.39193398 3.49987602 12.66103316
v 5.44564015 3.51850104 12.66103316
v 5.50216538 3.52451229 12.66103316
v 5.55858761 3.51759911 12.66103316
v 5.61198956 3.49811864 12.66103316
v 6.15961129 3.32617664 9.35755110
v 6.12552697 3.36571598 9.37643004
v 6.03748948 3.46574163 9.54545546
v 6.04975945 3.45230579 9.49301100
v 5.89104802 3.33174491 9.42319823
v 6.09489018 3.40102887 9.40636397
v 6.06921250 3.43037462 9.44587279
v 5.39049298 3.46322918 12.81365919
v 5.49594838 3.49393392 12.82109022
v 5.53929097 3.46644449 12.88001967
v 5.57575375 3.43013287 12.92951918
v 6.05752236 3.48267746 9.54572630
v 6.06964070 3.46910954 9.49328566
v 6.08885247 3.44697189 9.44614745
v 6.11420972 3.41735601 9.40663863
v 6.14446313 3.38172197 9.37670470
v 6.17812115 3.34182620 9.35782576
v 6.08782250 3.42205858 9.42512465
v 6.09431893 3.42754865 9.42521620
v 6.15961129 3.32617664 13.03262282
v 6.12552697 3.36571598 13.01374388
v 6.03748948 3.46574163 12.84471846
v 6.04975945 3.45230579 12.89716292
v 5.92979962 3.33901882 12.96682310
v 6.01006657 3.36878514 12.96617842
v 6.06921250 3.43037462 12.94430495
v 6.09489018 3.40102887 12.98381377
v 6.35130173 3.70521855 9.36427260
v 6.29847771 3.70581794 9.38276625
v 6.16323239 3.70521855 9.55234099
v 6.18172795 3.70581794 9.49951506
v 6.21386773 3.60389209 9.42901182
v 6.25108964 3.70612502 9.41255141
v 6.21151120 3.70612502 9.45212889
v 6.16972787 3.51060963 9.42699004
v 6.05752236 3.48267746 12.84444762
v 6.06964070 3.46910954 12.89689207
v 6.08885247 3.44697189 12.94402647
v 6.14446313 3.38172197 13.01346922
v 6.11420972 3.41735601 12.98353529
v 6.17812115 3.34182620 13.03235197
v 6.09431893 3.42754865 12.96495772
v 6.08782250 3.42205858 12.96504927
v 6.16629464 3.88067889 9.55540419
v 6.18479115 3.88127828 9.50257826
v 6.21457440 3.88158584 9.45519209
v 6.25415188 3.88158584 9.41561461
v 6.30153996 3.88127828 9.38582945
v 6.35436398 3.88067889 9.36733580
v 6.35130173 3.70521855 13.02590514
v 6.29847771 3.70581794 13.00740767
v 6.16323239 3.70521855 12.83783675
v 6.18172795 3.70581794 12.89065886
v 6.16972787 3.51060963 12.96318770
v 6.21386773 3.60389209 12.96116591
v 6.21151120 3.70612502 12.93804884
v 6.25108964 3.70612502 12.97762633
v 6.16935975 4.07926369 9.74155379
v 6.25430352 4.21474600 9.74155379
v 6.21585518 4.02419233 9.49281645
v 6.21276623 4.05038214 9.51385069
v 6.21050984 4.06967306 9.53257323
v 6.20800358 4.09133196 9.55802107
v 6.20621354 4.10687351 9.58041334
v 6.21633488 4.17613745 9.74155379
v 6.18757111 4.13025904 9.74155379
v 6.16629464 3.88067889 12.83477354
v 6.18479115 3.88127828 12.88759566
v 6.21457440 3.88158584 12.93498564
v 6.25415188 3.88158584 12.97456313
v 6.30153996 3.88127828 13.00434447
v 6.35436398 3.88067889 13.02284193
v 6.25430352 4.21474600 12.64862395
v 6.21633488 4.17613745 12.64862395
v 6.18757111 4.13025904 12.64862395
v 6.16935975 4.07926369 12.64862395
v 6.20675522 4.10259247 12.81632185
v 6.20901925 4.08253860 12.84315443
v 6.21164853 4.05987787 12.86746931
v 6.21493203 4.03207588 12.89138747
v 7.12044675 4.51252794 12.64460707
v 7.12044675 4.51252794 9.74556685
v 7.17668873 4.50427723 12.64460707
v 7.17668873 4.50427723 9.74556685
v 7.22961289 4.48353434 12.64460707
v 7.22961289 4.48353434 9.74556685
v 7.27648360 4.45137262 12.64460707
v 7.27648360 4.45137262 9.74556685
v 7.31487710 4.40945339 12.64460707
v 7.31487710 4.40945339 9.74556685
v 7.34280831 4.35994530 12.64460707
v 7.34280831 4.35994530 9.74556685
v 7.20014531 4.16600752 13.01791334
v 7.24841553 4.18667030 12.99922133
v 7.37256390 4.23769712 12.82992888
v 7.35541827 4.23116064 12.88255644
v 7.15091187 4.47769833 12.79677916
v 7.25129277 4.43272924 12.80439711
v 7.26615149 4.38396025 12.86345625
v 7.26994568 4.33298159 12.91315413
v 7.32803113 4.22007704 12.92981673
v 7.29176242 4.20499706 12.96935988
v 7.20014531 4.16600752 9.37226057
v 7.24841553 4.18667030 9.39095641
v 7.37256390 4.23769712 9.56024504
v 7.35541827 4.23116064 9.50761748
v 7.26895482 4.33736372 9.47999907
v 7.29176242 4.20499706 9.42081404
v 7.32803113 4.22007704 9.46035719
v 7.26515347 4.38956738 9.53289748
v 7.17552334 4.48378754 9.62254286
v 7.26601273 4.42696142 9.59740782
v 7.64456183 3.87427020 13.02308989
v 7.64456183 3.92627025 13.00408888
v 7.64456183 4.04078054 12.88756132
v 7.64456183 4.05887032 12.83523894
v 7.44470984 4.05323696 12.95414687
v 7.64456183 4.01161861 12.93462324
v 7.64456183 3.97281384 12.97410918
v 7.64456183 3.87427020 9.36708784
v 7.64456183 3.92627025 9.38608504
v 7.64456183 4.05887032 9.55493498
v 7.64456183 4.04078054 9.50261259
v 7.44470984 4.05323696 9.43602705
v 7.64456183 3.97281384 9.41606474
v 7.64456183 4.01161861 9.45555449
v 7.66456181 3.87427020 13.02308989
v 7.66456181 3.92627025 13.00408888
v 7.66456181 3.97281384 12.97410918
v 7.66456181 4.01161861 12.93462324
v 7.66456181 4.04078054 12.88756132
v 7.66456181 4.05887032 12.83523894
v 7.66456181 3.87427020 9.36708784
v 7.66456181 3.92627025 9.38608504
v 7.66456181 3.97281384 9.41606474
v 7.66456181 4.01161861 9.45555449
v 7.66456181 4.04078054 9.50261259
v 7.66456181 4.05887032 9.55493498
v 8.10933835 4.16684198 13.01789809
v 8.06102807 4.18741465 12.99920607
v 7.95393807 4.23170424 12.88254500
v 7.93677956 4.23820829 12.82991362
v 7.86469895 4.05342484 12.95414305
v 7.98134762 4.22067213 12.92980528
v 8.01764542 4.20565987 12.96934843
v 8.10933835 4.16684198 9.37227583
v 8.06102807 4.18741465 9.39096785
v 7.93677956 4.23820829 9.56026030
v 7.95393807 4.23170424 9.50763274
v 7.86469895 4.05342484 9.43603087
v 8.01764542 4.20565987 9.42082930
v 7.98134762 4.22067213 9.46037245
v 8.18837840 4.51351023 12.64459181
v 7.96630484 4.36051035 12.64459181
v 7.99414307 4.41007090 12.64459181
v 8.04020363 4.33806944 12.91015959
v 8.04390580 4.39027977 12.85726500
v 8.13335854 4.48466682 12.76761580
v 8.13215262 4.50515366 12.64459181
v 8.07926756 4.48431158 12.64459181
v 8.04297597 4.42767143 12.79275084
v 8.03245789 4.45206165 12.64459181
v 8.18837840 4.51351023 9.74558211
v 7.96630484 4.36051035 9.74558211
v 7.99414307 4.41007090 9.74558211
v 8.15798146 4.47862387 9.59341383
v 8.13215262 4.50515366 9.74558211
v 8.07926756 4.48431158 9.74558211
v 8.05768496 4.43346691 9.58579207
v 8.03245789 4.45206165 9.74558211
v 8.04291827 4.38467073 9.52673292
v 8.03922087 4.33368540 9.47703505
v 9.13976103 4.08198738 12.64857817
v 9.13976103 4.08198738 9.74159575
v 9.12148196 4.13307142 9.74159575
v 9.12148196 4.13307142 12.64857817
v 9.09261233 4.17900848 9.74159575
v 9.09261233 4.17900848 12.64857817
v 9.05451209 4.21763563 9.74159575
v 9.05451209 4.21763563 12.64857817
v 9.14284808 3.88347602 12.83472395
v 9.12435204 3.88407540 12.88754607
v 8.95477873 3.88347602 13.02279234
v 9.00760228 3.88407540 13.00429488
v 9.09321601 4.02704620 12.89733839
v 9.09456879 3.88438249 12.93493605
v 9.05499083 3.88438249 12.97451353
v 9.09629065 4.05323839 12.87630034
v 9.09853846 4.07253599 12.85757017
v 9.10103327 4.09419394 12.83211851
v 9.10281569 4.10973454 12.80972624
v 9.14284808 3.88347602 9.55545378
v 9.12435204 3.88407540 9.50262785
v 9.00760228 3.88407540 9.38587904
v 8.95477873 3.88347602 9.36738158
v 9.10227591 4.10545111 9.57389021
v 9.10002190 4.08539963 9.54705382
v 9.09740407 4.06273794 9.52273512
v 9.09413392 4.03492832 9.49880934
v 9.05499083 3.88438249 9.41566038
v 9.09456879 3.88438249 9.45524168
v 9.14588315 3.70958018 12.83776045
v 9.12738711 3.71017957 12.89058256
v 9.09760386 3.71048665 12.93797255
v 9.05802638 3.71048665 12.97755003
v 9.01063782 3.71017957 13.00733137
v 8.95781428 3.70958018 13.02582884
v 9.14588315 3.70958018 9.55241728
v 9.12738711 3.71017957 9.49959135
v 9.09760386 3.71048665 9.45220518
v 9.05802638 3.71048665 9.41262770
v 9.01063782 3.71017957 9.38284254
v 8.95781428 3.70958018 9.36434889
v 9.13190848 3.34542346 13.03228712
v 9.16546685 3.38540125 13.01340437
v 9.25215251 3.48657036 12.84438658
v 9.24006898 3.47297215 12.89682722
v 9.09533745 3.60796809 12.96109343
v 9.13971764 3.51447654 12.96312285
v 9.22091395 3.45078707 12.94396544
v 9.19563109 3.42110920 12.98347044
v 9.13190848 3.34542346 9.35788679
v 9.16546685 3.38540125 9.37676955
v 9.25215251 3.48657036 9.54578734
v 9.24006898 3.47297215 9.49334669
v 9.13971764 3.51447654 9.42705489
v 9.19563109 3.42110920 9.40670348
v 9.22091395 3.45078707 9.44621229
v 9.09533745 3.60796809 9.42908049
v 9.22198302 3.42589545 12.96498823
v 9.21548468 3.43135977 12.96489287
v 9.27219206 3.46971345 9.54552031
v 9.25995785 3.45624661 9.49307585
v 9.24056059 3.43426681 9.44593764
v 9.18440968 3.36946964 9.37649489
v 9.21495730 3.40485787 9.40642882
v 9.15042407 3.32984662 9.35761595
v 9.21548468 3.43135977 9.42528105
v 9.22198302 3.42589545 9.42518950
v 9.67732483 3.26339626 13.03373671
v 9.65434081 3.31013680 13.01478911
v 9.60319478 3.41284943 12.89823866
v 9.59487969 3.42896485 12.84586668
v 9.51958090 3.33742476 12.96687651
v 9.57329470 3.34989119 12.96660567
v 9.61634213 3.38674617 12.94533491
v 9.63367468 3.35193825 12.98482848
v 9.67732483 3.26339626 9.35643721
v 9.65434081 3.31013680 9.37538481
v 9.59487969 3.42896485 9.54431105
v 9.60319478 3.41284943 9.49193526
v 9.41897208 3.33607984 9.42327071
v 9.63367468 3.35193825 9.40534544
v 9.61634213 3.38674617 9.44484282
v 9.96584517 3.47528982 12.66094542
v 9.69760949 3.50314450 12.66094542
v 9.75096327 3.52275705 12.66094542
v 9.73765809 3.43796110 12.92645979
v 9.77484137 3.47529459 12.87375212
v 9.90459019 3.48926592 12.78432799
v 9.91766030 3.50544667 12.66094542
v 9.86390788 3.52393866 12.66094542
v 9.79882104 3.50435734 12.80933333
v 9.80736786 3.52980995 12.66094542
v 9.96584517 3.47528982 9.72922850
v 9.69760949 3.50314450 9.72922850
v 9.75096327 3.52275705 9.72922850
v 9.91919476 3.46880317 9.57661009
v 9.91766030 3.50544667 9.72922850
v 9.86390788 3.52393866 9.72922850
v 9.81366307 3.49924779 9.56917525
v 9.80736786 3.52980995 9.72922850
v 9.77039010 3.47165179 9.51024580
v 9.73401934 3.43525076 9.46074629
v 9.67732483 3.26339626 1.75020171
v 9.65434081 3.31013680 1.73125410
v 9.59487969 3.42896485 1.56233168
v 9.96584517 3.47528982 1.37741042
v 9.60319478 3.41284943 1.61470366
v 9.69760949 3.50314450 1.37741042
v 9.75096327 3.52275705 1.37741042
v 9.73765809 3.43796110 1.64292479
v 9.63367468 3.35193825 1.70129347
v 9.61634213 3.38674617 1.66179991
v 9.77484137 3.47529459 1.59021712
v 9.90459019 3.48926592 1.50079298
v 9.91766030 3.50544667 1.37741042
v 9.86390788 3.52393866 1.37741042
v 9.79882104 3.50435734 1.52579832
v 9.80736786 3.52980995 1.37741042
v 9.96584517 3.47528982 -1.55430650
v 9.91766030 3.50544667 -1.55430650
v 9.86390788 3.52393866 -1.55430650
v 9.80736786 3.52980995 -1.55430650
v 9.75096327 3.52275705 -1.55430650
v 9.69760949 3.50314450 -1.55430650
v 9.51958090 3.33742476 1.68334151
v 9.57329470 3.34989119 1.68307066
v 9.67732483 3.26339626 -1.92709779
v 9.65434081 3.31013680 -1.90814638
v 9.59487969 3.42896485 -1.73922395
v 9.60319478 3.41284943 -1.79159975
v 9.91919476 3.46880317 -1.70692491
v 9.81366307 3.49924779 -1.71435976
v 9.77039010 3.47165179 -1.77328920
v 9.73401934 3.43525076 -1.82278871
v 9.61634213 3.38674617 -1.83869219
v 9.63367468 3.35193825 -1.87818956
v 9.25215251 3.48657036 1.56085158
v 9.24006898 3.47297215 1.61329222
v 9.22091395 3.45078707 1.66043043
v 9.19563109 3.42110920 1.69993544
v 9.16546685 3.38540125 1.72986937
v 9.13190848 3.34542346 1.74875212
v 9.22198302 3.42589545 1.68145323
v 9.21548468 3.43135977 1.68135786
v 9.15042407 3.32984662 -1.92591905
v 9.18440968 3.36946964 -1.90704012
v 9.25995785 3.45624661 -1.79045915
v 9.27219206 3.46971345 -1.73801469
v 9.41897208 3.33607984 -1.86026430
v 9.24056059 3.43426681 -1.83759737
v 9.21495730 3.40485787 -1.87710619
v 8.95781428 3.70958018 1.74229384
v 9.01063782 3.71017957 1.72379637
v 9.14588315 3.70958018 1.55422545
v 9.12738711 3.71017957 1.60704756
v 9.09533745 3.60796809 1.67755843
v 9.05802638 3.71048665 1.69401503
v 9.09760386 3.71048665 1.65443755
v 9.13971764 3.51447654 1.67958784
v 9.25215251 3.48657036 -1.73774385
v 9.24006898 3.47297215 -1.79018449
v 9.22091395 3.45078707 -1.83732271
v 9.16546685 3.38540125 -1.90676546
v 9.19563109 3.42110920 -1.87683153
v 9.13190848 3.34542346 -1.92564821
v 9.21548468 3.43135977 -1.85825395
v 9.22198302 3.42589545 -1.85834551
v 9.14284808 3.88347602 1.55118895
v 9.12435204 3.88407540 1.60401106
v 9.09456879 3.88438249 1.65140105
v 9.05499083 3.88438249 1.69097853
v 9.00760228 3.88407540 1.72075987
v 8.95477873 3.88347602 1.73925734
v 8.95781428 3.70958018 -1.91918611
v 9.01063782 3.71017957 -1.90069246
v 9.14588315 3.70958018 -1.73111772
v 9.12738711 3.71017957 -1.78393984
v 9.13971764 3.51447654 -1.85648012
v 9.09533745 3.60796809 -1.85445451
v 9.09760386 3.71048665 -1.83132982
v 9.05802638 3.71048665 -1.87090730
v 9.13976103 4.08198738 1.36504317
v 9.05451209 4.21763563 1.36504317
v 9.09321601 4.02704620 1.61380339
v 9.09629065 4.05323839 1.59276533
v 9.09853846 4.07253599 1.57403517
v 9.10103327 4.09419394 1.54858351
v 9.10281569 4.10973454 1.52619124
v 9.09261233 4.17900848 1.36504317
v 9.12148196 4.13307142 1.36504317
v 9.14284808 3.88347602 -1.72808122
v 9.12435204 3.88407540 -1.78090715
v 9.09456879 3.88438249 -1.82829332
v 9.05499083 3.88438249 -1.86787080
v 9.00760228 3.88407540 -1.89765596
v 8.95477873 3.88347602 -1.91615343
v 9.13976103 4.08198738 -1.54193926
v 9.12148196 4.13307142 -1.54193926
v 9.09261233 4.17900848 -1.54193926
v 9.05451209 4.21763563 -1.54193926
v 9.10227591 4.10545111 -1.70964479
v 9.10002190 4.08539963 -1.73648119
v 9.09740407 4.06273794 -1.76079607
v 9.09413392 4.03492832 -1.78472566
v 7.12044675 4.51252794 -1.53796816
v 7.12044675 4.51252794 1.36107207
v 7.17668873 4.50427723 -1.53796816
v 7.17668873 4.50427723 1.36107207
v 7.22961289 4.48353434 -1.53796816
v 7.22961289 4.48353434 1.36107207
v 7.27648360 4.45137262 -1.53796816
v 7.27648360 4.45137262 1.36107207
v 7.31487710 4.40945339 -1.53796816
v 7.31487710 4.40945339 1.36107207
v 7.34280831 4.35994530 -1.53796816
v 7.34280831 4.35994530 1.36107207
v 7.20014531 4.16600752 1.73437834
v 7.24841553 4.18667030 1.71568632
v 7.37256390 4.23769712 1.54639387
v 7.35541827 4.23116064 1.59902144
v 7.15091187 4.47769833 1.51324416
v 7.25129277 4.43272924 1.52086211
v 7.26615149 4.38396025 1.57992125
v 7.26994568 4.33298159 1.62961912
v 7.32803113 4.22007704 1.64628172
v 7.29176242 4.20499706 1.68582487
v 7.20014531 4.16600752 -1.91127443
v 7.24841553 4.18667030 -1.89257860
v 7.37256390 4.23769712 -1.72328996
v 7.35541827 4.23116064 -1.77591753
v 7.26895482 4.33736372 -1.80353594
v 7.29176242 4.20499706 -1.86272096
v 7.32803113 4.22007704 -1.82317781
v 7.26515347 4.38956738 -1.75063753
v 7.17552334 4.48378754 -1.66099214
v 7.26601273 4.42696142 -1.68612718
v 7.64456183 3.87427020 1.73955489
v 7.64456183 3.92627025 1.72055388
v 7.64456183 4.04078054 1.60402632
v 7.64456183 4.05887032 1.55170393
v 7.44470984 4.05323696 1.67061186
v 7.64456183 4.01161861 1.65108824
v 7.64456183 3.97281384 1.69057417
v 7.64456183 3.87427020 -1.91644716
v 7.64456183 3.92627025 -1.89744615
v 7.64456183 4.05887032 -1.72859621
v 7.64456183 4.04078054 -1.78092241
v 7.44470984 4.05323696 -1.84750795
v 7.64456183 3.97281384 -1.86747026
v 7.64456183 4.01161861 -1.82798052
v 7.66456181 3.87427020 1.73955489
v 7.66456181 3.92627025 1.72055388
v 7.66456181 3.97281384 1.69057417
v 7.66456181 4.01161861 1.65108824
v 7.66456181 4.04078054 1.60402632
v 7.66456181 4.05887032 1.55170393
v 7.66456181 3.87427020 -1.91644716
v 7.66456181 3.92627025 -1.89744615
v 7.66456181 3.97281384 -1.86747026
v 7.66456181 4.01161861 -1.82798052
v 7.66456181 4.04078054 -1.78092241
v 7.66456181 4.05887032 -1.72859621
v 8.10933835 4.16684198 1.73436308
v 8.06102807 4.18741465 1.71567107
v 7.95393807 4.23170424 1.59900999
v 7.93677956 4.23820829 1.54637862
v 7.86469895 4.05342484 1.67060805
v 7.98134762 4.22067213 1.64627028
v 8.01764542 4.20565987 1.68581343
v 8.10933835 4.16684198 -1.91125917
v 8.06102807 4.18741465 -1.89256715
v 7.93677956 4.23820829 -1.72327470
v 7.95393807 4.23170424 -1.77590227
v 7.86469895 4.05342484 -1.84750032
v 8.01764542 4.20565987 -1.86270570
v 7.98134762 4.22067213 -1.82316255
v 8.18837840 4.51351023 1.36105681
v 7.96630484 4.36051035 1.36105681
v 7.99414307 4.41007090 1.36105681
v 8.04020363 4.33806944 1.62662459
v 8.04390580 4.39027977 1.57373000
v 8.13335854 4.48466682 1.48408079
v 8.13215262 4.50515366 1.36105681
v 8.07926756 4.48431158 1.36105681
v 8.04297597 4.42767143 1.50921583
v 8.03245789 4.45206165 1.36105681
v 8.18837840 4.51351023 -1.53794908
v 7.96630484 4.36051035 -1.53794908
v 7.99414307 4.41007090 -1.53794908
v 8.15798146 4.47862387 -1.69012117
v 8.13215262 4.50515366 -1.53794908
v 8.07926756 4.48431158 -1.53794908
v 8.05768496 4.43346691 -1.69773912
v 8.03245789 4.45206165 -1.53794908
v 8.04291827 4.38467073 -1.75679826
v 8.03922087 4.33368540 -1.80649995
v 5.63288075 3.25841904 -1.92718553
v 5.65574795 3.30521607 -1.90823412
v 5.71490628 3.42419171 -1.73931169
v 5.34382302 3.46959996 -1.55439424
v 5.70663315 3.40805507 -1.79168749
v 5.61198956 3.49811864 -1.55439424
v 5.55858761 3.51759911 -1.55439424
v 5.57210786 3.43283439 -1.81990862
v 5.67630917 3.34706831 -1.87827730
v 5.69355351 3.38191891 -1.83877992
v 5.53483063 3.47007632 -1.76720094
v 5.40504605 3.48372769 -1.67778062
v 5.39193398 3.49987602 -1.55439424
v 5.44564015 3.51850104 -1.55439424
v 5.51077706 3.49908018 -1.70278215
v 5.50216538 3.52451229 -1.55439424
v 5.34382302 3.46959996 1.37749815
v 5.39193398 3.49987602 1.37749815
v 5.44564015 3.51850104 1.37749815
v 5.50216538 3.52451229 1.37749815
v 5.55858761 3.51759911 1.37749815
v 5.61198956 3.49811864 1.37749815
v 6.15961129 3.32617664 -1.92598390
v 6.12552697 3.36571598 -1.90710497
v 6.03748948 3.46574163 -1.73807954
v 6.04975945 3.45230579 -1.79052400
v 5.89104802 3.33174491 -1.86033678
v 6.09489018 3.40102887 -1.87717104
v 6.06921250 3.43037462 -1.83766222
v 5.39049298 3.46322918 1.53012419
v 5.49594838 3.49393392 1.53755522
v 5.53929097 3.46644449 1.59648466
v 5.57575375 3.43013287 1.64598418
v 6.05752236 3.48267746 -1.73780870
v 6.06964070 3.46910954 -1.79024934
v 6.08885247 3.44697189 -1.83738756
v 6.11420972 3.41735601 -1.87689638
v 6.14446313 3.38172197 -1.90682649
v 6.17812115 3.34182620 -1.92570924
v 6.08782250 3.42205858 -1.85841036
v 6.09431893 3.42754865 -1.85831880
v 6.15961129 3.32617664 1.74908781
v 6.12552697 3.36571598 1.73020888
v 6.03748948 3.46574163 1.56118346
v 6.04975945 3.45230579 1.61362791
v 5.92979962 3.33901882 1.68328810
v 6.01006657 3.36878514 1.68264342
v 6.06921250 3.43037462 1.66076994
v 6.09489018 3.40102887 1.70027876
v 6.35130173 3.70521855 -1.91926241
v 6.29847771 3.70581794 -1.90076875
v 6.16323239 3.70521855 -1.73119402
v 6.18172795 3.70581794 -1.78401613
v 6.21386773 3.60389209 -1.85452318
v 6.25108964 3.70612502 -1.87098360
v 6.21151120 3.70612502 -1.83140611
v 6.16972787 3.51060963 -1.85654497
v 6.05752236 3.48267746 1.56091261
v 6.06964070 3.46910954 1.61335707
v 6.08885247 3.44697189 1.66049147
v 6.14446313 3.38172197 1.72993422
v 6.11420972 3.41735601 1.70000029
v 6.17812115 3.34182620 1.74881697
v 6.09431893 3.42754865 1.68142271
v 6.08782250 3.42205858 1.68151427
v 6.16629464 3.88067889 -1.72813081
v 6.18479115 3.88127828 -1.78095674
v 6.21457440 3.88158584 -1.82834291
v 6.25415188 3.88158584 -1.86792040
v 6.30153996 3.88127828 -1.89770555
v 6.35436398 3.88067889 -1.91619920
v 6.35130173 3.70521855 1.74237013
v 6.29847771 3.70581794 1.72387266
v 6.16323239 3.70521855 1.55430174
v 6.18172795 3.70581794 1.60712386
v 6.16972787 3.51060963 1.67965269
v 6.21386773 3.60389209 1.67763090
v 6.21151120 3.70612502 1.65451384
v 6.25108964 3.70612502 1.69409132
v 6.16935975 4.07926369 -1.54198122
v 6.25430352 4.21474600 -1.54198122
v 6.21585518 4.02419233 -1.79071855
v 6.21276623 4.05038214 -1.76968431
v 6.21050984 4.06967306 -1.75096178
v 6.20800358 4.09133196 -1.72551393
v 6.20621354 4.10687351 -1.70312166
v 6.21633488 4.17613745 -1.54198122
v 6.18757111 4.13025904 -1.54198122
v 6.16629464 3.88067889 1.55123854
v 6.18479115 3.88127828 1.60406065
v 6.21457440 3.88158584 1.65145064
v 6.25415188 3.88158584 1.69102812
v 6.30153996 3.88127828 1.72080946
v 6.35436398 3.88067889 1.73930693
v 6.25430352 4.21474600 1.36508894
v 6.21633488 4.17613745 1.36508894
v 6.18757111 4.13025904 1.36508894
v 6.16935975 4.07926369 1.36508894
v 6.20675522 4.10259247 1.53278685
v 6.20901925 4.08253860 1.55961943
v 6.21164853 4.05987787 1.58393431
v 6.21493203 4.03207588 1.60785246
v 20.82182795 3.26755214 -1.92678880
v 20.84585339 3.31474471 -1.90714693
v 20.90676123 3.43221235 -1.73294878
v 20.53030688 3.47528982 -1.57723665
v 20.89861209 3.41702747 -1.78673982
v 20.57830102 3.50544667 -1.57295274
v 20.74433715 3.52275705 -1.55812120
v 20.79747922 3.50314450 -1.55337572
v 20.76773411 3.44058394 -1.82020235
v 20.86736065 3.35675550 -1.87611818
v 20.88525111 3.39143991 -1.83528566
v 20.70856053 3.46797991 -1.78451204
v 20.63184029 3.52393866 -1.56816911
v 20.73063523 3.47674179 -1.77000856
v 20.68815619 3.52980995 -1.56314134
v 20.75256831 3.48279214 -1.75402116
v 16.28266174 3.50314450 3.41776991
v 15.25856835 3.50314450 3.51288176
v 16.27283627 3.52275705 3.36532927
v 15.25856835 3.52275705 3.45952940
v 16.26244885 3.52980995 3.30989027
v 15.25856835 3.52980995 3.40312147
v 16.25203663 3.52393866 3.25431776
v 15.25856835 3.52393866 3.34658385
v 16.24213773 3.50544667 3.20148421
v 15.25856835 3.50544667 3.29283095
v 16.23326403 3.47528982 3.15412093
v 15.25856835 3.47528982 3.24464369
v 17.27172429 3.50314450 3.13569212
v 17.25240952 3.52275705 3.08595610
v 17.23199016 3.52980995 3.03337813
v 17.21152169 3.52393866 2.98067427
v 17.19206256 3.50544667 2.93056822
v 17.17461878 3.47528982 2.88565016
v 18.19192392 3.50314450 2.67629576
v 18.16378028 3.52275705 2.63096571
v 18.13402731 3.52980995 2.58304930
v 18.10420305 3.52393866 2.53501463
v 18.07584912 3.50544667 2.48934889
v 18.05043203 3.47528982 2.44841338
v 19.01178319 3.50314450 2.05529356
v 18.97577387 3.52275705 2.01592207
v 18.93770486 3.52980995 1.97430373
v 18.89954478 3.52393866 1.93258238
v 18.86326629 3.50544667 1.89291716
v 18.83074504 3.47528982 1.85736418
v 19.70325810 3.50314450 1.29392577
v 19.66061455 3.52275705 1.26186323
v 19.61553198 3.52980995 1.22796583
v 19.57034117 3.52393866 1.19398451
v 19.52737910 3.50544667 1.16168166
v 19.48886592 3.47528982 1.13272429
v 20.24269492 3.50314450 0.41824293
v 20.19487578 3.52275705 0.39458037
v 20.14432198 3.52980995 0.36956740
v 20.09364659 3.52393866 0.34448958
v 20.04547030 3.50544667 0.32065153
v 20.00228316 3.47528982 0.29928160
v 20.61164242 3.50314450 -0.54180193
v 20.56028325 3.52275705 -0.55625581
v 20.50598723 3.52980995 -0.57153368
v 20.45156056 3.52393866 -0.58684969
v 20.39981801 3.50544667 -0.60140657
v 20.35343415 3.47528982 -0.61446047
v 21.35673577 3.32884431 -1.92623567
v 21.32351071 3.36762285 -1.90824175
v 21.23549563 3.46835160 -1.74603700
v 21.24841506 3.45403337 -1.79662752
v 21.11969048 3.34059930 -1.86130571
v 21.29347951 3.40245962 -1.87967729
v 21.26804978 3.43172073 -1.84188127
v 21.08429295 3.33511662 -1.86091661
v 21.10035950 3.37812304 -1.80772829
v -3.36971610 3.47528982 3.24464369
v -3.36971610 3.50544667 3.29283095
v -3.36971610 3.52393866 3.34658385
v -3.36971610 3.52980995 3.40312147
v -3.36971610 3.52275705 3.45952940
v -3.36971610 3.50314450 3.51288176
v 21.25551612 3.48521638 -1.74564790
v 21.26826579 3.47077179 -1.79626512
v 21.28765256 3.44825578 -1.84154558
v 21.34242684 3.38356543 -1.90795183
v 21.31276566 3.41872501 -1.87936449
v 21.37524420 3.34442711 -1.92596101
v 21.28657395 3.42337203 -1.86172533
v -3.74250739 3.26339626 3.53316450
v -3.72355979 3.31013680 3.55614806
v -3.55463546 3.42896485 3.61561156
v -3.60700935 3.41284943 3.60729552
v -3.52233642 3.46880317 3.29129744
v -3.52976936 3.49924779 3.39682722
v -3.58870071 3.47165179 3.44010115
v -3.63819831 3.43525076 3.47647047
v -3.65410369 3.38674617 3.59415007
v -3.69360107 3.35193825 3.57681609
v 21.55043656 3.70949912 -1.91964769
v 21.49935681 3.71004033 -1.90247774
v 21.36342579 3.70949912 -1.74329424
v 21.38355738 3.71004033 -1.79327821
v 21.41581160 3.60664630 -1.85932588
v 21.45313937 3.71031737 -1.87476396
v 21.41393239 3.71031737 -1.83779192
v -3.74132865 3.32984662 4.06006575
v -3.72244972 3.36946964 4.02608061
v -3.60587066 3.45624661 3.95053435
v -3.55342620 3.46971345 3.93830061
v -3.67567390 3.33607984 3.79151869
v -3.65300887 3.43426681 3.96992827
v -3.69251769 3.40485787 3.99553252
v 21.36639458 3.88824677 -1.74026918
v 21.38653809 3.88878751 -1.79023409
v 21.50232798 3.88878751 -1.89937257
v 21.55339438 3.88824677 -1.91653108
v 21.43353182 3.76993442 -1.85631227
v 21.45612055 3.88906455 -1.87167406
v 21.41691691 3.88906455 -1.83472109
v -3.55315727 3.48657036 3.95833922
v -3.60559791 3.47297215 3.97042036
v -3.65273422 3.45078707 3.98957777
v -3.72217506 3.38540125 4.04502440
v -3.69224304 3.42110920 4.01485777
v -3.74105781 3.34542346 4.07858229
v -3.67366546 3.43135977 3.99500609
v -3.67375701 3.42589545 3.98850584
v 21.35833270 4.08198738 -1.56571245
v 21.44331605 4.21763563 -1.55899095
v 21.41596991 4.03183842 -1.79603243
v 21.41218669 4.05689669 -1.77588319
v 21.40924651 4.07543707 -1.75790834
v 21.40610224 4.09419298 -1.73611498
v 21.40334422 4.10943985 -1.71466875
v 21.40533454 4.17900848 -1.56199312
v 21.37655503 4.13307142 -1.56427049
v -3.73459762 3.70958018 4.25267744
v -3.71610206 3.71017957 4.19985152
v -3.54652923 3.70958018 4.06460905
v -3.59935325 3.71017957 4.08310271
v -3.67189163 3.51447654 4.07077360
v -3.66986411 3.60796809 4.11515379
v -3.64674133 3.71048665 4.11288786
v -3.68631881 3.71048665 4.15246535
v 15.25856835 4.21763563 4.15597868
v 21.19512612 4.08198738 -0.56582307
v 21.21286112 4.13307142 -0.56139421
v 21.24087054 4.17900848 -0.55440187
v 21.27783591 4.21763563 -0.54517030
v 20.86916930 4.08198738 0.39342833
v 20.88593012 4.13307142 0.40072203
v 20.91240174 4.17900848 0.41224242
v 20.94733769 4.21763563 0.42744398
v 20.38939721 4.08198738 1.28574705
v 20.40472514 4.13307142 1.29570723
v 20.42893321 4.17900848 1.31143904
v 20.46088130 4.21763563 1.33219481
v 19.76896388 4.08198738 2.08666945
v 19.78243786 4.13307142 2.09902144
v 19.80371863 4.17900848 2.11852980
v 19.83180386 4.21763563 2.14427519
v 19.02487737 4.08198738 2.77423811
v 19.03612882 4.13307142 2.78864241
v 19.05389887 4.17900848 2.81139708
v 19.07735068 4.21763563 2.84142256
v 18.17753774 4.08198738 3.32960081
v 18.18625766 4.13307142 3.34566450
v 18.20002991 4.17900848 3.37103987
v 18.21820552 4.21763563 3.40452528
v 17.25017423 4.08198738 3.73753310
v 17.25612396 4.13307142 3.75481749
v 17.26552064 4.17900848 3.78211546
v 17.27792198 4.21763563 3.81814146
v 16.26821095 4.08198738 3.98685408
v 15.25856835 4.08198738 4.07072783
v 15.25856835 4.13307142 4.08900786
v 16.27122718 4.13307142 4.00488615
v 16.27599079 4.17900848 4.03335905
v 15.25856835 4.17900848 4.11787749
v 16.28227765 4.21763563 4.07093764
v -3.54349273 3.88347602 4.06764174
v -3.59631675 3.88407540 4.08613921
v -3.64370483 3.88438249 4.11592055
v -3.68328422 3.88438249 4.15549803
v -3.71306747 3.88407540 4.20288802
v -3.73156303 3.88347602 4.25571013
v -3.35734886 4.08198738 4.07072783
v -3.35734886 4.13307142 4.08900786
v -3.35734886 4.17900848 4.11787749
v -3.35734886 4.21763563 4.15597868
v -3.52505630 4.10545111 4.10821486
v -3.55189079 4.08539963 4.11046934
v -3.57620948 4.06273794 4.11308623
v -3.60013526 4.03492832 4.11635542
v 22.84333521 3.87427020 -1.91644716
v 22.86335951 3.87690043 -1.91562318
v 22.84333521 3.92627025 -1.89744615
v 22.86335951 3.93112206 -1.89472627
v 22.84333521 3.97281384 -1.86747026
v 22.86335951 3.97916579 -1.86208391
v 22.84333521 4.01161861 -1.82798052
v 22.86335951 4.01818848 -1.81906557
v 22.84333521 4.04078054 -1.78092241
v 22.86335999 4.04616833 -1.76814699
v 22.84333521 4.05887032 -1.72859621
v 22.86336142 4.06017828 -1.72176790
v 22.39859873 4.16886759 -1.91082811
v 22.44827277 4.18991661 -1.89098024
v 22.57171494 4.23997641 -1.71291399
v 22.64372307 4.05573559 -1.84495592
v 22.49254758 4.20843363 -1.85933351
v 22.60445315 4.15741205 -1.76708269
v 22.55594451 4.23414326 -1.76788377
v 22.52908236 4.22344065 -1.81756639
v 23.30893952 4.16424608 -1.91164064
v 23.26188904 4.18452454 -1.89392900
v 23.13740021 4.23617506 -1.73224687
v 23.15563017 4.22908068 -1.78280306
v 23.06442076 4.05110359 -1.84981203
v 23.21937329 4.20263386 -1.86558962
v 23.18338925 4.21772242 -1.82795763
v 22.30850369 4.50142622 -1.63480043
v 22.35782153 4.49717712 -1.62807130
v 22.53420502 4.35898209 -1.57214784
v 22.50479132 4.40859699 -1.58835649
v 22.44269950 4.37357759 -1.78999376
v 22.41411358 4.47985077 -1.61715746
v 22.46632487 4.36786842 -1.77359819
v 22.46411091 4.44978952 -1.60366487
v 23.38061864 4.51252794 -1.53687334
v 23.15869576 4.35994530 -1.55084276
v 23.18657214 4.40945339 -1.54908800
v 23.35449273 4.47699499 -1.69080019
v 23.32448727 4.50427723 -1.54040575
v 23.27166802 4.48353434 -1.54373216
v 23.25600344 4.43073320 -1.70360231
v 23.22488982 4.45137262 -1.54667711
v 23.24313408 4.38129997 -1.76232958
v 22.31041724 4.51350975 -1.53915453
v 22.36649758 4.50515318 -1.53510713
v 22.41924578 4.48431110 -1.53130006
v 22.46593434 4.45206070 -1.52792787
v 22.50414902 4.41006947 -1.52516985
v 22.53191525 4.36050844 -1.52316713
v 22.44656092 4.46606112 -1.58242464
v 22.99435002 4.35994530 -0.36970186
v 23.02164609 4.40945339 -0.36378145
v 23.05916649 4.45137262 -0.35564088
v 23.10497147 4.48353434 -0.34570360
v 23.15669257 4.50427723 -0.33448076
v 23.21165616 4.51252794 -0.32255602
v 22.65443474 4.35994530 0.77334547
v 22.68053156 4.40945339 0.78329802
v 22.71640355 4.45137262 0.79698515
v 22.76019532 4.48353434 0.81368971
v 22.80964381 4.50427723 0.83255339
v 22.86219222 4.51252794 0.85259962
v 22.14666468 4.35994530 1.85235548
v 22.17097003 4.40945339 1.86611891
v 22.20437867 4.45137262 1.88503599
v 22.24516446 4.48353434 1.90813399
v 22.29121787 4.50427723 1.93421126
v 22.34015853 4.51252794 1.96192503
v 21.48256404 4.35994530 2.84284544
v 21.50452620 4.40945339 2.86010313
v 21.53471429 4.45137262 2.88382674
v 21.57156760 4.48353434 2.91278410
v 21.61318070 4.50427723 2.94548750
v 21.65740258 4.51252794 2.98023558
v 20.67720563 4.35994530 3.72233153
v 20.69632584 4.40945339 3.74269438
v 20.72260720 4.45137262 3.77068281
v 20.75469214 4.48353434 3.80484724
v 20.79092080 4.50427723 3.84342909
v 20.82942063 4.51252794 3.88442946
v 19.74886710 4.35994530 4.47085524
v 19.76471144 4.40945339 4.49385786
v 19.78649050 4.45137262 4.52547407
v 19.81307799 4.48353434 4.56407500
v 19.84310013 4.50427723 4.60766173
v 19.87500388 4.51252794 4.65397978
v 18.71861750 4.35994530 5.07142592
v 18.73082668 4.40945339 5.09654570
v 18.74760872 4.45137262 5.13107634
v 18.76809627 4.48353434 5.17323256
v 18.79123003 4.50427723 5.22083617
v 18.81581384 4.51252794 5.27141905
v 17.60983974 4.35994530 5.51041365
v 17.61813647 4.40945339 5.53708220
v 17.62954074 4.45137262 5.57374525
v 17.64346296 4.48353434 5.61849928
v 17.65918333 4.50427723 5.66903639
v 17.67588932 4.51252794 5.72273970
v 16.44769818 4.35994530 5.77785445
v 15.25856835 4.35994530 5.86768294
v 15.25856835 4.40945339 5.89561415
v 16.45189411 4.40945339 5.80546904
v 16.45766169 4.45137262 5.84342909
v 15.25856835 4.45137262 5.93400526
v 16.46470267 4.48353434 5.88976622
v 15.25856835 4.48353434 5.98087645
v 15.25856835 4.50427723 6.03380156
v 16.47265321 4.50427723 5.94208861
v 16.48110205 4.51252794 5.99769545
v 15.25856835 4.51252794 6.09004546
v 16.46732957 4.36050844 5.14330626
v 15.25856835 4.36050844 5.24418593
v 16.46271521 4.41006947 5.11585188
v 15.25856835 4.41006947 5.21634627
v 16.45636422 4.45206070 5.07806731
v 15.25856835 4.45206070 5.17803145
v 16.44860500 4.48431110 5.03190565
v 15.25856835 4.48431110 5.13122511
v 16.43983883 4.50515318 4.97975111
v 15.25856835 4.50515318 5.07833815
v 16.43051869 4.51350975 4.92430449
v 15.25856835 4.51350975 5.02211333
v 17.64264733 4.36050844 4.84345961
v 17.63354618 4.41006947 4.81714964
v 17.62101990 4.45206070 4.78094054
v 17.60571629 4.48431110 4.73670531
v 17.58842641 4.50515318 4.68672514
v 17.57004410 4.51350975 4.63358641
v 18.75200349 4.36050844 4.35293913
v 18.73866731 4.41006947 4.32850218
v 18.72031242 4.45206070 4.29487181
v 18.69788772 4.48431110 4.25378371
v 18.67255241 4.50515318 4.20736266
v 18.64561659 4.51350975 4.15800810
v 19.76470477 4.36050844 3.68531752
v 19.74750287 4.41006947 3.66343260
v 19.72382695 4.45206070 3.63330794
v 19.69490153 4.48431110 3.59650374
v 19.66222197 4.50515318 3.55492354
v 19.62747771 4.51350975 3.51071883
v 20.65273244 4.36050844 2.85906935
v 20.63214022 4.41006947 2.84033537
v 20.60379893 4.45206070 2.81455565
v 20.56917292 4.48431110 2.78305388
v 20.53005320 4.50515318 2.74746657
v 20.48846203 4.51350975 2.70963240
v 21.39151675 4.36050844 1.89705229
v 21.36810404 4.41006947 1.88199187
v 21.33588082 4.45206070 1.86126280
v 21.29651267 4.48431110 1.83594084
v 21.25203520 4.50515318 1.80732680
v 21.20474774 4.51350975 1.77690840
v 21.96061713 4.36050844 0.82588148
v 21.93503243 4.41006947 0.81491042
v 21.89981896 4.45206070 0.79981184
v 21.85679776 4.48431110 0.78136397
v 21.80819279 4.50515318 0.76052046
v 21.75651700 4.51350975 0.73836089
v 22.34428841 4.36050844 -0.32480287
v 22.31723887 4.41006947 -0.33138323
v 22.28000981 4.45206070 -0.34043550
v 22.23452574 4.48431110 -0.35149812
v 22.18313796 4.50515318 -0.36399507
v 22.12850434 4.51350975 -0.37728166
v -3.35337776 4.51252794 6.09004546
v -3.35337776 4.50427723 6.03380156
v -3.35337776 4.48353434 5.98087645
v -3.35337776 4.45137262 5.93400526
v -3.35337776 4.40945339 5.89561415
v -3.35337776 4.35994530 5.86768294
v -3.35336250 4.51350975 5.02211333
v -3.35336250 4.50515318 5.07833815
v -3.35336250 4.48431110 5.13122511
v -3.35336250 4.45206070 5.17803145
v -3.35336250 4.41006947 5.21634627
v -3.35336250 4.36050844 5.24418593
v -3.72668403 4.16600752 6.01034499
v -3.70799011 4.18667030 5.96207381
v -3.53869956 4.23769712 5.83792830
v -3.59132903 4.23116064 5.85507155
v -3.61894554 4.33736372 5.94153548
v -3.67813056 4.20499706 5.91872740
v -3.63858741 4.22007704 5.88246107
v -3.56604904 4.38956738 5.94533873
v -3.47640365 4.48378754 6.03496886
v -3.50153869 4.42696142 5.94447661
v -3.72666877 4.16684103 5.10115004
v -3.70797675 4.18741322 5.14945937
v -3.53868431 4.23820591 5.27371168
v -3.59131378 4.23170185 5.25655318
v -3.50553077 4.47862387 5.05250883
v -3.51315254 4.43346596 5.15280485
v -3.57221168 4.38466930 5.16757155
v -3.62190956 4.33368444 5.17126799
v -3.63857406 4.22067022 5.22914076
v -3.67811721 4.20565844 5.19284392
v -3.73185867 3.87427020 5.56592894
v -3.71285957 3.92627025 5.56592894
v -3.54400962 4.05887032 5.56592894
v -3.59633201 4.04078054 5.56592894
v -3.66291755 4.05323696 5.76578093
v -3.68287986 3.97281384 5.56592894
v -3.64339202 4.01161861 5.56592894
v -3.73185485 3.87426686 5.54452086
v -3.71285385 3.92626643 5.54471541
v -3.59633010 4.04077768 5.54471541
v -3.54400772 4.05886841 5.54452086
v -3.66292137 4.05300188 5.34642744
v -3.64339012 4.01161480 5.54481459
v -3.68287605 3.97281003 5.54481459
v 15.25856835 3.46959996 7.86666823
v -3.36980575 3.46959996 7.86666823
v 15.25856835 3.49987602 7.81855727
v -3.36980575 3.49987602 7.81855727
v 15.25856835 3.51850104 7.76485014
v -3.36980575 3.51850104 7.76485014
v 15.25856835 3.52451229 7.70832396
v -3.36980575 3.52451229 7.70832396
v 15.25856835 3.51759911 7.65190459
v -3.36980575 3.51759911 7.65190459
v 15.25856835 3.49811864 7.59850264
v -3.36980575 3.49811864 7.59850264
v 24.73282677 3.49811864 -0.23288774
v 24.89253193 3.49811864 -1.55489015
v 24.78527505 3.51759911 -0.22283983
v 24.94586426 3.51759911 -1.55215883
v 24.84068925 3.52451229 -0.21222353
v 25.00221211 3.52451229 -1.54927492
v 24.89620453 3.51850104 -0.20158434
v 25.05866391 3.51850104 -1.54638719
v 24.94895131 3.49987602 -0.19147920
v 25.11229951 3.49987602 -1.54364061
v 24.99620301 3.46959996 -0.18242693
v 25.16034752 3.46959996 -1.54118013
v 24.39258916 3.49811864 1.05452681
v 24.44315392 3.51759911 1.07170058
v 24.49657780 3.52451229 1.08984709
v 24.55009991 3.51850104 1.10802794
v 24.60095269 3.49987602 1.12530089
v 24.64650685 3.46959996 1.14077711
v 23.87830311 3.49811864 2.28282118
v 23.92602021 3.51759911 2.30679274
v 23.97643620 3.52451229 2.33212614
v 24.02694470 3.51850104 2.35750151
v 24.07493455 3.49987602 2.38161421
v 24.11792332 3.46959996 2.40321303
v 23.19976670 3.49811864 3.42858839
v 23.24372775 3.51759911 3.45890379
v 23.29017502 3.52451229 3.49093962
v 23.33670766 3.51850104 3.52302885
v 23.38091904 3.49987602 3.55351973
v 23.42052418 3.46959996 3.58083296
v 22.36991078 3.49811864 4.46999693
v 22.40927798 3.51759911 4.50608015
v 22.45087153 3.52451229 4.54420424
v 22.49254138 3.51850104 4.58239699
v 22.53213269 3.49987602 4.61868620
v 22.56759936 3.46959996 4.65119505
v 21.40454775 3.49811864 5.38720656
v 21.43857056 3.51759911 5.42836714
v 21.47451789 3.52451229 5.47185469
v 21.51053101 3.51850104 5.51542235
v 21.54474837 3.49987602 5.55681563
v 21.57539994 3.46959996 5.59389830
v 20.32207257 3.49811864 6.16273451
v 20.35010344 3.51759911 6.20818663
v 20.37971932 3.52451229 6.25620985
v 20.40938956 3.51850104 6.30432463
v 20.43758017 3.49987602 6.35003615
v 20.46283347 3.46959996 6.39098692
v 19.14311225 3.49811864 6.78180266
v 19.16461641 3.51759911 6.83068419
v 19.18733698 3.52451229 6.88233137
v 19.21009881 3.51850104 6.93407011
v 19.23172552 3.49987602 6.98323012
v 19.25109893 3.46959996 7.02726698
v 17.89013178 3.49811864 7.23261977
v 17.90469963 3.51759911 7.28399611
v 17.92009145 3.52451229 7.33827925
v 17.93551165 3.51850104 7.39266157
v 17.95016247 3.49987602 7.44433165
v 17.96328694 3.46959996 7.49061537
v 16.58700687 3.49811864 7.50659514
v 16.59436089 3.51759911 7.55948592
v 16.60213083 3.52451229 7.61537123
v 16.60991496 3.51850104 7.67135954
v 16.61731083 3.49987602 7.72455168
v 16.62393624 3.46959996 7.77220488
v -3.74259513 3.25841904 7.57760954
v -3.72364562 3.30521607 7.55474425
v -3.55472320 3.42419171 7.49558211
v -3.60709709 3.40805507 7.50385619
v -3.63532012 3.43283439 7.63838148
v -3.69368690 3.34706831 7.53418303
v -3.65418952 3.38191891 7.51693678
v -3.58261054 3.47007632 7.67565871
v -3.49319023 3.48372769 7.80544615
v -3.51819175 3.49908018 7.69971419
v 24.87388569 3.25611091 -1.92734956
v 24.85163838 3.30267644 -1.90877580
v 24.80178124 3.40576363 -1.79431581
v 24.79346139 3.42240047 -1.74271822
v 25.11819607 3.46382833 -1.69915819
v 25.01315648 3.49341488 -1.71120882
v 24.97072465 3.46527600 -1.77219057
v 24.81469781 3.37934828 -1.84061861
v 24.83158738 3.34442544 -1.87939119
v -3.74139350 3.32617664 7.05087996
v -3.72251457 3.36571598 7.08496428
v -3.55348915 3.46574163 7.17299986
v -3.60593360 3.45230579 7.16073180
v -3.67574829 3.33174491 7.31944228
v -3.69258254 3.40102887 7.11560011
v -3.65307372 3.43037462 7.14127684
v 24.35072857 3.32689118 -1.92576265
v 24.38528782 3.36703157 -1.90626955
v 24.47296960 3.46670628 -1.73259401
v 24.61760670 3.33238435 -1.85987520
v 24.41622883 3.40273619 -1.87539339
v 24.53801972 3.40657401 -1.78514528
v 24.46121651 3.45387673 -1.78628206
v 24.44197613 3.43218470 -1.83470583
v -3.55321830 3.48267746 7.15296889
v -3.60566085 3.46910954 7.14084959
v -3.65279716 3.44697189 7.12163878
v -3.69230598 3.41735601 7.09628249
v -3.72223991 3.38172197 7.06602812
v -3.74112075 3.34182620 7.03237105
v -3.67382186 3.42205858 7.12266875
v -3.67372840 3.42754865 7.11617232
v 24.45289475 3.48364067 -1.73237657
v 24.44128090 3.47067809 -1.78605318
v 24.42227799 3.44877958 -1.83445787
v 24.36630112 3.38303566 -1.90600252
v 24.39685303 3.41906095 -1.87513399
v 24.33218056 3.34253955 -1.92549181
v 24.41682870 3.42934585 -1.85598802
v -3.73467391 3.70521855 6.85918761
v -3.71617835 3.70581794 6.91201353
v -3.54660552 3.70521855 7.04725981
v -3.59942954 3.70581794 7.02876234
v -3.66993469 3.60389209 6.99662352
v -3.68639511 3.70612502 6.95939970
v -3.64681762 3.70612502 6.99898100
v -3.67195648 3.51060963 7.04076338
v 24.15945775 3.70528102 -1.91892290
v 24.21351678 3.70592523 -1.89944505
v 24.33072335 3.70592523 -1.77719545
v 24.34790951 3.70528102 -1.72236681
v 24.34233243 3.51211905 -1.85348940
v 24.30147320 3.70625615 -1.82666063
v 24.26170403 3.70625615 -1.86813783
v -3.54354232 3.88067889 7.04419661
v -3.59636634 3.88127828 7.02569914
v -3.64375442 3.88158584 6.99591780
v -3.68333190 3.88158584 6.95634032
v -3.71311515 3.88127828 6.90895033
v -3.73161071 3.88067889 6.85612822
v 24.34479386 3.87720704 -1.71929216
v 24.32761914 3.87785172 -1.77413988
v 24.15633923 3.87720704 -1.91592073
v 24.21040875 3.87785172 -1.89643144
v 24.28071744 3.82091546 -1.84652376
v 24.29837281 3.87818265 -1.82361650
v 24.25860173 3.87818265 -1.86511278
v -3.35739272 4.07926369 7.04112959
v -3.35739272 4.21474600 6.95618773
v -3.60613006 4.02419233 6.99463606
v -3.58509391 4.05038214 6.99772215
v -3.56637138 4.06967306 6.99998045
v -3.54092544 4.09133196 7.00248671
v -3.51853317 4.10687351 7.00427580
v -3.35739272 4.17613745 6.99415541
v -3.35739272 4.13025904 7.02291823
v 24.33268983 4.07926369 -1.52459764
v 24.24788720 4.21474600 -1.52949190
v 24.30231530 4.10443735 -1.69892168
v 24.31450898 4.13025904 -1.52564668
v 24.28579289 4.17613745 -1.52730226
v 24.30099255 4.08437681 -1.72676134
v 24.29915959 4.06147909 -1.75219774
v 24.29660374 4.03320217 -1.77733659
v 15.25856835 4.21474600 6.95618773
v 15.25856835 4.17613745 6.99415541
v 15.25856835 4.13025904 7.02291823
v 15.25856835 4.07926369 7.04112959
v 16.62867838 4.07926369 6.93727064
v 16.62593335 4.13025904 6.91926909
v 16.62159735 4.17613745 6.89083433
v 16.61587400 4.21474600 6.85329771
v 17.96747715 4.07926369 6.62807036
v 17.96204955 4.13025904 6.61068678
v 17.95347697 4.17613745 6.58322859
v 17.94216091 4.21474600 6.54698515
v 19.24436862 4.07926369 6.12058974
v 19.23638279 4.13025904 6.10422087
v 19.22376901 4.17613745 6.07837248
v 19.20711905 4.21474600 6.04424620
v 20.43017155 4.07926369 5.42642927
v 20.41980988 4.13025904 5.41145277
v 20.40344340 4.17613745 5.38779784
v 20.38184029 4.21474600 5.35657454
v 21.49778706 4.07926369 4.56145048
v 21.48528630 4.13025904 4.54820967
v 21.46554143 4.17613745 4.52728987
v 21.43947846 4.21474600 4.49967909
v 22.42281634 4.07926369 3.54542494
v 22.40846211 4.13025904 3.53421736
v 22.38578993 4.17613745 3.51651717
v 22.35586268 4.21474600 3.49314833
v 23.18411929 4.07926369 2.40156889
v 23.16824013 4.13025904 2.39265395
v 23.14315850 4.17613745 2.37857008
v 23.11005074 4.21474600 2.35998488
v 23.76429803 4.07926369 1.15602446
v 23.74725682 4.13025904 1.14960432
v 23.72033841 4.17613745 1.13946486
v 23.68480736 4.21474600 1.12607909
v 24.15009362 4.07926369 -0.16274309
v 24.13227898 4.13025904 -0.16651964
v 24.10414082 4.17613745 -0.17248964
v 24.06699807 4.21474600 -0.18036318
v -6.06303543 4.08198738 12.64857817
v -6.06303543 4.08198738 -1.54193926
v -6.08131355 4.13307142 12.64857817
v -6.08131355 4.13307142 -1.54193926
v -6.11018318 4.17900848 12.64857817
v -6.11018318 4.17900848 -1.54193926
v -6.14828437 4.21763563 12.64857817
v -6.14828437 4.21763563 -1.54193926
v -6.05994743 3.88347602 12.83472395
v -6.07844299 3.88407540 12.88754607
v -6.24801772 3.88347602 13.02279234
v -6.19519370 3.88407540 13.00429488
v -6.10958045 4.02704620 12.89733839
v -6.10822814 3.88438249 12.93493605
v -6.14780563 3.88438249 12.97451353
v -6.10650581 4.05323839 12.87630034
v -6.10425704 4.07253599 12.85757017
v -6.10176223 4.09419394 12.83211851
v -6.09998077 4.10973454 12.80972624
v -6.05994743 3.88347602 -1.72808122
v -6.07844299 3.88407540 -1.78090715
v -6.19519370 3.88407540 -1.89765596
v -6.24801772 3.88347602 -1.91615343
v -6.10052055 4.10545111 -1.70964479
v -6.10277313 4.08539963 -1.73648119
v -6.10539192 4.06273794 -1.76079607
v -6.10866111 4.03492832 -1.78472566
v -6.14780563 3.88438249 -1.86787080
v -6.10822814 3.88438249 -1.82829332
v -6.05691284 3.70958018 12.83776045
v -6.07540840 3.71017957 12.89058256
v -6.10519164 3.71048665 12.93797255
v -6.14476913 3.71048665 12.97755003
v -6.19215721 3.71017957 13.00733137
v -6.24498123 3.70958018 13.02582884
v -6.05691284 3.70958018 -1.73111772
v -6.07540840 3.71017957 -1.78393984
v -6.10519164 3.71048665 -1.83132982
v -6.14476913 3.71048665 -1.87090730
v -6.19215721 3.71017957 -1.90069246
v -6.24498123 3.70958018 -1.91918611
v -6.07088798 3.34542346 13.03228712
v -6.03732818 3.38540125 13.01340437
v -5.95064300 3.48657036 12.84438658
v -5.96272605 3.47297215 12.89682722
v -6.10745757 3.60796809 12.96109343
v -6.06307739 3.51447654 12.96312285
v -5.98188156 3.45078707 12.94396544
v -6.00716537 3.42110920 12.98347044
v -6.07088798 3.34542346 -1.92564821
v -6.03732818 3.38540125 -1.90676546
v -5.95064300 3.48657036 -1.73774385
v -5.96272605 3.47297215 -1.79018449
v -6.06307739 3.51447654 -1.85648012
v -6.00716537 3.42110920 -1.87683153
v -5.98188156 3.45078707 -1.83732271
v -6.10745757 3.60796809 -1.85445451
v -5.98081344 3.42589545 12.96498823
v -5.98731178 3.43135977 12.96489287
v -5.93060439 3.46971345 -1.73801469
v -5.94283813 3.45624661 -1.79045915
v -5.96223586 3.43426681 -1.83759737
v -6.01838630 3.36946964 -1.90704012
v -5.98783821 3.40485787 -1.87710619
v -6.05237144 3.32984662 -1.92591905
v -5.98731178 3.43135977 -1.85825395
v -5.98081344 3.42589545 -1.85834551
v -5.52547019 3.26339626 13.03373671
v -5.54845565 3.31013680 13.01478911
v -5.59960121 3.41284943 12.89823866
v -5.60791725 3.42896485 12.84586668
v -5.68321556 3.33742476 12.96687651
v -5.62950080 3.34989119 12.96660567
v -5.58645385 3.38674617 12.94533491
v -5.56912177 3.35193825 12.98482848
v -5.52547019 3.26339626 -1.92709779
v -5.54845565 3.31013680 -1.90814638
v -5.60791725 3.42896485 -1.73922395
v -5.59960121 3.41284943 -1.79159975
v -5.78382438 3.33607984 -1.86026430
v -5.56912177 3.35193825 -1.87818956
v -5.58645385 3.38674617 -1.83869219
v -5.23695129 3.47528982 12.66094542
v -5.50518554 3.50314450 12.66094542
v -5.45183319 3.52275705 12.66094542
v -5.46513694 3.43796110 12.92645979
v -5.42795509 3.47529459 12.87375212
v -5.29820579 3.48926592 12.78432799
v -5.28513664 3.50544667 12.66094542
v -5.33888763 3.52393866 12.66094542
v -5.40397399 3.50435734 12.80933333
v -5.39542716 3.52980995 12.66094542
v -5.23695129 3.47528982 -1.55430650
v -5.50518554 3.50314450 -1.55430650
v -5.45183319 3.52275705 -1.55430650
v -5.28360122 3.46880317 -1.70692491
v -5.28513664 3.50544667 -1.55430650
v -5.33888763 3.52393866 -1.55430650
v -5.38913291 3.49924779 -1.71435976
v -5.39542716 3.52980995 -1.55430650
v -5.43240493 3.47165179 -1.77328920
v -5.46877616 3.43525076 -1.82278871
v -8.08234924 4.51252794 -1.53796816
v -8.08234924 4.51252794 12.64460707
v -8.02610725 4.50427723 12.64460707
v -8.02610725 4.50427723 -1.53796816
v -7.97318214 4.48353434 12.64460707
v -7.97318214 4.48353434 -1.53796816
v -7.92631286 4.45137262 12.64460707
v -7.92631286 4.45137262 -1.53796816
v -7.88791793 4.40945339 12.64460707
v -7.88791793 4.40945339 -1.53796816
v -7.85998672 4.35994530 12.64460707
v -7.85998672 4.35994530 -1.53796816
v -8.00265067 4.16600752 13.01791334
v -7.95437950 4.18667030 12.99922133
v -7.83023208 4.23769712 12.82992888
v -7.84737724 4.23116064 12.88255644
v -8.05188506 4.47769833 12.79677916
v -7.95150321 4.43272924 12.80439711
v -7.93664497 4.38396025 12.86345625
v -7.93284934 4.33298159 12.91315413
v -7.87476486 4.22007704 12.92981673
v -7.91103309 4.20499706 12.96935988
v -8.00265067 4.16600752 -1.91127443
v -7.95437950 4.18667030 -1.89257860
v -7.83023208 4.23769712 -1.72328996
v -7.84737724 4.23116064 -1.77591753
v -7.93384117 4.33736372 -1.80353594
v -7.91103309 4.20499706 -1.86272096
v -7.87476486 4.22007704 -1.82317781
v -7.93764251 4.38956738 -1.75063753
v -8.02727264 4.48378754 -1.66099214
v -7.93678420 4.42696142 -1.68612718
v -7.55823463 3.87427020 13.02308989
v -7.55823463 3.92627025 13.00408888
v -7.55823463 4.04078054 12.88756132
v -7.55823463 4.05887032 12.83523894
v -7.75808662 4.05323696 12.95414687
v -7.55823463 4.01161861 12.93462324
v -7.55823463 3.97281384 12.97410918
v -7.55823463 3.87427020 -1.91644716
v -7.55823463 3.92627025 -1.89744615
v -7.55823463 4.05887032 -1.72859621
v -7.55823463 4.04078054 -1.78092241
v -7.75808662 4.05323696 -1.84750795
v -7.55823463 3.97281384 -1.86747026
v -7.55823463 4.01161861 -1.82798052
v -7.53823417 3.87427020 13.02308989
v -7.53823417 3.92627025 13.00408888
v -7.53823417 3.97281384 12.97410918
v -7.53823417 4.01161861 12.93462324
v -7.53823417 4.04078054 12.88756132
v -7.53823417 4.05887032 12.83523894
v -7.53823417 3.87427020 -1.91644716
v -7.53823417 3.92627025 -1.89744615
v -7.53823417 3.97281384 -1.86747026
v -7.53823417 4.01161861 -1.82798052
v -7.53823417 4.04078054 -1.78092241
v -7.53823417 4.05887032 -1.72859621
v -7.09345764 4.16684198 13.01789809
v -7.14176696 4.18741465 12.99920607
v -7.24885696 4.23170424 12.88254500
v -7.26601547 4.23820829 12.82991362
v -7.33809799 4.05342484 12.95414305
v -7.22144836 4.22067213 12.92980528
v -7.18514961 4.20565987 12.96934843
v -7.09345764 4.16684198 -1.91125917
v -7.14176696 4.18741465 -1.89256715
v -7.26601547 4.23820829 -1.72327470
v -7.24885696 4.23170424 -1.77590227
v -7.33809799 4.05342484 -1.84750032
v -7.18514961 4.20565987 -1.86270570
v -7.22144836 4.22067213 -1.82316255
v -7.01441711 4.51351023 12.64459181
v -7.23649162 4.36051035 12.64459181
v -7.20865196 4.41007090 12.64459181
v -7.16259330 4.33806944 12.91015959
v -7.15888923 4.39027977 12.85726500
v -7.06943839 4.48466682 12.76761580
v -7.07064384 4.50515366 12.64459181
v -7.12352889 4.48431158 12.64459181
v -7.15982002 4.42767143 12.79275084
v -7.17033904 4.45206165 12.64459181
v -7.01441711 4.51351023 -1.53794908
v -7.23649162 4.36051035 -1.53794908
v -7.20865196 4.41007090 -1.53794908
v -7.04481452 4.47862387 -1.69012117
v -7.07064384 4.50515366 -1.53794908
v -7.12352889 4.48431158 -1.53794908
v -7.14511054 4.43346691 -1.69773912
v -7.17033904 4.45206165 -1.53794908
v -7.15987724 4.38467073 -1.75679826
v -7.16357559 4.33368540 -1.80649995
v -9.56991523 3.25841904 -1.92718553
v -9.54704803 3.30521607 -1.90823412
v -9.48788970 3.42419171 -1.73931169
v -9.85897201 3.46959996 -1.55439424
v -9.49616187 3.40805507 -1.79168749
v -9.59080642 3.49811864 -1.55439424
v -9.64420837 3.51759911 -1.55439424
v -9.63068717 3.43283439 -1.81990862
v -9.52648681 3.34706831 -1.87827730
v -9.50924247 3.38191891 -1.83877992
v -9.66796440 3.47007632 -1.76720094
v -9.79774993 3.48372769 -1.67778062
v -9.81086295 3.49987602 -1.55439424
v -9.75715583 3.51850104 -1.55439424
v -9.69201797 3.49908018 -1.70278215
v -9.70063156 3.52451229 -1.55439424
v -9.85897201 3.46959996 12.66103316
v -9.81086295 3.49987602 12.66103316
v -9.75715583 3.51850104 12.66103316
v -9.70063156 3.52451229 12.66103316
v -9.64420837 3.51759911 12.66103316
v -9.59080642 3.49811864 12.66103316
v -9.04318374 3.32617664 -1.92598390
v -9.07726997 3.36571598 -1.90710497
v -9.16530555 3.46574163 -1.73807954
v -9.15303748 3.45230579 -1.79052400
v -9.31174796 3.33174491 -1.86033678
v -9.10790580 3.40102887 -1.87717104
v -9.13358444 3.43037462 -1.83766222
v -9.81230300 3.46322918 12.81365919
v -9.70684760 3.49393392 12.82109022
v -9.66350501 3.46644449 12.88001967
v -9.62704223 3.43013287 12.92951918
v -9.14527458 3.48267746 -1.73780870
v -9.13315528 3.46910954 -1.79024934
v -9.11394447 3.44697189 -1.83738756
v -9.08858627 3.41735601 -1.87689638
v -9.05833190 3.38172197 -1.90682649
v -9.02467483 3.34182620 -1.92570924
v -9.11497253 3.42205858 -1.85841036
v -9.10847801 3.42754865 -1.85831880
v -9.04318374 3.32617664 13.03262282
v -9.07726997 3.36571598 13.01374388
v -9.16530555 3.46574163 12.84471846
v -9.15303748 3.45230579 12.89716292
v -9.27299636 3.33901882 12.96682310
v -9.19272941 3.36878514 12.96617842
v -9.13358444 3.43037462 12.94430495
v -9.10790580 3.40102887 12.98381377
v -8.85149520 3.70521855 -1.91926241
v -8.90431732 3.70581794 -1.90076875
v -9.03956359 3.70521855 -1.73119402
v -9.02106803 3.70581794 -1.78401613
v -8.98892730 3.60389209 -1.85452318
v -8.95170730 3.70612502 -1.87098360
v -8.99128478 3.70612502 -1.83140611
v -9.03306716 3.51060963 -1.85654497
v -9.14527458 3.48267746 12.84444762
v -9.13315528 3.46910954 12.89689207
v -9.11394447 3.44697189 12.94402647
v -9.05833190 3.38172197 13.01346922
v -9.08858627 3.41735601 12.98353529
v -9.02467483 3.34182620 13.03235197
v -9.10847801 3.42754865 12.96495772
v -9.11497253 3.42205858 12.96504927
v -9.03650039 3.88067889 -1.72813081
v -9.01800483 3.88127828 -1.78095674
v -8.98822158 3.88158584 -1.82834291
v -8.94864410 3.88158584 -1.86792040
v -8.90125602 3.88127828 -1.89770555
v -8.84843200 3.88067889 -1.91619920
v -8.85149520 3.70521855 13.02590514
v -8.90431732 3.70581794 13.00740767
v -9.03956359 3.70521855 12.83783675
v -9.02106803 3.70581794 12.89065886
v -9.03306716 3.51060963 12.96318770
v -8.98892730 3.60389209 12.96116591
v -8.99128478 3.70612502 12.93804884
v -8.95170730 3.70612502 12.97762633
v -9.03343528 4.07926369 -1.54198122
v -8.94849342 4.21474600 -1.54198122
v -8.98694175 4.02419233 -1.79071855
v -8.99002975 4.05038214 -1.76968431
v -8.99228614 4.06967306 -1.75096178
v -8.99479240 4.09133196 -1.72551393
v -8.99658149 4.10687351 -1.70312166
v -8.98646110 4.17613745 -1.54198122
v -9.01522582 4.13025904 -1.54198122
v -9.03650039 3.88067889 12.83477354
v -9.01800483 3.88127828 12.88759566
v -8.98822158 3.88158584 12.93498564
v -8.94864410 3.88158584 12.97456313
v -8.90125602 3.88127828 13.00434447
v -8.84843200 3.88067889 13.02284193
v -8.94849342 4.21474600 12.64862395
v -8.98646110 4.17613745 12.64862395
v -9.01522582 4.13025904 12.64862395
v -9.03343528 4.07926369 12.64862395
v -8.99603980 4.10259247 12.81632185
v -8.99377578 4.08253860 12.84315443
v -8.99114746 4.05987787 12.86746931
v -8.98786300 4.03207588 12.89138747
v -24.75821250 3.26107883 -1.92726564
v -24.73585075 3.30758691 -1.90869188
v -24.67736381 3.42716622 -1.74265337
v -24.68572944 3.41054845 -1.79424715
v -25.04412025 3.47528982 -1.54111910
v -24.77623695 3.50314450 -1.55484056
v -24.82952064 3.52275705 -1.55211305
v -24.80834144 3.42632866 -1.83005571
v -24.71569389 3.34928441 -1.87931490
v -24.69871467 3.38416433 -1.84054231
v -24.90525001 3.44335675 -1.80379152
v -24.84292167 3.46093416 -1.78706407
v -24.86064857 3.47567749 -1.76312303
v -24.86976188 3.48357654 -1.74803972
v -24.98675102 3.48963165 -1.66986513
v -24.99599784 3.50544667 -1.54358339
v -24.94231742 3.52393866 -1.54633379
v -24.80847114 3.48682618 -1.72370958
v -24.88663047 3.50837183 -1.68597078
v -24.88585227 3.52980995 -1.54922533
v -16.47478240 3.50314450 7.50189925
v -15.14702361 3.50314450 7.59376097
v -16.48212951 3.52275705 7.55474425
v -15.14702361 3.52275705 7.64711333
v -16.48989623 3.52980995 7.61061430
v -15.14702361 3.52980995 7.70351744
v -16.49768203 3.52393866 7.66661406
v -15.14702361 3.52393866 7.76005888
v -16.50508445 3.50544667 7.71985579
v -15.14702361 3.50544667 7.81380797
v -16.51172012 3.47528982 7.76758147
v -15.14702361 3.47528982 7.86199522
v -17.77724021 3.50314450 7.22807265
v -17.79179710 3.52275705 7.27940321
v -17.80718177 3.52980995 7.33366728
v -17.82260841 3.52393866 7.38806486
v -17.83726829 3.50544667 7.43977690
v -17.85041374 3.47528982 7.48613692
v -19.02958625 3.50314450 6.77749586
v -19.05107063 3.52275705 6.82633162
v -19.07378333 3.52980995 6.87795973
v -19.09654945 3.52393866 6.92971373
v -19.11819404 3.50544667 6.97891569
v -19.13759559 3.47528982 7.02302122
v -20.20794624 3.50314450 6.15875197
v -20.23595374 3.52275705 6.20416594
v -20.26555961 3.52980995 6.25217390
v -20.29523795 3.52393866 6.30030012
v -20.32345146 3.50544667 6.34605360
v -20.34874290 3.47528982 6.38706541
v -21.28987831 3.50314450 5.38363600
v -21.32387107 3.52275705 5.42475844
v -21.35980552 3.52980995 5.46823454
v -21.39582771 3.52393866 5.51181364
v -21.43007224 3.50544667 5.55324507
v -21.46077293 3.47528982 5.59038496
v -22.25476020 3.50314450 4.46691084
v -22.29409355 3.52275705 4.50295973
v -22.33567375 3.52980995 4.54107619
v -22.37735313 3.52393866 4.57927656
v -22.41697639 3.50544667 4.61560011
v -22.45249885 3.47528982 4.64815855
v -23.08421272 3.50314450 3.42604781
v -23.12813133 3.52275705 3.45634032
v -23.17456382 3.52980995 3.48836470
v -23.22111076 3.52393866 3.52046538
v -23.26535743 3.50544667 3.55098296
v -23.30502265 3.47528982 3.57833815
v -23.76242393 3.50314450 2.28087950
v -23.81010002 3.52275705 2.30483580
v -23.86049980 3.52980995 2.33015776
v -23.91101783 3.52393866 2.35554457
v -23.95904868 3.50544667 2.37967635
v -24.00210517 3.47528982 2.40131331
v -24.27647727 3.50314450 1.05322600
v -24.32699531 3.52275705 1.07038832
v -24.38040107 3.52980995 1.08853102
v -24.43393653 3.52393866 1.10671568
v -24.48483222 3.50544667 1.12400771
v -24.53045982 3.47528982 1.13950682
v -24.61657279 3.50314450 -0.23352098
v -24.66897529 3.52275705 -0.22347688
v -24.72437232 3.52980995 -0.21286440
v -24.77990287 3.52393866 -0.20222139
v -24.83269447 3.50544667 -0.19210863
v -24.88001579 3.47528982 -0.18303728
v -24.23487037 3.33056092 -1.92569780
v -24.26932472 3.37078476 -1.90620851
v -24.35675376 3.47067761 -1.73254060
v -24.34503501 3.45781684 -1.78622865
v -24.50144142 3.33674884 -1.85980653
v -24.30017799 3.40656447 -1.87533235
v -24.32585090 3.43607664 -1.83464861
v -24.59812873 3.38599849 -1.78948259
v -11.72153419 3.47528982 7.86199522
v -11.72153419 3.50544667 7.81380797
v -11.72153419 3.52393866 7.76005888
v -11.72153419 3.52980995 7.70351744
v -11.72153419 3.52275705 7.64711333
v -11.72153419 3.50314450 7.59376097
v -24.33667320 3.48753333 -1.73232698
v -24.32509178 3.47454023 -1.78599977
v -24.30614417 3.45259428 -1.83440447
v -24.28079551 3.42281342 -1.87507295
v -24.25033515 3.38671446 -1.90594148
v -24.21631568 3.34613657 -1.92543077
v -24.30725044 3.42769289 -1.85601473
v -11.56891387 3.46880317 7.81534529
v -11.56148094 3.49924779 7.70981169
v -11.50254959 3.47165179 7.66654158
v -11.45305198 3.43525076 7.63016844
v -24.04268211 3.70964265 -1.91884660
v -24.09674018 3.71028686 -1.89936876
v -24.23113197 3.70964265 -1.72228288
v -24.21394676 3.71028686 -1.77711534
v -24.18203300 3.60923600 -1.85088777
v -24.14492744 3.71061778 -1.86806154
v -24.18469566 3.71061778 -1.82658052
v -11.34992164 3.32984662 7.04657317
v -11.36880058 3.36946964 7.08055830
v -11.53782409 3.46971345 7.16834212
v -11.48537963 3.45624661 7.15610838
v -11.41573470 3.34339643 7.27576781
v -11.41637557 3.37296033 7.19573927
v -11.43824142 3.43426681 7.13671065
v -11.39873260 3.40485787 7.11110640
v -24.22804588 3.88002086 -1.71923494
v -24.21087211 3.88066554 -1.77408266
v -24.03958839 3.88002086 -1.91587114
v -24.09366172 3.88066554 -1.89638185
v -24.16498512 3.76745248 -1.84746217
v -24.14185279 3.88099647 -1.86506319
v -24.18162483 3.88099647 -1.82356691
v -11.53809303 3.48657036 7.14830351
v -11.48565429 3.47297215 7.13621855
v -11.43851608 3.45078707 7.11706496
v -11.36907524 3.38540125 7.06161833
v -11.39900916 3.42110920 7.09178114
v -11.35019248 3.34542346 7.02805662
v -11.41758674 3.43135977 7.11163283
v -11.41749328 3.42589545 7.11813307
v -24.21591514 4.08198738 -1.52455949
v -24.13080543 4.21763563 -1.52947282
v -24.17786353 4.01604700 -1.79198885
v -24.18048423 4.04360533 -1.77119112
v -24.18246406 4.06610203 -1.75041246
v -24.18408149 4.08654833 -1.72760439
v -24.18544715 4.10664845 -1.69981432
v -24.16884178 4.17900848 -1.52727556
v -24.19766563 4.13307142 -1.52561235
v -11.35665267 3.70958018 6.85396529
v -11.37514823 3.71017957 6.90678740
v -11.54472106 3.70958018 7.04203368
v -11.49189895 3.71017957 7.02353621
v -11.41935867 3.51447654 7.03586912
v -11.42138618 3.60796809 6.99148894
v -11.44450897 3.71048665 6.99375487
v -11.40493148 3.71048665 6.95417738
v -15.14702361 4.08198738 7.03591109
v -24.03337806 4.08198738 -0.16352892
v -24.01549858 4.13307142 -0.16732073
v -23.98725456 4.17900848 -0.17330980
v -23.94998496 4.21763563 -0.18121385
v -23.64777320 4.08198738 1.15443755
v -23.63066810 4.13307142 1.14799452
v -23.60365241 4.17900848 1.13781691
v -23.56799644 4.21763563 1.12438536
v -23.06790489 4.08198738 2.39921904
v -23.05196708 4.13307142 2.39027357
v -23.02679389 4.17900848 2.37613631
v -22.99357170 4.21763563 2.35748625
v -22.30702918 4.08198738 3.54237318
v -22.29262489 4.13307142 3.53112364
v -22.26987022 4.17900848 3.51335860
v -22.23983711 4.21763563 3.48990965
v -21.38253349 4.08198738 4.55777312
v -21.36998695 4.13307142 4.54447890
v -21.35016960 4.17900848 4.52348662
v -21.32401603 4.21763563 4.49578047
v -20.31554359 4.08198738 5.42221403
v -20.30514472 4.13307142 5.40718031
v -20.28871864 4.17900848 5.38343764
v -20.26703971 4.21763563 5.35210753
v -19.13044303 4.08198738 6.11594344
v -19.12242835 4.13307142 6.09951353
v -19.10976737 4.17900848 6.07356978
v -19.09305900 4.21763563 6.03932524
v -17.85431236 4.08198738 6.62310744
v -17.84886497 4.13307142 6.60565901
v -17.84025901 4.17900848 6.57810164
v -17.82890647 4.21763563 6.54173231
v -16.51631301 4.08198738 6.93211699
v -16.51355689 4.13307142 6.91404677
v -15.14702361 4.13307142 7.01763106
v -15.14702361 4.17900848 6.98876143
v -16.50920623 4.17900848 6.88550520
v -16.50346321 4.21763563 6.84784270
v -15.14702361 4.21763563 6.95066023
v -11.54775756 3.88347602 7.03899718
v -11.49493354 3.88407540 7.02050352
v -11.44754547 3.88438249 6.99071837
v -11.40796798 3.88438249 6.95114088
v -11.37818473 3.88407540 6.90375090
v -11.35968727 3.88347602 6.85092879
v -11.73390144 4.21763563 6.95066023
v -11.73390144 4.17900848 6.98876143
v -11.73390144 4.13307142 7.01763106
v -11.73390144 4.08198738 7.03591109
v -11.56619590 4.10545111 6.99842406
v -11.53935951 4.08539963 6.99617339
v -11.51504081 4.06273794 6.99355269
v -11.49111503 4.03492832 6.99028349
v -15.14702361 4.51351023 6.08452940
v -23.03718894 4.35383368 -1.51736879
v -16.33160156 4.35388565 5.77055312
v -15.14702361 4.36051035 5.86245299
v -16.33497184 4.39829636 5.79280424
v -15.14702361 4.41007090 5.89029265
v -16.34065383 4.44439411 5.83029890
v -15.14702361 4.45206165 5.92860747
v -16.34780258 4.48016262 5.87749052
v -15.14702361 4.48431158 5.97541762
v -16.35602134 4.50361395 5.93173552
v -15.14702361 4.50515366 6.02830077
v -16.36484474 4.51339912 5.98997450
v -17.48944801 4.35388565 5.50488615
v -17.49611228 4.39829636 5.52638197
v -17.50734657 4.44439411 5.56260252
v -17.52148384 4.48016262 5.60819197
v -17.53773826 4.50361395 5.66059065
v -17.55518287 4.51339912 5.71685362
v -18.59443229 4.35388565 5.06877470
v -18.60424369 4.39829636 5.08902693
v -18.62077659 4.44439411 5.12316084
v -18.64158195 4.48016262 5.16611433
v -18.66550010 4.50361395 5.21548796
v -18.69118064 4.51339912 5.26850081
v -19.62162345 4.35388565 4.47206068
v -19.63435691 4.39829636 4.49061537
v -19.65581458 4.44439411 4.52188444
v -19.68282264 4.48016262 4.56123686
v -19.71386665 4.50361395 4.60647154
v -19.74719566 4.51339912 4.65504027
v -20.54783576 4.35388565 3.72820616
v -20.56320518 4.39829636 3.74464369
v -20.58910316 4.44439411 3.77234602
v -20.62170356 4.48016262 3.80720854
v -20.65917152 4.50361395 3.84728575
v -20.69940132 4.51339912 3.89031172
v -21.35216850 4.35388565 2.85400343
v -21.36982673 4.39829636 2.86795378
v -21.39958518 4.44439411 2.89146376
v -21.43703788 4.48016262 2.92105055
v -21.48008674 4.50361395 2.95505858
v -21.52630943 4.51339912 2.99157286
v -22.01647514 4.35388565 1.86917448
v -22.03602165 4.39829636 1.88032484
v -22.06896537 4.44439411 1.89910841
v -22.11042732 4.48016262 1.92275191
v -22.15808814 4.50361395 1.94993162
v -22.20925849 4.51339912 1.97911024
v -22.52576011 4.35388565 0.79594755
v -22.54675620 4.39829636 0.80404234
v -22.58214515 4.44439411 0.81768370
v -22.62667793 4.48016262 0.83484602
v -22.67787116 4.50361395 0.85457945
v -22.73283332 4.51339912 0.87576247
v -22.86852973 4.35388565 -0.34145784
v -22.89050620 4.39829636 -0.33660173
v -23.05972618 4.39815569 -1.51585054
v -22.92753547 4.44439411 -0.32841539
v -23.09741920 4.44431829 -1.51331758
v -22.97413963 4.48016262 -0.31811571
v -23.14498466 4.48013449 -1.51011705
v -23.02770942 4.50361395 -0.30627489
v -23.19977516 4.50338411 -1.50643205
v -23.25848716 4.51321697 -1.50248384
v -23.08522361 4.51339912 -0.29356432
v -23.26354926 4.51351023 -1.53690004
v -23.03779930 4.35388565 -1.52859163
v -23.03853172 4.35388565 -1.53981065
v -23.04191535 4.36051035 -1.55086183
v -23.06025642 4.39829636 -1.52711534
v -23.06098884 4.39829636 -1.53836488
v -23.06969779 4.41007090 -1.54911089
v -23.09809821 4.44439411 -1.52462434
v -23.09883445 4.44439411 -1.53592729
v -23.10793632 4.45206165 -1.54670381
v -23.14572471 4.48016262 -1.52148866
v -23.14646476 4.48016262 -1.53285646
v -23.15465110 4.48431158 -1.54375887
v -23.20046943 4.50361395 -1.51788377
v -23.20121330 4.50361395 -1.52933168
v -23.20743507 4.50515366 -1.54043626
v -23.25924629 4.51339912 -1.51401567
v -23.25999778 4.51339912 -1.52554750
v -11.73788970 4.51351023 6.08452940
v -11.73788970 4.50515366 6.02830077
v -11.73788970 4.48431158 5.97541762
v -11.73788970 4.45206165 5.92860747
v -11.73788970 4.41007090 5.89029265
v -11.73788970 4.36051035 5.86245299
v -23.19254249 4.16509199 -1.91162538
v -23.02086204 4.23669434 -1.73224306
v -23.03910774 4.22963428 -1.78279924
v -23.18353217 4.31381798 -1.85823488
v -23.14545387 4.18528032 -1.89391374
v -23.10290092 4.20330858 -1.86558199
v -23.06689018 4.21832848 -1.82795000
v -23.12628501 4.38167095 -1.76270342
v -23.21243614 4.48376513 -1.66302919
v -23.12948936 4.40637493 -1.73333406
v -23.07995170 4.36340094 -1.71734667
v -23.12480110 4.43463898 -1.67485094
v -11.36458152 4.16684198 6.00548888
v -11.38327354 4.18741465 5.95717955
v -11.55256599 4.23820829 5.83293104
v -11.49993652 4.23170424 5.85008955
v -11.58571952 4.47862387 6.05413008
v -11.57809966 4.43346691 5.95383406
v -11.51904052 4.38467073 5.93906737
v -11.46934074 4.33368540 5.93537093
v -11.45267623 4.22067213 5.87749815
v -11.41313308 4.20565987 5.91379500
v -22.74658912 3.87427020 -1.91644716
v -22.74658912 3.92627025 -1.89744615
v -22.74658912 4.05887032 -1.72859621
v -22.74658912 4.04078054 -1.78092241
v -22.94753211 4.05102348 -1.84981584
v -22.74658912 3.97281384 -1.86747026
v -22.74658912 4.01161861 -1.82798052
v -11.35939163 3.87427020 5.56071043
v -11.37839263 3.92627025 5.56071043
v -11.49491828 4.04078054 5.56071043
v -11.54724258 4.05887032 5.56071043
v -11.42833846 4.05342484 5.76084853
v -11.44785827 4.01161861 5.56071043
v -11.40837043 3.97281384 5.56071043
v -22.72656959 3.87690043 -1.91562318
v -22.72656577 3.93112206 -1.89472627
v -22.72656577 3.97916579 -1.86208391
v -22.72656577 4.01818848 -1.81906557
v -22.72656577 4.04616833 -1.76814699
v -22.72656959 4.06017828 -1.72176790
v -11.35939163 3.87427020 5.54070998
v -11.37839263 3.92627025 5.54070998
v -11.40837043 3.97281384 5.54070998
v -11.44785827 4.01161861 5.54070998
v -11.49491828 4.04078054 5.54070998
v -11.54724258 4.05887032 5.54070998
v -22.28218025 4.16804838 -1.91083955
v -22.33181327 4.18918848 -1.89099168
v -22.45515769 4.23947668 -1.71292925
v -22.43939918 4.23361444 -1.76789903
v -22.52697318 4.05572271 -1.84495592
v -22.37605232 4.20778751 -1.85934877
v -22.41255897 4.22286177 -1.81758165
v -22.63681739 4.05860043 -1.77047395
v -11.36456626 4.16600752 5.09629393
v -11.38326019 4.18667030 5.14456511
v -11.49992317 4.23116064 5.25156737
v -11.55255073 4.23769712 5.26871443
v -11.42833274 4.05323696 5.34085799
v -11.45266288 4.22007704 5.22418166
v -11.41311973 4.20499706 5.18791151
v -22.19334739 4.51252794 -1.53921938
v -22.41513008 4.35994530 -1.52320528
v -22.38727134 4.40945339 -1.52521562
v -22.22866386 4.47860003 -1.68911791
v -22.24944251 4.50427723 -1.53517198
v -22.30223030 4.48353434 -1.53135729
v -22.33086341 4.43513870 -1.69068575
v -22.34897941 4.45137262 -1.52798128
v -22.34807533 4.38714743 -1.75018358
v -22.35329002 4.33630991 -1.80132341
v -11.73787254 4.51252794 5.01659727
v -11.73787254 4.35994530 5.23895979
v -11.73787254 4.40945339 5.21102858
v -11.47230476 4.33736372 5.16510344
v -11.52520126 4.38956738 5.16130400
v -11.61484664 4.48378754 5.07167387
v -11.73787254 4.50427723 5.07283736
v -11.73787254 4.48353434 5.12576247
v -11.58971351 4.42696142 5.16216231
v -11.73787254 4.45137262 5.17263365
v -15.14702361 4.35994530 5.23895979
v -22.22759193 4.35994530 -0.32574510
v -22.20045417 4.40945339 -0.33234834
v -22.16314643 4.45137262 -0.34141969
v -22.11760276 4.48353434 -0.35250139
v -22.06618064 4.50427723 -0.36500978
v -22.01153129 4.51252794 -0.37830019
v -21.84416526 4.35994530 0.82406569
v -21.81849235 4.40945339 0.81305647
v -21.78320640 4.45137262 0.79792357
v -21.74013084 4.48353434 0.77944899
v -21.69148963 4.50427723 0.75859022
v -21.63980049 4.51252794 0.73642302
v -21.27545112 4.35994530 1.89441634
v -21.25196403 4.40945339 1.87930250
v -21.21967262 4.45137262 1.85853148
v -21.18025535 4.48353434 1.83317137
v -21.13574546 4.50427723 1.80453825
v -21.08844703 4.51252794 1.77411223
v -20.53719276 4.35994530 2.85569334
v -20.51653236 4.40945339 2.83689452
v -20.48813194 4.45137262 2.81105757
v -20.45346397 4.48353434 2.77951765
v -20.41431754 4.50427723 2.74390364
v -20.37271446 4.51252794 2.70605421
v -19.64981025 4.35994530 3.68130064
v -19.63255256 4.40945339 3.65934325
v -19.60882896 4.45137262 3.62915373
v -19.57986396 4.48353434 3.59230376
v -19.54716056 4.50427723 3.55069304
v -19.51240867 4.51252794 3.50647307
v -18.63785499 4.35994530 4.34840346
v -18.62447303 4.40945339 4.32388640
v -18.60608238 4.45137262 4.29018355
v -18.58362907 4.48353434 4.24904204
v -18.55827659 4.50427723 4.20258665
v -18.53133338 4.51252794 4.15321684
v -17.52932304 4.35994530 4.83854246
v -17.52019065 4.40945339 4.81214476
v -17.50764030 4.45137262 4.77586317
v -17.49231666 4.48353434 4.73156691
v -17.47501319 4.50427723 4.68155241
v -17.45662635 4.51252794 4.62839842
v -16.35488075 4.35994530 5.13815642
v -16.35025161 4.40945339 5.11061049
v -15.14702361 4.40945339 5.21102858
v -15.14702361 4.45137262 5.17263365
v -16.34388679 4.45137262 5.07274962
v -15.14702361 4.48353434 5.12576247
v -16.33611816 4.48353434 5.02652693
v -16.32734626 4.50427723 4.97433424
v -15.14702361 4.50427723 5.07283736
v -15.14702361 4.51252794 5.01659727
v -16.31802314 4.51252794 4.91887236
v -15.14702361 3.46959996 3.23997450
v -11.72144645 3.46959996 3.23997450
v -15.14702361 3.49987602 3.28808165
v -11.72144645 3.49987602 3.28808165
v -15.14702361 3.51850104 3.34178877
v -11.72144645 3.51850104 3.34178877
v -15.14702361 3.52451229 3.39831496
v -11.72144645 3.52451229 3.39831496
v -15.14702361 3.51759911 3.45473814
v -11.72144645 3.51759911 3.45473814
v -15.14702361 3.49811864 3.50814009
v -11.72144645 3.49811864 3.50814009
v -20.41408485 3.46959996 -1.57740068
v -20.49546760 3.49811864 -0.54286241
v -20.68118614 3.49811864 -1.55352831
v -20.44406455 3.51759911 -0.55732774
v -20.62799781 3.51759911 -1.55828523
v -20.38975089 3.52451229 -0.57261324
v -20.57179969 3.52451229 -1.56330537
v -20.33533805 3.51850104 -0.58792543
v -20.51549858 3.51850104 -1.56833696
v -20.28364128 3.49987602 -0.60247469
v -20.46200508 3.49987602 -1.57311678
v -20.23733085 3.46959996 -0.61550951
v -20.12681144 3.49811864 0.41632033
v -20.07894843 3.51759911 0.39263487
v -20.02838081 3.52451229 0.36761046
v -19.97771781 3.51850104 0.34254027
v -19.92958396 3.49987602 0.31871748
v -19.88646644 3.46959996 0.29737807
v -19.58782142 3.49811864 1.29120970
v -19.54513877 3.51759911 1.25911665
v -19.50004524 3.52451229 1.22520781
v -19.45486778 3.51850104 1.19123412
v -19.41194099 3.49987602 1.15895796
v -19.37348884 3.46959996 1.13004256
v -18.89693778 3.49811864 2.05188322
v -18.86089652 3.51759911 2.01247740
v -18.82281822 3.52451229 1.97084380
v -18.78466743 3.51850104 1.92913390
v -18.74842018 3.49987602 1.88950301
v -18.71595329 3.46959996 1.85400343
v -18.07779258 3.49811864 2.67231703
v -18.04962486 3.51759911 2.62694884
v -18.01986259 3.52451229 2.57901335
v -17.99004691 3.51850104 2.53099394
v -17.96171897 3.49987602 2.48536635
v -17.93633979 3.46959996 2.44449187
v -17.15840095 3.49811864 3.13129378
v -17.13906806 3.51759911 3.08151579
v -17.11864417 3.52451229 3.02891875
v -17.09818214 3.51850104 2.97623015
v -17.07873863 3.49987602 2.92616606
v -17.06132453 3.46959996 2.88131667
v -16.17021125 3.49811864 3.41311598
v -16.16037696 3.51759911 3.36062575
v -16.14998573 3.52451229 3.30517149
v -16.13957733 3.51850104 3.24961043
v -16.12968582 3.49987602 3.19682265
v -16.12082618 3.46959996 3.14953566
v -11.34865516 3.25841904 3.52902937
v -11.36760467 3.30521607 3.55189848
v -11.53652900 3.42419171 3.61105681
v -11.48415321 3.40805507 3.60278273
v -11.45593017 3.43283439 3.46825743
v -11.39756339 3.34706831 3.57245970
v -11.43706077 3.38191891 3.58970213
v -11.50863975 3.47007632 3.43098021
v -11.59806007 3.48372769 3.30119658
v -11.57305854 3.49908018 3.40692854
v -20.70611518 3.26256371 -1.92687654
v -20.73002571 3.30981112 -1.90723467
v -20.78252738 3.41222119 -1.78684663
v -20.79063743 3.42743015 -1.73306322
v -20.46781486 3.46235204 -1.72031831
v -20.57144111 3.49648666 -1.71535921
v -20.59226936 3.46277595 -1.78451204
v -20.61431449 3.47158170 -1.77002763
v -20.63625663 3.47768641 -1.75404024
v -20.66347068 3.44250774 -1.80823564
v -20.76922935 3.38659930 -1.83538866
v -20.75142616 3.35187197 -1.87621355
v -11.41552680 3.33292890 3.68598891
v -11.41579383 3.34526110 3.63255263
v -21.24088615 3.32517290 -1.92630052
v -21.20756858 3.36386681 -1.90831041
v -21.13225501 3.45008993 -1.79671144
v -21.11929649 3.46437812 -1.74612474
v -20.96790260 3.33070469 -1.86100053
v -21.15194648 3.42782497 -1.84196138
v -21.17745155 3.39862776 -1.87975359
v -11.53803199 3.48267746 3.95367003
v -11.48558944 3.46910954 3.96578932
v -11.43845313 3.44697189 3.98500014
v -11.39894431 3.41735601 4.01036024
v -11.36901229 3.38172197 4.04061461
v -11.35012954 3.34182620 4.07427168
v -11.41743034 3.42205858 3.98397398
v -11.41752189 3.42754865 3.99046660
v -21.13930839 3.48132157 -1.74573946
v -21.15209907 3.46690607 -1.79634905
v -21.17154258 3.44443703 -1.84162187
v -21.22647804 3.37988353 -1.90801668
v -21.19673103 3.41496873 -1.87943697
v -21.25938743 3.34082818 -1.92602205
v -21.17698615 3.42502666 -1.86169099
v -11.35657638 3.70521855 4.24745131
v -11.37507194 3.70581794 4.19462920
v -11.54464477 3.70521855 4.05938292
v -11.49182266 3.70581794 4.07787657
v -11.42131561 3.60389209 4.11001921
v -11.40485519 3.70612502 4.14723921
v -11.44443267 3.70612502 4.10766173
v -11.41929382 3.51060963 4.06587935
v -21.43366187 3.70513797 -1.91972398
v -21.38258308 3.70567870 -1.90255785
v -21.26678413 3.70567870 -1.79336214
v -21.24665397 3.70513797 -1.74337816
v -21.25375312 3.50809741 -1.86083269
v -21.29716056 3.70595574 -1.83787203
v -21.33636802 3.70595574 -1.87484407
v -11.54770797 3.88067889 4.06244612
v -11.49488395 3.88127828 4.08093977
v -11.44749587 3.88158584 4.11072493
v -11.40791839 3.88158584 4.15030241
v -11.37813514 3.88127828 4.19768858
v -11.35963958 3.88067889 4.25051451
v -21.24964851 3.88548017 -1.74032640
v -21.26979392 3.88602042 -1.79028749
v -21.43664497 3.88548017 -1.91657686
v -21.38558143 3.88602042 -1.89942217
v -21.31777137 3.82621837 -1.85534715
v -21.30017036 3.88629746 -1.83477449
v -21.33937400 3.88629746 -1.87172746
v -11.73385757 4.07926369 4.06550932
v -11.73385757 4.21474600 4.15045119
v -11.48512023 4.02419233 4.11200285
v -11.50615638 4.05038214 4.10891676
v -11.52487892 4.06967306 4.10665846
v -11.55032485 4.09133196 4.10415221
v -11.57271713 4.10687351 4.10236311
v -11.73385757 4.17613745 4.11248350
v -11.73385757 4.13025904 4.08372069
v -21.24155754 4.07926369 -1.56579256
v -21.32623618 4.21474600 -1.55909013
v -21.28770393 4.10029459 -1.72405672
v -21.25971168 4.13025904 -1.56435442
v -21.28838676 4.17613745 -1.56208467
v -21.29113334 4.08030415 -1.74949693
v -21.29472679 4.05799818 -1.77230501
v -21.29888099 4.03087139 -1.79460573
v -15.14702361 4.07926369 4.06550932
v -15.14702361 4.13025904 4.08372069
v -15.14702361 4.17613745 4.11248350
v -15.14702361 4.21474600 4.15045119
v -16.15576881 4.07926369 3.98171187
v -16.15877288 4.13025904 3.99967528
v -16.16351837 4.17613745 4.02804518
v -16.16978401 4.21474600 4.06549406
v -17.13685935 4.07926369 3.73262358
v -17.14278739 4.13025904 3.74984312
v -17.15214866 4.17613745 3.77704192
v -17.16450828 4.21474600 3.81294203
v -18.06340354 4.07926369 3.32506514
v -18.07209342 4.13025904 3.34107161
v -18.08581489 4.17613745 3.36635161
v -18.10392707 4.21474600 3.39972258
v -18.91000312 4.07926369 2.77021361
v -18.92121070 4.13025904 2.78456450
v -18.93891853 4.17613745 2.80723524
v -18.96228736 4.21474600 2.83716154
v -19.65344566 4.07926369 2.08327818
v -19.66686958 4.13025904 2.09558440
v -19.68807166 4.17613745 2.11502028
v -19.71606010 4.21474600 2.14068175
v -20.27335304 4.07926369 1.28308821
v -20.28862327 4.13025904 1.29301024
v -20.31274360 4.17613745 1.30868483
v -20.34458106 4.21474600 1.32937193
v -20.75273460 4.07926369 0.39158202
v -20.76943153 4.13025904 0.39884901
v -20.79580634 4.17613745 0.41032744
v -20.83062309 4.21474600 0.42547942
v -21.07844489 4.07926369 -0.56679964
v -21.09611457 4.13025904 -0.56238985
v -21.12401908 4.17613745 -0.55542040
v -21.16085761 4.21474600 -0.54621935
f 9694 9695 9713
f 533 9714 516
f 533 9694 9714
f 9715 5542 5548
f 5547 9715 5548
f 739 432 9716
f 740 739 9716
f 9702 5541 5543
f 9703 5541 9702
f 744 742 9705
f 9704 744 9705
f 685 744 9704
f 9694 9713 9714
f 9695 9699 9712
f 9695 9712 9713
f 9699 9700 9711
f 9699 9711 9712
f 9700 9697 9710
f 9700 9710 9711
f 9697 9696 9709
f 9697 9709 9710
f 9696 5578 9709
f 5578 5577 9709
f 9706 9688 9705
f 9721 750 9720
f 9709 5577 5576
f 9722 9705 742
f 9722 5541 9703
f 9722 9721 5545
f 9722 743 9721
f 9722 5545 5544
f 9722 5544 5541
f 9722 742 743
f 9722 9708 9705
f 9722 9707 9708
f 9722 9703 9707
f 9717 750 740
f 9721 9720 5545
f 9721 743 750
f 9720 750 9717
f 9720 9717 5546
f 9720 5546 5545
f 9717 740 9716
f 9717 9715 5547
f 9717 5547 5546
f 9717 9716 9719
f 9717 9719 9718
f 9717 9718 9715
f 9695 9694 532
f 9698 9695 532
f 9698 532 537
f 9698 9697 9700
f 9698 9700 9699
f 9698 9699 9695
f 9698 7426 7425
f 5538 7427 9679
f 9679 7427 9680
f 7425 5578 9696
f 7425 9696 9697
f 9683 539 9684
f 9684 539 541
f 9698 7425 9697
f 532 9694 533
f 9691 9689 7398
f 9691 7396 9673
f 9691 688 9688
f 9691 9675 699
f 9691 7398 7396
f 9691 9688 9693
f 9691 9693 9692
f 9691 9692 9689
f 9691 699 697
f 9691 697 688
f 9690 9702 5549
f 9706 9705 9708
f 9706 9708 9707
f 9706 9707 9703
f 9706 9693 9688
f 9706 9692 9693
f 9706 9689 9692
f 686 9704 9687
f 686 685 9704
f 9687 9705 9688
f 9687 9704 9705
f 9689 9703 9690
f 9706 9703 9689
f 9690 9703 9702
f 5549 9702 5543
f 9701 9680 7427
f 9701 539 9683
f 9701 9698 537
f 9701 7426 9698
f 9701 537 539
f 9701 7427 7426
f 9701 9681 9680
f 9701 9682 9681
f 9701 9683 9682
f 9743 5555 5553
f 9747 5559 5557
f 9746 9741 9745
f 9746 9743 9742
f 9746 9742 9741
f 9745 9741 9744
f 9744 9740 424
f 9744 9741 9740
f 9744 424 420
f 9743 9739 9738
f 9743 9738 9742
f 9743 5553 9739
f 9743 5557 5555
f 9747 5557 9743
f 9742 9738 9737
f 9742 9737 9741
f 9741 9737 9736
f 9741 9736 9740
f 9740 9736 428
f 9740 428 424
f 9739 5551 9735
f 9739 9734 9738
f 9739 9735 9734
f 9739 5553 5551
f 9738 9733 9737
f 9752 9748 416
f 9756 9752 412
f 9756 412 408
f 9755 5563 5561
f 9755 5561 5559
f 9755 5559 9751
f 9755 9751 9750
f 9755 9750 9754
f 9754 9749 9753
f 9754 9750 9749
f 9753 9749 9748
f 9753 9748 9752
f 9738 9734 9733
f 9752 416 412
f 9751 5559 9747
f 9751 9746 9750
f 9751 9747 9746
f 9750 9746 9745
f 9750 9745 9749
f 9749 9745 9744
f 9749 9744 9748
f 9748 9744 420
f 9748 420 416
f 9747 9743 9746
f 9725 5574 5573
f 9728 9727 5572
f 9728 523 522
f 9728 5572 5571
f 9727 522 9726
f 9727 9726 5572
f 9726 9725 5573
f 9726 522 9725
f 9726 5573 5572
f 9725 517 9713
f 9725 9710 5574
f 9725 522 521
f 9725 521 517
f 9728 522 9727
f 9725 9711 9710
f 9725 9712 9711
f 9725 9713 9712
f 441 513 9724
f 513 524 9724
f 9723 5570 5569
f 9723 5569 5568
f 517 9714 9713
f 517 516 9714
f 5574 9710 5575
f 9710 9709 5575
f 9732 432 433
f 9737 9732 9736
f 9737 9733 9732
f 9736 9732 433
f 9736 433 428
f 9735 9718 9734
f 9735 5551 9715
f 9735 9715 9718
f 9734 9719 9733
f 9734 9718 9719
f 9733 9716 9732
f 9733 9719 9716
f 5575 9709 5576
f 9732 9716 432
f 5551 5542 9715
f 9729 9728 5571
f 9729 9724 524
f 9729 523 9728
f 9729 5570 9723
f 9729 524 523
f 9729 9723 9731
f 9729 9731 9730
f 9729 9730 9724
f 9729 5571 5570
f 9650 9648 9647
f 7505 7504 9656
f 7504 7503 9655
f 7504 9655 9656
f 9640 501 440
f 7503 7502 9655
f 9654 9653 505
f 505 9653 503
f 9653 506 503
f 9650 9643 7434
f 9650 7433 9649
f 9650 726 9642
f 9650 9649 9648
f 9635 7509 9636
f 9650 9647 726
f 9650 7434 7433
f 9650 9642 9652
f 9650 9652 9651
f 9650 9651 9643
f 9649 7499 9646
f 9649 9646 9648
f 9649 7433 7432
f 9649 7432 7499
f 9648 9646 9647
f 9647 9646 9645
f 9660 512 511
f 9662 7509 7508
f 9662 9637 9636
f 9662 9638 9637
f 9661 501 9640
f 9661 9660 511
f 9661 511 502
f 9661 502 501
f 9661 9639 9638
f 9661 9640 9639
f 9660 7506 9657
f 9660 9657 512
f 9647 9645 728
f 9660 7508 7507
f 9660 7507 7506
f 9657 7505 9656
f 9657 9654 505
f 9657 505 512
f 9657 9656 9659
f 9657 9659 9658
f 9657 9658 9654
f 9657 7506 7505
f 7510 7511 9635
f 7511 7509 9635
f 9633 7474 9622
f 9584 9586 9639
f 9584 9639 9640
f 9586 9588 9638
f 9586 9638 9639
f 9588 9590 9637
f 9588 9637 9638
f 9590 9592 9636
f 9590 9636 9637
f 9592 7442 9635
f 9592 9635 9636
f 7442 7510 9635
f 9633 9622 9621
f 9582 9640 440
f 9633 9632 9631
f 9633 9621 9632
f 9633 7488 7481
f 9633 7481 7474
f 9633 9631 9634
f 9633 9634 7488
f 9632 9620 9629
f 9632 9629 9631
f 9632 9621 9620
f 9629 9619 9627
f 9629 9627 9628
f 7429 7431 9644
f 9647 728 726
f 9646 7499 9631
f 9646 9628 9645
f 9646 9630 9628
f 9646 9631 9630
f 9645 9624 724
f 9645 724 723
f 9645 723 729
f 9645 729 728
f 9645 9625 9624
f 9645 9628 9625
f 9662 9661 9638
f 7431 7430 9644
f 9644 7430 9643
f 7430 7434 9643
f 9642 726 9641
f 7499 9634 9631
f 7499 7488 9634
f 9641 726 725
f 9641 725 682
f 9624 356 724
f 365 9582 440
f 9582 9584 9640
f 9677 9675 9664
f 9681 283 275
f 9680 274 9679
f 9680 275 274
f 9679 276 5538
f 9679 274 276
f 9678 9669 9676
f 9678 9674 9668
f 9678 9676 9674
f 9678 9668 9669
f 703 701 9663
f 701 9677 9663
f 9663 9677 9664
f 9681 275 9680
f 9664 9675 9669
f 9675 9676 9669
f 9668 9673 9665
f 9668 9674 9673
f 9665 9672 9666
f 9665 9673 9672
f 9666 5586 5584
f 9666 9672 5586
f 9671 9656 279
f 9671 279 9670
f 9671 272 9654
f 9686 9682 282
f 9691 9674 9676
f 9691 9673 9674
f 5549 7401 9690
f 9690 7401 9689
f 7401 7398 9689
f 7396 9672 9673
f 7396 5586 9672
f 9688 688 9687
f 9687 688 686
f 9675 9677 699
f 699 9677 701
f 9671 9670 272
f 9686 283 9681
f 9686 282 9685
f 9686 9685 283
f 9686 9681 9682
f 9685 282 283
f 541 267 9684
f 267 266 9684
f 9684 266 9683
f 266 268 9683
f 9683 268 9682
f 268 282 9682
f 9664 695 9663
f 9667 9664 9669
f 9667 9669 9668
f 9667 9668 9665
f 9667 683 687
f 9667 687 690
f 9667 9652 9642
f 9667 9651 9652
f 9667 9643 9651
f 5584 7493 9666
f 9666 7493 9665
f 7493 7491 9665
f 9667 7492 7495
f 9664 690 695
f 7495 7497 9643
f 9663 695 703
f 7497 9644 9643
f 7497 7429 9644
f 683 9642 681
f 9642 9641 681
f 681 9641 682
f 9662 9660 9661
f 9662 9636 7509
f 9662 7508 9660
f 7500 277 279
f 9671 9659 9656
f 9671 9658 9659
f 9671 9654 9658
f 9670 279 286
f 9670 286 285
f 9670 285 272
f 7502 7501 9655
f 9655 7501 9656
f 7501 279 9656
f 7501 7500 279
f 7500 280 277
f 9691 9676 9675
f 9654 530 9653
f 9654 272 530
f 9653 530 506
f 530 272 531
f 272 269 531
f 531 269 271
f 9667 9665 7491
f 9667 7495 9643
f 9667 690 9664
f 9667 9642 683
f 9667 7491 7492
f 9842 835 834
f 9847 9848 9844
f 9846 257 264
f 9846 264 263
f 9846 263 250
f 8220 8218 9845
f 9845 8218 9844
f 8218 257 9844
f 8218 8216 257
f 8216 258 255
f 8216 255 257
f 9843 835 9842
f 9843 250 835
f 9847 9849 9848
f 835 250 836
f 250 247 836
f 836 247 249
f 9839 9826 8213
f 9839 8215 9838
f 9839 933 9828
f 9839 9836 943
f 9839 943 937
f 9839 937 933
f 9839 9838 9841
f 9839 9841 9840
f 9837 8225 9838
f 9856 9857 9855
f 9856 8231 8233
f 9853 9850 976
f 9853 976 975
f 9853 975 985
f 9853 985 984
f 9853 9855 9854
f 9853 9854 9850
f 8219 8221 9837
f 8221 8223 9837
f 8223 8225 9837
f 9839 9840 9836
f 9836 977 9835
f 9836 978 977
f 8233 8235 9851
f 8233 9851 9852
f 9835 977 946
f 9850 767 976
f 9847 9844 257
f 9847 9846 250
f 9847 257 9846
f 9847 250 9843
f 9847 9843 9849
f 9832 9829 9831
f 245 244 9817
f 9817 244 9818
f 244 246 9818
f 9818 246 9824
f 246 261 9824
f 9823 254 9820
f 9823 260 254
f 9820 253 9819
f 9820 254 253
f 9819 252 5499
f 9819 253 252
f 9832 9831 9827
f 831 245 9817
f 9832 9827 9829
f 9831 9829 9814
f 9831 9815 9827
f 9831 9814 9815
f 929 9809 9830
f 929 924 9809
f 9830 9810 9828
f 9830 9809 9810
f 9828 9814 9829
f 9828 9810 9814
f 9827 9815 9826
f 9830 930 929
f 9839 8213 8214
f 9839 8214 8215
f 9839 9827 9826
f 9839 9829 9827
f 9839 9828 9829
f 5497 8212 9825
f 9825 8212 9826
f 8212 8213 9826
f 9828 930 9830
f 9828 933 930
f 8215 8217 9838
f 9856 9852 9857
f 8217 8219 9837
f 8217 9837 9838
f 943 9836 945
f 9836 9835 945
f 945 9835 946
f 9834 9824 261
f 9834 260 9823
f 9834 9833 260
f 9834 261 9833
f 9834 9823 9824
f 9833 261 260
f 9855 9867 9866
f 9875 9874 9876
f 9872 9870 9871
f 9872 9871 9873
f 9872 9873 9874
f 9870 8205 9871
f 9870 8203 8205
f 767 9850 768
f 9850 9854 9860
f 9850 9860 768
f 9854 9855 9866
f 9854 9866 9860
f 9855 9857 9869
f 9875 9872 9874
f 9855 9869 9867
f 9857 9852 9862
f 9857 9862 9869
f 9852 9851 9861
f 9852 9861 9862
f 9851 8237 9861
f 9851 8235 8237
f 9868 9864 9865
f 9868 9862 8234
f 9868 8232 9864
f 9868 9865 9867
f 9880 884 774
f 9886 896 895
f 9886 9885 9888
f 9886 9888 9887
f 9886 9887 9883
f 9886 8196 8194
f 8205 8204 9871
f 8204 8202 9871
f 9871 8202 9873
f 8194 8192 9885
f 8192 8190 9884
f 8192 9884 9885
f 9868 8234 8232
f 8190 8187 9884
f 9883 9882 896
f 896 9882 886
f 9882 820 886
f 773 9881 774
f 9881 9879 9880
f 9881 9880 774
f 9879 9877 9878
f 9879 9878 9880
f 9877 9875 9876
f 9877 9876 9878
f 9859 984 978
f 8224 8222 9845
f 8224 9845 9844
f 9860 873 768
f 8222 8220 9845
f 9843 9842 876
f 876 9842 875
f 9842 834 875
f 9859 9858 984
f 9859 9838 8225
f 9859 978 9836
f 9859 8229 9858
f 8226 8224 9844
f 9859 8225 8227
f 9859 8227 8229
f 9859 9841 9838
f 9859 9840 9841
f 9859 9836 9840
f 9858 9853 984
f 9858 8231 9856
f 9858 9856 9853
f 9858 8229 8231
f 9856 9855 9853
f 9856 8233 9852
f 9864 8230 8228
f 9868 9867 9869
f 9868 9869 9862
f 9865 9864 881
f 9865 873 9860
f 9865 9860 9866
f 9865 9866 9867
f 9865 881 874
f 9865 874 873
f 9864 8228 9863
f 9864 9863 882
f 9864 8232 8230
f 9815 9812 9826
f 9864 882 881
f 9863 8226 9844
f 9863 9843 876
f 9863 8228 8226
f 9863 876 882
f 9863 9849 9843
f 9863 9848 9849
f 9863 9844 9848
f 8237 8236 9861
f 8236 8234 9861
f 9861 8234 9862
f 9780 1001 1000
f 9783 9777 9785
f 9783 9785 9784
f 9783 9784 9778
f 9783 5492 5493
f 9783 5493 5494
f 9782 1001 9781
f 9782 9781 5492
f 9782 1002 1001
f 9781 1001 9780
f 9781 9780 5492
f 9780 1000 9775
f 9780 9768 5489
f 9783 993 1002
f 9780 5489 5491
f 9780 5491 5492
f 9780 9770 9768
f 9780 9772 9770
f 9780 9775 9772
f 944 992 9779
f 9779 992 9778
f 992 993 9778
f 9777 5494 9776
f 9776 5494 5495
f 1000 990 9775
f 9769 5479 5478
f 9793 5482 5481
f 9790 885 9789
f 9790 9787 5483
f 9790 5483 5482
f 9790 9789 9792
f 9790 9792 9791
f 9790 9791 9787
f 9790 889 888
f 9790 888 885
f 770 883 9774
f 883 891 9774
f 990 771 9775
f 9769 5478 5477
f 885 824 9788
f 885 9788 9789
f 5483 9787 5484
f 9787 9786 5484
f 5484 9786 5485
f 9786 5486 5485
f 9783 1002 9782
f 9783 9778 993
f 9783 5494 9777
f 9783 9782 5492
f 9762 9757 9756
f 9766 9759 9758
f 9766 5563 9759
f 9766 5567 5565
f 9766 5565 5563
f 9766 9765 9767
f 9766 9767 5567
f 9764 9758 9762
f 9764 9762 9763
f 9764 9763 9765
f 9762 9756 9760
f 9762 9760 9761
f 9762 9758 9757
f 9766 9764 9765
f 9762 9761 9763
f 9760 404 9761
f 9760 9756 408
f 9760 408 405
f 9760 405 404
f 9759 9754 9758
f 9759 5563 9755
f 9759 9755 9754
f 9758 9753 9757
f 9758 9754 9753
f 9757 9752 9756
f 5477 5488 9768
f 5489 9768 5490
f 9768 5488 5490
f 770 9774 9775
f 770 9775 771
f 9774 9773 9772
f 9774 9772 9775
f 9773 9771 9772
f 9771 9769 9770
f 9771 9770 9772
f 9769 5477 9768
f 9769 9768 9770
f 9793 9790 5482
f 441 9724 9761
f 441 9761 404
f 9724 9730 9761
f 9730 9731 9763
f 9730 9763 9761
f 9731 9723 9765
f 9731 9765 9763
f 9723 5568 9767
f 9723 9767 9765
f 5568 5567 9767
f 9766 9758 9764
f 9816 9798 9799
f 9818 829 9817
f 9817 829 831
f 9804 9803 825
f 825 9803 823
f 9816 9801 8206
f 9816 935 9798
f 9816 9813 931
f 9816 8208 9813
f 9816 931 935
f 9816 8206 8208
f 9816 9800 9801
f 9816 9799 9800
f 8207 5487 9808
f 9813 8210 9812
f 9813 9810 927
f 9813 927 931
f 9813 9812 9815
f 9813 9815 9814
f 9813 9814 9810
f 9813 8208 8210
f 5496 8206 9802
f 9802 8206 9801
f 8210 5498 9811
f 8210 9811 9812
f 9822 9823 9820
f 9826 9812 9825
f 9812 9811 9825
f 9825 9811 5497
f 9811 5498 5497
f 9822 9820 8211
f 9822 9821 827
f 9822 829 9818
f 9822 8209 9821
f 9822 8211 8209
f 9822 9818 9824
f 9822 9824 9823
f 9798 935 9797
f 9822 827 829
f 9821 8207 9807
f 9821 9804 825
f 9821 8209 8207
f 9821 825 827
f 9821 9805 9804
f 9821 9806 9805
f 9821 9807 9806
f 5499 8211 9819
f 9819 8211 9820
f 8207 9808 9807
f 9796 5480 5479
f 9800 9784 9785
f 9799 9798 9778
f 9799 9778 9784
f 9798 9797 9779
f 9798 9779 9778
f 9797 941 9779
f 941 944 9779
f 9796 9774 891
f 9796 9795 5480
f 9796 890 9795
f 9796 5479 9769
f 9800 9799 9784
f 9796 891 890
f 9796 9773 9774
f 9796 9771 9773
f 9796 9769 9771
f 9795 9794 5481
f 9795 889 9794
f 9795 5481 5480
f 9795 890 889
f 9794 889 9793
f 9794 9793 5481
f 9793 889 9790
f 9792 9789 9804
f 9797 935 941
f 9810 9809 927
f 927 9809 924
f 5486 9786 9808
f 5486 9808 5487
f 9786 9787 9807
f 9786 9807 9808
f 9787 9791 9806
f 9787 9806 9807
f 9791 9792 9805
f 9791 9805 9806
f 9757 9753 9752
f 9792 9804 9805
f 9789 9788 9803
f 9789 9803 9804
f 9788 823 9803
f 9788 824 823
f 5496 9802 9776
f 5496 9776 5495
f 9802 9801 9777
f 9802 9777 9776
f 9801 9800 9785
f 9801 9785 9777
f 9440 746 741
f 9443 9422 738
f 9443 738 749
f 9443 749 748
f 9443 748 747
f 9443 9424 9422
f 9443 9426 9424
f 7293 7295 9442
f 7295 7294 9442
f 7294 7296 9442
f 9442 7296 9441
f 7296 7298 9441
f 9440 741 9439
f 9444 9430 9428
f 7377 9432 9430
f 7377 7378 9432
f 9439 741 692
f 9422 399 738
f 397 9374 443
f 9374 9376 9438
f 9374 9438 443
f 9376 9378 9437
f 9376 9437 9438
f 9378 9380 9436
f 9378 9436 9437
f 9446 9440 9448
f 7387 9451 9452
f 9438 514 443
f 7386 7385 9451
f 9450 9449 529
f 529 9449 519
f 9449 518 519
f 9446 9445 747
f 9446 9441 7298
f 9446 746 9440
f 9446 7297 9445
f 9446 7298 7297
f 9380 9382 9435
f 9446 9448 9447
f 9446 9447 9441
f 9446 747 746
f 9445 9444 9443
f 9445 7379 9444
f 9445 9443 747
f 9445 7297 7379
f 9444 7377 9430
f 9444 9426 9443
f 9444 7379 7377
f 9444 9428 9426
f 9419 9412 9418
f 9425 9417 9416
f 9425 9424 9426
f 9423 9416 9421
f 9423 9421 9422
f 9423 9422 9424
f 9421 9416 9415
f 9421 9415 430
f 9421 430 400
f 9421 400 399
f 9421 399 9422
f 9420 9414 9419
f 9420 7356 9414
f 9425 9423 9424
f 9419 9414 9413
f 9419 9413 9412
f 9418 9412 9417
f 9417 9410 9416
f 9417 9412 9411
f 9417 9411 9410
f 9416 9410 9415
f 9415 9410 9409
f 9415 9409 426
f 9415 426 430
f 9414 7340 9408
f 9431 9430 9432
f 9380 9435 9436
f 9382 9384 9434
f 9382 9434 9435
f 9384 7305 9433
f 9384 9433 9434
f 7305 7393 9433
f 9431 9420 9429
f 9431 9429 9430
f 9431 7356 9420
f 9431 7378 7368
f 9431 7368 7356
f 7387 7386 9451
f 9431 9432 7378
f 9429 9418 9427
f 9429 9427 9428
f 9429 9420 9419
f 9429 9419 9418
f 9429 9428 9430
f 9427 9418 9425
f 9427 9425 9426
f 9427 9426 9428
f 9425 9416 9423
f 9425 9418 9417
f 7380 5534 9468
f 9470 7383 7382
f 9470 7382 7381
f 9470 9455 9452
f 9470 9454 9455
f 9470 9450 9454
f 7385 7384 9451
f 9451 7384 9452
f 7384 7383 9452
f 9450 535 9449
f 9450 534 535
f 7381 7380 9469
f 9449 535 518
f 9470 9471 9467
f 7380 9468 9469
f 538 9467 540
f 9467 9466 540
f 540 9466 542
f 9463 9461 7370
f 9463 7373 9441
f 9463 698 9460
f 9463 9440 693
f 9463 7370 7372
f 9463 7372 7373
f 9463 9460 9465
f 9460 9459 9473
f 9468 5534 5535
f 7292 9462 9478
f 7292 9478 7274
f 9462 9461 9477
f 9462 9477 9478
f 9461 9464 9476
f 9461 9476 9477
f 9464 9465 9475
f 9464 9475 9476
f 9465 9460 9474
f 9465 9474 9475
f 9463 9465 9464
f 9460 9473 9474
f 9459 704 9473
f 9459 702 704
f 9470 9452 7383
f 9470 7381 9469
f 9470 534 9450
f 9470 9467 538
f 9470 538 536
f 9470 536 534
f 9470 9469 9472
f 9470 9472 9471
f 9456 7390 7389
f 9458 9436 9435
f 9457 514 9438
f 9457 9456 527
f 9457 527 526
f 9457 526 514
f 9457 9437 9436
f 9457 9438 9437
f 9456 7389 9453
f 9456 9453 528
f 9456 528 527
f 9456 7391 7390
f 9458 9435 9434
f 9453 7388 9452
f 9453 9450 529
f 9453 529 528
f 9453 9452 9455
f 9453 9455 9454
f 9453 9454 9450
f 9453 7389 7388
f 7393 7394 9433
f 7394 7392 9433
f 9433 7392 9434
f 7388 7387 9452
f 7373 7374 9441
f 9463 9464 9461
f 9463 693 696
f 9463 696 698
f 9463 9448 9440
f 9463 9447 9448
f 9463 9441 9447
f 7292 7291 9462
f 9462 7291 9461
f 7291 7370 9461
f 9460 700 9459
f 9460 698 700
f 9414 9407 9413
f 9459 700 702
f 7374 9442 9441
f 7374 7293 9442
f 693 9440 691
f 9440 9439 691
f 691 9439 692
f 9458 9456 9457
f 9458 9434 7392
f 9458 7391 9456
f 9458 9457 9436
f 9458 7392 7391
f 9357 9350 9356
f 9361 453 9362
f 9361 9362 9363
f 9361 604 600
f 9361 600 453
f 9360 7136 9354
f 9360 7143 7136
f 9360 9353 9359
f 9360 9354 9353
f 9359 9352 9358
f 9359 9353 9352
f 9358 9352 9351
f 9358 9351 9357
f 9361 9356 9355
f 9357 9351 9350
f 9356 9350 9355
f 9355 9350 9349
f 9355 9349 608
f 9355 608 604
f 9354 9348 9347
f 9354 7130 9348
f 9354 7136 7130
f 9354 9347 9353
f 9353 9347 9346
f 9353 9346 9352
f 9369 9358 9367
f 9371 9369 9370
f 9371 9359 9369
f 9371 7089 7086
f 9371 7086 7143
f 9371 7143 9360
f 9371 9370 9372
f 9371 9372 7089
f 9371 9360 9359
f 9369 9367 9368
f 9369 9359 9358
f 9369 9368 9370
f 9352 9345 9351
f 9367 9357 9366
f 9367 9365 9368
f 9367 9358 9357
f 9367 9366 9365
f 9366 9357 9356
f 9366 9356 9364
f 9366 9364 9365
f 9364 9361 9363
f 9364 9356 9361
f 9364 9363 9365
f 9361 9355 604
f 9336 7123 7117
f 9341 9335 9334
f 9341 9334 9340
f 9340 9334 9339
f 9339 9334 9333
f 9339 9333 9338
f 9338 9331 9337
f 9338 9333 9332
f 9338 9332 9331
f 9337 9331 620
f 9337 620 616
f 9336 9330 9335
f 9336 7111 9330
f 9342 7123 9336
f 9336 7117 7111
f 9335 9330 9329
f 9335 9329 9334
f 9334 9327 9333
f 9334 9329 9328
f 9334 9328 9327
f 9333 9326 9332
f 9333 9327 9326
f 9332 9326 9325
f 9332 9325 9331
f 9331 9325 624
f 9347 9341 9346
f 9352 9346 9345
f 9351 9344 9350
f 9351 9345 9344
f 9350 9343 9349
f 9350 9344 9343
f 9349 9343 612
f 9349 612 608
f 9348 9341 9347
f 9348 9342 9341
f 9348 7123 9342
f 9348 7130 7123
f 9298 7153 7089
f 9346 9339 9345
f 9346 9341 9340
f 9346 9340 9339
f 9345 9338 9344
f 9345 9339 9338
f 9344 9337 9343
f 9344 9338 9337
f 9343 9337 616
f 9343 616 612
f 9342 9335 9341
f 9342 9336 9335
f 9398 9391 9397
f 9404 9398 9397
f 9403 418 422
f 9403 9397 418
f 9402 7332 9396
f 9402 9396 9401
f 9401 9394 9400
f 9401 9396 9395
f 9401 9395 9394
f 9400 9393 9399
f 9400 9394 9393
f 9399 9392 9398
f 9399 9393 9392
f 9404 9397 9403
f 9398 9392 9391
f 9397 9391 414
f 9397 414 418
f 9396 7315 9390
f 9396 9390 9389
f 9396 9389 9395
f 9396 7332 7320
f 9396 7320 7315
f 9395 9389 9388
f 9395 9388 9394
f 9394 9388 9387
f 9409 9403 422
f 9414 9408 9407
f 9414 7356 7348
f 9414 7348 7340
f 9413 9407 9406
f 9413 9406 9412
f 9412 9405 9411
f 9412 9406 9405
f 9411 9404 9410
f 9411 9405 9404
f 9410 9404 9403
f 9410 9403 9409
f 9394 9387 9393
f 9409 422 426
f 9408 9401 9407
f 9408 9402 9401
f 9408 7332 9402
f 9408 7340 7332
f 9407 9400 9406
f 9407 9401 9400
f 9406 9399 9405
f 9406 9400 9399
f 9405 9398 9404
f 9405 9399 9398
f 9297 9301 9362
f 9381 9380 9379
f 9381 9382 9380
f 9379 9378 9377
f 9379 9380 9378
f 9377 9376 9375
f 9377 9378 9376
f 9375 9374 9373
f 9375 9376 9374
f 9373 397 396
f 9373 9374 397
f 452 9297 453
f 9383 7303 7305
f 9297 9362 453
f 9301 9302 9363
f 9301 9363 9362
f 9302 9304 9368
f 9302 9365 9363
f 9302 9368 9365
f 9304 9299 9370
f 9304 9370 9368
f 9299 9298 9372
f 9299 9372 9370
f 9298 7089 9372
f 9389 9381 9379
f 9393 9386 9392
f 9393 9387 9386
f 9392 9385 9391
f 9392 9386 9385
f 9391 9385 410
f 9391 410 414
f 9390 9383 9381
f 9390 9381 9389
f 9390 7303 9383
f 9390 7315 7303
f 9389 9379 9388
f 9468 5535 9479
f 9388 9377 9387
f 9388 9379 9377
f 9387 9377 9375
f 9387 9375 9386
f 9386 9373 9385
f 9386 9375 9373
f 9385 9373 396
f 9385 396 410
f 9383 9382 9381
f 9383 7305 9384
f 9383 9384 9382
f 9572 9566 9571
f 9578 9570 9569
f 9578 9569 9568
f 9576 9575 9577
f 9576 9574 9575
f 9576 9567 9574
f 9576 9568 9567
f 9574 9567 9572
f 9574 9573 9575
f 9574 9572 9573
f 9572 9567 9566
f 9572 9571 9521
f 9572 9521 9573
f 9578 9576 9577
f 9571 561 9521
f 9571 9565 565
f 9571 9566 9565
f 9571 565 561
f 9570 9563 9569
f 9570 9564 9563
f 9570 7217 9564
f 9569 9562 9568
f 9569 9563 9562
f 9568 9561 9567
f 9568 9562 9561
f 9513 9512 9522
f 9581 9582 365
f 444 9511 9521
f 444 9521 445
f 9511 9515 9573
f 9511 9573 9521
f 9515 9516 9575
f 9515 9575 9573
f 9516 9518 9577
f 9516 9577 9575
f 9518 9513 9579
f 9518 9579 9577
f 9567 9560 9566
f 9513 9522 9579
f 9512 7202 9522
f 9512 7277 7202
f 9580 7217 9570
f 9580 7201 7217
f 9580 9578 9522
f 9580 9570 9578
f 9580 9522 7201
f 9578 9568 9576
f 9578 9577 9579
f 9578 9579 9522
f 9552 7232 7234
f 9557 9551 9550
f 9557 9550 9556
f 9556 9549 9555
f 9556 9550 9549
f 9555 9549 9554
f 9554 9548 9547
f 9554 9549 9548
f 9554 9547 9553
f 9553 9547 577
f 9553 577 573
f 9552 9545 9551
f 9552 9546 9545
f 9558 7227 7232
f 9552 7234 9546
f 9551 9544 9550
f 9551 9545 9544
f 9550 9544 9549
f 9549 9543 9542
f 9549 9542 9548
f 9549 9544 9543
f 9548 9541 9547
f 9548 9542 9541
f 9547 9541 581
f 9547 581 577
f 9563 9556 9562
f 9567 9561 9560
f 9566 9559 9565
f 9566 9560 9559
f 9565 9559 569
f 9565 569 565
f 9564 9558 9563
f 9564 7227 9558
f 9564 7217 7222
f 9564 7222 7227
f 9563 9558 9557
f 9563 9557 9556
f 9581 365 364
f 9562 9555 9561
f 9562 9556 9555
f 9561 9555 9560
f 9560 9554 9553
f 9560 9553 9559
f 9560 9555 9554
f 9559 9553 573
f 9559 573 569
f 9558 9551 9557
f 9558 9552 9551
f 9558 7232 9552
f 9613 9607 9606
f 9618 9612 9611
f 9617 9611 387
f 9617 387 392
f 9616 7461 9610
f 9616 9609 9615
f 9616 9610 9609
f 9616 7474 7468
f 9616 7468 7461
f 9615 9608 9614
f 9615 9609 9608
f 9614 9608 9607
f 9614 9607 9613
f 9618 9613 9612
f 9613 9606 9612
f 9612 9606 9605
f 9612 9605 9611
f 9611 9605 381
f 9611 381 387
f 9610 7453 9604
f 9610 9604 9609
f 9610 7461 7453
f 9609 9603 9602
f 9609 9602 9608
f 9609 9604 9603
f 9623 357 356
f 9629 9628 9630
f 9629 9630 9631
f 9627 9626 9625
f 9627 9619 9626
f 9627 9625 9628
f 9626 9617 9623
f 9626 9619 9618
f 9626 9623 9625
f 9626 9618 9617
f 9623 9617 392
f 9623 392 357
f 9608 9602 9601
f 9623 356 9624
f 9623 9624 9625
f 9622 9616 9621
f 9622 7474 9616
f 9621 9615 9620
f 9621 9616 9615
f 9620 9615 9614
f 9620 9613 9619
f 9620 9614 9613
f 9619 9613 9618
f 9618 9611 9617
f 9591 9590 9589
f 9598 7446 7440
f 9597 9589 9587
f 9597 9587 9596
f 9596 9585 9595
f 9596 9587 9585
f 9595 9585 9583
f 9595 9583 9594
f 9594 9581 9593
f 9594 9583 9581
f 9593 9581 364
f 9593 364 371
f 9598 7440 9591
f 9591 7442 9592
f 9591 9592 9590
f 9591 7440 7442
f 9589 9588 9587
f 9589 9590 9588
f 9587 9586 9585
f 9587 9588 9586
f 9585 9584 9583
f 9585 9586 9584
f 9583 9582 9581
f 9583 9584 9582
f 9603 9597 9596
f 9608 9601 9607
f 9607 9600 9606
f 9607 9601 9600
f 9606 9600 9599
f 9606 9599 9605
f 9605 9599 373
f 9605 373 381
f 9604 7446 9598
f 9604 9598 9597
f 9604 7453 7446
f 9604 9597 9603
f 9546 7245 9540
f 9603 9596 9602
f 9602 9595 9601
f 9602 9596 9595
f 9601 9594 9600
f 9601 9595 9594
f 9600 9593 9599
f 9600 9594 9593
f 9599 9593 371
f 9599 371 373
f 9598 9591 9589
f 9598 9589 9597
f 9496 9493 553
f 9502 9490 9491
f 7258 7265 9500
f 9500 7265 9501
f 7206 7203 9487
f 9499 641 593
f 7203 7205 9488
f 7203 9488 9487
f 7205 7204 9488
f 9485 650 649
f 9496 9480 7287
f 9496 7285 9495
f 9496 547 9483
f 9502 9491 9486
f 9496 553 550
f 9496 550 547
f 9496 9495 9498
f 9496 9498 9497
f 9496 9497 9493
f 9496 7287 7286
f 9496 7286 7285
f 9496 9481 9480
f 9496 9482 9481
f 9496 9483 9482
f 5535 7288 9479
f 9504 9499 9505
f 9509 9506 9510
f 9509 9510 9501
f 9508 9487 9503
f 9508 7206 9487
f 9508 9503 9507
f 9508 7265 7263
f 9508 7263 7207
f 9508 7207 7206
f 9507 9503 646
f 9507 646 9504
f 9504 641 9499
f 9479 7288 9480
f 9504 9505 9506
f 9504 646 645
f 9504 645 641
f 9503 9490 9502
f 9503 9502 646
f 9503 9487 9490
f 9502 9485 649
f 9502 649 647
f 9502 647 648
f 9502 648 646
f 9502 9486 9485
f 542 9466 9484
f 7204 7266 9488
f 9488 7266 9487
f 7266 7268 9487
f 9486 705 9485
f 9486 706 705
f 7271 7273 9477
f 9485 705 650
f 7273 9478 9477
f 7273 7274 9478
f 711 9474 713
f 9474 9473 713
f 713 9473 704
f 9489 9477 9476
f 542 9484 543
f 9466 9467 9483
f 9466 9483 9484
f 9467 9471 9482
f 9467 9482 9483
f 9471 9472 9481
f 9471 9481 9482
f 9472 9469 9480
f 9472 9480 9481
f 9469 9468 9479
f 9469 9479 9480
f 9489 7271 9477
f 7288 7287 9480
f 9483 545 9484
f 9483 547 545
f 7285 7284 9495
f 9484 545 543
f 7284 7283 9494
f 7284 9494 9495
f 553 9493 555
f 9493 9492 555
f 555 9492 464
f 9489 9487 7268
f 9509 9508 9507
f 9489 706 9486
f 9489 9474 711
f 9489 7268 7269
f 9489 7269 7271
f 9489 9486 9491
f 9489 9491 9490
f 9489 9490 9487
f 9489 711 709
f 9489 709 706
f 9489 9475 9474
f 9489 9476 9475
f 9531 9524 9530
f 9536 9530 9529
f 9535 9529 586
f 9535 586 585
f 9534 9528 9527
f 9534 7256 9528
f 9534 9527 9533
f 9534 7251 7256
f 9533 9526 9532
f 9533 9527 9526
f 9532 9526 9525
f 9532 9525 9531
f 9531 9525 9524
f 9536 9529 9535
f 9530 9523 9529
f 9530 9524 9523
f 9529 9523 594
f 9529 594 586
f 9528 7256 9500
f 9528 9501 9527
f 9528 9500 9501
f 9527 9510 9526
f 9527 9501 9510
f 9526 9506 9525
f 9526 9510 9506
f 9541 9535 585
f 9546 9539 9545
f 9546 7234 7245
f 9546 9540 9539
f 9545 9538 9544
f 9545 9539 9538
f 9544 9537 9543
f 9544 9538 9537
f 9543 9537 9536
f 9543 9536 9542
f 9542 9536 9535
f 9542 9535 9541
f 9525 9505 9524
f 9541 585 581
f 9540 9534 9533
f 9540 7251 9534
f 9540 7245 7251
f 9540 9533 9539
f 9539 9533 9532
f 9539 9532 9538
f 9538 9532 9531
f 9538 9531 9537
f 9537 9531 9530
f 9537 9530 9536
f 7281 7280 9494
f 9517 9513 9518
f 9517 9518 9516
f 9517 7276 7275
f 9514 9511 461
f 9514 461 473
f 9514 473 472
f 9514 472 471
f 9514 9516 9515
f 9514 9515 9511
f 7283 7282 9494
f 7282 7281 9494
f 9517 7275 9513
f 9494 7280 9495
f 9493 465 9492
f 9493 470 465
f 7275 7277 9512
f 7275 9512 9513
f 9492 465 464
f 9511 444 461
f 9509 9501 7265
f 9509 7265 9508
f 9509 9504 9506
f 9509 9507 9504
f 9520 7278 9519
f 9525 9506 9505
f 9524 9499 9523
f 9524 9505 9499
f 9523 593 594
f 9523 9499 593
f 7202 7201 9522
f 9521 561 445
f 7256 7258 9500
f 9520 9519 471
f 9520 9495 7280
f 9520 470 9493
f 9629 9620 9619
f 9520 471 470
f 9520 7280 7279
f 9520 7279 7278
f 9520 9498 9495
f 9520 9497 9498
f 9520 9493 9497
f 9519 9514 471
f 9519 7276 9517
f 9519 9517 9514
f 9519 7278 7276
f 9517 9516 9514
f 10206 1308 1306
f 10209 10206 10211
f 10209 10211 10210
f 10209 10210 10207
f 10209 1316 1312
f 10209 1312 1308
f 10209 10197 10189
f 10209 10196 10197
f 10209 10191 10196
f 5374 7935 10208
f 10208 7935 10207
f 7935 7937 10207
f 10206 1306 10205
f 10209 7940 7941
f 7941 7943 10191
f 10205 1306 1305
f 7943 10190 10191
f 7943 7949 10190
f 1316 10189 1319
f 10189 10188 1319
f 1319 10188 1320
f 10202 10181 7942
f 10202 7938 10201
f 10202 1260 10179
f 10202 10199 1266
f 10203 10214 10215
f 10206 10205 10218
f 10206 10218 10219
f 10205 1301 10218
f 10205 1305 1301
f 1270 10198 10217
f 1270 10217 1255
f 10198 10199 10216
f 10198 10216 10217
f 10199 10203 10215
f 10199 10215 10216
f 10203 10204 10214
f 10202 1266 1264
f 10204 10201 10213
f 10204 10213 10214
f 10201 10200 10212
f 10201 10212 10213
f 10200 5373 10212
f 10200 5371 5373
f 10209 10207 7937
f 10209 7941 10191
f 10209 1308 10206
f 10209 10189 1316
f 10209 7937 7940
f 10193 10172 10192
f 10195 10194 1399
f 10195 7954 7956
f 10195 7956 7958
f 10195 10189 10197
f 10195 10197 10196
f 10195 10196 10191
f 10195 1399 1398
f 10194 10193 10192
f 10194 7944 10193
f 10194 10192 1399
f 10194 7958 7944
f 10193 7946 10168
f 10195 7958 10194
f 10193 7944 7946
f 10193 10170 10172
f 10193 10168 10170
f 10192 10176 1390
f 10192 1390 1401
f 10192 1401 1400
f 10192 1400 1399
f 10192 10174 10176
f 10192 10172 10174
f 7949 7950 10190
f 7950 7952 10190
f 7947 7942 10181
f 10202 1264 1260
f 10202 10201 10204
f 10202 10204 10203
f 10202 10203 10199
f 10202 7942 7939
f 10202 7939 7938
f 10202 10184 10181
f 10202 10183 10184
f 10202 10179 10183
f 7948 7947 10180
f 10180 7947 10181
f 10211 10220 10221
f 10179 1259 10178
f 10179 1260 1259
f 7938 7936 10201
f 10178 1259 1258
f 7936 5371 10200
f 7936 10200 10201
f 1266 10199 1268
f 10199 10198 1268
f 1268 10198 1270
f 10195 10191 7954
f 10195 1398 10189
f 10235 7931 10222
f 10241 10242 10238
f 7924 7922 10226
f 7922 7920 10226
f 7920 7918 10226
f 10226 7918 10227
f 10225 1445 10224
f 10225 1449 1445
f 7913 7910 10239
f 7913 10239 10240
f 10224 1445 1245
f 10238 1362 1443
f 10235 10233 7927
f 10241 10243 10242
f 10235 1292 10232
f 10235 10219 1297
f 10235 7927 7929
f 10235 7929 7931
f 10235 10232 10237
f 10235 10237 10236
f 10235 10236 10233
f 10235 1297 1294
f 10235 1294 1292
f 10235 10220 10219
f 10235 10221 10220
f 10246 7911 10244
f 10247 10246 1450
f 10247 10227 7918
f 10247 1449 10225
f 10247 7914 10246
f 10247 1450 1449
f 10247 7918 7916
f 10247 7916 7914
f 10247 10230 10227
f 10247 10229 10230
f 10247 10225 10229
f 10246 10241 1450
f 10235 10222 10221
f 10246 10244 10241
f 10246 7914 7911
f 10244 10243 10241
f 10244 7913 10240
f 10244 10240 10245
f 10244 10245 10243
f 10244 7911 7913
f 10241 10238 1443
f 10241 1443 1452
f 10241 1452 1451
f 10241 1451 1450
f 1248 10225 1244
f 10228 10215 10214
f 10228 10216 10215
f 5373 7933 10212
f 10212 7933 10213
f 7933 7932 10213
f 10216 1253 10217
f 10216 1251 1253
f 7928 7926 10227
f 10217 1253 1255
f 7926 7924 10226
f 7926 10226 10227
f 10228 10214 10213
f 10225 10224 1244
f 1244 10224 1245
f 5374 10208 10223
f 5374 10223 5372
f 10208 10207 10222
f 10208 10222 10223
f 10207 10210 10221
f 10207 10221 10222
f 10210 10211 10221
f 10211 10206 10219
f 10211 10219 10220
f 1299 10218 1301
f 7923 7925 10234
f 10234 7925 10233
f 7925 7927 10233
f 10232 1293 10231
f 10232 1292 1293
f 7931 7934 10222
f 10231 1293 1296
f 7934 10223 10222
f 7934 5372 10223
f 1297 10219 1299
f 10219 10218 1299
f 7952 7954 10190
f 10228 10213 7932
f 10228 7928 10227
f 10228 1251 10216
f 10228 10225 1248
f 10228 1248 1249
f 10228 1249 1251
f 10228 10227 10230
f 10228 10230 10229
f 10228 10229 10225
f 10228 7932 7930
f 10228 7930 7928
f 10145 10143 5414
f 10150 5417 5418
f 10150 5418 5419
f 10150 1396 1405
f 10150 10131 10130
f 10150 10132 10131
f 10150 10133 10132
f 10149 1404 10148
f 10149 10148 5417
f 10149 1405 1404
f 10148 10145 5417
f 10148 1404 10145
f 10145 1403 10144
f 10150 1405 10149
f 10145 5414 5416
f 10145 5416 5417
f 10145 10144 10147
f 10145 10147 10146
f 10145 10146 10143
f 10145 1404 1403
f 1324 1395 10129
f 10129 1395 10130
f 1395 1396 10130
f 10133 5419 10134
f 10134 5419 5420
f 10140 10141 10154
f 10159 10158 10146
f 10159 10146 10147
f 10158 10157 10143
f 10158 10143 10146
f 10157 5402 5413
f 10157 5413 10143
f 1261 10135 10156
f 1261 10156 1262
f 10135 10136 10156
f 10136 10140 10155
f 10136 10155 10156
f 1403 1392 10144
f 10140 10154 10155
f 10141 10138 10153
f 10141 10153 10154
f 10138 10137 10152
f 10138 10152 10153
f 10137 5412 10151
f 10137 10151 10152
f 5412 5411 10151
f 10150 10149 5417
f 10150 10130 1396
f 10150 5419 10133
f 10120 10130 10131
f 10126 1267 1269
f 10136 10135 1263
f 1263 10135 1261
f 5421 10115 10134
f 5421 10134 5420
f 10115 10116 10133
f 10115 10133 10134
f 10116 10119 10132
f 10116 10132 10133
f 10119 10120 10131
f 10119 10131 10132
f 10120 10114 10130
f 10125 1267 10126
f 10114 10113 10130
f 10113 1321 10129
f 10113 10129 10130
f 1321 1324 10129
f 10128 10124 216
f 10128 217 10123
f 10128 216 10127
f 10128 10127 217
f 10128 10123 10124
f 10127 216 217
f 1269 201 10126
f 10142 10125 10124
f 1392 1393 10144
f 5414 10143 5415
f 10143 5413 5415
f 10142 10122 7995
f 10142 1267 10125
f 10142 10139 1265
f 10142 7993 10139
f 10142 1265 1267
f 10142 7995 7993
f 10142 10123 10122
f 10142 10124 10123
f 10160 10147 10144
f 10139 7991 10138
f 10139 10136 1263
f 10139 1263 1265
f 10139 10138 10141
f 10139 10141 10140
f 10139 10140 10136
f 10139 7993 7991
f 5399 7995 10121
f 10121 7995 10122
f 7991 5412 10137
f 7991 10137 10138
f 7953 7951 10180
f 10185 7959 7957
f 10182 7955 10181
f 10182 10179 1442
f 10182 1442 1441
f 10182 10181 10184
f 10182 10184 10183
f 10182 10183 10179
f 10182 7957 7955
f 7962 7963 10167
f 7963 7961 10167
f 10167 7961 10169
f 7955 7953 10181
f 10185 7960 7959
f 7953 10180 10181
f 10177 1430 1414
f 7951 7948 10180
f 10179 10178 1442
f 1442 10178 1432
f 10178 1258 1432
f 1391 10176 10177
f 1391 10177 1414
f 10176 10174 10175
f 10176 10175 10177
f 10174 10172 10173
f 10187 7961 7960
f 10190 7954 10191
f 10189 1394 10188
f 10189 1398 1394
f 7946 10166 10168
f 7946 7945 10166
f 10188 1394 1320
f 10176 1391 1390
f 10187 10185 10186
f 10187 10169 7961
f 10187 7960 10185
f 10187 10186 10173
f 10174 10173 10175
f 10187 10171 10169
f 10187 10173 10171
f 10186 1430 10177
f 10186 10185 1440
f 10186 1440 1439
f 10186 1439 1430
f 10186 10175 10173
f 10186 10177 10175
f 10185 7957 10182
f 10185 10182 1441
f 10185 1441 1440
f 1429 1437 10160
f 10162 1435 10161
f 10162 5407 5406
f 10161 1431 10155
f 10161 10152 5408
f 10161 1435 1434
f 10161 1434 1431
f 10161 5408 5407
f 10161 10153 10152
f 10161 10154 10153
f 10161 10155 10154
f 1413 1429 10160
f 10162 10161 5407
f 10157 5404 5403
f 10157 5403 5402
f 1431 10156 10155
f 1431 1262 10156
f 5408 10152 5409
f 10152 10151 5409
f 5409 10151 5410
f 10151 5411 5410
f 1413 10160 10144
f 1413 10144 1393
f 10160 10159 10147
f 10165 5404 10157
f 10172 10170 10171
f 10172 10171 10173
f 10170 10168 10169
f 10170 10169 10171
f 10168 10166 10167
f 10168 10167 10169
f 10166 7962 10167
f 10166 7945 7962
f 10165 10164 5405
f 10165 10160 1437
f 10165 1436 10164
f 10231 1296 1333
f 10165 1437 1436
f 10165 10159 10160
f 10165 10158 10159
f 10165 10157 10158
f 10165 5405 5404
f 10164 1435 10163
f 10164 10163 5406
f 10164 1436 1435
f 10164 5406 5405
f 10163 1435 10162
f 10163 10162 5406
f 1239 10328 1240
f 10333 10332 10335
f 10333 10335 10334
f 10333 10334 10330
f 10333 7902 7904
f 5376 7900 10315
f 10315 7900 10316
f 7904 5388 10331
f 7904 10331 10332
f 10319 1298 10320
f 10320 1298 1300
f 10330 10329 1289
f 1289 10329 1290
f 10333 1289 1295
f 10328 10327 10307
f 10328 10307 1240
f 10327 10326 10308
f 10327 10308 10307
f 10326 10325 10314
f 10326 10314 10308
f 10325 10324 10310
f 10325 10313 10314
f 10325 10310 10313
f 10324 10323 10309
f 10324 10309 10310
f 10337 5379 5387
f 10339 10341 10340
f 10339 10340 10337
f 10339 1455 1454
f 1239 1446 10328
f 10328 1446 10327
f 1446 1447 10327
f 10324 5382 10323
f 10323 5382 5381
f 1454 1444 10338
f 1444 1364 10338
f 5386 10337 5387
f 10323 5381 5380
f 10336 10316 7900
f 10336 1298 10319
f 10336 10333 1295
f 10336 7902 10333
f 10336 1295 1298
f 10336 7900 7902
f 10336 10317 10316
f 10336 10318 10317
f 10336 10319 10318
f 10333 7904 10332
f 10333 10330 1289
f 10309 7905 10310
f 10312 10308 10314
f 10312 10314 10313
f 10312 10313 10310
f 10312 1250 1243
f 10311 7901 10293
f 10311 10295 1252
f 10311 7903 7901
f 10311 1252 1250
f 10311 10296 10295
f 10311 10294 10296
f 10311 10293 10294
f 5380 7905 10309
f 10312 7905 7903
f 7901 10292 10293
f 7901 5375 10292
f 10308 1243 10307
f 10307 1243 1240
f 10295 10297 1252
f 1252 10297 1254
f 10304 10285 7894
f 10304 7897 10303
f 10304 1280 10283
f 10304 10301 1283
f 10304 1283 1281
f 10319 10301 10318
f 10323 5380 10309
f 10322 10318 10305
f 10322 10306 10317
f 10322 10305 10321
f 10322 10321 10306
f 10322 10317 10318
f 10321 10305 10306
f 1300 1302 10320
f 1302 10300 10320
f 10320 10300 10319
f 10300 10301 10319
f 10339 10338 10341
f 10301 10305 10318
f 10317 10303 10316
f 10317 10306 10303
f 10316 10302 10315
f 10316 10303 10302
f 10315 5377 5376
f 10315 10302 5377
f 10312 10310 7905
f 10312 10311 1250
f 10312 1243 10308
f 10312 7903 10311
f 10355 10349 5393
f 10359 10354 10353
f 10359 5397 5394
f 10358 1336 10357
f 10358 10357 5398
f 10358 1337 1336
f 10358 5398 5397
f 10357 1336 10356
f 10357 10356 5398
f 10356 10355 5396
f 10356 1336 10355
f 10356 5396 5398
f 10355 1332 10346
f 10359 10353 10352
f 10355 1336 1335
f 10355 1335 1332
f 10355 5393 5396
f 10355 10348 10349
f 10355 10347 10348
f 10355 10346 10347
f 1329 1328 10351
f 1328 1338 10351
f 10354 5394 5395
f 10354 5395 5389
f 1332 10345 10346
f 7621 10362 10364
f 10367 10361 2849
f 10367 7617 7619
f 10367 2849 2856
f 10367 10364 10369
f 10367 10369 10368
f 10367 10368 10361
f 7608 7610 10365
f 7610 7609 10365
f 10365 7609 10366
f 7619 7621 10364
f 7621 7623 10362
f 1332 1291 10345
f 10363 2843 2845
f 7623 7625 10362
f 10361 10360 2849
f 2849 10360 2847
f 10360 2850 2847
f 10359 10358 5397
f 10359 10351 1338
f 10359 1337 10358
f 10359 5394 10354
f 10359 1338 1337
f 10359 10352 10351
f 10344 10326 10327
f 10346 10345 10330
f 10345 1291 1290
f 10345 10329 10330
f 10345 1290 10329
f 10344 10343 5384
f 10344 10327 1447
f 10344 5382 10324
f 10344 1456 10343
f 10344 5384 5383
f 10344 5383 5382
f 10344 1447 1456
f 10347 10330 10334
f 10344 10325 10326
f 10344 10324 10325
f 10343 1455 10342
f 10343 10342 5384
f 10343 1456 1455
f 10342 10339 5384
f 10342 1455 10339
f 10339 1454 10338
f 10339 10337 5386
f 10339 5386 5385
f 10339 5385 5384
f 10341 10351 10352
f 5393 10349 5392
f 10349 10350 5392
f 5392 10350 5391
f 10350 5390 5391
f 5379 10337 10354
f 5379 10354 5389
f 10337 10340 10353
f 10337 10353 10354
f 10340 10341 10352
f 10340 10352 10353
f 10341 10338 10351
f 10304 1281 1280
f 10338 1329 10351
f 10338 1364 1329
f 5390 10350 10331
f 5390 10331 5388
f 10350 10349 10331
f 10349 10348 10335
f 10349 10332 10331
f 10349 10335 10332
f 10348 10347 10334
f 10348 10334 10335
f 10347 10346 10330
f 10261 10263 10262
f 10266 7880 10264
f 10266 10264 10261
f 10266 7883 7880
f 10264 10263 10261
f 10264 7879 10260
f 10264 10260 10265
f 10264 10265 10263
f 10264 7880 7879
f 10261 10258 1458
f 10261 1458 1457
f 10261 1457 1467
f 10261 1467 1466
f 10266 10261 1466
f 10261 10262 10258
f 186 7891 187
f 7891 7889 187
f 7889 7887 187
f 187 7887 188
f 180 1459 178
f 180 1460 1459
f 7879 7881 10259
f 7879 10259 10260
f 178 1459 179
f 10258 1366 1458
f 10259 10268 10269
f 10258 10262 10273
f 10258 10273 1352
f 10262 10263 10272
f 10262 10272 10273
f 10263 10265 10271
f 10263 10271 10272
f 10265 10260 10270
f 10265 10270 10271
f 10260 10259 10269
f 10260 10269 10270
f 10259 7881 10268
f 1362 10238 10248
f 7881 7875 10268
f 10267 10266 1466
f 10267 188 7887
f 10267 1460 180
f 10267 7883 10266
f 10267 1466 1460
f 10267 7887 7885
f 10267 7885 7883
f 10267 180 195
f 10267 195 194
f 10267 194 188
f 10251 10236 10237
f 10253 1341 1340
f 10253 1340 1330
f 10252 7915 10251
f 10252 10251 1342
f 10252 7909 7912
f 10252 7912 7915
f 10252 1342 1341
f 10251 7917 10233
f 10251 10232 1343
f 10251 7915 7917
f 10251 1343 1342
f 10251 10237 10232
f 10253 10254 10255
f 10251 10233 10236
f 7906 7908 10249
f 7908 7907 10249
f 10249 7907 10250
f 7917 7919 10233
f 7919 7921 10234
f 7919 10234 10233
f 10248 1330 1331
f 7921 7923 10234
f 10232 10231 1343
f 1343 10231 1333
f 10239 7906 10249
f 1362 10248 1331
f 10238 10242 10254
f 10238 10254 10248
f 10242 10243 10255
f 10242 10255 10254
f 10243 10245 10257
f 10243 10257 10255
f 10245 10240 10250
f 10245 10250 10257
f 10240 10239 10249
f 10240 10249 10250
f 1366 10258 1352
f 10239 7910 7906
f 10256 10252 10253
f 10256 10250 7907
f 10256 7909 10252
f 10256 10253 10255
f 10256 7907 7909
f 10256 10255 10257
f 10256 10257 10250
f 10253 10252 1341
f 10253 1330 10248
f 10253 10248 10254
f 10276 10292 5378
f 10298 10294 10280
f 10298 10296 10294
f 1256 10297 10274
f 1256 1254 10297
f 10274 10295 10275
f 10274 10297 10295
f 10275 10296 10281
f 10275 10295 10296
f 10280 10294 10277
f 10294 10293 10277
f 10277 10293 10276
f 10293 10292 10276
f 10298 10281 10296
f 10292 5375 5378
f 10291 10289 10290
f 10291 10269 7876
f 10291 7878 10289
f 10291 10290 10271
f 10291 7876 7878
f 10291 10270 10269
f 10291 10271 10270
f 10290 1350 10273
f 10290 10289 1360
f 10290 1360 1353
f 10283 1277 10282
f 10304 10303 10306
f 10304 10306 10305
f 10304 10305 10301
f 10304 7894 7895
f 10304 7895 7897
f 10304 10288 10285
f 10304 10287 10288
f 10304 10283 10287
f 7892 7893 10284
f 10284 7893 10285
f 7893 7894 10285
f 10290 1353 1350
f 10283 1280 1277
f 7897 7899 10303
f 10282 1277 1279
f 7899 5377 10302
f 7899 10302 10303
f 1283 10301 1285
f 10301 10300 1285
f 1285 10300 1302
f 10299 10281 10298
f 10299 10298 10280
f 10299 10280 10281
f 10278 1241 1247
f 10282 1279 1354
f 10279 10277 7898
f 10279 7896 10278
f 10279 1247 10275
f 10279 10278 1247
f 10279 7898 7896
f 10279 10275 10281
f 10279 10281 10280
f 10279 10280 10277
f 10278 7896 189
f 10278 184 1241
f 1355 10282 1354
f 10278 189 198
f 10278 198 197
f 10278 197 184
f 5378 7898 10276
f 10276 7898 10277
f 7896 192 191
f 7896 191 189
f 10275 1247 10274
f 10274 1247 1256
f 184 181 1241
f 1241 181 183
f 10286 10288 10287
f 10290 10272 10271
f 10290 10273 10272
f 10289 7884 10286
f 10289 10286 1361
f 10289 1361 1360
f 10289 7878 7882
f 10289 7882 7884
f 10286 7886 10285
f 10286 10283 1355
f 10286 1355 1361
f 10286 10285 10288
f 201 200 10126
f 10286 10287 10283
f 10286 7884 7886
f 7875 7877 10268
f 7877 7876 10268
f 10268 7876 10269
f 7886 7888 10285
f 7888 7890 10284
f 7888 10284 10285
f 10273 1350 1352
f 7890 7892 10284
f 10283 10282 1355
f 9960 9954 8149
f 9946 9947 9958
f 9946 9958 9952
f 9947 9949 9959
f 9947 9959 9958
f 9949 9944 9961
f 9949 9961 9959
f 9944 9943 9954
f 9944 9954 9961
f 9943 8151 9953
f 9943 9953 9954
f 8151 8148 9953
f 9960 9956 9957
f 9942 9952 776
f 9960 8153 9956
f 9960 9957 9959
f 9960 8149 8153
f 9960 9959 9961
f 9960 9961 9954
f 9957 9956 958
f 9957 948 9952
f 9957 9952 9958
f 9957 9958 9959
f 9957 958 957
f 9957 957 948
f 5500 9969 5509
f 9974 9965 9967
f 9974 9963 9965
f 801 844 9973
f 9973 844 9972
f 844 845 9972
f 9971 5503 9970
f 9970 5503 5502
f 852 842 9963
f 842 780 9963
f 5507 9969 5508
f 9969 5500 5508
f 9956 8157 9955
f 9969 9967 9968
f 9969 9968 5509
f 9967 9965 9966
f 9967 9966 9968
f 9965 9963 9964
f 9965 9964 9966
f 9963 780 9962
f 9963 9962 9964
f 780 779 9962
f 775 9942 776
f 9942 9946 9952
f 9948 9947 9945
f 9951 847 9929
f 9951 8156 9950
f 9951 848 847
f 9951 8160 8158
f 9951 8158 8156
f 9951 9934 9931
f 9951 9933 9934
f 9951 9929 9933
f 9950 9945 848
f 9950 8154 9948
f 9950 9948 9945
f 9950 8156 8154
f 9951 9931 8160
f 9948 8152 9944
f 9948 9944 9949
f 9948 9949 9947
f 9948 8154 8152
f 9945 9942 841
f 9945 841 850
f 9945 850 849
f 9945 849 848
f 9945 9947 9946
f 9945 9946 9942
f 8166 8164 9930
f 8148 8150 9953
f 9956 9955 959
f 9956 8153 8155
f 9956 8155 8157
f 9956 959 958
f 9955 8159 9937
f 9955 9936 960
f 9955 8157 8159
f 9955 960 959
f 9955 9941 9936
f 9955 9940 9941
f 9955 9937 9940
f 9974 9967 9969
f 8150 8149 9953
f 9953 8149 9954
f 8159 8161 9937
f 8161 8163 9938
f 8161 9938 9937
f 9952 948 776
f 8163 8165 9938
f 9936 9935 960
f 960 9935 950
f 9935 916 950
f 9951 9950 848
f 9992 9972 9978
f 9982 9997 9998
f 911 910 9997
f 5501 9996 9970
f 5501 9970 5502
f 9996 9995 9970
f 9995 9994 9971
f 9995 9971 9970
f 9994 9993 9979
f 9994 9979 9971
f 9993 9992 9978
f 9993 9978 9979
f 9992 9991 9972
f 9982 911 9997
f 9991 802 9973
f 9991 9973 9972
f 802 801 9973
f 9990 9962 955
f 9990 9989 5518
f 9990 954 9989
f 9990 5515 9968
f 9990 5518 5515
f 9990 955 954
f 9990 9964 9962
f 9990 9966 9964
f 815 10003 817
f 10007 10006 10009
f 10007 10009 10008
f 10007 10008 10004
f 10007 8145 8143
f 5501 8147 9996
f 9996 8147 9995
f 8143 5520 10005
f 8143 10005 10006
f 9992 804 9991
f 9991 804 802
f 10004 10003 815
f 9990 9968 9966
f 5511 9980 5510
f 9980 9981 10002
f 9980 10002 5510
f 9981 9985 10001
f 9981 10001 10002
f 9985 9986 10000
f 9985 10000 10001
f 9986 9983 9999
f 9986 9999 10000
f 9983 9982 9998
f 9983 9998 9999
f 9977 5505 5504
f 9981 9980 5513
f 5513 9980 5512
f 9980 5511 5512
f 9977 854 9976
f 9977 9972 845
f 9977 5503 9971
f 9977 9976 5505
f 9977 845 854
f 9977 9971 9979
f 9977 9979 9978
f 9977 9978 9972
f 5514 9981 5513
f 9977 5504 5503
f 9976 853 9975
f 9976 9975 5505
f 9976 854 853
f 9975 853 9974
f 9975 9974 5505
f 9974 852 9963
f 9974 9969 5507
f 9974 853 852
f 9974 5507 5506
f 9974 5506 5505
f 9984 5514 5517
f 9989 9988 5519
f 9989 953 9988
f 9989 5519 5518
f 9989 954 953
f 9988 953 9987
f 9988 9987 5519
f 9987 953 9984
f 9987 9984 5517
f 9987 5517 5519
f 9984 949 9983
f 9984 9981 5514
f 8164 8162 9930
f 9984 9983 9986
f 9984 9986 9985
f 9984 9985 9981
f 9984 953 952
f 9984 952 949
f 779 947 9962
f 947 955 9962
f 9968 5515 5516
f 9968 5516 5509
f 949 911 9982
f 949 9982 9983
f 8179 8178 9905
f 9906 9908 9907
f 9906 9907 9903
f 9906 8184 8182
f 9906 8182 8179
f 9906 9888 9885
f 9906 9887 9888
f 9906 9883 9887
f 8187 8185 9884
f 9884 8185 9885
f 8185 8184 9885
f 9883 821 9882
f 9883 822 821
f 9906 9905 9908
f 9882 821 820
f 8178 5473 9904
f 8178 9904 9905
f 828 9903 830
f 9903 9902 830
f 830 9902 832
f 9899 9895 8193
f 9899 995 9893
f 9899 8197 9898
f 9899 9898 996
f 9899 8193 8195
f 9909 926 925
f 9913 936 932
f 9913 932 928
f 9913 9901 9893
f 9913 9900 9901
f 9913 9895 9900
f 5476 8177 9912
f 9912 8177 9911
f 8177 8180 9911
f 9910 926 9909
f 9910 928 926
f 8183 8186 9895
f 9899 8195 8197
f 8186 9894 9895
f 8186 8188 9894
f 936 9893 939
f 9893 9892 939
f 939 9892 940
f 9906 9885 8184
f 9906 8179 9905
f 9906 822 9883
f 9906 9903 828
f 9906 828 826
f 9906 826 822
f 9890 884 9880
f 9893 995 991
f 8201 9870 9872
f 8201 8203 9870
f 9892 991 940
f 9881 773 989
f 9891 9889 9890
f 9891 9873 8202
f 9891 8200 9889
f 9891 9890 9876
f 9891 8202 8200
f 9891 9874 9873
f 9891 9876 9874
f 9893 991 9892
f 9890 9889 894
f 9890 894 893
f 9890 893 884
f 9890 9878 9876
f 9890 9880 9878
f 9889 8196 9886
f 9889 9886 895
f 9889 895 894
f 9889 8200 8198
f 9889 8198 8196
f 9886 8194 9885
f 9897 9875 9877
f 9899 9893 9901
f 9899 9901 9900
f 9899 9900 9895
f 9899 996 995
f 9898 9897 9896
f 9898 8199 9897
f 9898 9896 996
f 9898 8197 8199
f 9897 8201 9872
f 9897 9877 9896
f 9897 8199 8201
f 9913 9914 9911
f 9897 9872 9875
f 9896 9881 989
f 9896 989 998
f 9896 998 997
f 9896 997 996
f 9896 9879 9881
f 9896 9877 9879
f 8188 8189 9894
f 8189 8191 9894
f 8191 8193 9894
f 9894 8193 9895
f 9932 814 9917
f 8167 8169 9937
f 9936 913 9935
f 9936 912 913
f 8173 8175 9926
f 9935 913 916
f 8175 9927 9926
f 8175 5474 9927
f 917 9923 919
f 9923 9922 919
f 919 9922 921
f 9932 9920 8174
f 9932 8170 9931
f 9938 8167 9937
f 9932 9929 809
f 9932 809 812
f 9932 812 814
f 9932 9931 9934
f 9932 9934 9933
f 9932 9933 9929
f 9932 8174 8172
f 9932 8172 8170
f 9932 9919 9920
f 9932 9918 9919
f 9932 9917 9918
f 9939 9923 917
f 8162 8160 9930
f 9930 8160 9931
f 9929 843 9928
f 9929 847 843
f 8152 8151 9943
f 8152 9943 9944
f 9928 843 808
f 9942 775 841
f 9939 9937 8169
f 9939 8173 9926
f 9939 912 9936
f 5475 8176 9921
f 9939 8169 8171
f 9939 8171 8173
f 9939 9936 9941
f 9939 9941 9940
f 9939 9940 9937
f 9939 917 914
f 9939 914 912
f 9939 9924 9923
f 9939 9925 9924
f 9939 9926 9925
f 8165 8167 9938
f 9917 9916 9902
f 9909 925 921
f 5475 9921 9904
f 5475 9904 5473
f 9921 9920 9905
f 9921 9905 9904
f 9920 9919 9908
f 9920 9908 9905
f 9919 9918 9907
f 9919 9907 9908
f 9918 9917 9903
f 9918 9903 9907
f 9909 921 9922
f 9917 9902 9903
f 9916 818 832
f 9916 832 9902
f 9913 9911 8180
f 9913 8183 9895
f 9913 928 9910
f 9913 9893 936
f 9913 8180 8181
f 9913 8181 8183
f 9913 9910 9915
f 9913 9915 9914
f 5476 9912 9927
f 9921 8176 9920
f 8176 8174 9920
f 9917 816 9916
f 9917 814 816
f 8170 8168 9931
f 9916 816 818
f 8168 8166 9930
f 8168 9930 9931
f 809 9929 807
f 9929 9928 807
f 807 9928 808
f 10007 815 813
f 5476 9927 5474
f 9912 9911 9926
f 9912 9926 9927
f 9911 9914 9925
f 9911 9925 9926
f 9914 9915 9924
f 9914 9924 9925
f 9915 9910 9923
f 9915 9923 9924
f 9910 9909 9922
f 9910 9922 9923
f 1323 10068 1325
f 10090 10079 10068
f 10090 10078 10079
f 10090 10070 10078
f 5400 7964 10089
f 10089 7964 10088
f 7964 7965 10088
f 10087 1310 10086
f 10087 1313 1310
f 7967 7969 10070
f 10086 1310 1309
f 7969 10069 10070
f 7969 7974 10069
f 10090 1317 1313
f 10068 10065 1325
f 1325 10065 1326
f 1374 10064 1411
f 10064 10072 10085
f 10064 10085 1411
f 10072 10073 10084
f 10072 10084 10085
f 10073 10075 10083
f 10073 10083 10084
f 10075 10067 10082
f 10075 10082 10083
f 1422 10093 1421
f 10097 10098 10094
f 10097 7983 7981
f 7988 7989 10080
f 7989 7987 10080
f 10080 7987 10081
f 7981 7979 10096
f 7979 7977 10095
f 7979 10095 10096
f 10085 1419 1411
f 7977 7975 10095
f 10094 10093 1422
f 10067 10066 10081
f 10093 1272 1421
f 10090 10088 7965
f 10090 7967 10070
f 10090 1313 10087
f 10090 10068 1323
f 10090 7965 7966
f 10090 7966 7967
f 10090 10087 10092
f 10090 10092 10091
f 10090 10091 10088
f 10090 1323 1317
f 7972 10066 10067
f 10071 1373 1372
f 10071 1372 1385
f 10071 1385 1384
f 10071 10073 10072
f 10071 10072 10064
f 7974 7976 10069
f 7976 7978 10069
f 7978 7980 10069
f 10069 7980 10070
f 10068 1375 10065
f 10068 1376 1375
f 7972 7971 10066
f 10071 10064 1373
f 10065 1375 1326
f 10064 1374 1373
f 782 10044 10054
f 782 10054 783
f 10044 10048 10060
f 10044 10060 10054
f 10048 10049 10061
f 10048 10061 10060
f 10049 10051 10063
f 10049 10063 10061
f 10051 10046 10056
f 10077 10068 10079
f 10067 10081 10082
f 10066 7971 10080
f 10066 10080 10081
f 7971 7988 10080
f 10077 10076 1384
f 10077 10070 7980
f 10077 1376 10068
f 10077 7984 10076
f 10077 1384 1376
f 10077 7980 7982
f 10077 7982 7984
f 10097 10099 10098
f 10077 10079 10078
f 10077 10078 10070
f 10076 10071 1384
f 10076 7970 10074
f 10076 10074 10071
f 10076 7984 7970
f 10074 10073 10071
f 10074 7972 10067
f 10074 10067 10075
f 10074 10075 10073
f 10074 7970 7972
f 10112 206 10094
f 10117 10105 10107
f 10117 10104 10105
f 5421 7990 10115
f 10115 7990 10116
f 7994 10103 10104
f 7994 5401 10103
f 10114 1315 10113
f 10113 1315 1321
f 10106 10108 1307
f 1307 10108 1304
f 10112 10096 213
f 10112 213 10111
f 10117 10107 10106
f 10112 10111 206
f 10112 10099 10096
f 10112 10098 10099
f 10112 10094 10098
f 10111 213 220
f 10111 220 219
f 10111 219 206
f 7975 7973 10095
f 10095 7973 10096
f 7973 213 10096
f 7973 7968 213
f 10118 10117 1311
f 10126 200 10125
f 200 202 10125
f 10125 202 10124
f 202 216 10124
f 10123 209 10122
f 10123 217 209
f 10122 208 10121
f 10122 209 208
f 10121 210 5399
f 10121 208 210
f 10118 10116 7990
f 7968 214 211
f 10118 1315 10114
f 10118 7992 10117
f 10118 7990 7992
f 10118 10114 10120
f 10118 10120 10119
f 10118 10119 10116
f 10118 1311 1315
f 10117 7994 10104
f 10117 10106 1307
f 10117 7992 7994
f 10117 1307 1311
f 10101 1420 1419
f 10103 5401 5400
f 10102 10100 10101
f 10102 10081 7987
f 10102 7986 10100
f 10102 10101 10083
f 10102 7987 7986
f 10102 10082 10081
f 10102 10083 10082
f 10101 1419 10085
f 10101 10100 1427
f 10101 1427 1420
f 10089 10103 5400
f 10101 10084 10083
f 10101 10085 10084
f 10100 7983 10097
f 10100 10097 1428
f 10100 1428 1427
f 10100 7986 7985
f 10100 7985 7983
f 10097 7981 10096
f 10097 10094 1422
f 10097 1422 1428
f 10097 10096 10099
f 10109 10105 10091
f 7968 211 213
f 10094 1273 10093
f 10094 206 1273
f 10093 1273 1272
f 1273 206 1274
f 206 203 1274
f 1274 203 205
f 10110 10092 10109
f 10110 10109 10091
f 10110 10091 10092
f 10109 10092 10107
f 10051 10056 10063
f 10109 10107 10105
f 1309 10108 10086
f 1309 1304 10108
f 10086 10106 10087
f 10086 10108 10106
f 10087 10107 10092
f 10087 10106 10107
f 10091 10105 10088
f 10105 10104 10088
f 10088 10104 10089
f 10104 10103 10089
f 10012 10030 10018
f 228 225 803
f 803 225 227
f 10034 10018 10031
f 10034 10029 10017
f 10034 10033 10029
f 10034 10031 10033
f 10034 10017 10018
f 10033 10031 10029
f 920 922 10011
f 922 10032 10011
f 10011 10032 10012
f 10032 10030 10012
f 10024 806 811
f 10030 10031 10018
f 10017 10028 10014
f 10017 10029 10028
f 10014 10027 10013
f 10014 10028 10027
f 10013 5522 5521
f 10013 10027 5522
f 10026 10025 10021
f 10026 10023 10025
f 10026 10021 10023
f 10025 10023 10008
f 10036 10022 10023
f 8141 5522 10027
f 903 10030 905
f 10030 10032 905
f 905 10032 922
f 10036 10020 8140
f 10036 8138 10035
f 10036 806 10022
f 10036 10035 806
f 10036 8140 8138
f 10036 10021 10020
f 10036 10023 10021
f 10025 10009 10021
f 10035 8138 233
f 10035 228 803
f 10035 803 806
f 10035 233 242
f 10035 242 241
f 10035 241 228
f 5523 8140 10019
f 10019 8140 10020
f 8138 236 235
f 8138 235 233
f 10022 806 10024
f 909 9997 910
f 10015 8144 8146
f 10015 909 915
f 10015 9999 9998
f 10015 10000 9999
f 10015 10001 10000
f 5521 8142 10013
f 10013 8142 10014
f 8146 10002 10001
f 8146 5510 10002
f 10012 918 10011
f 10011 918 920
f 9998 9997 909
f 10015 9998 909
f 10010 9995 8147
f 10010 804 9992
f 10010 10007 813
f 10010 8145 10007
f 10010 813 804
f 10010 8147 8145
f 10010 9994 9995
f 10010 9993 9994
f 10010 9992 9993
f 10007 8143 10006
f 10007 10004 815
f 10019 10005 5523
f 10025 10008 10009
f 811 10003 10024
f 811 817 10003
f 10024 10004 10022
f 10024 10003 10004
f 10022 10008 10023
f 10022 10004 10008
f 10021 10009 10020
f 10009 10006 10020
f 10020 10006 10019
f 10006 10005 10019
f 8141 10027 10028
f 10005 5520 5523
f 10016 10014 8142
f 10016 10015 915
f 10016 918 10012
f 10016 8144 10015
f 10016 8142 8144
f 10016 10012 10018
f 10016 10018 10017
f 10016 10017 10014
f 10016 915 918
f 10015 8146 10001
f 8132 8134 10040
f 10057 8126 8128
f 10057 968 974
f 10057 10043 10038
f 10057 10042 10043
f 10057 10039 10042
f 8117 8119 10055
f 8119 8118 10055
f 10055 8118 10056
f 8128 8130 10039
f 8130 8132 10040
f 8130 10040 10039
f 10054 965 783
f 10057 10038 968
f 10038 10037 968
f 968 10037 967
f 10037 899 967
f 10053 10052 864
f 10053 231 8129
f 10053 858 224
f 10053 8125 10052
f 10053 864 858
f 10053 8129 8127
f 10053 8127 8125
f 10053 239 231
f 10059 10058 973
f 10046 10045 10055
f 10046 10055 10056
f 10045 8117 10055
f 10045 8120 8117
f 10062 10058 10059
f 10062 10056 8118
f 10062 8122 10058
f 10062 10059 10061
f 10062 8118 8122
f 10062 10061 10063
f 10062 10063 10056
f 10053 238 239
f 10059 965 10054
f 10059 10054 10060
f 10059 10060 10061
f 10059 973 966
f 10059 966 965
f 10058 8126 10057
f 10058 10057 974
f 10058 8122 8124
f 10058 8124 8126
f 10058 974 973
f 10057 8128 10039
f 10041 903 901
f 222 857 223
f 10044 782 856
f 10041 10039 8136
f 10041 8139 10028
f 10041 900 10038
f 10041 10030 903
f 10041 8136 8137
f 10041 8137 8139
f 10041 10038 10043
f 10041 10043 10042
f 10041 10042 10039
f 8121 10045 10046
f 10041 901 900
f 10041 10031 10030
f 10041 10029 10031
f 10041 10028 10029
f 8134 8135 10040
f 10040 8135 10039
f 8135 8136 10039
f 10038 897 10037
f 10038 900 897
f 8139 8141 10028
f 10037 897 899
f 10047 856 855
f 10053 224 238
f 10052 10047 864
f 10052 8123 10050
f 10052 10050 10047
f 10052 8125 8123
f 10050 10049 10047
f 10050 8121 10046
f 10050 10046 10051
f 10050 10051 10049
f 10050 8123 8121
f 10047 10044 856
f 9886 9883 896
f 10047 855 865
f 10047 865 864
f 10047 10049 10048
f 10047 10048 10044
f 232 8133 230
f 8133 8131 230
f 8131 8129 230
f 230 8129 231
f 224 857 222
f 224 858 857
f 8121 8120 10045
f 8586 8580 8579
f 8590 8584 8583
f 8590 8583 8589
f 8590 8585 8584
f 8589 8583 1517
f 8589 1517 1513
f 8588 8582 8581
f 8588 7041 8582
f 8588 8581 8587
f 8588 7049 7041
f 8587 8581 8586
f 8586 8579 8585
f 8586 8581 8580
f 8591 8585 8590
f 8585 8578 8584
f 8585 8579 8578
f 8584 8577 8583
f 8584 8578 8577
f 8583 8577 1522
f 8583 1522 1517
f 8582 8575 8581
f 8582 8576 8575
f 8582 7039 8576
f 8582 7041 7039
f 8581 8575 8580
f 8595 1513 1510
f 8602 8591 8600
f 8602 8601 8603
f 8600 8590 8598
f 8600 8598 8599
f 8600 8591 8590
f 8600 8599 8601
f 8598 8590 8595
f 8598 8595 8597
f 8598 8597 8599
f 8595 8590 8589
f 8595 8589 1513
f 8580 8573 8579
f 8595 1510 1509
f 8595 1509 8596
f 8595 8596 8597
f 8594 7049 8588
f 8594 7053 7049
f 8594 8588 8587
f 8594 8587 8593
f 8593 8587 8586
f 8593 8586 8592
f 8592 8585 8591
f 8592 8586 8585
f 8564 8557 8563
f 8570 7034 7029
f 8569 8563 8568
f 8568 8562 8567
f 8568 8563 8562
f 8567 8560 8566
f 8567 8561 8560
f 8567 8562 8561
f 8566 8559 8565
f 8566 8560 8559
f 8565 1533 1529
f 8565 1529 1525
f 8565 8559 1533
f 8570 7029 8564
f 8564 8558 8557
f 8564 7024 8558
f 8564 7029 7024
f 8563 8556 8562
f 8563 8557 8556
f 8562 8555 8561
f 8562 8556 8555
f 8561 8554 8560
f 8561 8555 8554
f 8560 8553 8559
f 8560 8554 8553
f 8576 7039 7034
f 8580 8575 8574
f 8580 8574 8573
f 8579 8573 8572
f 8579 8572 8578
f 8578 8572 8577
f 8577 8572 8571
f 8577 8571 1525
f 8577 1525 1522
f 8576 8569 8575
f 8576 8570 8569
f 8576 7034 8570
f 8602 8592 8591
f 8575 8568 8574
f 8575 8569 8568
f 8574 8568 8573
f 8573 8568 8567
f 8573 8567 8572
f 8572 8565 8571
f 8572 8567 8566
f 8572 8566 8565
f 8571 8565 1525
f 8570 8563 8569
f 8570 8564 8563
f 1747 8621 1745
f 8625 8627 8626
f 8625 8626 8622
f 8625 6989 6995
f 6984 6986 8606
f 6986 6985 8606
f 8606 6985 8607
f 6995 6994 8624
f 6994 6991 8623
f 6994 8623 8624
f 8611 1743 1669
f 6991 6993 8623
f 8622 8621 1747
f 8625 8624 8627
f 8621 1748 1745
f 8618 8617 8616
f 8618 8614 7010
f 8618 7069 8617
f 8618 1794 8613
f 8618 8616 1796
f 8618 7010 7009
f 8618 7009 7069
f 8618 8613 8620
f 8618 8620 8619
f 8618 8619 8614
f 8629 1753 1744
f 8613 8612 1864
f 1864 8612 1792
f 8630 8628 8629
f 8630 8607 6985
f 8630 6990 8628
f 8630 8629 8609
f 8630 6985 6990
f 8630 8608 8607
f 8630 8609 8608
f 8629 1743 8611
f 8629 8628 1753
f 8618 1796 1794
f 8629 1744 1743
f 8629 8610 8609
f 8629 8611 8610
f 8628 6989 8625
f 8628 8625 1754
f 8628 1754 1753
f 8628 6990 6987
f 8628 6987 6989
f 8625 6995 8624
f 8625 8622 1747
f 8625 1747 1754
f 8546 6988 6984
f 8536 8610 8611
f 8536 8611 1669
f 8538 8540 8609
f 8538 8609 8610
f 8540 8542 8608
f 8540 8608 8609
f 8542 8544 8607
f 8542 8607 8608
f 8544 8546 8606
f 8544 8606 8607
f 8546 6984 8606
f 8536 8538 8610
f 8605 8593 8604
f 8605 8604 8603
f 8605 7053 8594
f 8605 8594 8593
f 8605 7057 7053
f 8605 8534 7057
f 8605 8603 8534
f 8604 8602 8603
f 8604 8592 8602
f 8604 8593 8592
f 8602 8600 8601
f 7005 7007 8615
f 8617 7067 8603
f 8617 8599 8616
f 8617 7069 7067
f 8617 8601 8599
f 8617 8603 8601
f 8616 8596 1790
f 8616 1790 1789
f 8616 1789 1797
f 8616 1797 1796
f 8616 8597 8596
f 8616 8599 8597
f 8559 8553 1537
f 7007 7006 8615
f 7006 7008 8615
f 8615 7008 8614
f 7008 7010 8614
f 8613 1793 8612
f 8613 1794 1793
f 7067 8534 8603
f 7067 7068 8534
f 8612 1793 1792
f 8596 1509 1790
f 1503 8536 1669
f 8511 8111 8112
f 8106 8104 318
f 318 8104 319
f 312 1111 310
f 312 1112 1111
f 8099 8096 8515
f 8099 8515 8516
f 310 1111 311
f 8514 1093 1110
f 8511 8509 8111
f 8511 8114 8498
f 8511 1006 8508
f 8511 8500 1009
f 8108 8106 318
f 8511 8112 8114
f 8511 8508 8513
f 8511 8513 8512
f 8511 8512 8509
f 8511 1009 1007
f 8511 1007 1006
f 8511 8501 8500
f 8511 8499 8501
f 8511 8498 8499
f 8109 8110 8510
f 8510 8110 8509
f 8520 8519 8517
f 8523 8100 8522
f 8523 1118 1112
f 8523 8104 8102
f 8523 8102 8100
f 8523 327 319
f 8523 326 327
f 8523 312 326
f 8522 8517 1118
f 8522 8097 8520
f 8522 8520 8517
f 8522 8100 8097
f 8110 8111 8509
f 8520 8099 8516
f 8520 8516 8521
f 8520 8521 8519
f 8520 8097 8099
f 8517 8514 1110
f 8517 1110 1109
f 8517 1109 1119
f 8517 1119 1118
f 8517 8519 8518
f 8517 8518 8514
f 320 8108 318
f 8503 8501 8499
f 8489 8115 8490
f 8113 324 323
f 8113 323 321
f 8492 1058 8494
f 8494 1058 1063
f 316 313 1055
f 1055 313 315
f 8504 8488 8501
f 8504 8499 8487
f 8504 8503 8499
f 8504 8501 8503
f 8504 8487 8488
f 5429 8115 8489
f 1024 1026 8481
f 1026 8502 8481
f 8481 8502 8482
f 8502 8500 8482
f 8482 8500 8488
f 8500 8501 8488
f 8487 8498 8484
f 8487 8499 8498
f 8484 8497 8483
f 8484 8498 8497
f 8483 5428 5427
f 8506 1058 8492
f 8508 1003 8507
f 8508 1006 1003
f 8114 8116 8498
f 8507 1003 1005
f 8116 8497 8498
f 8116 5428 8497
f 1009 8500 1011
f 8500 8502 1011
f 1011 8502 1026
f 8506 8490 8115
f 8506 8113 8505
f 8523 1112 312
f 8506 8505 1058
f 8506 8115 8113
f 8506 8491 8490
f 8506 8493 8491
f 8506 8492 8493
f 8505 8113 321
f 8505 316 1055
f 8505 1055 1058
f 8505 321 330
f 8505 330 329
f 8505 329 316
f 8541 8542 8540
f 8549 8537 8548
f 8548 8537 8535
f 8548 8535 8547
f 8547 8535 1502
f 8547 1502 1541
f 8545 8544 8543
f 8545 6988 8546
f 8545 8546 8544
f 8545 7014 6988
f 8543 8542 8541
f 8543 8544 8542
f 8541 8540 8539
f 8549 8539 8537
f 8539 8538 8537
f 8539 8540 8538
f 8537 8538 8536
f 8537 8536 8535
f 8535 1503 1502
f 8535 8536 1503
f 7068 7057 8534
f 1093 8514 1094
f 8514 8518 8524
f 8514 8524 1094
f 8518 8519 8530
f 8554 8548 8547
f 8559 1537 1533
f 8558 7019 8552
f 8558 8551 8557
f 8558 8552 8551
f 8558 7024 7019
f 8557 8551 8550
f 8557 8550 8556
f 8556 8550 8549
f 8556 8549 8555
f 8555 8549 8548
f 8555 8548 8554
f 8518 8530 8524
f 8554 8547 8553
f 8553 8547 1541
f 8553 1541 1537
f 8552 8543 8551
f 8552 8545 8543
f 8552 7014 8545
f 8552 7019 7014
f 8551 8543 8541
f 8551 8541 8550
f 8550 8541 8539
f 8550 8539 8549
f 8094 8093 8525
f 8528 8095 8098
f 8528 8098 8101
f 8528 1222 1221
f 8527 8103 8509
f 8527 8508 1216
f 8527 8101 8103
f 8527 1216 1222
f 8527 8513 8508
f 8527 8512 8513
f 8527 8509 8512
f 8092 8094 8525
f 8528 8527 1222
f 8525 8093 8526
f 8103 8105 8509
f 8105 8107 8510
f 8105 8510 8509
f 8524 1213 1094
f 8107 8109 8510
f 8508 8507 1216
f 1216 8507 1215
f 8507 1005 1215
f 8523 8522 1118
f 8523 319 8104
f 8532 8095 8528
f 8519 8521 8531
f 8519 8531 8530
f 8521 8516 8533
f 8521 8533 8531
f 8516 8515 8526
f 8516 8526 8533
f 8515 8525 8526
f 8515 8092 8525
f 8515 8096 8092
f 8532 8528 8529
f 8532 8526 8093
f 1865 8613 1864
f 8532 8529 8531
f 8532 8093 8095
f 8532 8531 8533
f 8532 8533 8526
f 8529 8528 1221
f 8529 1213 8524
f 8529 8524 8530
f 8529 8530 8531
f 8529 1221 1214
f 8529 1214 1213
f 8528 8101 8527
f 8717 8712 8716
f 8722 5315 8718
f 8722 5317 5315
f 8721 8716 8720
f 8721 8717 8716
f 8720 8715 8719
f 8720 8716 8715
f 8719 8715 1566
f 8719 1566 1570
f 8718 8714 8713
f 8718 5313 8714
f 8718 8713 8717
f 8718 5315 5313
f 8722 8718 8717
f 8717 8713 8712
f 8716 8712 8711
f 8716 8711 8715
f 8715 8711 1562
f 8715 1562 1566
f 8714 8710 8709
f 8714 5311 8710
f 8714 8709 8713
f 8714 5313 5311
f 8713 8709 8708
f 8713 8708 8712
f 8727 8723 1574
f 8731 8727 1578
f 8731 1578 1582
f 8730 5321 5319
f 8730 5319 8726
f 8730 8726 8729
f 8729 8724 8728
f 8729 8726 8725
f 8729 8725 8724
f 8728 8724 8723
f 8728 8723 8727
f 8727 1574 1578
f 8712 8707 8711
f 8726 8721 8725
f 8726 5319 5317
f 8726 8722 8721
f 8726 5317 8722
f 8725 8721 8720
f 8725 8720 8724
f 8724 8720 8719
f 8724 8719 8723
f 8723 8719 1570
f 8723 1570 1574
f 8722 8717 8721
f 8699 5295 5298
f 8702 8701 5300
f 8702 1730 1729
f 8702 5300 5299
f 8701 1729 8700
f 8701 8700 5300
f 8700 8699 5298
f 8700 1729 8699
f 8700 5298 5300
f 8699 1724 8687
f 8699 8684 5295
f 8699 1729 1728
f 8699 1728 1724
f 8702 1729 8701
f 8699 8685 8684
f 8699 8686 8685
f 8699 8687 8686
f 1668 1720 8698
f 1720 1731 8698
f 8697 5296 5297
f 8697 5297 5288
f 1724 8688 8687
f 1724 1723 8688
f 5295 8684 5294
f 8684 8683 5294
f 8707 8690 1557
f 8712 8708 8707
f 8711 8707 1557
f 8711 1557 1562
f 8710 8692 8709
f 8710 5311 5301
f 8710 8689 8692
f 8710 5301 8689
f 8709 8693 8708
f 8709 8692 8693
f 8708 8690 8707
f 8708 8693 8690
f 8732 8728 8727
f 5290 5327 8706
f 1557 8690 1558
f 8703 8702 5299
f 8703 8698 1731
f 8703 1730 8702
f 8703 5296 8697
f 8703 1731 1730
f 8703 8697 8705
f 8703 8705 8704
f 8703 8704 8698
f 8703 5299 5296
f 8754 8756 8755
f 8754 8752 6879
f 8754 6872 8749
f 8754 1875 8751
f 8754 8747 1871
f 8754 6879 6874
f 8754 6874 6872
f 8754 8751 8758
f 8754 8758 8757
f 8754 8757 8752
f 8754 1871 1873
f 8754 1873 1875
f 8754 8749 8756
f 1879 1891 8759
f 8754 8755 8747
f 5179 6886 8753
f 8753 6886 8752
f 6886 6879 8752
f 8751 1877 8750
f 8751 1875 1877
f 6872 6859 8749
f 8750 1877 1879
f 6859 6861 8748
f 6859 8748 8749
f 1871 8747 1870
f 8753 8752 8764
f 6866 6865 8748
f 6865 6864 8748
f 8748 6864 8749
f 6864 6862 8749
f 8747 1815 8746
f 8747 1822 1815
f 6869 6871 8766
f 6869 8766 8767
f 8746 1815 1814
f 8765 1547 1810
f 5179 8753 5177
f 8747 8746 1870
f 8753 8764 5177
f 8752 8757 8763
f 8752 8763 8764
f 8757 8758 8762
f 8757 8762 8763
f 8758 8751 8761
f 8758 8761 8762
f 8751 8750 8760
f 8751 8760 8761
f 8750 1879 8759
f 8750 8759 8760
f 8737 8733 8732
f 8741 8740 8742
f 8741 8742 8743
f 8739 8735 1586
f 8739 1590 8740
f 8739 1586 1591
f 8739 1591 1590
f 8738 8733 8737
f 8738 8734 8733
f 8738 5325 5323
f 8738 5323 8734
f 8737 8732 8736
f 8741 8736 8735
f 8736 8731 8735
f 8736 8732 8731
f 8735 8731 1582
f 8735 1582 1586
f 8734 8729 8733
f 8734 5321 8730
f 8734 5323 5321
f 8734 8730 8729
f 8733 8728 8732
f 8733 8729 8728
f 8732 8727 8731
f 8745 8706 5327
f 1870 8746 1814
f 5290 8706 8697
f 5290 8697 5288
f 8706 8743 8705
f 8706 8705 8697
f 8743 8742 8704
f 8743 8704 8705
f 8742 8740 8698
f 8742 8698 8704
f 8740 1590 1668
f 8740 1668 8698
f 5294 8683 5293
f 8745 8744 8743
f 8745 8738 8737
f 8745 8737 8744
f 8745 5325 8738
f 8745 5327 5325
f 8745 8743 8706
f 8744 8736 8741
f 8744 8741 8743
f 8744 8737 8736
f 8741 8739 8740
f 8741 8735 8739
f 8631 8649 8632
f 8655 8642 8654
f 8655 8645 8642
f 8654 8641 8653
f 8654 8642 8641
f 8653 5286 5284
f 8653 8641 5286
f 8652 8635 8650
f 8652 8648 8638
f 8652 8650 8648
f 8652 8638 8635
f 1880 8651 8631
f 1880 1878 8651
f 8640 8644 8656
f 8631 8651 8649
f 8632 8650 8635
f 8632 8649 8650
f 8638 8648 8637
f 8648 8647 8637
f 8637 8647 8633
f 8647 8646 8633
f 8633 8646 5330
f 8646 5331 5330
f 8643 8624 6998
f 8643 7002 8642
f 1876 8651 1878
f 8665 8650 8649
f 8665 8648 8650
f 8665 8647 8648
f 5309 6954 8664
f 8664 6954 8663
f 6954 6952 8663
f 6951 8646 8647
f 6951 5331 8646
f 8662 1868 8661
f 8661 1868 1866
f 8649 8651 1876
f 8643 1786 8622
f 8660 8656 8644
f 8660 8645 8655
f 8660 8644 8659
f 8660 8659 8645
f 8660 8655 8656
f 8659 8644 8645
f 1782 1783 8658
f 1783 8639 8658
f 8658 8639 8657
f 8639 8640 8657
f 8657 8640 8656
f 8634 1865 1867
f 8636 7060 8634
f 8636 8634 8635
f 8636 7063 7062
f 8636 7062 7060
f 8636 8635 8638
f 8636 8638 8637
f 8636 8637 8633
f 8634 7061 8614
f 8634 1869 8632
f 8634 8613 1865
f 8634 7060 7061
f 8634 8632 8635
f 8636 8633 7063
f 8634 1867 1869
f 8634 8620 8613
f 8634 8619 8620
f 8634 8614 8619
f 5330 7063 8633
f 8632 1872 8631
f 8632 1869 1872
f 7061 7065 8614
f 8631 1872 1880
f 7065 8615 8614
f 7065 7005 8615
f 6993 6996 8623
f 8643 8640 1788
f 8643 1788 1787
f 8643 1787 1786
f 8643 8642 8645
f 8643 8645 8644
f 8643 8644 8640
f 8643 6998 7000
f 8643 7000 7002
f 8643 8627 8624
f 8643 8626 8627
f 8643 8622 8626
f 8665 1874 1868
f 8623 6996 8624
f 6996 6998 8624
f 8622 1785 8621
f 8622 1786 1785
f 7002 7004 8642
f 8621 1785 1748
f 7004 5286 8641
f 7004 8641 8642
f 1788 8640 1784
f 8640 8639 1784
f 1784 8639 1783
f 8668 8687 8688
f 1819 1818 8678
f 8678 1818 8679
f 1818 1816 8679
f 8677 5302 8676
f 8676 5302 5308
f 1812 1811 8690
f 1811 1558 8690
f 5306 8689 5307
f 8689 5301 5307
f 1775 8668 8688
f 1775 8688 1723
f 8668 8669 8687
f 8691 1821 1812
f 8669 8673 8686
f 8669 8686 8687
f 8673 8674 8685
f 8673 8685 8686
f 8674 8671 8684
f 8674 8684 8685
f 8671 8670 8683
f 8671 8683 8684
f 8670 5291 8683
f 8670 5292 5291
f 8680 8662 8679
f 8695 8694 5304
f 8683 5291 5293
f 8696 8695 5303
f 8696 8679 1816
f 8696 5302 8677
f 8696 1817 8695
f 8696 5303 5302
f 8696 1816 1817
f 8696 8682 8679
f 8696 8681 8682
f 8696 8677 8681
f 8695 1821 8694
f 8680 8677 8663
f 8695 5304 5303
f 8695 1817 1821
f 8694 8691 5304
f 8694 1821 8691
f 8691 1812 8690
f 8691 8689 5306
f 8691 5306 5305
f 8691 5305 5304
f 8691 8690 8693
f 8691 8693 8692
f 8691 8692 8689
f 8658 1780 1782
f 8672 8669 1776
f 8672 1776 1778
f 8672 8671 8674
f 8672 8674 8673
f 8672 8673 8669
f 8672 6947 6949
f 5284 6945 8653
f 8653 6945 8654
f 6949 5292 8670
f 6949 8670 8671
f 8657 1780 8658
f 8672 6949 8671
f 8669 8668 1776
f 1776 8668 1775
f 8665 8663 6952
f 8665 6951 8647
f 8665 1868 8662
f 8665 8649 1876
f 8665 6952 6951
f 8665 8662 8667
f 8665 8667 8666
f 8665 8666 8663
f 8665 1876 1874
f 8663 8677 8676
f 8680 8679 8682
f 8680 8682 8681
f 8680 8681 8677
f 8680 8667 8662
f 8680 8666 8667
f 8680 8663 8666
f 1866 1819 8661
f 8661 8678 8662
f 8661 1819 8678
f 8662 8678 8679
f 8663 8676 8664
f 8483 8497 5428
f 8664 5308 5309
f 8664 8676 5308
f 8675 8654 6945
f 8675 1780 8657
f 8675 8672 1778
f 8675 6947 8672
f 8675 1778 1780
f 8675 6945 6947
f 8675 8655 8654
f 8675 8656 8655
f 8675 8657 8656
f 8329 8328 8315
f 1139 8318 1172
f 8334 8333 8321
f 8334 8321 8318
f 8333 8332 8320
f 8333 8320 8321
f 8332 8331 8317
f 8332 8317 8320
f 8331 5453 5464
f 8331 5464 8317
f 5462 8330 5463
f 8330 8329 8311
f 8330 8311 5463
f 1139 8334 8318
f 8329 8312 8311
f 8329 8315 8312
f 8328 8327 8315
f 8327 8326 8310
f 8327 8314 8315
f 8327 8310 8314
f 8326 8325 8310
f 8325 1076 1075
f 8325 8309 8310
f 8325 1075 8309
f 8324 8323 5468
f 8335 8327 8328
f 8337 1146 8336
f 8337 8336 5457
f 8336 8335 5458
f 8336 1146 8335
f 8336 5458 5457
f 8335 1142 8326
f 8335 8329 5459
f 8335 1146 1145
f 8335 1145 1142
f 8335 5459 5458
f 8335 8328 8329
f 8324 8307 1185
f 8335 8326 8327
f 1139 1138 8334
f 1138 1148 8334
f 8331 5455 5454
f 8331 5454 5453
f 1142 8325 8326
f 1142 1076 8325
f 5459 8329 5460
f 8329 8330 5460
f 5460 8330 5461
f 8330 5462 5461
f 8316 8297 8296
f 8304 5470 8303
f 8303 5470 5471
f 1192 1182 8318
f 1182 1172 8318
f 5465 8317 5466
f 8317 5464 5466
f 8316 8296 8027
f 8316 1081 8299
f 8316 8313 1079
f 8316 8025 8313
f 8316 1079 1081
f 8316 8027 8025
f 1184 1185 8307
f 8316 8298 8297
f 8316 8299 8298
f 8313 8023 8312
f 8313 8310 1077
f 8313 1077 1079
f 8313 8312 8315
f 8313 8315 8314
f 8313 8314 8310
f 8313 8025 8023
f 5450 8027 8295
f 8295 8027 8296
f 8322 8319 5468
f 8324 5470 8304
f 8324 1194 8323
f 8324 5468 5469
f 8324 5469 5470
f 8324 1185 1194
f 8324 8306 8307
f 8324 8305 8306
f 8324 8304 8305
f 8323 1193 8322
f 8323 8322 5468
f 8323 1194 1193
f 8338 5457 5456
f 8322 1193 8319
f 8319 1192 8318
f 8319 8317 5465
f 8319 5465 5467
f 8319 5467 5468
f 8319 8318 8321
f 8319 8321 8320
f 8319 8320 8317
f 8319 1193 1192
f 1048 1184 8308
f 8308 1184 8307
f 8361 8053 8359
f 8042 8043 8364
f 8043 8045 8364
f 8045 8047 8364
f 8364 8047 8365
f 8363 1183 8362
f 8363 1187 1183
f 8038 8341 8342
f 8038 8037 8341
f 8362 1183 1044
f 8350 1174 1181
f 8361 8359 8360
f 8361 8343 8054
f 8366 8346 8348
f 8361 8360 8347
f 8361 8054 8053
f 8361 8345 8343
f 8361 8347 8345
f 8360 1140 8351
f 8360 8359 1151
f 8360 1151 1150
f 8360 1150 1140
f 8360 8349 8347
f 8360 8351 8349
f 8359 8050 8356
f 8368 8366 1188
f 8369 1187 8363
f 8369 8051 8368
f 8369 8368 1188
f 8369 8047 8049
f 8369 8049 8051
f 8369 8363 8371
f 8369 8371 8370
f 8369 8370 8365
f 8369 1188 1187
f 8368 8367 8366
f 8368 8036 8367
f 8359 8356 1152
f 8368 8051 8036
f 8367 8038 8342
f 8367 8346 8366
f 8367 8036 8038
f 8367 8344 8346
f 8367 8342 8344
f 8366 8350 1181
f 8366 1181 1190
f 8366 1190 1189
f 8366 1189 1188
f 8366 8348 8350
f 8339 8338 5456
f 8350 8349 8351
f 8348 8346 8347
f 8348 8347 8349
f 8346 8344 8345
f 8346 8345 8347
f 8344 8342 8343
f 8344 8343 8345
f 8342 8341 8340
f 8342 8340 8343
f 8341 8037 8340
f 8037 8055 8340
f 8350 8348 8349
f 8339 8334 1148
f 8339 1147 8338
f 8339 5455 8331
f 8339 1148 1147
f 8339 8333 8334
f 8339 8332 8333
f 8339 8331 8332
f 8339 5456 5455
f 8338 1146 8337
f 8338 8337 5457
f 8338 1147 1146
f 8056 8054 8340
f 8359 1152 1151
f 8359 8053 8052
f 8359 8052 8050
f 8356 8048 8355
f 8356 8353 1153
f 8356 1153 1152
f 8356 8355 8358
f 8356 8358 8357
f 8356 8357 8353
f 8356 8050 8048
f 8055 8056 8340
f 8023 5463 8311
f 8340 8054 8343
f 8048 8046 8355
f 8046 8044 8354
f 8046 8354 8355
f 8351 1140 1141
f 8044 8041 8354
f 8353 8352 1153
f 1153 8352 1143
f 8352 1072 1143
f 1174 8350 8351
f 1174 8351 1141
f 8009 8007 8269
f 8271 1165 1171
f 8271 8270 8273
f 8271 8273 8272
f 8271 8272 8268
f 8271 8015 8013
f 8020 8021 8254
f 8021 8019 8254
f 8254 8019 8255
f 8013 8011 8270
f 8011 8009 8269
f 8011 8269 8270
f 8259 1160 1162
f 8271 8268 1165
f 8268 8267 1165
f 1165 8267 1164
f 8267 1086 1164
f 8264 8262 7997
f 8264 7999 8244
f 8264 1037 8261
f 8264 8242 1047
f 8264 7997 7998
f 8264 7998 7999
f 8264 8261 8266
f 8264 8266 8265
f 8275 1160 8259
f 8262 8278 8263
f 8278 8277 8263
f 8263 8277 5451
f 8277 5452 5451
f 8276 8274 8275
f 8276 8255 8019
f 8276 8018 8274
f 8276 8275 8257
f 8276 8019 8018
f 8276 8256 8255
f 8276 8257 8256
f 8264 8265 8262
f 8275 8274 1170
f 8275 1170 1163
f 8275 1163 1160
f 8275 8258 8257
f 8275 8259 8258
f 8274 8015 8271
f 8274 8271 1171
f 8274 1171 1170
f 8274 8018 8017
f 8274 8017 8015
f 8271 8013 8270
f 8251 8012 8014
f 8249 8241 8256
f 8249 8256 8257
f 8241 8240 8255
f 8241 8255 8256
f 8240 8003 8254
f 8240 8254 8255
f 8003 8020 8254
f 8251 8250 1204
f 8251 8244 8012
f 8251 1198 8242
f 8251 8016 8250
f 8251 1204 1198
f 8247 8257 8258
f 8251 8014 8016
f 8251 8242 8253
f 8251 8253 8252
f 8251 8252 8244
f 8248 8241 8249
f 8250 8245 1204
f 8250 8002 8248
f 8250 8248 8245
f 8250 8016 8002
f 8248 8247 8245
f 8248 8004 8241
f 8260 1033 1032
f 8264 1047 1041
f 8264 1041 1037
f 8264 8253 8242
f 8264 8252 8253
f 8264 8244 8252
f 5451 7996 8263
f 8263 7996 8262
f 7996 7997 8262
f 8261 1033 8260
f 8261 1037 1033
f 7999 8001 8244
f 8279 8278 8262
f 8001 8243 8244
f 8001 8006 8243
f 1047 8242 1049
f 8242 8239 1049
f 1049 8239 1050
f 1180 8238 1162
f 8238 8246 8259
f 8238 8259 1162
f 8246 8247 8258
f 8246 8258 8259
f 8247 8249 8257
f 8295 340 342
f 8301 348 349
f 1083 333 8300
f 333 332 8300
f 8300 332 8299
f 332 334 8299
f 8299 334 8298
f 334 348 8298
f 8297 341 8296
f 8297 349 341
f 8296 340 8295
f 8296 341 340
f 8295 342 5450
f 8302 8297 8298
f 8292 8290 8022
f 8292 8291 1035
f 8292 1038 8288
f 8292 8024 8291
f 8292 8022 8024
f 8292 8288 8294
f 8292 8294 8293
f 8292 8293 8290
f 8292 1035 1038
f 8291 8026 8278
f 8291 8280 1030
f 8306 8294 8288
f 8023 8311 8312
f 8299 1081 8300
f 8300 1081 1083
f 8310 8309 1077
f 1077 8309 1075
f 1048 8308 1045
f 8308 8307 8287
f 8308 8287 1045
f 8307 8306 8288
f 8307 8288 8287
f 8306 8305 8294
f 8291 8024 8026
f 8305 8304 8293
f 8305 8293 8294
f 8304 8303 8290
f 8304 8290 8293
f 8303 5471 8289
f 8303 8289 8290
f 5471 5472 8289
f 8302 8298 348
f 8302 349 8297
f 8302 348 8301
f 8302 8301 349
f 8284 8283 8265
f 8005 345 8270
f 8005 8000 345
f 8000 346 343
f 8000 343 345
f 8268 1087 8267
f 8268 338 1087
f 8267 1087 1086
f 1087 338 1088
f 338 335 1088
f 1088 335 337
f 8284 8266 8283
f 8269 8005 8270
f 8284 8265 8266
f 8283 8266 8281
f 8283 8279 8265
f 8283 8281 8279
f 1032 8282 8260
f 1032 1027 8282
f 8260 8280 8261
f 8260 8282 8280
f 8261 8281 8266
f 8261 8280 8281
f 8265 8279 8262
f 1030 8282 1027
f 8291 1030 1035
f 8291 8281 8280
f 8291 8279 8281
f 8291 8278 8279
f 5472 8022 8289
f 8289 8022 8290
f 8026 8277 8278
f 8026 5452 8277
f 8288 1038 8287
f 8287 1038 1045
f 8280 8282 1030
f 8369 8365 8047
f 8286 8270 345
f 8286 345 8285
f 8286 338 8268
f 8286 8285 338
f 8286 8273 8270
f 8286 8272 8273
f 8286 8268 8272
f 8285 345 352
f 8285 352 351
f 8285 351 338
f 8007 8005 8269
f 8447 8446 5435
f 1223 1231 8433
f 8438 5445 5446
f 8438 5446 5439
f 1225 1015 8452
f 1225 8452 8453
f 5444 8451 5443
f 8451 8450 5443
f 5443 8450 5442
f 8450 5441 5442
f 8447 1136 8446
f 8447 8442 1127
f 8447 5433 8441
f 1107 1223 8433
f 8447 1127 1136
f 8447 8441 8449
f 8447 8449 8448
f 8447 8448 8442
f 8447 5435 5434
f 8447 5434 5433
f 8446 1135 8445
f 8446 8445 5435
f 8446 1136 1135
f 8445 1135 8444
f 8445 8444 5435
f 8458 8457 5449
f 8460 5445 8438
f 8460 5448 5445
f 8460 1231 1230
f 8460 8435 8433
f 8460 8437 8435
f 8460 8438 8437
f 8459 8458 5449
f 8459 1229 8458
f 8459 5449 5448
f 8459 1230 1229
f 8458 1229 8457
f 8444 1134 8432
f 8457 1229 8454
f 8457 8454 5447
f 8457 5447 5449
f 8454 1225 8453
f 8454 8451 5444
f 8454 5444 5447
f 8454 8453 8456
f 8454 8456 8455
f 8454 8455 8451
f 8454 1229 1228
f 8454 1228 1225
f 8414 8424 8431
f 8432 1108 1107
f 8432 1107 8433
f 1104 8412 1105
f 8412 8416 8422
f 8412 8422 1105
f 8416 8417 8428
f 8416 8428 8422
f 8417 8419 8429
f 8417 8429 8428
f 8419 8414 8431
f 8419 8431 8429
f 8414 8413 8424
f 8434 8433 8435
f 8413 8061 8423
f 8413 8423 8424
f 8061 8057 8423
f 8430 8426 8427
f 8430 8424 8058
f 8430 8060 8426
f 8430 8427 8429
f 8430 8058 8060
f 8430 8429 8431
f 8430 8431 8424
f 8427 8426 1234
f 8440 5433 5432
f 8444 8439 5437
f 8444 1135 1134
f 8444 5437 5436
f 8444 5436 5435
f 8444 8436 8439
f 8444 8434 8436
f 8444 8432 8434
f 1053 1126 8443
f 8443 1126 8442
f 1126 1127 8442
f 8441 5433 8440
f 8460 1230 8459
f 1134 1124 8432
f 1124 1108 8432
f 5437 8439 5438
f 8439 5430 5438
f 5430 8439 8438
f 5430 8438 5439
f 8439 8436 8438
f 8436 8434 8435
f 8436 8435 8437
f 8436 8437 8438
f 8434 8432 8433
f 8090 8467 8468
f 8486 8488 8487
f 8486 8487 8484
f 8486 1019 1022
f 8485 8090 8468
f 8485 8471 1013
f 8485 8088 8090
f 8485 1013 1019
f 8485 8470 8471
f 8485 8469 8470
f 8485 8468 8469
f 5427 8086 8483
f 8483 8086 8484
f 8486 8482 8488
f 8090 5440 8467
f 8482 1022 8481
f 8481 1022 1024
f 8471 8472 1013
f 1013 8472 1014
f 8480 8465 8091
f 8480 1056 8462
f 8480 8477 1065
f 8480 8089 8477
f 8480 1065 1056
f 8480 8091 8089
f 8492 8474 8478
f 8496 8493 8495
f 8496 8495 8491
f 8496 8491 8493
f 8495 8493 8478
f 8495 8479 8491
f 8495 8478 8479
f 1063 8473 8494
f 1063 1069 8473
f 8494 8474 8492
f 8494 8473 8474
f 8492 8478 8493
f 8480 8464 8465
f 8491 8479 8490
f 8479 8476 8490
f 8490 8476 8489
f 8476 8475 8489
f 8489 8475 5429
f 8475 5426 5429
f 8486 8484 8086
f 8486 8485 1019
f 8486 1022 8482
f 8486 8088 8485
f 8486 8086 8088
f 8465 8464 8449
f 8470 8455 8456
f 8469 8468 8451
f 8469 8451 8455
f 8468 8467 8450
f 8468 8450 8451
f 8467 5440 5441
f 8467 5441 8450
f 5431 8466 8440
f 5431 8440 5432
f 8466 8465 8441
f 8466 8441 8440
f 8470 8456 8453
f 8465 8449 8441
f 8464 8463 8448
f 8464 8448 8449
f 8463 8462 8442
f 8463 8442 8448
f 8462 8461 8443
f 8462 8443 8442
f 8461 1054 1053
f 8461 1053 8443
f 8460 8433 1231
f 8460 8459 5448
f 8087 5426 8475
f 8480 8463 8464
f 8480 8462 8463
f 8477 8087 8476
f 8477 8474 1067
f 8477 1067 1065
f 8477 8476 8479
f 8477 8479 8478
f 8477 8478 8474
f 8477 8089 8087
f 5431 8091 8466
f 8466 8091 8465
f 8427 1224 8422
f 8087 8475 8476
f 8462 1056 8461
f 8461 1056 1054
f 8474 8473 1067
f 1067 8473 1069
f 1014 8472 1015
f 8472 8471 8452
f 8472 8452 1015
f 8471 8470 8453
f 8471 8453 8452
f 8470 8469 8455
f 8390 8378 8375
f 8395 8384 8385
f 8394 8393 8381
f 8394 8381 8384
f 8393 8392 8382
f 8393 8382 8381
f 8392 5425 5423
f 8392 5423 8382
f 5424 8391 8374
f 5424 8374 5422
f 8391 8390 8375
f 8391 8375 8374
f 8390 8389 8378
f 8395 8394 8384
f 8389 8388 8377
f 8389 8377 8378
f 8388 8387 8373
f 8388 8373 8377
f 8387 8386 8372
f 8387 8372 8373
f 8386 1070 1084
f 8386 1084 8372
f 8383 8381 8031
f 8383 8035 8365
f 8383 1031 8380
f 8386 1068 1070
f 8402 8082 8080
f 8402 8080 8078
f 8402 8389 8390
f 8402 8388 8389
f 8402 8387 8388
f 5424 8084 8391
f 8391 8084 8390
f 8084 8082 8390
f 8387 1068 8386
f 8387 1066 1068
f 8078 8076 8401
f 8383 8363 1039
f 8076 8075 8400
f 8076 8400 8401
f 1061 8399 1059
f 8399 8398 1059
f 1059 8398 1060
f 1025 8397 8379
f 1025 8379 1028
f 8397 8396 8380
f 8397 8380 8379
f 8396 8395 8385
f 8396 8385 8380
f 8041 8039 8354
f 8376 1074 8353
f 8376 8373 1080
f 8376 1080 1078
f 8376 1078 1074
f 8376 8375 8378
f 8376 8378 8377
f 8376 8377 8373
f 8376 8034 8032
f 8376 8032 8030
f 8376 8358 8355
f 8376 8357 8358
f 8376 8353 8357
f 8376 8030 8375
f 8354 8039 8355
f 8039 8034 8355
f 8353 1073 8352
f 8353 1074 1073
f 8030 8028 8375
f 8352 1073 1072
f 8028 5422 8374
f 8028 8374 8375
f 1080 8373 1082
f 8373 8372 1082
f 1082 8372 1084
f 8382 8029 8381
f 8383 8031 8033
f 8383 8033 8035
f 8383 8380 8385
f 8383 8385 8384
f 8383 8384 8381
f 8383 1039 1036
f 8383 1036 1031
f 8383 8371 8363
f 8383 8370 8371
f 8383 8365 8370
f 5423 8029 8382
f 8402 8403 8399
f 8029 8031 8381
f 8380 1029 8379
f 8380 1031 1029
f 8035 8040 8365
f 8379 1029 1028
f 8040 8364 8365
f 8040 8042 8364
f 1039 8363 1043
f 8363 8362 1043
f 1043 8362 1044
f 8376 8355 8034
f 8421 8399 8403
f 8406 8405 1236
f 1236 8405 1226
f 8405 1020 1226
f 8421 8420 1130
f 8421 8401 8069
f 8421 1129 8399
f 8421 8065 8420
f 8421 1130 1129
f 8421 8069 8067
f 8421 8067 8065
f 8421 8404 8401
f 8421 8403 8404
f 8072 8074 8408
f 8420 8415 1130
f 8420 8062 8418
f 8420 8418 8415
f 8420 8065 8062
f 8418 8417 8415
f 8418 8064 8414
f 8418 8414 8419
f 8418 8419 8417
f 8418 8062 8064
f 8415 8412 1123
f 8415 1123 1132
f 8425 8066 8068
f 8427 8422 8428
f 8427 8428 8429
f 8427 1234 1233
f 8427 1233 1224
f 8426 8066 8425
f 8426 8425 1235
f 8426 8060 8063
f 8426 8063 8066
f 8426 1235 1234
f 8425 8068 8407
f 8425 8406 1236
f 8415 1132 1131
f 8425 1236 1235
f 8425 8411 8406
f 8425 8410 8411
f 8425 8407 8410
f 8057 8059 8423
f 8059 8058 8423
f 8423 8058 8424
f 8068 8070 8407
f 8070 8072 8408
f 8070 8408 8407
f 8422 1224 1105
f 8085 5425 8392
f 8409 8395 8396
f 8409 8394 8395
f 8409 8393 8394
f 8074 8077 8408
f 8408 8077 8407
f 8077 8079 8407
f 8406 1017 8405
f 8406 1016 1017
f 8083 8085 8393
f 8405 1017 1020
f 8085 8392 8393
f 8409 1018 1016
f 1021 8396 1023
f 8396 8397 1023
f 1023 8397 1025
f 8402 8390 8082
f 8402 8078 8401
f 8402 1066 8387
f 8402 8399 1061
f 8402 1061 1064
f 8402 1064 1066
f 8402 8401 8404
f 8402 8404 8403
f 8398 1125 1060
f 8415 1131 1130
f 8415 8417 8416
f 8415 8416 8412
f 8075 8073 8400
f 8073 8071 8400
f 8071 8069 8400
f 8400 8069 8401
f 8399 1125 8398
f 8399 1129 1125
f 8064 8061 8413
f 8064 8413 8414
f 6861 6866 8748
f 8412 1104 1123
f 8409 8407 8079
f 8409 8083 8393
f 8409 1016 8406
f 8409 8396 1021
f 8409 8079 8081
f 8409 8081 8083
f 8409 8406 8411
f 8409 8411 8410
f 8409 8410 8407
f 8409 1021 1018
f 9144 5225 9140
f 9148 9144 9143
f 9148 5227 9144
f 9148 5229 5227
f 9148 9143 9147
f 9147 9143 9142
f 9147 9142 9146
f 9146 9142 9145
f 9145 9142 9141
f 9145 9141 1654
f 9145 1654 1649
f 9144 9139 9143
f 9144 9140 9139
f 9149 1649 1645
f 9144 5227 5225
f 9143 9139 9138
f 9143 9138 9142
f 9142 9137 9141
f 9142 9138 9137
f 9141 9137 1657
f 9141 1657 1654
f 9140 9136 9135
f 9140 9135 9139
f 9140 5223 9136
f 9140 5225 5223
f 9153 1645 1641
f 9157 9153 1641
f 9157 1641 1638
f 9157 9117 9123
f 9156 9152 9151
f 9156 5233 9152
f 9156 9151 9155
f 9156 5235 5233
f 9155 9150 9154
f 9155 9151 9150
f 9154 9150 9153
f 9153 9149 1645
f 9139 9135 9134
f 9153 9150 9149
f 9152 5229 9148
f 9152 5233 5231
f 9152 5231 5229
f 9152 9148 9147
f 9152 9147 9151
f 9151 9146 9150
f 9151 9147 9146
f 9150 9146 9145
f 9150 9145 9149
f 9149 9145 1649
f 9122 9117 1863
f 9129 9128 1494
f 9117 1638 1637
f 1494 9128 9109
f 1494 9109 1492
f 9128 9127 9112
f 9128 9112 9109
f 9127 9126 9112
f 9126 9125 9108
f 9126 9111 9112
f 9126 9108 9111
f 9125 5211 5210
f 9125 5210 9108
f 9129 1494 1634
f 9122 1862 9121
f 9122 9121 5246
f 9122 5244 9116
f 9122 1863 1862
f 9122 9116 9124
f 9122 9124 9123
f 9122 9123 9117
f 9122 5246 5244
f 9121 1861 9120
f 9121 9120 5247
f 9121 1862 1861
f 9134 9129 9133
f 9139 9134 9138
f 9138 9134 9133
f 9138 9133 9137
f 9137 9133 1661
f 9137 1661 1657
f 9136 9131 9135
f 9136 5221 9132
f 9136 9132 9131
f 9136 5223 5221
f 9135 9130 9134
f 9135 9131 9130
f 9157 1638 9117
f 9134 9130 9129
f 9133 9129 1634
f 9133 1634 1661
f 9132 9126 9131
f 9132 9125 9126
f 9132 5211 9125
f 9132 5221 5211
f 9131 9127 9130
f 9131 9126 9127
f 9130 9128 9129
f 9130 9127 9128
f 9184 9179 9183
f 9188 9183 9187
f 9188 9185 9184
f 9188 9184 9183
f 9187 9183 9186
f 9186 9182 579
f 9186 579 583
f 9186 9183 9182
f 9185 9180 9184
f 9185 5639 5637
f 9185 9181 9180
f 9185 5637 9181
f 9184 9180 9179
f 9189 5641 5639
f 9183 9179 9178
f 9183 9178 9182
f 9182 9178 575
f 9182 575 579
f 9181 9176 9180
f 9181 5635 9177
f 9181 9177 9176
f 9181 5637 5635
f 9180 9176 9175
f 9180 9175 9179
f 9179 9174 9178
f 9193 5641 9189
f 9198 557 9199
f 9197 9193 9196
f 9197 5643 9193
f 9197 5645 5643
f 9196 9193 9192
f 9196 9192 9191
f 9196 9191 9195
f 9195 9191 9194
f 9194 9191 9190
f 9194 9190 588
f 9194 588 591
f 9179 9175 9174
f 9193 9188 9192
f 9193 9189 9188
f 9193 5643 5641
f 9192 9188 9187
f 9192 9187 9191
f 9191 9186 9190
f 9191 9187 9186
f 9190 583 588
f 9190 9186 583
f 9189 9185 9188
f 9189 5639 9185
f 9160 9156 9155
f 9168 9169 9167
f 9168 5631 5629
f 9166 9165 9164
f 9166 9167 9165
f 9164 9163 9162
f 9164 9165 9163
f 9162 450 563
f 9162 9163 450
f 5649 5647 9161
f 9160 9159 9116
f 9160 9155 9159
f 9168 5629 9169
f 9160 5235 9156
f 9160 5237 5235
f 9160 9116 5237
f 9159 9155 9158
f 9159 9158 9123
f 9159 9124 9116
f 9159 9123 9124
f 9158 9153 9157
f 9158 9155 9154
f 9158 9157 9123
f 9158 9154 9153
f 9174 567 571
f 9178 9174 571
f 9178 571 575
f 9177 9173 9172
f 9177 9172 9176
f 9177 5633 9173
f 9177 5635 5633
f 9176 9171 9175
f 9176 9172 9171
f 9175 9171 9174
f 9174 9171 9170
f 9174 9170 567
f 9121 5247 5246
f 9173 9166 9172
f 9173 5631 9168
f 9173 9168 9166
f 9173 5633 5631
f 9172 9166 9164
f 9172 9164 9171
f 9171 9162 9170
f 9171 9164 9162
f 9170 9162 563
f 9170 563 567
f 9168 9167 9166
f 9079 9075 9077
f 9084 9067 9069
f 9084 9066 9067
f 5220 6706 9082
f 9082 6706 9083
f 6710 9065 9066
f 6710 5207 9065
f 9081 1759 9080
f 9080 1759 1757
f 9068 9070 1767
f 1767 9070 1769
f 9079 9077 9061
f 9079 9062 9075
f 9084 9069 9068
f 9079 9061 9062
f 1890 9056 9078
f 1890 1892 9056
f 9078 9057 9076
f 9078 9056 9057
f 9076 9061 9077
f 9076 9057 9061
f 9075 9062 9074
f 9062 9059 9074
f 9074 9059 9073
f 9059 9058 9073
f 9085 9084 1765
f 9092 9076 9077
f 5249 6735 9073
f 9073 6735 9074
f 6735 6737 9074
f 6712 5238 9090
f 6712 9090 9091
f 9076 1888 9078
f 9078 1888 1890
f 9089 9088 1884
f 1884 9088 1883
f 9085 9083 6706
f 9073 9058 5249
f 9085 1759 9081
f 9085 6708 9084
f 9085 6706 6708
f 9085 9081 9087
f 9085 9087 9086
f 9085 9086 9083
f 9085 1765 1759
f 9084 6710 9066
f 9084 9068 1767
f 9084 6708 6710
f 9084 1767 1765
f 9060 1897 1896
f 9064 6652 6651
f 9064 6651 6648
f 9064 6648 6650
f 9063 9060 1896
f 9063 9042 6652
f 9063 1895 9040
f 9063 1896 1895
f 9063 9045 9042
f 9063 9044 9045
f 9063 9040 9044
f 9060 9057 1893
f 9060 1893 1897
f 9064 9059 9062
f 9060 9062 9061
f 9060 9061 9057
f 6641 6645 9041
f 9041 6645 9042
f 6645 6652 9042
f 9040 1894 9039
f 9040 1895 1894
f 9039 1894 1847
f 6650 5250 9058
f 6650 9058 9059
f 9057 9056 1893
f 9050 9069 9055
f 9058 5250 5249
f 9072 9055 9071
f 9072 9071 9054
f 9072 9054 9055
f 9071 9055 9069
f 9071 9067 9054
f 9071 9069 9067
f 1771 9070 9049
f 1771 1769 9070
f 9049 9068 9050
f 9049 9070 9068
f 9092 9077 9075
f 9050 9068 9069
f 9054 9067 9051
f 9067 9066 9051
f 9051 9066 9052
f 9066 9065 9052
f 9052 9065 5206
f 9065 5207 5206
f 9064 9062 9060
f 9064 9063 6652
f 9064 6650 9059
f 9064 9060 9063
f 9113 9110 5216
f 9115 9099 1709
f 9115 5218 9096
f 9115 1719 9114
f 9115 5216 5217
f 9115 5217 5218
f 9115 1709 1719
f 9115 9098 9099
f 9115 9097 9098
f 9115 9096 9097
f 9114 1718 9113
f 9114 9113 5216
f 9114 1719 1718
f 9115 9114 5216
f 9113 1718 9110
f 9110 1717 9109
f 9110 9108 5213
f 9110 5213 5215
f 9110 5215 5216
f 9110 9109 9112
f 9110 9112 9111
f 9110 9111 9108
f 9110 1718 1717
f 1710 1708 9100
f 9100 1708 9099
f 9118 9106 9107
f 9120 1861 9119
f 9120 9119 5247
f 9119 9118 5245
f 9119 1860 9118
f 9119 1861 1860
f 9119 5245 5247
f 9118 1852 9103
f 9118 9102 5242
f 9118 1860 1852
f 9118 5242 5245
f 9118 9107 9102
f 1708 1709 9099
f 9118 9103 9106
f 1637 1848 9117
f 1848 1863 9117
f 9116 5244 5243
f 9116 5243 5237
f 1852 9104 9103
f 1852 1851 9104
f 5242 9102 5241
f 9102 9101 5241
f 5241 9101 5240
f 9101 5239 5240
f 9095 5220 9082
f 9100 9080 1757
f 9099 9098 9081
f 9099 9081 9080
f 9098 9097 9087
f 9098 9087 9081
f 9097 9096 9086
f 9097 9086 9087
f 9096 9095 9083
f 9096 9083 9086
f 9095 5219 5220
f 9095 9082 9083
f 9100 9099 9080
f 9092 9074 6737
f 9092 6712 9091
f 9092 1888 9076
f 9092 9089 1884
f 9092 1884 1886
f 9092 1886 1888
f 9092 9091 9094
f 9092 9094 9093
f 9092 9093 9089
f 9092 6737 6712
f 9092 9075 9074
f 9105 9094 9091
f 9096 5218 9095
f 9095 5218 5219
f 1717 1704 9109
f 1704 1492 9109
f 5213 9108 5214
f 9108 5210 5214
f 9105 9103 9089
f 9105 9091 9102
f 9105 9102 9107
f 9105 9107 9106
f 9105 9106 9103
f 9198 558 557
f 9105 9093 9094
f 9105 9089 9093
f 1851 1883 9104
f 9104 9088 9103
f 9104 1883 9088
f 9103 9088 9089
f 9102 9090 9101
f 9102 9091 9090
f 9101 5238 5239
f 9101 9090 5238
f 1710 9100 1757
f 679 9273 658
f 9286 9277 9274
f 9286 9280 9277
f 9286 9279 9280
f 7081 7079 9284
f 7079 7078 9284
f 9284 7078 9285
f 7073 7071 9279
f 9283 675 637
f 7071 7070 9275
f 7071 9275 9279
f 7070 7072 9275
f 9274 9273 679
f 9286 9274 679
f 9273 656 658
f 9282 9266 7160
f 9282 7159 9281
f 9282 551 9268
f 9282 9281 551
f 9282 7160 7159
f 9282 9267 9266
f 9282 9269 9267
f 9282 9268 9269
f 9281 7159 299
f 9281 294 554
f 9291 9290 9287
f 9295 9296 9285
f 9294 9288 9289
f 9294 9286 9288
f 9294 9289 9290
f 9294 7073 9286
f 9294 7078 7076
f 9294 7076 7075
f 9294 7075 7074
f 9294 7074 7073
f 9291 9287 677
f 9291 675 9283
f 9281 554 551
f 9291 9283 9292
f 9291 9292 9293
f 9291 677 676
f 9291 676 675
f 9290 9289 9287
f 9289 9288 9287
f 9288 9286 9287
f 9287 9286 679
f 9287 679 678
f 9287 678 677
f 9286 7073 9279
f 720 9261 716
f 9276 720 719
f 9276 719 718
f 9276 9262 9261
f 9276 9260 9262
f 9276 9259 9260
f 7072 7077 9275
f 9274 717 9273
f 9274 718 717
f 7082 7080 9259
f 9273 717 656
f 7080 9258 9259
f 7080 5674 9258
f 9276 9274 9277
f 9261 9263 716
f 716 9263 715
f 9272 9269 9271
f 9272 9271 9267
f 9272 9267 9269
f 9271 9269 9255
f 9271 9256 9267
f 9271 9255 9256
f 548 9250 9270
f 548 544 9250
f 9270 9251 9268
f 9278 9275 7077
f 9281 299 308
f 9281 308 307
f 9281 307 294
f 5617 7160 9265
f 9265 7160 9266
f 7159 302 301
f 7159 301 299
f 9268 551 9270
f 9270 551 548
f 294 291 554
f 554 291 293
f 9295 9293 9296
f 9278 7083 9276
f 9278 9276 9277
f 9278 7077 7084
f 9278 7084 7083
f 9278 9277 9280
f 9278 9280 9279
f 9278 9279 9275
f 9276 7082 9259
f 9276 718 9274
f 9276 9261 720
f 9276 7083 7082
f 9315 9309 9308
f 9320 9313 9319
f 9320 9314 9313
f 9319 9313 629
f 9319 629 628
f 9318 9311 9317
f 9318 7092 9312
f 9318 9312 9311
f 9318 7098 7092
f 9317 9311 9310
f 9317 9310 9316
f 9316 9309 9315
f 9316 9310 9309
f 9321 9314 9320
f 9315 9308 9314
f 9314 9307 9313
f 9314 9308 9307
f 9313 9307 636
f 9313 636 629
f 9312 9285 9311
f 9312 7092 7081
f 9312 9284 9285
f 9312 7081 9284
f 9311 9296 9310
f 9311 9285 9296
f 9326 9319 9325
f 9330 9324 9329
f 9330 7111 7104
f 9330 7104 9324
f 9329 9323 9322
f 9329 9322 9328
f 9329 9324 9323
f 9328 9322 9321
f 9328 9321 9327
f 9327 9321 9326
f 9326 9320 9319
f 9326 9321 9320
f 9310 9293 9309
f 9325 9319 628
f 9325 628 624
f 9324 9318 9317
f 9324 7098 9318
f 9324 7104 7098
f 9324 9317 9323
f 9323 9317 9322
f 9322 9317 9316
f 9322 9316 9315
f 9322 9315 9321
f 9321 9315 9314
f 296 7156 297
f 9303 9304 9302
f 9303 7152 7151
f 9300 9297 479
f 9300 479 478
f 9300 478 491
f 9300 491 490
f 9300 9302 9301
f 9300 9301 9297
f 298 7158 296
f 7158 7157 296
f 7157 7156 296
f 9303 9299 9304
f 290 481 288
f 290 482 481
f 7151 7153 9298
f 7151 9298 9299
f 288 481 289
f 9297 452 479
f 9295 9285 7078
f 9295 9290 9291
f 9295 9291 9293
f 9295 7078 9294
f 9295 9294 9290
f 9306 490 482
f 9310 9296 9293
f 9309 9292 9308
f 9309 9293 9292
f 9308 9283 9307
f 9308 9292 9283
f 9307 637 636
f 9307 9283 637
f 9306 9305 490
f 9306 297 7156
f 9306 482 290
f 9306 7154 9305
f 9270 9250 9251
f 9306 7156 7155
f 9306 7155 7154
f 9306 305 297
f 9306 304 305
f 9306 290 304
f 9305 9300 490
f 9305 7152 9303
f 9305 9303 9300
f 9305 7154 7152
f 9303 9302 9300
f 9303 7151 9299
f 9219 654 9218
f 9224 9206 9207
f 9224 9205 9206
f 468 466 9223
f 9223 466 9222
f 466 467 9222
f 9221 5622 9220
f 9220 5622 5621
f 475 462 9205
f 462 449 9205
f 5626 9208 5627
f 9208 5619 5627
f 9219 9199 655
f 9224 9207 9208
f 9219 9218 5652
f 9219 5650 9161
f 9219 5652 5650
f 9219 655 654
f 9219 9201 9199
f 9219 9203 9201
f 9219 9161 9203
f 9218 9217 5653
f 9218 653 9217
f 9218 5653 5652
f 9218 654 653
f 9227 5624 5623
f 9209 9230 5657
f 9209 9231 9230
f 5657 9230 5658
f 9227 477 9226
f 9227 9222 467
f 9227 5622 9221
f 9227 9226 5624
f 9227 467 477
f 9227 9221 9229
f 9227 9229 9228
f 9227 9228 9222
f 9217 653 9216
f 9227 5623 5622
f 9226 476 9225
f 9226 9225 5624
f 9226 477 476
f 9225 476 9224
f 9225 9224 5624
f 9224 475 9205
f 9224 9208 5626
f 9224 476 475
f 9224 5626 5625
f 9224 5625 5624
f 9204 5647 5645
f 9207 9206 9167
f 9207 9167 9169
f 9206 9205 9165
f 9206 9165 9167
f 9205 449 9163
f 9205 9163 9165
f 449 450 9163
f 9204 9161 5647
f 9204 9196 9202
f 9204 9202 9203
f 9204 9197 9196
f 9204 5645 9197
f 9208 9169 5629
f 9204 9203 9161
f 9202 9200 9201
f 9202 9196 9200
f 9202 9201 9203
f 9200 9198 9199
f 9200 9195 9198
f 9200 9196 9195
f 9200 9199 9201
f 9198 9194 591
f 9198 9195 9194
f 9198 591 558
f 9213 652 644
f 9217 9216 5653
f 9216 652 9213
f 9216 9213 5654
f 9216 5654 5653
f 9216 653 652
f 9213 644 9212
f 9213 9210 5655
f 9213 5655 5654
f 9213 9212 9215
f 9213 9215 9214
f 9213 9214 9210
f 9210 9231 9209
f 557 640 9199
f 640 655 9199
f 9161 5650 5651
f 9161 5651 5649
f 644 643 9211
f 644 9211 9212
f 9210 9209 5655
f 5655 9209 5656
f 9209 5657 5656
f 5619 9208 5629
f 9208 9207 9169
f 9254 9253 9256
f 9257 9238 7199
f 9257 552 9241
f 9257 9254 549
f 9257 7198 9254
f 9257 549 552
f 9257 7199 7198
f 9257 9239 9238
f 9257 9240 9239
f 9257 9241 9240
f 9254 7197 9253
f 9254 9251 546
f 9254 546 549
f 9246 9258 5674
f 9254 9256 9255
f 9254 9255 9251
f 9254 7198 7197
f 5620 7199 9237
f 9237 7199 9238
f 7197 5613 9252
f 7197 9252 9253
f 9241 552 9242
f 9242 552 556
f 9251 9250 546
f 546 9250 544
f 9264 9248 9249
f 9268 9255 9269
f 9268 9251 9255
f 9267 9256 9266
f 9256 9253 9266
f 9266 9253 9265
f 9253 9252 9265
f 9265 9252 5617
f 9252 5613 5617
f 9264 9249 9262
f 9264 9260 9248
f 9264 9262 9260
f 9247 9245 7163
f 714 715 9243
f 715 9263 9243
f 9243 9263 9244
f 9263 9261 9244
f 9244 9261 9249
f 9261 9262 9249
f 9248 9259 9245
f 9248 9260 9259
f 9245 9258 9246
f 9245 9259 9258
f 9246 5674 5672
f 9234 9212 9233
f 9223 9241 9242
f 9222 9228 9240
f 9222 9240 9241
f 9228 9229 9240
f 9229 9221 9239
f 9229 9239 9240
f 9221 9220 9238
f 9221 9238 9239
f 9220 5621 9237
f 9220 9237 9238
f 5621 5620 9237
f 9223 9222 9241
f 9234 9231 9210
f 9234 9233 9236
f 9234 9236 9235
f 9234 9235 9231
f 9234 9215 9212
f 9234 9214 9215
f 9234 9210 9214
f 643 9232 9211
f 643 707 9232
f 9211 9233 9212
f 9211 9232 9233
f 9247 9231 9235
f 9247 7164 9231
f 9247 712 9244
f 9247 9233 708
f 9247 7163 7164
f 9247 9244 9249
f 9247 9249 9248
f 9247 9248 9245
f 9247 708 710
f 9247 710 712
f 9247 9236 9233
f 9247 9235 9236
f 1893 9056 1892
f 5672 7162 9246
f 9246 7162 9245
f 7162 7163 9245
f 7164 9230 9231
f 7164 5658 9230
f 9244 712 9243
f 9243 712 714
f 9233 9232 708
f 708 9232 707
f 468 9223 9242
f 468 9242 556
f 8866 8865 8790
f 6756 6834 8869
f 1631 8800 1632
f 8868 8862 8867
f 8868 8867 8796
f 8868 8796 8782
f 8868 6897 8862
f 8868 8782 6897
f 8867 8866 8793
f 8867 8860 8866
f 8867 8862 8861
f 8867 8793 8796
f 8867 8861 8860
f 8870 8800 1631
f 8866 8859 8865
f 8866 8790 8793
f 8866 8860 8859
f 8865 8859 8858
f 8865 8864 8787
f 8865 8858 8864
f 8865 8787 8790
f 8864 8863 8784
f 8864 8858 8857
f 8864 8857 8863
f 8864 8784 8787
f 8875 8803 8874
f 8880 8874 8873
f 8880 8873 8879
f 8879 8872 8878
f 8879 8873 8872
f 8878 8871 8877
f 8878 8872 8871
f 8877 8871 8870
f 8877 8870 8876
f 8876 8870 1631
f 8876 1631 1643
f 8876 1643 1647
f 8863 8857 1560
f 8875 6777 6773
f 8875 8802 8803
f 8875 6773 8802
f 8874 8807 8873
f 8874 8803 8807
f 8873 8808 8872
f 8873 8807 8808
f 8872 8801 8871
f 8872 8808 8801
f 8871 8800 8870
f 8871 8801 8800
f 8849 8843 8842
f 8854 8848 8847
f 8853 8846 8852
f 8853 8847 8846
f 8852 8845 8851
f 8852 8846 8845
f 8851 8845 1568
f 8851 1568 1564
f 8851 1564 1560
f 8850 8844 8849
f 8850 6924 8844
f 8850 6894 6924
f 8849 8844 8843
f 8854 8847 8853
f 8849 8842 8848
f 8848 8841 8847
f 8848 8842 8841
f 8847 8841 8846
f 8846 8839 8845
f 8846 8841 8840
f 8846 8840 8839
f 8845 8839 1568
f 8844 8838 8843
f 8844 6920 8838
f 8844 6924 6920
f 8859 8852 8858
f 8863 1560 1555
f 8863 1555 1550
f 8863 1550 8784
f 8862 8856 8855
f 8862 6934 8856
f 8862 6897 6934
f 8862 8855 8861
f 8861 8854 8860
f 8861 8855 8854
f 8860 8853 8859
f 8860 8854 8853
f 8881 6785 6777
f 8859 8853 8852
f 8858 8851 8857
f 8858 8852 8851
f 8857 8851 1560
f 8856 8849 8855
f 8856 8850 8849
f 8856 6894 8850
f 8856 6934 6895
f 8856 6895 6894
f 8855 8848 8854
f 8855 8849 8848
f 8906 8900 1659
f 8911 8904 8910
f 8911 8905 8904
f 8911 6817 8905
f 8911 6825 6817
f 8910 8903 8909
f 8910 8904 8903
f 8909 8903 8908
f 8908 8902 8901
f 8908 8901 8907
f 8908 8903 8902
f 8907 8901 8906
f 8906 8901 8900
f 8912 1635 1497
f 8906 1659 1663
f 8905 8898 8904
f 8905 6810 8899
f 8905 8899 8898
f 8905 6817 6810
f 8904 8897 8903
f 8904 8898 8897
f 8903 8896 8902
f 8903 8897 8896
f 8902 8896 8895
f 8902 8895 8901
f 8918 8917 8919
f 8922 6825 8911
f 8922 6834 6825
f 8922 8921 8869
f 8922 8910 8920
f 8920 8918 8919
f 8920 8910 8909
f 8920 8909 8918
f 8920 8919 8921
f 8918 8908 8916
f 8918 8916 8917
f 8918 8909 8908
f 8901 8895 8894
f 8916 8914 8915
f 8916 8908 8907
f 8916 8907 8914
f 8916 8915 8917
f 8914 8912 8913
f 8914 8906 8912
f 8914 8907 8906
f 8914 8913 8915
f 8912 8906 1663
f 8912 1497 8913
f 8912 1663 1635
f 8886 8879 8885
f 8890 8883 8889
f 8890 8884 8883
f 8889 8882 8888
f 8889 8883 8882
f 8888 8882 1647
f 8888 1647 1652
f 8888 1652 1651
f 8887 8881 8880
f 8887 6785 8881
f 8887 6791 6785
f 8887 8880 8886
f 8891 8884 8890
f 8886 8880 8879
f 8885 8878 8884
f 8885 8879 8878
f 8884 8877 8883
f 8884 8878 8877
f 8883 8876 8882
f 8883 8877 8876
f 8882 8876 1647
f 8881 8875 8874
f 8881 8874 8880
f 8881 6777 8875
f 8896 8889 8895
f 8901 8894 8900
f 8900 8894 1651
f 8900 1651 1659
f 8899 8893 8898
f 8899 6803 8893
f 8899 6810 6803
f 8898 8891 8897
f 8898 8893 8892
f 8898 8892 8891
f 8897 8890 8896
f 8897 8891 8890
f 8843 8836 8842
f 8896 8890 8889
f 8895 8888 8894
f 8895 8889 8888
f 8894 8888 1651
f 8893 8886 8892
f 8893 6803 6791
f 8893 6791 8887
f 8893 8887 8886
f 8892 8886 8891
f 8891 8885 8884
f 8891 8886 8885
f 8788 8765 8769
f 8794 8770 8772
f 8792 8793 8790
f 8791 8790 8789
f 8791 8789 8787
f 8791 8787 8788
f 8791 8788 8769
f 8791 8769 8770
f 8789 8790 8787
f 8788 8786 8783
f 8788 8787 8786
f 8788 8783 8785
f 8788 8785 8765
f 8794 8772 8767
f 8786 8784 8783
f 8786 8787 8784
f 8785 8783 1549
f 8785 1547 8765
f 8785 1549 1548
f 8785 1548 1547
f 8783 1550 1549
f 8783 8784 1550
f 6875 6856 8782
f 6856 6858 8782
f 8779 8776 6770
f 8799 8766 6871
f 8800 1849 1632
f 6763 6765 8776
f 8775 8774 1855
f 1855 8774 1857
f 8774 1858 1857
f 8799 8798 8796
f 8799 8796 8797
f 8799 8797 8767
f 8799 6875 8782
f 8799 8782 8798
f 8799 6871 6875
f 8779 6761 8777
f 8799 8767 8766
f 8798 8782 8796
f 8797 8795 8793
f 8797 8793 8794
f 8797 8796 8795
f 8797 8794 8767
f 8795 8796 8793
f 8794 8792 8790
f 8794 8793 8792
f 8794 8791 8770
f 8794 8790 8791
f 8773 8747 8755
f 8760 8759 1889
f 1889 8759 1891
f 8773 8768 1823
f 8773 8749 6862
f 8773 1822 8747
f 8773 6867 8771
f 8773 8771 8768
f 8773 1823 1822
f 8773 6862 6863
f 8773 6863 6867
f 8773 8756 8749
f 8773 8755 8756
f 1887 8760 1889
f 8771 8770 8768
f 8771 6869 8767
f 8771 8767 8772
f 8771 8772 8770
f 8771 6867 6869
f 8768 8765 1810
f 8768 1810 1825
f 8768 1825 1824
f 8768 1824 1823
f 8768 8770 8769
f 8768 8769 8765
f 8777 1887 1885
f 8779 8777 8778
f 8779 6770 6762
f 8779 6762 6761
f 8779 8778 8781
f 8779 8781 8780
f 8779 8780 8776
f 8777 6760 8763
f 8777 1882 8775
f 8777 8760 1887
f 8777 6761 6760
f 8777 8775 8778
f 8800 1853 1849
f 8777 1885 1882
f 8777 8761 8760
f 8777 8762 8761
f 8777 8763 8762
f 6765 6770 8776
f 8775 1881 8774
f 8775 1882 1881
f 6760 6759 8763
f 8774 1881 1858
f 6759 8764 8763
f 6759 5177 8764
f 8828 8822 8821
f 8833 1580 1576
f 8832 8825 8831
f 8832 6906 8826
f 8832 6911 6906
f 8832 8826 8825
f 8831 8825 8824
f 8831 8824 8830
f 8830 8824 8823
f 8830 8823 8829
f 8829 8823 8822
f 8829 8822 8828
f 8828 8821 8827
f 8833 8827 1580
f 8827 8821 1584
f 8827 1584 1580
f 8826 8817 8825
f 8826 6901 8819
f 8826 8819 8817
f 8826 6906 6901
f 8825 8817 8815
f 8825 8815 8824
f 8824 8813 8823
f 8824 8815 8813
f 8823 8813 8811
f 8838 6911 8832
f 8843 8838 8837
f 8843 8837 8836
f 8842 8835 8841
f 8842 8836 8835
f 8841 8835 8834
f 8841 8834 8840
f 8840 8833 8839
f 8840 8834 8833
f 8839 8833 1576
f 8839 1576 1572
f 8839 1572 1568
f 8823 8811 8822
f 8838 8831 8837
f 8838 8832 8831
f 8838 6920 6911
f 8837 8831 8830
f 8837 8830 8836
f 8836 8829 8835
f 8836 8830 8829
f 8835 8829 8828
f 8835 8828 8834
f 8834 8828 8833
f 8833 8828 8827
f 8804 6767 6766
f 8806 8801 8808
f 8806 8808 8807
f 8806 8807 8803
f 8806 1854 1853
f 8805 6767 8804
f 8805 8804 1856
f 8805 6769 6768
f 8805 6768 6767
f 8805 1856 1854
f 8804 6766 8780
f 8804 8775 1855
f 8806 6771 6769
f 8804 1855 1856
f 8804 8778 8775
f 8804 8781 8778
f 8804 8780 8781
f 6773 6772 8802
f 6772 6771 8802
f 8802 6771 8803
f 8801 1853 8800
f 6766 6764 8780
f 6764 6763 8776
f 6764 8776 8780
f 8815 8816 8814
f 8822 8809 8821
f 8822 8811 8809
f 8821 8809 1552
f 8821 1552 1584
f 8819 8818 8817
f 8819 6839 8820
f 8819 8820 8818
f 8819 6901 6839
f 8817 8816 8815
f 8817 8818 8816
f 8815 8814 8813
f 8922 8920 8921
f 8813 8812 8811
f 8813 8814 8812
f 8811 8810 8809
f 8811 8812 8810
f 8809 1553 1552
f 8809 8810 1553
f 6858 6897 8782
f 8806 8803 6771
f 8806 6769 8805
f 8806 1853 8801
f 8806 8805 1854
f 9017 9012 9011
f 9023 8979 8977
f 9023 1489 8979
f 9022 9015 9021
f 9022 9016 9015
f 9022 6692 9016
f 9021 9015 9020
f 9020 9013 9019
f 9020 9015 9014
f 9020 9014 9013
f 9019 9013 9018
f 9018 9012 9017
f 9018 9013 9012
f 9023 1595 1489
f 9017 9011 1627
f 9017 1627 1595
f 9016 9010 9015
f 9016 6677 9010
f 9016 6692 6684
f 9016 6684 6677
f 9015 9008 9014
f 9015 9010 9009
f 9015 9009 9008
f 9014 9007 9013
f 9014 9008 9007
f 9026 9019 9025
f 9028 9027 8971
f 9028 9022 9021
f 9028 6692 9022
f 9028 6636 6700
f 9028 6700 6692
f 9028 8969 6636
f 9028 8971 8969
f 9027 9020 9026
f 9027 9021 9020
f 9027 9026 8973
f 9027 8973 8971
f 9013 9006 9012
f 9026 9025 8973
f 9026 9020 9019
f 9025 9019 9024
f 9025 9024 8975
f 9025 8975 8973
f 9024 9017 9023
f 9024 9023 8977
f 9024 9018 9017
f 9024 9019 9018
f 9024 8977 8975
f 9023 9017 1595
f 8998 6656 8992
f 9003 8996 9002
f 9002 8995 9001
f 9002 8996 8995
f 9001 8994 9000
f 9001 8995 8994
f 9000 8994 8999
f 8999 8993 1605
f 8999 8994 8993
f 8999 1605 1609
f 8999 1609 1615
f 8998 8992 8990
f 8998 8990 8997
f 9003 8997 8996
f 8998 6663 6656
f 8997 8988 8996
f 8997 8990 8988
f 8996 8986 8995
f 8996 8988 8986
f 8995 8986 8984
f 8995 8984 8994
f 8994 8982 8993
f 8994 8984 8982
f 8993 8982 1592
f 8993 1592 1605
f 9008 9001 9007
f 9013 9007 9006
f 9012 9006 9005
f 9012 9005 9011
f 9011 1621 1627
f 9011 9005 1621
f 9010 9003 9009
f 9010 6677 9004
f 9010 9004 9003
f 9009 9002 9008
f 9009 9003 9002
f 9008 9002 9001
f 9028 9021 9027
f 9007 9000 9006
f 9007 9001 9000
f 9006 9000 8999
f 9006 8999 9005
f 9005 8999 1615
f 9005 1615 1621
f 9004 6663 8998
f 9004 8998 8997
f 9004 6677 6670
f 9004 6670 6663
f 9004 8997 9003
f 9047 8987 8989
f 9030 9029 1755
f 1755 9029 1688
f 9048 8991 6646
f 9048 6642 9043
f 9048 9043 9047
f 9048 9047 8989
f 9048 6646 6644
f 9048 6644 6643
f 9048 6643 6642
f 9048 8989 8991
f 9047 9046 8987
f 9047 9043 9046
f 1756 9030 1755
f 9046 1842 8985
f 9046 9043 1844
f 9046 1844 1843
f 9046 1843 1842
f 9046 8985 8987
f 9043 6642 9042
f 9043 9040 1845
f 9043 1845 1844
f 9043 9042 9045
f 9043 9045 9044
f 9043 9044 9040
f 9053 9038 9030
f 9053 9051 6621
f 9053 6625 9032
f 9053 1760 9050
f 9053 9030 1756
f 9053 6621 6623
f 9053 6623 6625
f 9053 9050 9055
f 9053 9055 9054
f 9053 9054 9051
f 9053 1756 1758
f 9053 1758 1760
f 6649 6647 8981
f 9053 9037 9038
f 9053 9032 9037
f 5206 6619 9052
f 9052 6619 9051
f 6619 6621 9051
f 9050 1762 9049
f 9050 1760 1762
f 6625 6627 9032
f 9049 1762 1771
f 6627 9031 9032
f 6627 6629 9031
f 9033 8978 8980
f 9035 9033 1698
f 9035 6631 6638
f 9034 6635 8972
f 9034 8976 9033
f 9034 6638 6635
f 9034 8974 8976
f 9034 8972 8974
f 9033 8980 1686
f 9033 1686 1685
f 9033 1685 1699
f 9033 1699 1698
f 9035 6638 9034
f 9033 8976 8978
f 6629 6634 9031
f 6634 6633 9031
f 6633 6632 9031
f 9031 6632 9032
f 9030 1689 9029
f 9030 1690 1689
f 6635 8970 8972
f 6635 6637 8970
f 9029 1689 1688
f 8980 1490 1686
f 9039 1847 1846
f 8981 6647 8991
f 6647 6646 8991
f 6642 6640 9042
f 8985 1842 8983
f 6640 6639 9041
f 6640 9041 9042
f 8983 1842 1841
f 8983 1841 1593
f 6639 6641 9041
f 9040 9039 1845
f 1845 9039 1846
f 8992 8991 8990
f 9036 9032 6632
f 9036 1690 9030
f 9036 6631 9035
f 9036 9035 1698
f 9036 6632 6630
f 9036 6630 6631
f 9036 9030 9038
f 9036 9038 9037
f 9036 9037 9032
f 9036 1698 1690
f 9035 9034 9033
f 8944 8925 8924
f 8947 6752 8948
f 8946 1707 8945
f 8946 1712 1707
f 6755 8929 8930
f 6755 6757 8929
f 8945 1707 1706
f 8934 1496 1703
f 8944 8942 8943
f 8944 8924 6836
f 8944 6841 8942
f 8944 8943 8926
f 8944 6836 6841
f 6753 6752 8947
f 8944 8926 8925
f 8943 1721 8928
f 8943 8942 1734
f 8943 1734 1733
f 8943 1733 1721
f 8943 8927 8926
f 8943 8928 8927
f 8942 6840 8939
f 8942 8939 1735
f 8942 1735 1734
f 8942 6841 6838
f 8950 8932 8949
f 8952 6752 6750
f 8952 6750 6751
f 8952 8946 8954
f 8952 8954 8953
f 8952 8953 8948
f 8952 1713 1712
f 8951 8950 8949
f 8951 6758 8950
f 8951 8949 1713
f 8951 6751 6758
f 8950 6755 8930
f 8942 6838 6840
f 8950 6758 6755
f 8950 8931 8932
f 8950 8930 8931
f 8949 8934 1703
f 8949 1703 1715
f 8949 1715 1714
f 8949 1714 1713
f 8949 8933 8934
f 8949 8932 8933
f 6749 6754 8947
f 6754 6753 8947
f 8812 8927 8928
f 8932 8931 8919
f 8932 8919 8917
f 8931 8930 8921
f 8931 8921 8919
f 8930 8929 8869
f 8930 8869 8921
f 8929 6757 6756
f 8929 6756 8869
f 1553 8810 1666
f 8810 8812 8928
f 8810 8928 1666
f 8812 8814 8927
f 8933 8917 8915
f 8814 8816 8926
f 8814 8926 8927
f 8816 8818 8925
f 8816 8925 8926
f 8818 8820 8924
f 8818 8924 8925
f 8820 6839 8923
f 8820 8923 8924
f 6839 6835 8923
f 8922 8869 6834
f 8922 8911 8910
f 6845 6842 8937
f 8939 6846 8938
f 8939 8936 1736
f 8939 1736 1735
f 8939 8938 8941
f 8939 8941 8940
f 8939 8940 8936
f 8939 6840 6846
f 6835 6837 8923
f 6837 6836 8923
f 8923 6836 8924
f 6846 6845 8938
f 8952 8951 1713
f 6845 8937 8938
f 8928 1721 1666
f 6842 6844 8937
f 8936 8935 1736
f 1736 8935 1726
f 8935 1725 1726
f 1496 8934 8913
f 1496 8913 1497
f 8934 8933 8915
f 8934 8915 8913
f 8933 8932 8917
f 8958 8957 8964
f 8970 6637 8969
f 8970 8969 8971
f 6637 6636 8969
f 1772 8955 1770
f 8955 8956 8962
f 8955 8962 1770
f 8956 8960 8963
f 8956 8963 8962
f 8960 8961 8968
f 8960 8968 8963
f 8961 8958 8967
f 8961 8967 8968
f 8972 8971 8973
f 8958 8964 8967
f 8957 5197 8965
f 8957 8965 8964
f 5197 5196 8965
f 8966 8964 6741
f 8966 6745 8948
f 8966 1766 8963
f 8966 8946 1763
f 8966 6741 6743
f 8966 6743 6745
f 8966 8963 8968
f 8982 8983 1593
f 8992 6656 8981
f 8992 8981 8991
f 8990 8989 8988
f 8990 8991 8989
f 8988 8987 8986
f 8988 8989 8987
f 8986 8985 8984
f 8986 8987 8985
f 8984 8983 8982
f 8984 8985 8983
f 8982 1593 1592
f 8966 8968 8967
f 6656 6649 8981
f 1490 8980 1489
f 8980 8978 8979
f 8980 8979 1489
f 8978 8976 8977
f 8978 8977 8979
f 8976 8974 8975
f 8976 8975 8977
f 8974 8972 8973
f 8974 8973 8975
f 8972 8970 8971
f 8936 1773 8935
f 8959 8958 8961
f 8959 8961 8960
f 8959 8960 8956
f 8959 6849 6851
f 8959 6851 6853
f 8959 8941 8938
f 8959 8940 8941
f 8959 8936 8940
f 6844 6847 8937
f 8937 6847 8938
f 6847 6849 8938
f 8959 1777 1774
f 8936 1774 1773
f 6853 6855 8958
f 8935 1773 1725
f 6855 5197 8957
f 6855 8957 8958
f 1779 8956 1781
f 8956 8955 1781
f 1781 8955 1772
f 8952 8948 6752
f 8952 1712 8946
f 8952 6751 8951
f 6745 6747 8948
f 8966 8967 8964
f 8966 1763 1764
f 8966 1764 1766
f 8966 8954 8946
f 8966 8953 8954
f 8966 8948 8953
f 5196 6739 8965
f 8965 6739 8964
f 6739 6741 8964
f 8963 1768 8962
f 8963 1766 1768
f 9331 624 620
f 8962 1768 1770
f 6747 8947 8948
f 6747 6749 8947
f 1763 8946 1761
f 8946 8945 1761
f 1761 8945 1706
f 8959 8938 6849
f 8959 6853 8958
f 8959 1774 8936
f 8959 8956 1779
f 8959 1779 1777
f 11754 3890 3889
f 11759 11754 3889
f 11759 7808 11757
f 11759 11757 11754
f 11759 7806 7808
f 11757 11756 11754
f 11757 7810 11753
f 11757 11753 11758
f 11757 11758 11756
f 11757 7808 7810
f 11754 11751 3877
f 11754 3877 3891
f 11754 3891 3890
f 11760 11735 11739
f 11754 11756 11755
f 11754 11755 11751
f 7796 7798 11736
f 7798 7800 11736
f 7800 7802 11736
f 11736 7802 11737
f 11735 3883 11734
f 11735 3888 3883
f 7810 7812 11752
f 7810 11752 11753
f 11734 3883 3882
f 11741 3001 11751
f 7814 11742 11752
f 7814 11752 7812
f 11742 11743 11753
f 11742 11753 11752
f 11743 11750 11753
f 11750 11748 11758
f 11750 11758 11753
f 11748 11747 11756
f 11748 11756 11758
f 11747 11741 11755
f 11747 11755 11756
f 11751 3878 3877
f 11741 11751 11755
f 3001 3878 11751
f 11760 11759 3889
f 11760 11737 7802
f 11760 3888 11735
f 11760 7806 11759
f 11760 3889 3888
f 11760 7802 7804
f 11760 7804 7806
f 11760 11740 11737
f 11760 11739 11740
f 11738 11725 7788
f 11744 11729 11732
f 7814 7813 11742
f 7813 7811 11742
f 11742 7811 11743
f 7803 7801 11729
f 7801 7799 11730
f 7801 11730 11729
f 11741 3000 3001
f 7799 7797 11730
f 11728 11727 3013
f 3013 11727 3003
f 11727 2972 3003
f 11744 11732 11733
f 11738 7792 11737
f 11738 3917 11722
f 11738 11735 3924
f 11738 3924 3921
f 11738 3921 3917
f 11738 11737 11740
f 11738 11740 11739
f 11738 11739 11735
f 11738 7788 7790
f 11738 7790 7792
f 11738 11724 11725
f 11746 3011 3010
f 11749 11745 11746
f 11749 11743 7811
f 11749 7809 11745
f 11749 11746 11748
f 11749 7811 7809
f 11749 11748 11750
f 11749 11750 11743
f 11746 11745 3011
f 11746 3000 11741
f 11746 11741 11747
f 11746 11747 11748
f 11761 3871 3868
f 11746 3010 3000
f 11745 7805 11744
f 11745 11744 3012
f 11745 7809 7807
f 11745 7807 7805
f 11745 3012 3011
f 11744 7803 11729
f 11744 11728 3013
f 11744 7805 7803
f 11744 3013 3012
f 11744 11733 11728
f 11763 7868 11765
f 11787 11784 3899
f 11787 3899 3898
f 11787 3898 3897
f 11787 11786 11789
f 11787 11789 11788
f 11787 11788 11784
f 11787 7869 7870
f 11787 7870 7872
f 11787 11770 11765
f 11787 11769 11770
f 11787 11762 11769
f 7867 7868 11763
f 11787 3897 11762
f 7868 7869 11765
f 11762 3896 11761
f 11762 3897 3896
f 7872 7874 11786
f 11761 3896 3871
f 7874 4860 11785
f 7874 11785 11786
f 3899 11784 3900
f 11784 11783 3900
f 3900 11783 3912
f 7850 11766 11782
f 54 7866 55
f 11791 7854 11781
f 11791 11779 11790
f 11791 7856 7854
f 11791 11780 11779
f 11791 11781 11780
f 11790 11777 2988
f 11790 2988 2987
f 11790 2987 2995
f 11790 2995 2994
f 11790 11778 11777
f 11790 11779 11778
f 7850 11782 7853
f 7866 7864 55
f 7864 7862 55
f 55 7862 56
f 48 2990 46
f 48 2991 2990
f 7854 11782 11781
f 7854 7853 11782
f 46 2990 47
f 11777 2989 2988
f 11787 11765 7869
f 11787 7872 11786
f 11768 11770 11769
f 11772 3867 3864
f 11771 7859 11768
f 11771 11768 3875
f 11771 7855 7857
f 11771 7857 7859
f 11771 3875 3874
f 11768 7861 11765
f 11768 11762 3870
f 11768 7859 7861
f 11768 3870 3875
f 11768 11765 11770
f 11772 3874 3867
f 11768 11769 11762
f 7850 7852 11766
f 7852 7851 11766
f 11766 7851 11767
f 7861 7863 11765
f 7863 7865 11763
f 7863 11763 11765
f 11764 3864 3866
f 7865 7867 11763
f 11762 11761 3870
f 3870 11761 3868
f 3866 2989 11777
f 11766 11767 11781
f 11766 11781 11782
f 11767 11776 11780
f 11767 11780 11781
f 11776 11774 11779
f 11776 11779 11780
f 11774 11773 11778
f 11774 11778 11779
f 11773 11764 11777
f 11773 11777 11778
f 11764 3866 11777
f 11738 11723 11724
f 11775 11771 11772
f 11775 11767 7851
f 11775 7855 11771
f 11775 11772 11774
f 11775 7851 7855
f 11775 11774 11776
f 11775 11776 11767
f 11772 11771 3874
f 11772 3864 11764
f 11772 11764 11773
f 11772 11773 11774
f 11698 11695 2307
f 11700 7820 11698
f 11700 11699 11674
f 11700 7816 7820
f 11700 11676 11678
f 11700 11674 11676
f 11699 2293 11669
f 11699 11698 2306
f 11699 2306 2305
f 11699 2305 2293
f 11699 11672 11674
f 11699 11669 11672
f 11698 7824 11695
f 11700 11678 7816
f 11698 2307 2306
f 11698 7820 7822
f 11698 7822 7824
f 11695 7826 11694
f 11695 11692 2308
f 11695 2308 2307
f 11695 11694 11697
f 11695 11697 11696
f 11695 11696 11692
f 11695 7824 7826
f 7815 7817 11680
f 11704 7842 11703
f 11705 7841 7839
f 11705 7839 7837
f 11705 11702 11707
f 11705 11707 11706
f 11705 11706 11703
f 11705 2961 2963
f 11705 2963 2965
f 11705 11690 11682
f 11705 11689 11690
f 11705 11684 11689
f 4813 7842 11704
f 7817 7816 11680
f 7842 7841 11703
f 11702 2967 11701
f 11702 2965 2967
f 7837 7835 11684
f 11701 2967 2969
f 7835 11683 11684
f 7835 7833 11683
f 2961 11682 2960
f 11682 11681 2960
f 2960 11681 2330
f 11700 11698 11699
f 7829 7827 11683
f 11686 11673 11685
f 11686 7821 7819
f 11686 11675 11673
f 11686 11677 11675
f 11685 11670 2327
f 11685 2327 2339
f 11685 2339 2338
f 11685 2338 2337
f 11685 11671 11670
f 11685 11673 11671
f 7833 7831 11683
f 7831 7829 11683
f 11686 7819 11677
f 11683 7827 11684
f 11682 2331 11681
f 11682 2336 2331
f 7819 11679 11677
f 7819 7818 11679
f 11681 2331 2330
f 11670 2250 2327
f 7815 11680 7818
f 11680 11678 11679
f 11680 11679 7818
f 11678 11676 11677
f 11688 7823 11687
f 11680 7816 11678
f 7826 7828 11694
f 7828 7830 11693
f 7828 11693 11694
f 11669 2293 2251
f 7830 7832 11693
f 11692 11691 2308
f 2308 11691 2298
f 11691 2297 2298
f 11688 11684 7827
f 11688 2336 11682
f 11705 11682 2961
f 11688 11687 2337
f 11688 7827 7825
f 11688 7825 7823
f 11688 11682 11690
f 11688 11690 11689
f 11688 11689 11684
f 11688 2337 2336
f 11687 11686 11685
f 11687 7821 11686
f 11687 11685 2337
f 11687 7823 7821
f 2980 11716 2982
f 11731 11717 11716
f 11731 11718 11717
f 11731 11719 11718
f 7797 7795 11730
f 11730 7795 11729
f 7795 7793 11729
f 11728 2973 11727
f 11728 2974 2973
f 7789 7787 11719
f 11727 2973 2972
f 7787 11720 11719
f 7787 4811 11720
f 11731 2978 2974
f 11716 11715 2982
f 2982 11715 2970
f 4814 11726 11710
f 4814 11710 4812
f 11726 11725 11711
f 11726 11711 11710
f 11725 11724 11714
f 11725 11714 11711
f 11724 11723 11713
f 11724 11713 11714
f 11723 11722 11709
f 11735 11734 3926
f 11738 11722 11723
f 4814 7786 11726
f 11726 7786 11725
f 7786 7788 11725
f 11722 3915 11721
f 11722 3917 3915
f 7792 7794 11737
f 11721 3915 3913
f 7794 7796 11736
f 7794 11736 11737
f 3924 11735 3926
f 11723 11709 11713
f 3926 11734 3882
f 11731 11729 7793
f 11731 7789 11719
f 11731 2974 11728
f 11731 11716 2980
f 11731 7793 7791
f 11731 7791 7789
f 11731 11728 11733
f 11731 11733 11732
f 11731 11732 11729
f 11731 2980 2978
f 11692 3904 11691
f 11712 11711 11714
f 11712 11714 11713
f 11712 11713 11709
f 11712 7836 7838
f 11712 7838 7840
f 11712 11697 11694
f 11712 11696 11697
f 11712 11692 11696
f 7832 7834 11693
f 11693 7834 11694
f 7834 7836 11694
f 11712 3905 3903
f 11692 3903 3904
f 7840 7843 11711
f 11691 3904 2297
f 7843 4812 11710
f 7843 11710 11711
f 3907 11709 3909
f 11709 11708 3909
f 3909 11708 3911
f 11705 11703 7841
f 11705 7837 11684
f 11705 2965 11702
f 11706 11717 11718
f 11722 11721 11708
f 11722 11708 11709
f 11721 3913 3911
f 11721 3911 11708
f 4813 11704 11720
f 4813 11720 4811
f 11704 11703 11719
f 11704 11719 11720
f 11703 11706 11718
f 11703 11718 11719
f 11706 11707 11717
f 11792 7858 7856
f 11707 11702 11716
f 11707 11716 11717
f 11702 11701 11715
f 11702 11715 11716
f 11701 2970 11715
f 11701 2969 2970
f 11712 11694 7836
f 11712 7840 11711
f 11712 3903 11692
f 11712 11709 3907
f 11712 3907 3905
f 11880 6236 6176
f 11881 11876 11877
f 11881 11877 11879
f 11881 6238 11880
f 11881 11880 11876
f 11881 11879 11882
f 11881 11882 11869
f 11880 11874 11875
f 11880 11870 11874
f 11880 11875 11876
f 11880 6175 11870
f 11880 6238 6237
f 11880 6237 6236
f 11881 11869 6238
f 11880 6176 6175
f 11877 11873 3809
f 11877 3807 11867
f 11877 11876 11873
f 11877 11867 11878
f 11877 11878 11879
f 11877 3809 3808
f 11877 3808 3807
f 11876 11875 11873
f 11875 11874 11873
f 11874 11870 11873
f 11893 4380 4379
f 11898 11889 11887
f 11898 11887 11897
f 11897 11887 11885
f 11897 11885 11896
f 11896 11885 11883
f 11896 11883 11895
f 11895 11883 6181
f 11895 6181 6189
f 11893 11892 11891
f 11893 4379 11894
f 11893 11894 11892
f 11873 11870 3811
f 11891 11890 11889
f 11891 11892 11890
f 11889 11888 11887
f 11889 11890 11888
f 11887 11886 11885
f 11887 11888 11886
f 11885 11886 11884
f 11885 11884 11883
f 11883 6180 6181
f 11883 11884 6180
f 11868 6225 6230
f 11859 4852 4853
f 11862 2333 2343
f 11862 11852 11853
f 11862 11851 11852
f 11862 11850 11851
f 11861 2342 11860
f 11861 11860 4853
f 11861 2343 2342
f 11860 11859 4853
f 11860 2342 11859
f 11859 2341 11855
f 11859 11858 4850
f 11859 4850 4852
f 11862 4854 4855
f 11859 11857 11858
f 11859 11856 11857
f 11859 11855 11856
f 11859 2342 2341
f 2334 2332 11854
f 11854 2332 11853
f 2332 2333 11853
f 11850 4855 11849
f 11849 4855 4856
f 2341 2328 11855
f 2328 2255 11855
f 11867 3807 3806
f 11873 3811 3810
f 11873 3810 3809
f 11870 6175 11866
f 11870 11864 3811
f 11870 11866 11872
f 11870 11872 11871
f 11870 11871 11864
f 6230 6239 11868
f 6239 6238 11868
f 11868 6238 11869
f 6175 6172 11866
f 11899 11891 11889
f 6172 6174 11865
f 6172 11865 11866
f 6174 6173 11865
f 11864 11863 3811
f 3811 11863 3794
f 11863 3792 3794
f 11862 11861 4853
f 11862 11853 2333
f 11862 4855 11850
f 11862 2343 11861
f 11862 4853 4854
f 11924 11918 11917
f 11930 4393 4396
f 11929 11922 11928
f 11929 11923 11922
f 11928 11922 11921
f 11928 11921 11927
f 11927 11920 11926
f 11927 11921 11920
f 11926 11920 11925
f 11925 11920 11919
f 11925 11919 6209
f 11925 6209 6213
f 11924 11917 11923
f 11930 4396 11924
f 11924 4399 11918
f 11924 4396 4399
f 11923 11916 11922
f 11923 11917 11916
f 11922 11916 11921
f 11921 11914 11920
f 11921 11916 11915
f 11921 11915 11914
f 11920 11913 11919
f 11920 11914 11913
f 11919 11913 6209
f 11935 11929 11934
f 11940 11934 11933
f 11939 11932 11938
f 11939 11933 11932
f 11938 11932 11931
f 11938 11931 11937
f 11937 11931 6215
f 11937 6215 6223
f 11936 11930 11929
f 11936 4393 11930
f 11936 11929 11935
f 11936 4390 4393
f 11918 11911 11917
f 11934 11927 11933
f 11934 11929 11928
f 11934 11928 11927
f 11933 11926 11932
f 11933 11927 11926
f 11932 11925 11931
f 11932 11926 11925
f 11931 11925 6213
f 11931 6213 6215
f 11930 11923 11929
f 11930 11924 11923
f 11903 11896 11902
f 11908 11902 11901
f 11908 11901 11907
f 11907 11901 6199
f 11906 4408 11900
f 11906 11900 11899
f 11906 11899 11905
f 11906 4405 4408
f 11905 11899 11898
f 11905 11898 11904
f 11904 11897 11903
f 11904 11898 11897
f 11909 11903 11902
f 11903 11897 11896
f 11902 11896 11895
f 11902 11895 11901
f 11901 11895 6189
f 11901 6189 6194
f 11901 6194 6199
f 11900 11891 11899
f 11900 11893 11891
f 11900 4380 11893
f 11900 4408 4380
f 11899 11889 11898
f 11913 6199 6204
f 11918 11912 11911
f 11918 4402 11912
f 11918 4399 4402
f 11917 11911 11916
f 11916 11910 11915
f 11916 11911 11910
f 11915 11908 11914
f 11915 11910 11909
f 11915 11909 11908
f 11914 11907 11913
f 11914 11908 11907
f 4850 11858 4851
f 11913 6204 6209
f 11913 11907 6199
f 11912 11905 11911
f 11912 11906 11905
f 11912 4405 11906
f 11912 4402 4405
f 11911 11905 11910
f 11910 11903 11909
f 11910 11905 11904
f 11910 11904 11903
f 11909 11902 11908
f 4859 7844 11794
f 11817 3906 3908
f 11817 7844 7846
f 11817 11796 11795
f 11817 11797 11796
f 11817 11798 11797
f 11814 7848 11813
f 11814 11811 3901
f 11814 3901 3906
f 11814 11813 11816
f 11814 11816 11815
f 11814 11815 11811
f 11814 7846 7848
f 11817 7846 11814
f 11794 7844 11795
f 7848 4848 11812
f 7848 11812 11813
f 11798 3908 11799
f 11799 3908 3910
f 11811 11810 3901
f 3901 11810 3902
f 11807 11805 7873
f 11807 7871 11806
f 11807 2959 11803
f 11807 11806 2959
f 11802 11823 11821
f 11812 4847 11826
f 11812 4848 4847
f 11825 11809 11824
f 11825 11824 11808
f 11825 11808 11809
f 11824 11809 11822
f 11824 11820 11808
f 11824 11822 11820
f 2962 11823 11802
f 2962 2968 11823
f 11802 11821 11803
f 11807 7873 7871
f 11803 11822 11809
f 11803 11821 11822
f 11808 11820 11805
f 11820 11819 11805
f 11805 11819 11804
f 11819 11818 11804
f 11804 11818 4861
f 11818 4858 4861
f 11817 11795 7844
f 11817 3908 11798
f 11817 11814 3906
f 11793 2991 48
f 3912 11783 11799
f 11799 11783 11798
f 11783 11784 11798
f 11798 11784 11797
f 11784 11788 11797
f 11796 11786 11795
f 11796 11789 11786
f 11795 11785 11794
f 11795 11786 11785
f 11794 4860 4859
f 11794 11785 4860
f 11793 56 7862
f 3910 3912 11799
f 11793 7858 11792
f 11793 11792 2994
f 11793 7862 7860
f 11793 7860 7858
f 11793 48 63
f 11793 63 62
f 11793 62 56
f 11793 2994 2991
f 11792 11791 11790
f 11792 7856 11791
f 11792 11790 2994
f 7871 60 59
f 11807 11803 11809
f 11807 11809 11808
f 11807 11808 11805
f 11806 7871 57
f 11806 52 2956
f 11806 2956 2959
f 11806 57 66
f 11806 66 65
f 11806 65 52
f 4861 7873 11804
f 11804 7873 11805
f 11813 11826 11827
f 7871 59 57
f 11803 2959 11802
f 11802 2959 2962
f 52 49 2956
f 2956 49 51
f 11801 11797 11788
f 11801 11789 11796
f 11801 11788 11800
f 11801 11800 11789
f 11801 11796 11797
f 11800 11788 11789
f 11845 2302 2301
f 11849 4857 11834
f 11846 11845 4841
f 11846 11841 2303
f 11846 2302 11845
f 11846 4840 11840
f 11846 2303 2302
f 11846 11840 11848
f 11846 11848 11847
f 11846 11847 11841
f 11846 4841 4840
f 11845 2301 11844
f 11845 11844 4842
f 11849 4856 4857
f 11845 4842 4841
f 11844 2301 11843
f 11844 11843 4842
f 11843 11842 4843
f 11843 2301 11842
f 11843 4843 4842
f 11842 2296 11830
f 11842 11827 4844
f 11842 2301 2300
f 11842 2300 2296
f 11842 4844 4843
f 2334 11854 2955
f 11858 4849 4851
f 4849 11858 11840
f 4849 11840 4838
f 11858 11857 11840
f 11857 11856 11848
f 11857 11848 11840
f 11856 11855 11847
f 11856 11847 11848
f 11855 2255 11841
f 11855 11841 11847
f 2255 2254 11841
f 11842 11828 11827
f 11854 11853 11833
f 11854 11832 2955
f 11854 11833 11832
f 11853 11852 11839
f 11853 11839 11833
f 11852 11851 11838
f 11852 11838 11839
f 11851 11850 11835
f 11851 11835 11838
f 11850 11849 11834
f 11850 11834 11835
f 2966 11823 2968
f 11836 2966 2964
f 11836 11822 11821
f 11836 11820 11822
f 11836 11819 11820
f 4857 7849 11834
f 11834 7849 11835
f 7845 11818 11819
f 7845 4858 11818
f 11833 2957 11832
f 11832 2957 2955
f 11821 11823 2966
f 11836 7847 7845
f 3902 11810 11831
f 3902 11831 2295
f 11810 11811 11830
f 11810 11830 11831
f 11811 11815 11829
f 11811 11829 11830
f 11815 11816 11828
f 11815 11828 11829
f 11816 11813 11827
f 11816 11827 11828
f 11813 11812 11826
f 11826 4847 4846
f 11842 11829 11828
f 11842 11830 11829
f 2254 2292 11841
f 2292 2303 11841
f 11840 4840 4839
f 11840 4839 4838
f 2296 11831 11830
f 2296 2295 11831
f 4844 11827 4845
f 11827 11826 4845
f 4845 11826 4846
f 11678 11677 11679
f 11837 11835 7849
f 11837 11836 2964
f 11837 2957 11833
f 11837 7847 11836
f 11837 7849 7847
f 11837 11833 11839
f 11837 11839 11838
f 11837 11838 11835
f 11837 2964 2957
f 11836 7845 11819
f 11836 11821 2966
f 11492 11504 11503
f 11507 11504 11492
f 11507 11506 11509
f 11507 11509 11508
f 11507 11508 11504
f 11507 11496 11491
f 11507 11495 11496
f 11507 11492 11495
f 4049 2243 11490
f 11490 11505 11491
f 11490 2243 11505
f 11491 11505 11506
f 11492 11503 11493
f 11507 11491 11506
f 11493 4928 4929
f 11493 11503 4928
f 4488 11482 11502
f 4488 11502 2141
f 11482 11483 11501
f 11482 11501 11502
f 11483 11487 11500
f 11483 11500 11501
f 11487 11488 11499
f 11487 11499 11500
f 11488 11485 11498
f 11512 11500 11499
f 11514 2147 11513
f 11514 11513 4912
f 11513 11512 4913
f 11513 2147 11512
f 11513 4913 4912
f 11512 2142 11501
f 11512 11498 4914
f 11512 2147 2146
f 11512 2146 2142
f 11512 4914 4913
f 11512 11499 11498
f 11488 11498 11499
f 11512 11501 11500
f 2136 2138 11511
f 2138 2149 11511
f 11510 4910 4909
f 11510 4909 4908
f 2142 11502 11501
f 2142 2141 11502
f 4914 11498 4915
f 11498 11497 4915
f 4915 11497 4916
f 11497 4917 4916
f 11486 11483 4489
f 11478 11480 4038
f 4038 11480 4035
f 11489 11468 5785
f 11489 4493 11471
f 11489 11486 4491
f 11489 5787 11486
f 11489 4491 4493
f 11489 5785 5787
f 11489 11469 11468
f 11489 11470 11469
f 11489 11471 11470
f 11486 5789 11485
f 11490 4045 4049
f 11486 4489 4491
f 11486 11485 11488
f 11486 11488 11487
f 11486 11487 11483
f 11486 5787 5789
f 4995 5785 11467
f 11467 5785 11468
f 5789 4918 11484
f 5789 11484 11485
f 11471 4493 11472
f 11472 4493 4495
f 11494 11495 11492
f 11485 11484 11497
f 11485 11497 11498
f 11484 4918 11497
f 4918 4917 11497
f 11494 11492 5791
f 11494 5793 11476
f 11494 4045 11491
f 11494 11478 4038
f 11494 5791 5793
f 11494 11491 11496
f 11494 11496 11495
f 11515 4912 4911
f 11494 4038 4042
f 11494 4042 4045
f 11494 11479 11478
f 11494 11477 11479
f 11494 11476 11477
f 4929 5792 11493
f 11493 5792 11492
f 5792 5791 11492
f 5793 11475 11476
f 5793 4962 11475
f 11491 4045 11490
f 11533 11528 11529
f 11538 11534 11533
f 11538 2203 2200
f 11537 11532 11536
f 11537 11533 11532
f 11536 11531 11535
f 11536 11532 11531
f 11535 11531 4947
f 11535 4947 4945
f 11534 11528 11533
f 11534 2200 11527
f 11534 11527 11528
f 11533 11529 11532
f 11538 2200 11534
f 11532 11530 11531
f 11532 11529 11530
f 11531 4920 4947
f 11531 11530 4920
f 2200 2137 11527
f 4920 11530 11510
f 4920 11510 4908
f 11530 11529 11510
f 11529 11528 11518
f 11529 11518 11510
f 11528 11527 11517
f 11543 4943 4941
f 11547 4941 4939
f 11547 4939 4937
f 11546 11541 11545
f 11546 2207 11542
f 11546 11542 11541
f 11546 2211 2207
f 11545 11541 11544
f 11544 11539 11543
f 11544 11540 11539
f 11544 11541 11540
f 11543 11539 4943
f 11528 11517 11518
f 11542 11538 11537
f 11542 11537 11541
f 11542 2203 11538
f 11542 2207 2203
f 11541 11537 11536
f 11541 11536 11540
f 11540 11535 11539
f 11540 11536 11535
f 11539 11535 4945
f 11539 4945 4943
f 11538 11533 11537
f 11516 11515 4911
f 11521 11522 11519
f 11521 2249 2236
f 2243 2242 11505
f 11505 2242 11506
f 2242 2240 11506
f 11504 4922 11503
f 11503 4922 4928
f 2236 2235 11520
f 2235 2198 11520
f 4926 11519 4927
f 11519 4921 4927
f 11521 11523 11522
f 11516 11511 2149
f 11516 2148 11515
f 11516 4910 11510
f 11516 2149 2148
f 11516 11510 11518
f 11516 11518 11517
f 11516 11517 11511
f 11516 4911 4910
f 11515 2147 11514
f 11515 11514 4912
f 11515 2148 2147
f 11526 11504 11508
f 11527 2137 11511
f 11527 11511 11517
f 2137 2136 11511
f 11526 11525 4923
f 11526 11506 2240
f 11526 4922 11504
f 11526 2241 11525
f 11526 4923 4922
f 11526 2240 2241
f 11526 11509 11506
f 11526 11508 11509
f 11483 11482 4489
f 11525 2249 11524
f 11525 11524 4924
f 11525 4924 4923
f 11525 2241 2249
f 11524 11521 4924
f 11524 2249 11521
f 11521 2236 11520
f 11521 11519 4926
f 11521 4926 4925
f 11521 4925 4924
f 11521 11520 11523
f 11441 11358 11360
f 11378 3485 3484
f 11442 11440 11441
f 11442 11364 5702
f 11442 5707 11440
f 11442 11441 11360
f 11442 5702 5707
f 11442 11362 11364
f 11442 11360 11362
f 11441 4524 11356
f 11441 11440 4532
f 11441 4532 4527
f 11441 4527 4524
f 11443 3488 3487
f 11441 11356 11358
f 11440 5706 11437
f 11440 11437 4533
f 11440 4533 4532
f 11440 5707 5704
f 11440 5704 5706
f 11437 5713 11436
f 11437 11434 4529
f 11437 4529 4533
f 11437 11436 11439
f 11437 11439 11438
f 11447 3492 3491
f 11449 11451 11450
f 11449 11450 11445
f 11449 3491 3489
f 11448 5729 11370
f 11448 11374 11447
f 11448 5724 5729
f 11448 11372 11374
f 11448 11370 11372
f 11447 11378 3484
f 11447 3484 3483
f 11447 3483 3492
f 11437 11438 11434
f 11447 11376 11378
f 11447 11374 11376
f 5723 5728 11446
f 5728 5727 11446
f 5727 5726 11446
f 11446 5726 11445
f 5726 5725 11445
f 11444 3488 11443
f 11444 3489 3488
f 5729 11368 11370
f 5729 5731 11368
f 11427 5736 5705
f 11430 11424 11423
f 11430 11359 11357
f 11430 11361 11359
f 11429 11428 11361
f 11429 11423 11422
f 11429 11422 11428
f 11428 11422 11421
f 11428 11421 11427
f 11428 11427 11363
f 11428 11363 11361
f 11427 11421 5777
f 11427 5777 5736
f 11430 11429 11361
f 11427 11365 11363
f 11427 5705 11365
f 11426 11419 11425
f 11426 3511 3515
f 11426 3515 11420
f 11426 11420 11419
f 11425 11418 11424
f 11425 11419 11418
f 11424 11417 11423
f 11424 11418 11417
f 11423 11416 11422
f 11433 4500 4528
f 11437 5706 5713
f 5701 5703 11366
f 5703 5702 11366
f 11366 5702 11364
f 5713 5712 11436
f 5712 5711 11435
f 5712 11435 11436
f 11356 4524 4526
f 5711 5708 11435
f 11434 11433 4529
f 4529 11433 4528
f 11449 11444 11451
f 11432 11425 11431
f 11432 11431 11357
f 11432 11426 11425
f 11432 3511 11426
f 11432 3505 3511
f 11432 11355 3505
f 11432 11357 11355
f 11431 11424 11430
f 11431 11425 11424
f 11431 11430 11357
f 11430 11423 11429
f 11464 5733 11462
f 4497 11452 11472
f 11472 11452 11471
f 11452 11453 11471
f 11471 11453 11470
f 11453 11457 11470
f 11469 11455 11468
f 11469 11458 11455
f 11468 11454 11467
f 11468 11455 11454
f 11467 4996 4995
f 11467 11454 4996
f 11464 11461 5735
f 4495 4497 11472
f 11464 11462 11463
f 11464 5735 5734
f 11464 5734 5733
f 11464 11463 11466
f 11464 11466 11465
f 11464 11465 11461
f 11462 5732 11445
f 11462 4044 11460
f 11462 11444 4050
f 11462 5733 5732
f 11462 11460 11463
f 11466 11477 11465
f 4489 11482 4488
f 11481 11463 11479
f 11481 11477 11466
f 11481 11479 11477
f 11481 11466 11463
f 4040 11480 11459
f 4040 4035 11480
f 11459 11478 11460
f 11459 11480 11478
f 11460 11479 11463
f 11460 11478 11479
f 11462 4050 4047
f 11477 11476 11465
f 11465 11476 11461
f 11476 11475 11461
f 11461 11475 4964
f 11475 4962 4964
f 11474 11470 11457
f 11474 11458 11469
f 11474 11457 11473
f 11474 11473 11458
f 11474 11469 11470
f 11473 11457 11458
f 5721 4996 11454
f 11456 5717 5719
f 11456 11439 11436
f 11456 11438 11439
f 11456 11434 11438
f 5708 5710 11435
f 11435 5710 11436
f 5710 5715 11436
f 11434 4501 11433
f 11434 4502 4501
f 5719 5721 11455
f 11433 4501 4500
f 11456 5715 5717
f 5721 11454 11455
f 4505 11453 4498
f 11453 11452 4498
f 4498 11452 4497
f 11449 11448 11447
f 11449 11445 5725
f 11449 5724 11448
f 11449 3489 11444
f 11449 11447 3491
f 11449 5725 5722
f 11449 5722 5724
f 4050 11444 4051
f 11462 4047 4044
f 11462 11451 11444
f 11462 11450 11451
f 11462 11445 11450
f 4964 5735 11461
f 11460 4041 11459
f 11460 4044 4041
f 5732 5730 11445
f 11459 4041 4040
f 5730 11446 11445
f 5730 5723 11446
f 11547 11543 4941
f 11444 11443 4051
f 4051 11443 3487
f 11456 11436 5715
f 11456 5719 11455
f 11456 4502 11434
f 11456 11453 4505
f 11456 4505 4503
f 11456 4503 4502
f 11456 11455 11458
f 11456 11458 11457
f 11456 11457 11453
f 7760 7758 81
f 11639 11638 74
f 11639 81 11638
f 11639 74 11635
f 11639 11635 11641
f 11639 11641 11640
f 11639 11640 11636
f 11638 81 88
f 11638 88 87
f 11638 87 74
f 7762 7760 11637
f 11637 7760 11636
f 7760 81 11636
f 11639 11636 81
f 7758 82 79
f 7758 79 81
f 11635 2984 11634
f 11635 74 2984
f 11634 2984 2320
f 2984 74 2985
f 74 71 2985
f 2985 71 73
f 11633 11632 11628
f 11633 11630 11632
f 11633 11628 11630
f 4836 7754 11626
f 11646 11643 3928
f 11646 3928 3925
f 11646 3925 3922
f 11646 11645 11648
f 11646 11648 11647
f 11646 11647 11643
f 11646 7755 7756
f 11646 7756 7757
f 11646 11628 11627
f 11646 11630 11628
f 11646 11629 11630
f 11632 11630 11621
f 11626 7754 11627
f 7754 7755 11627
f 11629 3919 11631
f 11629 3922 3919
f 7757 7759 11645
f 11631 3919 3918
f 7759 7761 11644
f 7759 11644 11645
f 3928 11643 3929
f 11643 11642 3929
f 3929 11642 2277
f 11623 3920 3923
f 11609 70 11615
f 70 85 11615
f 11614 78 11611
f 11614 84 78
f 11611 77 11610
f 11611 78 77
f 11610 76 4835
f 11610 77 76
f 11623 11603 7780
f 11623 3923 11606
f 11623 11620 3920
f 11623 7782 11620
f 68 70 11609
f 11623 7780 7782
f 11623 11604 11603
f 11623 11605 11604
f 11623 11606 11605
f 11620 7784 11619
f 11620 11617 3916
f 11620 3916 3920
f 11620 11619 11622
f 11620 11622 11621
f 11620 11621 11617
f 11620 7782 7784
f 11619 11618 11626
f 11632 11622 11628
f 11632 11621 11622
f 3918 11616 11631
f 3918 3914 11616
f 11631 11617 11629
f 11631 11616 11617
f 11629 11621 11630
f 11629 11617 11621
f 11628 11622 11627
f 11622 11619 11627
f 11627 11619 11626
f 11646 3922 11629
f 11626 11618 4836
f 11618 4837 4836
f 11625 11615 85
f 11625 84 11614
f 11625 11624 84
f 11625 85 11624
f 11625 11614 11615
f 11624 85 84
f 2983 69 11608
f 69 68 11608
f 11608 68 11609
f 11667 7771 7773
f 11668 11645 7767
f 11668 2279 11643
f 11668 7771 11667
f 11668 2287 2279
f 11668 7767 7769
f 11668 7769 7771
f 11668 11648 11645
f 11668 11647 11648
f 11668 11643 11647
f 11667 11662 2287
f 11667 7773 11665
f 11667 11665 11662
f 11668 11667 2287
f 11665 11664 11662
f 11665 7775 11661
f 11665 11661 11666
f 11665 11666 11664
f 11665 7773 7775
f 11662 11659 2275
f 11662 2275 2274
f 11662 2274 2288
f 11662 2288 2287
f 11662 11664 11663
f 11662 11663 11659
f 11650 11651 11661
f 11676 11674 11675
f 11676 11675 11677
f 11674 11672 11673
f 11674 11673 11675
f 11672 11669 11671
f 11672 11671 11673
f 11669 2250 11670
f 11669 11670 11671
f 11669 2251 2250
f 7779 11650 11660
f 7779 11660 7777
f 7761 7763 11644
f 11650 11661 11660
f 11651 11658 11666
f 11651 11666 11661
f 11658 11656 11664
f 11658 11664 11666
f 11656 11655 11663
f 11656 11663 11664
f 11655 11649 11663
f 11649 2272 11659
f 11649 11659 11663
f 2272 2273 11659
f 7778 7776 11650
f 11653 7774 7772
f 11653 7772 7770
f 11653 2326 2325
f 11652 7768 11636
f 11652 11635 2319
f 11652 7770 7768
f 11652 2319 2326
f 11652 11641 11635
f 11652 11640 11641
f 11652 11636 11640
f 7779 7778 11650
f 11653 11652 2326
f 11650 7776 11651
f 7768 7766 11636
f 7766 7764 11637
f 7766 11637 11636
f 11649 2315 2272
f 7764 7762 11637
f 11635 11634 2319
f 2319 11634 2317
f 11634 2320 2317
f 11646 11627 7755
f 11646 7757 11645
f 11657 7774 11653
f 7763 7765 11644
f 7765 7767 11644
f 11644 7767 11645
f 11643 2278 11642
f 11643 2279 2278
f 7775 7777 11660
f 7775 11660 11661
f 11642 2278 2277
f 11659 2273 2275
f 11657 11653 11654
f 11657 11651 7776
f 4816 7780 11602
f 11657 11654 11656
f 11657 7776 7774
f 11657 11656 11658
f 11657 11658 11651
f 11654 11653 2325
f 11654 2315 11649
f 11654 11649 11655
f 11654 11655 11656
f 11654 2325 2316
f 11654 2316 2315
f 11653 7770 11652
f 11569 11567 11568
f 3002 2976 11577
f 3002 11577 11578
f 4829 11576 4828
f 11576 11575 4828
f 4828 11575 4827
f 11575 4826 4827
f 2999 11573 3880
f 11573 11571 11572
f 11573 11572 11574
f 11573 11574 3880
f 11571 11569 11570
f 11571 11570 11572
f 11567 4831 4824
f 11569 11568 11570
f 11567 4824 4815
f 11567 4815 11568
f 11566 11561 11565
f 11566 11562 11561
f 11566 11565 11523
f 11566 2227 11562
f 11566 2198 2197
f 11566 2197 2227
f 11566 11520 2198
f 11566 11523 11520
f 11582 4832 4834
f 11585 11571 11573
f 11585 11569 11571
f 11585 11567 11569
f 11584 11583 4834
f 11584 3006 11583
f 11584 4834 4833
f 11584 3007 3006
f 11583 3006 11582
f 11583 11582 4834
f 11582 3006 11579
f 11582 11579 4832
f 11565 11561 11564
f 11579 3002 11578
f 11579 11576 4829
f 11579 4829 4832
f 11579 11578 11581
f 11579 11581 11580
f 11579 11580 11576
f 11579 3006 3005
f 11579 3005 3002
f 2999 2998 11573
f 2998 3008 11573
f 11567 4830 4831
f 11552 11548 11547
f 11557 11552 11556
f 11557 11553 11552
f 11556 11551 11555
f 11556 11552 11551
f 11555 11551 4937
f 11555 4937 4935
f 11555 4935 4933
f 11554 2215 11550
f 11554 11549 11553
f 11554 11550 11549
f 11554 2220 2215
f 11553 11549 11552
f 11558 2223 2220
f 11552 11547 11551
f 11552 11549 11548
f 11551 11547 4937
f 11550 2211 11546
f 11550 11545 11549
f 11550 2215 2211
f 11550 11546 11545
f 11549 11544 11548
f 11549 11545 11544
f 11548 11544 11543
f 11548 11543 11547
f 11562 11558 11557
f 11565 11564 11522
f 11565 11522 11523
f 11564 11559 11563
f 11564 11561 11560
f 11564 11563 11519
f 11564 11560 11559
f 11564 11519 11522
f 11563 11559 4931
f 11563 4931 4921
f 11563 4921 11519
f 11562 11557 11561
f 11585 3008 3007
f 11562 2223 11558
f 11562 2227 2223
f 11561 11556 11560
f 11561 11557 11556
f 11560 11556 11559
f 11559 11556 11555
f 11559 11555 4933
f 11559 4933 4931
f 11558 11553 11557
f 11558 11554 11553
f 11558 2220 11554
f 11594 11595 11605
f 11610 7785 11611
f 7781 11596 11597
f 7781 4825 11596
f 11609 2981 11608
f 11608 2981 2983
f 11600 11601 2977
f 2977 11601 2975
f 3886 11589 3927
f 11589 11588 11607
f 11589 11607 3927
f 11588 11594 11606
f 11588 11606 11607
f 4835 7785 11610
f 11594 11605 11606
f 11595 11587 11604
f 11595 11604 11605
f 11587 11586 11603
f 11587 11603 11604
f 11586 4816 11602
f 11586 11602 11603
f 11586 4817 4816
f 2975 11601 2976
f 11601 11600 11577
f 11601 11577 2976
f 11613 7785 7783
f 11602 7780 11603
f 7784 4837 11618
f 7784 11618 11619
f 11606 3923 11607
f 11607 3923 3927
f 11617 11616 3916
f 3916 11616 3914
f 11613 11611 7785
f 11613 11612 2979
f 11613 2981 11609
f 11613 7783 11612
f 11600 11599 11578
f 11613 11609 11615
f 11613 11615 11614
f 11613 11614 11611
f 11613 2979 2981
f 11612 7781 11597
f 11612 11600 2977
f 11612 7783 7781
f 11612 2977 2979
f 11612 11599 11600
f 11612 11598 11599
f 11612 11597 11598
f 3884 3885 11588
f 11591 11590 4820
f 11590 3893 11574
f 11590 11568 4822
f 11590 3894 3893
f 11590 4822 4821
f 11590 4821 4820
f 11590 11570 11568
f 11590 11572 11570
f 11590 11574 11572
f 3886 3884 11589
f 11589 3884 11588
f 11591 3894 11590
f 11587 4818 11586
f 11586 4818 4817
f 3893 3879 11574
f 3879 3880 11574
f 4822 11568 4823
f 11568 4815 4823
f 11585 11573 3008
f 11585 11584 4833
f 11585 3007 11584
f 11585 4830 11567
f 11585 4833 4830
f 11593 11588 3885
f 11600 11578 11577
f 11599 11598 11581
f 11599 11581 11578
f 11598 11597 11580
f 11598 11580 11581
f 11597 11596 11576
f 11597 11576 11580
f 11596 4825 11575
f 11596 11575 11576
f 4825 4826 11575
f 11593 3895 11592
f 11940 11933 11939
f 11593 4818 11587
f 11593 11592 4820
f 11593 3885 3895
f 11593 11587 11595
f 11593 11595 11594
f 11593 11594 11588
f 11593 4820 4819
f 11593 4819 4818
f 11592 3894 11591
f 11592 11591 4820
f 11592 3895 3894
f 12303 4447 12302
f 4412 3313 12314
f 6617 12313 6603
f 12313 12311 12312
f 12313 12312 6603
f 12311 12309 12310
f 12311 12310 12312
f 12309 12307 12308
f 12309 12308 12310
f 12307 12305 12306
f 12307 12306 12308
f 12305 12303 12304
f 12305 12304 12306
f 12312 6599 6603
f 12303 12302 12304
f 4447 4415 12302
f 6503 12239 6482
f 12239 12240 12293
f 12239 12248 6482
f 12239 12293 12248
f 12240 12247 12294
f 12240 12294 12293
f 12247 12245 12296
f 12247 12296 12294
f 12245 12244 12299
f 12325 4412 12314
f 12330 12323 12321
f 12330 12321 12329
f 12329 12319 12328
f 12329 12321 12319
f 12328 12319 12317
f 12328 12317 12327
f 12327 12315 12326
f 12327 12317 12315
f 12326 12315 6557
f 12326 6557 6564
f 12325 12324 12323
f 12245 12299 12296
f 12325 12314 12324
f 12323 12322 12321
f 12323 12324 12322
f 12321 12320 12319
f 12321 12322 12320
f 12319 12318 12317
f 12319 12320 12318
f 12317 12316 12315
f 12317 12318 12316
f 12315 6546 6557
f 12315 12316 6546
f 12288 12281 12287
f 12292 12285 12291
f 12292 12286 12285
f 12292 12248 12293
f 12292 12293 12294
f 12291 6477 12248
f 12291 12285 6469
f 12291 6469 6477
f 12290 12283 12289
f 12290 12284 12283
f 12290 2414 12284
f 12290 2418 2414
f 12289 12283 12288
f 12292 12291 12248
f 12288 12283 12282
f 12288 12282 12281
f 12287 12280 12286
f 12287 12281 12280
f 12286 12279 12285
f 12286 12280 12279
f 12285 12279 6469
f 12284 12277 12283
f 12284 12278 12277
f 12284 2410 12278
f 12284 2414 2410
f 12298 12288 12297
f 12244 12238 12300
f 12244 12300 12299
f 12238 2374 12300
f 12238 2373 2374
f 12301 12289 12298
f 12301 12298 12300
f 12301 12290 12289
f 12301 2418 12290
f 12301 2374 2425
f 12301 2425 2418
f 12301 12300 2374
f 12331 4420 4412
f 12298 12289 12288
f 12298 12297 12296
f 12298 12296 12299
f 12298 12299 12300
f 12297 12288 12295
f 12297 12295 12296
f 12295 12292 12294
f 12295 12286 12292
f 12295 12288 12287
f 12295 12287 12286
f 12295 12294 12296
f 12356 12312 12310
f 12359 12308 12306
f 12358 12352 12357
f 12358 12357 12310
f 12358 12353 12352
f 12358 12310 12308
f 12357 12350 12356
f 12357 12356 12310
f 12357 12352 12351
f 12357 12351 12350
f 12356 6599 12312
f 12356 12350 6592
f 12356 6592 6599
f 12359 12306 12304
f 12355 12348 12354
f 12355 12349 12348
f 12355 4432 12349
f 12355 4438 4432
f 12354 12347 12353
f 12354 12348 12347
f 12353 12346 12352
f 12353 12347 12346
f 12352 12346 12345
f 12352 12345 12351
f 12351 12344 12350
f 12361 12354 12360
f 6618 6616 12313
f 12313 6616 12311
f 6612 6611 12365
f 6611 6610 12364
f 6611 12364 12365
f 12303 4445 4447
f 6610 6609 12364
f 12363 12362 4450
f 4450 12362 4449
f 12362 4307 4449
f 12361 12360 12304
f 12351 12345 12344
f 12361 12355 12354
f 12361 4438 12355
f 12361 4415 4414
f 12361 4414 4438
f 12361 12302 4415
f 12361 12304 12302
f 12360 12353 12359
f 12360 12359 12304
f 12360 12354 12353
f 12359 12353 12358
f 12359 12358 12308
f 12336 12329 12335
f 12340 12334 12333
f 12340 12333 12339
f 12339 12333 12332
f 12339 12332 12338
f 12338 12332 6571
f 12338 6571 6578
f 12337 12331 12330
f 12337 4420 12331
f 12337 4422 4420
f 12337 12330 12336
f 12336 12330 12329
f 12341 12334 12340
f 12335 12328 12334
f 12335 12329 12328
f 12334 12328 12327
f 12334 12327 12333
f 12333 12326 12332
f 12333 12327 12326
f 12332 12326 6564
f 12332 6564 6571
f 12331 12323 12330
f 12331 4412 12325
f 12331 12325 12323
f 12345 12340 12339
f 12350 12344 6585
f 12350 6585 6592
f 12349 12342 12348
f 12349 12343 12342
f 12349 4432 12343
f 12348 12342 12347
f 12347 12342 12341
f 12347 12340 12346
f 12347 12341 12340
f 12346 12340 12345
f 12345 12338 12344
f 12283 12276 12282
f 12345 12339 12338
f 12344 12338 6578
f 12344 6578 6585
f 12343 12336 12342
f 12343 4432 4427
f 12343 4427 4422
f 12343 4422 12337
f 12343 12337 12336
f 12342 12335 12341
f 12342 12336 12335
f 12341 12335 12334
f 12234 12235 12233
f 12237 2497 2496
f 12237 6415 6412
f 12237 12219 12216
f 12237 12218 12219
f 12237 12214 12218
f 12236 12231 2497
f 12236 6414 12234
f 12236 12234 12231
f 12236 6412 6414
f 12234 12233 12231
f 12234 6420 12230
f 12234 12230 12235
f 12237 6412 12236
f 12234 6414 6420
f 12231 12228 2485
f 12231 2485 2499
f 12231 2499 2498
f 12231 2498 2497
f 12231 12233 12232
f 12231 12232 12228
f 6413 6418 12215
f 6418 6417 12215
f 6417 6416 12215
f 12215 6416 12216
f 12239 6502 12240
f 12242 6500 6499
f 12242 2390 2389
f 12241 6498 12223
f 12241 12222 2391
f 12241 6499 6498
f 12241 2391 2390
f 12241 12227 12222
f 12241 12226 12227
f 12241 12223 12226
f 6503 6504 12239
f 6504 6502 12239
f 6416 6415 12216
f 6498 6497 12223
f 6497 6496 12224
f 6497 12224 12223
f 12238 2376 2373
f 6496 6495 12224
f 12222 12221 2391
f 2391 12221 2381
f 12221 2380 2381
f 12237 12216 6415
f 12237 2496 12214
f 12237 12236 2497
f 12220 6424 6423
f 12222 4312 4313
f 6491 6490 12211
f 12221 4313 2380
f 6490 12212 12211
f 6490 4644 12212
f 4316 12208 4318
f 12208 12207 4318
f 4318 12207 4320
f 12220 12206 6425
f 12220 6423 12217
f 12220 12217 12203
f 12220 6425 6424
f 12222 4313 12221
f 12220 12205 12206
f 12220 12204 12205
f 12220 12203 12204
f 12217 6422 12216
f 12217 3833 12202
f 12217 12214 3840
f 12217 3840 3837
f 12217 3837 3833
f 12217 12216 12219
f 12217 12219 12218
f 12217 12218 12214
f 12225 6492 6491
f 12214 2490 12213
f 12214 2496 2490
f 6420 6421 12229
f 6420 12229 12230
f 12213 2490 2489
f 12228 2395 2485
f 12225 12223 6493
f 12225 6491 12211
f 12225 4312 12222
f 12225 12208 4316
f 12225 6493 6492
f 12242 6501 6500
f 12225 12222 12227
f 12225 12227 12226
f 12225 12226 12223
f 12225 4316 4314
f 12225 4314 4312
f 12225 12209 12208
f 12225 12210 12209
f 12225 12211 12210
f 6495 6494 12224
f 12224 6494 12223
f 6494 6493 12223
f 12267 6437 6444
f 12272 2409 12266
f 12272 12266 12271
f 12271 12265 12264
f 12271 12264 12270
f 12271 12266 12265
f 12270 12264 12263
f 12270 12263 12269
f 12269 12263 12268
f 12268 12263 12262
f 12268 12262 12261
f 12268 12261 12267
f 12267 12261 6437
f 12273 12268 12267
f 12266 2401 12260
f 12266 12260 12259
f 12266 2409 2405
f 12266 2405 2401
f 12266 12259 12265
f 12265 12259 12258
f 12265 12258 12264
f 12264 12257 12263
f 12264 12258 12257
f 12263 12256 12262
f 12263 12257 12256
f 12278 12272 12271
f 12283 12277 12276
f 12282 12275 12281
f 12282 12276 12275
f 12281 12274 12280
f 12281 12275 12274
f 12280 12273 12279
f 12280 12274 12273
f 12279 12273 6461
f 12279 6461 6469
f 12278 12271 12277
f 12278 2409 12272
f 12262 12255 12261
f 12278 2410 2409
f 12277 12270 12276
f 12277 12271 12270
f 12276 12269 12275
f 12276 12270 12269
f 12275 12268 12274
f 12275 12269 12268
f 12274 12268 12273
f 12273 12267 6444
f 12273 6444 6451
f 12273 6451 6461
f 12246 12243 12245
f 12251 12230 12250
f 12251 12235 12230
f 12250 12229 12249
f 12250 12230 12229
f 12249 6421 6427
f 12249 12229 6421
f 12248 6477 6482
f 2396 2395 12228
f 12246 12242 12243
f 12246 12240 6502
f 12246 6501 12242
f 12252 12233 12235
f 12246 6502 6501
f 12246 12245 12247
f 12246 12247 12240
f 12243 12242 2389
f 12243 2376 12238
f 12243 12238 12244
f 12243 12244 12245
f 12243 2389 2388
f 12243 2388 2376
f 12242 6499 12241
f 12242 12241 2390
f 12257 12251 12250
f 12262 12256 12255
f 12261 12255 6437
f 12260 12253 12259
f 12260 12254 12253
f 12260 2396 12254
f 12260 2401 2396
f 12259 12253 12252
f 12259 12252 12258
f 12258 12251 12257
f 12258 12252 12251
f 12257 12250 12256
f 6617 6618 12313
f 12256 12250 12249
f 12256 12249 12255
f 12255 12249 6427
f 12255 6427 6432
f 12255 6432 6437
f 12254 2396 12228
f 12254 12232 12253
f 12254 12228 12232
f 12253 12233 12252
f 12253 12232 12233
f 12252 12235 12251
f 12442 12437 2386
f 12447 12448 12445
f 12447 2500 2487
f 2494 2493 12431
f 12431 2493 12432
f 2493 2491 12432
f 12430 4662 12429
f 12429 4662 4659
f 2487 2486 12446
f 2486 2398 12446
f 4666 12445 4667
f 12445 4660 4667
f 12442 12441 4657
f 12447 12449 12448
f 12442 2385 12441
f 12442 4654 12436
f 12442 2386 2385
f 12442 12436 12444
f 12442 12444 12443
f 12442 12443 12437
f 12442 4657 4654
f 12441 2384 12440
f 12441 12440 4658
f 12441 2385 2384
f 12441 4658 4657
f 12452 12434 12435
f 12444 12454 12455
f 12436 4651 12453
f 12436 4646 4651
f 12452 12432 2491
f 12452 4662 12430
f 12452 12451 4664
f 12452 2492 12451
f 12452 4664 4663
f 12452 4663 4662
f 12452 2491 2492
f 12452 12435 12432
f 12440 2384 12439
f 12452 12430 12434
f 12451 2500 12450
f 12451 12450 4664
f 12451 2492 2500
f 12450 2500 12447
f 12450 12447 4665
f 12450 4665 4664
f 12447 2487 12446
f 12447 12445 4666
f 12447 4666 4665
f 12447 12446 12449
f 12419 12430 12429
f 12433 12432 12435
f 12433 12435 12434
f 12433 12434 12430
f 12433 12422 12417
f 12433 12421 12422
f 12433 12418 12421
f 3843 12431 12416
f 3843 2494 12431
f 12416 12432 12417
f 12416 12431 12432
f 12418 12430 12419
f 12419 12429 4661
f 12433 12430 12418
f 4661 12429 4659
f 4311 12408 12428
f 4311 12428 2378
f 12408 12409 12427
f 12408 12427 12428
f 12409 12413 12426
f 12409 12426 12427
f 12413 12414 12425
f 12413 12425 12426
f 12414 12411 12424
f 12414 12424 12425
f 12438 12427 12426
f 12440 12439 4658
f 12439 12438 4656
f 12439 2384 12438
f 12439 4656 4658
f 12438 2379 12427
f 12438 12424 4653
f 12438 2384 2383
f 12438 2383 2379
f 12438 4653 4656
f 12438 12425 12424
f 12438 12426 12425
f 12444 12453 12454
f 2368 2375 12437
f 2375 2386 12437
f 12436 4654 4655
f 12436 4655 4646
f 2379 12428 12427
f 2379 2378 12428
f 4653 12424 4652
f 12424 12423 4652
f 4652 12423 4647
f 12423 4648 4647
f 12433 12417 12432
f 12478 12474 12477
f 12483 12479 12478
f 12482 12478 12477
f 12482 12477 12481
f 12481 12477 4673
f 12481 4673 4671
f 12481 4671 4669
f 12480 12476 12479
f 12480 2412 12476
f 12480 2407 2412
f 12479 12474 12478
f 12479 12476 12475
f 12479 12475 12474
f 12483 12478 12482
f 12477 12474 12473
f 12477 12473 4675
f 12477 4675 4673
f 12476 12472 12471
f 12476 2416 12472
f 12476 2412 2416
f 12476 12471 12475
f 12475 12471 12470
f 12475 12470 12474
f 12474 12470 12473
f 12473 12470 12469
f 12487 12448 12449
f 12488 12483 12487
f 12488 12487 12449
f 12488 12484 12483
f 12488 2403 12484
f 12488 2398 2399
f 12488 2399 2403
f 12488 12446 2398
f 12488 12449 12446
f 12487 12486 12448
f 12487 12482 12486
f 12487 12483 12482
f 12473 12469 4677
f 12486 12482 12485
f 12486 12485 12445
f 12486 12445 12448
f 12485 12482 12481
f 12485 12481 4669
f 12485 4669 4660
f 12485 4660 12445
f 12484 2407 12480
f 12484 12480 12483
f 12484 2403 2407
f 12483 12480 12479
f 12459 12455 12454
f 12463 12458 12462
f 12463 12459 12458
f 12462 12457 12461
f 12462 12458 12457
f 12461 12457 4683
f 12461 4683 4681
f 12461 4681 4679
f 12460 12455 12459
f 12460 2392 12456
f 12460 12456 12455
f 12459 12454 12458
f 12464 2423 2392
f 12458 12453 12457
f 12458 12454 12453
f 12457 4651 4683
f 12457 12453 4651
f 2392 2369 12456
f 2368 12437 12456
f 2368 12456 2369
f 12437 12443 12455
f 12437 12455 12456
f 12443 12444 12455
f 12444 12436 12453
f 12468 12464 12463
f 12473 4677 4675
f 12472 12467 12471
f 12472 12468 12467
f 12472 2420 12468
f 12472 2416 2420
f 12471 12466 12470
f 12471 12467 12466
f 12470 12465 12469
f 12470 12466 12465
f 12469 12465 4679
f 12469 4679 4677
f 12411 12410 12423
f 12468 2423 12464
f 12468 12463 12467
f 12468 2420 2423
f 12467 12462 12466
f 12467 12463 12462
f 12466 12462 12461
f 12466 12461 12465
f 12465 12461 4679
f 12464 12459 12463
f 12464 2392 12460
f 12464 12460 12459
f 12381 3317 12373
f 6608 15 12365
f 6608 6607 15
f 6607 16 13
f 6607 13 15
f 12363 4305 12362
f 12363 8 4305
f 12362 4305 4307
f 4305 8 4308
f 8 5 4308
f 4308 5 7
f 12381 12374 6541
f 12381 6538 12380
f 12364 6608 12365
f 12381 12380 12379
f 12381 12379 12378
f 12381 12378 3317
f 12381 6541 6538
f 12381 12373 12383
f 12381 12383 12382
f 12381 12382 12374
f 12380 6545 12377
f 12380 12377 12379
f 12380 6538 6540
f 12380 6540 6545
f 3845 12372 3315
f 4685 6550 12389
f 12389 6550 12388
f 6550 6549 12388
f 12387 3835 12386
f 12387 3838 3835
f 6547 6544 12374
f 12386 3835 3834
f 6544 12375 12374
f 6544 6539 12375
f 3844 12373 3845
f 12373 12372 3845
f 12379 12377 12378
f 12385 12365 15
f 12385 15 12384
f 12385 8 12363
f 12385 12384 8
f 12385 12368 12365
f 12385 12367 12368
f 12385 12363 12367
f 12384 15 22
f 12384 22 21
f 12384 21 8
f 6609 6608 12364
f 12369 6613 12366
f 12371 12311 6616
f 12371 6615 12369
f 12371 12370 12307
f 12371 6616 6615
f 12371 12309 12311
f 12371 12307 12309
f 12370 4445 12303
f 12370 12369 4453
f 12370 4453 4448
f 12370 4448 4445
f 12370 12305 12307
f 12370 12303 12305
f 12371 12369 12370
f 12369 12366 4454
f 12369 4454 4453
f 12369 6615 6614
f 12369 6614 6613
f 12366 6612 12365
f 12366 12363 4450
f 12366 4450 4454
f 12366 12365 12368
f 12366 12368 12367
f 12366 12367 12363
f 12366 6613 6612
f 12376 12324 12314
f 12378 12377 12376
f 12378 12376 3319
f 12378 3319 3317
f 12377 6545 12318
f 12377 12322 12376
f 12377 12320 12322
f 12377 12318 12320
f 12376 12314 3312
f 12376 3312 3311
f 12376 3311 3320
f 12376 3320 3319
f 12390 12374 12382
f 12376 12322 12324
f 6539 6543 12375
f 6543 6542 12375
f 12375 6542 12374
f 6542 6541 12374
f 12373 3317 12372
f 6545 12316 12318
f 6545 6546 12316
f 12372 3317 3316
f 12372 3316 3315
f 12314 3313 3312
f 12412 4310 4315
f 3832 12406 3829
f 12415 12394 6537
f 12415 4317 12397
f 12415 12412 4315
f 12415 6536 12412
f 12415 4315 4317
f 12415 6537 6536
f 12415 12395 12394
f 12415 12396 12395
f 12415 12397 12396
f 12412 6535 12411
f 12412 12409 4310
f 12404 12406 3832
f 12412 12411 12414
f 12412 12414 12413
f 12412 12413 12409
f 12412 6536 6535
f 4722 6537 12393
f 12393 6537 12394
f 6535 4649 12410
f 6535 12410 12411
f 12397 4317 12398
f 12398 4317 4319
f 12409 12408 4310
f 12420 3832 3836
f 12411 12423 12424
f 12410 4648 12423
f 12410 4649 4648
f 12420 12418 6531
f 12420 6533 12402
f 12420 3839 12417
f 12420 12404 3832
f 12420 6531 6533
f 12420 12417 12422
f 12420 12422 12421
f 12420 12421 12418
f 4310 12408 4311
f 12420 3836 3839
f 12420 12405 12404
f 12420 12403 12405
f 12420 12402 12403
f 4661 6506 12419
f 12419 6506 12418
f 6506 6531 12418
f 6533 12401 12402
f 6533 4686 12401
f 12417 3839 12416
f 12416 3839 3843
f 12390 6547 12374
f 12398 2 12397
f 2 4 12397
f 12397 4 12396
f 4 18 12396
f 12395 11 12394
f 12395 19 11
f 12394 10 12393
f 12394 11 10
f 12393 12 4722
f 12393 10 12
f 12390 12388 6549
f 3 2 12398
f 12390 3838 12387
f 12390 12373 3844
f 12390 6549 6548
f 12390 6548 6547
f 12390 12387 12392
f 12390 12392 12391
f 12390 12391 12388
f 12390 3844 3841
f 12390 3841 3838
f 12390 12383 12373
f 12390 12382 12383
f 12391 12403 12402
f 12407 12392 12405
f 12407 12403 12391
f 12407 12405 12403
f 12407 12391 12392
f 3834 3829 12386
f 3829 12406 12386
f 12386 12406 12387
f 12406 12404 12387
f 12387 12404 12392
f 12404 12405 12392
f 12391 12402 12388
f 12217 6423 6422
f 12388 12401 12389
f 12388 12402 12401
f 12389 4686 4685
f 12389 12401 4686
f 12400 12396 18
f 12400 19 12395
f 12400 18 12399
f 12400 12399 19
f 12400 12395 12396
f 12399 18 19
f 4319 3 12398
f 12018 12019 12016
f 12023 12012 12004
f 12022 4744 4742
f 12022 12004 4744
f 12021 4726 4725
f 2435 2434 12005
f 12018 12016 6295
f 12018 12017 4327
f 12018 4330 12014
f 12018 6294 12017
f 12018 6295 6294
f 12018 12014 12020
f 12018 12020 12019
f 12023 12004 12022
f 12018 4327 4330
f 12017 6293 11997
f 12017 11999 4324
f 12017 6294 6293
f 12017 4324 4327
f 12017 12000 11999
f 12017 11998 12000
f 12017 11997 11998
f 4762 6295 12015
f 12015 6295 12016
f 6293 11996 11997
f 12029 2439 2435
f 12033 2439 12029
f 12033 2443 2439
f 12032 12027 12031
f 12032 12028 12027
f 12031 12027 12026
f 12031 12026 12030
f 12030 12026 4740
f 12030 4740 4738
f 12029 12025 12024
f 12029 2435 12025
f 12029 12024 12028
f 6293 4763 11996
f 12028 12024 12023
f 12028 12023 12027
f 12027 12023 12022
f 12027 12022 12026
f 12026 12022 4742
f 12026 4742 4740
f 12025 12011 12024
f 12025 2435 12005
f 12025 12005 12011
f 12024 12012 12023
f 12024 12011 12012
f 11990 11989 4750
f 12006 11990 4750
f 12006 2481 2473
f 12006 4750 4749
f 12006 11995 11990
f 12006 11994 11995
f 12006 11992 11994
f 2434 2469 12005
f 2469 2484 12005
f 12004 4745 4746
f 12004 4746 4744
f 2473 11991 11992
f 2473 2472 11991
f 12006 2473 11992
f 4750 11989 4751
f 11989 4752 4751
f 12003 11988 12002
f 12003 12002 11987
f 12003 11987 11988
f 12002 11988 12000
f 12002 11998 11987
f 12002 12000 11998
f 4326 12001 11981
f 4326 4322 12001
f 11981 11999 11982
f 12010 12011 12005
f 12014 4330 12013
f 12013 4330 4335
f 11999 12001 4324
f 4324 12001 4322
f 12010 12005 2484
f 12010 12009 4747
f 12010 2483 12009
f 12010 4745 12004
f 12010 2484 2483
f 12010 12004 12012
f 12010 12012 12011
f 12033 12028 12032
f 12010 4747 4745
f 12009 2482 12008
f 12009 12008 4748
f 12009 2483 2482
f 12009 4748 4747
f 12008 2482 12007
f 12008 12007 4748
f 12007 12006 4749
f 12007 2481 12006
f 12007 2482 2481
f 12007 4749 4748
f 12055 12054 12021
f 12061 4761 4762
f 12061 4762 12015
f 12059 12052 12058
f 12059 12058 12057
f 12059 12053 12052
f 12059 2463 12053
f 12059 2367 2467
f 12059 2467 2463
f 12059 12057 12060
f 12059 12060 2367
f 12058 12052 12055
f 12058 12055 12057
f 12062 12015 12016
f 12055 12050 12054
f 12055 12051 12050
f 12055 12052 12051
f 12055 12021 12056
f 12055 12056 12057
f 12054 4726 12021
f 12054 12050 4728
f 12054 4728 4726
f 12053 12049 12052
f 12053 2463 2459
f 12053 2459 12049
f 12067 2367 12060
f 4755 12070 4756
f 12070 4754 4756
f 4754 12070 12021
f 4754 12021 4725
f 12070 12069 12056
f 12070 12056 12021
f 12069 12068 12057
f 12069 12057 12056
f 12068 12067 12060
f 12068 12060 12057
f 12067 2348 2367
f 12052 12047 12051
f 2354 12066 12013
f 2354 12013 4335
f 12066 12065 12014
f 12066 12014 12013
f 12065 12064 12020
f 12065 12020 12014
f 12064 12063 12019
f 12064 12019 12020
f 12063 12062 12016
f 12063 12016 12019
f 12062 12061 12015
f 12037 12032 12036
f 12042 12038 4734
f 12042 4734 4732
f 12041 2451 12037
f 12041 12036 12040
f 12041 12037 12036
f 12040 12035 12039
f 12040 12036 12035
f 12039 12035 12034
f 12039 12034 12038
f 12038 12034 4736
f 12038 4736 4734
f 12043 12040 12039
f 12037 12033 12032
f 12037 2443 12033
f 12037 2451 2447
f 12037 2447 2443
f 12036 12031 12035
f 12036 12032 12031
f 12035 12031 12034
f 12034 12030 4738
f 12034 12031 12030
f 12034 4738 4736
f 12033 12029 12028
f 12048 12044 12043
f 12052 12049 12048
f 12052 12048 12047
f 12051 12047 12050
f 12050 12047 12046
f 12050 12046 4730
f 12050 4730 4728
f 12049 12044 12048
f 12049 2455 12045
f 12049 2459 2455
f 12049 12045 12044
f 12048 12043 12047
f 11981 12001 11999
f 12047 12043 12046
f 12046 12043 12042
f 12046 4732 4730
f 12046 12042 4732
f 12045 2455 2451
f 12045 2451 12041
f 12045 12041 12040
f 12045 12040 12044
f 12044 12040 12043
f 12043 12039 12038
f 12043 12038 12042
f 11956 11865 6235
f 11884 11886 11961
f 11884 11961 11962
f 11886 11888 11961
f 11888 11890 11960
f 11888 11960 11961
f 11890 11892 11959
f 11890 11959 11960
f 11892 11894 11958
f 11892 11958 11959
f 11894 4379 11957
f 11894 11957 11958
f 4379 4456 11957
f 6180 11962 6247
f 11956 6242 11953
f 11956 11953 11871
f 11956 6235 6240
f 11956 6240 6242
f 11956 11866 11865
f 11956 11872 11866
f 11956 11871 11872
f 11953 6244 11952
f 11953 3813 11864
f 11953 11950 3815
f 11953 3815 3814
f 3828 11949 11968
f 26 4460 24
f 26 4461 4460
f 6249 11962 11961
f 6249 6247 11962
f 24 4460 25
f 11957 4456 4459
f 11969 11966 11954
f 11969 11955 11965
f 11969 11965 11966
f 11969 11954 11955
f 3826 3828 11968
f 11953 3814 3813
f 11968 11949 11967
f 11949 11950 11967
f 11967 11950 11966
f 11950 11954 11966
f 11965 11952 11964
f 11965 11955 11952
f 11964 11951 11963
f 11964 11952 11951
f 11963 4771 4770
f 11963 11951 4771
f 6180 11884 11962
f 11944 11938 11943
f 11947 11941 11940
f 11947 11946 11878
f 11946 11940 11945
f 11946 11945 11879
f 11946 11879 11878
f 11945 11944 11882
f 11945 11939 11938
f 11945 11940 11939
f 11945 11938 11944
f 11945 11882 11879
f 11944 11943 11869
f 11944 11869 11882
f 11947 11940 11946
f 11943 6225 11868
f 11943 11937 6223
f 11943 11938 11937
f 11943 6223 6225
f 11943 11868 11869
f 11942 11935 11941
f 11942 4390 11936
f 11942 4387 4390
f 11942 11936 11935
f 11941 11935 11934
f 11941 11934 11940
f 6245 11951 11952
f 11953 11952 11955
f 11953 11955 11954
f 11953 11954 11950
f 11953 6242 6244
f 11953 11864 11871
f 6173 6235 11865
f 11864 3812 11863
f 11864 3813 3812
f 6244 6245 11952
f 11863 3812 3792
f 6245 4771 11951
f 33 6252 34
f 3815 11950 3816
f 11950 11949 3816
f 3816 11949 3828
f 11948 11941 11947
f 11948 11947 11878
f 11948 11942 11941
f 11948 3806 4384
f 11948 4384 4387
f 11948 4387 11942
f 11948 11867 3806
f 11948 11878 11867
f 11985 44 43
f 11986 11984 6256
f 11986 6255 11985
f 11986 4329 11982
f 11986 11985 4329
f 11986 6256 6255
f 11986 11982 11988
f 11986 11988 11987
f 11986 11987 11984
f 11985 6255 35
f 11985 30 4332
f 11985 4332 4329
f 11985 35 44
f 4752 11976 4753
f 11985 43 30
f 4767 6256 11983
f 11983 6256 11984
f 6255 38 37
f 6255 37 35
f 11982 4329 11981
f 11981 4329 4326
f 30 27 4332
f 4332 27 29
f 11978 11964 6261
f 11978 6259 11977
f 11993 11995 11994
f 11982 12000 11988
f 11982 11999 12000
f 11987 11998 11984
f 11998 11997 11984
f 11984 11997 11983
f 11997 11996 11983
f 11983 11996 4767
f 11996 4763 4767
f 11993 11992 11975
f 11993 11977 11990
f 11993 11990 11995
f 11978 3824 11967
f 11993 11994 11992
f 11993 11980 11977
f 11993 11979 11980
f 11993 11975 11979
f 2472 11974 11991
f 2472 3818 11974
f 11991 11975 11992
f 11991 11974 11975
f 11990 11977 11989
f 11989 11976 4752
f 11989 11977 11976
f 11971 6248 6249
f 11973 6251 6250
f 11973 26 41
f 11973 41 40
f 11973 40 34
f 11973 4463 4461
f 11972 11971 11970
f 11972 6248 11971
f 11972 11970 4463
f 11972 6250 6248
f 11971 6249 11961
f 11971 11959 11970
f 11973 6252 6251
f 11971 11960 11959
f 11971 11961 11960
f 11970 11957 4459
f 11970 4459 4458
f 11970 4458 4464
f 11970 4464 4463
f 11970 11958 11957
f 11970 11959 11958
f 32 6254 33
f 6254 6253 33
f 6253 6252 33
f 11963 6257 11964
f 11978 11975 3817
f 11978 3817 3822
f 11978 3822 3824
f 11978 11977 11980
f 11978 11980 11979
f 11978 11979 11975
f 11978 6261 6259
f 11978 11965 11964
f 11978 11966 11965
f 11978 11967 11966
f 4770 6257 11963
f 2347 2348 12067
f 6257 6261 11964
f 6259 4753 11976
f 6259 11976 11977
f 11967 3824 11968
f 11968 3824 3826
f 11975 11974 3817
f 3817 11974 3818
f 11973 34 6252
f 11973 4461 26
f 11973 6250 11972
f 11973 11972 4463
f 12175 6324 12167
f 12178 2356 2351
f 6404 12164 12163
f 6404 6403 12164
f 12177 2351 2350
f 12159 2346 2345
f 12176 12147 6331
f 12176 6331 12175
f 12176 12175 12174
f 12176 12174 12173
f 12176 12173 12153
f 12176 12150 12147
f 12176 12153 12150
f 12178 2351 12177
f 12175 12172 12174
f 12175 12167 12172
f 12175 6331 6327
f 12175 6327 6325
f 12175 6325 6324
f 12174 2475 12173
f 12174 12172 2475
f 12173 2470 12141
f 12173 2475 2474
f 12173 2474 2470
f 12173 12156 12153
f 12182 12162 12161
f 12184 12178 12186
f 12184 12186 12185
f 12184 12185 12180
f 12184 2357 2356
f 12183 12182 12181
f 12183 6402 12182
f 12183 12181 2357
f 12183 6408 6402
f 12182 6404 12163
f 12182 12161 12181
f 12182 6402 6404
f 12173 12141 12156
f 12182 12163 12162
f 12181 12159 2345
f 12181 2345 2359
f 12181 2359 2358
f 12181 2358 2357
f 12181 12160 12159
f 12181 12161 12160
f 6406 6411 12179
f 6411 6410 12179
f 6410 6409 12179
f 12179 6409 12180
f 12158 12156 12141
f 12082 12084 12161
f 12082 12161 12162
f 12084 12086 12160
f 12084 12160 12161
f 12086 12075 12159
f 12086 12159 12160
f 12075 2346 12159
f 12075 2364 2346
f 12158 2430 12157
f 12158 12141 2427
f 12158 12157 12156
f 12158 2427 2430
f 12080 12162 12163
f 12157 12154 12156
f 12157 12138 12154
f 12157 2430 2431
f 12157 12139 12138
f 12157 2431 12139
f 12155 12156 12154
f 12155 12154 12153
f 12155 12153 12156
f 12154 12151 12153
f 12154 12138 12151
f 12152 12151 12150
f 12144 6331 12147
f 12172 12168 2475
f 12172 12171 12168
f 12172 12167 12171
f 12168 12165 2478
f 12168 2478 2476
f 12168 2476 2477
f 12168 2477 2475
f 12168 12171 12170
f 12168 12170 12169
f 12168 12169 12165
f 6333 6331 12144
f 12184 6407 6408
f 6324 6323 12167
f 12141 2470 2428
f 6323 6320 12166
f 6323 12166 12167
f 6320 6322 12166
f 12165 2479 2478
f 6396 12078 12164
f 6396 12164 6403
f 12078 12080 12163
f 12078 12163 12164
f 12080 12082 12162
f 12201 3830 12187
f 4321 4320 12207
f 4619 12206 4620
f 12206 12205 12189
f 12206 12189 4620
f 12205 12204 12190
f 12205 12190 12189
f 12204 12203 12193
f 12204 12193 12190
f 12203 12202 12192
f 12203 12192 12193
f 12202 12201 12188
f 12202 12188 12192
f 12194 12207 12208
f 12201 12187 12188
f 3830 3827 12187
f 12198 12196 6399
f 12198 6401 12180
f 12198 4325 12195
f 12198 12178 4331
f 12198 6399 6400
f 12198 6400 6401
f 12198 12195 12200
f 12198 12200 12199
f 12198 12199 12196
f 4645 12197 4644
f 12217 12202 12203
f 4619 6425 12206
f 12202 3831 12201
f 12202 3833 3831
f 6422 6419 12216
f 12201 3831 3830
f 6419 6413 12215
f 6419 12215 12216
f 3840 12214 3842
f 12214 12213 3842
f 3842 12213 2489
f 12198 4331 4328
f 12197 12196 12212
f 12197 12212 4644
f 12196 12199 12211
f 12196 12211 12212
f 12199 12200 12210
f 12199 12210 12211
f 12200 12195 12209
f 12200 12209 12210
f 12195 12194 12208
f 12195 12208 12209
f 12194 4321 12207
f 6300 6296 12190
f 12191 12192 12188
f 12191 6307 6305
f 12191 6305 6300
f 12191 12171 12167
f 12191 12170 12171
f 12191 12169 12170
f 6322 6314 12166
f 12166 6314 12167
f 6314 6307 12167
f 12169 3820 12165
f 12169 3819 3820
f 12191 12193 12192
f 12165 3820 2479
f 6296 4620 12189
f 6296 12189 12190
f 3823 12188 3825
f 12188 12187 3825
f 3825 12187 3827
f 12184 12180 6409
f 12184 2356 12178
f 12184 6408 12183
f 12184 12183 2357
f 12184 6409 6407
f 6405 12179 12180
f 12198 4328 4325
f 12198 12186 12178
f 12198 12185 12186
f 12198 12180 12185
f 4645 6398 12197
f 12197 6398 12196
f 6398 6399 12196
f 12195 4323 12194
f 12195 4325 4323
f 6401 6405 12180
f 12194 4323 4321
f 12152 12153 12151
f 6405 6406 12179
f 4331 12178 4334
f 12178 12177 4334
f 4334 12177 2350
f 12191 12167 6307
f 12191 6300 12190
f 12191 3819 12169
f 12191 12188 3823
f 12191 3823 3821
f 12191 3821 3819
f 12191 12190 12193
f 12095 12088 12094
f 12100 6373 6371
f 12099 12093 12092
f 12099 2465 12093
f 12099 2461 2465
f 12099 12092 12098
f 12098 12092 12091
f 12098 12091 12097
f 12097 12091 12090
f 12097 12090 12096
f 12096 12089 12095
f 12096 12090 12089
f 12095 12089 12088
f 12100 12094 6373
f 12094 12088 6383
f 12094 6383 6373
f 12093 12087 12085
f 12093 12085 12092
f 12093 2432 12087
f 12093 2465 2432
f 12092 12085 12083
f 12092 12083 12091
f 12091 12081 12090
f 12091 12083 12081
f 12090 12081 12079
f 12105 2461 12099
f 12111 2457 12105
f 12110 12104 12109
f 12109 12103 12102
f 12109 12102 12108
f 12109 12104 12103
f 12108 12101 12107
f 12108 12102 12101
f 12107 12101 12100
f 12107 12100 12106
f 12106 12100 6371
f 12106 6371 6366
f 12090 12079 12089
f 12105 12098 12104
f 12105 2457 2461
f 12105 12099 12098
f 12104 12097 12103
f 12104 12098 12097
f 12103 12097 12096
f 12103 12096 12102
f 12102 12095 12101
f 12102 12096 12095
f 12101 12095 12094
f 12101 12094 12100
f 12071 4755 4757
f 12074 4759 4760
f 12074 2353 2363
f 12074 12064 12065
f 12074 12063 12064
f 12074 12062 12063
f 12073 2362 12072
f 12073 12072 4758
f 12073 2363 2362
f 12072 12071 4758
f 12072 2362 12071
f 12071 2361 12067
f 12071 12070 4755
f 12074 4758 4759
f 12071 4757 4758
f 12071 12069 12070
f 12071 12068 12069
f 12071 12067 12068
f 12071 2362 2361
f 2354 2352 12066
f 12066 2352 12065
f 2352 2353 12065
f 12062 4760 12061
f 12061 4760 4761
f 2361 2347 12067
f 12081 12080 12079
f 12089 12077 12088
f 12089 12079 12077
f 12088 12077 6397
f 12088 6397 6383
f 12087 2432 12075
f 12087 12075 12086
f 12087 12086 12085
f 12085 12084 12083
f 12085 12086 12084
f 12083 12082 12081
f 12083 12084 12082
f 12111 2453 2457
f 12081 12082 12080
f 12079 12078 12077
f 12079 12080 12078
f 12077 6396 6397
f 12077 12078 6396
f 12076 6337 6298
f 2432 2364 12075
f 12074 12073 4758
f 12074 12065 2353
f 12074 4760 12062
f 12074 2363 12073
f 12137 12135 12136
f 2428 2427 12141
f 12140 12129 12128
f 12140 2441 12129
f 12140 2431 2437
f 12140 2437 2441
f 12140 12128 12137
f 12140 12137 12139
f 12140 12139 2431
f 12137 12127 12135
f 12137 12128 12127
f 12137 12136 12138
f 12137 12138 12139
f 12142 12132 12076
f 12135 12126 12133
f 12135 12134 12136
f 12135 12133 12134
f 12135 12127 12126
f 12133 12126 12125
f 12133 12131 12132
f 12133 12132 12134
f 12133 12125 12131
f 12131 12130 12076
f 12131 12125 12124
f 12131 12076 12132
f 12146 12145 12144
f 12152 12150 12153
f 12151 12148 12150
f 12151 12134 12148
f 12151 12136 12134
f 12151 12138 12136
f 12149 12150 12148
f 12149 12148 12147
f 12149 12147 12150
f 12148 12145 12147
f 12148 12134 12145
f 12146 12147 12145
f 12131 12124 12130
f 12146 12144 12147
f 12145 12132 12142
f 12145 12142 12144
f 12145 12134 12132
f 12143 12142 6297
f 12143 12144 12142
f 12143 6333 12144
f 12143 6297 6336
f 12143 6336 6333
f 12142 6298 6297
f 12142 12076 6298
f 12116 12111 12110
f 12120 12113 12119
f 12120 12114 12113
f 12119 12112 12118
f 12119 12113 12112
f 12118 12112 6360
f 12118 6360 6354
f 12117 12111 12116
f 12117 2453 12111
f 12117 2445 2449
f 12117 2449 2453
f 12116 12109 12115
f 12121 12115 12114
f 12116 12110 12109
f 12115 12108 12114
f 12115 12109 12108
f 12114 12108 12107
f 12114 12107 12113
f 12113 12107 12112
f 12112 12107 12106
f 12112 12106 6366
f 12112 6366 6360
f 12111 12104 12110
f 12111 12105 12104
f 12126 12121 12120
f 12130 6337 12076
f 12130 12124 6347
f 12130 6347 6337
f 12129 12123 12122
f 12129 2445 12123
f 12129 2441 2445
f 12129 12122 12128
f 12128 12121 12127
f 12128 12122 12121
f 12127 12121 12126
f 12126 12119 12125
f 11423 11417 11416
f 12126 12120 12119
f 12125 12118 12124
f 12125 12119 12118
f 12124 12118 6354
f 12124 6354 6347
f 12123 12117 12122
f 12123 2445 12117
f 12122 12117 12116
f 12122 12116 12115
f 12122 12115 12121
f 12121 12114 12120
f 10687 2059 10681
f 113 112 10695
f 10695 112 10694
f 112 114 10694
f 10694 114 10693
f 114 128 10693
f 10692 121 10691
f 10692 129 121
f 10691 120 10690
f 10691 121 120
f 10690 122 5099
f 10690 120 122
f 10687 10683 7649
f 4262 113 10695
f 10687 7653 10686
f 10687 10686 2067
f 10687 7649 7651
f 10687 7651 7653
f 10687 10681 10689
f 10687 10689 10688
f 10687 10688 10683
f 10687 2067 2059
f 10686 10685 10684
f 10686 7639 10685
f 10686 10684 2067
f 10698 3986 3985
f 10702 3995 3992
f 10702 3992 3989
f 10702 10689 10681
f 10702 10688 10689
f 10702 10683 10688
f 5100 7633 10701
f 10701 7633 10700
f 7633 7634 10700
f 10699 3986 10698
f 10699 3989 3986
f 7636 7638 10683
f 10686 7653 7639
f 7638 10682 10683
f 7638 7643 10682
f 3995 10681 3996
f 10681 10680 3996
f 3996 10680 2057
f 10697 10693 128
f 10697 129 10692
f 10697 128 10696
f 10697 10696 129
f 10697 10692 10693
f 10696 128 129
f 7637 123 125
f 10679 10678 118
f 10679 10665 10660
f 10679 10664 10665
f 10679 10657 10664
f 10678 125 132
f 10678 132 131
f 10678 131 118
f 7644 7642 10658
f 10658 7642 10660
f 7642 125 10660
f 7642 7637 125
f 7637 126 123
f 10679 118 10657
f 10657 4263 10656
f 10657 118 4263
f 10656 4263 2041
f 4263 118 4264
f 118 115 4264
f 4264 115 117
f 7657 10661 7640
f 10661 10662 10677
f 10661 10677 7640
f 10662 10671 10676
f 10662 10676 10677
f 7643 7645 10682
f 10685 7641 10676
f 10685 10674 10684
f 10685 7639 7641
f 10685 10675 10674
f 10685 10676 10675
f 10684 10672 2055
f 10684 2055 2054
f 10684 2054 2068
f 10684 2068 2067
f 10684 10673 10672
f 10684 10674 10673
f 10702 10703 10700
f 7645 7647 10682
f 7647 7649 10682
f 10682 7649 10683
f 10681 2058 10680
f 10681 2059 2058
f 7641 10677 10676
f 7641 7640 10677
f 10680 2058 2057
f 10672 2053 2055
f 10679 10660 125
f 10679 125 10678
f 10706 10725 10726
f 5080 7659 10729
f 10729 7659 10730
f 7663 10713 10714
f 7663 5101 10713
f 10728 3990 10727
f 10727 3990 3994
f 10716 10718 3983
f 3983 10718 3981
f 4255 10705 10726
f 4255 10726 3427
f 10705 10706 10726
f 10706 10710 10725
f 10731 10714 10715
f 10710 10711 10724
f 10710 10724 10725
f 10711 10708 10723
f 10711 10723 10724
f 10708 10707 10722
f 10708 10722 10723
f 10707 5089 10721
f 10707 10721 10722
f 5089 5090 10721
f 10720 10704 10719
f 10720 10719 10703
f 10732 7661 10731
f 10735 5094 5095
f 10735 5095 5088
f 3428 10726 10725
f 3428 3427 10726
f 5093 10722 5092
f 10722 10721 5092
f 5092 10721 5091
f 10721 5090 5091
f 10732 10730 7659
f 10732 10731 3987
f 10732 3990 10728
f 10720 10703 10704
f 10732 7659 7661
f 10732 10728 10734
f 10732 10734 10733
f 10732 10733 10730
f 10732 3987 3990
f 10731 7663 10714
f 10731 10716 3983
f 10731 7661 7663
f 10731 3983 3987
f 10731 10717 10716
f 10731 10715 10717
f 10694 4260 10695
f 10709 7660 10708
f 10709 10706 4256
f 10709 4256 4258
f 10709 10708 10711
f 10709 10711 10710
f 10709 10710 10706
f 10709 7662 7660
f 5099 7664 10690
f 10690 7664 10691
f 7660 5089 10707
f 7660 10707 10708
f 10712 10694 10693
f 10695 4260 4262
f 10706 10705 4256
f 4256 10705 4255
f 10702 10700 7634
f 10702 7636 10683
f 10702 3989 10699
f 10702 10681 3995
f 10702 7634 7635
f 10702 7635 7636
f 10702 10699 10704
f 10702 10704 10703
f 10700 10714 10701
f 10719 10704 10717
f 10719 10715 10703
f 10719 10717 10715
f 3985 10718 10698
f 3985 3981 10718
f 10698 10716 10699
f 10698 10718 10716
f 10699 10717 10704
f 10699 10716 10717
f 10703 10715 10700
f 10715 10714 10700
f 10671 10669 10675
f 10714 10713 10701
f 10701 10713 5100
f 10713 5101 5100
f 10712 10691 7664
f 10712 4260 10694
f 10712 10709 4258
f 10712 7662 10709
f 10712 4258 4260
f 10712 7664 7662
f 10712 10692 10691
f 10712 10693 10692
f 10633 4566 4563
f 7529 7527 10623
f 7527 7525 10624
f 7527 10624 10623
f 10636 1974 1948
f 7525 7523 10624
f 10622 10621 1978
f 1978 10621 1976
f 10621 1979 1976
f 10633 10614 7513
f 10633 7515 10632
f 10633 4560 10616
f 10633 10630 4566
f 10637 7535 10638
f 10633 4563 4560
f 10633 10632 10635
f 10633 10635 10634
f 10633 10634 10630
f 10633 7513 7514
f 10633 7514 7515
f 10633 10615 10614
f 10633 10617 10615
f 10633 10616 10617
f 5151 7512 10613
f 10613 7512 10614
f 10640 7534 7533
f 10644 7535 7534
f 10644 10643 10645
f 10644 10645 10638
f 10641 10640 1984
f 10641 1974 10636
f 10641 10636 10642
f 10641 10642 10643
f 10641 1984 1975
f 10641 1975 1974
f 10640 7531 10639
f 10640 10639 1985
f 7512 7513 10614
f 10640 7533 7531
f 10640 1985 1984
f 10639 7529 10623
f 10639 10622 1978
f 10639 7531 7529
f 10639 1978 1985
f 10639 10628 10622
f 10639 10627 10628
f 10639 10623 10627
f 7536 7537 10637
f 7537 7535 10637
f 10619 10608 10609
f 7516 145 147
f 10622 2822 10621
f 10622 140 2822
f 10621 2822 1979
f 2822 140 2823
f 140 137 2823
f 2823 137 139
f 10620 10617 10619
f 10620 10619 10615
f 10620 10615 10617
f 10619 10617 10608
f 10619 10609 10615
f 7516 148 145
f 4556 10603 10618
f 4556 4552 10603
f 10618 10604 10616
f 10618 10603 10604
f 10616 10608 10617
f 10616 10604 10608
f 10615 10609 10614
f 10609 10606 10614
f 10614 10606 10613
f 10606 10605 10613
f 10613 10605 5151
f 10626 147 10625
f 10616 4557 10618
f 10616 4560 4557
f 7515 7517 10632
f 10618 4557 4556
f 7517 7522 10631
f 7517 10631 10632
f 4566 10630 4567
f 10630 10629 4567
f 4567 10629 1953
f 10626 10623 147
f 10626 10625 140
f 10644 10641 10643
f 10626 140 10622
f 10626 10622 10628
f 10626 10628 10627
f 10626 10627 10623
f 10625 147 154
f 10625 154 153
f 10625 153 140
f 7523 7521 10624
f 10624 7521 10623
f 7521 147 10623
f 7521 7516 147
f 7650 7648 10660
f 10666 7654 7652
f 10666 2047 2046
f 10663 7650 10660
f 10663 10657 2040
f 10663 7652 7650
f 10663 2040 2047
f 10663 10660 10665
f 10663 10665 10664
f 10663 10664 10657
f 7657 7658 10661
f 7658 7656 10661
f 10661 7656 10662
f 10666 7655 7654
f 7648 7646 10658
f 7648 10658 10660
f 10659 2034 2036
f 7646 7644 10658
f 10657 10656 2040
f 2040 10656 2038
f 10656 2041 2038
f 7536 10637 10647
f 7536 10647 7519
f 10637 10638 10647
f 10638 10645 10648
f 10670 10667 10669
f 10671 10675 10676
f 10669 10668 10674
f 10669 10674 10675
f 10668 10659 10673
f 10668 10673 10674
f 10659 2036 10672
f 10659 10672 10673
f 2036 2053 10672
f 10670 10666 10667
f 10670 10662 7656
f 10670 7655 10666
f 10638 10648 10647
f 10670 7656 7655
f 10670 10669 10671
f 10670 10671 10662
f 10667 10666 2046
f 10667 2034 10659
f 10667 10659 10668
f 10667 10668 10669
f 10667 2046 2037
f 10667 2037 2034
f 10666 7652 10663
f 10666 10663 2047
f 7524 7526 10631
f 10652 7520 10648
f 10652 10648 10653
f 10652 10653 10651
f 10652 7518 7520
f 10649 10646 1951
f 10649 1951 1950
f 10649 1950 1964
f 10649 1964 1963
f 10649 10651 10650
f 10649 10650 10646
f 7522 7524 10631
f 10652 10651 10649
f 7526 7528 10631
f 10631 7528 10632
f 10630 1954 10629
f 10630 1955 1954
f 7520 7519 10647
f 7520 10647 10648
f 10629 1954 1953
f 10646 1949 1951
f 10644 10640 10641
f 10644 10638 7535
f 10644 7534 10640
f 10655 1955 10630
f 10645 10643 10653
f 10645 10653 10648
f 10643 10642 10651
f 10643 10651 10653
f 10642 10636 10650
f 10642 10650 10651
f 10636 1948 10646
f 10636 10646 10650
f 1948 1949 10646
f 10655 10654 1963
f 10655 10632 7528
f 3424 3435 10736
f 10655 7532 10654
f 10655 1963 1955
f 10655 7528 7530
f 10655 7530 7532
f 10655 10635 10632
f 10655 10634 10635
f 10655 10630 10634
f 10654 10649 1963
f 10654 7518 10652
f 10654 10652 10649
f 10654 7532 7518
f 10817 4254 4253
f 10820 10817 10822
f 10820 10822 10821
f 10820 10821 10818
f 10820 4259 4257
f 10820 4257 4254
f 10820 10806 10805
f 10820 10807 10806
f 10820 10808 10807
f 7739 7737 10819
f 10819 7737 10818
f 7737 7732 10818
f 10817 4253 10816
f 10820 7730 7728
f 7728 7726 10808
f 10816 4253 3429
f 7726 10809 10808
f 7726 5075 10809
f 4259 10805 4261
f 10805 10804 4261
f 4261 10804 4252
f 5078 10815 10799
f 5078 10799 5076
f 10815 10814 10800
f 10815 10800 10799
f 7731 7733 10826
f 10827 10828 10824
f 10827 7727 7729
f 10827 7729 7731
f 10827 10813 10814
f 10827 10812 10813
f 10827 10811 10812
f 5078 7725 10815
f 10815 7725 10814
f 7725 7727 10814
f 10811 3982 10810
f 10811 3984 3982
f 10814 10813 10803
f 10810 3982 3980
f 7733 7738 10825
f 7733 10825 10826
f 3991 10824 3993
f 10824 10823 3993
f 3993 10823 3407
f 10820 10818 7732
f 10820 7728 10808
f 10820 4254 10817
f 10820 10805 4259
f 10820 7732 7730
f 10801 10781 10785
f 10801 7722 10800
f 10801 3970 10781
f 10801 10798 3974
f 10801 3974 3972
f 10801 3972 3970
f 10801 10800 10803
f 10801 10803 10802
f 10801 10802 10798
f 10801 7717 7719
f 10801 7719 7722
f 10801 10786 10783
f 10801 10785 10786
f 10801 10783 7717
f 7713 7715 10782
f 10782 7715 10783
f 7715 7717 10783
f 10781 3971 10780
f 10781 3970 3971
f 7722 7724 10800
f 10780 3971 1994
f 7724 5076 10799
f 7724 10799 10800
f 3974 10798 3976
f 10798 10797 3976
f 10793 10792 10808
f 10814 10803 10800
f 10813 10812 10802
f 10813 10802 10803
f 10812 10811 10798
f 10812 10798 10802
f 10811 10810 10797
f 10811 10797 10798
f 10810 3980 3978
f 10810 3978 10797
f 5077 10793 10809
f 5077 10809 5075
f 10827 10829 10828
f 10793 10808 10809
f 10792 10795 10807
f 10792 10807 10808
f 10795 10796 10806
f 10795 10806 10807
f 10796 10791 10805
f 10796 10805 10806
f 10791 10790 10804
f 10791 10804 10805
f 10790 4252 10804
f 10790 4250 4252
f 10846 7734 7736
f 10849 7746 7748
f 10849 10829 10826
f 10849 10828 10829
f 10849 10824 10828
f 10848 10843 3414
f 10848 7734 10846
f 10848 10846 10843
f 10848 7748 7734
f 10846 10845 10843
f 10846 7736 10842
f 10846 10842 10847
f 10846 10847 10845
f 10849 7744 7746
f 10843 10840 3402
f 10843 3402 3416
f 10843 3416 3415
f 10843 3415 3414
f 10843 10845 10844
f 10843 10844 10840
f 7738 7740 10825
f 7740 7742 10825
f 7742 7744 10825
f 10825 7744 10826
f 10824 3408 10823
f 10837 10836 10845
f 7680 7682 10852
f 10851 10850 3957
f 3957 10850 3955
f 10850 3958 3955
f 7752 10831 7735
f 10831 10832 10841
f 10831 10841 7735
f 10832 10839 10842
f 10832 10842 10841
f 10839 10837 10847
f 10839 10847 10842
f 10824 3413 3408
f 10837 10845 10847
f 10836 10830 10844
f 10836 10844 10845
f 10830 3423 10840
f 10830 10840 10844
f 3423 3403 10840
f 10849 10848 3414
f 10849 10826 7744
f 10849 3413 10824
f 10849 7748 10848
f 10849 3414 3413
f 10830 3425 3423
f 10833 7747 7745
f 10833 3440 3439
f 10833 10822 10817
f 10833 10821 10822
f 10833 10818 10821
f 7752 7753 10831
f 7753 7751 10831
f 10831 7751 10832
f 7745 7743 10818
f 7743 7741 10819
f 7743 10819 10818
f 10833 10817 3440
f 7741 7739 10819
f 10817 10816 3440
f 3440 10816 3430
f 10816 3429 3430
f 10827 10814 7727
f 10827 7731 10826
f 10827 3984 10811
f 10827 10824 3991
f 10827 3991 3988
f 10827 3988 3984
f 10827 10826 10829
f 10835 10834 3438
f 7736 7735 10841
f 7736 10841 10842
f 10823 3408 3407
f 10840 3403 3402
f 10838 10834 10835
f 10838 10832 7751
f 10838 7750 10834
f 10838 10835 10837
f 10838 7751 7750
f 10838 10837 10839
f 10838 10839 10832
f 3976 10797 3978
f 10835 3425 10830
f 10835 10830 10836
f 10835 10836 10837
f 10835 3438 3437
f 10835 3437 3425
f 10834 7747 10833
f 10834 10833 3439
f 10834 7750 7749
f 10834 7749 7747
f 10834 3439 3438
f 10833 7745 10818
f 10754 3419 3418
f 10756 3419 10755
f 10756 10755 5084
f 10756 3420 3419
f 10755 10754 5084
f 10755 3419 10754
f 10754 3418 10753
f 10754 10750 5086
f 10754 5086 5085
f 10754 5085 5084
f 10754 10751 10750
f 10754 10752 10751
f 10754 10753 10752
f 10757 10745 10746
f 3411 3409 10749
f 10749 3409 10748
f 3409 3410 10748
f 10745 5082 10744
f 10744 5082 5081
f 3418 3404 10753
f 3404 3405 10753
f 5086 10750 5087
f 10750 5079 5087
f 3421 10736 3405
f 10736 10742 10753
f 10760 10759 10761
f 7696 10768 10769
f 7696 10769 7700
f 10768 10766 10767
f 10768 10767 10769
f 10766 10764 10765
f 10766 10765 10767
f 10764 10762 10763
f 10764 10763 10765
f 10762 10760 10761
f 10762 10761 10763
f 10760 10758 10759
f 10736 10753 3405
f 10758 2008 10759
f 10758 1990 2008
f 10757 10756 5084
f 10757 10748 3410
f 10757 5082 10745
f 10757 3420 10756
f 10757 5084 5083
f 10757 5083 5082
f 10757 3410 3420
f 10757 10747 10748
f 10757 10746 10747
f 10738 10737 5096
f 10741 5094 10735
f 10741 3435 3434
f 10741 10735 10743
f 10741 10743 10742
f 10741 10742 10736
f 10741 5097 5094
f 10740 3433 10739
f 10740 10739 5098
f 10740 3434 3433
f 10740 5098 5097
f 10739 3433 10738
f 10739 10738 5098
f 10741 3434 10740
f 10738 3433 10737
f 10738 5096 5098
f 10737 3428 10725
f 10737 10722 5093
f 10737 3433 3432
f 10737 3432 3428
f 10737 5093 5096
f 10737 10723 10722
f 10737 10724 10723
f 10737 10725 10724
f 3421 3424 10736
f 10748 10728 10727
f 10742 10743 10752
f 10742 10752 10753
f 10743 10735 10751
f 10743 10751 10752
f 10735 5088 10750
f 10735 10750 10751
f 5088 5079 10750
f 3411 10749 3994
f 10749 10748 10727
f 10749 10727 3994
f 10748 10747 10728
f 10759 2008 2007
f 10747 10746 10734
f 10747 10734 10728
f 10746 10745 10733
f 10746 10733 10734
f 10745 10744 10730
f 10745 10730 10733
f 10744 5081 10729
f 10744 10729 10730
f 5081 5080 10729
f 10741 10740 5097
f 10741 10736 3435
f 10788 2002 1989
f 10771 10770 4241
f 4241 10770 2012
f 10789 10787 10788
f 10789 10766 7697
f 10789 7699 10787
f 10789 10788 10762
f 10789 7697 7699
f 10789 10764 10766
f 10789 10762 10764
f 10788 1989 10758
f 10788 10787 2003
f 10788 2003 2002
f 4243 10771 4241
f 10788 10760 10762
f 10788 10758 10760
f 10787 7705 10784
f 10787 10784 2004
f 10787 2004 2003
f 10787 7699 7702
f 10787 7702 7705
f 10784 7707 10783
f 10784 10781 2005
f 10784 2005 2004
f 10784 10783 10786
f 10794 10779 10771
f 10794 10792 7721
f 10794 7718 10773
f 10794 4246 10791
f 10794 10771 4243
f 10794 7721 7720
f 10794 7720 7718
f 10794 10791 10796
f 10794 10796 10795
f 10794 10795 10792
f 10794 4243 4244
f 10794 4244 4246
f 10784 10786 10785
f 10794 10778 10779
f 10794 10773 10778
f 5077 7723 10793
f 10793 7723 10792
f 7723 7721 10792
f 10791 4248 10790
f 10791 4246 4248
f 7718 7716 10773
f 10790 4248 4250
f 7716 10772 10773
f 7716 7714 10772
f 10774 2020 2019
f 10776 7701 10775
f 10776 10774 2019
f 10776 7704 7701
f 10775 7703 10767
f 10775 10763 10774
f 10775 7701 7703
f 10775 10765 10763
f 10775 10767 10765
f 10774 10759 2007
f 10774 2007 2021
f 10774 2021 2020
f 10776 10775 10774
f 10774 10761 10759
f 10774 10763 10761
f 7714 7712 10772
f 7712 7710 10772
f 7710 7708 10772
f 10772 7708 10773
f 10771 2013 10770
f 10771 2018 2013
f 7703 10769 10767
f 7703 7700 10769
f 10770 2013 2012
f 2005 10780 1995
f 10784 10785 10781
f 10784 7705 7707
f 7696 7698 10768
f 7698 7697 10768
f 10768 7697 10766
f 7707 7709 10783
f 7709 7711 10782
f 7709 10782 10783
f 10758 1989 1990
f 7711 7713 10782
f 10781 10780 2005
f 10605 5152 5151
f 10780 1994 1995
f 10777 10773 7708
f 10777 2018 10771
f 10777 7704 10776
f 10777 10776 2019
f 10777 7708 7706
f 10777 7706 7704
f 10777 10771 10779
f 10777 10779 10778
f 10777 10778 10773
f 10777 2019 2018
f 10451 10437 10438
f 10456 10446 10447
f 10455 10454 10440
f 10455 10440 10446
f 10454 1905 1904
f 10454 1904 10440
f 1930 10453 10431
f 1930 10431 2796
f 10453 10452 10432
f 10453 10432 10431
f 10452 10451 10438
f 10452 10438 10432
f 10451 10450 10437
f 10456 10455 10446
f 10450 10449 10434
f 10450 10434 10437
f 10449 10448 10433
f 10449 10433 10434
f 10448 5171 5172
f 10448 5172 10433
f 10445 10444 5156
f 10445 10440 1917
f 10445 1916 10444
f 10445 5155 10439
f 10445 1917 1916
f 10453 1928 10452
f 10459 10458 5168
f 10459 1938 10458
f 10458 1937 10454
f 10458 10457 5165
f 10458 5165 5167
f 10458 5167 5168
f 10458 10456 10457
f 10458 10455 10456
f 10458 10454 10455
f 10458 1938 1937
f 1930 1928 10453
f 10445 10439 10447
f 1928 1929 10452
f 10449 5170 10448
f 10448 5170 5171
f 1937 1924 10454
f 1924 1905 10454
f 5165 10457 5166
f 10457 5164 5166
f 5164 10457 10439
f 5164 10439 5153
f 10457 10456 10447
f 10457 10447 10439
f 10436 10438 10437
f 1910 10430 10429
f 1910 1909 10430
f 5159 10426 5160
f 10426 10425 5160
f 5160 10425 5161
f 10425 5162 5161
f 10436 10434 7607
f 10436 10435 2805
f 10436 2798 10432
f 10436 7605 10435
f 10436 7607 7605
f 10436 10432 10438
f 10439 5154 5153
f 10436 10437 10434
f 10436 2805 2798
f 10435 7603 10418
f 10435 10420 2807
f 10435 7605 7603
f 10435 2807 2805
f 10435 10421 10420
f 10435 10419 10421
f 10435 10418 10419
f 5172 7607 10433
f 10433 7607 10434
f 10442 5158 5157
f 10445 10447 10446
f 10445 10446 10440
f 10445 5156 5155
f 10444 1915 10443
f 10444 10443 5157
f 10444 1916 1915
f 10444 5157 5156
f 10443 1915 10442
f 10443 10442 5157
f 10442 10441 5158
f 10442 1915 10441
f 10460 1939 1938
f 10441 1910 10429
f 10441 10426 5159
f 10441 1915 1914
f 10441 1914 1910
f 10441 5159 5158
f 10441 10427 10426
f 10441 10428 10427
f 10441 10429 10428
f 1904 1906 10440
f 1906 1917 10440
f 10439 5155 5154
f 10481 1932 10475
f 7573 7575 10473
f 7575 7574 10473
f 10473 7574 10471
f 7584 7586 10487
f 7586 7588 10486
f 7586 10486 10487
f 10463 1907 1902
f 7588 7590 10486
f 10485 10484 1922
f 1922 10484 1912
f 10484 1911 1912
f 10481 10477 7585
f 10488 7582 7584
f 10481 7581 10480
f 10481 10480 1933
f 10481 7585 7583
f 10481 7583 7581
f 10481 10475 10483
f 10481 10483 10482
f 10481 10482 10477
f 10481 1933 1932
f 10480 10479 10478
f 10480 7578 10479
f 10480 10478 1933
f 10492 10463 10465
f 10493 10471 7574
f 10493 7576 10491
f 10493 10492 10467
f 10493 7574 7576
f 10493 10469 10471
f 10493 10467 10469
f 10492 1907 10463
f 10492 10491 1920
f 10492 1920 1919
f 10492 1919 1907
f 10492 10465 10467
f 10480 7581 7578
f 10491 7582 10488
f 10491 10488 1921
f 10491 1921 1920
f 10491 7576 7579
f 10491 7579 7582
f 10488 7584 10487
f 10488 10485 1922
f 10488 1922 1921
f 10488 10487 10490
f 10488 10490 10489
f 10488 10489 10485
f 10461 10460 5168
f 10471 10469 10470
f 10471 10470 10472
f 10469 10467 10468
f 10469 10468 10470
f 10467 10465 10466
f 10467 10466 10468
f 10465 10463 10464
f 10465 10464 10466
f 10463 1902 10462
f 10463 10462 10464
f 1902 1901 10462
f 10473 10472 7577
f 10461 10452 1929
f 10461 5170 10449
f 10461 1939 10460
f 10461 5168 5169
f 10461 5169 5170
f 10461 1929 1939
f 10461 10451 10452
f 10461 10450 10451
f 10461 10449 10450
f 10460 1938 10459
f 10460 10459 5168
f 7591 7589 10476
f 10479 7580 10470
f 10479 10466 10478
f 10479 7578 7580
f 10479 10468 10466
f 10479 10470 10468
f 10478 10462 1923
f 10478 1923 1935
f 10478 1935 1934
f 10478 1934 1933
f 10478 10464 10462
f 10478 10466 10464
f 7603 10417 10418
f 7589 7587 10476
f 7587 7585 10476
f 10476 7585 10477
f 10475 1927 10474
f 10475 1932 1927
f 7580 10472 10470
f 7580 7577 10472
f 10474 1927 1926
f 10462 1901 1923
f 7573 10473 7577
f 10473 10471 10472
f 7615 7612 10381
f 10389 2826 2825
f 10389 2825 2833
f 10389 2833 2832
f 10389 10377 10376
f 10389 10378 10377
f 164 7624 165
f 7624 7622 165
f 7622 7620 165
f 165 7620 166
f 158 2828 156
f 158 2829 2828
f 7615 10381 10380
f 10389 10376 2826
f 156 2828 157
f 10376 2827 2826
f 10386 10364 7627
f 10386 7630 10385
f 10386 4535 10361
f 10386 10383 4537
f 10386 4537 4536
f 10386 4536 4535
f 10386 10385 10388
f 10386 10388 10387
f 10386 10387 10383
f 10392 173 172
f 10394 10384 10393
f 10394 10385 10384
f 10393 5176 5175
f 10393 10384 5176
f 10392 166 7620
f 10392 2829 158
f 10392 7616 10391
f 10392 10391 2832
f 10392 7620 7618
f 10392 7618 7616
f 10392 158 173
f 10386 7627 7628
f 10392 172 166
f 10392 2832 2829
f 10391 10390 10389
f 10391 7613 10390
f 10391 10389 2832
f 10391 7616 7613
f 10390 7615 10380
f 10390 10378 10389
f 10390 7613 7615
f 10390 10379 10378
f 10390 10380 10379
f 10374 10375 10366
f 10373 10378 10379
f 10372 10363 10377
f 10372 10377 10378
f 10363 2827 10376
f 10363 10376 10377
f 10363 2845 2827
f 10374 10370 10371
f 10374 10366 7609
f 10374 7611 10370
f 10374 10371 10373
f 10374 7609 7611
f 10374 10373 10375
f 10373 10372 10378
f 10371 10370 2855
f 10371 2843 10363
f 10371 10363 10372
f 10371 10372 10373
f 10371 2855 2846
f 10371 2846 2843
f 10370 7617 10367
f 10370 10367 2856
f 10370 7611 7614
f 10370 7614 7617
f 10370 2856 2855
f 7632 5176 10384
f 10386 7628 7630
f 10386 10369 10364
f 10386 10368 10369
f 10386 10361 10368
f 7625 7626 10362
f 10362 7626 10364
f 7626 7627 10364
f 10361 4534 10360
f 10361 4535 4534
f 7630 7632 10385
f 10360 4534 2850
f 10395 10388 10385
f 7632 10384 10385
f 4537 10383 4538
f 10383 10382 4538
f 4538 10382 4550
f 7608 10365 7612
f 10365 10366 10381
f 10365 10381 7612
f 10366 10375 10380
f 10366 10380 10381
f 10375 10373 10379
f 10375 10379 10380
f 10417 5174 5173
f 10423 10421 10419
f 2803 10422 10401
f 2803 2809 10422
f 10401 10420 10402
f 10401 10422 10420
f 10402 10421 10408
f 10402 10420 10421
f 10407 10419 10404
f 10419 10418 10404
f 10404 10418 10403
f 10418 10417 10403
f 10403 10417 5173
f 10423 10419 10407
f 10416 10394 7602
f 10416 4546 10397
f 10416 10413 4544
f 10416 7604 10413
f 10416 4544 4546
f 10416 7602 7604
f 10416 10395 10394
f 10416 10396 10395
f 10416 10397 10396
f 10413 7606 10412
f 10413 10410 4539
f 10414 10428 10429
f 7603 5174 10417
f 10432 2798 10431
f 10431 2798 2796
f 10420 10422 2807
f 2807 10422 2809
f 4540 10409 10430
f 4540 10430 1909
f 10409 10410 10430
f 10410 10414 10429
f 10410 10429 10430
f 10414 10415 10428
f 10413 4539 4544
f 10415 10412 10427
f 10415 10427 10428
f 10412 10411 10426
f 10412 10426 10427
f 10411 5163 10425
f 10411 10425 10426
f 5163 5162 10425
f 10424 10408 10423
f 10424 10423 10407
f 10424 10407 10408
f 10423 10408 10421
f 10400 10388 10395
f 10405 176 175
f 10405 175 162
f 5173 7631 10403
f 10403 7631 10404
f 7629 170 169
f 7629 169 167
f 10402 2800 10401
f 10401 2800 2803
f 162 159 2797
f 2797 159 161
f 10400 10396 10387
f 10405 167 176
f 10400 10387 10399
f 10400 10399 10388
f 10400 10395 10396
f 10399 10387 10388
f 4548 4550 10398
f 4550 10382 10398
f 10398 10382 10397
f 10382 10383 10397
f 10397 10383 10396
f 10383 10387 10396
f 10395 10385 10394
f 4539 10409 4540
f 10413 10412 10415
f 10413 10415 10414
f 10413 10414 10410
f 10413 7604 7606
f 5175 7602 10393
f 10393 7602 10394
f 7606 5163 10411
f 7606 10411 10412
f 10397 4546 10398
f 10398 4546 4548
f 10410 10409 4539
f 10493 10491 10492
f 10406 10404 7631
f 10406 7629 10405
f 10406 2800 10402
f 10406 10405 2800
f 10406 7631 7629
f 10406 10402 10408
f 10406 10408 10407
f 10406 10407 10404
f 10405 7629 167
f 10405 162 2797
f 10405 2797 2800
f 10572 10557 10559
f 10573 5133 5132
f 2776 2762 10560
f 2762 2763 10560
f 5137 10555 5138
f 10555 5130 5138
f 10572 10561 2753
f 10572 10571 5148
f 10572 2752 10571
f 10572 5145 10554
f 10572 5148 5145
f 10572 2753 2752
f 10572 10559 10561
f 10574 5133 10573
f 10572 10554 10557
f 10571 10570 5149
f 10571 2751 10570
f 10571 5149 5148
f 10571 2752 2751
f 10570 2751 10569
f 10570 10569 5149
f 10569 2751 10566
f 10569 10566 5147
f 10569 5147 5149
f 10566 2746 10565
f 10578 10577 5135
f 10580 10579 5135
f 10580 2768 2778
f 10580 10574 10582
f 10580 10582 10581
f 10580 10581 10575
f 10580 5135 5134
f 10580 5134 5133
f 10579 2777 10578
f 10579 10578 5135
f 10579 2778 2777
f 10578 2777 10577
f 10566 10563 5144
f 10577 2776 10560
f 10577 10555 5137
f 10577 2777 2776
f 10577 5137 5136
f 10577 5136 5135
f 10577 10556 10555
f 10577 10558 10556
f 10577 10560 10558
f 2769 2767 10576
f 10576 2767 10575
f 2767 2768 10575
f 10540 10548 10549
f 10554 5130 10555
f 10554 10555 10556
f 7571 10535 7553
f 10535 10536 10545
f 10535 10545 7553
f 10536 10543 10546
f 10536 10546 10545
f 10543 10541 10551
f 10543 10551 10546
f 10541 10540 10549
f 10541 10549 10551
f 10540 10534 10548
f 10554 5140 5130
f 10534 2743 10544
f 10534 10544 10548
f 2743 2761 10544
f 10553 10552 2772
f 10553 10530 7563
f 10553 2771 10528
f 10553 7567 10552
f 10553 2772 2771
f 10553 7563 7565
f 10553 7565 7567
f 10553 10533 10530
f 2746 10564 10565
f 10566 5144 5147
f 10566 10565 10568
f 10566 10568 10567
f 10566 10567 10563
f 10566 2751 2750
f 10566 2750 2746
f 2741 2740 10561
f 2740 2753 10561
f 10554 5145 5146
f 10554 5146 5140
f 2746 2745 10564
f 10580 5133 10574
f 5144 10563 5143
f 10563 10562 5143
f 5143 10562 5142
f 10562 5141 5142
f 2741 10561 10560
f 2741 10560 2763
f 10561 10559 10560
f 10559 10557 10558
f 10559 10558 10560
f 10557 10554 10556
f 10557 10556 10558
f 7542 5152 10605
f 10610 10591 10590
f 10610 10592 10591
f 10610 10593 10592
f 10607 7542 10606
f 10607 10604 4554
f 10607 4554 4558
f 10607 10606 10609
f 10607 10609 10608
f 10607 10608 10604
f 10607 7540 7542
f 5131 7538 10589
f 10589 7538 10590
f 10610 7538 7540
f 7542 10605 10606
f 10593 4561 10594
f 10594 4561 4565
f 10604 10603 4554
f 4554 10603 4552
f 10600 10598 7543
f 10600 10599 2817
f 10600 2819 10596
f 10600 7541 10599
f 10600 7543 7541
f 10600 10596 10602
f 136 151 10602
f 10612 10602 151
f 10612 150 10601
f 10612 10611 150
f 10612 151 10611
f 10612 10601 10602
f 10611 151 150
f 2821 135 10595
f 135 134 10595
f 10595 134 10596
f 134 136 10596
f 10596 136 10602
f 10600 10602 10601
f 10601 144 10598
f 10601 150 144
f 10598 143 10597
f 10598 144 143
f 10597 142 5150
f 10597 143 142
f 10610 10590 7538
f 10610 4561 10593
f 10610 10607 4558
f 10610 7540 10607
f 10610 4558 4561
f 10587 10565 10564
f 10581 10591 10592
f 10582 10574 10590
f 10582 10590 10591
f 10574 10573 10589
f 10574 10589 10590
f 10573 5132 10589
f 5132 5131 10589
f 2814 10588 2745
f 10588 10587 10564
f 10588 10564 2745
f 10587 10586 10565
f 10581 10582 10591
f 10586 10585 10568
f 10586 10568 10565
f 10585 10584 10567
f 10585 10567 10568
f 10584 10583 10563
f 10584 10563 10567
f 10583 5139 10562
f 10583 10562 10563
f 5139 5141 10562
f 10580 2778 10579
f 10580 10575 2768
f 7539 10583 10584
f 10600 10601 10598
f 10600 2817 2819
f 10599 7539 10584
f 10599 10587 2815
f 10599 7541 7539
f 10599 2815 2817
f 10599 10586 10587
f 10599 10585 10586
f 10599 10584 10585
f 5150 7543 10597
f 10597 7543 10598
f 10553 10532 10533
f 7539 5139 10583
f 10596 2819 10595
f 10595 2819 2821
f 10587 10588 2815
f 2815 10588 2814
f 2769 10576 10594
f 2769 10594 4565
f 10576 10575 10593
f 10576 10593 10594
f 10575 10581 10592
f 10575 10592 10593
f 10496 10511 10512
f 10517 10506 10507
f 10516 10515 10502
f 10516 10502 10506
f 10515 10514 10501
f 10515 10501 10502
f 10514 4551 4549
f 10514 4549 10501
f 5128 10497 10513
f 5128 10513 5126
f 10497 10496 10512
f 10497 10512 10513
f 10496 10499 10511
f 10517 10516 10506
f 10499 10500 10510
f 10499 10510 10511
f 10500 10495 10509
f 10500 10509 10510
f 10495 10494 10508
f 10495 10508 10509
f 10494 2811 10508
f 10494 2810 2811
f 10505 10487 7594
f 10505 7598 10504
f 10505 4541 10485
f 10520 2812 2747
f 10524 2818 2816
f 10524 2816 2813
f 10524 10510 10509
f 10524 10511 10510
f 10524 10512 10511
f 7558 7556 10523
f 10523 7556 10522
f 7556 7551 10522
f 10521 2812 10520
f 10521 2813 2812
f 7547 7544 10512
f 10505 10502 4545
f 7544 10513 10512
f 7544 5126 10513
f 2818 10509 2820
f 10509 10508 2820
f 2820 10508 2811
f 5129 10519 10503
f 5129 10503 5127
f 10519 10518 10504
f 10519 10504 10503
f 10518 10517 10507
f 10518 10507 10504
f 5128 7600 10497
f 10498 2806 10495
f 10498 10475 2802
f 10498 7599 7597
f 10498 7597 7595
f 10498 10495 10500
f 10498 10500 10499
f 10498 10499 10496
f 10498 2802 2804
f 10498 2804 2806
f 10498 10483 10475
f 10498 10482 10483
f 10498 10477 10482
f 10498 7595 10477
f 10497 7600 10496
f 7600 7599 10496
f 10495 2808 10494
f 10495 2806 2808
f 7595 7593 10477
f 10494 2808 2810
f 7593 10476 10477
f 7593 7591 10476
f 2802 10475 2801
f 10475 10474 2801
f 2801 10474 1926
f 10486 7592 10487
f 10505 4545 4543
f 10505 4543 4541
f 10505 10504 10507
f 10505 10507 10506
f 10505 10506 10502
f 10505 7594 7596
f 10505 7596 7598
f 10505 10490 10487
f 10505 10489 10490
f 10505 10485 10489
f 7590 7592 10486
f 10524 10525 10522
f 7592 7594 10487
f 10485 4542 10484
f 10485 4541 4542
f 7598 7601 10504
f 10484 4542 1911
f 7601 5127 10503
f 7601 10503 10504
f 4545 10502 4547
f 10502 10501 4547
f 4547 10501 4549
f 10498 10496 7599
f 10539 10540 10541
f 10527 2766 2765
f 10544 2761 2760
f 10542 10538 10539
f 10542 10536 7570
f 10542 7569 10538
f 10542 10539 10541
f 10542 7570 7569
f 10542 10541 10543
f 10542 10543 10536
f 10539 10538 2756
f 10539 2742 10534
f 10539 10534 10540
f 7554 10545 10546
f 10539 2756 2755
f 10539 2755 2742
f 10538 7566 10537
f 10538 10537 2757
f 10538 7569 7568
f 10538 7568 7566
f 10538 2757 2756
f 10537 7564 10522
f 10537 10521 2758
f 10537 7566 7564
f 10537 2758 2757
f 10547 2760 2774
f 10553 10528 10532
f 10552 10547 2772
f 10552 7552 10550
f 10552 10550 10547
f 10552 7567 7552
f 10550 10549 10547
f 10550 7554 10546
f 10550 10546 10551
f 10550 10551 10549
f 10550 7552 7554
f 10547 10544 2760
f 10537 10526 10521
f 10547 2774 2773
f 10547 2773 2772
f 10547 10549 10548
f 10547 10548 10544
f 7557 7559 10529
f 7559 7561 10529
f 7561 7563 10529
f 10529 7563 10530
f 10528 2766 10527
f 10528 2771 2766
f 7554 7553 10545
f 7555 10529 10530
f 10531 10517 10518
f 10531 10516 10517
f 10531 10515 10516
f 5129 7545 10519
f 10519 7545 10518
f 7545 7546 10518
f 10515 4553 10514
f 10515 4555 4553
f 7550 7555 10530
f 10514 4553 4551
f 7555 7557 10529
f 10531 7548 7550
f 4562 10528 4564
f 10528 10527 4564
f 4564 10527 2765
f 10524 10522 7551
f 10524 7547 10512
f 10524 2813 10521
f 10524 10509 2818
f 10524 7551 7549
f 10524 7549 7547
f 10524 10521 10526
f 10524 10526 10525
f 2758 10520 2748
f 10537 10525 10526
f 10537 10522 10525
f 7571 7572 10535
f 7572 7570 10535
f 10535 7570 10536
f 7564 7562 10522
f 7562 7560 10523
f 7562 10523 10522
f 10534 2742 2743
f 7560 7558 10523
f 10521 10520 2758
f 10853 3953 3587
f 10520 2747 2748
f 10531 10518 7546
f 10531 7550 10530
f 10531 4555 10515
f 10531 10528 4562
f 10531 4562 4559
f 10531 4559 4555
f 10531 10530 10533
f 10531 10533 10532
f 10531 10532 10528
f 10531 7546 7548
f 11212 11205 11211
f 11217 11210 11216
f 11216 11210 11209
f 11216 11209 11215
f 11215 11209 11208
f 11215 11208 11214
f 11214 11208 11207
f 11214 11207 11213
f 11213 11207 5875
f 11213 5875 5883
f 11212 2229 11206
f 11212 11206 11205
f 11212 2225 2229
f 11217 11211 11210
f 11211 11205 11210
f 11210 11205 11204
f 11210 11204 11203
f 11210 11203 11209
f 11209 11203 11202
f 11209 11202 11208
f 11208 11202 11201
f 11208 11201 11207
f 11207 11201 5867
f 11207 5867 5875
f 11206 2233 11200
f 11222 11216 11215
f 11227 11221 11220
f 11226 11220 11219
f 11226 11219 11225
f 11225 11219 5891
f 11225 5891 5902
f 11224 11217 11223
f 11224 2217 11218
f 11224 11218 11217
f 11224 2218 2217
f 11223 11216 11222
f 11223 11217 11216
f 11206 11200 11199
f 11222 11215 11221
f 11221 11215 11214
f 11221 11214 11220
f 11220 11214 11219
f 11219 11213 5883
f 11219 11214 11213
f 11219 5883 5891
f 11218 11211 11217
f 11218 2217 2225
f 11218 2225 11212
f 11218 11212 11211
f 11190 11176 11189
f 11195 5854 5860
f 11195 11180 5854
f 11194 11191 11178
f 11194 11176 11190
f 11194 11190 11191
f 11194 11178 11176
f 5994 5965 11193
f 11193 11173 11192
f 11193 5965 11173
f 11192 11174 11191
f 11192 11173 11174
f 11191 11174 11178
f 11196 11181 11180
f 11189 11172 11188
f 11189 11176 11172
f 11188 11171 4001
f 11188 4001 4002
f 11188 11172 11171
f 11171 4003 4001
f 11187 11182 2246
f 11187 11167 5848
f 11187 2245 11165
f 11187 5847 11185
f 11187 11185 11182
f 11201 5860 5867
f 11206 11199 11205
f 11206 2229 2233
f 11205 11198 11204
f 11205 11199 11198
f 11204 11197 11203
f 11204 11198 11197
f 11203 11196 11202
f 11203 11197 11196
f 11202 11195 11201
f 11202 11196 11195
f 11201 11195 5860
f 11227 11220 11226
f 11200 11183 11199
f 11200 2233 2232
f 11200 11179 11183
f 11200 2232 11179
f 11199 11184 11198
f 11199 11183 11184
f 11198 11186 11197
f 11198 11184 11186
f 11197 11181 11196
f 11197 11186 11181
f 11196 11180 11195
f 11253 11252 11251
f 11261 11262 11260
f 11259 11258 11257
f 11259 11260 11258
f 11257 11256 11255
f 11257 11258 11256
f 11255 5959 5996
f 11255 11256 5959
f 4002 4582 11188
f 11253 11242 11241
f 11253 2132 2195
f 11253 2195 2205
f 11253 11241 11252
f 11261 11260 11259
f 11253 11251 11254
f 11253 11254 2132
f 11253 2205 11242
f 11252 11241 11240
f 11252 11240 11249
f 11252 11249 11251
f 11249 11239 11247
f 11249 11248 11250
f 11249 11250 11251
f 11249 11247 11248
f 11249 11240 11239
f 11269 11259 11257
f 11274 11268 11267
f 11273 11267 6002
f 11273 6002 6010
f 11272 4586 11265
f 11272 11263 11271
f 11272 11265 11263
f 11272 4592 4586
f 11271 11263 11261
f 11271 11261 11270
f 11270 11259 11269
f 11270 11261 11259
f 11247 11239 11238
f 11269 11257 11268
f 11268 11255 11267
f 11268 11257 11255
f 11267 11255 5996
f 11267 5996 6002
f 11265 11264 11263
f 11265 4585 11266
f 11265 11266 11264
f 11265 4586 4585
f 11263 11262 11261
f 11263 11264 11262
f 11232 11225 11231
f 11237 5913 5920
f 11236 11229 11235
f 11236 11230 11229
f 11236 2213 11230
f 11236 2209 2213
f 11235 11228 11234
f 11235 11229 11228
f 11234 11227 11233
f 11234 11228 11227
f 11233 11227 11226
f 11233 11226 11232
f 11237 11231 5913
f 11232 11226 11225
f 11231 11225 5902
f 11231 5902 5913
f 11230 11224 11229
f 11230 2213 2218
f 11230 2218 11224
f 11229 11222 11228
f 11229 11223 11222
f 11229 11224 11223
f 11228 11221 11227
f 11228 11222 11221
f 11242 2209 11236
f 11247 11245 11248
f 11247 11238 11246
f 11247 11246 11245
f 11246 11243 11245
f 11246 11238 11237
f 11246 11237 11243
f 11243 11237 5920
f 11243 5828 11244
f 11243 11244 11245
f 11243 5920 5932
f 11243 5932 5828
f 11187 2246 2245
f 11242 2205 2209
f 11242 11236 11241
f 11241 11236 11235
f 11241 11235 11234
f 11241 11234 11240
f 11240 11234 11239
f 11239 11234 11233
f 11239 11233 11232
f 11239 11232 11238
f 11238 11232 11237
f 11237 11232 11231
f 11143 11132 11133
f 11147 11146 11148
f 11145 4036 11144
f 11145 11144 11146
f 4036 4033 11144
f 11143 11142 5031
f 11143 11134 4513
f 11143 5029 11131
f 11143 4522 11142
f 11143 5031 5030
f 11143 5030 5029
f 11143 4513 4522
f 11143 11133 11134
f 11147 11145 11146
f 11143 11131 11132
f 11142 4521 11141
f 11142 11141 5031
f 11142 4522 4521
f 11141 11140 5031
f 11141 4521 11140
f 11140 4520 11139
f 11140 11136 5033
f 11140 5033 5032
f 11140 5032 5031
f 11140 11137 11136
f 4029 11146 4031
f 11159 4027 4025
f 11159 11148 11146
f 11159 11150 11148
f 11159 11152 11150
f 5970 5978 11158
f 11157 4026 11156
f 11157 4025 4026
f 5992 5973 11152
f 11156 4026 4012
f 5973 11154 11152
f 5973 4868 11154
f 11140 11138 11137
f 11146 11144 4031
f 4031 11144 4033
f 4867 11155 4868
f 11155 11153 11154
f 11155 11154 4868
f 11153 11151 11152
f 11153 11152 11154
f 11151 11149 11150
f 11151 11150 11152
f 11149 11147 11148
f 11149 11148 11150
f 11129 11122 11127
f 11135 11087 11086
f 11134 11133 11093
f 11134 11093 11087
f 11133 11132 11092
f 11133 11092 11093
f 11132 11131 11089
f 11132 11089 11092
f 11131 11130 11088
f 11131 11088 11089
f 11130 5028 5027
f 11130 5027 11088
f 11129 11094 4588
f 11135 11134 11087
f 11129 11127 11128
f 11129 4594 11122
f 11129 4588 4594
f 11129 11128 11094
f 11127 11126 11125
f 11127 11120 11126
f 11127 11122 11121
f 11127 11121 11120
f 11127 11125 11128
f 11126 11119 11123
f 11126 11123 11125
f 4589 11094 11139
f 11140 11139 11138
f 11140 4521 4520
f 4469 4512 11135
f 11135 4512 11134
f 4512 4513 11134
f 11131 5029 11130
f 11130 5029 5028
f 4520 4509 11139
f 4509 4510 11139
f 5033 11136 5034
f 11136 5026 5034
f 11159 4029 4027
f 4589 11139 4510
f 11094 11128 11139
f 11128 11125 11137
f 11128 11137 11138
f 11128 11138 11139
f 11125 11124 11136
f 11125 11136 11137
f 11124 4997 11136
f 4997 5026 11136
f 4469 11135 11086
f 4469 11086 4470
f 11177 11163 11160
f 5852 11180 11181
f 11164 2239 2238
f 11179 2232 2234
f 11177 11174 5964
f 11177 5968 11162
f 11177 11160 11175
f 11177 11175 11176
f 11177 5964 5966
f 11177 5966 5967
f 11177 5967 5968
f 11177 11176 11178
f 11177 11178 11174
f 5852 5854 11180
f 11177 11162 11163
f 11175 4008 11172
f 11175 11157 4009
f 11175 11172 11176
f 11175 4009 4010
f 11175 4010 4008
f 11175 11160 11157
f 5965 5962 11173
f 5962 5964 11173
f 11173 5964 11174
f 5968 5969 11162
f 11182 2234 2248
f 11187 5848 5845
f 11187 5845 5847
f 11187 11170 11167
f 11187 11169 11170
f 11187 11165 11169
f 11185 11184 11182
f 11185 5852 11181
f 11185 11181 11186
f 11185 11186 11184
f 11185 5847 5852
f 11182 11179 2234
f 5969 5971 11158
f 11182 2248 2247
f 11182 2247 2246
f 11182 11184 11183
f 11182 11183 11179
f 5846 5851 11166
f 5851 5850 11166
f 5850 5849 11166
f 11166 5849 11167
f 5849 5848 11167
f 11165 2239 11164
f 11165 2245 2239
f 11161 5987 11159
f 5858 5857 11153
f 11147 4037 11145
f 11147 4039 4037
f 5855 5853 11167
f 11145 4037 4036
f 5853 5846 11166
f 5853 11166 11167
f 4046 11165 4048
f 11165 11164 4048
f 4048 11164 2238
f 11161 11158 5978
f 11155 5858 11153
f 11161 11159 11160
f 11161 5978 5980
f 11161 5980 5987
f 11161 11160 11163
f 11161 11163 11162
f 11161 11162 11158
f 11159 5992 11152
f 11159 4025 11157
f 11159 11146 4029
f 11159 5987 5992
f 11159 11157 11160
f 11168 11165 4046
f 5969 11158 11162
f 5971 5970 11158
f 11172 4007 11171
f 11172 4008 4007
f 11171 4007 4003
f 11157 11156 4009
f 4009 11156 4011
f 11156 4012 4011
f 11168 11153 5857
f 11168 5855 11167
f 11168 4039 11147
f 11274 11267 11273
f 11168 4046 4043
f 11168 4043 4039
f 11168 11167 11170
f 11168 11170 11169
f 11168 11169 11165
f 11168 5857 5856
f 11168 5856 5855
f 11168 11151 11153
f 11168 11149 11151
f 11168 11147 11149
f 4867 5858 11155
f 11351 11343 4865
f 11364 11363 11365
f 11362 11360 11361
f 11362 11361 11363
f 11360 11358 11359
f 11360 11359 11361
f 11358 11356 11357
f 11358 11357 11359
f 11356 4526 11355
f 11356 11355 11357
f 4526 3506 11355
f 4864 11351 4865
f 11351 11350 11343
f 11364 11362 11363
f 11350 11353 11344
f 11350 11344 11343
f 11353 11354 11346
f 11353 11347 11344
f 11353 11346 11347
f 11354 11349 11342
f 11354 11342 11346
f 11349 11348 11341
f 11349 11341 11342
f 11348 4496 11341
f 11348 4484 4496
f 11373 11372 11371
f 11381 11369 11380
f 11380 11369 11367
f 11380 11367 11379
f 11379 11367 5738
f 11379 5738 5742
f 11377 11376 11375
f 11377 3485 11378
f 11377 11378 11376
f 11377 3542 3485
f 11375 11374 11373
f 11375 11376 11374
f 11352 11350 5944
f 11373 11374 11372
f 11371 11370 11369
f 11371 11372 11370
f 11369 11370 11368
f 11369 11368 11367
f 11367 5731 5738
f 11367 11368 5731
f 3506 3505 11355
f 5701 11366 5705
f 11366 11364 11365
f 11366 11365 5705
f 11345 11327 11324
f 4474 11331 4475
f 11345 11324 5838
f 11345 5842 11344
f 11345 4487 11322
f 11345 11342 4492
f 11345 4492 4490
f 11345 4490 4487
f 11345 11344 11347
f 11345 11347 11346
f 11345 11346 11342
f 11345 5838 5840
f 11345 5840 5842
f 11332 11331 4474
f 11345 11326 11327
f 11345 11322 11326
f 5833 5836 11323
f 11323 5836 11324
f 5836 5838 11324
f 11322 4486 11321
f 11322 4487 4486
f 5842 5844 11344
f 11321 4486 2143
f 5844 4865 11343
f 5844 11343 11344
f 11352 11339 11340
f 11352 5948 11334
f 11352 4480 11349
f 11352 11332 4477
f 11352 5944 5946
f 11352 5946 5948
f 11352 11349 11354
f 11352 11354 11353
f 11352 11353 11350
f 11352 4477 4478
f 11352 4478 4480
f 11352 11340 11332
f 11381 11371 11369
f 11352 11334 11339
f 4864 5942 11351
f 11351 5942 11350
f 5942 5944 11350
f 11349 4482 11348
f 11349 4480 4482
f 5948 5950 11334
f 11348 4482 4484
f 5950 11333 11334
f 5950 5952 11333
f 4477 11332 4474
f 11407 11401 11400
f 11412 11405 11411
f 11412 11406 11405
f 11411 11404 11410
f 11411 11405 11404
f 11410 11403 11409
f 11410 11404 11403
f 11409 11403 5762
f 11409 5762 5767
f 11408 11401 11407
f 11408 11402 11401
f 11408 3528 11402
f 11408 3523 3528
f 11413 11407 11406
f 11407 11400 11406
f 11406 11400 11405
f 11405 11398 11404
f 11405 11399 11398
f 11405 11400 11399
f 11404 11397 11403
f 11404 11398 11397
f 11403 11397 5757
f 11403 5757 5762
f 11402 11395 11401
f 11402 11396 11395
f 11418 11411 11417
f 11422 11416 11415
f 11422 11415 11421
f 11421 11415 5772
f 11421 5772 5777
f 11420 11414 11413
f 11420 3519 11414
f 11420 3515 3519
f 11420 11413 11419
f 11419 11413 11412
f 11419 11412 11418
f 11418 11412 11411
f 11402 3527 11396
f 11417 11410 11416
f 11417 11411 11410
f 11416 11410 11415
f 11415 11410 11409
f 11415 11409 5767
f 11415 5767 5772
f 11414 11407 11413
f 11414 11408 11407
f 11414 3523 11408
f 11414 3519 3523
f 11413 11406 11412
f 11386 11380 11385
f 11391 5747 5752
f 11390 3539 11384
f 11390 11384 11383
f 11390 11383 11389
f 11390 3535 3539
f 11389 11383 11382
f 11389 11382 11388
f 11388 11381 11387
f 11388 11382 11381
f 11387 11380 11386
f 11387 11381 11380
f 11391 11385 5747
f 11385 11380 11379
f 11385 11379 5742
f 11385 5742 5747
f 11384 11375 11383
f 11384 11377 11375
f 11384 3542 11377
f 11384 3539 3542
f 11383 11373 11382
f 11383 11375 11373
f 11382 11373 11371
f 11382 11371 11381
f 11396 11390 11395
f 11402 3528 3527
f 11401 11395 11394
f 11401 11394 11400
f 11400 11394 11393
f 11400 11393 11399
f 11399 11392 11398
f 11399 11393 11392
f 11398 11392 11391
f 11398 11391 11397
f 11397 11391 5752
f 11397 5752 5757
f 4492 11342 4494
f 11396 3535 11390
f 11396 3527 3535
f 11395 11388 11394
f 11395 11390 11389
f 11395 11389 11388
f 11394 11388 11393
f 11393 11386 11392
f 11393 11388 11387
f 11393 11387 11386
f 11392 11386 11385
f 11392 11385 11391
f 11300 11294 11299
f 11304 11192 11191
f 11303 11298 11297
f 11303 11297 6035
f 11303 6035 6041
f 11303 6041 5994
f 11303 11193 11192
f 11303 5994 11193
f 11302 11295 11301
f 11302 11296 11295
f 11302 4612 11296
f 11301 11294 11300
f 11301 11295 11294
f 11304 11303 11192
f 11299 11294 11293
f 11299 11292 11298
f 11299 11293 11292
f 11298 11291 11297
f 11298 11292 11291
f 11297 11291 6029
f 11297 6029 6035
f 11296 11290 11289
f 11296 4604 11290
f 11296 11289 11295
f 11296 4612 4608
f 11307 11302 11301
f 11310 11251 11250
f 11309 2133 11254
f 11309 11254 11251
f 2133 2132 11254
f 11308 11302 11307
f 11308 11188 4582
f 11308 11307 11188
f 11308 4612 11302
f 11308 4582 4612
f 11307 11301 11306
f 11307 11306 11189
f 11296 4608 4604
f 11307 11189 11188
f 11306 11299 11305
f 11306 11305 11191
f 11306 11301 11300
f 11306 11300 11299
f 11306 11190 11189
f 11306 11191 11190
f 11305 11304 11191
f 11305 11299 11304
f 11304 11298 11303
f 11304 11299 11298
f 11279 11273 6010
f 11284 4600 4596
f 11284 4596 11278
f 11284 11278 11283
f 11283 11276 11282
f 11283 11278 11277
f 11283 11277 11276
f 11282 11276 11281
f 11281 11275 11274
f 11281 11274 11280
f 11281 11276 11275
f 11280 11274 11273
f 11280 11273 11279
f 11285 6019 6023
f 11279 6010 6019
f 11278 11272 11271
f 11278 4592 11272
f 11278 11271 11277
f 11278 4596 4592
f 11277 11271 11270
f 11277 11270 11276
f 11276 11270 11269
f 11276 11269 11275
f 11275 11269 11268
f 11275 11268 11274
f 11290 11283 11289
f 11295 11288 11294
f 11295 11289 11288
f 11294 11287 11293
f 11294 11288 11287
f 11293 11287 11286
f 11293 11286 11292
f 11292 11285 11291
f 11292 11286 11285
f 11291 11285 6023
f 11291 6023 6029
f 11290 4600 11284
f 11310 11309 11251
f 11290 11284 11283
f 11290 4604 4600
f 11289 11283 11288
f 11288 11281 11287
f 11288 11283 11282
f 11288 11282 11281
f 11287 11281 11280
f 11287 11280 11286
f 11286 11279 11285
f 11286 11280 11279
f 11285 11279 6019
f 11315 4508 4507
f 11335 4517 4516
f 11335 11316 11315
f 11335 11317 11316
f 5952 5957 11333
f 5957 5956 11333
f 5956 5955 11333
f 11333 5955 11334
f 11332 4511 11331
f 11332 4515 4511
f 5958 11320 11319
f 5958 5960 11320
f 11331 4511 4475
f 11335 4518 4517
f 11330 11328 11329
f 11330 11313 5825
f 11330 5830 11328
f 11330 11329 11311
f 11330 5825 5830
f 11330 11312 11313
f 11330 11311 11312
f 11329 2139 11309
f 11329 11328 2152
f 11329 2152 2151
f 11329 2151 2139
f 11338 4516 4515
f 11342 11341 4494
f 4494 11341 4496
f 11338 11334 5955
f 11338 4515 11332
f 11338 5954 11337
f 11338 11337 4516
f 11338 5955 5953
f 11338 5953 5954
f 11338 11332 11340
f 11338 11340 11339
f 11338 11339 11334
f 11329 11310 11311
f 11337 11336 11335
f 11337 5961 11336
f 11337 11335 4516
f 11337 5954 5961
f 11336 5958 11319
f 11336 11317 11335
f 11336 5961 5958
f 11336 11318 11317
f 11336 11319 11318
f 11335 11315 4507
f 11335 4507 4518
f 11266 4585 11315
f 5959 11256 5960
f 11256 11258 11320
f 11256 11320 5960
f 11258 11260 11319
f 11258 11319 11320
f 11260 11262 11318
f 11260 11318 11319
f 11262 11264 11317
f 11262 11317 11318
f 11264 11266 11316
f 11264 11316 11317
f 11321 2143 2144
f 11266 11315 11316
f 4585 4508 11315
f 5824 11314 5828
f 11314 11313 11244
f 11314 11244 5828
f 11313 11312 11245
f 11313 11245 11244
f 11312 11311 11248
f 11312 11248 11245
f 11311 11310 11250
f 11311 11250 11248
f 11325 11326 11322
f 11329 11309 11310
f 11328 5829 11325
f 11328 11325 2153
f 11328 2153 2152
f 11328 5830 5827
f 11328 5827 5829
f 11325 5835 11324
f 11325 11322 2154
f 11325 2154 2153
f 11325 11324 11327
f 11325 11327 11326
f 11126 11120 11119
f 11325 5829 5835
f 5824 5826 11314
f 5826 5825 11314
f 11314 5825 11313
f 5835 5834 11324
f 5834 5831 11323
f 5834 11323 11324
f 11309 2139 2133
f 5831 5833 11323
f 11322 11321 2154
f 2154 11321 2144
f 10935 10937 10936
f 10940 10927 10928
f 10939 10938 10924
f 10939 10924 10927
f 10938 5120 10923
f 10938 10923 10924
f 5120 5121 10923
f 10935 10934 5105
f 10935 10930 2000
f 10935 1999 10934
f 10935 5104 10929
f 10935 2000 1999
f 10935 10929 10937
f 10940 10939 10927
f 10935 10936 10930
f 10935 5105 5104
f 10934 1998 10933
f 10934 10933 5106
f 10934 1999 1998
f 10934 5106 5105
f 10933 1998 10932
f 10933 10932 5106
f 10932 10931 5107
f 10932 1998 10931
f 10932 5107 5106
f 10946 10936 10937
f 10939 5119 10938
f 10938 5119 5120
f 2023 2009 10944
f 2009 2010 10944
f 5114 10947 5115
f 10947 5113 5115
f 5113 10947 10929
f 5113 10929 5102
f 10947 10946 10937
f 10947 10937 10929
f 10946 10945 10936
f 10931 1993 10919
f 10945 10944 10930
f 10945 10930 10936
f 10944 2010 1988
f 10944 1988 10930
f 2016 10943 4238
f 10943 10942 10921
f 10943 10921 4238
f 10942 10941 10922
f 10942 10922 10921
f 10941 10940 10928
f 10941 10928 10922
f 7691 5122 10907
f 10926 10927 10924
f 10926 4245 4240
f 10925 7691 10908
f 10925 10910 4247
f 10925 7693 7691
f 10925 4247 4245
f 10925 10911 10910
f 10925 10909 10911
f 10925 10908 10909
f 5121 7695 10923
f 10923 7695 10924
f 7691 10907 10908
f 10926 10928 10927
f 10922 4240 10921
f 10921 4240 4238
f 10910 10912 4247
f 4247 10912 4249
f 3969 10899 10920
f 3969 10920 1992
f 10899 10900 10920
f 10900 10904 10919
f 10900 10919 10920
f 10904 10905 10918
f 10904 10918 10919
f 1993 10920 10919
f 10931 10916 5108
f 10931 1998 1997
f 10931 1997 1993
f 10931 5108 5107
f 10931 10917 10916
f 10931 10918 10917
f 10931 10919 10918
f 1988 1987 10930
f 1987 2000 10930
f 10929 5104 5103
f 10929 5103 5102
f 2014 2015 10942
f 1993 1992 10920
f 5108 10916 5109
f 10916 10915 5109
f 5109 10915 5110
f 10915 5111 5110
f 10926 10924 7695
f 10926 10925 4245
f 10926 4240 10922
f 10926 7693 10925
f 10926 7695 7693
f 10926 10922 10928
f 10967 10960 10965
f 10978 2099 2090
f 10976 10975 10974
f 10976 10977 10975
f 10974 10973 10972
f 10974 10975 10973
f 10972 10971 10970
f 10972 10973 10971
f 10970 10969 10968
f 10970 10971 10969
f 10968 6069 6078
f 3283 3271 3270
f 10968 10969 6069
f 10978 10979 10977
f 10967 10958 6131
f 10967 6075 10960
f 10967 10965 10966
f 10967 6131 6130
f 10967 6130 6076
f 10967 6076 6075
f 10967 10966 10958
f 10965 10960 10963
f 10965 10963 10964
f 10965 10964 10966
f 10963 2189 10957
f 10984 10974 10983
f 10989 10983 10982
f 10988 10981 10987
f 10988 10982 10981
f 10987 10980 10986
f 10987 10981 10980
f 10986 10980 6083
f 10986 6083 6090
f 10985 10978 10976
f 10985 2099 10978
f 10985 10976 10984
f 10985 2103 2099
f 10963 10960 2191
f 10984 10976 10974
f 10983 10972 10982
f 10983 10974 10972
f 10982 10972 10970
f 10982 10970 10981
f 10981 10968 10980
f 10981 10970 10968
f 10980 10968 6078
f 10980 6078 6083
f 10978 10977 10976
f 10978 2090 10979
f 10949 10948 5117
f 10951 5119 10939
f 10951 2025 10950
f 10951 5117 5118
f 10951 5118 5119
f 10951 2015 2025
f 10951 10941 10942
f 10951 10940 10941
f 10951 10939 10940
f 10950 2024 10949
f 10950 10949 5117
f 10950 2025 2024
f 10951 10942 2015
f 10949 2024 10948
f 10948 2023 10944
f 10948 10947 5114
f 10948 5114 5116
f 10948 5116 5117
f 10948 10946 10947
f 10948 10945 10946
f 10948 10944 10945
f 10948 2024 2023
f 2016 2014 10943
f 10943 2014 10942
f 6132 6131 10958
f 10963 10957 10964
f 10963 2191 2190
f 10963 2190 2189
f 10960 6075 10956
f 10960 10953 2192
f 10960 2192 2191
f 10960 10956 10962
f 10960 10962 10961
f 10960 10961 10953
f 6125 6132 10959
f 10959 6132 10958
f 10905 10902 10917
f 6075 6072 10956
f 10957 2189 10955
f 6072 6074 10954
f 6072 10954 10956
f 10955 2189 2188
f 10955 2188 2094
f 6074 6073 10954
f 10953 10952 2192
f 2192 10952 2193
f 10952 2194 2193
f 10951 10950 5117
f 10876 7685 7687
f 90 3598 91
f 10866 3586 3596
f 10876 10854 7684
f 10876 7687 10875
f 10876 3964 10851
f 10876 10873 3966
f 10876 3966 3965
f 10876 3965 3964
f 10876 10875 10878
f 10876 10878 10877
f 10876 10877 10873
f 10876 7684 7685
f 7672 7669 10871
f 10876 10859 10854
f 10876 10858 10859
f 10876 10851 10858
f 7682 7683 10852
f 10852 7683 10854
f 7683 7684 10854
f 10851 3963 10850
f 10851 3964 3963
f 7687 7689 10875
f 10850 3963 3958
f 7689 5124 10874
f 10879 3596 3595
f 10882 3607 3599
f 10881 10880 10879
f 10881 7670 10880
f 10881 10879 3607
f 10881 7673 7670
f 10880 7672 10870
f 10880 10868 10879
f 10880 7670 7672
f 10880 10869 10868
f 10880 10870 10869
f 10879 10866 3596
f 7689 10874 10875
f 10879 3595 3608
f 10879 3608 3607
f 10879 10867 10866
f 10879 10868 10867
f 98 7681 99
f 7681 7679 99
f 7679 7677 99
f 99 7677 100
f 92 3598 90
f 92 3599 3598
f 7672 10871 10870
f 10857 10851 3957
f 10861 10860 3961
f 10861 3953 10853
f 10861 10853 10862
f 10861 10862 10863
f 10861 3961 3954
f 10861 3954 3953
f 10860 7674 10857
f 10860 10857 3962
f 10860 7668 7671
f 10860 7671 7674
f 10860 3962 3961
f 10857 7676 10854
f 10864 10865 10856
f 10857 7674 7676
f 10857 3957 3962
f 10857 10854 10859
f 10857 10859 10858
f 10857 10858 10851
f 7665 7667 10855
f 7667 7666 10855
f 10855 7666 10856
f 7676 7678 10854
f 7678 7680 10852
f 7678 10852 10854
f 10863 10868 10869
f 3966 10873 3967
f 10873 10872 3967
f 3967 10872 3979
f 7665 10855 10871
f 7665 10871 7669
f 10855 10856 10871
f 10856 10865 10870
f 10856 10870 10871
f 10865 10863 10869
f 10865 10869 10870
f 10863 10862 10868
f 10882 106 100
f 10862 10853 10867
f 10862 10867 10868
f 10853 3586 10866
f 10853 10866 10867
f 10853 3587 3586
f 10864 10860 10861
f 10864 10856 7666
f 10864 7668 10860
f 10864 10861 10863
f 10864 7666 7668
f 10864 10863 10865
f 10903 10902 10905
f 10906 10884 7690
f 10906 3975 10887
f 10906 10903 3973
f 10906 7692 10903
f 10906 3973 3975
f 10906 7690 7692
f 10906 10885 10884
f 10906 10886 10885
f 10906 10887 10886
f 10903 7694 10902
f 10903 10900 3968
f 10903 3968 3973
f 10907 5122 5125
f 10903 10905 10904
f 10903 10904 10900
f 10903 7692 7694
f 5123 7690 10883
f 10883 7690 10884
f 7694 5112 10901
f 7694 10901 10902
f 10887 3975 10888
f 10888 3975 3977
f 10900 10899 3968
f 3968 10899 3969
f 10913 10911 10909
f 10905 10917 10918
f 10902 10901 10916
f 10902 10916 10917
f 10901 5112 10915
f 10901 10915 10916
f 5112 5111 10915
f 10914 10898 10913
f 10914 10913 10897
f 10914 10897 10898
f 10913 10898 10911
f 10913 10909 10897
f 10896 10894 7688
f 4251 10912 10891
f 4251 4249 10912
f 10891 10910 10892
f 10891 10912 10910
f 10892 10911 10898
f 10892 10910 10911
f 10897 10909 10894
f 10909 10908 10894
f 10894 10908 10893
f 10908 10907 10893
f 10893 10907 5125
f 10884 10874 10883
f 10890 10889 10878
f 10890 10885 10886
f 10889 10877 10878
f 3977 3979 10888
f 3979 10872 10888
f 10888 10872 10887
f 10872 10873 10887
f 10887 10873 10886
f 10873 10877 10886
f 10885 10875 10884
f 10885 10878 10875
f 10890 10877 10889
f 10884 10875 10874
f 10883 5124 5123
f 10883 10874 5124
f 10882 100 7677
f 10882 3599 92
f 10882 7673 10881
f 10882 10881 3607
f 10882 7677 7675
f 10882 7675 7673
f 10882 92 107
f 10882 107 106
f 10895 110 109
f 10896 7686 10895
f 10896 4242 10892
f 10896 10895 4242
f 10896 7688 7686
f 10896 10892 10898
f 10896 10898 10897
f 10896 10897 10894
f 10895 7686 101
f 10895 96 4239
f 10895 4239 4242
f 10895 101 110
f 10989 10982 10988
f 10895 109 96
f 5125 7688 10893
f 10893 7688 10894
f 7686 104 103
f 7686 103 101
f 10892 4242 10891
f 10891 4242 4251
f 96 93 4239
f 4239 93 95
f 10890 10886 10877
f 10890 10878 10885
f 11063 11062 5019
f 11079 4014 4006
f 11079 5020 5023
f 11079 11068 11063
f 11079 11067 11068
f 11079 11064 11067
f 4000 3999 11078
f 3999 4017 11078
f 11077 5022 5021
f 11077 5021 5015
f 4006 11065 11064
f 4006 4005 11065
f 5020 11063 5019
f 11079 11063 5020
f 5019 11062 5018
f 11062 5017 5018
f 11076 11061 11075
f 11076 11075 11060
f 11076 11060 11061
f 11075 11061 11073
f 11075 11071 11060
f 11075 11073 11071
f 4485 11074 11055
f 4485 4483 11074
f 11055 11072 11056
f 11083 5024 5022
f 11086 4472 4470
f 11072 11074 4481
f 4481 11074 4483
f 11083 11078 4017
f 11083 4016 11082
f 11083 11082 5024
f 11083 5022 11077
f 11083 4017 4016
f 11083 11077 11085
f 11083 11085 11084
f 11083 11084 11078
f 11055 11074 11072
f 11082 4015 11081
f 11082 11081 5025
f 11082 4016 4015
f 11082 5025 5024
f 11081 4015 11080
f 11081 11080 5025
f 11080 11079 5023
f 11080 4014 11079
f 11080 4015 4014
f 11080 5023 5025
f 11079 4006 11064
f 11059 11046 11047
f 11059 11057 6054
f 11059 6058 11041
f 11059 4473 11056
f 11059 11039 4467
f 11059 6054 6056
f 11059 6056 6058
f 11059 11056 11061
f 11059 11061 11060
f 11059 11060 11057
f 11059 4467 4471
f 11059 4471 4473
f 11059 11047 11039
f 11062 11050 5016
f 11059 11041 11046
f 5037 6052 11058
f 11058 6052 11057
f 6052 6054 11057
f 11056 4476 11055
f 11056 4473 4476
f 6058 6060 11041
f 11055 4476 4485
f 6060 11040 11041
f 6060 6062 11040
f 4467 11039 4466
f 11066 11068 11067
f 11056 11073 11061
f 11056 11072 11073
f 11060 11071 11057
f 11071 11070 11057
f 11057 11070 11058
f 11070 11069 11058
f 11058 11069 5037
f 11069 5038 5037
f 11066 11064 11049
f 11066 11051 11063
f 11066 11063 11068
f 11087 4472 11086
f 11066 11067 11064
f 11066 11054 11051
f 11066 11053 11054
f 11066 11049 11053
f 4005 4024 11065
f 11065 11048 11064
f 11065 4024 11048
f 11064 11048 11049
f 11063 11050 11062
f 11063 11051 11050
f 11062 5016 5017
f 11110 4610 11106
f 11115 5005 5003
f 11114 4606 11110
f 11114 11109 11113
f 11114 4602 4606
f 11114 11110 11109
f 11113 11109 11108
f 11113 11108 11112
f 11112 11108 11107
f 11112 11107 11111
f 11111 11107 5007
f 11111 5007 5005
f 11110 11106 11109
f 11115 11111 5005
f 11110 4606 4610
f 11109 11106 11105
f 11109 11105 11104
f 11109 11104 11108
f 11108 11103 11107
f 11108 11104 11103
f 11107 11103 5009
f 11107 5009 5007
f 11106 4614 11102
f 11106 11102 11101
f 11106 11101 11105
f 11120 11116 11119
f 11123 11119 5001
f 11123 4997 11124
f 11123 11124 11125
f 11123 5001 4998
f 11123 4998 4997
f 11122 11117 11121
f 11122 4594 4598
f 11122 4598 11118
f 11122 11118 11117
f 11121 11116 11120
f 11121 11117 11116
f 11106 4610 4614
f 11119 11115 5003
f 11119 11116 11115
f 11119 5003 5001
f 11118 11114 11113
f 11118 4598 4602
f 11118 11113 11117
f 11118 4602 11114
f 11117 11113 11116
f 11116 11112 11111
f 11116 11111 11115
f 11116 11113 11112
f 11091 4479 4472
f 11095 11085 11077
f 4589 4588 11094
f 5013 11077 5015
f 11091 11089 6139
f 11091 11090 4479
f 11091 4472 11087
f 11091 6141 11090
f 11091 6139 6141
f 11091 11087 11093
f 11091 11093 11092
f 11091 11092 11089
f 11095 11077 5013
f 11090 6143 11070
f 11090 11072 4481
f 11090 6141 6143
f 11090 4481 4479
f 11090 11073 11072
f 11090 11071 11073
f 11090 11070 11071
f 5027 6139 11088
f 11088 6139 11089
f 6143 11069 11070
f 6143 5038 11069
f 11101 11097 11096
f 11105 11100 11104
f 11105 11101 11100
f 11104 11100 11099
f 11104 11099 11103
f 11103 11099 5011
f 11103 5011 5009
f 11102 11098 11097
f 11102 4617 11098
f 11102 11097 11101
f 11102 4614 4617
f 11101 11096 11100
f 11039 11038 4466
f 11100 11096 11095
f 11100 11095 11099
f 11099 11095 5013
f 11099 5013 5011
f 11098 11078 11097
f 11098 4617 4000
f 11098 4000 11078
f 11097 11084 11096
f 11097 11078 11084
f 11096 11085 11095
f 11096 11084 11085
f 11012 11007 11006
f 11015 2093 11009
f 11015 2094 2093
f 11015 10955 2094
f 11015 10957 10955
f 11014 11007 11013
f 11014 11013 10964
f 11014 11008 11007
f 11014 10964 10957
f 11013 11012 10966
f 11013 11007 11012
f 11013 10966 10964
f 11012 11011 10958
f 11015 11009 11008
f 11012 11005 11011
f 11012 11006 11005
f 11012 10958 10966
f 11011 11004 11010
f 11011 11010 10959
f 11011 11005 11004
f 11011 10959 10958
f 11010 11004 6111
f 11010 6111 6118
f 11010 6118 6125
f 11010 6125 10959
f 6073 6129 10954
f 11023 10956 6133
f 11023 4019 10953
f 11023 4020 4019
f 11023 10962 10956
f 11023 10961 10962
f 11023 10953 10961
f 11020 11017 4022
f 11020 4022 4021
f 11020 4021 4020
f 11020 11022 11021
f 11020 11021 11017
f 11009 11002 11008
f 10954 6129 10956
f 6129 6133 10956
f 10953 4018 10952
f 10953 4019 4018
f 10952 4018 2194
f 6136 5046 11018
f 6136 11018 11019
f 11017 11016 4022
f 4022 11016 4034
f 11015 11014 10957
f 11015 11008 11014
f 10994 10987 10993
f 10999 10992 10998
f 10998 10992 6097
f 10998 6097 6104
f 10997 10991 10990
f 10997 10990 10996
f 10997 2117 2111
f 10997 2111 2105
f 10997 2105 10991
f 10996 10989 10995
f 10996 10990 10989
f 10995 10988 10994
f 10995 10989 10988
f 10999 10993 10992
f 10994 10988 10987
f 10993 10987 10986
f 10993 10986 10992
f 10992 10986 6090
f 10992 6090 6097
f 10991 2103 10985
f 10991 10985 10984
f 10991 2105 2103
f 10991 10984 10990
f 10990 10984 10983
f 10990 10983 10989
f 11004 10999 10998
f 11009 11003 11002
f 11009 2123 11003
f 11009 2093 2123
f 11008 11002 11001
f 11008 11001 11007
f 11007 11000 11006
f 11007 11001 11000
f 11006 10999 11005
f 11006 11000 10999
f 11005 10999 11004
f 11004 10998 6104
f 11023 11020 4020
f 11004 6104 6111
f 11003 10997 11002
f 11003 2117 10997
f 11003 2123 2117
f 11002 10997 10996
f 11002 10996 10995
f 11002 10995 11001
f 11001 10994 11000
f 11001 10995 10994
f 11000 10994 10993
f 11000 10993 10999
f 11044 6064 6071
f 11045 2160 11039
f 11045 6064 11044
f 11045 11044 2168
f 11045 6065 6063
f 11045 6063 6064
f 11045 11039 11047
f 11045 11047 11046
f 11045 11046 11041
f 11045 2168 2160
f 11044 11043 11042
f 11044 6071 11043
f 11044 11042 2168
f 11045 11041 6065
f 11043 6068 11029
f 11043 11027 11042
f 11043 6071 6068
f 11043 11028 11027
f 11043 11029 11028
f 11042 11025 2156
f 11042 2156 2155
f 11042 2155 2169
f 11042 2169 2168
f 11042 11026 11025
f 11042 11027 11026
f 11052 11033 11032
f 4466 11038 2158
f 11052 11032 6147
f 11052 6145 11051
f 11052 4030 11034
f 11052 11049 4023
f 11052 4023 4028
f 11052 4028 4030
f 11052 11051 11054
f 11052 11054 11053
f 11052 11053 11049
f 11052 6147 6145
f 6062 6067 11040
f 11052 11035 11033
f 11052 11034 11035
f 5048 6149 11031
f 11031 6149 11032
f 6149 6147 11032
f 6145 5016 11050
f 6145 11050 11051
f 11034 4030 11036
f 11036 4030 4032
f 11049 11048 4023
f 4023 11048 4024
f 10977 10979 11025
f 11018 5046 5048
f 6069 10969 11030
f 6069 11030 6070
f 10969 10971 11029
f 10969 11029 11030
f 10971 10973 11028
f 10971 11028 11029
f 10973 10975 11027
f 10973 11027 11028
f 10975 10977 11026
f 10975 11026 11027
f 11031 11018 5048
f 10977 11025 11026
f 10979 2091 11025
f 10979 2090 2091
f 11024 11022 11020
f 11024 11023 6133
f 11024 6136 11019
f 11024 11020 11023
f 11024 11019 11022
f 11024 6133 6135
f 11024 6135 6138
f 11024 6138 6136
f 11037 11033 11035
f 6067 6066 11040
f 6066 6065 11040
f 11040 6065 11041
f 11039 2159 11038
f 11039 2160 2159
f 6068 11030 11029
f 6068 6070 11030
f 11038 2159 2158
f 11025 2091 2156
f 11037 11035 11021
f 11037 11022 11033
f 10367 7619 10364
f 11037 11021 11022
f 4032 11016 11036
f 4032 4034 11016
f 11036 11017 11034
f 11036 11016 11017
f 11034 11021 11035
f 11034 11017 11021
f 11033 11022 11032
f 11022 11019 11032
f 11032 11019 11031
f 11019 11018 11031
f 3184 3185 3186
f 3190 3181 3182
f 3190 3174 3181
f 3124 3125 3176
f 3125 3126 3176
f 3176 3188 3177
f 3176 3126 3188
f 3126 3127 3188
f 3177 3188 3189
f 3174 3185 3172
f 3174 3187 3185
f 3172 3185 3184
f 3172 3184 3173
f 3190 3182 3177
f 3180 3169 3120
f 3180 3122 3177
f 3180 3179 3166
f 3180 3174 3175
f 3180 3175 3183
f 3180 3183 3179
f 3180 3177 3182
f 3180 3182 3181
f 3180 3181 3174
f 3180 3120 3121
f 3180 3121 3122
f 3201 3200 3202
f 2259 3211 3210
f 2256 3210 2257
f 2259 3210 2256
f 3209 2260 2262
f 3207 3205 3206
f 3207 3206 3208
f 3205 3203 3204
f 3205 3204 3206
f 3203 3201 3202
f 3203 3202 3204
f 3201 3199 3200
f 3180 3168 3169
f 3199 3197 3198
f 3199 3198 3200
f 3197 3193 3196
f 3197 3196 3198
f 3193 3195 3196
f 3193 3194 3195
f 3190 3177 3189
f 3190 3187 3174
f 3190 3189 3192
f 3190 3192 3191
f 3190 3191 3187
f 3163 3162 3160
f 3166 3164 3136
f 3166 3136 3139
f 3164 3137 3136
f 3164 3165 3137
f 3142 3162 3161
f 3158 3162 3149
f 3160 3162 3129
f 3133 3162 3157
f 3129 3162 3130
f 3130 3162 3131
f 3131 3162 3132
f 3132 3162 3133
f 3167 3139 3141
f 3161 3162 3163
f 3156 3162 3142
f 3154 3162 3156
f 3149 3162 3154
f 3157 3162 3158
f 3161 3141 3140
f 3161 3140 3142
f 3128 3160 3129
f 3158 3149 3148
f 3159 3148 3150
f 3158 3148 3159
f 3175 3174 3171
f 3180 3167 3168
f 3180 3166 3167
f 3118 3119 3170
f 3170 3119 3169
f 3119 3120 3169
f 3166 3178 3164
f 3166 3179 3178
f 3122 3123 3177
f 3164 3178 3165
f 3123 3124 3176
f 3123 3176 3177
f 3194 3193 3212
f 3174 3172 3171
f 3171 3172 3173
f 3118 3170 3160
f 3118 3160 3128
f 3170 3169 3163
f 3170 3163 3160
f 3169 3168 3161
f 3169 3161 3163
f 3168 3167 3141
f 3168 3141 3161
f 3167 3166 3139
f 2266 3250 2267
f 3254 3255 3256
f 3244 3247 3253
f 3244 3253 3245
f 3249 3250 2266
f 3246 3250 3247
f 2268 3250 3237
f 3241 3250 3242
f 3237 3250 3238
f 3238 3250 3239
f 3239 3250 3240
f 3240 3250 3241
f 2267 3250 2268
f 3254 3257 3255
f 3252 3250 3249
f 3251 3250 3252
f 3247 3250 3251
f 3242 3250 3246
f 2266 2265 3248
f 2266 3248 3249
f 2263 2268 3237
f 3243 3247 3244
f 3246 3247 3243
f 3243 3244 3245
f 3241 3242 3236
f 3265 3264 3266
f 3253 3254 3269
f 3253 3269 3270
f 3254 3256 3268
f 3254 3268 3269
f 3256 3267 3268
f 3261 3264 3259
f 3254 3264 3257
f 3263 3264 3253
f 3258 3264 3263
f 3259 3264 3258
f 3266 3264 3261
f 3241 3236 3212
f 3257 3264 3265
f 3253 3264 3254
f 3258 3263 3249
f 3247 3263 3253
f 3249 3263 3252
f 3252 3263 3251
f 3251 3263 3247
f 3259 3262 3260
f 3259 3260 3261
f 2265 3258 3248
f 3248 3258 3249
f 3211 3215 3220
f 3224 3225 3226
f 3019 3020 3224
f 3017 3019 3223
f 3223 3019 3224
f 2166 3017 3222
f 3222 3017 3223
f 3221 2166 3222
f 3214 3215 3199
f 2259 3215 3211
f 3193 3215 3212
f 3209 3215 2260
f 3020 3225 3224
f 3220 3215 3219
f 3219 3215 3214
f 2260 3215 2259
f 3218 3215 3209
f 3217 3215 3218
f 3216 3215 3217
f 3212 3215 3216
f 3197 3215 3193
f 3199 3215 3197
f 3199 3201 3213
f 3199 3213 3214
f 3236 3195 3194
f 3212 3236 3194
f 3240 3241 3216
f 3216 3241 3212
f 3239 3240 3216
f 3238 3239 3218
f 3218 3239 3217
f 3217 3239 3216
f 3237 3238 3209
f 3209 3238 3218
f 2262 3237 3209
f 2263 3237 2262
f 3133 3157 3134
f 3235 3195 3236
f 3233 3195 3234
f 3234 3195 3235
f 3231 3233 3232
f 3232 3233 3234
f 3229 3231 3230
f 3230 3231 3232
f 3227 3229 3228
f 3228 3229 3230
f 3225 3227 3226
f 3226 3227 3228
f 3074 3075 3076
f 3081 2605 3082
f 2602 2604 3080
f 3080 2604 3081
f 2087 2602 3079
f 3079 2602 3080
f 2079 2087 3079
f 3074 3067 3069
f 3074 3066 3065
f 3074 3065 3078
f 3074 3078 3077
f 3074 3077 3067
f 3074 3076 3066
f 2604 2605 3081
f 3074 3069 3075
f 3073 3070 3072
f 3072 3068 3067
f 3072 3070 3068
f 3070 3071 3068
f 3067 3068 3069
f 3065 3059 3063
f 3065 3066 3059
f 3063 3059 3062
f 3063 3062 3064
f 3062 3059 3061
f 3026 3091 3024
f 3035 3096 3085
f 3027 3096 3042
f 3042 3096 3041
f 3041 3096 3035
f 3098 3096 3091
f 3092 3096 3098
f 3097 3096 3094
f 3090 3096 3097
f 3085 3096 3086
f 3092 3095 3093
f 3092 3093 3094
f 3059 3060 3061
f 3024 3091 3027
f 3086 3090 3087
f 3088 3087 3089
f 3086 3087 3088
f 3034 3035 3085
f 3034 3085 3032
f 2597 2599 3084
f 2606 2597 3083
f 3083 2597 3084
f 2605 2606 3082
f 3082 2606 3083
f 3036 3039 3037
f 3028 3043 3031
f 3040 3043 3025
f 3031 3043 3045
f 3045 3043 3044
f 3044 3043 3038
f 3025 3043 3028
f 3036 3043 3033
f 3033 3040 3035
f 3027 3040 3025
f 3042 3040 3027
f 3041 3040 3042
f 3035 3040 3041
f 3033 3043 3040
f 3036 3037 3038
f 3034 3033 3035
f 3032 3033 3034
f 3028 3031 3029
f 3028 3029 3030
f 3024 3027 3025
f 3024 3025 3026
f 3021 3016 2165
f 3021 2162 3015
f 3021 2165 2172
f 3021 2172 2171
f 3057 3055 3049
f 2689 3058 3054
f 3051 3058 3055
f 3050 3058 2683
f 3055 3058 3047
f 2683 3058 2685
f 2685 3058 2687
f 2687 3058 2689
f 3047 3058 3050
f 3054 3058 3051
f 3051 3055 3053
f 3049 3055 3047
f 3091 3096 3027
f 3056 3055 3057
f 3053 3055 3056
f 3054 2693 2691
f 3054 2691 2689
f 3052 3051 3053
f 1678 3051 3052
f 3050 2683 2681
f 3050 2681 2678
f 3046 3049 3047
f 3046 3047 3048
f 3038 3043 3036
f 3061 3060 3127
f 3132 3133 3090
f 3090 3133 3087
f 3131 3132 3097
f 3097 3132 3090
f 3130 3131 3094
f 3094 3131 3097
f 3129 3130 3093
f 3093 3130 3094
f 3095 3129 3093
f 3128 3129 3095
f 3128 3095 3118
f 3118 3095 3099
f 3087 3134 3089
f 3062 3061 3126
f 3126 3061 3127
f 3064 3062 3125
f 3125 3062 3126
f 3113 3064 3123
f 3124 3064 3125
f 3123 3064 3124
f 3114 3113 3122
f 3122 3113 3123
f 3116 3114 3121
f 3121 3114 3122
f 3152 3151 3153
f 3149 3155 3147
f 3139 3155 3142
f 3147 3155 3151
f 3151 3155 3139
f 3142 3155 3156
f 3156 3155 3154
f 3154 3155 3149
f 3144 3151 3146
f 3138 3151 3136
f 3136 3151 3139
f 3153 3151 3138
f 3111 3116 3120
f 3146 3151 3152
f 3147 3151 3144
f 3147 3150 3148
f 3147 3148 3149
f 3145 3144 3146
f 3143 3144 3145
f 3139 3142 3140
f 3139 3140 3141
f 3135 3138 3136
f 3135 3136 3137
f 3133 3134 3087
f 3104 3025 3028
f 3111 3109 3101
f 3072 3110 3073
f 3109 3099 3100
f 3109 3100 3101
f 3108 3104 3107
f 3104 3105 3107
f 3107 3105 3106
f 3106 3105 3030
f 3105 3104 3028
f 3105 3028 3030
f 3104 3103 3025
f 3067 3112 3110
f 3103 3102 3026
f 3103 3026 3025
f 3102 3101 3091
f 3102 3091 3026
f 3101 3100 3098
f 3101 3098 3091
f 3100 3099 3092
f 3100 3092 3098
f 3099 3095 3092
f 3094 3096 3092
f 3086 3096 3090
f 3115 3101 3102
f 3120 3116 3121
f 3109 3111 3119
f 3119 3111 3120
f 3099 3109 3118
f 3118 3109 3119
f 3115 3065 3114
f 3115 3111 3101
f 3115 3112 3067
f 3115 3104 3108
f 3115 3108 3117
f 3115 3117 3112
f 3245 3270 3271
f 3115 3102 3103
f 3115 3103 3104
f 3115 3114 3116
f 3115 3116 3111
f 3115 3078 3065
f 3115 3077 3078
f 3115 3067 3077
f 3064 3113 3063
f 3063 3113 3065
f 3113 3114 3065
f 3067 3110 3072
f 3417 3412 3401
f 3431 3428 3432
f 3429 3426 3430
f 3426 3427 3428
f 3425 3422 3423
f 3422 3424 3421
f 3423 3422 3401
f 3423 3401 3403
f 3422 3421 3401
f 3421 3405 3401
f 3417 3410 3406
f 3417 3401 3404
f 3417 3406 3412
f 3431 3432 3433
f 3417 3420 3410
f 3417 3419 3420
f 3417 3418 3419
f 3417 3404 3418
f 3412 3406 3408
f 3412 3402 3401
f 3412 3416 3402
f 3412 3415 3416
f 3412 3414 3415
f 3412 3413 3414
f 3412 3408 3413
f 3436 3426 3431
f 3447 2048 2027
f 2048 2028 2027
f 3446 2027 2029
f 3445 2031 3443
f 3445 2032 2031
f 3443 2031 3442
f 3443 3442 3444
f 3442 2031 3441
f 2031 2033 3441
f 3436 3430 3426
f 3436 3422 3425
f 3411 3406 3409
f 3436 3431 3422
f 3436 3440 3430
f 3436 3439 3440
f 3436 3438 3439
f 3436 3437 3438
f 3436 3425 3437
f 3431 3426 3428
f 3431 3424 3422
f 3431 3435 3424
f 3431 3434 3435
f 3431 3433 3434
f 3385 3022 3015
f 3389 869 879
f 3388 3387 870
f 3388 870 869
f 3387 758 870
f 3385 3198 3231
f 3385 3227 3016
f 3385 3384 3204
f 3385 3015 3382
f 3385 3382 3386
f 3385 3386 3384
f 3385 3016 3023
f 3385 3023 3022
f 3389 3388 869
f 3385 3231 3229
f 3385 3229 3227
f 3385 3200 3198
f 3385 3202 3200
f 3385 3204 3202
f 3195 3233 3196
f 3196 3233 3198
f 3233 3231 3198
f 3204 3383 3206
f 3204 3384 3383
f 3227 3225 3016
f 3397 3396 3395
f 3409 3406 3410
f 3406 3407 3408
f 3404 3401 3405
f 3401 3402 3403
f 2582 3396 2614
f 2614 3396 3400
f 3400 3396 3399
f 2049 3398 2050
f 3399 3396 3397
f 3398 3395 3387
f 3398 3387 2050
f 3447 2027 3446
f 3395 3396 3387
f 840 3394 838
f 3394 3393 871
f 3394 871 838
f 3393 3392 871
f 3392 3391 872
f 3392 872 871
f 3391 3390 878
f 3391 878 872
f 3390 3389 879
f 3390 879 878
f 3465 3466 3467
f 3473 3479 3480
f 3473 3478 3479
f 3473 3477 3478
f 3473 3476 3477
f 3473 3475 3476
f 3473 3474 3475
f 3465 3472 596
f 3465 3471 3472
f 3465 3470 3471
f 3465 3469 3470
f 3465 3468 3469
f 3465 3467 3468
f 3473 3480 3481
f 3465 722 3466
f 3465 666 722
f 3465 668 666
f 3465 667 668
f 3465 663 667
f 3465 662 663
f 3465 661 662
f 3465 660 661
f 3465 596 660
f 2588 2590 3463
f 3463 2590 3464
f 3486 3487 3488
f 3496 3494 3493
f 3493 3486 3490
f 3493 3490 3482
f 3493 3482 3495
f 3493 3494 3486
f 3490 3486 3489
f 3490 3483 3482
f 3490 3492 3483
f 3490 3491 3492
f 3490 3489 3491
f 3486 3488 3489
f 2589 2588 3461
f 3482 3484 3485
f 3482 3483 3484
f 3473 722 3474
f 3473 3472 3471
f 3473 3471 3470
f 3473 3470 3469
f 3473 3469 3468
f 3473 3468 3467
f 3473 3467 3466
f 3473 3466 722
f 3473 3481 3472
f 3399 2612 3400
f 3455 3449 3450
f 3455 3446 3449
f 3444 3453 3443
f 3443 3453 3445
f 3453 3454 3445
f 3446 3398 3447
f 3446 3395 3398
f 3452 3451 2609
f 3447 3398 2049
f 3451 2607 2608
f 3451 2608 2609
f 3455 3450 3445
f 2612 2613 3400
f 3400 2613 2614
f 3448 3446 2029
f 3448 2032 3445
f 3448 3445 3450
f 3448 3450 3449
f 3448 3449 3446
f 3448 2044 2032
f 3448 2043 2044
f 3448 2029 2043
f 2049 2048 3447
f 2582 2581 3396
f 3462 2588 3463
f 3461 2588 3462
f 2595 2589 3460
f 3460 2589 3461
f 2596 2595 3459
f 3459 2595 3460
f 2583 2596 3458
f 3458 2596 3459
f 2581 2583 3457
f 3457 2583 3458
f 3396 2581 3457
f 3206 3383 3208
f 3455 3445 3454
f 3455 3452 2609
f 3455 3395 3446
f 3455 2612 3399
f 3455 3399 3397
f 3455 3397 3395
f 3455 2609 2610
f 3455 2610 2611
f 3455 2611 2612
f 3455 3454 3456
f 3455 3456 3452
f 3296 3306 3304
f 3318 3320 3311
f 3318 3319 3320
f 3318 3317 3319
f 3314 3316 3317
f 3314 3315 3316
f 3310 3312 3313
f 3310 3311 3312
f 3296 3305 3297
f 3296 3303 3309
f 3296 3309 3308
f 3296 3308 3307
f 3296 3307 3306
f 3318 3311 3310
f 3296 3304 3305
f 3296 1898 3303
f 3296 3302 1898
f 3296 3301 3302
f 3296 3300 3301
f 3296 3299 3300
f 3296 3298 3299
f 3296 3297 3298
f 3293 3279 3290
f 3293 3288 3281
f 3293 3281 3285
f 3325 3306 3307
f 2281 2280 3329
f 2281 3329 3330
f 2280 2258 3327
f 2280 3327 3328
f 2280 3328 3329
f 2258 3326 3327
f 3325 3322 3324
f 3325 3324 3323
f 3325 3309 3303
f 3325 3308 3309
f 3325 3307 3308
f 3293 3285 3284
f 3325 3304 3306
f 3325 3305 3304
f 3325 3323 3305
f 3325 3303 3322
f 3324 3321 3323
f 3324 3322 3321
f 3321 3314 3318
f 3321 3318 3310
f 3321 3310 3323
f 3321 3322 3314
f 3318 3314 3317
f 3234 3273 3272
f 3283 3230 3232
f 3283 3285 3281
f 3283 3284 3285
f 3283 3279 3284
f 3224 3226 3282
f 3282 3226 3281
f 3226 3228 3281
f 3279 3277 3276
f 3279 3280 3277
f 3232 3234 3272
f 3276 3277 3278
f 3234 3235 3273
f 3283 3228 3230
f 3275 3269 3274
f 3269 3268 3274
f 3274 3268 3267
f 3236 3242 3235
f 3242 3246 3273
f 3242 3273 3235
f 3246 3243 3272
f 3246 3272 3273
f 3243 3245 3271
f 3243 3271 3272
f 3245 3253 3270
f 3282 3287 3223
f 3293 3284 3279
f 3293 3295 3288
f 3293 3294 3295
f 3293 3290 3294
f 3278 3291 3276
f 3276 3289 3279
f 3276 3291 3289
f 3291 3292 3289
f 3279 3289 3290
f 3281 3287 3282
f 3281 3288 3287
f 2291 3330 3331
f 3282 3223 3224
f 3223 3287 3222
f 3287 3221 3222
f 3283 3281 3228
f 3283 3232 3272
f 3283 3280 3279
f 3283 3269 3275
f 3283 3275 3286
f 3283 3286 3280
f 3283 3272 3271
f 3283 3270 3269
f 3350 3366 3348
f 3203 3213 3201
f 3370 3371 3205
f 3370 3205 3207
f 3365 3367 3363
f 3358 3367 3361
f 3366 3367 3358
f 3363 3367 3366
f 3369 3367 3365
f 3368 3367 3369
f 3361 3367 3368
f 3344 3366 3357
f 3362 3366 3350
f 3203 3214 3213
f 3348 3366 3346
f 3346 3366 3344
f 3363 3366 3362
f 3357 3366 3358
f 3363 1472 3364
f 3363 3364 3365
f 3355 3362 3352
f 3352 3362 3350
f 3358 3361 3359
f 3358 3359 3360
f 3342 3344 3357
f 3214 3380 3219
f 3225 3020 3018
f 3225 3018 3016
f 3382 3015 3381
f 3015 3014 3381
f 3381 3014 2074
f 3211 3380 3376
f 3203 3380 3214
f 3377 3380 3203
f 3376 3380 3377
f 3220 3380 3211
f 3219 3380 3220
f 3342 3357 3337
f 3371 3377 3205
f 3373 3377 3374
f 3374 3377 3379
f 3379 3377 3378
f 3378 3377 3371
f 3376 3377 3373
f 3205 3377 3203
f 3376 2257 3210
f 3376 3210 3211
f 3375 3373 3372
f 3372 3373 3374
f 3329 1155 1157
f 1092 3333 1158
f 1092 1158 1090
f 3333 3332 1159
f 3333 1159 1158
f 3332 3331 1168
f 3332 1168 1159
f 3331 3330 1167
f 3331 1167 1168
f 3330 3329 1157
f 3330 1157 1167
f 3329 3328 1155
f 3334 1175 1156
f 3328 3327 1155
f 3327 3326 1156
f 3327 1156 1155
f 2285 2282 1092
f 2282 2284 3333
f 2282 3333 1092
f 2284 2290 3332
f 2284 3332 3333
f 2290 2291 3331
f 2290 3331 3332
f 2291 2281 3330
f 3344 3345 3346
f 3354 3356 3355
f 3353 3354 3352
f 3352 3354 3355
f 3351 3353 3352
f 3349 3351 3350
f 3350 3351 3352
f 3347 3349 3348
f 3348 3349 3350
f 3345 3347 3346
f 3346 3347 3348
f 3343 3345 3344
f 3021 2171 2162
f 3336 3343 3342
f 3342 3343 3344
f 3337 3336 3342
f 3336 3335 3326
f 3336 3341 3335
f 3336 3340 3341
f 3336 3339 3340
f 3336 3338 3339
f 3336 3337 3338
f 3335 3334 3326
f 3334 1156 3326
f 2708 2719 2710
f 2724 2726 2713
f 2724 2723 2725
f 2724 2725 2720
f 2724 2702 2700
f 2724 2704 2702
f 2724 2706 2704
f 2697 2722 2698
f 2698 2722 2700
f 2722 2723 2700
f 2706 2719 2708
f 2706 2721 2719
f 2720 2715 2717
f 2724 2727 2726
f 2715 2718 2716
f 2715 2716 2717
f 2714 2713 2711
f 2713 2712 2711
f 2711 2712 1370
f 2709 2707 2708
f 2709 2708 2710
f 2707 2705 2706
f 2707 2706 2708
f 2705 2703 2704
f 2705 2704 2706
f 2713 1461 2712
f 2731 1470 1469
f 2731 1469 1462
f 2731 2727 2717
f 2731 2726 2727
f 2731 2713 2726
f 2718 2730 2716
f 2730 2729 2716
f 2716 1463 2717
f 2716 2729 1463
f 2729 1246 1463
f 2717 1463 1464
f 2703 2701 2702
f 2713 1462 1461
f 2712 1461 1369
f 2712 1369 1370
f 1369 1461 1368
f 2724 2700 2723
f 2724 2720 2717
f 2724 2721 2706
f 2724 2713 2714
f 2724 2714 2728
f 2724 2728 2721
f 2724 2717 2727
f 2672 2676 2669
f 2684 2685 2686
f 2681 2683 2682
f 2682 2683 2684
f 2678 2681 2679
f 2679 2681 2680
f 2680 2681 2682
f 2677 2678 2679
f 2672 2652 2671
f 2672 2668 2665
f 2672 2669 2653
f 2672 2661 2662
f 2672 2662 2676
f 2683 2685 2684
f 2672 2665 2675
f 2672 2675 2674
f 2672 2674 2661
f 2672 2671 2673
f 2672 2673 2668
f 2672 2657 2652
f 2672 2656 2657
f 2672 2653 2656
f 2651 2670 2650
f 2650 2670 2652
f 2670 2671 2652
f 2677 2660 2678
f 2703 2702 2704
f 2701 2699 2700
f 2701 2700 2702
f 2699 2695 2698
f 2699 2698 2700
f 2695 2697 2698
f 2695 2696 2697
f 2694 2669 2677
f 2694 1379 2667
f 2694 2667 2669
f 1379 1407 2667
f 2731 1464 1470
f 2677 2658 2660
f 2677 2662 2658
f 2677 2676 2662
f 2677 2669 2676
f 2691 2693 2692
f 2689 2691 2690
f 2690 2691 2692
f 2687 2689 2688
f 2688 2689 2690
f 2685 2687 2686
f 2686 2687 2688
f 2770 2772 2773
f 2775 2768 2764
f 2775 2764 2770
f 2775 2759 2762
f 2775 2770 2759
f 2775 2778 2768
f 2775 2777 2778
f 2775 2776 2777
f 2775 2762 2776
f 2770 2764 2766
f 2770 2760 2759
f 2770 2774 2760
f 2770 2773 2774
f 2741 2763 2759
f 2770 2771 2772
f 2770 2766 2771
f 2769 2764 2767
f 2767 2764 2768
f 2764 2765 2766
f 2762 2759 2763
f 2759 2760 2761
f 2754 2748 2744
f 2754 2739 2742
f 2754 2744 2749
f 2754 2749 2739
f 2789 2788 2790
f 2784 2781 961
f 2784 961 971
f 2781 2780 962
f 2781 962 961
f 2780 787 962
f 2794 2791 2793
f 2794 2793 907
f 2791 2789 2790
f 2791 2792 2793
f 2791 2790 2792
f 2789 2787 2788
f 2754 2758 2748
f 2787 2785 2786
f 2787 2786 2788
f 2785 2783 2784
f 2785 2784 2786
f 2783 2779 2781
f 2783 2781 2784
f 2779 2782 2780
f 2779 2780 2781
f 2743 2739 2761
f 2739 2741 2759
f 2739 2759 2761
f 2736 980 979
f 1982 1972 2733
f 1982 2733 2734
f 1972 1971 2732
f 1972 2732 2733
f 1971 1973 906
f 1971 906 2732
f 2537 2738 753
f 2738 2737 979
f 2738 979 753
f 2737 2736 979
f 2736 2735 980
f 1981 2734 2735
f 2735 2734 988
f 2735 988 980
f 2734 2733 987
f 2734 987 988
f 2733 2732 982
f 2733 982 987
f 2732 906 981
f 2732 981 982
f 906 923 981
f 2731 2717 1464
f 2731 1462 2713
f 2747 2744 2748
f 2754 2757 2758
f 2754 2756 2757
f 2754 2755 2756
f 2754 2742 2755
f 2749 2744 2746
f 2749 2740 2739
f 2749 2753 2740
f 2749 2752 2753
f 2749 2751 2752
f 2749 2750 2751
f 2749 2746 2750
f 2653 2667 2654
f 2744 2745 2746
f 2742 2739 2743
f 2739 2740 2741
f 1940 1968 2738
f 1940 2738 2537
f 1968 1969 2736
f 1968 2737 2738
f 1968 2736 2737
f 1969 1981 2735
f 1969 2735 2736
f 1981 1982 2734
f 2565 2572 2564
f 2569 2572 2526
f 2562 2572 2571
f 2566 2572 2567
f 2526 2572 2531
f 2531 2572 2530
f 2530 2572 2522
f 2567 2572 2569
f 2575 2572 2566
f 2574 2572 2575
f 2573 2572 2574
f 2571 2572 2573
f 2564 2572 2562
f 2522 2572 2565
f 2565 2521 2520
f 2565 2520 2522
f 2563 2562 2571
f 2569 2526 2525
f 2570 2525 2527
f 2569 2525 2570
f 2566 2567 2568
f 2501 2518 2550
f 2501 2550 2532
f 2518 2519 2552
f 2518 2552 2550
f 2579 2591 2577
f 2597 2598 2599
f 2589 2594 2587
f 2584 2594 2591
f 2580 2594 2583
f 2591 2594 2577
f 2583 2594 2596
f 2596 2594 2595
f 2595 2594 2589
f 2577 2594 2580
f 2587 2594 2584
f 2584 2591 2586
f 2519 2521 2559
f 2593 2591 2579
f 2592 2591 2593
f 2586 2591 2592
f 2587 2590 2588
f 2587 2588 2589
f 2585 2584 2586
f 2082 2584 2585
f 2580 2583 2581
f 2580 2581 2582
f 2576 2579 2577
f 2576 2577 2578
f 2546 1957 2540
f 2556 2553 2555
f 2553 2554 2555
f 2552 2533 2550
f 2552 2534 2533
f 2551 2549 2541
f 2550 2533 2532
f 2549 2545 2543
f 2549 2543 2541
f 2536 2540 2538
f 2540 2539 2538
f 2538 2539 1941
f 2546 2541 1960
f 2557 2553 2556
f 2546 1960 1967
f 2546 1967 1966
f 2546 1966 1957
f 2546 2548 2541
f 2546 2547 2548
f 2546 2540 2547
f 2545 2544 2543
f 2544 2542 2543
f 2543 1958 2541
f 2543 2542 1958
f 2542 1961 1958
f 2558 2534 2552
f 2519 2559 2552
f 2521 2565 2560
f 2521 2560 2559
f 2565 2564 2555
f 2565 2555 2560
f 2564 2562 2556
f 2564 2556 2555
f 2562 2557 2556
f 2562 2563 2557
f 2558 2555 2554
f 2558 2551 2541
f 2600 2576 2578
f 2558 2540 2536
f 2558 2536 2535
f 2558 2535 2534
f 2558 2541 2548
f 2558 2548 2547
f 2558 2547 2540
f 2558 2554 2561
f 2558 2561 2551
f 2558 2560 2555
f 2558 2559 2560
f 2558 2552 2559
f 2641 2639 2640
f 2650 2649 2651
f 2649 1417 2648
f 1417 1276 2648
f 2647 2646 2621
f 2646 2645 2619
f 2646 2619 2621
f 2645 2644 2616
f 2645 2616 2619
f 2644 2643 2617
f 2644 2617 2616
f 2643 2641 2642
f 2643 2642 2617
f 2650 1417 2649
f 2641 2640 2642
f 2639 2636 2638
f 2639 2638 2640
f 2636 2637 2638
f 2628 2633 2626
f 2619 2633 2622
f 2631 2633 2616
f 2624 2633 2631
f 2626 2633 2624
f 2635 2633 2628
f 2634 2633 2635
f 2655 2657 2656
f 2653 2669 2667
f 2668 2663 2665
f 2654 2667 1407
f 2663 2666 2664
f 2663 2664 2665
f 2662 2661 2658
f 2661 2659 2658
f 2658 2659 2660
f 2655 2653 1416
f 2655 1418 2652
f 2655 2652 2657
f 2622 2633 2634
f 2655 2656 2653
f 2655 1425 1418
f 2655 1424 1425
f 2655 1416 1424
f 1407 1406 2654
f 2654 1415 2653
f 2654 1406 1415
f 1406 1408 1415
f 2653 1415 1416
f 2652 1417 2650
f 2652 1418 1417
f 2598 2603 2601
f 2609 2601 2600
f 2608 2607 2598
f 2608 2598 2601
f 2607 2599 2598
f 2586 2603 2083
f 2085 2603 2602
f 2601 2603 2579
f 2597 2603 2598
f 2579 2603 2593
f 2593 2603 2592
f 2592 2603 2586
f 2609 2608 2601
f 2606 2603 2597
f 2605 2603 2606
f 2604 2603 2605
f 2602 2603 2604
f 2084 2603 2085
f 2083 2603 2084
f 2083 2082 2585
f 2083 2585 2586
f 2087 2085 2602
f 2600 2579 2576
f 2601 2579 2600
f 2619 2620 2621
f 2616 2633 2619
f 2624 2631 2625
f 2618 2631 2616
f 2625 2631 2632
f 2632 2631 2630
f 2630 2631 2618
f 2626 2629 2627
f 2626 2627 2628
f 1481 2624 2623
f 2623 2624 2625
f 2619 2622 2620
f 2786 971 970
f 2615 2618 2616
f 2615 2616 2617
f 2614 2613 2582
f 2613 2612 2580
f 2613 2580 2582
f 2612 2611 2577
f 2612 2577 2580
f 2611 2610 2578
f 2611 2578 2577
f 2610 2609 2600
f 2610 2600 2578
f 2947 1286 1303
f 2953 2952 1380
f 2953 1380 1377
f 2952 2951 1387
f 2952 1387 1380
f 2951 2950 1388
f 2951 1388 1387
f 2950 2949 1382
f 2950 1382 1388
f 2949 2948 1381
f 2949 1381 1382
f 2948 2947 1381
f 2947 1303 1381
f 2694 1377 1379
f 2912 2911 2946
f 2911 2910 2945
f 2911 2945 2946
f 2910 2909 2945
f 2909 2908 2944
f 2909 2944 2945
f 2908 2907 2943
f 2908 2943 2944
f 2907 2906 2942
f 2907 2942 2943
f 2906 2905 2941
f 2309 2952 2953
f 2958 2959 2956
f 2957 2329 2955
f 2956 51 2954
f 2329 2334 2955
f 51 50 2954
f 50 45 2954
f 2954 45 47
f 2264 2310 2694
f 2310 2309 2953
f 2310 2953 2694
f 2309 2323 2952
f 2906 2941 2942
f 2323 2322 2951
f 2323 2951 2952
f 2322 2314 2950
f 2322 2950 2951
f 2314 2313 2949
f 2314 2949 2950
f 2313 2312 2947
f 2313 2947 2948
f 2313 2948 2949
f 2312 1286 2947
f 2694 2953 1377
f 2705 2917 2916
f 2928 2929 2924
f 2919 2925 2921
f 2915 2925 2707
f 2707 2925 2705
f 2927 2925 2915
f 2926 2925 2927
f 2921 2925 2926
f 2922 2925 2919
f 2922 1684 2923
f 2922 2923 2924
f 2920 2919 2921
f 2918 2919 2920
f 2930 2929 2928
f 2705 2916 2703
f 2914 2915 2707
f 2914 2707 2709
f 1346 2912 2711
f 1346 2711 1370
f 2912 2913 2714
f 2912 2714 2711
f 2714 2913 2728
f 2728 2913 2721
f 2721 2913 2719
f 2719 2913 2710
f 2933 2934 2915
f 2905 1287 2940
f 2905 2940 2941
f 1287 2939 2940
f 2937 2938 2920
f 2920 2938 2918
f 2936 2937 2921
f 2921 2937 2920
f 2935 2936 2926
f 2926 2936 2921
f 2934 2935 2927
f 2927 2935 2926
f 2958 2956 2954
f 2915 2934 2927
f 2932 2933 2914
f 2914 2933 2915
f 2931 2932 2914
f 2709 2931 2914
f 2913 2931 2709
f 2924 2929 2922
f 2705 2929 2917
f 2922 2929 2925
f 2925 2929 2705
f 2917 2929 2930
f 2996 2993 2986
f 3004 2998 2997
f 3004 3008 2998
f 3004 3007 3008
f 3004 3006 3007
f 3004 3005 3006
f 3004 3002 3005
f 2972 2971 3003
f 2971 2976 3002
f 3000 2997 3001
f 2997 2998 2999
f 2996 2941 2958
f 2996 2992 2944
f 3004 2971 3002
f 2996 2954 2993
f 2996 2944 2943
f 2996 2943 2942
f 2996 2942 2941
f 2996 2986 2992
f 2996 2958 2954
f 2993 2954 2991
f 2993 2987 2986
f 2993 2995 2987
f 2993 2994 2995
f 2993 2991 2994
f 3014 2161 2075
f 3021 3023 3016
f 3021 3022 3023
f 3021 3015 3022
f 3020 3019 3018
f 3019 3017 3018
f 3018 2163 3016
f 3018 3017 2163
f 3017 2166 2163
f 3016 2163 2165
f 3015 2161 3014
f 3015 2162 2161
f 2939 2958 2940
f 3014 2075 2074
f 2075 2161 2078
f 3009 3003 2971
f 3009 2997 3000
f 3009 2971 3004
f 3009 3004 2997
f 3009 3013 3003
f 3009 3012 3013
f 3009 3011 3012
f 3009 3010 3011
f 3009 3000 3010
f 2969 2968 2962
f 2981 2979 2980
f 2979 2977 2978
f 2979 2978 2980
f 2977 2975 2971
f 2977 2974 2978
f 2977 2971 2974
f 2975 2976 2971
f 2971 2973 2974
f 2971 2972 2973
f 2970 2969 2962
f 2969 2967 2968
f 2981 2980 2982
f 2967 2965 2966
f 2967 2966 2968
f 2965 2963 2964
f 2965 2964 2966
f 2963 2961 2957
f 2963 2957 2964
f 2939 2959 2958
f 2939 2962 2959
f 2961 2960 2329
f 2961 2329 2957
f 2960 2330 2329
f 2312 2311 67
f 2940 2958 2941
f 2944 2992 2945
f 2945 2992 2946
f 2954 2990 2991
f 2954 47 2990
f 2986 2988 2989
f 2986 2987 2988
f 1286 2312 2939
f 1286 2939 1287
f 2312 2962 2939
f 2312 67 69
f 2710 2913 2709
f 2312 69 2962
f 2311 72 67
f 2311 2318 72
f 2318 73 72
f 2318 2985 73
f 2318 2984 2985
f 2318 2320 2984
f 69 2983 2970
f 69 2970 2962
f 2983 2981 2982
f 2983 2982 2970
f 2795 157 2828
f 2834 2824 2830
f 2834 2799 2795
f 2831 2795 2829
f 2831 2825 2824
f 2831 2833 2825
f 2831 2832 2833
f 2831 2829 2832
f 2794 2799 2791
f 2791 2799 2789
f 2783 2830 2779
f 2779 2830 2782
f 2795 2828 2829
f 2834 2783 2785
f 2824 2826 2827
f 2824 2825 2826
f 906 1973 2794
f 906 2794 907
f 1973 2803 2794
f 1973 1970 133
f 1973 133 135
f 1973 135 2803
f 1970 1977 138
f 1970 138 133
f 1977 139 138
f 2846 2844 2843
f 2854 2855 2856
f 2854 2846 2855
f 2851 2838 2835
f 2851 2839 2841
f 2851 2841 2853
f 2851 2853 2852
f 2851 2852 2838
f 2851 2848 2839
f 2851 2835 2844
f 2850 2848 2847
f 2847 2848 2849
f 1977 2823 139
f 2843 2844 2845
f 2839 2842 2840
f 2839 2840 2841
f 2835 2838 2836
f 2835 2836 2837
f 2834 2789 2799
f 2834 2830 2783
f 2834 2831 2824
f 2834 2795 2831
f 2834 2787 2789
f 2834 2785 2787
f 161 160 2795
f 2804 2798 2805
f 2794 2800 2799
f 2794 2803 2800
f 2802 2801 1925
f 2802 1925 2798
f 2801 1926 1925
f 2799 2797 2795
f 2799 2800 2797
f 2798 1925 2796
f 2797 161 2795
f 1925 1930 2796
f 2804 2802 2798
f 160 155 2795
f 2795 155 157
f 907 2793 904
f 2793 2792 963
f 2793 963 904
f 2792 2790 963
f 2790 2788 964
f 2790 964 963
f 2788 2786 970
f 2788 970 964
f 2786 2784 971
f 2815 2814 2744
f 1977 2822 2823
f 1977 1979 2822
f 135 2821 2811
f 135 2811 2803
f 2821 2820 2811
f 2821 2819 2820
f 2819 2818 2820
f 2819 2817 2818
f 2817 2816 2818
f 2817 2815 2816
f 2815 2813 2816
f 2854 2856 2849
f 2815 2744 2813
f 2814 2745 2744
f 2744 2812 2813
f 2744 2747 2812
f 2811 2810 2803
f 2810 2808 2809
f 2810 2809 2803
f 2808 2806 2807
f 2808 2807 2809
f 2806 2804 2805
f 2806 2805 2807
f 2899 2900 2901
f 2782 2830 2837
f 2782 2863 2865
f 2782 2837 2863
f 2830 2824 2835
f 2830 2835 2837
f 2824 2827 2844
f 2824 2844 2835
f 2827 2845 2844
f 2902 2904 2903
f 2900 2902 2901
f 2901 2902 2903
f 2898 2900 2899
f 2888 2880 2887
f 2896 2898 2897
f 2897 2898 2899
f 2894 2896 2895
f 2895 2896 2897
f 2892 2894 2893
f 2893 2894 2895
f 2889 2892 2890
f 2890 2892 2891
f 2891 2892 2893
f 2888 2889 2890
f 2883 2861 2882
f 1349 1348 2905
f 1346 1345 2911
f 1346 2911 2912
f 1345 1347 2909
f 1345 2910 2911
f 1345 2909 2910
f 1347 1357 2908
f 1347 2908 2909
f 1357 1358 2907
f 1357 2907 2908
f 1358 1349 2906
f 1358 2906 2907
f 2883 2879 2876
f 1349 2905 2906
f 1348 1284 1287
f 1348 1287 2905
f 2780 2880 2888
f 2780 2782 2878
f 2780 2878 2880
f 2782 2865 2878
f 2888 2871 2889
f 2888 2869 2871
f 2888 2873 2869
f 2888 2887 2873
f 2863 2837 2836
f 2866 2862 2838
f 2866 2841 2861
f 2866 2861 2868
f 2866 2868 2867
f 2866 2867 2862
f 2866 2853 2841
f 2866 2852 2853
f 2866 2838 2852
f 2865 2863 2864
f 2864 2836 2862
f 2864 2863 2836
f 2869 2870 2871
f 2862 2836 2838
f 2861 2840 2859
f 2861 2841 2840
f 2859 2840 2858
f 2859 2858 2860
f 2858 2840 2857
f 2840 2842 2857
f 2854 2849 2848
f 2854 2844 2846
f 2854 2851 2844
f 2854 2848 2851
f 2883 2862 2867
f 2883 2880 2862
f 2883 2872 2873
f 2883 2873 2887
f 2883 2887 2880
f 2883 2876 2886
f 2883 2886 2885
f 2883 2885 2872
f 2883 2882 2884
f 2883 2884 2879
f 2883 2868 2861
f 2883 2867 2868
f 3496 3493 3495
f 2860 2881 2859
f 2859 2881 2861
f 2881 2882 2861
f 2862 2878 2864
f 2862 2880 2878
f 2879 2874 2876
f 2864 2878 2865
f 2874 2877 2875
f 2874 2875 2876
f 2873 2872 2869
f 2872 2870 2869
f 3997 3932 3931
f 4008 3998 4007
f 4007 3998 4003
f 4004 4005 4006
f 4003 3998 4001
f 4001 3998 4002
f 3998 3999 4000
f 3997 3931 2095
f 3997 721 3936
f 3997 3936 3935
f 3997 3935 3934
f 3997 3934 3933
f 3997 3933 3932
f 4009 4004 4010
f 3997 2175 721
f 3997 2095 2180
f 3997 2180 2179
f 3997 2179 2178
f 3997 2178 2177
f 3997 2177 2176
f 3997 2176 2175
f 2057 2056 3996
f 3996 2056 3995
f 3411 3994 3406
f 2056 2063 3992
f 4013 4010 4004
f 4026 4025 4004
f 4025 4023 4004
f 4004 4024 4005
f 4004 4023 4024
f 4022 2175 4021
f 4021 2174 4020
f 4021 2175 2174
f 4020 2185 4019
f 4020 2174 2185
f 4019 2185 4018
f 4018 2185 2194
f 2056 3992 3995
f 4013 3998 4008
f 4013 4004 4006
f 4013 3999 3998
f 4013 4008 4010
f 4013 4017 3999
f 4013 4016 4017
f 4013 4015 4016
f 4013 4014 4015
f 4013 4006 4014
f 4012 4004 4011
f 4011 4004 4009
f 3967 3946 3966
f 3976 3975 3974
f 3976 3977 3975
f 3974 3973 3972
f 3974 3975 3973
f 1994 3971 1991
f 3972 3968 3970
f 3972 3973 3968
f 3971 3970 1991
f 3970 3968 1991
f 1991 3969 1992
f 1991 3968 3969
f 840 839 3946
f 3978 3977 3976
f 3966 3952 3965
f 3966 3946 3952
f 3965 3956 3964
f 3965 3952 3956
f 3964 3956 3963
f 3963 3956 3958
f 3960 3957 3956
f 3960 3588 3954
f 3960 3959 3588
f 3960 3956 3959
f 3960 3962 3957
f 3986 2065 3967
f 3994 3990 3406
f 3406 3993 3407
f 3406 3991 3993
f 3406 3990 3991
f 3992 2063 3989
f 3990 3988 3991
f 3990 3987 3988
f 3989 2065 3986
f 3989 2063 2065
f 3987 3984 3988
f 3987 3983 3984
f 4027 4028 4023
f 3986 3967 3985
f 3985 3967 3979
f 3985 3980 3981
f 3985 3979 3980
f 3983 3982 3984
f 3983 3981 3982
f 3981 3980 3982
f 2065 3946 3967
f 2065 840 3946
f 3980 3979 3978
f 3978 3979 3977
f 4072 4074 4073
f 4086 4082 4085
f 4086 4085 4087
f 4082 4084 4085
f 4082 4083 4084
f 4081 4065 4064
f 4078 4081 4079
f 4079 4081 4080
f 4080 4081 4064
f 4076 4078 4077
f 4077 4078 4079
f 4074 4076 4075
f 4075 4076 4077
f 4088 4087 4089
f 4073 4074 4075
f 4071 4072 4070
f 4070 4072 4073
f 4069 4071 4070
f 4067 4069 4068
f 4068 4069 4070
f 488 4067 4066
f 4066 4067 4068
f 500 488 4066
f 4062 4065 4063
f 4064 4065 4062
f 4096 4068 4070
f 4100 509 499
f 4100 508 509
f 4100 496 508
f 436 435 4099
f 4099 495 4098
f 4099 435 495
f 435 437 495
f 4098 495 496
f 4097 498 4096
f 4097 499 498
f 4096 498 4068
f 4061 4062 4060
f 4068 498 4066
f 498 500 4066
f 4065 4094 4095
f 4065 4095 4063
f 4094 4092 4093
f 4094 4093 4095
f 4092 4090 4091
f 4092 4091 4093
f 4090 4088 4089
f 4090 4089 4091
f 4088 4086 4087
f 4035 4036 4037
f 4044 3474 4041
f 4042 4039 4043
f 4042 4038 4039
f 4041 3474 4022
f 4041 4034 4040
f 4041 4022 4034
f 4040 4036 4035
f 4040 4033 4036
f 4040 4034 4033
f 4038 4037 4039
f 4038 4035 4037
f 4044 3494 3474
f 3474 2175 4022
f 3474 721 2175
f 3474 722 721
f 4033 4034 4032
f 4033 4032 4031
f 4031 4030 4029
f 4031 4032 4030
f 4029 4028 4027
f 4029 4030 4028
f 4012 4026 4004
f 4027 4023 4025
f 3487 3486 4051
f 4060 4062 4063
f 4059 4061 4060
f 4057 4059 4058
f 4058 4059 4060
f 4055 4057 4056
f 4056 4057 4058
f 4053 4055 4054
f 4054 4055 4056
f 764 4053 4052
f 4052 4053 4054
f 757 764 4052
f 3960 3961 3962
f 2243 4049 2237
f 4051 3486 4050
f 3486 4047 4050
f 3486 3494 4047
f 4049 4045 2237
f 2237 4048 2238
f 2237 4046 4048
f 2237 4045 4046
f 4047 3494 4044
f 4045 4042 4043
f 4045 4043 4046
f 3898 3869 3897
f 3907 3908 3906
f 2297 3904 2294
f 3905 3901 3903
f 3905 3906 3901
f 3904 3903 2294
f 3903 3901 2294
f 2294 3902 2295
f 2294 3901 3902
f 1092 1091 3854
f 3900 3854 3899
f 3899 3863 3898
f 3899 3854 3863
f 3907 3906 3905
f 3898 3863 3869
f 3897 3869 3896
f 3896 3869 3871
f 3892 3885 3881
f 3892 3876 3879
f 3892 3881 3887
f 3892 3887 3876
f 3892 3895 3885
f 3892 3894 3895
f 3892 3893 3894
f 3892 3879 3893
f 3918 3900 3912
f 3881 3923 3924
f 3925 2283 3922
f 3923 3921 3924
f 3923 3920 3921
f 3922 2285 3919
f 3922 2283 2285
f 3920 3917 3921
f 3920 3916 3917
f 3919 2285 3900
f 3919 3900 3918
f 3918 3913 3914
f 3887 3881 3883
f 3918 3912 3913
f 3916 3915 3917
f 3916 3914 3915
f 3914 3913 3915
f 2285 3854 3900
f 2285 1092 3854
f 3913 3912 3911
f 3911 3912 3910
f 3911 3910 3909
f 3909 3908 3907
f 3909 3910 3908
f 3859 3858 3852
f 3872 3862 3865
f 3871 3869 3868
f 3868 3869 3870
f 3867 3865 3864
f 3864 3865 3866
f 3863 3855 3856
f 3863 3854 3855
f 3862 3860 3861
f 3862 3859 3860
f 3861 3860 3846
f 3860 3859 3853
f 3860 3853 3846
f 3872 3869 3863
f 3859 3852 3853
f 3858 3857 3851
f 3858 3851 3852
f 3857 3856 3850
f 3857 3850 3851
f 3856 3855 3849
f 3856 3849 3850
f 3855 3854 3847
f 3855 3847 3848
f 3855 3848 3849
f 3854 1091 3847
f 3873 3870 3869
f 3887 3877 3876
f 3887 3891 3877
f 3887 3890 3891
f 3887 3889 3890
f 3887 3888 3889
f 3887 3883 3888
f 3886 3881 3884
f 3884 3881 3885
f 3881 3882 3883
f 3879 3876 3880
f 3876 3877 3878
f 3881 3924 3926
f 3873 3865 3867
f 3873 3872 3865
f 3873 3869 3872
f 3873 3875 3870
f 3873 3874 3875
f 3873 3867 3874
f 3872 3859 3862
f 3872 3863 3856
f 3872 3858 3859
f 3872 3857 3858
f 3872 3856 3857
f 3641 3643 3627
f 3949 3939 3940
f 3948 3947 3938
f 3948 3938 3939
f 3947 3945 3937
f 3947 3937 3938
f 3945 3946 839
f 3945 839 3937
f 3641 3623 3944
f 3641 3640 3623
f 3641 3630 3640
f 3641 3626 3630
f 3641 3627 3626
f 3949 3948 3939
f 3623 3622 3944
f 3622 3592 3944
f 3622 3594 3592
f 798 3672 795
f 3672 3671 795
f 3671 3658 795
f 3658 3944 795
f 3658 3641 3944
f 3944 3943 795
f 3943 3942 859
f 3943 859 795
f 3953 3588 3587
f 3960 3954 3961
f 3959 3952 3947
f 3959 3950 3590
f 3959 3947 3948
f 3959 3948 3949
f 3959 3949 3950
f 3959 3956 3952
f 3959 3590 3588
f 3958 3956 3955
f 3955 3956 3957
f 3954 3588 3953
f 3942 3941 859
f 3952 3946 3945
f 3952 3945 3947
f 3590 3950 3951
f 3590 3951 3592
f 3592 3951 3943
f 3592 3943 3944
f 3951 3950 3941
f 3951 3942 3943
f 3951 3941 3942
f 3950 3949 3940
f 3950 3940 3941
f 2070 3389 3390
f 3930 3931 3932
f 2065 2062 3394
f 2065 3394 840
f 2062 2064 3392
f 2062 3393 3394
f 2062 3392 3393
f 2064 2071 3391
f 2064 3391 3392
f 2071 2070 3390
f 2071 3390 3391
f 2070 2061 3389
f 3930 3932 3933
f 2061 2060 3388
f 2061 3388 3389
f 2060 2050 3387
f 2060 3387 3388
f 2277 2276 3929
f 3929 2276 3928
f 3886 3927 3881
f 2276 2283 3925
f 2276 3925 3928
f 3927 3923 3881
f 3881 3926 3882
f 3930 355 3931
f 3941 3940 860
f 3941 860 859
f 3940 3939 868
f 3940 868 860
f 3939 3938 867
f 3939 867 868
f 3938 3937 862
f 3938 862 867
f 3937 839 861
f 3937 861 862
f 839 810 861
f 4100 4101 4098
f 3930 694 737
f 3930 737 736
f 3930 736 735
f 3930 735 734
f 3930 734 733
f 3930 733 355
f 3930 721 694
f 3930 3936 721
f 3930 3935 3936
f 3930 3934 3935
f 3930 3933 3934
f 1684 2922 1504
f 2679 2680 3260
f 3262 2679 3260
f 2677 2679 3262
f 2938 3175 4205
f 2938 3183 3175
f 2938 3179 3183
f 2938 3178 3179
f 2938 3165 3178
f 2938 3137 3165
f 3175 3171 4205
f 3171 4206 4205
f 3171 3173 4206
f 3260 2682 3261
f 2922 2919 1504
f 2919 2918 1504
f 2918 4205 1504
f 2918 2938 4205
f 2900 4204 4202
f 4177 4204 2894
f 4203 4204 4178
f 4201 4204 4203
f 4202 4204 4201
f 2898 4204 2900
f 2896 4204 2898
f 2692 3277 3280
f 2903 2904 3278
f 2903 3277 2692
f 2903 3278 3277
f 2904 4202 3278
f 4202 4201 3278
f 4201 4193 3278
f 2692 3267 3256
f 2692 3274 3267
f 2692 3275 3274
f 2692 3286 3275
f 2692 3280 3286
f 2894 4204 2896
f 2690 2692 3255
f 3255 2692 3256
f 2688 2690 3257
f 3257 2690 3255
f 2686 2688 3265
f 3265 2688 3257
f 2684 2686 3266
f 3266 2686 3265
f 2682 2684 3261
f 3261 2684 3266
f 2680 2682 3260
f 4182 4181 2875
f 4196 4194 4192
f 4195 4194 4196
f 4186 4194 4195
f 4182 4194 4181
f 4190 4193 4191
f 4190 4191 4192
f 4187 4188 4189
f 4180 4186 4185
f 4181 4186 4180
f 4180 4185 4179
f 4184 4182 4183
f 4183 4182 2877
f 4190 4194 4197
f 4182 2875 2877
f 4181 4180 2876
f 4181 2876 2875
f 4180 4179 2886
f 4180 2886 2876
f 4179 4178 2885
f 4179 2885 2886
f 4178 4177 2872
f 4178 2872 2885
f 4177 2889 2870
f 4177 2870 2872
f 4177 2892 2889
f 4178 4204 4177
f 4201 4203 4192
f 4186 4203 4178
f 4192 4203 4196
f 4196 4203 4195
f 4195 4203 4186
f 4202 2904 2902
f 4202 2902 2900
f 4193 4201 4191
f 4191 4201 4192
f 4177 2894 2892
f 4131 2903 4124
f 4185 4186 4178
f 4185 4178 4179
f 4192 4194 4190
f 4181 4194 4186
f 4188 4194 4189
f 4184 4194 4182
f 4189 4194 4200
f 4200 4194 4199
f 4199 4194 4198
f 4198 4194 4184
f 4197 4194 4188
f 754 4221 4220
f 4058 4224 4056
f 4056 4224 4054
f 4054 4224 4052
f 4093 4224 4095
f 4091 4224 4093
f 4226 4224 4223
f 4225 4224 4226
f 4221 4224 4225
f 755 4224 754
f 4091 4089 4222
f 4091 4222 4223
f 4063 4095 4060
f 4060 4224 4058
f 751 4220 752
f 754 4220 751
f 4052 755 757
f 4218 4092 4078
f 4218 4074 4209
f 4218 4217 4086
f 4218 4208 4215
f 4218 4215 4219
f 4218 4219 4217
f 4218 4209 4213
f 4218 4213 4212
f 4233 752 4220
f 4234 4237 4087
f 4223 4237 4226
f 4226 4237 4225
f 4225 4237 4221
f 4230 4234 4232
f 4228 4234 4085
f 4085 4234 4087
f 4236 4234 4228
f 4235 4234 4236
f 4232 4234 4235
f 4233 4234 4230
f 4218 4212 4208
f 4233 4220 4221
f 4231 4230 4232
f 4229 4230 4231
f 4087 4223 4222
f 4087 4222 4089
f 4227 4228 4085
f 4227 4085 4084
f 4223 4224 4091
f 754 4224 4221
f 4095 4224 4060
f 4052 4224 755
f 459 483 457
f 4211 4208 4212
f 4071 4069 4210
f 4069 4067 4210
f 4210 485 4209
f 4210 4067 485
f 4067 488 485
f 4209 485 487
f 4208 483 4207
f 4208 484 483
f 4207 483 459
f 4207 459 460
f 4211 4212 4213
f 3561 2903 4115
f 4115 2903 4113
f 4113 2903 4117
f 1679 4122 2692
f 1679 3051 1678
f 1679 3054 3051
f 1679 2693 3054
f 1679 2692 2693
f 4117 2903 4131
f 4122 4124 2903
f 4122 2903 2692
f 4082 4216 4083
f 4218 4078 4076
f 4218 4076 4074
f 4218 4090 4092
f 4218 4088 4090
f 4218 4086 4088
f 4065 4081 4094
f 4094 4081 4092
f 4081 4078 4092
f 4086 4216 4082
f 4086 4217 4216
f 4074 4072 4209
f 2889 2871 2870
f 4072 4071 4210
f 4072 4210 4209
f 4215 4208 4214
f 4208 4207 4214
f 4214 4207 460
f 4211 4209 487
f 4211 484 4208
f 4211 487 494
f 4211 494 493
f 4211 493 484
f 4211 4213 4209
f 3579 3578 4120
f 4136 1696 1693
f 4135 1693 1695
f 4134 1691 4133
f 4134 1692 1691
f 4133 1691 1474
f 4133 1474 1473
f 1474 1691 1477
f 3679 3577 4132
f 4132 3577 4121
f 3577 3576 4121
f 3576 3579 4119
f 3576 4119 4121
f 4137 4136 1693
f 3579 4120 4119
f 3578 3564 4130
f 3578 4130 4120
f 3564 3563 4129
f 3564 4129 4130
f 3563 3566 4116
f 3563 4116 4129
f 3566 3561 4114
f 3566 4114 4116
f 3561 4115 4114
f 4127 4107 4126
f 4143 4133 1473
f 4132 4152 4155
f 4155 4152 4154
f 4152 4153 4154
f 4150 4147 4146
f 4150 4151 4147
f 4149 4145 4135
f 4146 4147 4148
f 4145 4139 4137
f 4145 4137 4135
f 4144 4134 4143
f 4134 4133 4143
f 4127 4123 4120
f 4140 4135 1695
f 4140 1692 4134
f 4140 1695 1702
f 4140 1702 1701
f 4140 1701 1692
f 4140 4142 4135
f 4140 4141 4142
f 4140 4134 4141
f 4139 4138 4137
f 4138 4136 4137
f 4137 1693 4135
f 1676 1673 1737
f 4110 4108 1738
f 4110 1741 4107
f 4110 4107 4112
f 4110 4112 4111
f 4110 4111 4108
f 4110 1751 1741
f 4110 1750 1751
f 4110 1738 1750
f 1679 1676 4109
f 4109 1737 4108
f 4109 1676 1737
f 4113 4114 4115
f 4108 1737 1738
f 4107 1740 4105
f 4107 1741 1740
f 4105 1740 4104
f 4105 4104 4106
f 4104 1740 4103
f 1740 1742 4103
f 4100 4098 496
f 4100 499 4097
f 4100 4097 4102
f 4100 4102 4101
f 4127 4108 4111
f 4127 4124 4108
f 4127 4116 4117
f 4127 4117 4131
f 4127 4131 4124
f 4127 4120 4130
f 4127 4130 4129
f 4127 4129 4116
f 4127 4126 4128
f 4127 4128 4123
f 4127 4112 4107
f 4127 4111 4112
f 4156 4150 4157
f 4106 4125 4105
f 4105 4125 4107
f 4125 4126 4107
f 4108 4122 4109
f 4108 4124 4122
f 4123 4118 4120
f 4109 4122 1679
f 4118 4121 4119
f 4118 4119 4120
f 4117 4116 4113
f 4116 4114 4113
f 3135 3137 2938
f 3649 4170 3647
f 3651 4170 3649
f 3653 4170 3651
f 4167 4170 4166
f 4167 2073 4168
f 4167 4168 4169
f 3655 4166 3653
f 3657 4166 3655
f 4162 4165 4163
f 4162 4163 4164
f 3644 3647 4161
f 3644 4161 3643
f 4161 4170 4162
f 3138 3135 2937
f 2937 3135 2938
f 3153 3138 2936
f 2936 3138 2937
f 3152 3153 2935
f 2935 3153 2936
f 3146 3152 2934
f 2934 3152 2935
f 3145 3146 2933
f 2933 3146 2934
f 3143 3145 2931
f 3629 4161 4162
f 3635 3634 4176
f 3635 4176 3084
f 3634 3633 4175
f 3634 4175 4176
f 3633 3638 4174
f 3633 4174 4175
f 3638 3637 4164
f 3638 4164 4174
f 3637 3629 4162
f 3637 4162 4164
f 3629 3625 4161
f 2931 3145 2932
f 3625 3643 4161
f 3625 3627 3643
f 4169 4172 4167
f 4162 4172 4165
f 4167 4172 4170
f 4170 4172 4162
f 4165 4172 4173
f 4173 4172 4171
f 4171 4172 4169
f 4166 4170 3653
f 3647 4170 4161
f 4156 4149 4135
f 3667 3669 4157
f 3667 4157 4150
f 3669 3686 4158
f 3669 4158 4157
f 3686 3688 4154
f 3686 4154 4158
f 3688 3685 4155
f 3688 4155 4154
f 3685 4132 4155
f 3685 3679 4132
f 4156 4154 4153
f 3666 4150 4146
f 4156 4151 4150
f 4156 4134 4144
f 4156 4144 4160
f 4156 4160 4151
f 4156 4135 4142
f 4156 4142 4141
f 4156 4141 4134
f 4156 4153 4159
f 4156 4159 4149
f 4156 4158 4154
f 4156 4157 4158
f 4139 4145 4125
f 2932 3145 2933
f 2913 3143 2931
f 4152 4132 4121
f 4153 4152 4118
f 4118 4152 4121
f 4159 4153 4123
f 4123 4153 4118
f 4149 4159 4128
f 4128 4159 4123
f 4145 4149 4126
f 4126 4149 4128
f 3846 3853 1113
f 4125 4145 4126
f 4138 4139 4106
f 4106 4139 4125
f 4136 4138 4104
f 4104 4138 4106
f 1696 4136 4103
f 4103 4136 4104
f 1742 1696 4103
f 3665 3666 4146
f 3665 4146 4148
f 3666 3667 4150
f 3636 3633 3632
f 3653 3654 3655
f 3650 3652 3651
f 3651 3652 3653
f 3648 3650 3649
f 3649 3650 3651
f 3646 3648 3647
f 3647 3648 3649
f 3645 3646 3644
f 3644 3646 3647
f 3642 3645 3644
f 3643 3642 3644
f 3641 3642 3643
f 3652 3654 3653
f 3636 3628 3614
f 3636 3630 3629
f 3636 3613 3623
f 3636 3623 3640
f 3636 3640 3630
f 3636 3614 3621
f 3636 3621 3620
f 3636 3620 3613
f 3636 3632 3639
f 3636 3639 3628
f 3636 3638 3633
f 3661 3662 3650
f 3658 3671 3659
f 3659 3671 3660
f 3667 3670 3668
f 3667 3668 3669
f 3664 3663 3666
f 3664 3666 3665
f 3664 3665 3656
f 3663 3664 3654
f 3654 3664 3656
f 3662 3663 3652
f 3652 3663 3654
f 3636 3637 3638
f 3650 3662 3652
f 3660 3661 3648
f 3648 3661 3650
f 3659 3660 3646
f 3646 3660 3648
f 3658 3659 3642
f 3642 3659 3645
f 3645 3659 3646
f 3641 3658 3642
f 3654 3656 3655
f 3655 3656 3657
f 3609 3611 3604
f 3616 3615 3602
f 3615 3605 3602
f 3614 3602 3604
f 3613 3600 3612
f 3613 3601 3600
f 3612 3600 3593
f 3612 3593 3594
f 3593 3600 3591
f 3609 3604 3603
f 3609 3606 3585
f 3609 3589 3601
f 3609 3597 3606
f 3616 3602 3614
f 3609 3610 3611
f 3609 3601 3610
f 3609 3585 3589
f 3609 3603 3597
f 3606 3597 3599
f 3606 3595 3585
f 3606 3608 3595
f 3606 3607 3608
f 3606 3599 3607
f 3605 3603 3602
f 3602 3603 3604
f 3613 3612 3622
f 3636 3629 3637
f 3635 3631 3634
f 3634 3631 3633
f 3631 3632 3633
f 3629 3626 3625
f 3629 3630 3626
f 3628 3624 3614
f 3625 3626 3627
f 3624 3618 3616
f 3624 3616 3614
f 3623 3613 3622
f 3672 3673 3674
f 3622 3612 3594
f 3619 3614 3604
f 3619 3601 3613
f 3619 3604 3611
f 3619 3611 3610
f 3619 3610 3601
f 3619 3621 3614
f 3619 3620 3621
f 3619 3613 3620
f 3618 3617 3616
f 3617 3615 3616
f 3691 2664 2666
f 3694 3695 3696
f 1675 3695 1674
f 1677 3695 1675
f 1677 1678 3052
f 1677 3052 3053
f 1672 1674 3694
f 3689 3049 3046
f 3690 3049 3689
f 3689 3046 3048
f 3693 3691 3692
f 3692 3691 2666
f 3691 3690 2664
f 3696 3695 3697
f 3690 3689 2665
f 3690 2665 2664
f 3689 3048 2675
f 3689 2675 2665
f 3048 3047 2674
f 3048 2674 2675
f 3047 3050 2661
f 3047 2661 2674
f 3050 2678 2659
f 3050 2659 2661
f 2678 2660 2659
f 3699 2620 3700
f 2628 2627 3704
f 3705 2627 3706
f 3704 2627 3705
f 2635 2628 3703
f 3703 2628 3704
f 2634 2635 3702
f 3702 2635 3703
f 2622 2634 3701
f 3701 2634 3702
f 2620 2622 3700
f 3700 2622 3701
f 3670 3687 3686
f 2621 2620 3699
f 3053 3695 1677
f 1674 3695 3694
f 3690 3695 3049
f 3693 3695 3691
f 3049 3695 3057
f 3057 3695 3056
f 3056 3695 3053
f 3691 3695 3690
f 3698 3695 3693
f 3697 3695 3698
f 3672 3676 3675
f 3584 3683 3580
f 3681 3682 3583
f 3583 3682 3584
f 3680 3681 3582
f 3582 3681 3583
f 3679 3680 3575
f 3575 3680 3582
f 3577 3679 3575
f 3674 3676 3672
f 3667 3676 3670
f 3675 3676 3667
f 3682 3683 3584
f 3678 3676 3674
f 3677 3676 3678
f 3670 3676 3677
f 3663 3675 3666
f 3671 3675 3660
f 3660 3675 3661
f 3661 3675 3662
f 3662 3675 3663
f 3672 3675 3671
f 3666 3675 3667
f 3672 798 3673
f 3688 3687 3685
f 796 3687 3674
f 3685 3687 3680
f 3684 3687 794
f 3674 3687 3678
f 3678 3687 3677
f 3677 3687 3670
f 794 3687 796
f 3683 3687 3684
f 3682 3687 3683
f 3681 3687 3682
f 3680 3687 3681
f 3601 3589 3600
f 3686 3687 3688
f 3686 3669 3668
f 3686 3668 3670
f 3679 3685 3680
f 796 3674 3673
f 797 3673 798
f 796 3673 797
f 3684 794 793
f 3684 793 788
f 3683 3684 3580
f 3580 3684 788
f 3534 3527 3531
f 3541 3482 3485
f 3540 3499 3495
f 3540 3536 3537
f 3540 3537 3499
f 3540 3495 3482
f 3538 3534 3532
f 3538 3535 3534
f 3538 3539 3535
f 3538 3532 3536
f 3536 3532 3533
f 3536 3533 3537
f 3534 3531 3532
f 3541 3485 3542
f 3534 3535 3527
f 3532 3531 3529
f 3532 3529 3530
f 3532 3530 3533
f 3531 3524 3529
f 3531 3526 3524
f 3531 3527 3526
f 3529 3524 3525
f 3529 3525 3530
f 3526 3522 3520
f 3526 3520 3524
f 3546 3533 3530
f 3551 3550 3513
f 3551 3513 3509
f 3550 3549 3517
f 3550 3517 3513
f 3549 3548 3521
f 3549 3521 3517
f 3548 3547 3525
f 3548 3525 3521
f 3547 3546 3530
f 3547 3530 3525
f 3546 3545 3533
f 3526 3523 3522
f 3545 3544 3537
f 3545 3537 3533
f 3544 3543 3499
f 3544 3499 3537
f 3543 3481 3499
f 3543 3472 3481
f 3541 3540 3482
f 3541 3538 3536
f 3541 3536 3540
f 3541 3542 3539
f 3541 3539 3538
f 3498 3496 3495
f 3510 3504 3500
f 3510 3511 3505
f 3508 3500 3503
f 3508 3503 3509
f 3504 3501 3500
f 3504 3506 3507
f 3504 3507 3501
f 3504 3505 3506
f 3500 3502 3503
f 3500 3501 3502
f 3495 3499 3481
f 3498 3495 3497
f 3510 3500 3508
f 3498 3494 3496
f 3498 3497 3477
f 3498 3477 3476
f 3498 3476 3475
f 3498 3475 3474
f 3498 3474 3494
f 3497 3481 3480
f 3497 3480 3479
f 3497 3479 3478
f 3497 3478 3477
f 3497 3495 3481
f 3518 3515 3514
f 3526 3528 3523
f 3526 3527 3528
f 3524 3520 3521
f 3524 3521 3525
f 3522 3519 3518
f 3522 3516 3520
f 3522 3518 3516
f 3522 3523 3519
f 3520 3516 3517
f 3520 3517 3521
f 3518 3514 3516
f 3552 3509 3503
f 3518 3519 3515
f 3516 3514 3512
f 3516 3512 3513
f 3516 3513 3517
f 3514 3508 3512
f 3514 3511 3510
f 3514 3510 3508
f 3514 3515 3511
f 3512 3508 3509
f 3512 3509 3513
f 3510 3505 3504
f 3572 3574 3563
f 3571 3581 3573
f 3565 3581 3571
f 3576 3581 3579
f 790 791 3567
f 790 3567 3569
f 788 785 3580
f 3578 3565 3562
f 3579 3565 3578
f 3578 3562 3564
f 3575 3576 3577
f 3556 3574 3570
f 3566 3574 3559
f 3573 3581 3569
f 3568 3574 3572
f 3570 3574 3568
f 3557 3574 3556
f 3558 3574 3557
f 3559 3574 3558
f 3563 3574 3566
f 3568 3572 3569
f 3565 3572 3563
f 3569 3572 3573
f 3573 3572 3571
f 3571 3572 3565
f 3585 3587 3588
f 3600 3589 3591
f 3597 3598 3599
f 3597 91 3598
f 3585 3596 3586
f 3585 3595 3596
f 3594 3593 3592
f 3593 3591 3592
f 3591 3589 3590
f 3591 3590 3592
f 3589 3585 3588
f 3589 3588 3590
f 3570 3554 3555
f 3585 3586 3587
f 3569 3581 790
f 3579 3581 3565
f 785 3581 3580
f 3575 3581 3576
f 3580 3581 3584
f 3584 3581 3583
f 3583 3581 3582
f 3582 3581 3575
f 789 3581 785
f 790 3581 789
f 3549 3550 614
f 3543 597 596
f 3544 3545 634
f 3544 634 597
f 3545 3546 631
f 3545 631 634
f 3546 3547 626
f 3546 626 631
f 3547 3548 622
f 3547 622 626
f 3548 3549 618
f 3548 618 622
f 3543 3544 597
f 3549 614 618
f 3550 3551 610
f 3550 610 614
f 3551 3552 606
f 3551 606 610
f 3552 3553 602
f 3552 602 606
f 3553 458 602
f 3553 3552 3503
f 3553 3503 3502
f 3552 3551 3509
f 2897 2899 3558
f 3570 3555 3556
f 791 3568 3567
f 3567 3568 3569
f 3566 3559 3560
f 3566 3560 3561
f 3562 3565 3563
f 3562 3563 3564
f 2901 2903 3560
f 3560 2903 3561
f 2899 2901 3559
f 3559 2901 3560
f 3706 2629 3707
f 3558 2899 3559
f 2895 2897 3557
f 3557 2897 3558
f 2893 2895 3556
f 3556 2895 3557
f 2891 2893 3555
f 3555 2893 3556
f 2890 2891 3555
f 3554 2890 3555
f 2888 2890 3554
f 3472 3543 596
f 3775 3777 1899
f 3783 3780 3781
f 3783 3779 3780
f 3783 3778 3779
f 3783 3777 3778
f 3783 1899 3777
f 3775 1899 1807
f 3775 3776 3782
f 3775 3782 3781
f 3775 3781 3780
f 3775 3780 3779
f 3775 3779 3778
f 3775 3778 3777
f 3783 3781 3782
f 3775 1499 3776
f 3775 1805 1499
f 3775 1804 1805
f 3775 1802 1804
f 3775 1803 1802
f 3775 1809 1803
f 3775 1808 1809
f 3775 1807 1808
f 3774 1828 1898
f 3774 1598 1833
f 3774 1833 1832
f 3795 3784 3796
f 3799 3797 3796
f 3797 3788 3795
f 3797 3795 3796
f 3797 3791 3790
f 3797 3790 3789
f 3797 3789 3788
f 3797 3798 3791
f 3795 3788 3787
f 3795 3787 3786
f 3795 3786 3785
f 3795 3785 3784
f 3774 1832 1831
f 3792 3793 3794
f 3783 3791 1899
f 3783 3790 3791
f 3783 3789 3790
f 3783 3788 3789
f 3783 3787 3788
f 3783 3786 3787
f 3783 3785 3786
f 3783 3784 3785
f 3783 3776 3784
f 3783 3782 3776
f 3769 2643 2644
f 3767 1212 1211
f 3768 1211 3748
f 3768 3748 3749
f 3748 1211 3747
f 1211 1010 3747
f 3769 3767 3751
f 3769 3753 2641
f 3769 3766 3765
f 3769 2645 3762
f 3769 3762 3772
f 3769 3772 3766
f 3769 2641 2643
f 3767 1211 3768
f 3769 2644 2645
f 3769 3751 3752
f 3769 3752 3753
f 3769 3771 3767
f 3769 3770 3771
f 3769 3765 3770
f 3749 3750 3768
f 3768 3750 3767
f 3750 3751 3767
f 3765 3764 3763
f 3765 3766 3764
f 3773 1212 3767
f 3774 1831 1830
f 3774 1830 1829
f 3774 1829 1828
f 3774 3297 1598
f 3774 1898 3302
f 3774 3302 3301
f 3774 3301 3300
f 3774 3300 3299
f 3774 3299 3298
f 3774 3298 3297
f 3773 3765 1210
f 3799 3798 3797
f 3773 3767 3771
f 3773 3771 3770
f 3773 3770 3765
f 3773 1219 1212
f 3773 1218 1219
f 3773 1210 1218
f 1102 1101 3763
f 3763 1209 3765
f 3763 1101 1209
f 1101 1099 1209
f 3765 1209 1210
f 2488 3839 3840
f 787 3568 791
f 787 3570 3568
f 787 3554 3570
f 2780 2888 3554
f 3315 3314 3845
f 3845 3314 3844
f 2494 3843 2488
f 3314 3841 3844
f 3314 3322 3841
f 3843 3839 2488
f 2488 3842 2489
f 2488 3840 3842
f 787 2780 3554
f 3841 3322 3838
f 3839 3837 3840
f 3839 3836 3837
f 3838 3322 3303
f 3838 3303 3835
f 3836 3833 3837
f 3836 3832 3833
f 3835 3791 3816
f 3835 3303 3791
f 3835 3816 3834
f 3834 3827 3830
f 3848 3847 1115
f 3846 1113 1100
f 3853 3852 1114
f 3853 1114 1113
f 3852 3851 1121
f 3852 1121 1114
f 3851 3850 1122
f 3851 1122 1121
f 3850 3849 1116
f 3850 1116 1122
f 3849 3848 1115
f 3849 1115 1116
f 3834 3816 3828
f 3847 1062 1115
f 3847 1091 1062
f 2621 3699 2647
f 2647 3699 3761
f 3761 3699 3762
f 1102 3764 1100
f 3762 3699 3772
f 3764 3766 3846
f 3764 3846 1100
f 3772 3699 3766
f 3766 3699 3846
f 3805 3806 3807
f 3814 3798 3793
f 3813 3793 3812
f 3812 3793 3792
f 3805 3794 3793
f 3805 3804 3801
f 3805 3793 3804
f 3805 3811 3794
f 3805 3810 3811
f 3805 3809 3810
f 3805 3808 3809
f 3805 3807 3808
f 3814 3793 3813
f 3805 3801 3806
f 3804 3803 3802
f 3804 3802 3801
f 3804 3793 3803
f 3803 3798 3802
f 3803 3793 3798
f 3802 3799 3800
f 3802 3800 3801
f 3802 3798 3799
f 3800 3799 3796
f 3800 3796 3801
f 3823 3824 3822
f 3834 3830 3829
f 3834 3828 3827
f 3832 3829 3831
f 3832 3831 3833
f 3829 3830 3831
f 3303 1898 3791
f 3827 3828 3826
f 3827 3826 3825
f 3825 3824 3823
f 3825 3826 3824
f 3823 3822 3821
f 3753 3754 2641
f 2479 3820 2471
f 3821 3817 3819
f 3821 3822 3817
f 3820 3819 2471
f 3819 3817 2471
f 2471 3818 2472
f 2471 3817 3818
f 1898 1899 3791
f 3816 3791 3815
f 3815 3798 3814
f 3815 3791 3798
f 3716 1201 1202
f 3721 1200 3715
f 3721 1202 1208
f 3721 1208 1207
f 3721 1207 1200
f 3721 3723 3716
f 3721 3722 3723
f 3721 3715 3722
f 3720 3719 3718
f 3719 3717 3718
f 3718 1201 3716
f 3718 3717 1201
f 3717 1034 1201
f 3721 3716 1202
f 3715 1199 3714
f 3715 1200 1199
f 3714 1199 1176
f 3714 1176 1175
f 1176 1199 1177
f 3708 1680 1672
f 3711 3708 3694
f 3694 3708 1672
f 3712 3711 3696
f 3696 3711 3694
f 3713 3712 3697
f 3732 3729 3733
f 3734 3337 3357
f 3734 3338 3337
f 3361 3729 3728
f 1475 3729 3365
f 3726 3729 3727
f 3724 3729 1476
f 3365 3729 3369
f 3369 3729 3368
f 3368 3729 3361
f 1476 3729 1475
f 3733 3729 3724
f 3697 3712 3696
f 3731 3729 3732
f 3727 3729 3731
f 3730 3729 3726
f 3728 3729 3730
f 3728 3360 3359
f 3728 3359 3361
f 3725 3726 3727
f 1475 3365 3364
f 1471 3364 1472
f 1475 3364 1471
f 3724 1476 1478
f 2930 3710 2917
f 1276 1246 2648
f 2917 3710 2701
f 1682 3710 2924
f 2695 3710 3709
f 3708 3710 1681
f 3709 3710 3713
f 3713 3710 3712
f 3712 3710 3711
f 3711 3710 3708
f 2699 3710 2695
f 2701 3710 2699
f 2648 2729 2649
f 2928 3710 2930
f 2924 3710 2928
f 1681 3710 1682
f 2701 2703 2916
f 2701 2916 2917
f 2696 2695 3709
f 1682 2924 2923
f 1683 2923 1684
f 1682 2923 1683
f 3708 1681 1680
f 2627 2629 3706
f 2668 2723 2663
f 3709 3713 3698
f 3698 3713 3697
f 2696 3709 3693
f 3693 3709 3698
f 3692 2696 3693
f 2696 2666 2697
f 3692 2666 2696
f 2722 2697 2666
f 2723 2722 2663
f 2663 2722 2666
f 2725 2723 2668
f 3735 3357 3358
f 2720 2725 2671
f 2671 2725 2673
f 2673 2725 2668
f 2715 2720 2670
f 2670 2720 2671
f 2718 2715 2651
f 2651 2715 2670
f 2730 2718 2651
f 2729 2730 2649
f 2649 2730 2651
f 1246 2729 2648
f 1486 3755 3724
f 2640 2618 2642
f 2642 2615 2617
f 3759 2638 2637
f 3759 2637 3727
f 3727 2637 3725
f 3758 3759 3727
f 3757 3758 3731
f 3731 3758 3727
f 3756 3757 3732
f 3732 3757 3731
f 3755 3756 3733
f 3733 3756 3732
f 2642 2618 2615
f 3724 3755 3733
f 1478 1486 3724
f 2636 3725 2637
f 3740 3725 2636
f 3743 3740 3754
f 3754 3740 2636
f 3744 3743 3753
f 3753 3743 3754
f 3746 3744 3752
f 3752 3744 3753
f 3742 3746 3751
f 3756 3760 3757
f 3763 3764 1102
f 3754 2636 2639
f 3754 2639 2641
f 3762 2645 3761
f 2645 2646 3761
f 3761 2646 2647
f 2625 3760 1482
f 2640 3760 2618
f 1484 3760 3755
f 3759 3760 2638
f 3755 3760 3756
f 3751 3746 3752
f 3757 3760 3758
f 3758 3760 3759
f 1483 3760 1484
f 1482 3760 1483
f 2632 3760 2625
f 2630 3760 2632
f 2618 3760 2630
f 2638 3760 2640
f 1482 1481 2623
f 1482 2623 2625
f 1486 1484 3755
f 3334 3714 1175
f 3740 3743 3739
f 3739 3743 3738
f 3743 3744 3738
f 3735 3339 3734
f 3735 3340 3339
f 3742 3741 3716
f 3734 3339 3338
f 3741 3720 3718
f 3741 3718 3716
f 3335 3715 3334
f 3715 3714 3334
f 3745 3735 3736
f 3740 3739 3726
f 3740 3726 3725
f 3739 3738 3730
f 3739 3730 3726
f 3738 3737 3728
f 3738 3728 3730
f 3737 3736 3360
f 3737 3360 3728
f 3736 3735 3358
f 3736 3358 3360
f 3735 3734 3357
f 3745 3742 3716
f 3741 3742 3750
f 3750 3742 3751
f 3720 3741 3750
f 3719 3720 3749
f 3749 3720 3750
f 3717 3719 3748
f 3748 3719 3749
f 1034 3717 3747
f 3747 3717 3748
f 1010 1034 3747
f 3745 3738 3744
f 2541 1958 1960
f 3745 3340 3735
f 3745 3715 3335
f 3745 3335 3341
f 3745 3341 3340
f 3745 3716 3723
f 3745 3723 3722
f 3745 3722 3715
f 3745 3744 3746
f 3745 3746 3742
f 3745 3737 3738
f 3745 3736 3737
f 877 879 869
f 819 824 885
f 884 769 774
f 769 883 770
f 880 876 833
f 880 765 874
f 880 877 765
f 880 833 877
f 880 882 876
f 880 881 882
f 880 874 881
f 877 869 763
f 877 837 872
f 820 819 886
f 877 878 879
f 877 872 878
f 877 833 837
f 877 763 765
f 834 833 875
f 875 833 876
f 874 765 873
f 873 765 768
f 837 871 872
f 837 838 871
f 763 870 758
f 892 896 886
f 905 904 903
f 903 902 901
f 903 904 902
f 901 898 900
f 901 902 898
f 900 898 897
f 897 898 899
f 892 886 819
f 892 769 884
f 892 819 887
f 892 887 769
f 763 869 870
f 892 895 896
f 892 894 895
f 892 893 894
f 892 884 893
f 887 819 885
f 887 883 769
f 887 891 883
f 887 890 891
f 887 889 890
f 887 888 889
f 887 885 888
f 846 843 847
f 851 778 842
f 851 846 778
f 851 854 845
f 851 853 854
f 851 852 853
f 851 842 852
f 846 800 843
f 846 841 778
f 846 850 841
f 846 849 850
f 846 848 849
f 846 847 848
f 851 800 846
f 801 800 844
f 844 800 845
f 800 808 843
f 842 778 780
f 778 841 775
f 840 838 839
f 838 243 245
f 838 837 243
f 838 810 839
f 838 245 810
f 837 248 243
f 863 865 855
f 866 862 805
f 866 792 860
f 866 863 781
f 866 799 863
f 866 860 868
f 866 868 867
f 866 867 862
f 866 781 792
f 866 805 799
f 863 799 858
f 863 855 781
f 906 907 904
f 863 864 865
f 863 858 864
f 810 805 861
f 861 805 862
f 860 792 859
f 859 792 795
f 799 857 858
f 799 223 857
f 781 856 782
f 781 855 856
f 851 845 800
f 956 950 908
f 969 970 971
f 969 964 970
f 969 898 902
f 969 786 784
f 899 898 967
f 967 898 968
f 966 784 965
f 965 784 783
f 902 963 964
f 902 904 963
f 786 962 787
f 786 961 962
f 969 971 961
f 956 777 948
f 956 908 951
f 956 951 777
f 956 960 950
f 956 959 960
f 956 958 959
f 956 957 958
f 956 948 957
f 951 908 949
f 951 947 777
f 951 955 947
f 942 946 977
f 986 934 942
f 983 942 978
f 983 975 766
f 983 985 975
f 983 984 985
f 983 978 984
f 923 934 981
f 981 934 982
f 980 756 979
f 979 756 753
f 942 977 978
f 951 954 955
f 766 976 767
f 766 975 976
f 972 968 898
f 972 784 966
f 972 969 784
f 972 898 969
f 972 974 968
f 972 973 974
f 972 966 973
f 969 961 786
f 969 902 964
f 921 920 919
f 930 905 922
f 930 922 929
f 930 923 904
f 929 921 925
f 929 925 924
f 929 922 921
f 927 926 928
f 927 924 926
f 924 925 926
f 923 906 904
f 921 922 920
f 930 904 905
f 919 918 917
f 919 920 918
f 917 915 914
f 917 918 915
f 916 913 908
f 914 909 912
f 914 915 909
f 913 912 908
f 912 909 908
f 908 910 911
f 908 909 910
f 942 937 943
f 951 953 954
f 951 952 953
f 951 949 952
f 916 908 950
f 908 911 949
f 948 777 776
f 777 947 779
f 946 942 945
f 945 942 943
f 944 941 938
f 942 934 937
f 837 833 248
f 941 935 938
f 938 939 940
f 938 936 939
f 938 935 936
f 937 934 933
f 935 932 936
f 935 931 932
f 933 923 930
f 933 934 923
f 931 928 932
f 931 927 928
f 657 717 718
f 680 682 725
f 358 724 356
f 358 723 724
f 722 666 721
f 666 695 694
f 666 665 720
f 666 720 716
f 666 694 721
f 666 716 695
f 665 719 720
f 665 657 719
f 657 718 719
f 680 725 726
f 657 656 717
f 716 715 703
f 716 703 695
f 715 704 703
f 715 714 704
f 714 712 713
f 714 713 704
f 712 711 713
f 712 710 711
f 710 708 709
f 710 709 711
f 732 694 689
f 739 401 432
f 401 738 399
f 732 689 731
f 732 731 353
f 732 737 694
f 732 736 737
f 732 735 736
f 732 734 735
f 732 733 734
f 732 355 733
f 732 353 355
f 708 707 642
f 731 730 353
f 731 689 730
f 730 680 727
f 730 727 358
f 730 358 353
f 730 689 680
f 727 680 726
f 727 723 358
f 727 729 723
f 727 728 729
f 727 726 728
f 673 672 671
f 683 681 680
f 680 681 682
f 674 658 657
f 674 673 638
f 674 657 673
f 674 679 658
f 674 678 679
f 674 677 678
f 674 676 677
f 674 675 676
f 674 637 675
f 674 638 637
f 684 685 686
f 673 671 638
f 673 657 672
f 672 665 671
f 672 657 665
f 671 669 670
f 671 670 638
f 671 665 669
f 670 669 598
f 670 598 638
f 669 665 664
f 669 664 598
f 698 697 699
f 708 642 706
f 708 706 709
f 707 643 642
f 642 705 706
f 642 650 705
f 704 702 703
f 702 700 701
f 702 701 703
f 700 698 699
f 700 699 701
f 698 696 697
f 740 401 739
f 696 693 688
f 696 688 697
f 694 690 689
f 694 695 690
f 693 691 684
f 693 684 688
f 691 692 684
f 689 687 680
f 689 690 687
f 688 684 686
f 687 683 680
f 803 227 799
f 814 812 813
f 814 813 815
f 812 809 804
f 812 804 813
f 810 806 805
f 810 811 806
f 809 807 800
f 809 800 804
f 807 808 800
f 805 803 799
f 805 806 803
f 804 800 802
f 816 815 817
f 800 801 802
f 227 226 799
f 226 221 799
f 799 221 223
f 795 792 794
f 795 797 798
f 795 796 797
f 795 794 796
f 794 792 793
f 793 792 788
f 792 786 788
f 829 827 828
f 833 249 248
f 833 836 249
f 833 835 836
f 833 834 835
f 245 818 811
f 245 811 810
f 245 831 832
f 245 832 818
f 831 829 830
f 831 830 832
f 829 828 830
f 792 781 784
f 827 826 828
f 827 825 826
f 825 819 822
f 825 822 826
f 825 823 819
f 823 824 819
f 819 821 822
f 819 820 821
f 818 816 817
f 818 817 811
f 816 814 815
f 745 738 401
f 758 761 762
f 758 760 761
f 758 759 760
f 756 755 753
f 756 757 755
f 755 754 753
f 754 751 753
f 751 752 753
f 745 743 684
f 745 401 740
f 745 684 741
f 763 762 764
f 745 750 743
f 745 740 750
f 745 749 738
f 745 748 749
f 745 747 748
f 745 746 747
f 745 741 746
f 685 684 744
f 744 684 742
f 742 684 743
f 684 692 741
f 775 776 777
f 792 784 786
f 791 790 787
f 790 789 787
f 789 785 787
f 785 788 786
f 785 786 787
f 781 783 784
f 781 782 783
f 780 778 779
f 778 775 777
f 778 777 779
f 986 766 756
f 774 769 773
f 769 772 773
f 769 771 772
f 769 770 771
f 768 765 767
f 765 763 756
f 765 766 767
f 765 756 766
f 763 758 762
f 763 757 756
f 763 764 757
f 1200 1178 1199
f 1206 1208 1202
f 1206 1207 1208
f 1206 1200 1207
f 1206 1179 1178
f 1206 1040 1046
f 1203 1046 1198
f 1203 1195 1179
f 1203 1205 1195
f 1203 1204 1205
f 1203 1198 1204
f 1034 1040 1201
f 1201 1040 1202
f 1206 1046 1203
f 1199 1178 1177
f 1046 1197 1198
f 1046 1050 1197
f 1179 1196 1180
f 1179 1195 1196
f 1191 1185 1042
f 1191 1173 1182
f 1191 1042 1186
f 1191 1186 1173
f 1191 1194 1185
f 1191 1193 1194
f 1217 1097 1095
f 1220 1217 1095
f 1220 1004 1217
f 1220 1222 1216
f 1220 1221 1222
f 1220 1214 1221
f 1217 1210 1097
f 1217 1008 1212
f 1217 1212 1219
f 1217 1219 1218
f 1217 1218 1210
f 1217 1004 1008
f 1191 1192 1193
f 1005 1004 1215
f 1215 1004 1216
f 1214 1095 1213
f 1213 1095 1094
f 1008 1010 1211
f 1008 1211 1212
f 1097 1210 1209
f 1097 1209 1099
f 1206 1202 1040
f 1206 1203 1179
f 1206 1178 1200
f 1166 1167 1157
f 1139 1172 1173
f 1169 1165 1085
f 1169 1161 1163
f 1169 1166 1161
f 1169 1085 1166
f 1169 1171 1165
f 1169 1170 1171
f 1169 1163 1170
f 1166 1089 1159
f 1166 1157 1154
f 1166 1159 1168
f 1166 1168 1167
f 1137 1173 1174
f 1166 1085 1089
f 1166 1154 1161
f 1086 1085 1164
f 1164 1085 1165
f 1163 1161 1160
f 1160 1161 1162
f 1089 1090 1158
f 1089 1158 1159
f 1154 1157 1155
f 1154 1155 1156
f 1149 1143 1071
f 1182 1173 1172
f 1191 1182 1192
f 1186 1042 1183
f 1186 1181 1173
f 1186 1190 1181
f 1186 1189 1190
f 1186 1188 1189
f 1186 1187 1188
f 1186 1183 1187
f 1048 1042 1184
f 1184 1042 1185
f 1042 1044 1183
f 1220 1095 1214
f 1173 1181 1174
f 1162 1161 1179
f 1162 1179 1180
f 1161 1154 1178
f 1161 1178 1179
f 1154 1156 1177
f 1154 1177 1178
f 1156 1176 1177
f 1156 1175 1176
f 1141 1137 1174
f 1137 1139 1173
f 1271 1272 1273
f 1283 1284 1282
f 1281 1278 1280
f 1281 1282 1278
f 1280 1278 1277
f 1277 1278 1279
f 1276 204 199
f 1276 1275 204
f 1276 199 1246
f 1275 1271 204
f 1271 205 204
f 1271 1274 205
f 1271 1273 1274
f 1283 1282 1281
f 199 1247 1246
f 199 201 1247
f 201 1255 1256
f 201 1256 1247
f 201 1270 1255
f 201 1269 1270
f 1269 1267 1268
f 1269 1268 1270
f 1267 1265 1266
f 1267 1266 1268
f 1265 1264 1266
f 1299 1300 1298
f 1310 1303 1284
f 1309 1301 1305
f 1309 1305 1304
f 1309 1302 1301
f 1307 1306 1308
f 1307 1304 1306
f 1304 1305 1306
f 1303 1286 1284
f 1301 1302 1300
f 1301 1300 1299
f 1299 1298 1297
f 1265 1263 1264
f 1297 1295 1294
f 1297 1298 1295
f 1296 1293 1288
f 1294 1289 1292
f 1294 1295 1289
f 1293 1292 1288
f 1292 1289 1288
f 1288 1290 1291
f 1288 1289 1290
f 1286 1287 1284
f 1285 1284 1283
f 1227 1012 1225
f 182 177 1237
f 1237 177 179
f 1232 1226 1012
f 1232 1106 1224
f 1232 1012 1227
f 1232 1227 1106
f 1232 1236 1226
f 1232 1235 1236
f 1232 1234 1235
f 1232 1233 1234
f 1232 1224 1233
f 183 182 1237
f 1227 1223 1106
f 1227 1231 1223
f 1227 1230 1231
f 1227 1229 1230
f 1227 1228 1229
f 1227 1225 1228
f 1020 1012 1226
f 1012 1015 1225
f 1224 1106 1105
f 1106 1223 1107
f 1220 1216 1004
f 1251 1250 1252
f 1263 1261 1257
f 1263 1260 1264
f 1263 1257 1260
f 1261 1262 1257
f 1257 1259 1260
f 1257 1258 1259
f 1255 1253 1254
f 1255 1254 1256
f 1253 1251 1252
f 1253 1252 1254
f 1251 1249 1250
f 1149 1137 1140
f 1249 1248 1243
f 1249 1243 1250
f 1248 1244 1238
f 1248 1238 1243
f 1246 1241 1242
f 1246 1247 1241
f 1244 1245 1238
f 1243 1238 1240
f 1242 1241 1237
f 1241 183 1237
f 1238 1239 1240
f 1037 1034 1033
f 1049 1046 1047
f 1048 1045 1042
f 1046 1040 1041
f 1046 1041 1047
f 1045 1038 1042
f 1042 1043 1044
f 1042 1039 1043
f 1042 1038 1039
f 1041 1040 1037
f 1040 1034 1037
f 1038 1036 1039
f 1038 1035 1036
f 1050 1046 1049
f 1035 1031 1036
f 1035 1030 1031
f 1033 1010 1011
f 1033 1026 1032
f 1033 1011 1026
f 1033 1034 1010
f 1032 1026 1025
f 1032 1025 1028
f 1032 1028 1027
f 1030 1027 1029
f 1030 1029 1031
f 1062 1063 1058
f 1071 1073 1074
f 1071 1072 1073
f 1070 1068 1069
f 1070 1069 1063
f 1068 1066 1067
f 1068 1067 1069
f 1066 1064 1065
f 1066 1065 1067
f 1064 1061 1056
f 1064 1056 1065
f 1062 1058 1057
f 1027 1028 1029
f 1061 1059 1052
f 1061 1052 1056
f 1059 1060 1052
f 1057 1055 1051
f 1057 1058 1055
f 1056 1052 1054
f 1055 315 1051
f 1052 1053 1054
f 315 314 1051
f 314 309 1051
f 1051 309 311
f 944 938 992
f 999 1002 993
f 999 1001 1002
f 999 1000 1001
f 999 990 1000
f 994 938 991
f 994 989 772
f 994 998 989
f 994 997 998
f 994 996 997
f 994 995 996
f 994 991 995
f 999 994 772
f 992 938 993
f 938 940 991
f 990 772 771
f 772 989 773
f 986 982 934
f 986 756 980
f 986 983 766
f 986 942 983
f 986 980 988
f 986 988 987
f 986 987 982
f 1012 1014 1015
f 1025 1024 1023
f 1025 1026 1024
f 1023 1022 1021
f 1023 1024 1022
f 1021 1019 1018
f 1021 1022 1019
f 1020 1017 1012
f 1018 1013 1016
f 1018 1019 1013
f 1017 1016 1012
f 1016 1013 1012
f 1075 1076 1071
f 1012 1013 1014
f 1011 1010 1009
f 1009 1008 1007
f 1009 1010 1008
f 1007 1004 1006
f 1007 1008 1004
f 1006 1004 1003
f 1003 1004 1005
f 999 993 938
f 999 772 990
f 999 938 994
f 1124 1103 1108
f 1133 1134 1135
f 1133 1124 1134
f 1128 1052 1125
f 1128 1123 1103
f 1128 1132 1123
f 1128 1131 1132
f 1128 1130 1131
f 1128 1129 1130
f 1128 1125 1129
f 1053 1052 1126
f 1126 1052 1127
f 1052 1060 1125
f 1133 1135 1136
f 1103 1123 1104
f 1120 1116 1057
f 1120 1098 1114
f 1120 1117 1096
f 1120 1051 1117
f 1120 1122 1116
f 1120 1121 1122
f 1120 1114 1121
f 1120 1096 1098
f 1120 1057 1051
f 1117 1051 1112
f 1144 1146 1147
f 1149 1071 1144
f 1149 1144 1137
f 1149 1153 1143
f 1149 1152 1153
f 1149 1151 1152
f 1149 1150 1151
f 1149 1140 1150
f 1144 1071 1142
f 1144 1138 1137
f 1144 1148 1138
f 1144 1147 1148
f 1117 1109 1096
f 1144 1145 1146
f 1144 1142 1145
f 1072 1071 1143
f 1071 1076 1142
f 1140 1137 1141
f 1137 1138 1139
f 1133 1127 1052
f 1133 1052 1128
f 1133 1103 1124
f 1133 1128 1103
f 1133 1136 1127
f 333 1063 1062
f 1090 331 333
f 1090 1089 331
f 1090 1062 1091
f 1090 333 1062
f 1089 336 331
f 1089 1085 336
f 1085 337 336
f 1085 1088 337
f 1085 1087 1088
f 1085 1086 1087
f 333 1070 1063
f 1092 1090 1091
f 333 1083 1084
f 333 1084 1070
f 1083 1081 1082
f 1083 1082 1084
f 1081 1080 1082
f 1081 1079 1080
f 1079 1078 1080
f 1079 1077 1078
f 1077 1071 1074
f 1077 1074 1078
f 1077 1075 1071
f 1108 1103 1107
f 1117 1119 1109
f 1117 1118 1119
f 1117 1112 1118
f 1062 1057 1115
f 1115 1057 1116
f 1114 1098 1113
f 1113 1098 1100
f 1051 1111 1112
f 1051 311 1111
f 1096 1110 1093
f 1096 1109 1110
f 664 663 659
f 1103 1106 1107
f 1103 1105 1106
f 1103 1104 1105
f 1100 1098 1099
f 1100 1101 1102
f 1100 1099 1101
f 1098 1096 1097
f 1098 1097 1099
f 1096 1093 1095
f 1096 1095 1097
f 1093 1094 1095
f 259 251 254
f 272 270 269
f 269 270 271
f 268 266 265
f 265 266 267
f 262 257 256
f 262 248 250
f 262 259 243
f 262 256 259
f 262 264 257
f 262 263 264
f 262 250 263
f 262 243 248
f 273 274 275
f 259 246 243
f 259 261 246
f 259 260 261
f 259 254 260
f 259 256 251
f 258 256 255
f 255 256 257
f 251 253 254
f 251 252 253
f 250 248 247
f 247 248 249
f 284 285 286
f 294 292 291
f 294 290 287
f 294 287 292
f 291 292 293
f 290 288 287
f 287 288 289
f 284 279 278
f 284 270 272
f 284 281 265
f 284 278 281
f 284 286 279
f 246 244 243
f 284 272 285
f 284 265 270
f 281 273 275
f 281 268 265
f 281 275 283
f 281 283 282
f 281 282 268
f 281 278 273
f 280 278 277
f 277 278 279
f 273 276 274
f 215 212 207
f 218 204 206
f 218 215 199
f 218 212 215
f 218 220 213
f 218 219 220
f 218 206 219
f 218 199 204
f 215 207 209
f 215 202 199
f 215 209 217
f 215 217 216
f 215 216 202
f 218 213 212
f 214 212 211
f 211 212 213
f 207 210 208
f 207 208 209
f 206 204 203
f 203 204 205
f 202 200 199
f 199 200 201
f 196 193 184
f 196 189 193
f 196 198 189
f 236 234 235
f 243 244 245
f 240 237 228
f 240 233 237
f 240 242 233
f 240 241 242
f 240 228 241
f 237 233 231
f 237 224 228
f 237 231 239
f 237 239 238
f 237 238 224
f 295 296 297
f 235 234 233
f 234 229 233
f 233 229 231
f 229 232 230
f 229 230 231
f 228 226 225
f 228 224 221
f 228 221 226
f 225 226 227
f 224 222 221
f 221 222 223
f 353 354 355
f 370 359 367
f 370 371 364
f 369 367 368
f 367 359 362
f 367 362 368
f 363 360 359
f 363 365 366
f 363 366 360
f 363 364 365
f 359 361 362
f 359 360 361
f 356 357 358
f 370 364 363
f 350 345 344
f 350 336 338
f 350 347 331
f 350 344 347
f 350 352 345
f 350 351 352
f 350 338 351
f 350 331 336
f 347 339 341
f 347 334 331
f 347 341 349
f 378 375 379
f 384 379 385
f 383 378 382
f 383 380 376
f 383 376 378
f 383 381 380
f 382 378 379
f 380 374 376
f 380 373 377
f 380 377 374
f 380 381 373
f 378 376 375
f 347 349 348
f 377 373 372
f 377 372 374
f 376 374 375
f 374 372 369
f 374 369 368
f 374 368 375
f 372 371 370
f 372 367 369
f 372 370 367
f 372 373 371
f 370 363 359
f 306 307 308
f 317 320 318
f 317 318 319
f 316 314 313
f 316 312 309
f 316 309 314
f 313 314 315
f 312 310 309
f 309 310 311
f 306 303 294
f 306 299 303
f 306 308 299
f 321 317 319
f 306 294 307
f 303 299 297
f 303 290 294
f 303 297 305
f 303 305 304
f 303 304 290
f 302 300 301
f 301 300 299
f 300 295 299
f 299 295 297
f 295 298 296
f 328 321 325
f 347 348 334
f 347 344 339
f 346 344 343
f 343 344 345
f 339 342 340
f 339 340 341
f 338 336 335
f 335 336 337
f 334 332 331
f 331 332 333
f 328 325 316
f 196 197 198
f 328 330 321
f 328 329 330
f 328 316 329
f 325 321 319
f 325 312 316
f 325 319 327
f 325 327 326
f 325 326 312
f 324 322 323
f 323 322 321
f 322 317 321
f 61 57 56
f 79 80 81
f 75 77 78
f 75 76 77
f 74 72 71
f 71 72 73
f 70 68 67
f 67 68 69
f 64 61 52
f 64 57 61
f 64 66 57
f 64 65 66
f 64 52 65
f 82 80 79
f 61 48 52
f 61 63 48
f 61 62 63
f 61 56 62
f 60 58 59
f 59 58 57
f 58 53 57
f 57 53 56
f 53 55 56
f 53 54 55
f 52 50 49
f 86 83 67
f 101 97 100
f 97 99 100
f 97 98 99
f 96 94 93
f 96 92 89
f 96 89 94
f 93 94 95
f 92 90 89
f 89 90 91
f 86 81 80
f 86 72 74
f 52 48 45
f 86 80 83
f 86 88 81
f 86 87 88
f 86 74 87
f 86 67 72
f 83 75 78
f 83 70 67
f 83 85 70
f 83 84 85
f 83 78 84
f 83 80 75
f 17 11 19
f 26 24 23
f 23 24 25
f 20 15 14
f 20 6 8
f 20 17 1
f 20 14 17
f 20 22 15
f 20 21 22
f 20 8 21
f 20 1 6
f 17 9 11
f 17 4 1
f 27 28 29
f 17 19 18
f 17 18 4
f 17 14 9
f 16 14 13
f 13 14 15
f 9 12 10
f 9 10 11
f 8 6 5
f 5 6 7
f 4 2 1
f 1 2 3
f 39 41 26
f 52 45 50
f 49 50 51
f 48 46 45
f 45 46 47
f 42 39 30
f 42 35 39
f 42 44 35
f 42 43 44
f 42 30 43
f 39 35 34
f 39 26 30
f 102 97 101
f 39 40 41
f 39 34 40
f 38 36 37
f 37 36 35
f 36 31 35
f 35 31 34
f 31 33 34
f 31 32 33
f 30 28 27
f 30 26 23
f 30 23 28
f 162 155 160
f 171 158 162
f 171 173 158
f 171 172 173
f 171 166 172
f 170 168 169
f 169 168 167
f 168 163 167
f 167 163 166
f 163 165 166
f 163 164 165
f 162 160 159
f 162 158 155
f 171 167 166
f 159 160 161
f 158 156 155
f 155 156 157
f 152 147 146
f 152 138 140
f 152 149 133
f 152 146 149
f 152 154 147
f 152 153 154
f 152 140 153
f 152 133 138
f 185 186 187
f 196 184 197
f 193 189 188
f 193 180 184
f 193 195 180
f 193 194 195
f 193 188 194
f 192 190 191
f 191 190 189
f 190 185 189
f 189 185 188
f 185 187 188
f 149 141 144
f 184 182 181
f 184 180 177
f 184 177 182
f 181 182 183
f 180 178 177
f 177 178 179
f 174 171 162
f 174 167 171
f 174 176 167
f 174 175 176
f 174 162 175
f 108 105 96
f 127 129 128
f 127 128 114
f 127 124 119
f 126 124 123
f 123 124 125
f 119 122 120
f 119 120 121
f 118 116 115
f 115 116 117
f 114 112 111
f 111 112 113
f 127 121 129
f 108 101 105
f 108 110 101
f 108 109 110
f 108 96 109
f 105 101 100
f 105 92 96
f 105 107 92
f 105 106 107
f 105 100 106
f 104 102 103
f 103 102 101
f 136 134 133
f 149 136 133
f 149 151 136
f 149 150 151
f 149 144 150
f 149 146 141
f 148 146 145
f 145 146 147
f 141 143 144
f 141 142 143
f 140 138 137
f 137 138 139
f 384 382 379
f 133 134 135
f 130 125 124
f 130 116 118
f 130 127 111
f 130 124 127
f 130 132 125
f 130 131 132
f 130 118 131
f 130 111 116
f 127 119 121
f 127 114 111
f 572 568 569
f 580 576 577
f 580 577 581
f 578 574 576
f 578 575 574
f 578 579 575
f 576 574 572
f 576 572 573
f 576 573 577
f 574 571 570
f 574 570 568
f 574 568 572
f 574 575 571
f 582 583 579
f 572 569 573
f 570 566 564
f 570 564 568
f 570 567 566
f 570 571 567
f 568 564 565
f 568 565 569
f 566 560 564
f 566 563 562
f 566 562 560
f 566 567 563
f 589 587 584
f 595 591 590
f 595 559 558
f 595 592 559
f 595 558 591
f 592 589 586
f 592 594 593
f 592 586 594
f 592 593 559
f 590 587 589
f 590 588 587
f 590 591 588
f 564 560 561
f 589 584 586
f 587 580 584
f 587 582 580
f 587 583 582
f 587 588 583
f 584 580 581
f 584 585 586
f 584 581 585
f 582 576 580
f 582 578 576
f 582 579 578
f 540 539 538
f 551 488 265
f 549 547 550
f 549 546 547
f 548 543 544
f 548 267 543
f 546 545 547
f 546 544 545
f 544 543 545
f 488 500 265
f 543 267 542
f 542 541 540
f 542 267 541
f 551 265 267
f 540 541 539
f 538 537 536
f 538 539 537
f 518 535 515
f 536 532 534
f 536 537 532
f 535 534 515
f 534 532 515
f 515 533 516
f 515 532 533
f 265 500 270
f 480 486 554
f 564 561 565
f 562 446 560
f 562 450 448
f 562 448 446
f 562 563 450
f 560 445 561
f 560 446 445
f 557 558 559
f 289 480 287
f 287 480 292
f 468 556 463
f 595 590 589
f 480 293 292
f 480 554 293
f 556 552 463
f 463 555 464
f 463 553 555
f 463 552 553
f 554 488 551
f 554 486 488
f 552 549 550
f 552 550 553
f 551 267 548
f 635 632 629
f 646 559 645
f 645 559 641
f 642 643 644
f 641 559 593
f 559 640 557
f 639 598 597
f 639 632 635
f 639 634 633
f 639 597 634
f 639 638 598
f 639 635 638
f 639 633 632
f 647 642 648
f 635 637 638
f 635 636 637
f 635 629 636
f 633 631 630
f 633 630 627
f 633 634 631
f 633 627 632
f 632 627 629
f 630 623 627
f 630 625 623
f 630 626 625
f 651 648 642
f 664 659 598
f 664 666 668
f 664 668 667
f 664 667 663
f 664 665 666
f 659 663 662
f 659 662 661
f 659 661 660
f 659 660 596
f 659 596 598
f 656 657 658
f 630 631 626
f 651 559 646
f 651 642 644
f 651 640 559
f 651 646 648
f 651 655 640
f 651 654 655
f 651 653 654
f 651 652 653
f 651 644 652
f 650 642 649
f 649 642 647
f 605 599 603
f 613 614 610
f 611 607 608
f 611 608 612
f 609 603 607
f 609 605 603
f 609 606 605
f 609 610 606
f 607 603 604
f 607 604 608
f 605 601 599
f 605 602 601
f 613 610 609
f 605 606 602
f 603 599 600
f 603 600 604
f 601 454 599
f 601 602 458
f 601 458 456
f 601 456 454
f 599 453 600
f 599 454 453
f 596 597 598
f 595 589 592
f 621 617 615
f 627 623 624
f 627 628 629
f 627 624 628
f 625 619 623
f 625 622 621
f 625 621 619
f 625 626 622
f 623 619 620
f 623 620 624
f 621 618 617
f 621 615 619
f 270 504 271
f 621 622 618
f 619 615 616
f 619 616 620
f 617 614 613
f 617 611 615
f 617 613 611
f 617 618 614
f 615 611 612
f 615 612 616
f 613 607 611
f 613 609 607
f 425 421 419
f 431 427 428
f 431 433 432
f 431 428 433
f 431 432 401
f 429 425 427
f 429 426 425
f 429 430 426
f 427 425 423
f 427 423 424
f 427 424 428
f 425 419 423
f 425 422 421
f 431 429 427
f 425 426 422
f 423 419 420
f 423 420 424
f 421 418 417
f 421 417 419
f 421 422 418
f 419 415 416
f 419 417 415
f 419 416 420
f 417 414 413
f 417 411 415
f 439 438 366
f 449 447 448
f 449 448 450
f 447 444 446
f 447 446 448
f 444 445 446
f 443 442 398
f 443 398 397
f 442 441 403
f 442 403 398
f 441 404 403
f 440 439 365
f 417 413 411
f 439 366 365
f 438 437 360
f 438 360 366
f 437 435 361
f 437 361 360
f 435 436 361
f 434 429 431
f 434 430 429
f 434 431 401
f 434 401 400
f 434 400 430
f 391 384 388
f 395 358 357
f 395 357 392
f 395 353 358
f 395 393 394
f 394 393 390
f 394 390 354
f 394 354 353
f 393 391 388
f 393 388 390
f 393 392 391
f 391 389 384
f 395 392 393
f 391 387 389
f 391 392 387
f 390 388 385
f 390 385 354
f 389 386 382
f 389 382 384
f 389 387 386
f 388 384 385
f 386 383 382
f 386 381 383
f 386 387 381
f 409 406 402
f 417 418 414
f 415 411 412
f 415 412 416
f 413 407 411
f 413 409 407
f 413 410 409
f 413 414 410
f 411 407 408
f 411 408 412
f 409 402 407
f 409 396 406
f 451 452 453
f 409 410 396
f 407 402 405
f 407 405 408
f 406 403 402
f 406 396 398
f 406 398 403
f 402 404 405
f 402 403 404
f 399 400 401
f 396 397 398
f 395 394 353
f 507 508 496
f 442 513 441
f 510 505 504
f 510 439 502
f 510 507 439
f 510 504 507
f 510 512 505
f 510 511 512
f 510 502 511
f 507 496 438
f 507 497 499
f 507 499 509
f 507 509 508
f 514 442 443
f 507 504 497
f 507 438 439
f 506 504 503
f 503 504 505
f 502 439 501
f 501 439 440
f 497 500 498
f 497 498 499
f 438 496 495
f 438 495 437
f 492 487 486
f 525 527 528
f 270 497 504
f 270 500 497
f 271 504 531
f 531 504 530
f 530 504 506
f 525 519 515
f 525 442 514
f 525 515 520
f 525 520 442
f 525 529 519
f 525 528 529
f 492 489 451
f 525 526 527
f 525 514 526
f 520 515 517
f 520 513 442
f 520 524 513
f 520 523 524
f 520 522 523
f 520 521 522
f 520 517 521
f 518 515 519
f 515 516 517
f 468 463 466
f 474 477 467
f 474 476 477
f 474 475 476
f 474 462 475
f 469 463 465
f 469 461 447
f 469 473 461
f 469 472 473
f 469 471 472
f 469 470 471
f 469 465 470
f 474 469 447
f 466 463 467
f 463 464 465
f 462 447 449
f 447 461 444
f 460 459 458
f 459 457 458
f 457 455 456
f 457 456 458
f 455 451 454
f 455 454 456
f 451 453 454
f 489 482 490
f 492 455 484
f 492 480 489
f 492 494 487
f 492 493 494
f 492 484 493
f 492 451 455
f 492 486 480
f 489 480 482
f 489 478 451
f 489 491 478
f 489 490 491
f 1310 1302 1309
f 488 486 485
f 485 486 487
f 484 455 483
f 483 455 457
f 480 481 482
f 480 289 481
f 451 479 452
f 451 478 479
f 474 467 463
f 474 447 462
f 474 463 469
f 2128 2125 2127
f 2131 2132 2133
f 2130 2096 2128
f 2130 2097 2096
f 2130 2129 2097
f 2130 2128 2129
f 2129 2128 2126
f 2129 2126 2123
f 2129 2093 2092
f 2129 2092 2097
f 2129 2123 2093
f 2128 2127 2122
f 2128 2122 2126
f 2131 2133 2134
f 2128 2096 2125
f 2127 2124 2120
f 2127 2125 2124
f 2127 2120 2122
f 2126 2122 2123
f 2124 2121 2120
f 2124 2119 2121
f 2124 2125 2119
f 2122 2120 2117
f 2122 2117 2123
f 2121 2116 2120
f 2145 2149 2138
f 2150 2144 2140
f 2150 2134 2139
f 2150 2140 2145
f 2150 2145 2134
f 2150 2154 2144
f 2150 2153 2154
f 2150 2152 2153
f 2150 2151 2152
f 2150 2139 2151
f 2145 2140 2142
f 2145 2138 2134
f 2121 2118 2114
f 2145 2148 2149
f 2145 2147 2148
f 2145 2146 2147
f 2145 2142 2146
f 2143 2140 2144
f 2140 2141 2142
f 2139 2134 2133
f 2134 2138 2136
f 2137 2135 2136
f 2135 2131 2134
f 2135 2134 2136
f 2098 2088 2090
f 2106 2100 2098
f 2106 2098 2102
f 2106 2107 2101
f 2104 2102 2103
f 2104 2103 2105
f 2102 2098 2099
f 2102 2099 2103
f 2100 2088 2098
f 2100 2101 2081
f 2100 2081 2086
f 2100 2086 2088
f 2098 2090 2099
f 2106 2101 2100
f 2095 2096 2097
f 2092 2093 2094
f 2090 2088 2089
f 2090 2089 2091
f 2088 2086 2080
f 2088 2080 2089
f 2086 2081 2085
f 2086 2079 2080
f 2086 2087 2079
f 2086 2085 2087
f 2081 2084 2085
f 2114 2110 2111
f 2121 2114 2116
f 2121 2119 2118
f 2120 2116 2117
f 2118 2115 2114
f 2118 2113 2115
f 2118 2119 2113
f 2116 2114 2111
f 2116 2111 2117
f 2115 2110 2114
f 2115 2113 2112
f 2115 2112 2110
f 2089 2155 2156
f 2112 2109 2110
f 2112 2108 2104
f 2112 2107 2108
f 2112 2104 2109
f 2112 2113 2107
f 2110 2109 2105
f 2110 2105 2111
f 2109 2104 2105
f 2108 2107 2106
f 2108 2102 2104
f 2108 2106 2102
f 2202 2200 2203
f 2210 2207 2211
f 2208 2205 2204
f 2208 2202 2206
f 2208 2204 2202
f 2208 2209 2205
f 2206 2202 2203
f 2206 2203 2207
f 2204 2199 2202
f 2204 2195 2201
f 2204 2201 2199
f 2204 2205 2195
f 2202 2199 2200
f 2210 2208 2206
f 2201 2135 2199
f 2201 2195 2131
f 2201 2131 2135
f 2199 2137 2200
f 2199 2135 2137
f 2196 2197 2198
f 2195 2132 2131
f 2187 2185 2186
f 2187 2186 2092
f 2187 2194 2185
f 2187 2193 2194
f 2219 2215 2220
f 2226 2223 2227
f 2224 2221 2222
f 2224 2217 2221
f 2224 2225 2217
f 2222 2221 2219
f 2222 2219 2220
f 2222 2220 2223
f 2221 2216 2219
f 2221 2217 2216
f 2219 2214 2215
f 2219 2216 2214
f 2187 2192 2193
f 2216 2213 2212
f 2216 2210 2214
f 2216 2212 2210
f 2216 2218 2213
f 2216 2217 2218
f 2214 2210 2211
f 2214 2211 2215
f 2212 2209 2208
f 2212 2208 2210
f 2212 2213 2209
f 2210 2206 2207
f 2167 2157 2160
f 2173 2174 2175
f 2173 2095 2097
f 2170 2165 2164
f 2170 2167 2089
f 2170 2080 2162
f 2170 2157 2167
f 2170 2172 2165
f 2170 2171 2172
f 2170 2162 2171
f 2170 2089 2080
f 2170 2164 2157
f 2173 2175 2176
f 2167 2155 2089
f 2167 2169 2155
f 2167 2168 2169
f 2167 2160 2168
f 2166 2164 2163
f 2163 2164 2165
f 2162 2080 2161
f 2161 2080 2078
f 2157 2159 2160
f 2157 2158 2159
f 2089 2156 2091
f 2183 2174 2181
f 2187 2191 2192
f 2187 2190 2191
f 2187 2189 2190
f 2187 2188 2189
f 2187 2094 2188
f 2187 2092 2094
f 2186 2185 2184
f 2186 2183 2092
f 2186 2184 2183
f 2184 2174 2183
f 2184 2185 2174
f 2081 2083 2084
f 2183 2182 2092
f 2183 2181 2182
f 2182 2181 2097
f 2182 2097 2092
f 2181 2174 2173
f 2181 2173 2097
f 2173 2180 2095
f 2173 2179 2180
f 2173 2178 2179
f 2173 2177 2178
f 2173 2176 2177
f 1965 1947 1945
f 1974 1946 1948
f 1970 1973 1971
f 1970 1971 1972
f 1944 1969 1968
f 1944 1968 1940
f 1965 1960 1959
f 1965 1962 1947
f 1965 1945 1957
f 1965 1952 1962
f 1965 1967 1960
f 1965 1966 1967
f 1965 1957 1966
f 1975 1946 1974
f 1965 1959 1952
f 1962 1952 1955
f 1962 1950 1947
f 1962 1964 1950
f 1962 1963 1964
f 1962 1955 1963
f 1961 1959 1958
f 1958 1959 1960
f 1957 1945 1956
f 1956 1945 1943
f 1952 1954 1955
f 1983 1985 1978
f 1996 1998 1999
f 1996 1997 1998
f 1996 1993 1997
f 1994 1991 1995
f 1991 1992 1993
f 1989 1986 1990
f 1986 1987 1988
f 1983 1978 1977
f 1983 1946 1975
f 1983 1980 1946
f 1983 1977 1980
f 1952 1953 1954
f 1983 1984 1985
f 1983 1975 1984
f 1980 1970 1972
f 1980 1969 1944
f 1980 1972 1982
f 1980 1982 1981
f 1980 1981 1969
f 1980 1977 1970
f 1980 1944 1946
f 1979 1977 1976
f 1976 1977 1978
f 1918 1920 1921
f 1931 1927 1932
f 1930 1925 1928
f 1928 1925 1929
f 1925 1926 1927
f 1924 1900 1905
f 1900 1923 1901
f 1918 1912 1908
f 1918 1903 1907
f 1918 1908 1913
f 1918 1913 1903
f 1918 1922 1912
f 1918 1921 1922
f 1931 1932 1933
f 1918 1919 1920
f 1918 1907 1919
f 1913 1908 1910
f 1913 1906 1903
f 1913 1917 1906
f 1913 1916 1917
f 1913 1915 1916
f 1913 1914 1915
f 1913 1910 1914
f 1911 1908 1912
f 1908 1909 1910
f 1936 1900 1924
f 1947 1951 1949
f 1947 1950 1951
f 1948 1946 1947
f 1948 1947 1949
f 1946 1944 1945
f 1946 1945 1947
f 1944 1940 1943
f 1944 1943 1945
f 1940 1942 1943
f 1940 1941 1942
f 1936 1929 1925
f 1996 1999 2000
f 1936 1925 1931
f 1936 1931 1900
f 1936 1939 1929
f 1936 1938 1939
f 1936 1937 1938
f 1936 1924 1937
f 1931 1925 1927
f 1931 1923 1900
f 1931 1935 1923
f 1931 1934 1935
f 1931 1933 1934
f 2028 2050 2051
f 2061 2051 2060
f 2060 2051 2050
f 2056 2058 2059
f 2056 2057 2058
f 2052 2055 2053
f 2052 2054 2055
f 2036 2035 2053
f 2035 2026 2052
f 2035 2052 2053
f 2026 2028 2051
f 2026 2051 2052
f 2028 2048 2050
f 2062 2063 2064
f 2048 2049 2050
f 2045 2040 2039
f 2045 2035 2037
f 2045 2042 2035
f 2045 2039 2042
f 2045 2047 2040
f 2045 2046 2047
f 2045 2037 2046
f 2042 2029 2026
f 2042 2030 2032
f 2042 2032 2044
f 2069 2056 2066
f 2081 2082 2083
f 2080 2079 2078
f 2079 2077 2078
f 2077 2076 2075
f 2077 2075 2078
f 2076 2072 2075
f 2072 2074 2075
f 2072 2073 2074
f 2069 2064 2063
f 2069 2051 2061
f 2069 2066 2052
f 2042 2044 2043
f 2069 2071 2064
f 2069 2070 2071
f 2069 2061 2070
f 2069 2052 2051
f 2069 2063 2056
f 2066 2056 2059
f 2066 2054 2052
f 2066 2068 2054
f 2066 2067 2068
f 2066 2059 2067
f 2065 2063 2062
f 2001 1995 1991
f 2017 2007 2006
f 2017 2021 2007
f 2017 2020 2021
f 2017 2019 2020
f 2017 2018 2019
f 2017 2013 2018
f 2016 2011 2014
f 2014 2011 2015
f 2011 2012 2013
f 2009 2006 2010
f 2006 2007 2008
f 2017 2011 2013
f 2001 1986 1989
f 2001 1991 1996
f 2001 1996 1986
f 2001 2005 1995
f 2001 2004 2005
f 2001 2003 2004
f 2001 2002 2003
f 2001 1989 2002
f 1996 1991 1993
f 1996 1987 1986
f 1996 2000 1987
f 2010 2006 1988
f 2042 2043 2029
f 2042 2039 2030
f 2042 2026 2035
f 2041 2039 2038
f 2038 2039 2040
f 2037 2035 2034
f 2034 2035 2036
f 2030 2033 2031
f 2030 2031 2032
f 2026 2029 2027
f 2026 2027 2028
f 2226 2222 2223
f 2006 2008 1986
f 2006 1986 1988
f 2008 1990 1986
f 2022 2015 2011
f 2022 2011 2017
f 2022 2006 2009
f 2022 2017 2006
f 2022 2025 2015
f 2022 2024 2025
f 2022 2023 2024
f 2022 2009 2023
f 2442 2439 2443
f 2450 2447 2451
f 2448 2444 2442
f 2448 2442 2446
f 2448 2445 2444
f 2448 2449 2445
f 2446 2442 2443
f 2446 2443 2447
f 2444 2438 2442
f 2444 2441 2440
f 2444 2440 2438
f 2444 2445 2441
f 2442 2438 2439
f 2450 2446 2447
f 2440 2436 2433
f 2440 2437 2436
f 2440 2433 2438
f 2440 2441 2437
f 2438 2433 2435
f 2438 2435 2439
f 2436 2431 2429
f 2436 2429 2433
f 2436 2437 2431
f 2433 2434 2435
f 2433 2429 2434
f 2458 2454 2455
f 2466 2463 2467
f 2464 2458 2462
f 2464 2460 2458
f 2464 2461 2460
f 2464 2465 2461
f 2462 2458 2459
f 2462 2459 2463
f 2460 2454 2458
f 2460 2456 2454
f 2460 2457 2456
f 2460 2461 2457
f 2364 2432 2365
f 2458 2455 2459
f 2456 2450 2454
f 2456 2453 2452
f 2456 2452 2450
f 2456 2457 2453
f 2454 2450 2451
f 2454 2451 2455
f 2452 2448 2446
f 2452 2449 2448
f 2452 2446 2450
f 2452 2453 2449
f 2408 2409 2410
f 2417 2414 2418
f 2415 2408 2413
f 2415 2411 2408
f 2415 2412 2411
f 2415 2416 2412
f 2413 2408 2410
f 2413 2410 2414
f 2411 2406 2408
f 2411 2407 2406
f 2411 2412 2407
f 2408 2404 2405
f 2408 2406 2404
f 2417 2413 2414
f 2408 2405 2409
f 2406 2400 2404
f 2406 2402 2400
f 2406 2403 2402
f 2406 2407 2403
f 2404 2400 2401
f 2404 2401 2405
f 2402 2397 2393
f 2402 2399 2397
f 2402 2393 2400
f 2402 2403 2399
f 2424 2372 2370
f 2431 2430 2429
f 2430 2427 2429
f 2427 2428 2429
f 2426 2421 2424
f 2426 2423 2422
f 2426 2422 2421
f 2426 2370 2392
f 2426 2424 2370
f 2426 2392 2423
f 2424 2421 2418
f 2424 2374 2372
f 2466 2467 2367
f 2424 2425 2374
f 2424 2418 2425
f 2422 2417 2421
f 2422 2419 2417
f 2422 2420 2419
f 2422 2423 2420
f 2421 2417 2418
f 2419 2413 2417
f 2419 2416 2415
f 2419 2415 2413
f 2419 2420 2416
f 2515 2517 2516
f 2509 2528 2507
f 2507 2528 2505
f 2524 2528 2523
f 2518 2528 2519
f 2524 2527 2525
f 2524 2525 2526
f 2516 2523 2513
f 2513 2523 2511
f 2519 2522 2520
f 2519 2520 2521
f 2503 2505 2518
f 2503 2518 2501
f 2511 2528 2509
f 2514 2515 2513
f 2513 2515 2516
f 2512 2514 2513
f 2510 2512 2511
f 2511 2512 2513
f 2508 2510 2509
f 2509 2510 2511
f 2506 2508 2507
f 2507 2508 2509
f 2504 2506 2505
f 2505 2506 2507
f 2534 2502 2533
f 2540 1956 2539
f 2540 1957 1956
f 2539 1956 1942
f 2539 1942 1941
f 1942 1956 1943
f 1940 2537 2538
f 1940 2538 1941
f 2537 2502 2536
f 2537 2536 2538
f 2536 2502 2535
f 2535 2502 2534
f 2502 2504 2503
f 2533 2502 2532
f 2532 2502 2501
f 2526 2529 2524
f 2519 2529 2522
f 2528 2529 2519
f 2524 2529 2528
f 2531 2529 2526
f 2530 2529 2531
f 2522 2529 2530
f 2505 2528 2518
f 2523 2528 2511
f 2471 2472 2473
f 2480 2475 2477
f 2480 2484 2469
f 2480 2483 2484
f 2480 2482 2483
f 2480 2481 2482
f 2480 2473 2481
f 2479 2471 2478
f 2478 2471 2476
f 2476 2471 2477
f 2475 2429 2474
f 2474 2429 2470
f 2480 2469 2429
f 2470 2429 2428
f 2429 2469 2434
f 2468 2465 2464
f 2468 2365 2432
f 2468 2466 2366
f 2468 2432 2465
f 2468 2366 2365
f 2468 2464 2466
f 2466 2464 2462
f 2466 2462 2463
f 2466 2367 2366
f 2495 2496 2497
f 2503 2504 2505
f 2501 2502 2503
f 2495 2492 2488
f 2495 2394 2487
f 2495 2488 2490
f 2495 2485 2394
f 2495 2500 2492
f 2495 2487 2500
f 2495 2499 2485
f 2495 2498 2499
f 2495 2497 2498
f 2400 2393 2396
f 2495 2490 2496
f 2494 2488 2493
f 2493 2488 2491
f 2491 2488 2492
f 2488 2489 2490
f 2487 2394 2486
f 2486 2394 2398
f 2394 2485 2395
f 2480 2477 2471
f 2480 2429 2475
f 2480 2471 2473
f 2285 2283 2282
f 2289 2286 2271
f 2289 2276 2286
f 2289 2281 2291
f 2289 2291 2290
f 2289 2290 2284
f 2289 2271 2261
f 2289 2283 2276
f 2286 2276 2279
f 2286 2274 2271
f 2286 2288 2274
f 2286 2287 2288
f 2286 2279 2287
f 2289 2261 2281
f 2282 2283 2284
f 2281 2261 2280
f 2280 2261 2258
f 2276 2278 2279
f 2276 2277 2278
f 2271 2275 2273
f 2271 2274 2275
f 2272 2270 2271
f 2272 2271 2273
f 2270 2269 2261
f 2270 2261 2271
f 2299 2294 2296
f 2269 2310 2264
f 2269 2309 2310
f 2304 2298 2294
f 2304 2252 2293
f 2304 2294 2299
f 2304 2299 2252
f 2304 2308 2298
f 2304 2307 2308
f 2304 2306 2307
f 2304 2305 2306
f 2304 2293 2305
f 2269 2264 2268
f 2299 2292 2252
f 2299 2303 2292
f 2299 2302 2303
f 2299 2301 2302
f 2299 2300 2301
f 2299 2296 2300
f 2297 2294 2298
f 2294 2295 2296
f 2293 2252 2251
f 2252 2292 2254
f 2289 2284 2283
f 2231 2229 2228
f 2244 2245 2246
f 2244 2239 2245
f 2243 2237 2242
f 2242 2237 2240
f 2240 2237 2241
f 2237 2238 2239
f 2236 2196 2235
f 2235 2196 2198
f 2196 2234 2232
f 2231 2230 2196
f 2231 2228 2226
f 2244 2246 2247
f 2231 2226 2230
f 2231 2233 2229
f 2231 2232 2233
f 2231 2196 2232
f 2230 2197 2196
f 2230 2226 2227
f 2230 2227 2197
f 2228 2224 2226
f 2228 2225 2224
f 2228 2229 2225
f 2226 2224 2222
f 2255 2253 2254
f 2269 2263 2261
f 2269 2268 2263
f 2264 2267 2268
f 2264 2266 2267
f 2264 2265 2266
f 2263 2262 2261
f 2261 2260 2258
f 2261 2262 2260
f 2260 2259 2258
f 2259 2256 2258
f 2256 2257 2258
f 2311 2312 2313
f 2253 2250 2252
f 2253 2252 2254
f 2250 2251 2252
f 2244 2241 2237
f 2244 2196 2236
f 2244 2237 2239
f 2244 2234 2196
f 2244 2249 2241
f 2244 2236 2249
f 2244 2248 2234
f 2244 2247 2248
f 2346 2364 2365
f 2377 2378 2379
f 2376 2371 2373
f 2371 2375 2368
f 2373 2371 2372
f 2373 2372 2374
f 2371 2368 2370
f 2371 2370 2372
f 2368 2369 2370
f 2348 2344 2366
f 2348 2366 2367
f 2344 2346 2365
f 2344 2365 2366
f 2380 2377 2381
f 2360 2353 2349
f 2360 2344 2347
f 2360 2349 2355
f 2360 2355 2344
f 2360 2363 2353
f 2360 2362 2363
f 2360 2361 2362
f 2360 2347 2361
f 2355 2349 2351
f 2355 2345 2344
f 2355 2359 2345
f 2387 2391 2381
f 2400 2396 2401
f 2397 2394 2393
f 2397 2399 2398
f 2397 2398 2394
f 2393 2395 2396
f 2393 2394 2395
f 2369 2392 2370
f 2387 2381 2377
f 2387 2371 2376
f 2387 2377 2382
f 2387 2382 2371
f 2355 2358 2359
f 2387 2390 2391
f 2387 2389 2390
f 2387 2388 2389
f 2387 2376 2388
f 2382 2377 2379
f 2382 2375 2371
f 2382 2386 2375
f 2382 2385 2386
f 2382 2384 2385
f 2382 2383 2384
f 2382 2379 2383
f 2321 2309 2269
f 2332 2329 2333
f 2329 2330 2331
f 2328 2253 2255
f 2253 2327 2250
f 2324 2319 2318
f 2324 2270 2316
f 2324 2321 2270
f 2324 2318 2321
f 2324 2326 2319
f 2324 2325 2326
f 2324 2316 2325
f 2334 2329 2332
f 2321 2311 2314
f 2321 2323 2309
f 2321 2322 2323
f 2321 2314 2322
f 2321 2318 2311
f 2321 2269 2270
f 2320 2318 2317
f 2317 2318 2319
f 2316 2270 2315
f 2315 2270 2272
f 2311 2313 2314
f 2340 2335 2253
f 2355 2357 2358
f 2355 2356 2357
f 2355 2351 2356
f 2354 2349 2352
f 2352 2349 2353
f 2349 2350 2351
f 2347 2344 2348
f 2344 2345 2346
f 2340 2333 2329
f 2340 2329 2335
f 2340 2253 2328
f 1907 1903 1902
f 2340 2343 2333
f 2340 2342 2343
f 2340 2341 2342
f 2340 2328 2341
f 2335 2329 2331
f 2335 2327 2253
f 2335 2339 2327
f 2335 2338 2339
f 2335 2337 2338
f 2335 2336 2337
f 2335 2331 2336
f 1521 1516 1517
f 1530 1531 1527
f 1528 1524 1525
f 1528 1525 1529
f 1526 1523 1521
f 1526 1520 1523
f 1526 1521 1524
f 1526 1527 1520
f 1524 1521 1522
f 1524 1522 1525
f 1523 1518 1521
f 1523 1520 1518
f 1521 1518 1516
f 1530 1526 1524
f 1521 1517 1522
f 1518 1514 1512
f 1518 1515 1514
f 1518 1512 1516
f 1518 1520 1519
f 1518 1519 1515
f 1516 1512 1513
f 1516 1513 1517
f 1514 1511 1507
f 1514 1498 1511
f 1514 1507 1512
f 1538 1539 1535
f 1544 1540 1541
f 1544 1502 1501
f 1544 1541 1502
f 1542 1538 1536
f 1542 1539 1538
f 1542 1543 1539
f 1542 1536 1540
f 1540 1536 1537
f 1540 1537 1541
f 1538 1534 1536
f 1538 1535 1534
f 1514 1515 1498
f 1536 1534 1532
f 1536 1532 1533
f 1536 1533 1537
f 1534 1530 1532
f 1534 1531 1530
f 1534 1535 1531
f 1532 1530 1528
f 1532 1528 1529
f 1532 1529 1533
f 1530 1524 1528
f 1530 1527 1526
f 1468 1237 1465
f 1480 1482 1483
f 1480 1481 1482
f 1479 1478 1477
f 1478 1476 1477
f 1476 1475 1474
f 1476 1474 1477
f 1475 1471 1474
f 1471 1473 1474
f 1471 1472 1473
f 1468 1464 1242
f 1468 1465 1365
f 1468 1367 1462
f 1480 1483 1484
f 1468 1470 1464
f 1468 1469 1470
f 1468 1462 1469
f 1468 1365 1367
f 1468 1242 1237
f 1465 1237 1460
f 1465 1457 1365
f 1465 1467 1457
f 1465 1466 1467
f 1465 1460 1466
f 1246 1242 1463
f 1495 1491 1493
f 1512 1507 1510
f 1512 1510 1513
f 1511 1498 1500
f 1511 1508 1507
f 1511 1500 1508
f 1507 1509 1510
f 1507 1508 1509
f 1504 1505 1506
f 1501 1502 1503
f 1498 1499 1500
f 1497 1495 1496
f 1545 1542 1540
f 1495 1493 1496
f 1491 1494 1492
f 1491 1492 1493
f 1489 1487 1488
f 1489 1488 1490
f 1487 1485 1479
f 1487 1479 1488
f 1485 1480 1484
f 1485 1478 1479
f 1485 1486 1478
f 1485 1484 1486
f 1587 1552 1551
f 1596 1598 1599
f 1596 1597 1598
f 1489 1595 1487
f 1592 1593 1594
f 1588 1586 1585
f 1588 1587 1551
f 1588 1591 1586
f 1588 1590 1591
f 1588 1551 1589
f 1588 1589 1590
f 1588 1585 1587
f 1587 1585 1583
f 1600 1594 1597
f 1587 1583 1584
f 1587 1584 1552
f 1585 1579 1583
f 1585 1581 1579
f 1585 1582 1581
f 1585 1586 1582
f 1583 1579 1580
f 1583 1580 1584
f 1581 1575 1579
f 1581 1577 1575
f 1581 1578 1577
f 1608 1609 1605
f 1614 1606 1610
f 1614 1615 1609
f 1612 1610 1607
f 1612 1607 1613
f 1611 1609 1608
f 1611 1608 1606
f 1610 1606 1607
f 1608 1605 1604
f 1608 1603 1606
f 1608 1604 1601
f 1608 1601 1603
f 1581 1582 1578
f 1606 1603 1602
f 1606 1602 1607
f 1604 1600 1596
f 1604 1592 1600
f 1604 1596 1601
f 1604 1605 1592
f 1603 1601 1602
f 1601 1596 1599
f 1601 1599 1602
f 1600 1597 1596
f 1600 1592 1594
f 1554 1546 1550
f 1563 1559 1560
f 1563 1560 1564
f 1561 1556 1554
f 1561 1557 1556
f 1561 1554 1559
f 1561 1562 1557
f 1559 1554 1555
f 1559 1555 1560
f 1556 1546 1554
f 1556 1558 1546
f 1556 1557 1558
f 1565 1566 1562
f 1554 1550 1555
f 1551 1552 1553
f 1546 1549 1550
f 1546 1548 1549
f 1546 1547 1548
f 1545 1506 1505
f 1545 1543 1542
f 1545 1540 1544
f 1545 1505 1543
f 1545 1501 1506
f 1545 1544 1501
f 1573 1574 1570
f 1579 1575 1576
f 1579 1576 1580
f 1577 1571 1575
f 1577 1573 1571
f 1577 1574 1573
f 1577 1578 1574
f 1575 1571 1572
f 1575 1572 1576
f 1573 1570 1569
f 1573 1569 1567
f 1573 1567 1571
f 1463 1242 1464
f 1571 1567 1568
f 1571 1568 1572
f 1569 1566 1565
f 1569 1563 1567
f 1569 1565 1563
f 1569 1570 1566
f 1567 1563 1564
f 1567 1564 1568
f 1565 1562 1561
f 1565 1559 1563
f 1565 1561 1559
f 1362 1331 1327
f 1371 1372 1373
f 1370 1369 1346
f 1369 1368 1346
f 1368 1367 1344
f 1368 1344 1346
f 1367 1365 1351
f 1367 1351 1344
f 1365 1352 1351
f 1365 1366 1352
f 1364 1363 1329
f 1363 1362 1327
f 1363 1327 1329
f 1371 1373 1374
f 1359 1355 1278
f 1359 1351 1353
f 1359 1356 1351
f 1359 1278 1356
f 1359 1361 1355
f 1359 1360 1361
f 1359 1353 1360
f 1356 1282 1349
f 1356 1347 1344
f 1356 1349 1358
f 1356 1358 1357
f 1386 1314 1322
f 1318 1320 1394
f 1392 1389 1393
f 1389 1390 1391
f 1386 1382 1314
f 1386 1378 1380
f 1386 1383 1371
f 1386 1322 1383
f 1386 1388 1382
f 1386 1387 1388
f 1386 1380 1387
f 1386 1371 1378
f 1356 1357 1347
f 1383 1322 1376
f 1383 1372 1371
f 1383 1385 1372
f 1383 1384 1385
f 1383 1376 1384
f 1303 1314 1381
f 1381 1314 1382
f 1380 1378 1377
f 1377 1378 1379
f 1322 1375 1376
f 1322 1326 1375
f 1318 1319 1320
f 1334 1335 1336
f 1334 1332 1335
f 1296 1288 1333
f 1288 1291 1332
f 1330 1327 1331
f 1327 1328 1329
f 1326 1322 1325
f 1325 1322 1323
f 1324 1321 1318
f 1322 1314 1317
f 1322 1317 1323
f 1321 1315 1318
f 1334 1336 1337
f 1318 1316 1319
f 1318 1315 1316
f 1317 1314 1313
f 1315 1312 1316
f 1315 1311 1312
f 1313 1303 1310
f 1313 1314 1303
f 1311 1308 1312
f 1311 1307 1308
f 1310 1284 1285
f 1310 1285 1302
f 1339 1327 1330
f 1356 1278 1282
f 1356 1344 1351
f 1279 1278 1354
f 1354 1278 1355
f 1353 1351 1350
f 1350 1351 1352
f 1282 1284 1348
f 1282 1348 1349
f 1344 1347 1345
f 1344 1345 1346
f 1339 1333 1288
f 1395 1318 1396
f 1339 1288 1334
f 1339 1334 1327
f 1339 1343 1333
f 1339 1342 1343
f 1339 1341 1342
f 1339 1340 1341
f 1339 1330 1340
f 1334 1288 1332
f 1334 1328 1327
f 1334 1338 1328
f 1334 1337 1338
f 1433 1429 1412
f 1444 1363 1364
f 1363 1443 1362
f 1438 1432 1257
f 1438 1412 1430
f 1438 1257 1433
f 1438 1433 1412
f 1438 1442 1432
f 1438 1441 1442
f 1438 1440 1441
f 1438 1439 1440
f 1438 1430 1439
f 1433 1257 1431
f 1238 1245 1445
f 1433 1437 1429
f 1433 1436 1437
f 1433 1435 1436
f 1433 1434 1435
f 1433 1431 1434
f 1258 1257 1432
f 1257 1262 1431
f 1430 1412 1414
f 1412 1429 1413
f 1426 1422 1271
f 1426 1410 1420
f 1453 1455 1456
f 1462 1367 1461
f 1461 1367 1368
f 1237 1459 1460
f 1237 179 1459
f 1365 1458 1366
f 1365 1457 1458
f 1453 1447 1238
f 1453 1238 1448
f 1453 1363 1444
f 1453 1448 1363
f 1453 1456 1447
f 1426 1423 1410
f 1453 1454 1455
f 1453 1444 1454
f 1448 1238 1445
f 1448 1443 1363
f 1448 1452 1443
f 1448 1451 1452
f 1448 1450 1451
f 1448 1449 1450
f 1448 1445 1449
f 1239 1238 1446
f 1446 1238 1447
f 1402 1405 1396
f 1410 1409 1371
f 1410 1371 1374
f 1409 1408 1378
f 1409 1378 1371
f 1408 1406 1379
f 1408 1379 1378
f 1406 1407 1379
f 1402 1396 1318
f 1402 1389 1392
f 1402 1318 1397
f 1402 1397 1389
f 1411 1410 1374
f 1402 1404 1405
f 1402 1403 1404
f 1402 1392 1403
f 1397 1318 1394
f 1397 1390 1389
f 1397 1401 1390
f 1397 1400 1401
f 1397 1399 1400
f 1397 1398 1399
f 1397 1394 1398
f 1324 1318 1395
f 1272 1271 1421
f 1426 1271 1423
f 1426 1428 1422
f 1426 1427 1428
f 1426 1420 1427
f 1423 1416 1409
f 1423 1275 1418
f 1423 1418 1425
f 1423 1425 1424
f 1423 1424 1416
f 1423 1271 1275
f 1423 1409 1410
f 1614 1611 1606
f 1421 1271 1422
f 1420 1410 1419
f 1419 1410 1411
f 1275 1276 1417
f 1275 1417 1418
f 1409 1416 1415
f 1409 1415 1408
f 1414 1412 1389
f 1414 1389 1391
f 1412 1413 1393
f 1412 1393 1389
f 1800 1798 1500
f 1806 1800 1500
f 1806 1799 1800
f 1806 1801 1803
f 1806 1803 1809
f 1806 1809 1808
f 1806 1808 1807
f 1806 1807 1799
f 1801 1499 1805
f 1801 1805 1804
f 1801 1804 1802
f 1801 1802 1803
f 1801 1500 1499
f 1806 1500 1801
f 1800 1799 1798
f 1798 1791 1795
f 1798 1795 1508
f 1798 1508 1500
f 1798 1799 1791
f 1795 1791 1794
f 1795 1789 1508
f 1795 1797 1789
f 1795 1796 1797
f 1795 1794 1796
f 1791 1793 1794
f 1820 1823 1824
f 1826 1830 1831
f 1826 1829 1830
f 1826 1828 1829
f 1826 1827 1828
f 1826 1598 1597
f 1820 1817 1813
f 1820 1546 1812
f 1820 1813 1815
f 1820 1810 1546
f 1820 1825 1810
f 1820 1824 1825
f 1791 1792 1793
f 1820 1822 1823
f 1820 1815 1822
f 1820 1821 1817
f 1820 1812 1821
f 1819 1813 1818
f 1818 1813 1816
f 1816 1813 1817
f 1813 1814 1815
f 1812 1546 1811
f 1811 1546 1558
f 1546 1810 1547
f 1763 1761 1705
f 1775 1723 1722
f 1722 1773 1774
f 1722 1725 1773
f 1772 1770 1771
f 1770 1768 1769
f 1770 1769 1771
f 1768 1766 1767
f 1768 1767 1769
f 1766 1764 1765
f 1766 1765 1767
f 1764 1763 1759
f 1764 1759 1765
f 1776 1722 1774
f 1763 1705 1759
f 1696 1760 1694
f 1696 1762 1760
f 1761 1706 1705
f 1760 1758 1694
f 1759 1705 1757
f 1694 1758 1687
f 1758 1756 1687
f 1705 1710 1757
f 1756 1755 1687
f 1687 1755 1688
f 1784 1783 1762
f 1508 1790 1509
f 1508 1789 1790
f 1742 1784 1762
f 1742 1762 1696
f 1742 1788 1784
f 1742 1739 1788
f 1739 1746 1787
f 1739 1787 1788
f 1746 1786 1787
f 1746 1785 1786
f 1746 1748 1785
f 1826 1831 1832
f 1783 1772 1771
f 1783 1782 1772
f 1783 1771 1762
f 1782 1781 1772
f 1782 1780 1781
f 1780 1778 1779
f 1780 1779 1781
f 1778 1777 1779
f 1778 1776 1777
f 1776 1774 1777
f 1776 1775 1722
f 1877 1876 1878
f 1888 1886 1887
f 1886 1885 1887
f 1886 1884 1885
f 1884 1882 1885
f 1884 1883 1850
f 1884 1850 1882
f 1883 1851 1850
f 1850 1881 1882
f 1850 1858 1881
f 1879 1877 1878
f 1879 1878 1880
f 1877 1875 1876
f 1888 1887 1889
f 1875 1873 1874
f 1875 1874 1876
f 1873 1871 1868
f 1873 1868 1874
f 1807 1869 1799
f 1807 1872 1869
f 1871 1870 1813
f 1871 1813 1868
f 1870 1814 1813
f 1799 1867 1791
f 1799 1869 1867
f 1827 1896 1897
f 1903 1906 1904
f 1905 1900 1904
f 1900 1903 1904
f 1900 1902 1903
f 1900 1901 1902
f 1898 1828 1807
f 1898 1807 1899
f 1828 1893 1807
f 1828 1827 1897
f 1828 1897 1893
f 1827 1838 1896
f 1868 1813 1866
f 1838 1895 1896
f 1838 1894 1895
f 1838 1847 1894
f 1893 1872 1807
f 1893 1892 1872
f 1892 1879 1880
f 1892 1891 1879
f 1892 1890 1891
f 1892 1880 1872
f 1890 1889 1891
f 1890 1888 1889
f 1839 1837 1836
f 1840 1847 1838
f 1840 1846 1847
f 1840 1845 1846
f 1840 1844 1845
f 1840 1843 1844
f 1840 1842 1843
f 1840 1841 1842
f 1840 1593 1841
f 1840 1594 1593
f 1839 1838 1837
f 1839 1836 1594
f 1840 1839 1594
f 1837 1827 1836
f 1837 1838 1827
f 1836 1827 1834
f 1836 1835 1594
f 1836 1834 1835
f 1835 1834 1597
f 1835 1597 1594
f 1834 1827 1826
f 1834 1826 1597
f 1826 1833 1598
f 1826 1832 1833
f 1859 1860 1861
f 1867 1865 1791
f 1813 1819 1866
f 1865 1864 1791
f 1791 1864 1792
f 1859 1856 1850
f 1859 1633 1854
f 1859 1850 1852
f 1859 1848 1633
f 1859 1863 1848
f 1859 1862 1863
f 1859 1861 1862
f 1752 1747 1746
f 1859 1852 1860
f 1859 1854 1856
f 1858 1850 1857
f 1857 1850 1855
f 1855 1850 1856
f 1854 1633 1853
f 1853 1633 1849
f 1850 1851 1852
f 1849 1633 1632
f 1633 1848 1637
f 1840 1838 1839
f 1650 1647 1646
f 1660 1657 1661
f 1658 1653 1656
f 1658 1651 1655
f 1658 1655 1653
f 1658 1659 1651
f 1656 1653 1654
f 1656 1654 1657
f 1655 1648 1653
f 1655 1651 1650
f 1655 1650 1648
f 1653 1648 1649
f 1653 1649 1654
f 1660 1656 1657
f 1650 1644 1648
f 1650 1646 1644
f 1650 1652 1647
f 1650 1651 1652
f 1648 1644 1645
f 1648 1645 1649
f 1646 1643 1642
f 1646 1640 1644
f 1646 1642 1640
f 1646 1647 1643
f 1644 1640 1641
f 1665 1664 1491
f 1672 1671 1673
f 1501 1503 1670
f 1501 1670 1671
f 1503 1669 1670
f 1590 1589 1668
f 1589 1551 1667
f 1589 1667 1668
f 1551 1553 1666
f 1551 1666 1667
f 1665 1662 1664
f 1665 1635 1662
f 1644 1641 1645
f 1665 1495 1635
f 1665 1491 1495
f 1664 1662 1660
f 1664 1634 1491
f 1664 1660 1661
f 1664 1661 1634
f 1662 1656 1660
f 1662 1658 1656
f 1662 1659 1658
f 1662 1663 1659
f 1662 1635 1663
f 1622 1621 1620
f 1628 1627 1626
f 1626 1623 1624
f 1626 1618 1623
f 1626 1622 1618
f 1626 1621 1622
f 1626 1627 1621
f 1624 1623 1619
f 1624 1619 1625
f 1623 1618 1619
f 1622 1620 1616
f 1622 1616 1618
f 1628 1626 1624
f 1620 1617 1612
f 1620 1612 1616
f 1620 1615 1617
f 1620 1621 1615
f 1618 1616 1613
f 1618 1613 1619
f 1617 1614 1610
f 1617 1610 1612
f 1617 1615 1614
f 1616 1612 1613
f 1614 1609 1611
f 1491 1634 1494
f 1642 1636 1640
f 1642 1631 1639
f 1642 1639 1636
f 1642 1643 1631
f 1640 1636 1638
f 1640 1638 1641
f 1639 1633 1636
f 1639 1631 1633
f 1636 1637 1638
f 1636 1633 1637
f 1497 1635 1495
f 1674 1672 1673
f 1631 1632 1633
f 1630 1628 1624
f 1630 1627 1628
f 1630 1629 1485
f 1630 1487 1595
f 1630 1595 1627
f 1630 1485 1487
f 1630 1624 1629
f 1629 1624 1625
f 1629 1625 1480
f 1629 1480 1485
f 1727 1724 1728
f 1732 1727 1667
f 1732 1736 1726
f 1732 1735 1736
f 1732 1734 1735
f 1732 1733 1734
f 1732 1721 1733
f 1727 1722 1724
f 1727 1720 1667
f 1727 1731 1720
f 1727 1730 1731
f 1727 1729 1730
f 1727 1728 1729
f 1732 1722 1727
f 1725 1722 1726
f 1722 1723 1724
f 1721 1667 1666
f 1667 1720 1668
f 1716 1709 1705
f 1716 1705 1711
f 1716 1493 1704
f 1716 1711 1493
f 1716 1719 1709
f 1716 1718 1719
f 1716 1717 1718
f 1749 1746 1739
f 1752 1670 1744
f 1752 1749 1670
f 1752 1746 1749
f 1752 1754 1747
f 1752 1753 1754
f 1752 1744 1753
f 1749 1738 1671
f 1749 1739 1741
f 1749 1741 1751
f 1749 1751 1750
f 1749 1750 1738
f 1716 1704 1717
f 1749 1671 1670
f 1748 1746 1745
f 1745 1746 1747
f 1744 1670 1743
f 1743 1670 1669
f 1739 1742 1740
f 1739 1740 1741
f 1671 1738 1737
f 1671 1737 1673
f 1732 1726 1722
f 1732 1667 1721
f 1504 1683 1684
f 1697 1698 1699
f 1697 1690 1698
f 1696 1694 1693
f 1693 1694 1695
f 1692 1479 1691
f 1691 1479 1477
f 1687 1689 1690
f 1687 1688 1689
f 1488 1686 1490
f 1488 1685 1686
f 1504 1506 1681
f 1697 1699 1685
f 1504 1682 1683
f 1504 1681 1682
f 1681 1506 1680
f 1680 1506 1672
f 1678 1677 1676
f 1678 1676 1679
f 1506 1671 1672
f 1506 1501 1671
f 1677 1675 1676
f 1675 1674 1673
f 1675 1673 1676
f 1493 1703 1496
f 1711 1705 1707
f 1711 1703 1493
f 1711 1715 1703
f 1711 1714 1715
f 1711 1713 1714
f 1711 1712 1713
f 1711 1707 1712
f 1710 1705 1708
f 1708 1705 1709
f 1705 1706 1707
f 1704 1493 1492
f 8248 8002 8004
f 1700 1695 1694
f 1700 1697 1488
f 1700 1479 1692
f 1700 1687 1697
f 1700 1702 1695
f 1700 1701 1702
f 1700 1692 1701
f 1700 1488 1479
f 1700 1694 1687
f 1697 1687 1690
f 1697 1685 1488
f 6809 6812 6808
f 5199 6819 5188
f 6812 6818 6816
f 6814 6818 6813
f 6810 6818 6814
f 6813 6818 6812
f 6817 6818 6810
f 6812 6816 6815
f 6812 6815 5199
f 6811 6814 6813
f 6810 6814 6811
f 6809 6813 6812
f 6811 6813 6809
f 6815 6819 5199
f 6808 6812 5202
f 5202 6812 5199
f 6805 6811 6809
f 6807 6811 6806
f 6806 6811 6805
f 6803 6811 6807
f 6810 6811 6803
f 6805 6809 6808
f 6805 6808 5202
f 6802 6807 6806
f 6804 6807 6802
f 6817 6824 6821
f 6830 6831 5198
f 5191 6830 5198
f 6824 6829 6828
f 6825 6829 6824
f 6824 6828 6823
f 6823 6828 6827
f 6823 6827 6826
f 6826 6827 5191
f 6822 6826 5188
f 5188 6826 5191
f 6823 6826 6822
f 6803 6807 6804
f 6820 6824 6819
f 6825 6824 6817
f 6819 6824 6823
f 6821 6824 6820
f 6819 6823 6822
f 6819 6822 5188
f 6818 6821 6820
f 6817 6821 6818
f 6816 6820 6819
f 6818 6820 6816
f 6816 6819 6815
f 5187 6787 6788
f 6789 6795 6794
f 6789 6794 6787
f 6787 6794 6792
f 6787 6792 6788
f 6788 6792 6793
f 6786 6790 6784
f 6791 6790 6785
f 6785 6790 6786
f 6784 6790 6783
f 6783 6790 6789
f 5187 6789 6787
f 6783 6789 5187
f 6790 6795 6789
f 6780 6786 6784
f 6781 6786 6780
f 6777 6786 6781
f 6785 6786 6777
f 6779 6784 6783
f 6780 6784 6779
f 6779 6783 5185
f 5185 6783 6782
f 6782 6783 5187
f 5185 6782 5187
f 6777 6781 6776
f 6798 6801 6797
f 6801 6806 6805
f 6802 6806 6801
f 6800 6805 5203
f 6801 6805 6800
f 5203 6805 5202
f 6791 6804 6799
f 6799 6804 6802
f 6803 6804 6791
f 6798 6802 6801
f 6799 6802 6798
f 6797 6801 6800
f 5191 6831 6830
f 6793 6800 5203
f 6797 6800 6793
f 6794 6799 6798
f 6791 6799 6796
f 6796 6799 6795
f 6795 6799 6794
f 6792 6798 6797
f 6794 6798 6792
f 6792 6797 6793
f 6791 6796 6790
f 6790 6796 6795
f 6859 6878 6868
f 6886 6885 6879
f 5178 6885 5179
f 6874 6884 6878
f 6879 6884 6880
f 6880 6884 6874
f 6883 6882 6881
f 6881 6882 6877
f 6877 6882 6883
f 6878 6881 6868
f 6868 6881 6870
f 6870 6881 6877
f 6879 6880 6874
f 5179 6885 6886
f 6874 6878 6873
f 6873 6878 6859
f 6870 6876 6871
f 6856 6876 6857
f 6877 6876 6870
f 6857 6876 6877
f 6871 6876 6875
f 6875 6876 6856
f 6874 6873 6872
f 6872 6873 6859
f 6868 6870 6869
f 6884 6892 6887
f 5184 6883 6889
f 5184 6889 6890
f 5184 6890 5182
f 6894 6895 6896
f 6892 6893 6887
f 6887 6893 6888
f 6888 6893 6890
f 5180 6893 6892
f 6890 6893 5182
f 5182 6893 5180
f 6891 6892 6884
f 6869 6870 6871
f 5180 6892 6891
f 6885 6891 6879
f 5178 6891 6885
f 6879 6891 6884
f 5180 6891 5178
f 6887 6888 6883
f 6889 6888 6890
f 6883 6888 6889
f 6878 6887 6881
f 6881 6887 6883
f 6884 6887 6878
f 6829 6833 6828
f 6846 6843 6845
f 6845 6843 6842
f 6842 6843 6844
f 6835 6839 6836
f 6836 6839 6841
f 6841 6839 6838
f 6838 6839 6840
f 6835 6836 6837
f 6756 6833 6834
f 6834 6833 6825
f 6828 6833 6832
f 6840 6843 6846
f 6748 6833 6756
f 6832 6833 6748
f 6825 6833 6829
f 6831 6832 6744
f 6827 6832 6831
f 6744 6832 6746
f 6746 6832 6748
f 6828 6832 6827
f 6742 6831 6744
f 5198 6831 6742
f 6827 6831 5191
f 6854 5194 6855
f 6859 6868 6860
f 6860 6868 6863
f 6863 6868 6867
f 6867 6868 6869
f 6861 6860 6866
f 6866 6860 6865
f 6865 6860 6864
f 6864 6860 6862
f 6862 6860 6863
f 6859 6860 6861
f 6856 6857 6858
f 6776 6781 6780
f 6855 5194 5197
f 6852 6854 6853
f 6853 6854 6855
f 6850 6852 6851
f 6851 6852 6853
f 6848 6850 6849
f 6849 6850 6851
f 6843 6848 6847
f 6847 6848 6849
f 6839 6843 6840
f 6844 6843 6847
f 6699 6705 6704
f 6711 5209 5207
f 6709 6711 6710
f 6710 6711 5207
f 6707 6709 6708
f 6708 6709 6710
f 5212 6707 6706
f 6706 6707 6708
f 5220 5212 6706
f 6701 6705 6699
f 6700 6705 6701
f 6636 6705 6700
f 5257 6705 6628
f 5236 5238 6712
f 6704 6705 5257
f 6628 6705 6636
f 6703 6704 5257
f 6699 6704 6698
f 6698 6704 6703
f 6696 6703 6702
f 6698 6703 6696
f 6702 6703 5257
f 6696 6702 5276
f 5276 6702 5257
f 6695 6701 6699
f 6714 6717 6713
f 5224 6721 6718
f 5226 6721 5224
f 6717 6720 6716
f 6718 6720 6717
f 6716 6720 6719
f 6716 6719 5279
f 5279 6719 5271
f 5222 6718 6715
f 6715 6718 6714
f 6714 6718 6717
f 5224 6718 5222
f 6692 6701 6697
f 6713 6717 6716
f 6713 6716 5278
f 5278 6716 5279
f 6709 6715 6714
f 5222 6715 5212
f 5212 6715 6707
f 6707 6715 6709
f 6711 6714 6713
f 6709 6714 6711
f 5209 6713 5278
f 6711 6713 5209
f 6678 6681 6680
f 6683 6687 6686
f 6685 6687 6683
f 6683 6686 6682
f 6682 6686 5269
f 5269 6686 5273
f 6679 6685 6683
f 6681 6685 6680
f 6680 6685 6679
f 6677 6685 6681
f 6684 6685 6677
f 6679 6683 6682
f 6679 6682 5269
f 6684 6688 6685
f 6677 6681 6678
f 6676 6680 6679
f 6678 6680 6676
f 5265 6679 5269
f 6676 6679 6675
f 6675 6679 5265
f 6673 6678 6676
f 6670 6678 6674
f 6674 6678 6673
f 6677 6678 6670
f 6672 6676 6675
f 6690 6694 6689
f 6697 6701 6695
f 6700 6701 6692
f 6694 6699 6698
f 6695 6699 6694
f 6694 6698 6696
f 6693 6697 6691
f 6692 6697 6693
f 6691 6697 6695
f 6694 6696 5276
f 6690 6695 6694
f 6691 6695 6690
f 6718 6721 6720
f 6689 6694 5273
f 5273 6694 5276
f 6688 6693 6691
f 6684 6693 6688
f 6692 6693 6684
f 6686 6691 6690
f 6688 6691 6687
f 6687 6691 6686
f 6686 6690 6689
f 6686 6689 5273
f 6685 6688 6687
f 6753 6748 6752
f 6763 6764 6765
f 6761 6762 5181
f 6760 6761 5181
f 6760 5181 6759
f 6759 5181 5177
f 6748 6756 6751
f 6751 6756 6758
f 6758 6756 6755
f 6755 6756 6757
f 6746 6748 6747
f 6749 6748 6754
f 6754 6748 6753
f 6764 6766 6765
f 6752 6748 6750
f 6750 6748 6751
f 6747 6748 6749
f 6744 6746 6745
f 6745 6746 6747
f 6742 6744 6743
f 6743 6744 6745
f 6740 6742 6741
f 6741 6742 6743
f 5193 6740 6739
f 6739 6740 6741
f 5181 6774 5183
f 6776 6780 6775
f 6775 6780 6779
f 6774 6779 6778
f 6778 6779 5185
f 6775 6779 6774
f 6774 6778 5183
f 5183 6778 5185
f 6777 6776 6773
f 6773 6776 6775
f 6773 6775 5181
f 5181 6775 6774
f 5196 5193 6739
f 5198 6742 6740
f 5198 6740 5193
f 6762 6773 5181
f 6772 6773 6770
f 6770 6773 6762
f 6771 6772 6770
f 6769 6771 6770
f 6768 6769 6765
f 6765 6769 6770
f 6767 6768 6765
f 6766 6767 6765
f 6722 6726 6725
f 5230 6730 6727
f 5232 6730 5230
f 6726 6729 6728
f 6726 6728 6725
f 6725 6728 5255
f 5253 6728 5251
f 5255 6728 5253
f 6723 6727 6726
f 6724 6727 6723
f 5228 6727 6724
f 5230 6727 5228
f 6727 6730 6726
f 6723 6726 6722
f 6722 6725 5255
f 6721 6724 6720
f 5226 6724 6721
f 6720 6724 6723
f 5228 6724 5226
f 6720 6723 6719
f 6719 6723 6722
f 6719 6722 5271
f 5267 6722 5255
f 5271 6722 5267
f 6731 6734 5251
f 6712 6738 5236
f 5236 6738 5234
f 6736 6738 6737
f 6737 6738 6712
f 6732 6738 6736
f 5234 6738 6733
f 6733 6738 6732
f 6732 6736 6731
f 6735 6736 6737
f 6731 6736 6734
f 6734 6736 6735
f 5184 6877 6883
f 5249 6734 6735
f 5248 6734 5249
f 5251 6734 5248
f 5232 6733 6730
f 5234 6733 5232
f 6730 6733 6732
f 6729 6732 6728
f 6728 6732 6731
f 6730 6732 6729
f 6728 6731 5251
f 6726 6730 6729
f 7024 7025 7019
f 7024 7030 7025
f 7029 7030 7024
f 7022 7028 7027
f 7023 7028 7022
f 7027 7028 5342
f 7026 7027 5342
f 5344 7027 7026
f 7022 7027 5344
f 5344 7026 5342
f 7018 7025 7023
f 7019 7025 7020
f 7020 7025 7018
f 7023 7030 7028
f 7018 7023 7017
f 7017 7023 7022
f 5367 7022 7021
f 7021 7022 5344
f 7017 7022 5367
f 5367 7021 5344
f 7014 7020 7015
f 7015 7020 7013
f 7013 7020 7018
f 7019 7020 7014
f 7012 7018 7017
f 5340 7036 5338
f 5338 7042 5336
f 7033 7040 7038
f 7035 7040 7033
f 7034 7040 7035
f 7041 7040 7039
f 7039 7040 7034
f 7033 7038 5340
f 7037 7038 5338
f 5340 7038 7037
f 7036 7037 5338
f 5340 7037 7036
f 7013 7018 7012
f 7029 7035 7030
f 7030 7035 7033
f 7034 7035 7029
f 7028 7033 5342
f 5342 7033 7032
f 7032 7033 5340
f 7030 7033 7028
f 5342 7032 7031
f 7031 7032 5340
f 5342 7031 5340
f 7025 7030 7023
f 6984 6988 6985
f 6999 7001 7000
f 7000 7001 7002
f 6997 6999 6998
f 6998 6999 7000
f 6992 6997 6996
f 6996 6997 6998
f 6988 6992 6989
f 6993 6992 6996
f 6989 6992 6995
f 6995 6992 6994
f 6994 6992 6991
f 6991 6992 6993
f 7002 7003 7004
f 6985 6988 6990
f 6990 6988 6987
f 6987 6988 6989
f 6984 6985 6986
f 6950 6983 5328
f 6979 6983 6982
f 6982 6983 6948
f 6980 6983 6979
f 5326 6983 6980
f 5328 6983 5326
f 6948 6983 6950
f 7011 7012 5370
f 7016 7017 5367
f 5370 7017 7016
f 7012 7017 5370
f 5370 7016 5367
f 6992 7015 7013
f 6988 7015 6992
f 7014 7015 6988
f 6999 7013 7012
f 6992 7013 6997
f 6997 7013 6999
f 7001 7012 7011
f 5338 7043 7042
f 6999 7012 7001
f 7001 7011 7003
f 7003 7011 5287
f 5287 7011 5370
f 7005 7010 7008
f 7009 7010 7005
f 7005 7008 7006
f 7005 7006 7007
f 7003 5287 7004
f 7004 5287 5286
f 7001 7003 7002
f 7078 7079 7077
f 7090 7091 7092
f 7081 7090 5674
f 5674 7090 5673
f 7086 7089 7087
f 7086 7087 7088
f 5678 7085 5618
f 7079 7081 7077
f 7077 7081 7084
f 7084 7081 7083
f 7083 7081 7082
f 7082 7081 7080
f 7080 7081 5674
f 7081 7091 7090
f 7076 7078 7077
f 7075 7076 7072
f 7072 7076 7077
f 7074 7075 7072
f 7073 7074 7072
f 7071 7073 7072
f 7070 7071 7072
f 7058 7066 5329
f 7057 7066 7058
f 7068 7066 7057
f 7005 7066 7009
f 7092 7097 7096
f 7102 7103 7104
f 7096 7102 5671
f 7098 7102 7096
f 5671 7102 5669
f 7092 7101 7100
f 7100 7101 7098
f 7098 7101 7092
f 7092 7100 7099
f 7099 7100 7098
f 7092 7099 7097
f 7097 7099 7098
f 7009 7066 7069
f 7096 7097 7098
f 5673 7096 5671
f 7090 7096 5673
f 7092 7096 7090
f 7092 7095 7081
f 7081 7095 7094
f 7094 7095 7092
f 7081 7094 7093
f 7093 7094 7092
f 7081 7093 7091
f 7091 7093 7092
f 5336 7048 7047
f 7049 7054 7050
f 7053 7054 7049
f 7051 7052 5332
f 5334 7052 7051
f 7048 7052 5334
f 5334 7051 5332
f 7044 7050 7048
f 7041 7050 7045
f 7045 7050 7044
f 7049 7050 7041
f 7047 7048 5334
f 7050 7054 7048
f 7044 7048 5336
f 7046 7047 5334
f 5336 7047 7046
f 5336 7046 5334
f 7038 7045 7044
f 7040 7045 7038
f 7041 7045 7040
f 7043 7044 5336
f 5338 7044 7043
f 7038 7044 5338
f 7042 7043 5336
f 7060 7059 7061
f 7069 7066 7067
f 7067 7066 7068
f 7065 7066 7005
f 5329 7066 7064
f 7064 7066 7065
f 7061 7064 7065
f 5329 7064 7059
f 7059 7064 7061
f 5330 7059 7063
f 7063 7059 7062
f 7062 7059 7060
f 6978 6982 6981
f 5329 7059 5330
f 7056 7058 5329
f 5332 7058 7056
f 7054 7058 5332
f 7053 7058 7054
f 7057 7058 7053
f 7055 7056 5329
f 5332 7056 7055
f 5332 7055 5329
f 7048 7054 7052
f 7052 7054 5332
f 5200 6923 6922
f 6896 6930 6928
f 6896 6928 6929
f 5201 6927 6926
f 6896 6927 6894
f 6926 6927 6896
f 6923 6927 5201
f 6894 6927 6924
f 6924 6927 6923
f 6925 6926 6896
f 5201 6926 6925
f 5201 6925 6896
f 6922 6923 5201
f 6895 6930 6896
f 6924 6923 6920
f 6920 6923 6919
f 6919 6923 5200
f 6921 6922 5201
f 5200 6922 6921
f 5200 6921 5201
f 6916 6919 5190
f 6920 6919 6911
f 6918 6919 5200
f 5190 6919 6918
f 6911 6919 6916
f 6935 6936 6933
f 6938 6942 5186
f 5186 6942 5184
f 6936 6941 6940
f 6937 6941 6936
f 6934 6941 6937
f 6897 6941 6934
f 6936 6940 6939
f 6936 6939 6938
f 6936 6938 5186
f 6935 6937 6936
f 6934 6937 6935
f 6917 6918 5200
f 6933 6936 6932
f 6932 6936 6931
f 6931 6936 6929
f 6929 6936 5186
f 6928 6935 6933
f 6895 6935 6930
f 6930 6935 6928
f 6934 6935 6895
f 6928 6933 6932
f 6928 6932 6931
f 6928 6931 6929
f 6843 6902 6848
f 6905 6907 6906
f 6906 6907 6901
f 6901 6905 6900
f 6899 6905 6904
f 6900 6905 6899
f 6899 6904 6898
f 6898 6904 6903
f 6898 6903 5195
f 5195 6903 5192
f 6848 6902 6900
f 6900 6902 6901
f 6839 6902 6843
f 6901 6907 6905
f 6901 6902 6839
f 6850 6900 6899
f 6848 6900 6850
f 6854 6899 6898
f 6850 6899 6852
f 6852 6899 6854
f 6854 6898 5194
f 5194 6898 5195
f 6897 6858 5184
f 5184 6858 6857
f 5184 6857 6877
f 6909 6913 6908
f 5190 6918 6917
f 5190 6917 5200
f 6911 6916 6912
f 6912 6916 6915
f 6915 6916 5190
f 6914 6915 5190
f 6910 6915 6909
f 6912 6915 6910
f 6909 6915 6914
f 6909 6914 6913
f 6913 6914 5190
f 6939 6942 6938
f 6908 6913 5189
f 5189 6913 5190
f 6906 6912 6910
f 6911 6912 6906
f 6905 6910 6904
f 6904 6910 6909
f 6906 6910 6905
f 6904 6909 6903
f 6903 6909 6908
f 6903 6908 5192
f 5192 6908 5189
f 6966 6969 5341
f 5322 6974 5320
f 6970 6973 6969
f 6969 6973 6972
f 5320 6973 6970
f 6969 6972 5343
f 5343 6972 5345
f 5320 6971 5318
f 5318 6971 6970
f 6970 6971 5320
f 5318 6970 6967
f 6967 6970 6969
f 6967 6969 6966
f 5320 6974 6973
f 5341 6969 5343
f 5316 6968 6967
f 6967 6968 5318
f 5318 6968 5316
f 6964 6967 6966
f 5316 6967 6964
f 6963 6966 5339
f 6964 6966 6963
f 5339 6966 5341
f 6964 6965 5316
f 5314 6965 6964
f 6976 6979 6975
f 6981 6982 6946
f 6979 6982 6978
f 6946 6982 6948
f 6978 6981 5346
f 5346 6981 5283
f 5283 6981 6946
f 6977 6980 6979
f 5324 6980 6977
f 5326 6980 5324
f 6977 6979 6976
f 6975 6979 6978
f 5316 6965 5314
f 5365 6978 5346
f 6975 6978 5365
f 6974 6977 6976
f 5322 6977 6974
f 5324 6977 5322
f 6974 6976 6973
f 6973 6976 6972
f 6972 6976 6975
f 5362 6975 5365
f 5345 6975 5362
f 6972 6975 5345
f 6947 6948 6949
f 5310 6956 5309
f 6952 6955 6953
f 6954 6955 6952
f 6951 6953 5333
f 6952 6953 6951
f 5328 5289 6950
f 6951 5333 5331
f 6950 5289 5292
f 6948 6950 6949
f 6949 6950 5292
f 6946 6948 6947
f 5309 6956 6954
f 5283 6946 6945
f 6945 6946 6947
f 5284 5283 6945
f 5184 6944 6897
f 6943 6944 5184
f 6941 6944 6943
f 6897 6944 6941
f 6942 6943 5184
f 6939 6943 6942
f 6941 6943 6940
f 6940 6943 6939
f 5337 6960 5339
f 6961 6964 6960
f 6960 6964 6963
f 5314 6964 6961
f 6960 6963 5339
f 5312 6962 6961
f 6961 6962 5314
f 5314 6962 5312
f 5312 6961 6958
f 6957 6961 6960
f 6958 6961 6957
f 6957 6960 5337
f 6673 6676 6672
f 6958 6959 5312
f 5310 6959 6958
f 5312 6959 5310
f 6953 6958 6957
f 5310 6958 6955
f 6955 6958 6953
f 6953 6957 5333
f 5335 6957 5337
f 5333 6957 5335
f 6955 6956 5310
f 6954 6956 6955
f 6368 6376 6375
f 6375 6381 6380
f 6377 6381 6376
f 6376 6381 6375
f 6374 6380 6379
f 6375 6380 6374
f 6374 6379 4637
f 4637 6379 4641
f 6372 6378 6377
f 6373 6378 6372
f 6369 6377 6376
f 6372 6377 6370
f 6370 6377 6369
f 6377 6382 6381
f 6369 6376 6368
f 6367 6375 6374
f 6368 6375 6367
f 6367 6374 4637
f 6365 6372 6370
f 6366 6372 6365
f 6373 6372 6371
f 6371 6372 6366
f 6364 6370 6363
f 6363 6370 6369
f 6365 6370 6364
f 6385 6389 6388
f 6397 6395 6383
f 6394 6395 6396
f 6390 6392 6391
f 6381 6392 6390
f 6382 6392 6381
f 6393 6392 6394
f 6391 6392 6393
f 6380 6390 6389
f 6389 6390 6388
f 6381 6390 6380
f 6388 6390 6391
f 6362 6369 6368
f 6380 6389 6385
f 6379 6385 4641
f 6380 6385 6379
f 6387 6385 6388
f 6386 6385 6387
f 4642 6385 6386
f 4641 6385 4642
f 6377 6384 6382
f 6378 6384 6377
f 6373 6384 6378
f 6383 6384 6373
f 6344 6351 6350
f 6351 6357 6356
f 6351 6356 6350
f 6350 6356 6349
f 6349 6356 6355
f 6349 6355 4628
f 4628 6355 4630
f 6347 6353 6348
f 6348 6353 6346
f 6354 6353 6347
f 6346 6353 6352
f 6345 6352 6351
f 6346 6352 6345
f 6352 6358 6351
f 6345 6351 6344
f 6343 6350 6349
f 6344 6350 6343
f 6343 6349 4626
f 4626 6349 4628
f 6341 6348 6346
f 6342 6348 6341
f 6337 6348 6342
f 6347 6348 6337
f 6340 6346 6345
f 6341 6346 6340
f 6356 6363 6362
f 6363 6369 6362
f 6361 6368 6367
f 6362 6368 6361
f 6361 6367 4636
f 4636 6367 4637
f 6366 6365 6360
f 6360 6365 6359
f 6359 6365 6364
f 6357 6364 6363
f 6358 6364 6357
f 6359 6364 6358
f 6396 6395 6397
f 6357 6363 6356
f 6356 6362 6361
f 6356 6361 6355
f 6355 6361 4630
f 4632 6361 4636
f 4630 6361 4632
f 6354 6359 6353
f 6353 6359 6352
f 6360 6359 6354
f 6352 6359 6358
f 6351 6358 6357
f 6432 6438 6436
f 6440 6443 6437
f 6437 6443 6444
f 6438 6442 6436
f 6436 6442 6441
f 6439 6442 6438
f 4631 6442 4629
f 4629 6442 6439
f 6436 6441 6440
f 6436 6440 6437
f 6434 6439 6438
f 6435 6439 6434
f 4629 6439 6435
f 6441 6443 6440
f 6434 6438 6432
f 6432 6436 6437
f 6430 6435 6429
f 4625 6435 6430
f 6429 6435 6434
f 4629 6435 4627
f 4627 6435 4625
f 6429 6434 6427
f 6433 6434 6432
f 6427 6434 6433
f 6431 6433 6432
f 6444 6450 6451
f 6450 6455 6454
f 4633 6455 6452
f 6452 6455 6450
f 4634 6455 4633
f 6450 6454 6453
f 6450 6453 6451
f 4633 6452 6449
f 6449 6452 6450
f 6449 6450 6448
f 6448 6450 6447
f 6447 6450 6444
f 6427 6433 6431
f 6446 6449 6445
f 6445 6449 6448
f 4631 6449 6446
f 4633 6449 4631
f 6445 6448 6443
f 6443 6448 6447
f 6443 6447 6444
f 4631 6446 6442
f 6442 6446 6445
f 6442 6445 6443
f 6442 6443 6441
f 6402 6403 6404
f 6394 6396 6408
f 6408 6396 6402
f 6393 6394 6405
f 6406 6394 6411
f 6411 6394 6410
f 6410 6394 6409
f 6409 6394 6407
f 6407 6394 6408
f 6405 6394 6406
f 6391 6393 6401
f 6401 6393 6405
f 6402 6396 6403
f 6388 6391 6400
f 6400 6391 6401
f 6387 6388 6399
f 6399 6388 6400
f 6386 6387 6398
f 6398 6387 6399
f 4645 6386 6398
f 6392 6395 6394
f 6382 6395 6392
f 6384 6395 6382
f 6383 6395 6384
f 6425 4622 6424
f 6427 6431 6432
f 4622 6430 6429
f 4625 6430 4622
f 6428 6429 6427
f 6421 6429 6428
f 4622 6429 6421
f 6421 6428 6426
f 6426 6428 6427
f 6421 6426 6427
f 6422 4622 6421
f 4619 4622 6425
f 6339 6345 6344
f 6424 4622 6423
f 6423 4622 6422
f 6419 6422 6421
f 6419 6421 6420
f 6413 6419 6414
f 6414 6419 6420
f 6418 6413 6417
f 6417 6413 6416
f 6416 6413 6415
f 6415 6413 6412
f 6412 6413 6414
f 4735 6276 4733
f 4803 6281 4785
f 4783 6281 6278
f 4733 6280 6279
f 6277 6280 4733
f 4733 6279 4731
f 4781 6278 6275
f 6274 6278 6277
f 4783 6278 4781
f 6275 6278 6274
f 6274 6277 4735
f 4735 6277 6276
f 6276 6277 4733
f 4785 6281 4783
f 6272 6275 6274
f 4779 6275 6272
f 4781 6275 4779
f 6273 6274 4735
f 6272 6274 6271
f 4737 6274 6273
f 6271 6274 4737
f 4737 6273 4735
f 6268 6272 6271
f 6269 6272 6268
f 4777 6272 6269
f 4729 6285 4727
f 6288 6290 6289
f 6286 6290 6285
f 4723 6288 6258
f 6285 6288 4727
f 4727 6288 4723
f 6258 6288 6289
f 6283 6287 6286
f 6284 6287 6283
f 4807 6287 6284
f 6283 6286 6285
f 6283 6285 6282
f 4779 6272 4777
f 6282 6285 4729
f 4803 6284 6281
f 6280 6284 6283
f 6281 6284 6280
f 4807 6284 4803
f 6280 6283 6279
f 6279 6283 6282
f 4731 6282 4729
f 6279 6282 4731
f 6277 6281 6280
f 6278 6281 6277
f 36 38 6182
f 6260 6262 4743
f 6261 6262 6259
f 4753 6260 4743
f 6259 6260 4753
f 4723 6258 4724
f 4770 4773 6257
f 6256 4767 6184
f 6184 4767 4768
f 6255 6256 6186
f 6186 6256 6184
f 38 6255 6182
f 6182 6255 6186
f 6259 6262 6260
f 31 36 6177
f 6177 36 6182
f 32 31 6179
f 6179 31 6177
f 6254 32 6179
f 6253 6254 6179
f 6252 6253 6179
f 6251 6252 6179
f 6250 6251 6179
f 6248 6250 6180
f 6180 6250 6179
f 4741 6267 4739
f 4739 6271 6270
f 6270 6271 4737
f 6268 6271 4739
f 4739 6270 4737
f 6266 6269 6265
f 6265 6269 6268
f 4775 6269 6266
f 4777 6269 4775
f 4741 6268 6267
f 6267 6268 4739
f 6265 6268 4741
f 6285 6290 6288
f 6262 6266 6265
f 4773 6266 6263
f 6263 6266 6262
f 4775 6266 4773
f 6262 6265 4743
f 6264 6265 4741
f 4743 6265 6264
f 4743 6264 4741
f 6261 6263 6262
f 4773 6263 6257
f 6257 6263 6261
f 6321 6328 6315
f 6334 6335 6326
f 6332 6334 6319
f 6331 6334 6332
f 6319 6334 6326
f 6333 6334 6331
f 6318 6332 6319
f 6327 6332 6328
f 6328 6332 6318
f 6331 6332 6327
f 6326 6329 6317
f 6317 6329 6330
f 6325 6328 6321
f 6330 6335 6299
f 6315 6328 6318
f 6327 6328 6325
f 6319 6326 6312
f 6312 6326 6313
f 6313 6326 6317
f 6314 6321 6315
f 6322 6321 6314
f 6325 6321 6324
f 6324 6321 6323
f 6323 6321 6320
f 6320 6321 6322
f 6317 6340 6310
f 6340 6345 6339
f 6339 6344 6338
f 6338 6344 6343
f 6338 6343 4624
f 4624 6343 4626
f 6337 6342 6299
f 6330 6342 6341
f 6299 6342 6330
f 6330 6341 6340
f 6310 6340 6339
f 6330 6340 6317
f 6318 6319 6311
f 6309 6339 6338
f 6310 6339 6309
f 6309 6338 4623
f 4623 6338 4624
f 6298 6337 6299
f 6333 6335 6334
f 6326 6335 6329
f 6329 6335 6330
f 6299 6335 6297
f 6297 6335 6336
f 6336 6335 6333
f 6289 6294 6258
f 4618 6303 4621
f 6300 6302 6301
f 6301 6302 6296
f 6296 6302 4618
f 6300 6301 6296
f 6297 6298 6299
f 4620 6296 4618
f 6295 4762 4724
f 6294 6295 6258
f 6258 6295 4724
f 6293 6294 6289
f 6302 6303 4618
f 4763 6293 6292
f 6292 6293 6289
f 4764 4763 6292
f 6290 6291 6289
f 6286 6291 6290
f 6287 6291 6286
f 4807 6291 6287
f 4786 6291 4807
f 4764 6291 4786
f 6292 6291 4764
f 6289 6291 6292
f 6302 6312 6303
f 6311 6319 6312
f 6307 6318 6311
f 6315 6318 6307
f 6313 6316 6310
f 6317 6316 6313
f 6310 6316 6317
f 6314 6315 6307
f 6312 6313 6303
f 6303 6313 6304
f 6304 6313 6310
f 6311 6312 6302
f 6453 6456 6451
f 6307 6311 6306
f 6300 6311 6302
f 6306 6311 6300
f 6304 6308 4621
f 6310 6308 6304
f 4621 6308 4623
f 6309 6308 6310
f 4623 6308 6309
f 6307 6306 6305
f 6305 6306 6300
f 6303 6304 4621
f 6590 6593 6589
f 6595 6598 6592
f 6592 6598 6599
f 6593 6597 6596
f 6594 6597 6593
f 4712 6597 6594
f 4716 6597 4712
f 6591 6596 6595
f 6593 6596 6591
f 6591 6595 6592
f 6590 6594 6593
f 4712 6594 6590
f 6589 6593 6591
f 6596 6598 6595
f 6589 6591 6588
f 6588 6591 6585
f 6585 6591 6592
f 6584 6590 6589
f 6587 6590 6586
f 4708 6590 6587
f 6586 6590 6584
f 4712 6590 4708
f 6584 6589 6588
f 6584 6588 6585
f 6583 6587 6586
f 6601 6605 6600
f 9 14 6554
f 6554 14 6553
f 12 9 6555
f 6555 9 6554
f 4693 12 6555
f 6601 6606 6605
f 6605 6606 4694
f 4716 6606 6601
f 4694 6606 4716
f 6600 6605 6604
f 6604 6605 4694
f 4708 6587 6583
f 6602 6604 4694
f 6598 6604 6602
f 6600 6604 6598
f 6598 6602 6599
f 6603 6602 6552
f 6552 6602 4694
f 6599 6602 6603
f 6597 6601 6600
f 4716 6601 6597
f 6596 6600 6598
f 6597 6600 6596
f 6565 6569 6563
f 6570 6575 6574
f 6570 6574 6571
f 6569 6573 6572
f 4692 6573 6569
f 6569 6572 6568
f 6568 6572 6570
f 6567 6570 6564
f 6568 6570 6567
f 6564 6570 6571
f 6566 6569 6565
f 4690 6569 6566
f 6563 6569 6568
f 6573 6576 6572
f 4692 6569 4690
f 6563 6568 6567
f 6563 6567 6564
f 4690 6566 6562
f 6562 6566 6565
f 6562 6565 6561
f 6561 6565 6563
f 6561 6563 6559
f 6557 6563 6564
f 6559 6563 6557
f 6558 6562 6556
f 6577 6581 6578
f 6582 6586 6584
f 6583 6586 6582
f 6582 6584 6581
f 6581 6584 6578
f 6578 6584 6585
f 6579 6583 6582
f 6580 6583 6579
f 4704 6583 6580
f 4708 6583 4704
f 6577 6582 6581
f 6579 6582 6577
f 14 16 6553
f 6576 6580 6579
f 4704 6580 6576
f 6576 6579 6575
f 6575 6579 6577
f 6575 6577 6574
f 6574 6577 6571
f 6571 6577 6578
f 6572 6576 6570
f 4692 6576 6573
f 4704 6576 4692
f 6570 6576 6575
f 6653 6658 5252
f 6659 6664 6658
f 6658 6664 6662
f 6663 6664 6656
f 6658 6662 6661
f 6658 6661 5254
f 6656 6660 6657
f 6655 6660 6659
f 6657 6660 6655
f 6655 6659 6654
f 6654 6659 6658
f 6654 6658 6653
f 5252 6658 5254
f 6660 6664 6659
f 6649 6657 6655
f 6656 6657 6649
f 6649 6655 6654
f 6649 6654 6653
f 6649 6653 5252
f 5257 6628 6626
f 5257 6626 6624
f 5257 6624 6622
f 5257 6622 6620
f 5257 6620 5205
f 6649 5252 6650
f 6665 6671 6669
f 6672 6675 5265
f 6670 6674 6671
f 6671 6674 6673
f 6669 6673 6672
f 6671 6673 6669
f 6669 6672 6668
f 6668 6672 5256
f 5256 6672 5265
f 6667 6671 6666
f 6666 6671 6665
f 6663 6671 6667
f 6650 5252 5250
f 6670 6671 6663
f 6665 6669 6668
f 6665 6668 5256
f 6664 6667 6666
f 6663 6667 6664
f 6664 6666 6662
f 6662 6666 6665
f 6662 6665 6661
f 5254 6665 5256
f 6661 6665 5254
f 6656 6664 6660
f 6614 6615 6603
f 6625 6626 6627
f 6622 6624 6623
f 6623 6624 6625
f 6620 6622 6621
f 6621 6622 6623
f 5205 6620 6619
f 6619 6620 6621
f 5206 5205 6619
f 6615 6617 6603
f 6618 6617 6616
f 6616 6617 6615
f 6624 6626 6625
f 6613 6614 6603
f 6612 6613 6552
f 6552 6613 6603
f 6611 6612 6552
f 6610 6611 6552
f 6609 6610 6552
f 6608 6609 6552
f 6607 6608 6551
f 6551 6608 6552
f 16 6607 6553
f 6553 6607 6551
f 6639 6640 6641
f 6647 6649 6645
f 6645 6649 6652
f 6652 6649 6651
f 6651 6649 6648
f 6648 6649 6650
f 6646 6647 6645
f 6644 6646 6645
f 6643 6644 6641
f 6641 6644 6645
f 6642 6643 6641
f 6640 6642 6641
f 4688 6562 6560
f 6628 6636 6631
f 6631 6636 6638
f 6638 6636 6635
f 6635 6636 6637
f 6626 6628 6627
f 6629 6628 6634
f 6634 6628 6633
f 6633 6628 6632
f 6632 6628 6630
f 6630 6628 6631
f 6627 6628 6629
f 6480 6488 6479
f 6485 6493 6484
f 6491 6492 6486
f 6486 6492 6485
f 6490 6491 6487
f 6487 6491 6486
f 6489 6490 6487
f 4644 6490 6489
f 4640 6488 6480
f 6489 6488 4643
f 4643 6488 4640
f 6481 6488 6487
f 6479 6488 6481
f 6492 6493 6485
f 6487 6488 6489
f 6479 6481 6478
f 6486 6481 6487
f 6485 6481 6486
f 6484 6481 6485
f 6483 6481 6484
f 6478 6481 6477
f 6482 6481 6483
f 6477 6481 6482
f 6475 6480 6479
f 4640 6480 6475
f 6504 6503 6502
f 4682 6512 4680
f 6509 6511 6510
f 4718 6511 6505
f 6505 6511 6509
f 6507 6510 6508
f 6509 6510 6507
f 4650 6508 4682
f 6507 6508 4650
f 4668 6506 4661
f 4719 4718 6505
f 6501 6503 6482
f 6474 6479 6469
f 6502 6503 6501
f 6500 6501 6482
f 6499 6500 6482
f 6498 6499 6483
f 6483 6499 6482
f 6497 6498 6483
f 6496 6497 6483
f 6495 6496 6483
f 6494 6495 6483
f 6493 6494 6484
f 6484 6494 6483
f 6456 6462 6460
f 6464 6467 6463
f 6463 6467 6462
f 4635 6467 6464
f 4638 6467 4635
f 6460 6466 6465
f 6462 6466 6460
f 6460 6465 6461
f 6458 6464 6463
f 6459 6464 6458
f 4635 6464 6459
f 6458 6463 6462
f 6462 6467 6466
f 6458 6462 6457
f 6457 6462 6456
f 6456 6460 6451
f 6451 6460 6461
f 6455 6459 6458
f 4634 6459 6455
f 4635 6459 4634
f 6455 6458 6457
f 6453 6457 6456
f 6455 6457 6454
f 6454 6457 6453
f 6470 6474 6468
f 6469 6479 6478
f 6475 6479 6474
f 6476 6478 6477
f 6469 6478 6476
f 6469 6476 6477
f 6471 6475 6470
f 4638 6475 6471
f 4640 6475 4639
f 4639 6475 4638
f 6470 6475 6474
f 6473 6474 6469
f 6508 6512 4682
f 6468 6474 6473
f 6472 6473 6469
f 6468 6473 6472
f 6468 6472 6469
f 6467 6471 6470
f 4638 6471 6467
f 6467 6470 6468
f 6467 6468 6466
f 6465 6468 6461
f 6461 6468 6469
f 6466 6468 6465
f 4684 6534 4687
f 6542 6539 6541
f 6541 6539 6538
f 6538 6539 6540
f 6537 4722 4719
f 6536 6537 6505
f 6505 6537 4719
f 6535 6536 6509
f 6509 6536 6505
f 4649 6535 6507
f 6507 6535 6509
f 4650 4649 6507
f 6529 6534 6528
f 6543 6539 6542
f 4686 6534 4684
f 6528 6534 6532
f 6532 6534 6533
f 6533 6534 4686
f 4687 6534 6529
f 6528 6532 6527
f 6530 6532 6531
f 6531 6532 6533
f 6527 6532 6530
f 4668 6530 6506
f 6527 6530 4670
f 4694 6555 6554
f 6560 6562 6558
f 6556 6562 6561
f 4690 6562 4688
f 6556 6561 6559
f 4688 6560 6550
f 6550 6560 6546
f 6546 6560 6558
f 6556 6559 6557
f 6546 6558 6556
f 6546 6556 6557
f 4694 4693 6555
f 6506 6530 6531
f 4694 6554 6553
f 4694 6553 6551
f 4694 6551 6552
f 4685 4688 6550
f 6549 6550 6546
f 6548 6549 6546
f 6547 6548 6546
f 6544 6547 6546
f 6544 6546 6545
f 6539 6544 6540
f 6540 6544 6545
f 4710 6517 4714
f 4676 6521 4674
f 4706 6520 6517
f 6517 6520 6516
f 6516 6520 6519
f 6516 6519 6515
f 6515 6519 6518
f 6515 6518 4678
f 4678 6518 4676
f 6513 6517 6516
f 4714 6517 6514
f 6514 6517 6513
f 6518 6521 4676
f 4706 6517 4710
f 6513 6516 6512
f 6512 6516 6515
f 6512 6515 4680
f 4680 6515 4678
f 4718 6514 6511
f 6511 6514 6510
f 6510 6514 6513
f 4714 6514 4718
f 6510 6513 6508
f 6508 6513 6512
f 4689 6526 6523
f 4670 6530 4668
f 4689 6529 6526
f 4687 6529 4689
f 6525 6529 6528
f 6526 6529 6525
f 6525 6528 6524
f 6524 6528 6527
f 6524 6527 4672
f 4672 6527 4670
f 6522 6526 6525
f 6523 6526 6522
f 7098 7103 7102
f 6522 6525 6524
f 6522 6524 6521
f 6521 6524 4674
f 4674 6524 4672
f 6520 6523 6522
f 4706 6523 6520
f 4691 6523 4706
f 4689 6523 4691
f 6518 6522 6521
f 6520 6522 6519
f 6519 6522 6518
f 7773 7774 7775
f 7783 7785 7784
f 7784 7785 4837
f 7781 7783 7782
f 7782 7783 7784
f 4825 7781 7780
f 7780 7781 7782
f 4816 4825 7780
f 7776 7779 7777
f 7778 7779 7776
f 7774 7776 7775
f 7775 7776 7777
f 7772 7774 7773
f 7785 4835 4837
f 7770 7772 7771
f 7771 7772 7773
f 7768 7770 7769
f 7769 7770 7771
f 7766 7768 7767
f 7767 7768 7769
f 7764 7766 7765
f 7765 7766 7767
f 7762 7764 7763
f 7763 7764 7765
f 7760 7762 7761
f 7796 7797 7798
f 7805 7807 7806
f 7806 7807 7808
f 7803 7805 7804
f 7804 7805 7806
f 7801 7803 7802
f 7802 7803 7804
f 7799 7801 7800
f 7800 7801 7802
f 7797 7799 7798
f 7798 7799 7800
f 7795 7797 7796
f 7761 7762 7763
f 7793 7795 7794
f 7794 7795 7796
f 7791 7793 7790
f 7790 7793 7792
f 7792 7793 7794
f 7789 7791 7790
f 7787 7789 7788
f 7788 7789 7790
f 4811 7787 7786
f 7786 7787 7788
f 4814 4811 7786
f 7727 7728 7729
f 7739 7741 7740
f 7740 7741 7742
f 7737 7739 7738
f 7738 7739 7740
f 7732 7737 7733
f 7733 7737 7738
f 7734 7735 7736
f 7730 7732 7731
f 7731 7732 7733
f 7728 7730 7729
f 7729 7730 7731
f 7726 7728 7727
f 7742 7743 7744
f 5075 7726 7725
f 7725 7726 7727
f 5078 5075 7725
f 7723 5077 7724
f 7724 5077 5076
f 7721 7723 7722
f 7722 7723 7724
f 7720 7721 7719
f 7719 7721 7722
f 7718 7720 7719
f 7716 7718 7717
f 7750 7752 7734
f 7758 7760 7759
f 7759 7760 7761
f 82 7758 7757
f 7757 7758 7759
f 80 82 7756
f 7756 82 7757
f 75 80 7755
f 7755 80 7756
f 76 75 7754
f 7754 75 7755
f 4836 76 7754
f 7808 7809 7810
f 7734 7752 7735
f 7753 7752 7751
f 7751 7752 7750
f 7749 7750 7734
f 7747 7749 7748
f 7748 7749 7734
f 7745 7747 7746
f 7746 7747 7748
f 7743 7745 7744
f 7744 7745 7746
f 7741 7743 7742
f 7867 53 7868
f 7875 7876 7877
f 7873 4861 7874
f 7874 4861 4860
f 7871 7873 7872
f 7872 7873 7874
f 60 7871 7870
f 7870 7871 7872
f 58 60 7869
f 7869 60 7870
f 53 58 7868
f 7868 58 7869
f 54 53 7867
f 7875 7878 7876
f 7866 54 7867
f 7864 7866 7865
f 7865 7866 7867
f 7862 7864 7863
f 7863 7864 7865
f 7860 7862 7861
f 7861 7862 7863
f 7858 7860 7859
f 7859 7860 7861
f 7856 7858 7857
f 7857 7858 7859
f 7887 7889 7888
f 192 7896 7895
f 7895 7896 7897
f 190 192 7894
f 7894 192 7895
f 185 190 7893
f 7893 190 7894
f 186 185 7892
f 7892 185 7893
f 7891 186 7892
f 7889 7891 7890
f 7890 7891 7892
f 7854 7856 7855
f 7888 7889 7890
f 7885 7887 7886
f 7886 7887 7888
f 7883 7885 7884
f 7884 7885 7886
f 7880 7883 7882
f 7882 7883 7884
f 7875 7880 7878
f 7878 7880 7882
f 7881 7880 7875
f 7879 7880 7881
f 7822 7823 7824
f 7831 7833 7832
f 7832 7833 7834
f 7829 7831 7830
f 7830 7831 7832
f 7827 7829 7828
f 7828 7829 7830
f 7825 7827 7826
f 7826 7827 7828
f 7823 7825 7824
f 7824 7825 7826
f 7821 7823 7822
f 7834 7835 7836
f 7819 7821 7820
f 7820 7821 7822
f 7818 7819 7816
f 7816 7819 7820
f 7815 7818 7816
f 7815 7816 7817
f 7811 7814 7812
f 7813 7814 7811
f 7809 7811 7810
f 7810 7811 7812
f 7807 7809 7808
f 7844 7845 7846
f 7855 7856 7857
f 7853 7854 7851
f 7851 7854 7855
f 7850 7853 7851
f 7850 7851 7852
f 7849 4857 4848
f 7847 7849 7848
f 7848 7849 4848
f 7845 7847 7846
f 7846 7847 7848
f 4858 7845 7844
f 7717 7718 7719
f 4859 4858 7844
f 7842 4813 7843
f 7843 4813 4812
f 7841 7842 7840
f 7840 7842 7843
f 7839 7841 7840
f 7837 7839 7838
f 7838 7839 7840
f 7835 7837 7836
f 7836 7837 7838
f 7833 7835 7834
f 7599 7600 7598
f 7608 7611 7609
f 7608 7609 7610
f 7607 5172 5163
f 7605 7607 7606
f 7606 7607 5163
f 7603 7605 7604
f 7604 7605 7606
f 5174 7603 7602
f 7602 7603 7604
f 5175 5174 7602
f 7600 5128 7601
f 7601 5128 5127
f 7612 7613 7608
f 7598 7600 7601
f 7597 7599 7598
f 7595 7597 7596
f 7596 7597 7598
f 7593 7595 7592
f 7592 7595 7594
f 7594 7595 7596
f 7591 7593 7592
f 7589 7591 7590
f 7590 7591 7592
f 7587 7589 7588
f 7623 7624 7625
f 7630 7631 7632
f 170 7629 7628
f 7628 7629 7630
f 168 170 7627
f 7627 170 7628
f 163 168 7626
f 7626 168 7627
f 164 163 7625
f 7625 163 7626
f 7624 164 7625
f 7622 7624 7623
f 7588 7589 7590
f 7620 7622 7621
f 7621 7622 7623
f 7618 7620 7619
f 7619 7620 7621
f 7616 7618 7617
f 7617 7618 7619
f 7613 7616 7614
f 7614 7616 7617
f 7608 7613 7611
f 7615 7613 7612
f 7611 7613 7614
f 7547 7549 7548
f 7563 7564 7565
f 7560 7562 7561
f 7561 7562 7563
f 7558 7560 7559
f 7559 7560 7561
f 7556 7558 7557
f 7557 7558 7559
f 7551 7556 7550
f 7550 7556 7555
f 7555 7556 7557
f 7552 7553 7554
f 7549 7551 7550
f 7562 7564 7563
f 7548 7549 7550
f 7544 7547 7545
f 7545 7547 7546
f 7546 7547 7548
f 5126 7544 5129
f 5129 7544 7545
f 7543 5150 5152
f 7541 7543 7542
f 7542 7543 5152
f 7539 7541 7540
f 7540 7541 7542
f 7577 7578 7573
f 7585 7587 7586
f 7586 7587 7588
f 7583 7585 7584
f 7584 7585 7586
f 7581 7583 7582
f 7582 7583 7584
f 7578 7581 7579
f 7579 7581 7582
f 7573 7578 7576
f 7580 7578 7577
f 7576 7578 7579
f 7629 7631 7630
f 7573 7576 7574
f 7573 7574 7575
f 7569 7571 7552
f 7552 7571 7553
f 7572 7571 7570
f 7570 7571 7569
f 7568 7569 7552
f 7566 7568 7567
f 7567 7568 7552
f 7564 7566 7565
f 7565 7566 7567
f 97 102 7683
f 7692 7693 7694
f 5122 7691 7690
f 7690 7691 7692
f 5123 5122 7690
f 7688 5125 7689
f 7689 5125 5124
f 7686 7688 7687
f 7687 7688 7689
f 104 7686 7685
f 7685 7686 7687
f 102 104 7684
f 7684 104 7685
f 7691 7693 7692
f 7683 102 7684
f 98 97 7682
f 7682 97 7683
f 7681 98 7682
f 7679 7681 7680
f 7680 7681 7682
f 7677 7679 7678
f 7678 7679 7680
f 7675 7677 7676
f 7676 7677 7678
f 7673 7675 7674
f 7705 7706 7707
f 7714 7716 7715
f 7715 7716 7717
f 7712 7714 7713
f 7713 7714 7715
f 7710 7712 7711
f 7711 7712 7713
f 7708 7710 7709
f 7709 7710 7711
f 7706 7708 7707
f 7707 7708 7709
f 7704 7706 7705
f 7674 7675 7676
f 7701 7704 7702
f 7702 7704 7705
f 7696 7701 7699
f 7703 7701 7700
f 7699 7701 7702
f 7700 7701 7696
f 7696 7699 7697
f 7696 7697 7698
f 7695 5121 5112
f 7693 7695 7694
f 7694 7695 5112
f 7639 7640 7641
f 7651 7652 7653
f 7648 7650 7649
f 7649 7650 7651
f 7646 7648 7647
f 7647 7648 7649
f 7644 7646 7645
f 7645 7646 7647
f 7642 7644 7643
f 7643 7644 7645
f 7637 7642 7638
f 7638 7642 7643
f 7650 7652 7651
f 126 7637 7636
f 7636 7637 7638
f 124 126 7635
f 7635 126 7636
f 119 124 7634
f 7634 124 7635
f 122 119 7633
f 7633 119 7634
f 5100 122 7633
f 7631 5173 7632
f 7632 5173 5176
f 7660 7662 7661
f 7670 7673 7671
f 7671 7673 7674
f 7665 7670 7668
f 7672 7670 7669
f 7668 7670 7671
f 7669 7670 7665
f 7665 7668 7666
f 7665 7666 7667
f 7664 5099 5101
f 7662 7664 7663
f 7663 7664 5101
f 7897 7898 7899
f 7661 7662 7663
f 5089 7660 7659
f 7659 7660 7661
f 5080 5089 7659
f 7655 7657 7639
f 7639 7657 7640
f 7658 7657 7656
f 7656 7657 7655
f 7654 7655 7639
f 7652 7654 7653
f 7653 7654 7639
f 8133 232 8134
f 8140 5523 8141
f 8141 5523 5522
f 8138 8140 8139
f 8139 8140 8141
f 236 8138 8137
f 8137 8138 8139
f 234 236 8136
f 8136 236 8137
f 229 234 8135
f 8135 234 8136
f 232 229 8134
f 8134 229 8135
f 5521 5520 8142
f 8131 8133 8132
f 8132 8133 8134
f 8129 8131 8130
f 8130 8131 8132
f 8127 8129 8128
f 8128 8129 8130
f 8125 8127 8126
f 8126 8127 8128
f 8123 8125 8124
f 8124 8125 8126
f 8121 8123 8122
f 8153 8154 8155
f 8162 8164 8163
f 8163 8164 8165
f 8160 8162 8161
f 8161 8162 8163
f 8158 8160 8159
f 8159 8160 8161
f 8156 8158 8157
f 8157 8158 8159
f 8154 8156 8155
f 8155 8156 8157
f 8152 8154 8153
f 8122 8123 8124
f 8151 8152 8149
f 8149 8152 8153
f 8148 8151 8149
f 8148 8149 8150
f 8147 5501 5510
f 8145 8147 8146
f 8146 8147 5510
f 8143 8145 8144
f 8144 8145 8146
f 5520 8143 8142
f 8142 8143 8144
f 8087 8089 8088
f 8101 8102 8103
f 8097 8100 8098
f 8098 8100 8101
f 8092 8097 8095
f 8099 8097 8096
f 8095 8097 8098
f 8096 8097 8092
f 8092 8095 8093
f 8092 8093 8094
f 8091 5431 5440
f 8089 8091 8090
f 8090 8091 5440
f 8100 8102 8101
f 8088 8089 8090
f 5426 8087 8086
f 8086 8087 8088
f 5427 5426 8086
f 8084 5424 8085
f 8085 5424 5425
f 8082 8084 8083
f 8083 8084 8085
f 8080 8082 8081
f 8081 8082 8083
f 8078 8080 8079
f 8111 324 8112
f 8120 8121 8118
f 8118 8121 8122
f 8117 8120 8118
f 8117 8118 8119
f 8115 5429 8116
f 8116 5429 5428
f 8113 8115 8114
f 8114 8115 8116
f 324 8113 8112
f 8112 8113 8114
f 322 324 8111
f 8165 8166 8167
f 317 322 8110
f 8110 322 8111
f 320 317 8109
f 8109 317 8110
f 8108 320 8109
f 8106 8108 8107
f 8107 8108 8109
f 8104 8106 8105
f 8105 8106 8107
f 8102 8104 8103
f 8103 8104 8105
f 8216 8218 8217
f 8228 8230 8229
f 8229 8230 8231
f 8226 8228 8227
f 8227 8228 8229
f 8224 8226 8225
f 8225 8226 8227
f 8222 8224 8223
f 8223 8224 8225
f 8220 8222 8221
f 8221 8222 8223
f 8218 8220 8219
f 8219 8220 8221
f 8231 8232 8233
f 8217 8218 8219
f 258 8216 8215
f 8215 8216 8217
f 256 258 8214
f 8214 258 8215
f 251 256 8213
f 8213 256 8214
f 252 251 8212
f 8212 251 8213
f 5497 252 8212
f 8211 5499 5498
f 8243 8012 8244
f 4233 4237 4234
f 8248 8249 8247
f 8245 8238 1196
f 8245 1196 1195
f 8245 1195 1205
f 8245 1205 1204
f 8245 8247 8246
f 8245 8246 8238
f 8006 8008 8243
f 8008 8010 8243
f 8010 8012 8243
f 8209 8211 8210
f 8242 1197 8239
f 8242 1198 1197
f 8004 8003 8240
f 8004 8240 8241
f 8239 1197 1050
f 8238 1180 1196
f 8234 8237 8235
f 8236 8237 8234
f 8232 8234 8233
f 8233 8234 8235
f 8230 8232 8231
f 8176 5475 5474
f 8186 8187 8188
f 8184 8185 8183
f 8183 8185 8186
f 8182 8184 8183
f 8179 8182 8180
f 8180 8182 8181
f 8181 8182 8183
f 8178 8179 8177
f 8177 8179 8180
f 5473 8178 8177
f 5476 5473 8177
f 8188 8187 8189
f 8174 8176 8175
f 8175 8176 5474
f 8172 8174 8173
f 8173 8174 8175
f 8170 8172 8169
f 8169 8172 8171
f 8171 8172 8173
f 8168 8170 8169
f 8166 8168 8167
f 8167 8168 8169
f 8164 8166 8165
f 8199 8200 8201
f 8210 8211 5498
f 8207 8209 8208
f 8208 8209 8210
f 5487 8207 8206
f 8206 8207 8208
f 5496 5487 8206
f 8202 8205 8203
f 8204 8205 8202
f 8200 8202 8201
f 8201 8202 8203
f 8198 8200 8199
f 8079 8080 8081
f 8196 8198 8197
f 8197 8198 8199
f 8194 8196 8195
f 8195 8196 8197
f 8192 8194 8193
f 8193 8194 8195
f 8190 8192 8191
f 8191 8192 8193
f 8187 8190 8189
f 8189 8190 8191
f 8185 8187 8186
f 7953 7955 7954
f 210 207 7964
f 7964 207 7965
f 5400 210 7964
f 7960 7962 7944
f 7944 7962 7945
f 7963 7962 7961
f 7961 7962 7960
f 7959 7960 7944
f 7957 7959 7958
f 7958 7959 7944
f 7955 7957 7956
f 7956 7957 7958
f 7965 212 7966
f 7954 7955 7956
f 7951 7953 7952
f 7952 7953 7954
f 7948 7951 7950
f 7950 7951 7952
f 7947 7948 7943
f 7949 7948 7950
f 7943 7948 7949
f 7942 7947 7943
f 7944 7945 7946
f 7939 7942 7940
f 7975 7977 7976
f 7989 7988 7987
f 7987 7988 7986
f 7985 7986 7970
f 7983 7985 7984
f 7984 7985 7970
f 7981 7983 7982
f 7982 7983 7984
f 7979 7981 7980
f 7980 7981 7982
f 7977 7979 7978
f 7978 7979 7980
f 7940 7942 7941
f 7976 7977 7978
f 7973 7975 7974
f 7974 7975 7976
f 7968 7973 7969
f 7969 7973 7974
f 7970 7971 7972
f 214 7968 7967
f 7967 7968 7969
f 212 214 7966
f 7966 214 7967
f 207 212 7965
f 7906 7907 7908
f 7916 7918 7917
f 7917 7918 7919
f 7914 7916 7915
f 7915 7916 7917
f 7911 7914 7912
f 7912 7914 7915
f 7906 7911 7909
f 7913 7911 7910
f 7909 7911 7912
f 7910 7911 7906
f 7906 7909 7907
f 7919 7920 7921
f 7905 5380 5388
f 7903 7905 7904
f 7904 7905 5388
f 7901 7903 7902
f 7902 7903 7904
f 5375 7901 7900
f 7900 7901 7902
f 5376 5375 7900
f 7898 5378 7899
f 7899 5378 5377
f 7896 7898 7897
f 7930 7932 7931
f 7941 7942 7943
f 7938 7939 7937
f 7937 7939 7940
f 7936 7938 7937
f 5371 7936 7935
f 7935 7936 7937
f 5374 5371 7935
f 7933 5373 7934
f 7934 5373 5372
f 7932 7933 7931
f 7931 7933 7934
f 7970 7988 7971
f 7928 7930 7929
f 7929 7930 7931
f 7926 7928 7927
f 7927 7928 7929
f 7924 7926 7925
f 7925 7926 7927
f 7922 7924 7923
f 7923 7924 7925
f 7920 7922 7921
f 7921 7922 7923
f 7918 7920 7919
f 8039 8041 8040
f 8054 8055 8053
f 8052 8053 8036
f 8050 8052 8051
f 8051 8052 8036
f 8048 8050 8049
f 8049 8050 8051
f 8046 8048 8047
f 8047 8048 8049
f 8044 8046 8045
f 8045 8046 8047
f 8041 8044 8043
f 8043 8044 8045
f 8056 8055 8054
f 8042 8041 8043
f 8040 8041 8042
f 8034 8039 8035
f 8035 8039 8040
f 8036 8037 8038
f 8032 8034 8033
f 8033 8034 8035
f 8030 8032 8031
f 8031 8032 8033
f 8028 8030 8029
f 8029 8030 8031
f 8065 8067 8066
f 8076 8078 8077
f 8077 8078 8079
f 8075 8076 8074
f 8074 8076 8077
f 8073 8075 8074
f 8071 8073 8072
f 8072 8073 8074
f 8069 8071 8070
f 8070 8071 8072
f 8067 8069 8068
f 8068 8069 8070
f 5422 8028 5423
f 8066 8067 8068
f 8062 8065 8063
f 8063 8065 8066
f 8057 8062 8060
f 8064 8062 8061
f 8060 8062 8063
f 8061 8062 8057
f 8057 8060 8058
f 8057 8058 8059
f 8053 8055 8036
f 8036 8055 8037
f 342 339 7996
f 8005 8007 8006
f 8006 8007 8008
f 8000 8005 8001
f 8001 8005 8006
f 8002 8003 8004
f 346 8000 7999
f 7999 8000 8001
f 344 346 7998
f 7998 346 7999
f 339 344 7997
f 7997 344 7998
f 8008 8009 8010
f 7996 339 7997
f 5451 342 7996
f 7995 5399 5401
f 7993 7995 7994
f 7994 7995 5401
f 7991 7993 7992
f 7992 7993 7994
f 5412 7991 7990
f 7990 7991 7992
f 5421 5412 7990
f 7986 7988 7970
f 8021 8020 8019
f 5423 8028 8029
f 8027 5450 5452
f 8025 8027 8026
f 8026 8027 5452
f 8023 8025 8024
f 8024 8025 8026
f 5463 8023 8022
f 8022 8023 8024
f 5472 5463 8022
f 8018 8020 8002
f 8002 8020 8003
f 5139 7539 7538
f 8019 8020 8018
f 8017 8018 8002
f 8015 8017 8016
f 8016 8017 8002
f 8013 8015 8014
f 8014 8015 8016
f 8011 8013 8012
f 8012 8013 8014
f 8009 8011 8010
f 8010 8011 8012
f 8007 8009 8008
f 7230 7231 5529
f 7230 7238 7236
f 7236 7238 7237
f 7230 7236 7235
f 7235 7236 7237
f 7230 7235 7228
f 7228 7235 7226
f 7226 7235 7233
f 7226 7233 7227
f 7227 7233 7232
f 7232 7233 7234
f 7229 7231 7230
f 5529 7231 7229
f 7237 7238 7230
f 7228 7229 7230
f 5529 7229 7228
f 7223 7228 7221
f 7221 7228 7226
f 5529 7228 7223
f 7221 7226 7222
f 7222 7226 7227
f 7224 7225 5529
f 5525 7225 7224
f 5529 7225 5525
f 7218 7224 7223
f 7239 7244 7234
f 7247 7250 7244
f 7244 7250 7245
f 7245 7250 7251
f 7242 7249 7248
f 7248 7249 7247
f 7247 7249 7242
f 7242 7248 7246
f 7246 7248 7247
f 7244 7246 7247
f 7240 7246 7244
f 7242 7246 7240
f 7219 7224 7218
f 7240 7244 7239
f 7234 7244 7245
f 7237 7243 7241
f 7241 7243 7242
f 7242 7243 7237
f 7240 7241 7242
f 7237 7241 7240
f 7235 7240 7233
f 7233 7240 7239
f 7237 7240 7235
f 7233 7239 7234
f 5613 7197 7165
f 7210 7211 7208
f 7200 7209 7201
f 7208 7209 7200
f 7207 7204 7206
f 7206 7204 7203
f 7203 7204 7205
f 7200 7201 7202
f 7199 5620 5628
f 7198 7199 7161
f 7161 7199 5628
f 7197 7198 7167
f 7167 7198 7161
f 7208 7211 7209
f 7165 7197 7167
f 5614 5613 7165
f 7195 7196 7164
f 7192 7196 7195
f 7193 7196 7192
f 5646 7196 7193
f 5648 7196 5646
f 5658 7196 5648
f 7164 7196 5658
f 5670 7195 7164
f 5668 7195 7194
f 5526 7219 7213
f 5525 7224 7219
f 7223 7224 5529
f 7216 7223 7221
f 7218 7223 7216
f 7216 7221 7217
f 7217 7221 7222
f 7219 7220 5525
f 5526 7220 7219
f 5525 7220 5526
f 7213 7219 7211
f 7211 7219 7218
f 7250 7252 7253
f 7209 7218 7216
f 7211 7218 7209
f 7209 7216 7201
f 7201 7216 7217
f 7212 7215 7213
f 5526 7215 5532
f 7213 7215 5526
f 5532 7215 7212
f 7210 7213 7211
f 7214 7213 7210
f 7212 7213 7214
f 7293 7296 7294
f 5531 7308 5524
f 7301 7304 7302
f 7307 7304 7301
f 7306 7304 7307
f 7305 7304 7306
f 7303 7304 7305
f 7299 7302 7300
f 7301 7302 7299
f 7289 7300 5531
f 7299 7300 7289
f 7293 7298 7296
f 7297 7298 7293
f 7300 7308 5531
f 7293 7294 7295
f 7290 7291 7292
f 7289 5531 5533
f 7288 5535 5532
f 7287 7288 7212
f 7212 7288 5532
f 7286 7287 7214
f 7214 7287 7212
f 7285 7286 7210
f 7210 7286 7214
f 7284 7285 7208
f 7310 7314 5524
f 7320 7319 7315
f 5527 7319 7318
f 7316 7319 7314
f 5527 7318 7317
f 5527 7317 5530
f 7310 7316 7314
f 7303 7316 7311
f 7311 7316 7310
f 7315 7316 7303
f 5524 7314 7313
f 7313 7314 5527
f 7208 7285 7210
f 7312 7313 5527
f 5524 7313 7312
f 5524 7312 5527
f 7303 7311 7304
f 7304 7311 7310
f 7302 7310 7309
f 7304 7310 7302
f 7309 7310 5524
f 7300 7309 7308
f 7308 7309 5524
f 7302 7309 7300
f 7253 7259 7257
f 7260 7264 7257
f 7257 7264 7258
f 7204 7264 7266
f 7258 7264 7265
f 7265 7264 7263
f 7263 7264 7207
f 7253 7262 7261
f 7261 7262 7260
f 7260 7262 7253
f 7253 7261 7259
f 7259 7261 7260
f 7207 7264 7204
f 7257 7259 7260
f 7250 7257 7251
f 7253 7257 7250
f 7251 7257 7256
f 7256 7257 7258
f 7247 7255 7254
f 7254 7255 7253
f 7253 7255 7247
f 7247 7254 7252
f 7252 7254 7253
f 7247 7252 7250
f 7260 7272 7270
f 7283 7284 7200
f 7200 7284 7208
f 7282 7283 7200
f 7281 7282 7200
f 7280 7281 7200
f 7279 7280 7200
f 7278 7279 7200
f 7276 7278 7202
f 7202 7278 7200
f 7277 7276 7202
f 7275 7276 7277
f 7192 7195 5668
f 7274 7272 7260
f 7271 7272 7273
f 7273 7272 7274
f 7270 7272 7271
f 7260 7270 7267
f 7267 7270 7269
f 7269 7270 7271
f 7260 7267 7264
f 7266 7267 7268
f 7268 7267 7269
f 7264 7267 7266
f 7130 7135 7134
f 7134 7140 7133
f 7136 7140 7134
f 7133 7140 7139
f 7133 7139 7132
f 7132 7139 7138
f 5682 7138 5678
f 5686 7138 5682
f 7132 7138 5686
f 7130 7137 7135
f 7135 7137 7136
f 7136 7137 7130
f 7134 7135 7136
f 7136 7141 7140
f 7127 7134 7133
f 7128 7134 7127
f 7130 7134 7128
f 7126 7133 7132
f 7127 7133 7126
f 7126 7132 5660
f 5660 7132 5686
f 7123 7131 7129
f 7129 7131 7130
f 7130 7131 7123
f 7123 7129 7128
f 7140 7148 7145
f 7151 7152 7153
f 7149 7150 7086
f 7143 7150 7149
f 7086 7150 7143
f 7088 7149 7086
f 7140 7149 7148
f 7148 7149 7147
f 7143 7149 7141
f 7141 7149 7140
f 7147 7149 7088
f 7145 7148 7147
f 7128 7129 7130
f 7138 7145 7144
f 7144 7145 7085
f 7140 7145 7139
f 7139 7145 7138
f 7146 7145 7147
f 7085 7145 7146
f 7138 7144 5678
f 5678 7144 7085
f 7143 7142 7136
f 7136 7142 7141
f 7141 7142 7143
f 7104 7110 7109
f 7111 7115 7109
f 7108 7115 7114
f 7109 7115 7108
f 7108 7114 5667
f 5665 7114 5663
f 5667 7114 5665
f 7104 7113 7112
f 7112 7113 7111
f 7111 7113 7104
f 7104 7112 7110
f 7110 7112 7111
f 7109 7110 7111
f 7111 7116 7115
f 7104 7109 7108
f 5669 7108 5667
f 7102 7108 5669
f 7104 7108 7102
f 7098 7107 7106
f 7106 7107 7104
f 7104 7107 7098
f 7098 7106 7105
f 7105 7106 7104
f 7098 7105 7103
f 7103 7105 7104
f 7121 7122 7123
f 7123 7128 7127
f 7121 7127 7120
f 7123 7127 7121
f 7120 7127 7126
f 7120 7126 5660
f 7117 7125 7124
f 7124 7125 7123
f 7123 7125 7117
f 7117 7124 7122
f 7122 7124 7123
f 7117 7122 7121
f 7153 7152 7089
f 7117 7121 7115
f 7114 7121 7120
f 7115 7121 7114
f 7114 7120 5663
f 5663 7120 5660
f 7111 7119 7118
f 7118 7119 7117
f 7117 7119 7111
f 7111 7118 7116
f 7116 7118 7117
f 7115 7116 7117
f 7178 7181 7177
f 5662 7185 5664
f 5638 7184 7181
f 5640 7184 5638
f 5642 7184 5640
f 7180 7184 7183
f 7181 7184 7180
f 7180 7183 5659
f 5659 7183 7182
f 7182 7183 5662
f 5659 7182 5662
f 7177 7181 7180
f 5638 7181 7178
f 7185 7186 5664
f 7177 7180 5661
f 5661 7180 7179
f 7179 7180 5659
f 5661 7179 5659
f 7174 7178 7177
f 7175 7178 7174
f 5634 7178 7175
f 5636 7178 5634
f 5638 7178 5636
f 7176 7177 5661
f 7174 7177 7173
f 7186 7190 7189
f 7194 7195 5670
f 5668 7194 5670
f 7189 7193 7192
f 5646 7193 7190
f 7190 7193 7189
f 5666 7192 7191
f 7189 7192 5666
f 7191 7192 5668
f 5666 7191 5668
f 5644 7190 5642
f 5646 7190 5644
f 7173 7177 7176
f 7187 7190 7186
f 5642 7190 7187
f 5664 7189 7188
f 7188 7189 5666
f 7186 7189 5664
f 5664 7188 5666
f 7184 7187 7186
f 5642 7187 7184
f 7184 7186 7183
f 7183 7186 5662
f 5662 7186 7185
f 300 302 7147
f 7165 7166 5614
f 5670 7164 7163
f 5670 7163 7162
f 5670 7162 5672
f 5628 5630 7161
f 7160 5617 7085
f 7085 5617 5618
f 7159 7160 7146
f 7146 7160 7085
f 302 7159 7147
f 7147 7159 7146
f 5614 7166 5676
f 295 300 7088
f 7088 300 7147
f 298 295 7087
f 7087 295 7088
f 7158 298 7087
f 7157 7158 7087
f 7156 7157 7087
f 7155 7156 7087
f 7154 7155 7087
f 7152 7154 7089
f 7089 7154 7087
f 5630 7172 7169
f 7173 7176 5684
f 5684 7176 5661
f 5632 7175 7172
f 7172 7175 7171
f 7171 7175 7174
f 5634 7175 5632
f 7170 7174 7173
f 7171 7174 7170
f 7170 7173 5680
f 5680 7173 5684
f 7168 7172 7171
f 7315 7319 7316
f 7169 7172 7168
f 5632 7172 5630
f 7168 7171 7166
f 7166 7171 7170
f 7166 7170 5676
f 5676 7170 5680
f 7167 7169 7168
f 5630 7169 7161
f 7161 7169 7167
f 7165 7168 7166
f 7167 7168 7165
f 7455 7459 7458
f 7460 7464 7463
f 7461 7464 7460
f 7460 7463 7462
f 7460 7462 7459
f 7459 7462 7458
f 7458 7462 5600
f 5600 7462 5604
f 7456 7460 7459
f 7453 7460 7457
f 7461 7460 7453
f 7457 7460 7456
f 7456 7459 7455
f 7462 7465 5604
f 7455 7458 5600
f 7454 7457 7456
f 7453 7457 7454
f 7454 7456 7452
f 7452 7456 7455
f 7452 7455 7451
f 7451 7455 5596
f 5596 7455 5600
f 7448 7454 7452
f 7446 7454 7450
f 7449 7454 7448
f 7468 7471 7467
f 7473 7476 7472
f 7472 7476 5581
f 5581 7476 5579
f 7469 7475 7473
f 7471 7475 7470
f 7468 7475 7471
f 7470 7475 7469
f 7474 7475 7468
f 7469 7473 7472
f 7469 7472 5581
f 7467 7471 7470
f 7450 7454 7449
f 7466 7470 7469
f 7467 7470 7466
f 7466 7469 7465
f 7465 7469 5604
f 5604 7469 5581
f 7462 7467 7466
f 7464 7467 7463
f 7468 7467 7461
f 7463 7467 7462
f 7461 7467 7464
f 7462 7466 7465
f 7421 7426 7395
f 7437 7438 7439
f 7428 7436 5588
f 7435 7436 7428
f 7429 7434 7430
f 7433 7434 7429
f 7432 7433 7429
f 7429 7430 7431
f 7428 5588 5536
f 7427 5538 5540
f 7426 7427 7395
f 7395 7427 5540
f 7425 7426 7421
f 7439 7438 7435
f 5578 7425 7424
f 7424 7425 7421
f 5566 5578 7424
f 5562 7423 7419
f 7422 7423 7421
f 5564 7423 5562
f 5566 7423 5564
f 7419 7423 7422
f 7424 7423 5566
f 7421 7423 7424
f 7418 7422 7417
f 7446 7447 7440
f 7453 7454 7446
f 7448 7452 7451
f 7448 7451 5596
f 7447 7450 7449
f 7446 7450 7447
f 7447 7449 7445
f 7445 7449 7448
f 7444 7448 5592
f 7445 7448 7444
f 5592 7448 5596
f 7440 7447 7445
f 7475 7477 7473
f 7440 7445 7444
f 7440 7444 7436
f 7436 7444 5588
f 5588 7444 5592
f 7438 7441 7440
f 7437 7441 7438
f 7443 7441 7437
f 7442 7441 7443
f 7440 7441 7442
f 7435 7438 7436
f 7436 7438 7440
f 7505 7506 7443
f 146 148 7514
f 7514 148 7515
f 141 146 7513
f 7513 146 7514
f 142 141 7512
f 7512 141 7513
f 5151 142 7512
f 7508 7510 7442
f 7511 7510 7509
f 7509 7510 7508
f 7507 7508 7442
f 7506 7507 7442
f 7515 7516 7517
f 7443 7506 7442
f 7504 7505 7443
f 7503 7504 7443
f 7502 7503 7443
f 7501 7502 7443
f 7500 7501 7437
f 7437 7501 7443
f 280 7500 7439
f 7439 7500 7437
f 278 280 7439
f 273 278 7435
f 7527 7529 7528
f 7538 7539 7540
f 5131 5139 7538
f 7534 7536 7518
f 7518 7536 7519
f 7537 7536 7535
f 7535 7536 7534
f 7533 7534 7518
f 7531 7533 7532
f 7532 7533 7518
f 7529 7531 7530
f 7530 7531 7532
f 7435 278 7439
f 7528 7529 7530
f 7525 7527 7526
f 7526 7527 7528
f 7523 7525 7524
f 7524 7525 7526
f 7521 7523 7522
f 7522 7523 7524
f 7516 7521 7517
f 7517 7521 7522
f 7518 7519 7520
f 148 7516 7515
f 7479 7483 5579
f 7485 7489 7484
f 7484 7489 7483
f 7481 7489 7485
f 7488 7489 7481
f 7483 7487 7486
f 7483 7486 5582
f 7482 7485 7484
f 7481 7485 7482
f 7480 7484 7483
f 7482 7484 7480
f 7480 7483 7479
f 7483 7489 7487
f 5579 7483 5582
f 7477 7482 7480
f 7478 7482 7477
f 7474 7482 7478
f 7481 7482 7474
f 7476 7480 7479
f 7477 7480 7476
f 7476 7479 5579
f 7475 7478 7477
f 7474 7478 7475
f 7473 7477 7476
f 7495 7496 7497
f 276 273 7428
f 7428 273 7435
f 5536 276 7428
f 7496 7498 7432
f 7488 7498 7489
f 7432 7498 7499
f 7499 7498 7488
f 7489 7498 7496
f 7487 7496 7494
f 7489 7496 7487
f 7494 7496 7495
f 7420 7422 7421
f 7497 7496 7429
f 7429 7496 7432
f 7487 7494 7490
f 7490 7494 7492
f 7492 7494 7495
f 7487 7490 7486
f 7486 7490 5582
f 5584 7490 7493
f 7493 7490 7491
f 7491 7490 7492
f 5582 7490 5584
f 7348 7353 7349
f 7354 7360 7358
f 7358 7360 7359
f 7354 7358 7351
f 7351 7358 7359
f 7353 7357 7352
f 7350 7357 7355
f 7352 7357 7350
f 7348 7357 7353
f 7356 7357 7348
f 7350 7355 7354
f 7350 7354 7351
f 7349 7353 7352
f 7355 7360 7354
f 7347 7352 7350
f 7349 7352 7347
f 7347 7350 7346
f 7346 7350 7343
f 7343 7350 7351
f 7342 7349 7347
f 7345 7349 7344
f 7344 7349 7342
f 7340 7349 7345
f 7348 7349 7340
f 7342 7347 7346
f 7356 7367 7362
f 7374 7375 7293
f 7369 7371 7370
f 7370 7371 7372
f 7372 7371 7373
f 7364 7371 7369
f 7291 7369 7370
f 7364 7369 7290
f 7290 7369 7291
f 7361 7367 7366
f 7368 7367 7356
f 7362 7367 7361
f 7342 7346 7343
f 7359 7366 7365
f 7365 7366 7364
f 7361 7366 7359
f 7363 7365 7364
f 7359 7365 7363
f 7359 7363 7364
f 7357 7362 7361
f 7356 7362 7357
f 7360 7361 7359
f 7357 7361 7355
f 7355 7361 7360
f 7322 7326 7321
f 7332 7333 7320
f 7326 7331 7330
f 7327 7331 7326
f 7325 7330 7328
f 7326 7330 7325
f 7325 7328 5528
f 5528 7328 7329
f 7323 7327 7322
f 7322 7327 7326
f 7320 7327 7324
f 7324 7327 7323
f 7320 7333 7327
f 7321 7326 7325
f 7321 7325 5528
f 7320 7324 7319
f 7319 7324 7323
f 7319 7323 7318
f 7318 7323 7322
f 7317 7322 7321
f 7318 7322 7317
f 7317 7321 5530
f 5530 7321 5528
f 7314 7319 5527
f 7340 7341 7332
f 7341 7345 7344
f 7340 7345 7341
f 7339 7344 7342
f 7341 7344 7339
f 7339 7342 7338
f 7338 7342 7335
f 7335 7342 7343
f 7334 7341 7339
f 7332 7341 7337
f 7337 7341 7336
f 7336 7341 7334
f 7373 7375 7374
f 7334 7339 7338
f 7334 7338 7335
f 7332 7337 7333
f 7331 7337 7336
f 7333 7337 7331
f 7331 7336 7334
f 7331 7334 7330
f 7330 7334 7328
f 7328 7334 7329
f 7329 7334 7335
f 7327 7333 7331
f 7405 7408 5580
f 7409 7413 7412
f 5558 7413 5556
f 7408 7412 7411
f 7409 7412 7408
f 7408 7411 5606
f 5606 7411 5602
f 7406 7410 7409
f 7407 7410 7406
f 5554 7410 7407
f 5556 7410 5554
f 7405 7409 7408
f 7406 7409 7405
f 5556 7413 7410
f 5580 7408 5606
f 7403 7407 7406
f 5554 7407 7404
f 7404 7407 7403
f 7403 7406 7402
f 7402 7406 7405
f 7402 7405 5583
f 5583 7405 5580
f 7400 7404 7399
f 7399 7404 7403
f 5550 7404 7400
f 7416 7418 7415
f 7417 7422 7420
f 7419 7422 7418
f 5590 7420 7395
f 5594 7420 5590
f 7417 7420 5594
f 7395 7420 7421
f 7416 7419 7418
f 5560 7419 7416
f 5562 7419 5560
f 7415 7418 7414
f 7414 7418 7417
f 5552 7404 5550
f 7414 7417 5598
f 5598 7417 5594
f 7412 7416 7415
f 7413 7416 7412
f 5558 7416 7413
f 5560 7416 5558
f 7411 7415 7414
f 7412 7415 7411
f 7411 7414 5602
f 5602 7414 5598
f 7410 7413 7409
f 7375 7376 7293
f 7384 7385 7306
f 7383 7384 7307
f 7307 7384 7306
f 7382 7383 7301
f 7301 7383 7307
f 7381 7382 7299
f 7299 7382 7301
f 7380 7381 7289
f 7289 7381 7299
f 5534 7380 5533
f 5533 7380 7289
f 7385 7386 7306
f 7378 7376 7368
f 7367 7376 7366
f 7368 7376 7367
f 7297 7376 7379
f 7379 7376 7377
f 7377 7376 7378
f 7293 7376 7297
f 7366 7376 7375
f 7371 7375 7373
f 7364 7375 7371
f 7366 7375 7364
f 5586 7397 5585
f 5554 7404 5552
f 7397 7403 7402
f 7399 7403 7397
f 7397 7402 5585
f 5585 7402 5583
f 7398 7400 7399
f 5549 7400 7401
f 7401 7400 7398
f 5550 7400 5549
f 7396 7399 7397
f 7398 7399 7396
f 4087 4237 4223
f 7396 7397 5586
f 5590 7395 5540
f 7391 7393 7305
f 7394 7393 7392
f 7392 7393 7391
f 7390 7391 7305
f 7389 7390 7305
f 7388 7389 7306
f 7306 7389 7305
f 7387 7388 7306
f 7386 7387 7306
f 4700 4689 4692
f 4707 4705 4708
f 4707 4708 4704
f 4705 4704 4702
f 4705 4702 4691
f 4705 4691 4706
f 4703 4702 4704
f 4703 4692 4702
f 4703 4704 4692
f 4702 4692 4691
f 4701 4690 4700
f 4701 4700 4692
f 4701 4692 4690
f 4707 4704 4705
f 4700 4690 4689
f 4699 4698 4690
f 4699 4688 4698
f 4699 4690 4688
f 4698 4687 4690
f 4698 4688 4687
f 4697 4696 4688
f 4697 4685 4696
f 4697 4688 4685
f 4696 4684 4688
f 4696 4685 4684
f 4715 4712 4713
f 12 4693 4695
f 4721 4717 4720
f 4721 4716 4717
f 4721 4695 4694
f 4721 4720 4695
f 4721 4694 4716
f 4717 4713 4714
f 4717 4716 4713
f 4717 4719 4720
f 4717 4718 4719
f 4717 4714 4718
f 4693 4694 4695
f 4715 4713 4716
f 4715 4716 4712
f 4713 4709 4710
f 4713 4712 4709
f 4713 4710 4714
f 4711 4709 4712
f 4711 4708 4709
f 4711 4712 4708
f 4709 4705 4706
f 4709 4708 4705
f 4709 4706 4710
f 4646 4650 4651
f 4665 4660 4664
f 4664 4660 4663
f 4663 4660 4662
f 4662 4660 4659
f 4659 4660 4661
f 4658 4646 4657
f 4658 4656 4646
f 4657 4646 4654
f 4656 4653 4646
f 4654 4646 4655
f 4653 4652 4646
f 4652 4647 4646
f 4666 4660 4665
f 4646 4649 4650
f 4646 4648 4649
f 4646 4647 4648
f 4644 4643 4645
f 4642 4643 4640
f 4637 4641 4639
f 4636 4637 4635
f 4632 4636 4634
f 4642 4640 4641
f 4640 4639 4641
f 4639 4638 4637
f 4677 4678 4676
f 4691 4692 4689
f 4689 4690 4687
f 4687 4688 4684
f 4684 4685 4686
f 4683 4651 4650
f 4683 4650 4682
f 4681 4683 4682
f 4681 4682 4680
f 4679 4681 4680
f 4679 4680 4678
f 4677 4679 4678
f 4722 4720 4719
f 4675 4677 4676
f 4675 4676 4674
f 4673 4675 4674
f 4673 4674 4672
f 4671 4673 4672
f 4671 4672 4670
f 4669 4671 4670
f 4669 4670 4668
f 4660 4669 4668
f 4660 4668 4661
f 4667 4660 4666
f 4789 4772 4775
f 4794 4793 4779
f 4794 4779 4777
f 4793 4776 4779
f 4793 4777 4776
f 4792 4775 4791
f 4792 4791 4777
f 4792 4777 4775
f 4791 4774 4777
f 4791 4775 4774
f 4790 4789 4775
f 4790 4773 4789
f 4790 4775 4773
f 4794 4777 4793
f 4789 4773 4772
f 4788 4787 4773
f 4788 4770 4787
f 4788 4773 4770
f 4787 4769 4773
f 4787 4770 4769
f 4764 4786 4765
f 4784 4785 4782
f 4782 4783 4780
f 4780 4781 4778
f 4778 4779 4776
f 4799 4782 4785
f 4806 4807 4803
f 4804 4801 4784
f 4804 4803 4801
f 4804 4784 4805
f 4802 4785 4801
f 4802 4801 4803
f 4802 4803 4785
f 4801 4785 4784
f 4800 4783 4799
f 4800 4799 4785
f 4800 4785 4783
f 4776 4777 4774
f 4799 4783 4782
f 4798 4781 4797
f 4798 4797 4783
f 4798 4783 4781
f 4797 4780 4783
f 4797 4781 4780
f 4796 4779 4795
f 4796 4795 4781
f 4796 4781 4779
f 4795 4778 4781
f 4795 4779 4778
f 4734 4733 4732
f 4745 4744 4746
f 4744 4743 4742
f 4743 4741 4742
f 4742 4741 4740
f 4741 4739 4740
f 4740 4739 4738
f 4739 4737 4738
f 4738 4737 4736
f 4737 4735 4736
f 4736 4735 4734
f 4735 4733 4734
f 4747 4744 4745
f 4733 4731 4732
f 4732 4731 4730
f 4731 4729 4730
f 4730 4729 4728
f 4729 4727 4728
f 4727 4723 4726
f 4727 4726 4728
f 4723 4725 4726
f 4723 4724 4725
f 4722 12 4695
f 4722 4695 4720
f 4759 4758 4754
f 4774 4775 4772
f 4772 4773 4769
f 4769 4770 4771
f 4767 4763 4766
f 4767 4766 4768
f 4763 4765 4766
f 4763 4764 4765
f 4762 4761 4754
f 4762 4754 4724
f 4761 4760 4754
f 4760 4759 4754
f 4637 4638 4635
f 4758 4757 4754
f 4757 4755 4754
f 4755 4756 4754
f 4754 4725 4724
f 4753 4744 4752
f 4753 4743 4744
f 4752 4744 4751
f 4751 4744 4750
f 4750 4744 4749
f 4749 4744 4748
f 4748 4744 4747
f 355 4568 3931
f 379 4573 4571
f 4571 4573 4572
f 4572 4573 4574
f 4574 4573 4575
f 368 4573 375
f 375 4573 379
f 4568 4571 4570
f 385 4571 4568
f 4570 4571 4572
f 379 4571 385
f 3931 4568 4569
f 4569 4568 4570
f 4304 4576 361
f 385 4568 354
f 354 4568 355
f 2081 4304 2590
f 2081 2584 2082
f 2081 2587 2584
f 2081 2590 2587
f 4304 3464 2590
f 2073 4167 2074
f 4167 4166 2074
f 4166 3657 2074
f 3657 3656 2074
f 4575 4579 4574
f 4569 4581 3931
f 4570 4581 4569
f 4579 4580 4574
f 2119 4580 4579
f 2125 4580 2119
f 4572 4580 4570
f 4574 4580 4572
f 2107 4579 4578
f 4578 4579 4575
f 2119 4579 2113
f 2113 4579 2107
f 3656 3356 3381
f 2107 4578 2101
f 2101 4578 2081
f 4577 4578 4575
f 4304 4578 4577
f 2081 4578 4304
f 4573 4576 4575
f 368 4576 4573
f 4575 4576 4577
f 4577 4576 4304
f 361 4576 362
f 362 4576 368
f 4557 1961 4538
f 4565 4561 2764
f 2764 4564 2765
f 2764 4562 4564
f 2764 4561 4562
f 4563 1959 4560
f 1959 1961 4560
f 4561 4559 4562
f 4561 4558 4559
f 4560 1961 4557
f 4558 4555 4559
f 4558 4554 4555
f 4557 4538 4556
f 1952 1959 4563
f 4556 4538 4550
f 4556 4551 4552
f 4556 4550 4551
f 4554 4553 4555
f 4554 4552 4553
f 4552 4551 4553
f 1961 2842 4538
f 4551 4550 4549
f 4549 4548 4547
f 4549 4550 4548
f 4547 4546 4545
f 3656 4147 4151
f 3656 3381 2074
f 3381 3356 3382
f 3382 3356 3386
f 3386 3356 3384
f 3384 3356 3383
f 3383 3356 3208
f 3208 3356 3207
f 3656 4143 3356
f 3656 4144 4143
f 3656 4160 4144
f 3656 4151 4160
f 3931 4581 2095
f 3656 4148 4147
f 3656 3665 4148
f 4143 1473 3356
f 1473 3355 3356
f 1473 3362 3355
f 1473 3363 3362
f 1473 1472 3363
f 1953 1952 4567
f 4567 1952 4566
f 2769 4565 2764
f 1952 4563 4566
f 4611 4608 4612
f 4616 4611 4615
f 4616 4617 4614
f 4616 4000 4617
f 4616 3998 4000
f 4615 4582 3998
f 4615 4611 4612
f 4615 4612 4582
f 4613 4607 4611
f 4613 4609 4607
f 4613 4610 4609
f 4613 4614 4610
f 4611 4607 4608
f 4616 4614 4613
f 4609 4605 4607
f 4609 4606 4605
f 4609 4610 4606
f 4607 4603 4604
f 4607 4605 4603
f 4607 4604 4608
f 4605 4601 4599
f 4605 4602 4601
f 4605 4599 4603
f 4605 4606 4602
f 4603 4599 4600
f 4624 4622 4623
f 4635 4634 4636
f 4634 4633 4632
f 4632 4631 4630
f 4632 4633 4631
f 4631 4629 4630
f 4630 4629 4628
f 4629 4627 4628
f 4628 4627 4626
f 4627 4625 4626
f 4626 4625 4624
f 4625 4622 4624
f 4603 4600 4604
f 4622 4619 4621
f 4622 4621 4623
f 4621 4619 4618
f 4618 4619 4620
f 4585 4584 4508
f 4584 4590 4506
f 4584 4506 4508
f 4590 4589 4510
f 4590 4510 4506
f 4616 4615 3998
f 4616 4613 4611
f 4190 4197 3291
f 3998 4582 4002
f 3502 3501 2567
f 3502 2570 2527
f 3502 2569 2570
f 3502 2567 2569
f 2567 3501 2568
f 2568 3501 4187
f 4193 4190 3291
f 4193 3291 3278
f 3501 4523 4187
f 3501 3507 4523
f 4583 4584 4585
f 4197 4188 3292
f 4197 3292 3291
f 4188 4187 3292
f 4187 4523 3292
f 3507 3506 4525
f 3507 4525 4523
f 3506 4526 4525
f 2125 4581 4580
f 4580 4581 4570
f 2095 4581 2096
f 2096 4581 2125
f 4595 4592 4596
f 4601 4598 4597
f 4601 4595 4599
f 4601 4597 4595
f 4601 4602 4598
f 4599 4595 4596
f 4599 4596 4600
f 4597 4593 4591
f 4597 4591 4595
f 4597 4594 4593
f 4597 4598 4594
f 4595 4591 4592
f 4806 4804 4807
f 4593 4583 4591
f 4593 4588 4587
f 4593 4587 4583
f 4593 4594 4588
f 4591 4583 4586
f 4591 4586 4592
f 4587 4584 4583
f 4587 4589 4590
f 4587 4590 4584
f 4587 4588 4589
f 4583 4585 4586
f 5053 5049 5050
f 5059 5057 5058
f 5059 5054 5057
f 5059 5055 5054
f 5059 5056 5055
f 5059 5061 5056
f 5059 5060 5061
f 5057 5054 5058
f 5055 5052 5051
f 5055 5051 5049
f 5055 5053 5054
f 5055 5049 5053
f 5055 5056 5052
f 5062 5058 5063
f 5053 5050 5054
f 5051 5039 5049
f 5051 5036 5035
f 5051 5035 5039
f 5051 5052 5036
f 5049 5039 5040
f 5049 5040 5050
f 5046 5044 5047
f 5046 5047 5048
f 5044 5041 5045
f 5041 5042 5043
f 5070 5042 5065
f 5073 5045 5047
f 5072 5071 5045
f 5072 5043 5071
f 5072 5045 5041
f 5072 5041 5043
f 5071 5043 5045
f 5070 5069 5043
f 5070 5067 5069
f 5070 5043 5042
f 5070 5068 5067
f 5070 5065 5068
f 5040 5039 5038
f 5069 5067 5043
f 5068 5065 5064
f 5068 5063 5066
f 5068 5064 5063
f 5068 5066 5067
f 5066 5063 5067
f 5064 5059 5058
f 5064 5058 5062
f 5064 5060 5059
f 5064 5062 5063
f 5064 5065 5060
f 5000 5001 5002
f 5012 5013 5014
f 5009 5011 5010
f 5010 5011 5012
f 5007 5009 5008
f 5008 5009 5010
f 5005 5007 5006
f 5006 5007 5008
f 5003 5005 5004
f 5004 5005 5006
f 5001 5003 5002
f 5002 5003 5004
f 4998 5001 5000
f 5011 5013 5012
f 4999 4998 5000
f 4997 4998 4999
f 4966 4968 4996
f 4968 4972 4995
f 4968 4995 4996
f 4972 4971 4995
f 4994 4963 4960
f 4994 4960 4961
f 4994 4993 4963
f 4994 4961 4993
f 4993 4961 4963
f 5026 5027 5028
f 5039 5035 5038
f 5035 5037 5038
f 5035 5036 5037
f 4997 4999 5026
f 4999 5027 5026
f 5026 5033 5034
f 5026 5032 5033
f 5026 5031 5032
f 5026 5030 5031
f 5026 5029 5030
f 5026 5028 5029
f 5074 5044 5045
f 5024 5025 5015
f 5015 5025 5023
f 5022 5024 5015
f 5015 5023 5020
f 5021 5022 5015
f 5015 5020 5019
f 5015 5019 5018
f 5013 5015 5014
f 5017 5015 5018
f 5016 5015 5017
f 5014 5015 5016
f 5144 5143 5140
f 5153 5158 5159
f 5153 5157 5158
f 5153 5156 5157
f 5153 5155 5156
f 5153 5154 5155
f 5150 5151 5152
f 5150 142 5151
f 5149 5140 5148
f 5149 5147 5140
f 5148 5140 5145
f 5147 5144 5140
f 5145 5140 5146
f 5153 5159 5160
f 5143 5142 5140
f 5142 5141 5140
f 5140 5139 5130
f 5140 5141 5139
f 5139 5131 5130
f 5130 5137 5138
f 5130 5136 5137
f 5130 5135 5136
f 5130 5134 5135
f 5130 5133 5134
f 5130 5132 5133
f 5172 5171 5164
f 5185 5187 5186
f 5185 5186 5184
f 5183 5185 5184
f 5183 5184 5182
f 5181 5183 5182
f 5177 5181 5180
f 5180 5181 5182
f 5177 5180 5178
f 5177 5178 5179
f 5173 5175 5176
f 5173 5174 5175
f 5130 5131 5132
f 5172 5164 5163
f 5171 5170 5164
f 5170 5169 5164
f 5169 5168 5164
f 5168 5167 5164
f 5167 5165 5164
f 5165 5166 5164
f 5164 5153 5163
f 5163 5153 5162
f 5162 5153 5161
f 5161 5153 5160
f 5079 5086 5087
f 5098 5088 5097
f 5098 5096 5088
f 5097 5088 5094
f 5096 5093 5088
f 5094 5088 5095
f 5093 5092 5088
f 5092 5091 5088
f 5091 5090 5088
f 5088 5080 5079
f 5088 5090 5089
f 5088 5089 5080
f 5099 122 5100
f 5079 5085 5086
f 5079 5084 5085
f 5079 5083 5084
f 5079 5082 5083
f 5079 5081 5082
f 5079 5080 5081
f 5075 5078 5076
f 5075 5076 5077
f 5074 5073 5047
f 5074 5045 5073
f 5074 5047 5044
f 5114 5115 5113
f 5126 5129 5127
f 5126 5127 5128
f 5125 5122 5124
f 5122 5123 5124
f 5121 5120 5113
f 5121 5113 5112
f 5120 5119 5113
f 5119 5118 5113
f 5118 5117 5113
f 5117 5116 5113
f 5116 5114 5113
f 4992 4991 4961
f 5113 5102 5112
f 5112 5102 5111
f 5111 5102 5110
f 5110 5102 5109
f 5102 5108 5109
f 5102 5107 5108
f 5102 5106 5107
f 5102 5105 5106
f 5102 5104 5105
f 5102 5103 5104
f 5099 5100 5101
f 4872 4863 4862
f 4885 4881 4882
f 4884 4879 4883
f 4883 4879 4878
f 4882 4881 4880
f 4881 4877 4880
f 4880 4877 4876
f 4879 4875 4878
f 4878 4875 4874
f 4876 4873 4872
f 4876 4877 4873
f 4875 4869 4874
f 4874 4869 4871
f 4886 4881 4885
f 4872 4873 4863
f 4869 4867 4866
f 4869 4870 4871
f 4869 4866 4870
f 4866 4867 4868
f 4862 4864 4865
f 4862 4863 4864
f 4861 4858 4860
f 4858 4859 4860
f 4857 4856 4849
f 4857 4849 4848
f 4897 4894 4891
f 4907 4906 4905
f 4907 4903 4904
f 4907 4904 4906
f 4905 4902 4901
f 4905 4906 4902
f 4904 4903 4900
f 4903 4899 4900
f 4901 4898 4897
f 4901 4902 4898
f 4900 4899 4896
f 4899 4895 4896
f 4856 4855 4849
f 4897 4898 4894
f 4896 4895 4893
f 4895 4892 4893
f 4894 4890 4891
f 4892 4887 4893
f 4892 4889 4887
f 4891 4890 4888
f 4890 4886 4888
f 4889 4884 4887
f 4888 4886 4885
f 4887 4884 4883
f 4811 4812 4813
f 4827 4826 4824
f 4824 4816 4815
f 4824 4826 4825
f 4824 4825 4816
f 4815 4822 4823
f 4815 4821 4822
f 4815 4820 4821
f 4815 4819 4820
f 4815 4818 4819
f 4815 4817 4818
f 4815 4816 4817
f 4811 4814 4812
f 4828 4827 4824
f 4810 4807 4808
f 4810 4765 4786
f 4810 4766 4765
f 4810 4808 4766
f 4810 4786 4807
f 4808 4804 4805
f 4808 4807 4804
f 4808 4768 4766
f 4808 4809 4768
f 4808 4805 4809
f 4806 4803 4804
f 4838 4842 4843
f 4855 4854 4849
f 4854 4853 4849
f 4853 4852 4849
f 4852 4850 4849
f 4850 4851 4849
f 4849 4838 4848
f 4848 4838 4847
f 4847 4838 4846
f 4846 4838 4845
f 4838 4844 4845
f 4838 4843 4844
f 4908 4909 4910
f 4838 4841 4842
f 4838 4840 4841
f 4838 4839 4840
f 4835 4836 4837
f 4835 76 4836
f 4834 4824 4833
f 4834 4832 4824
f 4833 4824 4830
f 4832 4829 4824
f 4830 4824 4831
f 4829 4828 4824
f 4977 4974 4978
f 4982 4980 4979
f 4982 4978 4981
f 4982 4951 4950
f 4982 4981 4951
f 4982 4979 4978
f 4982 4950 4980
f 4981 4978 4951
f 4979 4976 4975
f 4979 4975 4974
f 4979 4977 4978
f 4979 4974 4977
f 4979 4980 4976
f 4983 4951 4953
f 4975 4969 4965
f 4975 4970 4969
f 4975 4973 4974
f 4975 4965 4973
f 4975 4976 4970
f 4973 4965 4967
f 4973 4967 4974
f 4969 4968 4965
f 4969 4972 4968
f 4969 4971 4972
f 4969 4970 4971
f 4988 4957 4954
f 4992 4959 4991
f 4992 4961 4958
f 4992 4958 4959
f 4991 4959 4961
f 4990 4989 4959
f 4990 4957 4989
f 4990 4959 4956
f 4990 4956 4957
f 4989 4957 4959
f 4988 4987 4957
f 4988 4955 4987
f 4965 4968 4966
f 4988 4954 4955
f 4987 4955 4957
f 4986 4955 4952
f 4986 4952 4953
f 4986 4953 4985
f 4986 4985 4955
f 4985 4953 4955
f 4984 4949 4951
f 4984 4953 4949
f 4984 4951 4983
f 4984 4983 4953
f 4921 4923 4924
f 4935 4934 4933
f 4934 4932 4933
f 4933 4932 4931
f 4932 4930 4931
f 4930 4929 4921
f 4930 4921 4931
f 4929 4928 4921
f 4928 4922 4921
f 4921 4926 4927
f 4921 4925 4926
f 4921 4924 4925
f 4936 4934 4935
f 4921 4922 4923
f 4919 4908 4918
f 4919 4920 4908
f 4918 4908 4917
f 4917 4908 4916
f 4916 4908 4915
f 4908 4914 4915
f 4908 4913 4914
f 4908 4912 4913
f 4908 4911 4912
f 4908 4910 4911
f 4948 4946 4947
f 4965 4966 4967
f 4962 4960 4963
f 4962 4963 4964
f 4960 4958 4961
f 4958 4956 4959
f 4956 4954 4957
f 4954 4952 4955
f 4952 4949 4953
f 4949 4950 4951
f 4919 4948 4920
f 4920 4948 4947
f 4547 4548 4546
f 4947 4946 4945
f 4946 4944 4945
f 4945 4944 4943
f 4944 4942 4943
f 4943 4942 4941
f 4942 4940 4941
f 4941 4940 4939
f 4940 4938 4939
f 4939 4938 4937
f 4938 4936 4937
f 4937 4936 4935
f 3464 4302 4298
f 2694 2677 3262
f 2537 753 4229
f 2537 4229 2502
f 753 4230 4229
f 753 4233 4230
f 753 752 4233
f 4304 4300 3464
f 4304 361 4299
f 4304 4299 4300
f 361 436 4299
f 3464 4297 4285
f 3464 4298 4297
f 2264 3262 3259
f 3464 4300 4302
f 3464 4285 4272
f 3396 4265 3387
f 4265 4291 758
f 4265 758 3387
f 4291 4288 758
f 4288 759 758
f 3441 2033 3605
f 3442 3441 3615
f 3615 3441 3605
f 3444 3442 3617
f 3349 3371 3351
f 2257 3376 2258
f 3376 3373 2258
f 3373 3375 2258
f 3375 3326 2258
f 3375 3336 3326
f 3370 3207 3354
f 3354 3207 3356
f 3371 3370 3351
f 3353 3370 3354
f 3351 3370 3353
f 3378 3371 3349
f 3617 3442 3615
f 3379 3378 3347
f 3347 3378 3349
f 3374 3379 3345
f 3345 3379 3347
f 3372 3374 3343
f 3343 3374 3345
f 3336 3372 3343
f 3375 3372 3336
f 2264 2694 3262
f 2264 3258 2265
f 2264 3259 3258
f 4301 4097 4075
f 4174 4303 4175
f 4173 4303 4165
f 4171 4303 4173
f 4169 4303 4171
f 2077 4303 2076
f 4174 4164 4163
f 4174 4163 4165
f 3084 4176 3083
f 2076 4169 4168
f 2072 4168 2073
f 2076 4168 2072
f 3079 2077 2079
f 4175 4303 4176
f 4301 4079 4276
f 4301 4300 4098
f 4301 4282 4298
f 4301 4298 4302
f 4301 4302 4300
f 4301 4276 4278
f 4301 4278 4280
f 4301 4280 4282
f 4301 4075 4077
f 4301 4077 4079
f 4301 4102 4097
f 2607 3451 3635
f 3453 3444 3618
f 3618 3444 3617
f 3454 3453 3628
f 3628 3453 3624
f 3624 3453 3618
f 3456 3454 3639
f 3639 3454 3628
f 3452 3456 3639
f 3451 3452 3631
f 3631 3452 3632
f 3632 3452 3639
f 4305 4306 4307
f 3635 3451 3631
f 3084 2599 3635
f 3635 2599 2607
f 4165 4303 4174
f 2076 4303 4169
f 4176 4303 3083
f 3079 4303 2077
f 3083 4303 3082
f 3082 4303 3081
f 3081 4303 3080
f 3080 4303 3079
f 3706 3707 3030
f 4348 4347 4349
f 4346 4344 4345
f 4346 4345 4347
f 4344 4342 4343
f 4344 4343 4345
f 4342 4340 4341
f 4342 4341 4343
f 4340 4338 4339
f 4340 4339 4341
f 4338 4205 4337
f 4338 4337 4339
f 4205 4206 4337
f 4348 4346 4347
f 3705 3706 3029
f 3029 3706 3030
f 3704 3705 3029
f 3703 3704 3031
f 3031 3704 3029
f 3702 3703 3045
f 3045 3703 3031
f 3701 3702 3044
f 3044 3702 3045
f 3700 3701 3038
f 3038 3701 3044
f 4354 1498 1515
f 4344 4346 1531
f 4344 1531 1535
f 4346 4348 1527
f 4346 1527 1531
f 4348 4350 1520
f 4348 1520 1527
f 4350 4352 1519
f 4350 1519 1520
f 4352 4354 1515
f 4352 1515 1519
f 4354 4356 1498
f 3699 3700 3037
f 4356 1499 1498
f 4356 3776 1499
f 3776 4356 3784
f 4356 4354 4355
f 4356 4355 3784
f 4354 4352 4353
f 4354 4353 4355
f 4352 4350 4351
f 4352 4351 4353
f 4350 4348 4349
f 4350 4349 4351
f 4314 4310 4312
f 4324 4322 4323
f 4322 4321 4323
f 3127 3060 1
f 4321 3 4320
f 4320 4319 4318
f 4320 3 4319
f 4318 4317 4316
f 4318 4319 4317
f 4316 4315 4314
f 4316 4317 4315
f 2380 4313 2377
f 4324 4323 4325
f 4314 4315 4310
f 4313 4312 2377
f 4312 4310 2377
f 2377 4311 2378
f 2377 4310 4311
f 1 3060 6
f 6 4306 7
f 6 4309 4306
f 6 3060 4309
f 7 4306 4308
f 4308 4306 4305
f 2349 4330 4331
f 3037 3700 3038
f 3039 3699 3037
f 25 4336 23
f 23 4336 28
f 2354 4335 2349
f 4336 4333 4332
f 4336 29 28
f 4336 4332 29
f 4335 4330 2349
f 2349 4334 2350
f 2349 4331 4334
f 4301 4101 4102
f 4332 3127 4329
f 4332 4333 3127
f 4330 4327 4328
f 4330 4328 4331
f 4329 3 4326
f 4329 1 3
f 4329 3127 1
f 4327 4325 4328
f 4327 4324 4325
f 4326 4321 4322
f 4326 3 4321
f 4243 4241 2011
f 4255 3427 3426
f 3426 4253 4254
f 3426 3429 4253
f 4252 4250 4251
f 4250 4248 4249
f 4250 4249 4251
f 4248 4246 4247
f 4248 4247 4249
f 4246 4244 4245
f 4246 4245 4247
f 4244 4243 4240
f 4244 4240 4245
f 4256 3426 4254
f 4243 2011 4240
f 3605 4239 3603
f 3605 4242 4239
f 4241 2012 2011
f 4240 2011 4238
f 3603 4239 3597
f 4239 95 3597
f 2011 2016 4238
f 95 94 3597
f 94 89 3597
f 3597 89 91
f 111 4251 4242
f 3502 2524 2523
f 3502 2527 2524
f 2033 4242 3605
f 2033 2030 116
f 2033 111 4242
f 2033 116 111
f 2030 2039 116
f 2039 117 116
f 2039 4264 117
f 2039 4263 4264
f 2039 2041 4263
f 2566 2568 4189
f 111 113 4251
f 113 4252 4251
f 113 4262 4252
f 4262 4261 4252
f 4262 4260 4261
f 4260 4259 4261
f 4260 4258 4259
f 4258 4257 4259
f 4258 4256 4257
f 4256 4254 4257
f 4256 4255 3426
f 4236 4228 2510
f 2544 2545 2860
f 2860 2545 2881
f 2542 2544 2858
f 2858 2544 2860
f 1961 2542 2857
f 2857 2542 2858
f 2842 1961 2857
f 4227 4084 2515
f 2515 4084 2517
f 4228 4227 2512
f 2514 4227 2515
f 2512 4227 2514
f 2881 2549 2882
f 2510 4228 2512
f 4235 4236 2508
f 2508 4236 2510
f 4232 4235 2506
f 2506 4235 2508
f 4231 4232 2504
f 2504 4232 2506
f 2502 4231 2504
f 4229 4231 2502
f 4221 4237 4233
f 6249 6248 6247
f 4183 2557 2563
f 4189 2568 4187
f 2575 2566 4200
f 4200 2566 4189
f 2574 2575 4199
f 4199 2575 4200
f 2573 2574 4198
f 4198 2574 4199
f 2571 2573 4184
f 4184 2573 4198
f 4183 2571 4184
f 2563 2571 4183
f 3502 2523 2516
f 2877 2557 4183
f 2553 2557 2877
f 2554 2553 2874
f 2874 2553 2877
f 2561 2554 2884
f 2884 2554 2879
f 2879 2554 2874
f 2551 2561 2882
f 2882 2561 2884
f 2549 2551 2882
f 2545 2549 2881
f 4283 4295 4270
f 4053 4296 4055
f 761 4296 762
f 760 4296 761
f 760 759 4289
f 760 4289 4290
f 764 762 4053
f 4277 4287 4286
f 4275 4287 4277
f 4277 4286 4279
f 4061 4273 4062
f 4267 4295 4291
f 4288 4295 4292
f 4055 4296 4057
f 4292 4295 4281
f 4270 4295 4269
f 4269 4295 4268
f 4268 4295 4267
f 4281 4295 4283
f 4291 4295 4288
f 4288 4292 4290
f 4287 4292 4281
f 4294 4292 4287
f 4293 4292 4294
f 4290 4292 4293
f 4282 4284 4297
f 4301 4098 4101
f 4070 4073 4096
f 4096 4073 4097
f 4073 4075 4097
f 4098 4299 4099
f 4098 4300 4299
f 4079 4080 4276
f 4099 4299 436
f 4080 4064 4274
f 4080 4274 4276
f 4298 4282 4297
f 4291 4265 4266
f 4297 4284 4285
f 4290 4296 760
f 762 4296 4053
f 4275 4296 4287
f 4061 4296 4273
f 4287 4296 4294
f 4294 4296 4293
f 4293 4296 4290
f 4273 4296 4275
f 4059 4296 4061
f 4057 4296 4059
f 4265 3396 4266
f 3461 3462 4271
f 3460 3461 4270
f 4270 3461 4271
f 3459 3460 4269
f 4269 3460 4270
f 3458 3459 4268
f 4268 3459 4269
f 3457 3458 4267
f 4267 3458 4268
f 3396 3457 4266
f 4266 3457 4267
f 4271 3463 4272
f 458 3553 4214
f 458 4214 460
f 3553 2517 4215
f 3553 4215 4214
f 4215 2517 4219
f 4219 2517 4217
f 4217 2517 4216
f 4216 2517 4083
f 4083 2517 4084
f 3553 3502 2516
f 3553 2516 2517
f 4282 4281 4283
f 4291 4266 4267
f 4289 4288 4290
f 759 4288 4289
f 4283 4270 4271
f 4283 4271 4272
f 4286 4287 4281
f 4286 4281 4279
f 4285 4284 4272
f 4284 4282 4283
f 4284 4283 4272
f 4282 4280 4281
f 4342 1535 1539
f 4280 4278 4279
f 4280 4279 4281
f 4278 4276 4277
f 4278 4277 4279
f 4276 4274 4275
f 4276 4275 4277
f 4274 4064 4273
f 4274 4273 4275
f 4064 4062 4273
f 3463 3464 4272
f 3462 3463 4271
f 3033 3032 3861
f 4474 4475 4468
f 4473 4471 2164
f 4472 4468 4470
f 2164 4471 2157
f 4471 4467 2157
f 4468 4469 4470
f 4467 4466 2157
f 2157 4466 2158
f 3699 3039 3846
f 3039 3036 3861
f 3039 3861 3846
f 3036 3033 3861
f 2166 4476 4473
f 4465 3189 4333
f 4465 4462 4455
f 4465 4457 3187
f 4465 4336 4462
f 4465 3192 3189
f 4465 3191 3192
f 4465 3187 3191
f 4465 4455 4457
f 4465 4333 4336
f 4462 4336 4461
f 4462 4458 4455
f 2140 2143 4486
f 4495 4494 4496
f 4495 4493 4494
f 4493 4491 4492
f 4493 4492 4494
f 4491 4490 4492
f 4491 4489 4490
f 4489 4487 4490
f 4489 4488 2140
f 4489 2140 4487
f 4488 2141 2140
f 2140 4486 4487
f 4462 4464 4458
f 4484 4482 4483
f 4484 4483 4485
f 4482 4480 4481
f 4482 4481 4483
f 4480 4478 4479
f 4480 4479 4481
f 4478 4477 4472
f 4478 4472 4479
f 4477 4474 4468
f 4477 4468 4472
f 2166 4473 2164
f 4451 3076 3075
f 3071 4358 4416
f 3070 3073 4358
f 4452 4450 4306
f 4452 4446 4448
f 4452 4451 4446
f 4452 4306 4451
f 4452 4454 4450
f 4452 4453 4454
f 4452 4448 4453
f 4451 3069 4444
f 4451 4309 3066
f 4451 3066 3076
f 3071 3070 4358
f 4451 3075 3069
f 4451 4306 4309
f 4451 4444 4446
f 4307 4306 4449
f 4449 4306 4450
f 4448 4446 4445
f 4445 4446 4447
f 4309 3060 3059
f 4309 3059 3066
f 4444 3069 3068
f 4444 3068 3071
f 3184 3186 4206
f 4462 4463 4464
f 4462 4461 4463
f 3127 4333 3188
f 3188 4333 3189
f 3187 4457 3185
f 3185 4457 3186
f 4336 4460 4461
f 4336 25 4460
f 4455 4459 4456
f 4455 4458 4459
f 3173 3184 4206
f 4497 4496 4484
f 3186 4457 4410
f 3186 4410 4206
f 4457 4455 4381
f 4457 4381 4410
f 4455 4379 4381
f 4455 4456 4379
f 4447 4446 4415
f 4446 4444 4413
f 4446 4413 4415
f 4444 3071 4416
f 4444 4416 4413
f 2989 3866 3865
f 2946 3157 3158
f 3157 2992 3134
f 3134 3862 3089
f 3134 2992 3862
f 2992 2986 3865
f 2992 3865 3862
f 3032 3085 3861
f 3085 3086 3861
f 3086 3088 3861
f 3089 3862 3088
f 3088 3862 3861
f 2986 2989 3865
f 2946 3158 3159
f 3001 2997 3876
f 3001 3876 3878
f 2997 3880 3876
f 2997 2999 3880
f 4531 4529 4499
f 4531 4525 4527
f 4531 4530 4525
f 4531 4499 4530
f 4531 4533 4529
f 4531 4532 4533
f 4531 4527 4532
f 4537 2842 2839
f 4545 4544 4543
f 4545 4546 4544
f 1911 4542 1908
f 4543 4539 4541
f 4543 4544 4539
f 4542 4541 1908
f 4541 4539 1908
f 1908 4540 1909
f 1908 4539 4540
f 4538 2842 4537
f 4537 2839 4536
f 4530 3290 4523
f 4536 2848 4535
f 4536 2839 2848
f 4535 2848 4534
f 4534 2848 2850
f 2912 2946 3143
f 2912 3143 2913
f 2946 3144 3143
f 2946 3147 3144
f 2946 3150 3147
f 2946 2992 3157
f 2946 3159 3150
f 3221 4505 4498
f 4514 4518 4507
f 4514 4517 4518
f 4514 4516 4517
f 4514 4515 4516
f 4514 4511 4515
f 4469 4468 4512
f 4512 4468 4513
f 4468 4475 4511
f 4509 4506 4510
f 4506 4507 4508
f 3221 4504 4505
f 4514 4507 4506
f 3221 4498 2166
f 4504 4499 4503
f 4504 4503 4505
f 4499 4502 4503
f 4499 4501 4502
f 4499 4500 4501
f 4498 4476 2166
f 4498 4497 4485
f 4498 4485 4476
f 4497 4495 4496
f 4497 4484 4485
f 4504 3287 3288
f 4530 4504 3288
f 4530 3288 3295
f 4530 3295 3294
f 4530 3294 3290
f 4530 4499 4504
f 4530 4523 4525
f 4500 4499 4528
f 4528 4499 4529
f 4527 4525 4524
f 4524 4525 4526
f 4504 3221 3287
f 4443 4439 4442
f 4523 3290 3289
f 4523 3289 3292
f 4519 4513 4468
f 4519 4506 4509
f 4519 4468 4514
f 4519 4514 4506
f 4519 4522 4513
f 4519 4521 4522
f 4519 4520 4521
f 4519 4509 4520
f 4514 4468 4511
f 4378 4377 4376
f 4383 3801 4382
f 4383 3806 3801
f 4383 4384 3806
f 4382 3796 4355
f 4382 3801 3796
f 4379 4380 4381
f 4355 3796 3784
f 4375 4377 4361
f 4376 4377 4375
f 4360 4377 4357
f 4361 4377 4360
f 4358 4377 4378
f 4385 4355 4353
f 4357 4377 4358
f 4372 4375 4373
f 4373 4375 4363
f 4363 4375 4361
f 4376 4375 4374
f 4374 4375 4372
f 4371 4373 4370
f 4370 4373 4366
f 4364 4373 4363
f 4366 4373 4364
f 4372 4373 4371
f 4389 4385 4388
f 4395 4393 4392
f 4395 4391 4394
f 4395 4392 4391
f 4395 4396 4393
f 4394 4391 4347
f 4392 4389 4388
f 4392 4388 4391
f 4392 4390 4389
f 4392 4393 4390
f 4391 4388 4349
f 4391 4349 4347
f 4367 4370 4366
f 4389 4387 4386
f 4389 4386 4385
f 4389 4390 4387
f 4388 4385 4353
f 4388 4353 4351
f 4388 4351 4349
f 4386 4384 4383
f 4386 4382 4385
f 4386 4383 4382
f 4386 4387 4384
f 4385 4382 4355
f 3707 2629 4357
f 4360 4359 4361
f 1480 4359 4357
f 3030 3707 3106
f 3106 3707 3107
f 3107 3707 3108
f 3073 3110 4358
f 3108 3707 3117
f 3110 3112 4357
f 3110 4357 4358
f 3117 3707 3112
f 3112 3707 4357
f 4357 4359 4360
f 2629 2626 1480
f 2629 1480 4357
f 2626 2624 1480
f 2624 1481 1480
f 4205 4338 1505
f 4205 1505 1504
f 4338 4340 1543
f 4338 1543 1505
f 4340 4342 1539
f 4340 1539 1543
f 4342 4344 1535
f 4362 4365 4363
f 3297 4370 4367
f 3305 4370 3297
f 4371 4370 4369
f 4369 4370 3305
f 1602 4368 4365
f 4365 4368 4366
f 1598 4368 1599
f 1599 4368 1602
f 3297 4368 1598
f 4366 4368 4367
f 4367 4368 3297
f 4397 4347 4345
f 1607 4365 4362
f 1602 4365 1607
f 4363 4365 4364
f 4364 4365 4366
f 1619 4362 4359
f 4359 4362 4361
f 1607 4362 1613
f 1613 4362 1619
f 4361 4362 4363
f 1619 4359 1625
f 1625 4359 1480
f 4428 4425 4421
f 4435 4374 4433
f 4434 4431 4432
f 4433 4430 4429
f 4433 4372 4430
f 4433 4374 4372
f 4431 4429 4427
f 4431 4427 4432
f 4430 4426 4429
f 4430 4428 4424
f 4430 4372 4428
f 4430 4424 4426
f 4429 4426 4427
f 4435 4429 4431
f 4428 4371 4425
f 4428 4421 4424
f 4428 4372 4371
f 4426 4424 4422
f 4426 4422 4427
f 4425 4371 4423
f 4425 4419 4421
f 4425 4423 4419
f 4424 4421 4422
f 4423 4417 4419
f 4423 4418 4417
f 4441 4378 4376
f 4443 4441 4439
f 4443 4442 4413
f 4443 4378 4441
f 4443 4416 4378
f 4443 4413 4416
f 4442 4439 4438
f 4442 4414 4413
f 4442 4438 4414
f 4441 4440 4437
f 4441 4437 4439
f 4441 4376 4440
f 4423 4369 4418
f 4440 4436 4437
f 4440 4376 4436
f 4439 4437 4438
f 4437 4436 4434
f 4437 4434 4432
f 4437 4432 4438
f 4436 4435 4434
f 4436 4374 4435
f 4436 4376 4374
f 4435 4431 4434
f 4435 4433 4429
f 4403 4343 4341
f 4407 4404 4403
f 4407 4405 4404
f 4407 4408 4405
f 4407 4403 4406
f 4406 4403 4341
f 4406 4341 4339
f 4404 4400 4403
f 4404 4401 4400
f 4404 4402 4401
f 4404 4405 4402
f 4403 4400 4343
f 4409 4206 4410
f 4401 4398 4400
f 4401 4399 4398
f 4401 4402 4399
f 4400 4398 4397
f 4400 4397 4345
f 4400 4345 4343
f 4398 4395 4394
f 4398 4396 4395
f 4398 4394 4397
f 4398 4399 4396
f 4397 4394 4347
f 4413 4414 4415
f 4423 4371 4369
f 4421 4419 4420
f 4421 4420 4422
f 4419 4417 4412
f 4419 4412 4420
f 4418 3323 4417
f 4418 4369 3305
f 4418 3305 3323
f 4417 3310 4412
f 4417 3323 3310
f 4358 4378 4416
f 6247 6248 6180
f 4412 3310 3313
f 4411 4408 4407
f 4411 4381 4380
f 4411 4407 4406
f 4411 4406 4409
f 4411 4409 4410
f 4411 4380 4408
f 4411 4410 4381
f 4409 4406 4339
f 4409 4339 4337
f 4409 4337 4206
f 5980 5979 5977
f 5987 5986 5985
f 5985 5986 5980
f 5980 5986 5987
f 5977 5985 5980
f 5976 5985 5977
f 5984 5985 5976
f 5982 5984 5975
f 5975 5984 5976
f 5981 5984 5982
f 5974 5982 5975
f 5983 5982 5974
f 5981 5982 5983
f 5972 5988 5981
f 5977 5979 5970
f 5970 5979 5978
f 5978 5979 5980
f 5976 5977 5970
f 5975 5976 5963
f 5968 5976 5970
f 5963 5976 5968
f 5974 5975 5963
f 4866 4868 5973
f 4871 4870 5972
f 5968 5970 5969
f 5973 5991 5990
f 5947 5995 5949
f 5949 5995 5951
f 5951 5995 5959
f 4874 4871 5972
f 5994 5974 5963
f 5994 5963 5965
f 4863 4873 5943
f 5991 5993 5987
f 5973 5993 5991
f 5987 5993 5992
f 5992 5993 5973
f 5969 5970 5971
f 5990 5991 5987
f 5973 5990 4866
f 5985 5990 5987
f 4870 5990 5989
f 5984 5990 5985
f 5989 5990 5984
f 4866 5990 4870
f 5972 5989 5988
f 5988 5989 5981
f 4870 5989 5972
f 5981 5989 5984
f 5828 5939 5832
f 4864 4863 5942
f 5843 5941 4862
f 5938 5941 5940
f 5940 5941 5843
f 4872 5941 5938
f 4862 5941 4872
f 5937 5940 5939
f 5939 5940 5839
f 5839 5940 5841
f 5841 5940 5843
f 5938 5940 5937
f 5936 5939 5932
f 5942 5943 5944
f 5832 5939 5837
f 5837 5939 5839
f 5932 5939 5828
f 5937 5939 5936
f 5935 5938 5934
f 4876 5938 5935
f 5934 5938 5937
f 4872 5938 4876
f 5934 5937 5933
f 5933 5937 5931
f 5931 5937 5936
f 5957 5951 5956
f 5963 5968 5967
f 5963 5967 5966
f 5963 5966 5964
f 5965 5963 5962
f 5962 5963 5964
f 5951 5959 5954
f 5954 5959 5961
f 5961 5959 5958
f 5958 5959 5960
f 5949 5951 5950
f 5952 5951 5957
f 5945 5995 5947
f 5956 5951 5955
f 5955 5951 5953
f 5953 5951 5954
f 5950 5951 5952
f 5947 5949 5948
f 5948 5949 5950
f 5945 5947 5946
f 5946 5947 5948
f 5943 5945 5944
f 5944 5945 5946
f 4863 5943 5942
f 4904 6024 4906
f 6026 6028 6025
f 6025 6028 6023
f 6023 6028 6029
f 6022 6027 6026
f 6024 6027 6022
f 4904 6027 6024
f 4900 6027 4904
f 6022 6026 6025
f 6022 6025 6023
f 6019 6024 6022
f 6021 6024 6019
f 4902 6024 6021
f 6027 6028 6026
f 4906 6024 4902
f 6019 6022 6023
f 4898 6021 6017
f 6017 6021 6020
f 6020 6021 6019
f 4902 6021 4898
f 6016 6020 6018
f 6017 6020 6016
f 6018 6020 6019
f 6016 6018 6010
f 6010 6018 6019
f 6031 6034 6029
f 4893 6039 6036
f 6034 6039 6038
f 6038 6039 4887
f 6036 6039 6034
f 4887 6039 4893
f 6037 6038 4887
f 6034 6038 6037
f 6034 6037 6035
f 4896 6036 6034
f 4893 6036 4896
f 6032 6034 6031
f 4894 6017 6016
f 4896 6034 6032
f 6029 6034 6035
f 4900 6033 6030
f 6028 6033 6032
f 6032 6033 4896
f 6030 6033 6028
f 4896 6033 4900
f 6028 6032 6031
f 6028 6031 6029
f 6027 6030 6028
f 4900 6030 6027
f 5997 6000 5995
f 6001 6006 6005
f 4881 6006 6003
f 6003 6006 6001
f 4886 6006 4881
f 6001 6005 6004
f 6001 6004 6002
f 4877 6003 6001
f 4881 6003 4877
f 5996 6001 6002
f 5998 6001 5996
f 4877 6001 5998
f 6004 6007 6002
f 5995 6000 5999
f 4873 6000 5997
f 5999 6000 4877
f 4877 6000 4873
f 5995 5999 5998
f 5998 5999 4877
f 5995 5998 5996
f 5945 5997 5995
f 4873 5997 5943
f 5943 5997 5945
f 5959 5995 5996
f 6009 6013 6010
f 4898 6017 4894
f 6013 6016 6010
f 6014 6016 6013
f 4894 6016 6014
f 6012 6015 6011
f 4890 6015 6012
f 6011 6015 6014
f 6014 6015 4894
f 4894 6015 4890
f 6011 6014 6009
f 6009 6014 6013
f 5931 5936 5932
f 6007 6012 6011
f 4890 6012 6008
f 6008 6012 6007
f 6007 6011 6009
f 6002 6009 6010
f 6007 6009 6002
f 6005 6008 6007
f 6006 6008 6005
f 4886 6008 6006
f 4890 6008 4886
f 6005 6007 6004
f 5866 5872 5871
f 5874 5878 5875
f 4889 5877 5876
f 4892 5877 4889
f 4889 5876 5874
f 5870 5874 5867
f 5867 5874 5875
f 4889 5874 5870
f 5869 5873 5868
f 4884 5873 5869
f 5872 5873 4889
f 4889 5873 4884
f 5868 5873 5872
f 5874 5879 5878
f 5868 5872 5866
f 5871 5872 4889
f 5866 5871 5870
f 5870 5871 4889
f 5866 5870 5867
f 4879 5869 5865
f 5865 5869 5864
f 4884 5869 4879
f 5864 5869 5868
f 5864 5868 5863
f 5863 5868 5866
f 4895 5884 5880
f 4903 5889 5885
f 4907 5889 4903
f 5884 5888 5887
f 5882 5887 5886
f 5884 5887 5882
f 5886 5887 5883
f 5882 5886 5883
f 4895 5885 5884
f 4899 5885 4895
f 4903 5885 4899
f 5880 5884 5879
f 5860 5866 5867
f 5879 5884 5882
f 5878 5882 5875
f 5875 5882 5883
f 5879 5882 5878
f 5880 5881 4895
f 5877 5881 5876
f 4892 5881 5877
f 5876 5881 5880
f 4895 5881 4892
f 5876 5880 5874
f 5874 5880 5879
f 5836 5837 5838
f 5849 5846 5848
f 5848 5846 5845
f 5845 5846 5847
f 5843 4862 5844
f 5844 4862 4865
f 5841 5843 5842
f 5842 5843 5844
f 5839 5841 5840
f 5840 5841 5842
f 5837 5839 5838
f 5838 5839 5840
f 5832 5837 5836
f 5850 5846 5849
f 5828 5832 5829
f 5833 5832 5836
f 5829 5832 5835
f 5835 5832 5834
f 5834 5832 5831
f 5831 5832 5833
f 5824 5828 5825
f 5825 5828 5830
f 5830 5828 5827
f 5827 5828 5829
f 5824 5825 5826
f 4869 5859 5854
f 5863 5866 5860
f 5859 5865 5864
f 4875 5865 5861
f 4879 5865 4875
f 5861 5865 5859
f 5859 5864 5863
f 5859 5863 5862
f 5862 5863 5860
f 5859 5862 5860
f 4869 5861 5859
f 4875 5861 4869
f 5885 5889 5884
f 5854 5859 5860
f 5855 4869 5854
f 4867 4869 5858
f 5858 4869 5857
f 5857 4869 5856
f 5856 4869 5855
f 5853 5855 5854
f 5846 5853 5852
f 5852 5853 5854
f 5846 5852 5847
f 5851 5846 5850
f 4888 5918 4891
f 5917 5924 5922
f 5918 5924 5917
f 4885 5924 5918
f 5921 5923 5919
f 5919 5923 5920
f 5917 5922 5921
f 5917 5921 5919
f 5917 5919 5913
f 5913 5919 5920
f 5915 5918 5917
f 5916 5918 5915
f 4891 5918 5916
f 5921 5925 5923
f 4885 5918 4888
f 5915 5917 5913
f 5910 5916 5915
f 5911 5916 5910
f 4897 5916 5911
f 4891 5916 4897
f 5914 5915 5913
f 5910 5915 5909
f 5909 5915 5914
f 5912 5914 5913
f 5909 5914 5912
f 4882 5929 5928
f 4876 5935 5930
f 5930 5935 5934
f 5928 5934 5933
f 5930 5934 5929
f 5929 5934 5928
f 5928 5933 5931
f 5928 5931 5920
f 5920 5931 5932
f 4882 5930 5929
f 4880 5930 4882
f 4876 5930 4880
f 5902 5912 5913
f 5923 5928 5920
f 5925 5928 5923
f 4882 5928 5925
f 5926 5927 4882
f 5924 5927 5926
f 4885 5927 5924
f 4882 5927 4885
f 5921 5926 5925
f 5924 5926 5922
f 5922 5926 5921
f 5925 5926 4882
f 4907 5897 5893
f 5891 5901 5902
f 4905 5900 5897
f 5897 5900 5899
f 5897 5899 5895
f 5895 5899 5898
f 5894 5898 5896
f 5895 5898 5894
f 5890 5897 5895
f 5892 5897 5890
f 4905 5897 4907
f 5893 5897 5892
f 5896 5901 5891
f 5894 5896 5891
f 5890 5895 5894
f 5890 5894 5891
f 5888 5893 5892
f 5889 5893 5888
f 4907 5893 5889
f 5888 5892 5890
f 5888 5890 5887
f 5887 5890 5883
f 5883 5890 5891
f 5884 5889 5888
f 4897 5908 4901
f 5909 5912 5902
f 5908 5911 5910
f 4897 5911 5908
f 5907 5910 5909
f 5908 5910 5907
f 5907 5909 5906
f 5906 5909 5902
f 5903 5908 5907
f 5905 5908 5904
f 4901 5908 5905
f 5904 5908 5903
f 6035 6040 6041
f 5903 5907 5906
f 5903 5906 5901
f 5901 5906 5902
f 5900 5905 5904
f 4901 5905 4905
f 4905 5905 5900
f 5899 5904 5898
f 5898 5904 5903
f 5900 5904 5899
f 5898 5903 5896
f 5896 5903 5901
f 6168 6171 6167
f 6184 6185 6186
f 6177 6183 6178
f 6182 6183 6177
f 6180 6178 6181
f 6179 6178 6180
f 6177 6178 6179
f 6176 6173 6175
f 6175 6173 6172
f 6172 6173 6174
f 6144 6171 5050
f 6167 6171 6170
f 6170 6171 6142
f 6186 6185 6182
f 5054 6171 6168
f 5050 6171 5054
f 6142 6171 6144
f 6167 6170 6169
f 6169 6170 6140
f 6140 6170 6142
f 6167 6169 6166
f 5000 6169 4999
f 5002 6169 5000
f 4999 6169 6140
f 6166 6169 5002
f 6185 6191 6183
f 6195 6196 4784
f 6190 6196 6195
f 4805 6196 6191
f 6191 6196 6190
f 6188 6195 6193
f 6190 6195 6188
f 6188 6193 6189
f 6189 6193 6194
f 4809 6192 6191
f 6191 6192 4805
f 4805 6192 4809
f 5058 6168 6165
f 4809 6191 6185
f 6183 6191 6190
f 6183 6190 6178
f 6178 6190 6188
f 6178 6188 6181
f 6181 6188 6189
f 6185 6187 4809
f 6184 6187 6185
f 4768 6187 6184
f 4809 6187 4768
f 6182 6185 6183
f 6152 6155 6151
f 5043 6159 6156
f 6156 6159 6155
f 5067 6159 5043
f 6155 6158 6154
f 6154 6158 6157
f 6154 6157 5010
f 5010 6157 5008
f 5045 6156 6153
f 6153 6156 6152
f 6152 6156 6155
f 5043 6156 5045
f 6151 6155 6154
f 6155 6159 6158
f 6151 6154 5012
f 5012 6154 5010
f 6150 6153 6148
f 5047 6153 6150
f 6148 6153 6152
f 5045 6153 5047
f 6146 6152 6151
f 6148 6152 6146
f 6146 6151 5014
f 5014 6151 5012
f 6149 6150 6148
f 6160 6164 6163
f 6164 6168 6167
f 5054 6168 5058
f 6165 6168 6164
f 6164 6167 6166
f 6164 6166 6163
f 6163 6166 5004
f 5004 6166 5002
f 6161 6165 6164
f 6162 6165 6161
f 5063 6165 6162
f 5058 6165 5063
f 4784 6197 4805
f 6161 6164 6160
f 6160 6163 5006
f 5006 6163 5004
f 6159 6162 6158
f 6158 6162 6161
f 5067 6162 6159
f 5063 6162 5067
f 6157 6161 6160
f 6158 6161 6157
f 6157 6160 5008
f 5008 6160 5006
f 6226 6227 4772
f 4769 6233 4772
f 6231 6232 4769
f 4772 6232 6231
f 6229 6231 4769
f 4772 6231 6229
f 4772 6229 6224
f 6224 6229 6225
f 6225 6229 6230
f 4774 6228 6227
f 6227 6228 4772
f 4772 6228 4774
f 4774 6227 6226
f 6232 6233 4769
f 6224 6226 4772
f 4774 6226 6224
f 4774 6224 6219
f 6219 6224 6215
f 6215 6224 6223
f 6223 6224 6225
f 4776 6222 6221
f 6221 6222 4774
f 4774 6222 4776
f 4776 6221 6220
f 6220 6221 4774
f 6235 6241 6240
f 5188 5189 5190
f 6243 6246 6244
f 4769 6246 6243
f 4771 6246 4769
f 6244 6246 6245
f 6245 6246 4771
f 6241 6243 6242
f 4769 6243 6241
f 6242 6243 6244
f 6234 6241 6235
f 4769 6241 6234
f 4776 6220 6219
f 6240 6241 6242
f 4769 6234 6229
f 6229 6234 6230
f 6230 6234 6239
f 6239 6234 6238
f 6238 6234 6237
f 6237 6234 6236
f 6236 6234 6176
f 6176 6234 6173
f 6173 6234 6235
f 4772 6233 6232
f 6201 6202 4782
f 6204 6208 6209
f 4782 6207 6206
f 6206 6207 4780
f 4780 6207 4782
f 4782 6206 6205
f 6205 6206 4780
f 4782 6205 6200
f 6200 6205 6198
f 6198 6205 6203
f 6199 6203 6204
f 6198 6203 6199
f 6205 6208 6203
f 4784 6202 6201
f 4782 6202 4784
f 6200 6201 4782
f 4784 6201 6200
f 4784 6200 6195
f 6195 6200 6193
f 6193 6200 6198
f 6194 6198 6199
f 6193 6198 6194
f 6196 6197 4784
f 4805 6197 6196
f 6210 6216 6208
f 6219 6220 4774
f 6214 6219 6215
f 4776 6219 6214
f 4778 6218 6217
f 6217 6218 4776
f 4776 6218 4778
f 4778 6217 6216
f 6216 6217 4776
f 6214 6216 4776
f 4778 6216 6210
f 6208 6216 6214
f 5048 6150 6149
f 6208 6214 6209
f 6209 6214 6213
f 6213 6214 6215
f 4780 6212 6211
f 6211 6212 4778
f 4778 6212 4780
f 6210 6211 4778
f 4780 6211 6210
f 4780 6210 6205
f 6205 6210 6208
f 6203 6208 6204
f 6077 6079 6078
f 5056 6086 5052
f 6078 6085 6082
f 6080 6085 6078
f 6082 6084 6083
f 6078 6082 6083
f 6053 6081 6080
f 5036 6081 6053
f 5052 6081 5036
f 6057 6080 6079
f 6079 6080 6078
f 6053 6080 6055
f 6055 6080 6057
f 6081 6086 6080
f 6057 6079 6059
f 6059 6079 6077
f 6069 6077 6078
f 6059 6077 6061
f 6061 6077 6069
f 6076 6073 6075
f 6075 6073 6072
f 6072 6073 6074
f 6061 6069 6064
f 6064 6069 6071
f 6071 6069 6068
f 6088 6091 6087
f 6090 6096 6097
f 6089 6095 6094
f 6091 6095 6089
f 5061 6095 6092
f 6092 6095 6091
f 5060 6095 5061
f 6089 6094 6093
f 6089 6093 6090
f 5061 6092 6088
f 6088 6092 6091
f 6087 6091 6089
f 6068 6069 6070
f 6084 6089 6083
f 6083 6089 6090
f 6087 6089 6084
f 6082 6088 6087
f 6086 6088 6085
f 5056 6088 6086
f 6085 6088 6082
f 5061 6088 5056
f 6082 6087 6084
f 6080 6086 6085
f 5052 6086 6081
f 6044 6047 6043
f 6049 6050 5974
f 6047 6050 6049
f 6041 6049 5994
f 5994 6049 5974
f 6047 6049 6046
f 6046 6049 6041
f 6045 6048 6044
f 6044 6048 6047
f 4874 6048 4878
f 4878 6048 6045
f 6043 6047 6046
f 5974 6050 5983
f 6043 6046 6041
f 4883 6045 6042
f 6042 6045 6040
f 4878 6045 4883
f 6040 6045 6044
f 6040 6044 6043
f 6040 6043 6041
f 4887 6042 6040
f 4883 6042 4887
f 4887 6040 6037
f 6037 6040 6035
f 6053 6055 6054
f 6059 6061 6060
f 6062 6061 6067
f 6067 6061 6066
f 6066 6061 6065
f 6065 6061 6063
f 6063 6061 6064
f 6060 6061 6062
f 6057 6059 6058
f 6058 6059 6060
f 6055 6057 6056
f 6056 6057 6058
f 6093 6096 6090
f 6054 6055 6056
f 5036 6053 6052
f 6052 6053 6054
f 5037 5036 6052
f 5983 6051 5981
f 5981 6051 5972
f 5972 6051 4874
f 6050 6051 5983
f 6047 6051 6050
f 4874 6051 6048
f 6048 6051 6047
f 5044 6127 6123
f 6126 6134 6124
f 6128 6134 6129
f 6129 6134 6133
f 6133 6134 6135
f 6076 6128 6073
f 6124 6128 6125
f 6125 6128 6132
f 6132 6128 6131
f 6131 6128 6130
f 6130 6128 6076
f 6073 6128 6129
f 6123 6127 6126
f 6124 6134 6128
f 6122 6126 6124
f 6123 6126 6122
f 6122 6124 6121
f 6121 6124 6118
f 6118 6124 6125
f 6117 6123 6122
f 6120 6123 6119
f 6119 6123 6117
f 5041 6123 6120
f 5044 6123 5041
f 6117 6122 6121
f 6141 6142 6143
f 5047 6150 5048
f 6145 6148 6146
f 6149 6148 6147
f 6147 6148 6145
f 5016 6146 5014
f 6145 6146 5016
f 5050 5040 6144
f 6144 5040 5038
f 6142 6144 6143
f 6143 6144 5038
f 6140 6142 6141
f 6117 6121 6118
f 4999 6140 6139
f 6139 6140 6141
f 5027 4999 6139
f 6127 6137 6126
f 5044 6137 6127
f 6134 6137 6135
f 5046 6137 5044
f 6135 6137 6138
f 6126 6137 6134
f 6138 6137 6136
f 6136 6137 5046
f 6096 6102 6101
f 5065 6109 6106
f 5042 6109 5065
f 6103 6108 6107
f 6103 6107 6104
f 6102 6106 6105
f 5065 6106 6102
f 6101 6105 6103
f 6102 6105 6101
f 6101 6103 6100
f 6100 6103 6097
f 6097 6103 6104
f 6105 6109 6103
f 5060 6102 6099
f 6099 6102 6098
f 6098 6102 6096
f 5065 6102 5060
f 6096 6101 6100
f 6096 6100 6097
f 5060 6099 6095
f 6095 6099 6098
f 6094 6098 6096
f 6095 6098 6094
f 6094 6096 6093
f 5041 6116 5042
f 6116 6120 6119
f 5041 6120 6116
f 6115 6119 6117
f 6116 6119 6115
f 6115 6117 6114
f 6114 6117 6111
f 6111 6117 6118
f 6110 6116 6115
f 6113 6116 6112
f 6112 6116 6110
f 5042 6116 6113
f 5188 5191 5189
f 6110 6115 6114
f 6110 6114 6111
f 6109 6113 6112
f 5042 6113 6109
f 6109 6112 6110
f 6109 6110 6108
f 6108 6110 6107
f 6107 6110 6104
f 6104 6110 6111
f 6103 6109 6108
f 6106 6109 6105
f 5424 5423 5425
f 5439 5431 5430
f 5439 5441 5440
f 5439 5440 5431
f 5430 5437 5438
f 5430 5436 5437
f 5430 5435 5436
f 5430 5434 5435
f 5430 5433 5434
f 5430 5432 5433
f 5430 5431 5432
f 5429 5426 5428
f 5426 5427 5428
f 5442 5441 5439
f 5422 5423 5424
f 5421 5420 5413
f 5421 5413 5412
f 5420 5419 5413
f 5419 5418 5413
f 5418 5417 5413
f 5417 5416 5413
f 5416 5414 5413
f 5414 5415 5413
f 5413 5402 5412
f 5412 5402 5411
f 5453 5456 5457
f 5469 5468 5464
f 5468 5467 5464
f 5467 5465 5464
f 5465 5466 5464
f 5464 5453 5463
f 5463 5453 5462
f 5462 5453 5461
f 5461 5453 5460
f 5453 5459 5460
f 5453 5458 5459
f 5453 5457 5458
f 5411 5402 5410
f 5453 5455 5456
f 5453 5454 5455
f 5450 5451 5452
f 5450 342 5451
f 5449 5439 5448
f 5449 5447 5439
f 5448 5439 5445
f 5447 5444 5439
f 5445 5439 5446
f 5444 5443 5439
f 5443 5442 5439
f 5369 5370 5367
f 5379 5382 5383
f 5379 5381 5382
f 5379 5380 5381
f 5378 5375 5377
f 5375 5376 5377
f 5371 5374 5372
f 5371 5372 5373
f 5369 5365 5368
f 5369 5367 5366
f 5369 5285 5287
f 5369 5282 5285
f 5369 5368 5282
f 5379 5383 5384
f 5369 5287 5370
f 5369 5366 5365
f 5368 5346 5282
f 5368 5365 5346
f 5366 5364 5365
f 5366 5362 5364
f 5366 5363 5362
f 5366 5344 5363
f 5366 5367 5344
f 5364 5362 5365
f 5363 5361 5362
f 5397 5389 5394
f 5410 5402 5409
f 5402 5408 5409
f 5402 5407 5408
f 5402 5406 5407
f 5402 5405 5406
f 5402 5404 5405
f 5402 5403 5404
f 5399 5400 5401
f 5399 210 5400
f 5398 5389 5397
f 5398 5396 5389
f 5470 5469 5464
f 5396 5393 5389
f 5394 5389 5395
f 5393 5392 5389
f 5392 5391 5389
f 5391 5390 5389
f 5389 5388 5379
f 5389 5390 5388
f 5388 5380 5379
f 5379 5386 5387
f 5379 5385 5386
f 5379 5384 5385
f 5545 5542 5544
f 5555 5557 5556
f 5555 5556 5554
f 5553 5555 5554
f 5553 5554 5552
f 5551 5553 5552
f 5551 5552 5550
f 5542 5551 5550
f 5542 5550 5549
f 5543 5542 5549
f 5548 5542 5547
f 5547 5542 5546
f 5546 5542 5545
f 5557 5558 5556
f 5544 5542 5541
f 5541 5542 5543
f 5538 276 5537
f 5538 5537 5539
f 5538 5539 5540
f 276 5536 5537
f 5534 5532 5535
f 5534 5533 5532
f 5531 5532 5533
f 5529 5527 5530
f 5529 5525 5527
f 5568 5571 5572
f 5584 5585 5582
f 5582 5583 5579
f 5579 5580 5581
f 5566 5568 5578
f 5566 5567 5568
f 5578 5568 5577
f 5577 5568 5576
f 5576 5568 5575
f 5568 5574 5575
f 5568 5573 5574
f 5568 5572 5573
f 5528 5529 5530
f 5568 5570 5571
f 5568 5569 5570
f 5565 5567 5566
f 5565 5566 5564
f 5563 5565 5564
f 5563 5564 5562
f 5561 5563 5562
f 5561 5562 5560
f 5559 5561 5560
f 5559 5560 5558
f 5557 5559 5558
f 5485 5477 5484
f 5496 5495 5488
f 5496 5488 5487
f 5495 5494 5488
f 5494 5493 5488
f 5493 5492 5488
f 5492 5491 5488
f 5491 5489 5488
f 5489 5490 5488
f 5488 5477 5487
f 5487 5477 5486
f 5486 5477 5485
f 252 5497 5498
f 5477 5483 5484
f 5477 5482 5483
f 5477 5481 5482
f 5477 5480 5481
f 5477 5479 5480
f 5477 5478 5479
f 5473 5476 5474
f 5473 5474 5475
f 5472 5471 5464
f 5472 5464 5463
f 5471 5470 5464
f 5512 5511 5509
f 5524 5527 5525
f 5524 5525 5526
f 5523 5520 5522
f 5520 5521 5522
f 5519 5509 5518
f 5519 5517 5509
f 5518 5509 5515
f 5517 5514 5509
f 5515 5509 5516
f 5514 5513 5509
f 5513 5512 5509
f 5363 5345 5361
f 5509 5501 5500
f 5509 5511 5510
f 5509 5510 5501
f 5500 5507 5508
f 5500 5506 5507
f 5500 5505 5506
f 5500 5504 5505
f 5500 5503 5504
f 5500 5502 5503
f 5500 5501 5502
f 5499 252 5498
f 5259 5248 5250
f 5263 5262 5256
f 5263 5254 5262
f 5263 5253 5254
f 5263 5256 5253
f 5262 5254 5256
f 5261 5251 5252
f 5261 5254 5251
f 5261 5252 5260
f 5261 5260 5254
f 5260 5252 5254
f 5259 5250 5258
f 5259 5258 5252
f 5264 5256 5265
f 5259 5252 5248
f 5258 5250 5252
f 5204 5257 5205
f 5255 5253 5256
f 5253 5251 5254
f 5251 5248 5252
f 5248 5249 5250
f 5246 5247 5237
f 5237 5247 5245
f 5244 5246 5237
f 5237 5245 5242
f 5274 5271 5270
f 5280 5276 5257
f 5277 5275 5276
f 5277 5273 5275
f 5277 5274 5273
f 5277 5271 5274
f 5277 5279 5271
f 5277 5278 5279
f 5275 5273 5276
f 5274 5272 5273
f 5274 5269 5272
f 5274 5270 5269
f 5243 5244 5237
f 5272 5269 5273
f 5270 5268 5269
f 5270 5266 5265
f 5270 5267 5266
f 5270 5265 5268
f 5270 5271 5267
f 5268 5265 5269
f 5266 5255 5256
f 5266 5264 5265
f 5266 5256 5264
f 5266 5267 5255
f 5202 5201 5203
f 5219 5218 5210
f 5218 5217 5210
f 5217 5216 5210
f 5216 5215 5210
f 5215 5213 5210
f 5213 5214 5210
f 5210 5211 5212
f 5209 5208 5207
f 5208 5204 5207
f 5204 5206 5207
f 5204 5205 5206
f 5200 5188 5190
f 5220 5210 5212
f 5199 5201 5202
f 5199 5200 5201
f 5199 5188 5200
f 5198 5192 5191
f 5198 5195 5192
f 5198 5193 5195
f 5193 5197 5194
f 5196 5197 5193
f 5193 5194 5195
f 5191 5192 5189
f 5822 5823 4960
f 5230 5231 5232
f 5237 5242 5241
f 5237 5241 5240
f 5235 5237 5236
f 5239 5237 5240
f 5238 5237 5239
f 5236 5237 5238
f 5233 5235 5234
f 5234 5235 5236
f 5231 5233 5232
f 5232 5233 5234
f 5229 5231 5230
f 5280 5257 5204
f 5227 5229 5228
f 5228 5229 5230
f 5225 5227 5226
f 5226 5227 5228
f 5223 5225 5224
f 5224 5225 5226
f 5221 5223 5222
f 5222 5223 5224
f 5211 5221 5212
f 5212 5221 5222
f 5220 5219 5210
f 5347 5331 5333
f 5352 5334 5335
f 5352 5337 5334
f 5351 5335 5337
f 5350 5333 5349
f 5350 5349 5335
f 5350 5332 5333
f 5350 5335 5332
f 5349 5333 5335
f 5348 5331 5347
f 5348 5347 5333
f 5348 5329 5331
f 5348 5333 5329
f 5352 5335 5351
f 5282 5346 5283
f 5344 5342 5345
f 5342 5340 5343
f 5340 5338 5341
f 5338 5336 5339
f 5336 5334 5337
f 5334 5332 5335
f 5332 5329 5333
f 5329 5330 5331
f 5289 5328 5290
f 5290 5328 5327
f 5357 5341 5343
f 5363 5344 5345
f 5361 5345 5362
f 5360 5359 5345
f 5360 5343 5359
f 5360 5345 5342
f 5360 5342 5343
f 5359 5343 5345
f 5358 5357 5343
f 5358 5343 5340
f 5358 5340 5341
f 5358 5341 5357
f 5328 5326 5327
f 5356 5338 5339
f 5356 5341 5338
f 5356 5355 5341
f 5356 5339 5355
f 5355 5339 5341
f 5354 5353 5339
f 5354 5337 5353
f 5354 5336 5337
f 5354 5339 5336
f 5353 5337 5339
f 5352 5351 5337
f 5288 5289 5290
f 5301 5302 5303
f 5300 5288 5299
f 5300 5298 5288
f 5299 5288 5296
f 5298 5295 5288
f 5296 5288 5297
f 5295 5294 5288
f 5294 5293 5288
f 5293 5291 5288
f 5288 5292 5289
f 5288 5291 5292
f 5301 5303 5304
f 5287 5285 5286
f 5285 5282 5284
f 5285 5284 5286
f 5282 5283 5284
f 5281 5277 5276
f 5281 5278 5277
f 5281 5280 5204
f 5281 5276 5280
f 5281 5204 5208
f 5281 5208 5209
f 5281 5209 5278
f 5316 5314 5315
f 5327 5326 5325
f 5326 5324 5325
f 5325 5324 5323
f 5324 5322 5323
f 5323 5322 5321
f 5322 5320 5321
f 5321 5320 5319
f 5320 5318 5319
f 5319 5318 5317
f 5318 5316 5317
f 5317 5316 5315
f 4958 5823 5822
f 5315 5314 5313
f 5314 5312 5313
f 5313 5312 5311
f 5312 5310 5311
f 5310 5309 5301
f 5310 5301 5311
f 5309 5308 5301
f 5308 5302 5301
f 5301 5306 5307
f 5301 5305 5306
f 5301 5304 5305
f 5764 5770 5769
f 5772 5778 5776
f 5772 5776 5777
f 5769 5775 5774
f 4951 5775 5770
f 5770 5775 5769
f 4978 5775 4951
f 5768 5774 5773
f 5769 5774 5768
f 5771 5773 5772
f 5767 5773 5771
f 5768 5773 5767
f 5767 5771 5772
f 5773 5778 5772
f 5765 5770 5764
f 4951 5770 5765
f 5762 5769 5768
f 5764 5769 5762
f 5766 5768 5767
f 5762 5768 5766
f 5762 5766 5767
f 5759 5765 5764
f 5760 5765 5759
f 4955 5765 5760
f 4953 5765 4955
f 5777 5782 5781
f 5779 5784 5783
f 4967 5784 4974
f 4966 5784 4967
f 5720 5784 4966
f 5780 5784 5779
f 5778 5783 5782
f 5779 5783 5778
f 5782 5783 5716
f 5716 5783 5718
f 5718 5783 5720
f 5781 5782 5714
f 4951 5765 4953
f 5714 5782 5716
f 5778 5782 5777
f 5736 5781 5714
f 5777 5781 5736
f 4978 5780 5775
f 5775 5780 5774
f 4974 5780 4978
f 5774 5780 5779
f 5773 5779 5778
f 5774 5779 5773
f 5776 5778 5777
f 4963 5745 5740
f 5751 5753 5752
f 5747 5751 5752
f 4959 5750 5745
f 5745 5750 5742
f 5742 5750 5749
f 5748 5749 5747
f 5742 5749 5748
f 5742 5748 5746
f 5746 5748 5747
f 5742 5746 5747
f 5744 5745 5742
f 5738 5745 5744
f 5747 5753 5751
f 4961 5745 4963
f 4959 5745 4961
f 5740 5745 5738
f 5738 5744 5743
f 5743 5744 5742
f 5741 5743 5742
f 5738 5743 5741
f 5738 5741 5742
f 5739 5740 5738
f 5731 5740 5739
f 4964 5740 5731
f 5754 5759 5752
f 5759 5764 5757
f 5757 5764 5763
f 5763 5764 5762
f 5761 5763 5762
f 5757 5763 5761
f 5757 5761 5762
f 4957 5760 5755
f 5755 5760 5754
f 5754 5760 5759
f 4955 5760 4957
f 5752 5759 5758
f 5783 5784 5720
f 5758 5759 5757
f 5756 5758 5757
f 5752 5758 5756
f 5752 5756 5757
f 4959 5755 5750
f 5749 5755 5754
f 4957 5755 4959
f 5750 5755 5749
f 5753 5754 5752
f 5747 5754 5753
f 5749 5754 5747
f 4952 5811 4949
f 5813 5816 5812
f 5812 5815 4936
f 4936 5815 4934
f 4954 5814 4952
f 5813 5814 4954
f 4952 5814 5813
f 5810 5813 5809
f 5809 5813 5812
f 4952 5813 5810
f 5809 5812 4938
f 4938 5812 4936
f 4949 5811 5808
f 5812 5816 5815
f 5810 5811 4952
f 5807 5811 5810
f 5808 5811 5807
f 5807 5810 5806
f 5806 5810 5809
f 5806 5809 4940
f 4940 5809 4938
f 5804 5808 5807
f 4950 5808 5805
f 5805 5808 5804
f 4949 5808 4950
f 4956 5820 5819
f 5586 5585 5584
f 4960 5823 4958
f 5792 5822 4960
f 5821 5822 5792
f 5819 5822 5821
f 4958 5822 5819
f 5819 5821 5818
f 5818 5821 4932
f 4929 5821 5792
f 4930 5821 4929
f 4932 5821 4930
f 5803 5807 5806
f 5819 5820 4958
f 4958 5820 4956
f 5816 5819 5818
f 4956 5819 5816
f 5815 5818 4934
f 5816 5818 5815
f 4934 5818 4932
f 5816 5817 4956
f 4956 5817 4954
f 4954 5817 5816
f 4954 5816 5813
f 4960 4962 5793
f 5794 5798 5797
f 5794 5797 4948
f 4948 5797 4946
f 5788 5796 5795
f 4970 5796 4971
f 4971 5796 5786
f 5786 5796 5788
f 5790 5795 5794
f 5788 5795 5790
f 4919 5794 4948
f 5790 5794 4919
f 5795 5798 5794
f 4960 5793 5791
f 4960 5791 5792
f 5790 4919 4918
f 5788 5790 5789
f 5789 5790 4918
f 5786 5788 5787
f 5787 5788 5789
f 4971 5786 5785
f 5785 5786 5787
f 4995 4971 5785
f 4974 5784 5780
f 4976 5802 5799
f 5804 5807 5803
f 5803 5806 4942
f 4942 5806 4940
f 4980 5805 5802
f 5802 5805 5801
f 5801 5805 5804
f 4950 5805 4980
f 5801 5804 5800
f 5800 5804 5803
f 5800 5803 4944
f 4944 5803 4942
f 5587 5536 5588
f 5799 5802 5798
f 5798 5802 5801
f 4980 5802 4976
f 5797 5801 5800
f 5798 5801 5797
f 5797 5800 4946
f 4946 5800 4944
f 5795 5799 5798
f 4970 5799 5796
f 5796 5799 5795
f 4976 5799 4970
f 5628 5620 5619
f 5640 5638 5639
f 5639 5638 5637
f 5638 5636 5637
f 5637 5636 5635
f 5636 5634 5635
f 5635 5634 5633
f 5634 5632 5633
f 5632 5630 5631
f 5632 5631 5633
f 5630 5629 5631
f 5630 5628 5629
f 5629 5628 5619
f 5641 5640 5639
f 5619 5626 5627
f 5619 5625 5626
f 5619 5624 5625
f 5619 5623 5624
f 5619 5622 5623
f 5619 5621 5622
f 5619 5620 5621
f 5617 5613 5616
f 5617 5616 5618
f 5613 5615 5616
f 5613 5614 5615
f 5654 5649 5653
f 5670 5671 5668
f 5668 5669 5666
f 5666 5667 5664
f 5664 5665 5662
f 5662 5663 5659
f 5659 5660 5661
f 5658 5649 5657
f 5658 5648 5649
f 5657 5649 5656
f 5656 5649 5655
f 5655 5649 5654
f 5612 5583 5611
f 5653 5649 5652
f 5652 5649 5650
f 5650 5649 5651
f 5649 5648 5647
f 5648 5646 5647
f 5647 5646 5645
f 5646 5644 5645
f 5645 5644 5643
f 5644 5642 5643
f 5643 5642 5641
f 5642 5640 5641
f 5593 5589 5587
f 5601 5602 5598
f 5599 5595 5596
f 5599 5598 5595
f 5599 5596 5600
f 5597 5595 5598
f 5597 5594 5595
f 5597 5598 5594
f 5595 5591 5592
f 5595 5594 5591
f 5595 5592 5596
f 5593 5590 5589
f 5601 5599 5602
f 5593 5591 5594
f 5593 5587 5591
f 5593 5594 5590
f 5591 5587 5588
f 5591 5588 5592
f 5589 5537 5587
f 5589 5539 5537
f 5589 5540 5539
f 5589 5590 5540
f 5587 5537 5536
f 4963 5740 4964
f 5608 5580 5606
f 5612 5611 5585
f 5612 5585 5583
f 5611 5582 5585
f 5611 5583 5582
f 5610 5580 5609
f 5610 5609 5583
f 5610 5583 5580
f 5609 5579 5583
f 5609 5580 5579
f 5608 5606 5607
f 5608 5607 5580
f 5731 5739 5737
f 5607 5581 5580
f 5607 5606 5603
f 5607 5603 5604
f 5607 5604 5581
f 5605 5602 5603
f 5605 5603 5606
f 5605 5606 5602
f 5603 5599 5600
f 5603 5602 5599
f 5603 5600 5604
f 5601 5598 5599
f 5707 5705 5704
f 5714 5716 5715
f 5715 5716 5717
f 5709 5714 5710
f 5710 5714 5715
f 5705 5709 5706
f 5706 5709 5713
f 5713 5709 5712
f 5712 5709 5711
f 5711 5709 5708
f 5708 5709 5710
f 5701 5705 5702
f 5702 5705 5707
f 5717 5718 5719
f 5704 5705 5706
f 5701 5702 5703
f 5700 5673 5671
f 5700 5671 5699
f 5700 5699 5673
f 5699 5670 5673
f 5699 5671 5670
f 5698 5669 5697
f 5698 5697 5671
f 5698 5671 5669
f 5697 5668 5671
f 5724 5730 5729
f 5672 5673 5670
f 5737 5739 5738
f 5731 5737 5738
f 5736 5714 5709
f 5736 5709 5705
f 5735 4964 5731
f 5734 5735 5731
f 5733 5734 5731
f 5732 5733 5731
f 5730 5732 5731
f 5723 5730 5724
f 5674 5673 5672
f 5729 5730 5731
f 5728 5723 5727
f 5727 5723 5726
f 5726 5723 5725
f 5725 5723 5722
f 5722 5723 5724
f 5720 4966 5721
f 5721 4966 4996
f 5718 5720 5719
f 5719 5720 5721
f 5716 5718 5717
f 5681 5679 5682
f 5687 5686 5683
f 5687 5683 5661
f 5685 5682 5683
f 5685 5683 5686
f 5685 5686 5682
f 5683 5679 5680
f 5683 5682 5679
f 5683 5684 5661
f 5683 5680 5684
f 5681 5677 5675
f 5681 5678 5677
f 5696 5667 5695
f 5681 5675 5679
f 5681 5682 5678
f 5679 5675 5676
f 5679 5676 5680
f 5677 5615 5675
f 5677 5618 5616
f 5677 5616 5615
f 5677 5678 5618
f 5675 5615 5614
f 5675 5614 5676
f 5697 5669 5668
f 5688 5660 5686
f 5687 5661 5660
f 5696 5695 5669
f 5696 5669 5667
f 5695 5666 5669
f 5695 5667 5666
f 5694 5665 5693
f 5694 5693 5667
f 5694 5667 5665
f 5693 5664 5667
f 5693 5665 5664
f 5692 5663 5691
f 5692 5665 5663
f 5692 5691 5665
f 5688 5686 5687
f 5688 5687 5660
f 5689 5660 5659
f 5689 5659 5663
f 5690 5689 5663
f 5690 5660 5689
f 5691 5663 5662
f 5691 5662 5665
f 5690 5663 5660
f 4643 4644 6489
f 4642 6386 4645
f 4645 4643 4642
f 5531 5524 5526
f 5526 5532 5531

