# https://github.com/mikedh/trimesh
v 7.44277706 3.18387485 -9.64143941
v 7.45031108 3.26339626 -9.69302175
v 7.44330349 3.21401405 -9.71719167
v 7.46925869 3.31013680 -9.67003438
v 7.44943752 3.21416497 -9.48025701
v 7.44245281 3.16541219 -9.56155202
v 7.44234600 3.15925789 -9.48025701
v 7.46843853 3.26616526 -9.48025701
v 7.69273891 3.41811514 -9.56682012
v 7.63818111 3.42896485 -9.61057469
v 7.58580913 3.41284943 -9.61889073
v 7.69326534 3.43430090 -9.60750005
v 7.58496227 3.38067508 -9.48025701
v 7.69241466 3.40819979 -9.52391622
v 7.63728847 3.39876485 -9.48025701
v 7.69230785 3.40489483 -9.48025701
v 7.51744213 3.34989119 -9.58899114
v 7.49921932 3.35193825 -9.64937016
v 7.53871288 3.38674617 -9.63203618
v 7.51717128 3.33742476 -9.53527638
v 7.49841442 3.31270885 -9.48025701
v 7.53790416 3.35151315 -9.48025701
v 7.44330349 3.21401572 -6.10610005
v 7.45142498 3.32617664 -6.17530629
v 7.44453182 3.28436065 -6.21116063
v 7.47030391 3.36571598 -6.14122197
v 7.44935741 3.20971537 -5.86025807
v 7.44252910 3.16961026 -5.98582265
v 7.44226970 3.15480828 -5.86025807
v 7.46835842 3.26171565 -5.86025807
v 7.69326534 3.43224192 -5.99228475
v 7.63932933 3.46574163 -6.05318639
v 7.58688488 3.45230579 -6.06545445
v 7.69449367 3.47001958 -6.04870412
v 7.63720836 3.39431524 -5.86025807
v 7.69249096 3.40839434 -5.92769048
v 7.58488597 3.37622571 -5.86025807
v 7.69223156 3.40044522 -5.86025807
v 7.51786937 3.36878514 -6.02576253
v 7.50023403 3.40102887 -6.11058614
v 7.53974285 3.43037462 -6.08490941
v 7.51722469 3.33901882 -5.94549367
v 7.49833812 3.30825925 -5.86025807
v 7.53782405 3.34706354 -5.86025807
v 5.21396007 3.21401572 -0.18544194
v 5.14475002 3.32617664 -0.19356343
v 5.10889949 3.28436065 -0.18667027
v 5.17883434 3.36571598 -0.21244237
v 5.45980205 3.20971537 -0.19149968
v 5.33423366 3.16961026 -0.18466756
v 5.45980205 3.15480828 -0.18440816
v 5.45980205 3.26171565 -0.21049687
v 5.32777538 3.43224192 -0.43540380
v 5.26687374 3.46574163 -0.38146779
v 5.25460567 3.45230579 -0.32902333
v 5.27135219 3.47001958 -0.43663213
v 5.45980205 3.39431524 -0.37934682
v 5.39236583 3.40839434 -0.43462941
v 5.45980205 3.37622571 -0.32702443
v 5.45980205 3.40044522 -0.43437001
v 5.29429760 3.36878514 -0.26000783
v 5.20947399 3.40102887 -0.24237248
v 5.23515071 3.43037462 -0.28188130
v 5.37456264 3.33901882 -0.25936315
v 5.45980205 3.30825925 -0.24047658
v 5.45980205 3.34706354 -0.27996251
v 2.08484401 3.21805739 -15.16021916
v 2.15393962 3.32984662 -15.15210530
v 2.18968715 3.28794265 -15.15899846
v 2.11995449 3.36946964 -15.13322637
v 1.83980312 3.21416497 -15.15415761
v 1.96494045 3.17395782 -15.16098973
v 1.83980312 3.15925789 -15.16124532
v 1.83980312 3.26616526 -15.13515660
v 1.97139873 3.43647242 -14.91025731
v 2.03217067 3.46971345 -14.96420094
v 2.04440441 3.45624661 -15.01664540
v 2.02770366 3.47400331 -14.90903661
v 1.83980312 3.39876485 -14.96630666
v 1.90700664 3.41278911 -14.91102788
v 1.83980312 3.38067508 -15.01862905
v 1.83980312 3.40489483 -14.91128346
v 2.00477352 3.37296033 -15.08564946
v 2.08940639 3.40485787 -15.10329244
v 2.06380214 3.43426681 -15.06378362
v 1.92474498 3.34339643 -15.08629033
v 1.83980312 3.31270885 -15.10517690
v 1.83980312 3.35151315 -15.06569097
v -19.04302750 3.21401572 -6.10610005
v -19.03490601 3.32617664 -6.17530629
v -19.04179917 3.28436065 -6.21116063
v -19.01602707 3.36571598 -6.14122197
v -19.03697167 3.20971537 -5.86025807
v -19.04380284 3.16961026 -5.98582265
v -19.04406128 3.15480828 -5.86025807
v -19.01797161 3.26171565 -5.86025807
v -18.79306565 3.43224192 -5.99228475
v -18.79183731 3.47001958 -6.04870412
v -18.84700261 3.46574163 -6.05318639
v -18.89944706 3.45230579 -6.06545445
v -18.84912167 3.39431524 -5.86025807
v -18.79384098 3.40839434 -5.92769048
v -18.90144501 3.37622571 -5.86025807
v -18.79409848 3.40044522 -5.86025807
v -18.96846066 3.36878514 -6.02576253
v -18.94658623 3.43037462 -6.08490941
v -18.98609600 3.40102887 -6.11058614
v -18.96910439 3.33901882 -5.94549367
v -18.98799286 3.30825925 -5.86025807
v -18.94850502 3.34706354 -5.86025807
v -19.04355393 3.18387485 -9.64143941
v -19.03602085 3.26339626 -9.69302175
v -19.04302750 3.21401405 -9.71719167
v -19.01707230 3.31013680 -9.67003438
v -19.03689347 3.21416497 -9.48025701
v -19.04387532 3.16541219 -9.56155202
v -19.04398308 3.15925789 -9.48025701
v -19.01789341 3.26616526 -9.48025701
v -18.79359112 3.41811514 -9.56682012
v -18.79306565 3.43430090 -9.60750005
v -18.84814797 3.42896485 -9.61057469
v -18.90052281 3.41284943 -9.61889073
v -18.90136776 3.38067508 -9.48025701
v -18.79391346 3.40819979 -9.52391622
v -18.84904347 3.39876485 -9.48025701
v -18.79402123 3.40489483 -9.48025701
v -18.96888791 3.34989119 -9.58899114
v -18.94761620 3.38674617 -9.63203618
v -18.98711262 3.35193825 -9.64937016
v -18.96915779 3.33742476 -9.53527638
v -18.98791466 3.31270885 -9.48025701
v -18.94842778 3.35151315 -9.48025701
v -9.58266697 3.17915845 -15.16089818
v -9.53131352 3.25841904 -15.15336797
v -9.50726567 3.20897746 -15.16037557
v -9.55418072 3.30521607 -15.13442037
v -9.74299488 3.20971537 -15.15423390
v -9.66214047 3.16089582 -15.16121480
v -9.74299488 3.15480828 -15.16132161
v -9.74299488 3.26171565 -15.13523290
v -9.65689335 3.41352224 -14.91093633
v -9.61333905 3.42419171 -14.96549794
v -9.60506688 3.40805507 -15.01786992
v -9.61639843 3.42953610 -14.91041371
v -9.74299488 3.37622571 -15.01870915
v -9.69957219 3.40371442 -14.91125295
v -9.74299488 3.39431524 -14.96638295
v -9.74299488 3.40044522 -14.91135976
v -9.63483677 3.34526110 -15.08623311
v -9.57474194 3.34706831 -15.10445973
v -9.59198628 3.38191891 -15.06496617
v -9.68827305 3.33292890 -15.08649632
v -9.74299488 3.30825925 -15.10525319
v -9.74299488 3.34706354 -15.06576726
v -13.11795102 3.21805739 -15.16021916
v -13.04885731 3.32984662 -15.15210530
v -13.01310978 3.28794265 -15.15899846
v -13.08284245 3.36946964 -15.13322637
v -13.36299382 3.21416497 -15.15415761
v -13.23785649 3.17395782 -15.16098973
v -13.36299382 3.15925789 -15.16124532
v -13.36299382 3.26616526 -15.13515660
v -13.23139820 3.43647242 -14.91025731
v -13.17062436 3.46971345 -14.96420094
v -13.15839062 3.45624661 -15.01664540
v -13.17509327 3.47400331 -14.90903661
v -13.36299382 3.39876485 -14.96630666
v -13.29579029 3.41278911 -14.91102788
v -13.36299382 3.38067508 -15.01862905
v -13.36299382 3.40489483 -14.91128346
v -13.19802342 3.37296033 -15.08564946
v -13.11339054 3.40485787 -15.10329244
v -13.13899289 3.43426681 -15.06378362
v -13.27805004 3.34339643 -15.08629033
v -13.36299382 3.31270885 -15.10517690
v -13.36299382 3.35151315 -15.06569097
v -13.11795102 3.21805739 -3.87668416
v -13.04885731 3.32984662 -3.86857030
v -13.01310978 3.28794265 -3.87546346
v -13.08284245 3.36946964 -3.84969136
v -13.36299382 3.21416497 -3.87062261
v -13.23785649 3.17395782 -3.87745473
v -13.36299382 3.15925789 -3.87771031
v -13.36299382 3.26616526 -3.85162160
v -13.23139820 3.43647242 -3.62672231
v -13.17509327 3.47400331 -3.62550160
v -13.17062436 3.46971345 -3.68066594
v -13.15839062 3.45624661 -3.73311040
v -13.36299382 3.39876485 -3.68277165
v -13.29579029 3.41278911 -3.62749288
v -13.36299382 3.38067508 -3.73509404
v -13.36299382 3.40489483 -3.62774846
v -13.19802342 3.37296033 -3.80211827
v -13.13899289 3.43426681 -3.78024861
v -13.11339054 3.40485787 -3.81975743
v -13.27805004 3.34339643 -3.80275533
v -13.36299382 3.31270885 -3.82164189
v -13.36299382 3.35151315 -3.78215596
v -9.58266697 3.17915845 -3.87736318
v -9.53131352 3.25841904 -3.86983678
v -9.50726567 3.20897746 -3.87684438
v -9.55418072 3.30521607 -3.85088536
v -9.74299488 3.20971537 -3.87069890
v -9.66214047 3.16089582 -3.87768361
v -9.74299488 3.15480828 -3.87779042
v -9.74299488 3.26171565 -3.85169789
v -9.65689335 3.41352224 -3.62740132
v -9.61639843 3.42953610 -3.62688252
v -9.61333905 3.42419171 -3.68196294
v -9.60506688 3.40805507 -3.73433873
v -9.74299488 3.37622571 -3.73517415
v -9.69957219 3.40371442 -3.62772176
v -9.74299488 3.39431524 -3.68284795
v -9.74299488 3.40044522 -3.62782857
v -9.63483677 3.34526110 -3.80269811
v -9.59198628 3.38191891 -3.78143117
v -9.57474194 3.34706831 -3.82092854
v -9.68827305 3.33292890 -3.80296514
v -9.74299488 3.30825925 -3.82172200
v -9.74299488 3.34706354 -3.78223226
v -15.35178433 -4.11805725 -6.11051747
v -15.35990010 -4.22984648 -6.17961308
v -15.35300503 -4.18794250 -6.21536061
v -15.37877903 -4.26946974 -6.14562795
v -15.35784779 -4.11416483 -5.86547658
v -15.35101567 -4.07395792 -5.99061391
v -15.35075817 -4.05925798 -5.86547658
v -15.37684689 -4.16616535 -5.86547658
v -15.60174618 -4.33647251 -5.99707219
v -15.54780255 -4.36971331 -6.05784413
v -15.49535809 -4.35624647 -6.07007787
v -15.60296688 -4.37400341 -6.05337712
v -15.54569683 -4.29876471 -5.86547658
v -15.60097752 -4.31278896 -5.93268010
v -15.49337445 -4.28067493 -5.86547658
v -15.60072003 -4.30489492 -5.86547658
v -15.42635212 -4.27296019 -6.03044698
v -15.40871106 -4.30485773 -6.11507985
v -15.44821988 -4.33426666 -6.08947560
v -15.42571316 -4.24339628 -5.95041844
v -15.40682660 -4.21270895 -5.86547658
v -15.44631443 -4.25151300 -5.86547658
v -15.35110531 -4.07915831 -9.64580342
v -15.35863362 -4.15841913 -9.69715306
v -15.35162602 -4.10897732 -9.72120473
v -15.37758313 -4.20521593 -9.67428777
v -15.35776959 -4.10971546 -9.48547551
v -15.35078679 -4.06089592 -9.56632802
v -15.35067997 -4.05480814 -9.48547551
v -15.37677060 -4.16171551 -9.48547551
v -15.60106717 -4.31352234 -9.57157704
v -15.60158787 -4.32953596 -9.61207005
v -15.54650555 -4.32419157 -9.61512944
v -15.49413166 -4.30805492 -9.62340352
v -15.49329625 -4.27622557 -9.48547551
v -15.60074864 -4.30371428 -9.52889821
v -15.54562054 -4.29431534 -9.48547551
v -15.60064183 -4.30044508 -9.48547551
v -15.42577229 -4.24526119 -9.59362981
v -15.44703923 -4.28191900 -9.63648412
v -15.40754185 -4.24706841 -9.65372655
v -15.42550526 -4.23292875 -9.54019353
v -15.40674839 -4.20825911 -9.48547551
v -15.44623623 -4.24706364 -9.48547551
v 5.61576595 -4.08387470 -0.18491551
v 5.66734829 -4.16339636 -0.19244954
v 5.69151821 -4.11401415 -0.18544194
v 5.64436092 -4.21013689 -0.21139714
v 5.45458355 -4.11416483 -0.19157598
v 5.53587856 -4.06541204 -0.18459508
v 5.45458355 -4.05925798 -0.18448445
v 5.45458355 -4.16616535 -0.21057698
v 5.54114666 -4.31811523 -0.43487737
v 5.58490123 -4.32896471 -0.38031957
v 5.59321727 -4.31284952 -0.32794759
v 5.58182659 -4.33430099 -0.43540380
v 5.45458355 -4.28067493 -0.32710073
v 5.49824276 -4.30819988 -0.43455693
v 5.45458355 -4.29876471 -0.37942693
v 5.45458355 -4.30489492 -0.43444631
v 5.56331768 -4.24989128 -0.25958058
v 5.62369670 -4.25193834 -0.24135777
v 5.60636272 -4.28674603 -0.28085134
v 5.50960292 -4.23742485 -0.25931355
v 5.45458355 -4.21270895 -0.24055287
v 5.45458355 -4.25151300 -0.28004262
v 1.67425670 -4.07915831 -3.87736318
v 1.62290325 -4.15841913 -3.86983678
v 1.59885540 -4.10897732 -3.87684438
v 1.64576854 -4.20521593 -3.85088536
v 1.83458461 -4.10971546 -3.87069890
v 1.75372829 -4.06089592 -3.87768361
v 1.83458461 -4.05480814 -3.87779042
v 1.83458461 -4.16171551 -3.85169789
v 1.74848308 -4.31352234 -3.62740132
v 1.70799007 -4.32953596 -3.62688252
v 1.70492687 -4.32419157 -3.68196294
v 1.69665660 -4.30805492 -3.73433873
v 1.83458461 -4.27622557 -3.73517415
v 1.79116191 -4.30371428 -3.62772176
v 1.83458461 -4.29431534 -3.68284795
v 1.83458461 -4.30044508 -3.62782857
v 1.72642650 -4.24526119 -3.80269811
v 1.68357601 -4.28191900 -3.78143117
v 1.66632976 -4.24706841 -3.82092854
v 1.77986278 -4.23292875 -3.80296514
v 1.83458461 -4.20825911 -3.82172200
v 1.83458461 -4.24706364 -3.78223226
v 5.61576595 -4.08387470 -11.46845052
v 5.66734829 -4.16339636 -11.47598454
v 5.69151821 -4.11401415 -11.46897695
v 5.64436092 -4.21013689 -11.49493215
v 5.45458355 -4.11416483 -11.47511098
v 5.53587856 -4.06541204 -11.46812627
v 5.45458355 -4.05925798 -11.46801946
v 5.45458355 -4.16616535 -11.49410817
v 5.54114666 -4.31811523 -11.71841237
v 5.58182659 -4.33430099 -11.71893880
v 5.58490123 -4.32896471 -11.66385457
v 5.59321727 -4.31284952 -11.61147878
v 5.45458355 -4.28067493 -11.61063573
v 5.49824276 -4.30819988 -11.71808812
v 5.45458355 -4.29876471 -11.66295812
v 5.45458355 -4.30489492 -11.71798131
v 5.56331768 -4.24989128 -11.54311559
v 5.60636272 -4.28674603 -11.56438634
v 5.62369670 -4.25193834 -11.52488896
v 5.50960292 -4.23742485 -11.54284474
v 5.45458355 -4.21270895 -11.52408788
v 5.45458355 -4.25151300 -11.56357762
v 1.67425670 -4.07915831 -15.16089818
v 1.62290325 -4.15841913 -15.15336797
v 1.59885540 -4.10897732 -15.16037557
v 1.64576854 -4.20521593 -15.13442037
v 1.83458461 -4.10971546 -15.15423390
v 1.75372829 -4.06089592 -15.16121480
v 1.83458461 -4.05480814 -15.16132161
v 1.83458461 -4.16171551 -15.13523290
v 1.74848308 -4.31352234 -14.91093633
v 1.70799007 -4.32953596 -14.91041371
v 1.70492687 -4.32419157 -14.96549794
v 1.69665660 -4.30805492 -15.01786992
v 1.83458461 -4.27622557 -15.01870915
v 1.79116191 -4.30371428 -14.91125295
v 1.83458461 -4.29431534 -14.96638295
v 1.83458461 -4.30044508 -14.91135976
v 1.72642650 -4.24526119 -15.08623311
v 1.68357601 -4.28191900 -15.06496617
v 1.66632976 -4.24706841 -15.10445973
v 1.77986278 -4.23292875 -15.08649632
v 1.83458461 -4.20825911 -15.10525319
v 1.83458461 -4.24706364 -15.06576726
v 2.66278972 -5.30209303 -14.76576421
v 3.05381527 -5.40785980 -14.76415441
v 3.05381527 -5.40785980 -11.86511418
v 2.66278972 -5.30209303 -11.86350057
v 2.28971614 -5.14427280 -11.86109731
v 2.28971614 -5.14427280 -14.76816747
v 2.29207744 -5.13715410 -11.78668782
v 3.05594387 -5.39748955 -11.77694890
v 2.75965252 -4.93999815 -11.48339269
v 2.39999523 -4.77981806 -11.48059651
v 2.37365093 -4.86456060 -11.49223134
v 3.13937130 -5.04403543 -11.48520848
v 3.12047329 -5.11511755 -11.49379537
v 2.53488674 -5.13683367 -11.59598729
v 2.34943905 -4.94408083 -11.52329823
v 2.32816829 -5.01515245 -11.57258412
v 2.31078853 -5.07397270 -11.63821980
v 2.29836025 -5.11613274 -11.71574971
v 2.80753460 -5.23418093 -11.59760854
v 3.06195964 -5.36763191 -11.69395635
v 3.07188549 -5.32027578 -11.62029454
v 3.08575954 -5.25760412 -11.56007192
v 3.10337581 -5.18318653 -11.51629445
v 6.29689922 -3.87284350 -11.84173390
v 5.99599590 -4.33502722 -11.84877583
v 5.99599590 -4.33502722 -14.78049275
v 6.33896770 -3.78978562 -14.78879354
v 6.50889721 -3.35852242 -11.83390233
v 6.55856456 -3.17606521 -14.79814336
v 6.62107601 -2.81854582 -11.82567784
v 6.63934841 -2.53700829 -14.80787465
v 6.63365306 -2.67628860 -11.81320378
v 6.63934841 -2.53700829 -11.77975270
v 5.97266140 -4.31786442 -11.70402333
v 5.98983898 -4.33084345 -11.77480123
v 5.95732631 -3.70875406 -11.46190068
v 5.76419963 -4.16436100 -11.48049352
v 5.83172359 -4.21261501 -11.51196477
v 6.61146679 -2.81893754 -11.74123570
v 6.58345165 -2.81718230 -11.66102025
v 6.32738628 -2.79192924 -11.45540425
v 6.14456691 -3.25710034 -11.45401952
v 6.40711345 -2.80041718 -11.48359105
v 6.24346294 -2.78264523 -11.44573781
v 6.19425716 -3.83031631 -11.57424733
v 5.89087810 -4.25605106 -11.56141469
v 5.93853511 -4.29190063 -11.62665364
v 6.39977016 -3.33566546 -11.56601521
v 6.53843059 -2.81336761 -11.58903691
v 6.47865429 -2.80768442 -11.52889058
v 6.60168590 -2.53922772 -14.97269628
v 6.62980022 -2.53831697 -14.89240453
v 6.18811550 -3.09795642 -15.17802617
v 6.25940456 -2.53700829 -15.18781468
v 6.34393444 -2.53831697 -15.17826650
v 6.42422618 -2.53922772 -15.15015599
v 5.98722972 -4.32889938 -14.86900136
v 5.96277370 -4.31033182 -14.95228383
v 5.75232448 -4.15601826 -15.15214726
v 5.99421825 -3.63639784 -15.16862676
v 5.80989971 -4.19686699 -15.12994954
v 5.69151821 -4.11401415 -15.16028783
v 6.44750347 -3.16127682 -15.06615254
v 6.49625530 -2.53969479 -15.10488317
v 6.55641307 -2.53969479 -15.04472539
v 6.23518886 -3.74940300 -15.05636403
v 5.92394008 -4.28085661 -15.02612111
v 5.87214412 -4.24216890 -15.08635137
v 3.05531444 -5.40065289 -14.83783147
v 2.29306926 -5.13388586 -14.85710332
v 2.75965252 -4.93999815 -15.14587209
v 3.13937130 -5.04403543 -15.14405629
v 3.11688366 -5.12909698 -15.13202092
v 2.37790050 -4.85076666 -15.14019963
v 2.35711422 -4.91872263 -15.11795995
v 2.39999523 -4.77981806 -15.14866826
v 2.80753460 -5.23418093 -15.03165624
v 3.09709301 -5.20917940 -15.10024068
v 3.08065166 -5.28018856 -15.05067632
v 3.06810894 -5.33804703 -14.98550221
v 3.05950298 -5.37971687 -14.90834996
v 2.53488674 -5.13683367 -15.03327748
v 2.30201473 -5.10375929 -14.94061086
v 2.31607189 -5.05604839 -15.01446340
v 2.33472576 -4.99313498 -15.07452199
v 6.33896770 -3.78978562 -0.55693624
v 5.97266140 -4.31786442 -0.42049214
v 5.98983898 -4.33084345 -0.49126622
v 5.99599590 -4.33502722 -0.56524083
v 5.99421825 -3.63639784 -0.17710683
v 5.76419963 -4.16436100 -0.19695851
v 5.83172359 -4.21261501 -0.22842977
v 6.62980022 -2.53831697 -0.45332906
v 6.55856456 -3.17606521 -0.54759023
v 6.63934841 -2.53700829 -0.53785893
v 6.60168590 -2.53922772 -0.37303731
v 6.34393444 -2.53831697 -0.16746327
v 6.18811550 -3.09795642 -0.16770741
v 6.42422618 -2.53922772 -0.19557759
v 6.25940456 -2.53700829 -0.15791509
v 6.23518886 -3.74940300 -0.28936574
v 5.89087810 -4.25605106 -0.27787969
v 5.93853511 -4.29190063 -0.34311864
v 6.44750347 -3.16127682 -0.27958104
v 6.49625530 -2.53969479 -0.24084661
v 6.55641307 -2.53969479 -0.30100438
v 5.99599590 -4.33502722 -3.49695775
v 6.29689922 -3.87284350 -3.50399587
v 6.50889721 -3.35852242 -3.51182744
v 6.62107601 -2.81854582 -3.52005193
v 6.63365688 -2.67628860 -3.53251836
v 6.63934841 -2.53700829 -3.56597707
v 6.61146679 -2.81893754 -3.60449407
v 6.58345165 -2.81718230 -3.68471333
v 6.14456691 -3.25710034 -3.89171407
v 6.32738628 -2.79192924 -3.89032552
v 6.40711345 -2.80041718 -3.86213872
v 6.24346294 -2.78264523 -3.89999578
v 5.98722972 -4.32889938 -3.58547017
v 5.96277370 -4.31033182 -3.66874883
v 5.75232448 -4.15601826 -3.86861608
v 5.95732631 -3.70875406 -3.88382909
v 5.80989971 -4.19686699 -3.84641454
v 5.69151821 -4.11401415 -3.87675664
v 6.39977016 -3.33566546 -3.77971456
v 6.53843059 -2.81336761 -3.75669286
v 6.47865429 -2.80768442 -3.81683919
v 6.19425716 -3.83031631 -3.77148625
v 5.92394008 -4.28085661 -3.74258992
v 5.87214412 -4.24216890 -3.80281636
v 2.66278972 -5.30209303 -3.48222920
v 3.05531444 -5.40065289 -3.55430028
v 3.05381527 -5.40785980 -3.48061940
v 2.29306926 -5.13388586 -3.57356832
v 2.28971614 -5.14427280 -3.48463246
v 2.75965252 -4.93999815 -3.86233708
v 3.13937130 -5.04403543 -3.86052129
v 3.11688366 -5.12909698 -3.84848973
v 2.37790050 -4.85076666 -3.85666463
v 2.35711422 -4.91872263 -3.83442876
v 2.39999523 -4.77981806 -3.86513326
v 2.80753460 -5.23418093 -3.74812123
v 3.09709301 -5.20917940 -3.81670568
v 3.08065166 -5.28018856 -3.76714131
v 3.06810894 -5.33804703 -3.70196721
v 3.05950298 -5.37971687 -3.62481496
v 2.53488674 -5.13683367 -3.74974248
v 2.30201473 -5.10375929 -3.65707585
v 2.31607189 -5.05604839 -3.73093221
v 2.33472576 -4.99313498 -3.79098699
v 3.05381527 -5.40785980 -0.58157918
v 2.66278972 -5.30209303 -0.57996938
v 2.28971614 -5.14427280 -0.57756230
v 2.29207744 -5.13715410 -0.50315282
v 3.05594387 -5.39748955 -0.49341390
v 2.75965252 -4.93999815 -0.19985768
v 2.39999523 -4.77981806 -0.19706532
v 2.37365093 -4.86456060 -0.20869634
v 3.13937130 -5.04403543 -0.20167729
v 3.12047329 -5.11511755 -0.21026036
v 2.53488674 -5.13683367 -0.31245610
v 2.34943905 -4.94408083 -0.23976705
v 2.32816829 -5.01515245 -0.28904912
v 2.31078853 -5.07397270 -0.35468480
v 2.29836025 -5.11613274 -0.43221471
v 2.80753460 -5.23418093 -0.31407353
v 3.06195964 -5.36763191 -0.41042134
v 3.07188549 -5.32027578 -0.33675954
v 3.08575954 -5.25760412 -0.27653691
v 3.10337581 -5.18318653 -0.23275945
v -7.36493740 -5.30403805 -8.65161321
v -7.44172917 -5.14001179 -9.02231786
v -7.36732731 -5.14713287 -9.02467153
v -7.45150433 -5.39857435 -8.25863072
v -7.36333905 -5.40894842 -8.26073644
v -7.74504338 -4.94181061 -8.55531499
v -7.74782238 -4.78261518 -8.91486165
v -7.73618374 -4.86738396 -8.94109914
v -7.74324284 -5.04496479 -8.17587468
v -7.73465786 -5.11608171 -8.19463918
v -7.63244114 -5.13918161 -8.77949712
v -7.70510540 -4.94692945 -8.96520802
v -7.65581761 -5.01801205 -8.98638722
v -7.59019146 -5.07682705 -9.00369069
v -7.51266537 -5.11898756 -9.01606175
v -7.63083325 -5.23583984 -8.50699422
v -7.53449498 -5.36870527 -8.25266835
v -7.60815869 -5.32133055 -8.24283406
v -7.66837941 -5.25863314 -8.22908208
v -7.71215878 -5.18418217 -8.21160695
v -7.38679943 -3.86847043 -5.02086064
v -7.52453480 -4.31213427 -5.34286687
v -7.45375691 -4.32507038 -5.32565877
v -7.37978230 -4.32923841 -5.31949040
v -7.76663266 -3.70494246 -5.36071965
v -7.75958119 -4.10897732 -5.62452886
v -7.74806652 -4.15914536 -5.55172154
v -7.71659527 -4.20723295 -5.48407552
v -7.48723088 -2.81893754 -4.70858953
v -7.39460240 -3.35619164 -4.81044576
v -7.40279065 -2.81854582 -4.69898412
v -7.56745015 -2.81718230 -4.73660466
v -7.77306424 -2.79192924 -4.99267003
v -7.77448521 -3.25506687 -5.17486760
v -7.74487553 -2.80041718 -4.91294286
v -7.78273259 -2.78264523 -5.07659337
v -7.65429173 -3.82613778 -5.12358663
v -7.66714535 -4.25052309 -5.42481038
v -7.60190831 -4.28625488 -5.37706182
v -7.66249142 -3.33340144 -4.91958043
v -7.63943158 -2.81336761 -4.78162953
v -7.69957600 -2.80768442 -4.84140584
v 11.24858989 -5.34490108 -8.52295110
v 11.24858989 -5.40894842 -8.26073644
v 11.24858989 -5.25739002 -8.77829167
v 11.24858989 -5.14713287 -9.02467153
v 0.55754604 -2.60909390 -4.68282125
v 0.47132244 -2.53700829 -4.68071172
v -7.44871579 -2.53700829 -4.68071172
v -7.41526280 -2.67628860 -4.68640325
v 0.65326442 -2.66709065 -4.68580815
v 0.82442608 -2.73089266 -4.69039342
v 1.02640285 -2.75551510 -4.69256017
v 11.24858989 -2.53700829 -4.68071172
v 6.82306423 -2.53700829 -4.68071172
v 6.69263591 -2.63828301 -4.68417546
v 6.54391994 -2.70872211 -4.68866536
v 6.40825786 -2.74377227 -4.69148442
v 11.24858989 -3.17617893 -4.76152226
v 6.26798000 -2.75551510 -4.69256017
v 11.24858989 -3.78304386 -4.97781941
v 11.24858989 -4.32923841 -5.31949040
v 16.13412990 -3.78383803 -0.52521703
v 16.30036678 -4.32923841 -1.49319264
v 16.47578182 -4.32923841 -0.53858373
v 15.83765163 -2.53700829 -0.50234029
v 15.64559688 -2.53700829 -1.45401952
v 15.91754284 -3.17585301 -0.51280019
v 12.15216961 -3.78377271 -4.89425466
v 12.21502437 -4.32923841 -5.22973821
v 12.11227169 -3.17617893 -4.68131062
v 12.21405544 -2.53700829 -4.57846257
v 13.02483883 -3.78377271 -4.64537999
v 13.14840068 -4.32923841 -4.96355245
v 13.25853481 -3.78377271 -4.54760930
v 14.01679363 -4.32923841 -4.53003118
v 12.94641246 -3.17617893 -4.44342229
v 13.13668575 -2.53700829 -4.27625081
v 13.16978969 -3.17617893 -4.34996984
v 13.83675518 -3.78377271 -4.24005696
v 14.15153255 -3.78377271 -4.02730367
v 14.79050579 -4.32923841 -3.94400975
v 13.72247829 -3.17617893 -4.05599782
v 13.97554912 -2.53700829 -3.78748891
v 14.56014385 -3.78377271 -3.69214818
v 14.02335872 -3.17617893 -3.85264012
v 14.91573848 -3.78377271 -3.33149144
v 15.44306697 -4.32923841 -3.22553441
v 14.41392650 -3.17617893 -3.53228185
v 14.69342556 -2.53700829 -3.13385961
v 15.17026653 -3.78377271 -3.02039906
v 14.75381984 -3.17617893 -3.18755147
v 15.51724376 -3.78377271 -2.49104115
v 15.95215740 -4.32923841 -2.39917180
v 14.99710979 -3.17617893 -2.89019200
v 15.25846233 -2.53700829 -2.34435842
v 15.64624538 -3.78377271 -2.24778172
v 15.32876339 -3.17617893 -2.38421056
v 15.45207347 -3.17617893 -2.15168950
v 15.92936077 -3.78377271 -1.54324529
v 15.72268810 -3.17617893 -1.47825810
v 12.47532405 -5.40894842 -8.16833302
v 19.42166271 -5.40894842 -0.58620641
v 19.42092266 -5.40894842 -0.59782216
v 19.81307735 -5.30388546 -0.58740041
v 12.55285015 -5.25739002 -8.68005177
v 12.59816494 -5.14713287 -8.92237279
v 12.53386440 -5.30406237 -8.55473134
v 13.82768001 -5.25739002 -8.38754460
v 13.91690197 -5.14713287 -8.61781117
v 13.79013576 -5.30406237 -8.26648137
v 14.81867733 -5.40894842 -7.44157979
v 13.67437114 -5.40894842 -7.89321324
v 15.04430904 -5.25739002 -7.90736958
v 15.17465725 -5.14713287 -8.11794850
v 14.98904934 -5.30406237 -7.79329488
v 16.17527904 -5.25739002 -7.25036427
v 16.34269847 -5.14713287 -7.43420598
v 16.10355510 -5.30406237 -7.14585683
v 15.88242092 -5.40894842 -6.82362935
v 17.19506969 -5.25739002 -6.43135640
v 17.39432659 -5.14713287 -6.58220860
v 17.10850277 -5.30406237 -6.33877370
v 16.84159603 -5.40894842 -6.05330846
v 18.08067073 -5.25739002 -5.46882817
v 18.30551281 -5.14713287 -5.58143041
v 17.98121013 -5.30406237 -5.39025685
v 17.67455043 -5.40894842 -5.14799306
v 18.81209316 -5.25739002 -4.38450047
v 19.05543270 -5.14713287 -4.45473668
v 18.70198574 -5.30406237 -4.32171056
v 18.36249675 -5.40894842 -4.12812230
v 19.37283458 -5.25739002 -3.20284078
v 19.62695064 -5.14713287 -3.22787663
v 19.25456371 -5.30406237 -3.15725514
v 19.24487438 -5.40894842 -1.83881948
v 18.88990535 -5.40894842 -3.01670262
v 19.75023784 -5.25739002 -1.95051763
v 20.00700512 -5.14713287 -1.92888448
v 19.62647380 -5.30406237 -1.92316243
v 19.80931987 -5.30406237 -0.64728353
v 19.41939296 -5.40894842 -0.62105367
v 20.18691387 -5.14713287 -0.58745000
v 19.42016735 -5.40894842 -0.60943791
v 19.42196788 -5.40218830 -0.51188466
v 20.18601741 -5.13772154 -0.49674031
v 20.17911281 -5.10790205 -0.41124532
v 19.72377529 -4.93924809 -0.19984624
v 19.34351863 -5.04369164 -0.20166966
v 19.36603679 -5.12944365 -0.21389195
v 20.12711849 -4.92052937 -0.22878072
v 20.14899578 -4.99617386 -0.27359197
v 20.10639705 -4.85134792 -0.20580098
v 20.08406963 -4.77909660 -0.19705007
v 19.67600765 -5.23583364 -0.31645772
v 19.38546505 -5.21018314 -0.24617192
v 19.40112819 -5.28170156 -0.29646871
v 19.41243496 -5.33982182 -0.36252400
v 19.41939678 -5.38148260 -0.44061849
v 20.16661968 -5.05990267 -0.33540914
v 15.99696865 -2.95216036 -0.26391026
v 16.28673687 -3.09927917 -0.16773030
v 16.21592846 -2.53700829 -0.15791509
v 15.85773220 -2.53827929 -0.41123387
v 15.89940776 -2.53907394 -0.32776448
v 15.96016445 -2.53934431 -0.25695607
v 16.03634395 -2.53907394 -0.20308492
v 16.12334575 -2.53827929 -0.16939351
v 16.03758373 -3.15443611 -0.26745793
v 16.03240337 -3.36978173 -0.34536931
v 16.12573757 -3.45121765 -0.27284810
v 16.23735180 -3.52233195 -0.21843526
v 16.47912349 -3.63398480 -0.17706487
v 16.24654903 -3.73985362 -0.27830312
v 16.33664455 -3.92429018 -0.28824803
v 16.48942699 -4.32137585 -0.45490071
v 16.51701488 -4.30219555 -0.37711141
v 16.55728283 -4.27305651 -0.30867574
v 16.60883083 -4.23550797 -0.25310704
v 16.66926326 -4.19197845 -0.21310994
v 16.72448864 -4.15284061 -0.19284245
v 16.78249111 -4.11254072 -0.18541524
v -15.69595013 -2.67628860 -4.68640325
v -15.66249142 -2.53700829 -4.68071172
v -18.69061242 -2.53700829 -4.68071172
v -15.70841656 -2.81854582 -4.69898412
v -18.68087922 -3.17606521 -4.76149556
v -15.71664105 -3.35852242 -4.81115911
v -18.67153321 -3.78978562 -4.98108861
v -15.72447262 -3.87284350 -5.02315709
v -18.66322956 -4.33502722 -5.32406423
v -15.73151265 -4.33502722 -5.32406423
v -15.62397442 -2.81893754 -4.70858953
v -15.54375706 -2.81718230 -4.73660466
v -15.33675633 -3.25710034 -5.17549321
v -15.33814297 -2.79192924 -4.99267003
v -15.36632977 -2.80041718 -4.91294286
v -15.32847462 -2.78264523 -5.07659337
v -15.64300022 -4.32889938 -5.33282659
v -15.55971966 -4.31033182 -5.35728261
v -15.35985432 -4.15601826 -5.56773564
v -15.34463940 -3.70875406 -5.36273381
v -15.38205395 -4.19686699 -5.51016042
v -15.35171376 -4.11401415 -5.62853810
v -15.44875393 -3.33566546 -4.92028996
v -15.47177563 -2.81336761 -4.78162953
v -15.41163121 -2.80768442 -4.84140584
v -15.45698414 -3.83031631 -5.12580297
v -15.48588047 -4.28085661 -5.39612004
v -15.42565403 -4.24216890 -5.44791600
v -15.74623928 -5.30209303 -8.65727040
v -15.67417012 -5.40065289 -8.26474568
v -15.74785099 -5.40785980 -8.26624104
v -15.65490208 -5.13388586 -9.02699086
v -15.74383603 -5.14427280 -9.03034017
v -15.36613140 -4.93999815 -8.56040380
v -15.36794720 -5.04403543 -8.18068501
v -15.37998066 -5.12909698 -8.20317266
v -15.37180577 -4.85076666 -8.94215581
v -15.39404164 -4.91872263 -8.96294209
v -15.36333523 -4.77981806 -8.92006108
v -15.48034726 -5.23418093 -8.51252553
v -15.41176281 -5.20917940 -8.22296330
v -15.46132908 -5.28018856 -8.23940846
v -15.52649937 -5.33804703 -8.25195119
v -15.60365353 -5.37971687 -8.26055333
v -15.47872601 -5.13683367 -8.78516957
v -15.57139454 -5.10375929 -9.01804540
v -15.49753819 -5.05604839 -9.00398442
v -15.43748341 -4.99313498 -8.98533437
v -18.64850197 -5.30209303 -8.65727040
v -18.72531472 -5.13715410 -9.02797887
v -18.65090523 -5.14427280 -9.03034017
v -18.73505459 -5.39748955 -8.26411626
v -18.64689122 -5.40785980 -8.26624104
v -19.02860985 -4.93999815 -8.56040380
v -19.03140602 -4.77981806 -8.92006108
v -19.01977406 -4.86456060 -8.94640920
v -19.02679406 -5.04403543 -8.18068501
v -19.01820908 -5.11511755 -8.19958684
v -18.91601429 -5.13683367 -8.78516957
v -18.98870430 -4.94408083 -8.97061727
v -18.93941937 -5.01515245 -8.99188802
v -18.87378369 -5.07397270 -9.00927159
v -18.79625378 -5.11613274 -9.02169606
v -18.91439495 -5.23418093 -8.51252553
v -18.81804715 -5.36763191 -8.25809667
v -18.89171086 -5.32027578 -8.24817082
v -18.95193158 -5.25760412 -8.23429677
v -18.99571095 -5.18318653 -8.21668050
v -18.80797825 -4.31786442 -5.34739491
v -18.73720227 -4.33084345 -5.33021733
v -19.05136452 -3.63639784 -5.32583806
v -19.04302750 -4.11401415 -5.62853810
v -19.03150998 -4.16436100 -5.55586049
v -19.00003777 -4.21261501 -5.48833653
v -18.77514134 -2.53831697 -4.69025990
v -18.85543309 -2.53922772 -4.71837422
v -19.06100617 -2.53831697 -4.97612569
v -19.06076298 -3.09795642 -5.13194463
v -19.03289185 -2.53922772 -4.89583394
v -19.07055436 -2.53700829 -5.06065175
v -18.93910370 -3.74940300 -5.08486745
v -18.95058785 -4.25605106 -5.42918202
v -18.88534985 -4.29190063 -5.38152501
v -18.94888935 -3.16127682 -4.87255284
v -18.92746315 -2.53969479 -4.76364324
v -18.98762188 -2.53969479 -4.82380101
v -14.54564915 -2.60909390 -10.76251027
v -14.54775868 -2.53700829 -10.84873769
v -14.54775868 -2.53700829 -14.80787465
v -14.54266034 -2.66709065 -10.66679189
v -14.53807507 -2.73089266 -10.49563024
v -14.46753750 -3.17370152 -14.79817769
v -14.53590832 -2.75551510 -10.29365346
v -14.53590832 -2.75551510 -5.05207631
v -14.54775868 -2.53700829 -0.07146642
v -14.54775868 -2.53700829 -4.49699590
v -14.54429303 -2.63828301 -4.62742421
v -14.53980503 -2.70872211 -4.77614018
v -14.53698597 -2.74377227 -4.91179845
v -14.46694813 -3.17617893 -0.07146642
v -14.24954090 -3.78533578 -14.78886220
v -14.25065098 -3.78304386 -0.07146642
v -13.90897808 -4.32923841 -0.07146642
v -13.90897808 -4.32923841 -14.78058049
v -18.70325241 -3.78383803 4.81407359
v -17.73527775 -4.32923841 4.98030665
v -18.68988572 -4.32923841 5.15572551
v -18.72612915 -2.53700829 4.51759151
v -17.77444897 -2.53700829 4.32553676
v -18.71566735 -3.17585301 4.59748271
v -14.33421383 -3.78377271 0.83210948
v -13.99873028 -4.32923841 0.89496425
v -14.54715786 -3.17617893 0.79221156
v -14.65000782 -2.53700829 0.89399531
v -14.58309040 -3.78377271 1.70478251
v -14.26491795 -4.32923841 1.82834056
v -14.68085919 -3.78377271 1.93847850
v -14.69843731 -4.32923841 2.69673732
v -14.78504620 -3.17617893 1.62635234
v -14.95221768 -2.53700829 1.81662944
v -14.87849865 -3.17617893 1.84972957
v -14.98841343 -3.78377271 2.51669887
v -15.20116482 -3.78377271 2.83147624
v -15.28445874 -4.32923841 3.47044566
v -15.17247258 -3.17617893 2.40241817
v -15.44097958 -2.53700829 2.65548900
v -15.53632031 -3.78377271 3.24008754
v -15.37583027 -3.17617893 2.70329860
v -15.89697705 -3.78377271 3.59567836
v -16.00293599 -4.32923841 4.12300685
v -15.69618664 -3.17617893 3.09387019
v -16.09461079 -2.53700829 3.37336543
v -16.20807133 -3.78377271 3.85020640
v -16.04091893 -3.17617893 3.43375972
v -16.73742733 -3.78377271 4.19718364
v -16.82929860 -4.32923841 4.63209727
v -16.33827649 -3.17617893 3.67704967
v -16.88411007 -2.53700829 3.93840602
v -16.98068676 -3.78377271 4.32618907
v -16.84425984 -3.17617893 4.00870708
v -17.07677899 -3.17617893 4.13201335
v -17.68522511 -3.78377271 4.60930064
v -17.75021038 -3.17617893 4.40262797
v -11.06065998 -5.40894842 1.15871623
v -10.96773396 -5.40894842 -0.07146642
v -10.70551930 -5.34490108 -0.07146642
v -18.64106808 -5.30388546 8.49302104
v -17.29958401 -5.14713287 8.68694880
v -18.64102040 -5.14713287 8.86685374
v -10.54897557 -5.25739002 1.23646358
v -10.45017681 -5.25739002 -0.07146642
v -10.20379887 -5.14713287 -0.07146642
v -10.30609761 -5.14713287 1.27810863
v -10.67428646 -5.30406237 1.21742442
v -10.84312878 -5.25739002 2.51471141
v -10.61065922 -5.14713287 2.59684184
v -10.96415959 -5.30406237 2.47706416
v -11.33733044 -5.40894842 2.36098292
v -11.32596264 -5.25739002 3.73427012
v -11.11052189 -5.14713287 3.85460094
v -11.43996487 -5.30406237 3.67886928
v -11.79146252 -5.40894842 3.50804713
v -11.98651944 -5.25739002 4.86745646
v -11.79426442 -5.14713287 5.02263835
v -12.09090481 -5.30406237 4.79555705
v -12.41275273 -5.40894842 4.57387355
v -12.80980549 -5.25739002 5.88855937
v -12.64625988 -5.14713287 6.07426646
v -12.90220509 -5.30406237 5.80179408
v -14.09693394 -5.40894842 6.36746028
v -13.18710194 -5.40894842 5.53427699
v -13.77714024 -5.25739002 6.77439693
v -13.64703808 -5.14713287 6.98545268
v -13.85545788 -5.30406237 6.67473796
v -14.86656628 -5.25739002 7.50487330
v -14.77373181 -5.14713287 7.73537639
v -14.92902623 -5.30406237 7.39458278
v -16.23785267 -5.40894842 7.57984736
v -15.12160359 -5.40894842 7.05451396
v -16.05336438 -5.25739002 8.06340983
v -16.00059185 -5.14713287 8.30689052
v -16.09854565 -5.30406237 7.94498637
v -17.31059704 -5.25739002 8.43732646
v -17.33747540 -5.30406237 8.31345943
v -18.64226399 -5.40894842 8.10160640
v -17.42035160 -5.40894842 7.93153956
v -10.96773396 -5.40894842 -14.76413533
v -10.57685719 -5.30403805 -14.76573369
v -10.20379887 -5.14713287 -14.76812551
v -18.71658287 -5.40218830 8.10190776
v -18.73172722 -5.13772154 8.86595729
v -18.81722317 -5.10790205 8.85905650
v -19.02862320 -4.93924809 8.40371516
v -19.02679978 -5.04369164 8.02345851
v -19.01457558 -5.12944365 8.04597667
v -18.99969063 -4.92052937 8.80705836
v -18.95487557 -4.99617386 8.82893947
v -19.02266751 -4.85134792 8.78633693
v -19.03141842 -4.77909660 8.76400950
v -18.91201172 -5.23583364 8.35594752
v -18.98229657 -5.21018314 8.06540874
v -18.93200264 -5.28170156 8.08106807
v -18.86594735 -5.33982182 8.09237483
v -18.78784905 -5.38148260 8.09934047
v -18.89306031 -5.05990267 8.84655955
v -18.96456013 -2.95216036 4.67690852
v -19.06074009 -3.09927917 4.96667674
v -19.07055436 -2.53700829 4.89586833
v -19.05907593 -2.53827929 4.80328563
v -19.02538548 -2.53907394 4.71628383
v -18.97151242 -2.53934431 4.64010814
v -18.90070591 -2.53907394 4.57935145
v -18.81723462 -2.53827929 4.53767207
v -18.96100960 -3.15443611 4.71752360
v -18.88310013 -3.36978173 4.71234324
v -18.95562134 -3.45121765 4.80567744
v -19.01003323 -3.52233195 4.91729167
v -19.05140648 -3.63398480 5.15906718
v -18.95016728 -3.73985362 4.92648891
v -18.94022046 -3.92429018 5.01658443
v -18.77356682 -4.32137585 5.16936687
v -18.85135994 -4.30219555 5.19695476
v -18.91979466 -4.27305651 5.23722270
v -18.97536335 -4.23550797 5.28877070
v -19.01535759 -4.19197845 5.34920314
v -19.03562508 -4.15284061 5.40442851
v -19.04305325 -4.11254072 5.46243098
v -13.88560162 -4.31213427 -14.92533299
v -13.90281163 -4.32507038 -14.85455510
v -13.90453015 -3.63251877 -15.16869542
v -13.60394154 -4.10897732 -15.16037557
v -13.67674694 -4.15914536 -15.14886281
v -13.74439297 -4.20723295 -15.11739156
v -14.53821049 -2.53831697 -14.89240453
v -14.51009617 -2.53922772 -14.97269628
v -14.25234471 -2.53831697 -15.17826650
v -14.09701977 -3.09589434 -15.17806050
v -14.33263646 -2.53922772 -15.15015599
v -14.16781674 -2.53700829 -15.18781468
v -14.14568577 -3.74515939 -15.05643651
v -13.80365811 -4.25052309 -15.06794164
v -13.85140667 -4.28625488 -15.00270650
v -14.35648022 -3.15897083 -15.06619069
v -14.40466748 -2.53969479 -15.10488317
v -14.46482525 -2.53969479 -15.04472539
v -10.20615063 -5.14001179 -14.84252736
v -10.96983967 -5.39857435 -14.85230062
v -10.67315350 -4.94181108 -15.14584157
v -10.31360684 -4.78261518 -15.14861867
v -10.28736935 -4.86738396 -15.13698003
v -11.05259762 -5.04496527 -15.14404103
v -11.03383122 -5.11608219 -15.13545415
v -10.44897137 -5.13918161 -15.03323934
v -10.26325856 -4.94692945 -15.10590169
v -10.24207936 -5.01801205 -15.05661580
v -10.22477780 -5.07682705 -14.99098775
v -10.21240483 -5.11898756 -14.91346166
v -10.72147427 -5.23584032 -15.03162953
v -10.97580014 -5.36870527 -14.93529317
v -10.98563443 -5.32133055 -15.00895497
v -10.99938832 -5.25863314 -15.06917760
v -11.01686345 -5.18418264 -15.11295506
v 7.83945598 4.50894880 -8.26073262
v 11.24858989 4.50894880 -8.26073262
v 11.24858989 4.44490147 -8.52295110
v 7.83785762 4.40403843 -8.65161321
v 11.24858989 4.35739040 -8.77829167
v 7.83546962 4.24713326 -9.02467153
v 11.24858989 4.24713326 -9.02467153
v 7.81606044 2.97284341 -10.32257268
v 7.82310238 3.43502736 -10.02166936
v 11.24858989 3.43502736 -10.02166936
v 11.24858989 2.88746905 -10.36576650
v 7.80822887 2.45852232 -10.53457067
v 11.24858989 2.27857065 -10.58363912
v 7.80000438 1.91854572 -10.64674947
v 11.24858989 1.63700819 -10.66502187
v 7.78753414 1.77628851 -10.65932652
v 7.75407924 1.63700819 -10.66502187
v 20.18691387 4.24713326 -0.58745000
v 20.00700512 4.24713326 -1.92888448
v 19.81314220 4.40415764 -0.58740804
v 12.51816311 4.44490147 -8.42704961
v 12.47877636 4.50894880 -8.16780660
v 12.55652370 4.35739040 -8.67949483
v 12.59816494 4.24713326 -8.92237279
v 13.75892772 4.44490147 -8.14151952
v 13.68104305 4.50894880 -7.89113805
v 13.83477153 4.35739040 -8.38533971
v 13.91690197 4.24713326 -8.61781117
v 14.94271984 4.44490147 -7.67284581
v 14.82810344 4.50894880 -7.43700597
v 15.05433025 4.35739040 -7.90250585
v 15.17465725 4.24713326 -8.11794850
v 16.04267254 4.44490147 -7.03166387
v 15.89393367 4.50894880 -6.81571767
v 16.18751659 4.35739040 -7.24194905
v 16.34269847 4.24713326 -7.43420598
v 17.03382625 4.44490147 -6.23251912
v 16.85433712 4.50894880 -6.04136846
v 17.68752040 4.50894880 -5.13153646
v 17.20861568 4.35739040 -6.41866490
v 17.39432659 4.24713326 -6.58220860
v 17.89368953 4.44490147 -5.29355428
v 18.09445705 4.35739040 -5.45133016
v 18.30551281 4.24713326 -5.58143041
v 18.60274257 4.44490147 -4.23607823
v 18.37457409 4.50894880 -4.10686681
v 18.82493343 4.35739040 -4.36190221
v 19.05543270 4.24713326 -4.45473668
v 19.14489879 4.44490147 -3.08408544
v 18.89990749 4.50894880 -2.99061772
v 19.38346996 4.35739040 -3.17510411
v 19.62695064 4.24713326 -3.22787663
v 19.50784816 4.44490147 -1.86372182
v 19.25159969 4.50894880 -1.80811879
v 19.42166271 4.50894880 -0.58620641
v 19.75738659 4.35739040 -1.91787145
v 21.83109417 1.63700819 -0.55520818
v 21.66268673 1.63700819 -2.01310155
v 21.74945201 2.27829838 -0.56497380
v 12.66615047 2.88821816 -10.26733205
v 12.61881389 3.43502736 -9.92687032
v 12.69620266 2.27857065 -10.48348805
v 12.71265163 1.63700819 -10.56336400
v 14.05669536 2.88821816 -9.97498509
v 13.96292629 3.43502736 -9.64428517
v 14.11623134 2.27857065 -10.18494222
v 14.14861812 1.63700819 -10.26034352
v 15.39373912 2.88821816 -9.49393270
v 15.25532283 3.43502736 -9.17929646
v 15.48161831 2.27857065 -9.69369313
v 15.52892437 1.63700819 -9.76177785
v 16.65179576 2.88821816 -8.83334538
v 16.47137203 3.43502736 -8.54076573
v 17.58790340 3.43502736 -7.74085805
v 16.76634731 2.27857065 -9.01909825
v 16.82708110 1.63700819 -9.07723042
v 17.80690136 2.88821816 -8.00580403
v 17.94593944 2.27857065 -8.17401311
v 18.01817455 1.63700819 -8.21984670
v 18.83704128 2.88821816 -7.02707860
v 18.58364620 3.43502736 -6.79481694
v 18.99791851 2.27857065 -7.17453954
v 19.07934703 1.63700819 -7.20607564
v 19.72258892 2.88821816 -5.91582295
v 19.43962612 3.43502736 -5.72066686
v 20.13952770 3.43502736 -4.53887364
v 19.90224208 2.27857065 -6.03972432
v 19.99022808 1.63700819 -6.05537602
v 20.44667186 2.88821816 -4.69320485
v 20.64167537 2.27857065 -4.79118535
v 20.73333492 1.63700819 -4.78983113
v 20.99548854 2.88821816 -3.38252065
v 20.67001857 3.43502736 -3.27195928
v 21.02099361 3.43502736 -1.94405934
v 21.20212688 2.27857065 -3.45271489
v 21.29441204 1.63700819 -3.43372914
v 21.35859050 2.88821816 -2.00874898
v 21.18576183 3.43502736 -0.58048055
v 21.53041210 2.88828492 -0.57358357
v 21.57292308 2.27857065 -2.04982182
v 7.76577510 4.50173903 -8.25925252
v 7.74654522 4.23674536 -9.02133367
v 7.45775356 4.04181147 -8.55531499
v 7.45955410 4.14496565 -8.17587087
v 7.47158565 4.23006868 -8.19819829
v 7.46344509 3.95358443 -8.93686482
v 7.48568477 4.02155924 -8.95756337
v 7.45497264 3.88261533 -8.91486165
v 7.57196178 4.33584070 -8.50699422
v 7.50336971 4.31018782 -8.21783635
v 7.55293407 4.38122702 -8.23414418
v 7.61810817 4.43910933 -8.24658010
v 7.69526043 4.48079538 -8.25510213
v 7.57035579 4.23918200 -8.77949712
v 7.66304149 4.20661879 -9.01242635
v 7.58918895 4.15890694 -8.99843022
v 7.52913417 4.09598732 -8.97986028
v 7.67834987 3.41786432 -9.99833486
v 7.74912777 3.43084335 -10.01551244
v 7.43622722 2.80875397 -9.98299977
v 7.45482006 3.26436090 -9.78987309
v 7.48629131 3.31261516 -9.85739705
v 7.71556224 1.91893744 -10.63714025
v 7.63534679 1.91718221 -10.60912511
v 7.42973079 1.89192915 -10.35305974
v 7.42834606 2.35710025 -10.17024037
v 7.45792141 1.90041709 -10.43278691
v 7.42006435 1.88264513 -10.26913640
v 7.54857387 2.93031621 -10.21993062
v 7.53574123 3.35605121 -9.91655156
v 7.60098018 3.39190054 -9.96420857
v 7.54034175 2.43566537 -10.42544362
v 7.56336345 1.91336751 -10.56410405
v 7.50322094 1.90768433 -10.50432775
v 12.21502437 3.42923832 -5.22973821
v 11.24858989 3.42923832 -5.31949040
v 11.24858989 2.88304377 -4.97781941
v 15.91864528 2.27908301 -0.51286885
v 15.64559688 1.63700819 -1.45401952
v 15.83765163 1.63700819 -0.50234029
v 16.47578182 3.42923832 -0.53858373
v 16.30036678 3.42923832 -1.49319264
v 16.13395824 2.88316154 -0.52520177
v 12.11227169 2.27617884 -4.68131062
v 11.24858989 2.27617884 -4.76152226
v 11.24858989 1.63700819 -4.68071172
v 12.21405544 1.63700819 -4.57846257
v 12.15210476 2.88304377 -4.89390752
v 13.14840068 3.42923832 -4.96355245
v 12.94641246 2.27617884 -4.44342229
v 13.13668575 1.63700819 -4.27625081
v 13.16978969 2.27617884 -4.34996984
v 13.02471294 2.88304377 -4.64505193
v 13.25838985 2.88304377 -4.54728887
v 14.01679363 3.42923832 -4.53003118
v 13.72247829 2.27617884 -4.05599782
v 13.97554912 1.63700819 -3.78748891
v 14.02335872 2.27617884 -3.85264012
v 13.83656826 2.88304377 -4.23975560
v 14.41392650 2.27617884 -3.53228185
v 14.69342556 1.63700819 -3.13385961
v 14.15132656 2.88304377 -4.02702138
v 14.79050579 3.42923832 -3.94400975
v 14.75381984 2.27617884 -3.18755147
v 14.55990734 2.88304377 -3.69188878
v 14.99710979 2.27617884 -2.89019200
v 15.25846233 1.63700819 -2.34435842
v 14.91547527 2.88304377 -3.33125875
v 15.44306697 3.42923832 -3.22553441
v 15.32876339 2.27617884 -2.38421056
v 15.16998424 2.88304377 -3.02018544
v 15.45207347 2.27617884 -2.15168950
v 15.51693477 2.88304377 -2.49086949
v 15.95215740 3.42923832 -2.39917180
v 15.64593258 2.88304377 -2.24762532
v 15.72268810 2.27617884 -1.47825810
v 15.92902507 2.88304377 -1.54313848
v 12.41019954 4.50786018 -6.98254964
v 11.24858989 4.50786018 -7.07948873
v 11.24858989 4.44324923 -6.81715962
v 18.23840847 4.50786018 -0.57624242
v 18.05804958 4.50786018 -1.72785375
v 17.84685268 4.40193701 -0.57061574
v 12.31949367 4.35514545 -6.47280309
v 11.24858989 4.35514545 -6.56176183
v 11.24858989 4.24427319 -6.31538960
v 12.27884044 4.24427319 -6.22980687
v 12.34040584 4.40211391 -6.59782598
v 13.36103572 4.35514545 -6.20836064
v 13.28084697 4.24427319 -5.97540471
v 13.40229549 4.40211391 -6.32821843
v 13.53967418 4.50786018 -6.69440648
v 14.34467449 4.35514545 -5.77569005
v 14.22714748 4.24427319 -5.55916020
v 14.40514125 4.40211391 -5.88709828
v 14.60576000 4.50786018 -6.22303578
v 15.24343624 4.35514545 -5.18665120
v 15.09179439 4.24427319 -4.99247930
v 15.32145824 4.40211391 -5.28655431
v 15.57896938 4.50786018 -5.58147618
v 16.03268947 4.35514545 -4.45738790
v 15.85108318 4.24427319 -4.29089925
v 16.12612667 4.40211391 -4.54304692
v 16.43237438 4.50786018 -4.78747746
v 16.69079342 4.35514545 -3.60789296
v 16.48420848 4.24427319 -3.47364995
v 16.79708614 4.40211391 -3.67696187
v 17.14236583 4.50786018 -3.86300466
v 17.19971218 4.35514545 -2.66145513
v 16.97380962 4.24427319 -2.56313893
v 17.31594219 4.40211391 -2.71203801
v 17.68930187 4.50786018 -2.83363912
v 17.54549160 4.35514545 -1.64401814
v 17.30646267 4.24427319 -1.58432195
v 17.47305431 4.24427319 -0.56403539
v 17.66847744 4.40211391 -1.67473027
v 7.78753795 1.77628851 -4.68640325
v 7.75407924 1.63700819 -4.68071172
v 7.80000438 1.91854572 -4.69898412
v 7.80819454 2.45619154 -4.81044576
v 7.81599559 2.96847034 -5.02086064
v 7.82301082 3.42923832 -5.31949040
v 7.83542385 4.24427319 -6.31538960
v 7.83782711 4.40209341 -6.68846318
v 7.83944072 4.50786018 -7.07948873
v 7.71556224 1.91893744 -4.70858953
v 7.63534679 1.91718221 -4.73660466
v 7.42831173 2.35506678 -5.17486760
v 7.42973079 1.89192915 -4.99267003
v 7.45792141 1.90041709 -4.91294286
v 7.42006435 1.88264513 -5.07659337
v 7.73449840 3.42313313 -5.32827184
v 7.65121593 3.40462613 -5.35277745
v 7.45135250 3.25083160 -5.56361577
v 7.43616237 2.80494237 -5.36071965
v 7.47355022 3.29153872 -5.50593755
v 7.44321575 3.20897746 -5.62452886
v 7.54030361 2.43340135 -4.91958043
v 7.56336345 1.91336751 -4.78162953
v 7.50322094 1.90768433 -4.84140584
v 7.54850521 2.92613769 -5.12358663
v 7.57737865 3.37524700 -5.39168736
v 7.51714840 3.33668733 -5.44357869
v 7.76101436 4.23715448 -6.31775090
v 7.75127544 4.49748993 -7.08161733
v 7.45771923 4.03999853 -6.78532598
v 7.45492305 3.87981820 -6.42566869
v 7.46655788 3.96456075 -6.39932439
v 7.45953502 4.14403582 -7.16504476
v 7.46812191 4.21511793 -7.14614675
v 7.57031765 4.23683405 -6.56056020
v 7.49762478 4.04408121 -6.37511250
v 7.54691066 4.11515284 -6.35384175
v 7.61254634 4.17397308 -6.33646199
v 7.69007625 4.21613312 -6.32403371
v 7.57193508 4.33418131 -6.83320806
v 7.66828289 4.46763229 -7.08763310
v 7.59462108 4.42027617 -7.09755895
v 7.53439846 4.35760450 -7.11143300
v 7.49062099 4.28318691 -7.12904927
v 7.44269313 3.17915845 -5.69993016
v 7.44237651 3.16089582 -5.77940175
v 7.45004406 3.60018849 -6.41060826
v 7.45186367 3.70435786 -6.42260930
v 7.45658626 3.97498536 -7.28097722
v 7.45799389 4.05557203 -7.21381566
v 7.45541134 3.90776753 -7.36417958
v 7.44826259 3.49805737 -6.37772939
v 7.45454921 3.85826850 -7.45900151
v 7.44635906 3.38905811 -6.31414601
v 7.45403423 3.82881141 -7.55968282
v 7.44479885 3.29963541 -6.22921941
v 7.45387020 3.81936288 -7.66025731
v 7.45387020 3.81936288 -7.68025777
v 7.44485988 3.30314660 -9.11230657
v 7.45403423 3.82884002 -7.78098104
v 7.44616451 3.37797308 -9.03843114
v 7.45454921 3.85838962 -7.88181493
v 7.44459285 3.28794265 -9.13037297
v 7.44773235 3.46788239 -8.97930715
v 7.45541896 3.90804553 -7.97675893
v 7.44337215 3.21805739 -9.23521230
v 7.44979992 3.58612895 -8.93420217
v 7.45659389 3.97546935 -8.06002614
v 7.44260540 3.17395782 -9.35511968
v 7.45800533 4.05628395 -8.12718389
v 7.45193996 3.70871902 -8.91789815
v 20.18660869 4.24081516 -0.51156423
v 19.42167797 4.49908829 -0.49726293
v 19.72438564 4.03938437 -0.19985005
v 20.08406963 3.87909675 -0.19705007
v 20.11071148 3.96557689 -0.20925710
v 19.41753139 4.46943283 -0.41335103
v 19.40912380 4.42199755 -0.33875081
v 19.37935390 4.28398561 -0.23325154
v 19.39633312 4.35898066 -0.27769277
v 19.36247005 4.21534681 -0.21039006
v 19.34351863 4.14369202 -0.20166966
v 19.95034923 4.23902464 -0.31552693
v 20.13482418 4.04682589 -0.24163625
v 20.15540447 4.11896944 -0.29241368
v 20.17142238 4.17794752 -0.35950276
v 20.18209209 4.22010279 -0.43894765
v 20.88327160 3.21199870 -0.18540761
v 21.18671550 2.73355222 -0.17705724
v 20.94572200 3.25494170 -0.19396779
v 21.77855053 1.96004868 -0.39619634
v 21.69416179 1.63991141 -0.24554631
v 21.75463237 1.63991141 -0.30884358
v 21.79902019 1.63940549 -0.38429448
v 21.82496395 1.63842010 -0.46789357
v 21.67799129 2.05465102 -0.27200505
v 21.37964000 2.19911647 -0.16772649
v 21.45154705 1.63700819 -0.15791509
v 21.53848781 1.63842010 -0.16802403
v 21.62081661 1.63940549 -0.19775960
v 21.64658870 2.25997066 -0.28575322
v 21.64984264 2.47733927 -0.37602422
v 21.55639400 2.55947232 -0.29063985
v 21.44048061 2.62860870 -0.22598073
v 21.43362178 2.84923649 -0.29530904
v 21.34250393 3.03381205 -0.30555913
v 21.18005504 3.43000603 -0.48935506
v 21.15763607 3.41189933 -0.40300939
v 21.11979045 3.38230896 -0.32605550
v 21.06791439 3.34300494 -0.26304814
v 21.00465145 3.29673123 -0.21730611
v 20.78549327 3.17651486 -0.18478581
v 20.68320598 3.16035652 -0.18450353
v 20.58004131 3.16385055 -0.18456456
v 20.47966137 3.18695521 -0.18496892
v 20.38534679 3.22868276 -0.18569753
v 16.18264904 -0.44999999 -0.12148473
v 21.48960628 -0.44999999 -0.12148473
v 20.09986248 3.60261798 -0.19222447
v 20.08717098 3.70871902 -0.19407842
v 19.22503414 3.97247338 -0.19868276
v 19.29244365 4.05214834 -0.20007131
v 19.14387645 3.90735555 -0.19754598
v 20.13297023 3.50164795 -0.19046208
v 19.05187740 3.85923457 -0.19670293
v 20.19577541 3.39402461 -0.18858525
v 18.95227565 3.82952189 -0.19618413
v 20.28203716 3.30314660 -0.18699834
v 18.84815731 3.81936288 -0.19600865
v 20.30013027 3.28794265 -0.18673131
v 16.21592846 1.63700819 -0.15791509
v 17.39549007 3.29963541 -0.18693730
v 18.82813396 3.81936288 -0.19600865
v 18.72340145 3.82969117 -0.19618794
v 17.46994533 3.37581396 -0.18826482
v 18.62305202 3.85981202 -0.19671437
v 17.37741222 3.28436065 -0.18667027
v 17.29020061 3.22373986 -0.18560979
v 17.52768840 3.46460986 -0.18981740
v 18.53059139 3.90843034 -0.19756124
v 17.19329967 3.18139744 -0.18487355
v 16.28773250 2.20217180 -0.16777989
v 17.57206859 3.58060670 -0.19183919
v 18.44944896 3.97385192 -0.19870564
v 17.09032955 3.15864015 -0.18447682
v 17.95176448 4.04282284 -0.19990727
v 18.38226070 4.05366230 -0.20009801
v 18.33134212 4.14548492 -0.20170018
v 17.58879604 3.70435786 -0.19400212
v 16.47898235 2.73337841 -0.17705342
v 16.98513546 3.15639830 -0.18443486
v 17.59176387 3.88470054 -0.19714925
v 16.88140239 3.17448711 -0.18475148
v 16.78249111 3.21254086 -0.18541524
v 16.50628032 3.40980983 -0.40226933
v 16.48613109 3.42352366 -0.46856496
v 16.71314373 3.26082468 -0.19591329
v 16.64822139 3.30706120 -0.22466466
v 16.24946346 2.84444165 -0.27839849
v 16.59040966 3.34889483 -0.27010152
v 16.54241695 3.38387489 -0.33038899
v 16.09489956 2.45811343 -0.27119252
v 16.03886928 2.25737405 -0.26758763
v 15.99775829 2.05419064 -0.26399419
v 16.12334575 1.63827920 -0.16939351
v 16.03634395 1.63907385 -0.20308492
v 15.96016445 1.63934422 -0.25695607
v 15.89940776 1.63907385 -0.32776448
v 15.85773220 1.63827920 -0.41123387
v 18.24191417 4.50014782 -0.50333974
v 17.47958126 4.23261356 -0.47764775
v 17.49107875 4.20211792 -0.39692113
v 18.30909481 4.22982311 -0.21351811
v 17.54956569 4.02027607 -0.22651097
v 17.52676525 4.09304523 -0.26812169
v 17.57021083 3.95393682 -0.20525167
v 18.00192775 4.33414984 -0.31126210
v 17.50699367 4.15483713 -0.32579228
v 18.28910579 4.30920792 -0.24474141
v 18.27196636 4.37967873 -0.29348561
v 18.25819530 4.43726873 -0.35765645
v 18.24786510 4.47895432 -0.43371007
v 2.66844692 4.40403843 -14.76573369
v 2.29538860 4.24713326 -0.57760808
v 2.66844692 4.40403843 -0.57999608
v 3.05932369 4.50894880 -0.58159444
v 2.29538860 4.24713326 -14.76812551
v 3.05932369 4.50894880 -14.76413533
v 0.65714779 1.70909381 -4.58321950
v 0.65503826 1.63700819 -4.49699590
v 0.65503826 1.63700819 -0.53785893
v 0.66013469 1.76709056 -4.67893788
v 0.66471996 1.83089256 -4.85009953
v 0.73582210 2.27606511 -0.54759023
v 0.66688671 1.85551500 -5.05207631
v 0.65503826 1.63700819 -14.80787465
v 0.65503826 1.63700819 -10.84873769
v 0.65850200 1.73828292 -10.71830937
v 0.66299190 1.80872202 -10.56959340
v 0.66581096 1.84377217 -10.43393132
v 0.73582210 2.27606511 -14.79814336
v 0.95541515 2.88978553 -0.55693624
v 0.66688671 1.85551500 -10.29365346
v 0.95541515 2.88978553 -14.78879354
v 1.29839077 3.43502736 -0.56524083
v 1.29839077 3.43502736 -14.78049275
v 6.55912532 2.27370143 -0.54755208
v 6.62980022 1.63831687 -0.45332906
v 6.63934841 1.63700819 -0.53785893
v 6.60168590 1.63922763 -0.37303731
v 6.18860759 2.19589424 -0.16766927
v 6.34393444 1.63831687 -0.16746327
v 6.42422618 1.63922763 -0.19557759
v 6.25940456 1.63700819 -0.15791509
v 5.99178829 3.42313313 -0.47663686
v 6.34113063 2.88533568 -0.55686757
v 6.00056591 3.42923832 -0.56515309
v 5.96728267 3.40462613 -0.39335439
v 5.75644054 3.25083160 -0.19349095
v 5.99611797 2.73251867 -0.17703816
v 5.81411876 3.29153872 -0.21568868
v 5.69553127 3.20897746 -0.18535420
v 6.44806804 2.25897074 -0.27954289
v 6.55641307 1.63969469 -0.30100438
v 6.49625530 1.63969469 -0.24084661
v 6.23727550 2.84515929 -0.28929326
v 5.92837276 3.37524700 -0.31951711
v 5.87647762 3.33668733 -0.25929067
v 4.63159694 4.40209341 -0.57996938
v 5.00230541 4.23715448 -0.50315282
v 5.00466671 4.24427319 -0.57756230
v 4.23844280 4.49748993 -0.49341390
v 4.24056759 4.50786018 -0.58157918
v 4.53473034 4.03999853 -0.19985768
v 4.89438762 3.87981820 -0.19706532
v 4.92073574 3.96456075 -0.20869634
v 4.15501155 4.14403582 -0.20167729
v 4.17391338 4.21511793 -0.21026036
v 4.75949611 4.23683405 -0.31245610
v 4.94494381 4.04408121 -0.23976705
v 4.96621456 4.11515284 -0.28904912
v 4.98359813 4.17397308 -0.35468480
v 4.99602260 4.21613312 -0.43221471
v 4.48685207 4.33418131 -0.31407353
v 4.23242321 4.46763229 -0.41042134
v 4.22249736 4.42027617 -0.33675954
v 4.20862331 4.35760450 -0.27653691
v 4.19101085 4.28318691 -0.23275945
v 5.62012996 3.17915845 -0.18483541
v 5.54065456 3.16089582 -0.18451497
v 0.99855175 -0.44999999 -0.12148473
v 6.29583492 -0.44999999 -0.12148473
v 4.90945186 3.60018849 -0.19218251
v 4.89745082 3.70435786 -0.19400212
v 4.03908290 3.97498536 -0.19872472
v 4.10624446 4.05557203 -0.20013234
v 3.95587673 3.90776753 -0.19754979
v 4.94233074 3.49805737 -0.19040105
v 3.86105861 3.85826850 -0.19668767
v 5.00591030 3.38905811 -0.18849751
v 3.76037349 3.82881141 -0.19617269
v 5.09084072 3.29963541 -0.18693730
v 3.65980281 3.81936288 -0.19600865
v 3.63980236 3.81936288 -0.19600865
v 1.03497829 1.63700819 -0.15791509
v 2.20775356 3.30314660 -0.18699834
v 3.53907909 3.82884002 -0.19617269
v 2.28162899 3.37797308 -0.18830297
v 3.43824138 3.85838962 -0.19668767
v 2.18968715 3.28794265 -0.18673131
v 2.10706844 3.23003650 -0.18572042
v 2.34074916 3.46788239 -0.18987462
v 3.34330120 3.90804553 -0.19755742
v 2.01143398 3.18725967 -0.18497655
v 1.10627117 2.19795632 -0.16770741
v 2.38585796 3.58612895 -0.19193837
v 3.26003017 3.97546935 -0.19873235
v 1.90729656 3.16349292 -0.18456075
v 2.76474514 4.04181147 -0.19989202
v 3.19287624 4.05628395 -0.20014379
v 3.14418544 4.14496565 -0.20169255
v 2.40215816 3.70871902 -0.19407842
v 1.30016460 2.73639774 -0.17710683
v 1.80051937 3.16068840 -0.18451116
v 2.40519466 3.88261533 -0.19711110
v 1.69726696 3.17840886 -0.18482015
v 1.60286464 3.21401405 -0.18544194
v 2.29773845 4.24001217 -14.84252736
v 3.06142940 4.49857473 -14.85230062
v 2.76474514 4.04181147 -15.14584157
v 2.40519466 3.88261533 -15.14861867
v 2.37895717 3.96738410 -15.13698003
v 3.14418544 4.14496565 -15.14404103
v 3.12542095 4.21608257 -15.13545415
v 2.54055919 4.23918200 -15.03323934
v 2.35484829 4.04692984 -15.10590169
v 2.33366909 4.11801243 -15.05661580
v 2.31636562 4.17682743 -14.99098775
v 2.30399456 4.21898794 -14.91346166
v 2.81306591 4.33584070 -15.03162953
v 3.06738796 4.46870565 -14.93529317
v 3.07722606 4.42133093 -15.00895497
v 3.09097805 4.35863352 -15.06917760
v 3.10845317 4.28418303 -15.11295506
v 0.66458644 1.63831687 -14.89240453
v 0.69270076 1.63922763 -14.97269628
v 1.10627117 2.19795632 -15.17802617
v 0.95045223 1.63831687 -15.17826650
v 0.87016048 1.63922763 -15.15015599
v 1.03497829 1.63700819 -15.18781468
v 1.30715313 3.42889953 -14.86900136
v 1.33160915 3.41033173 -14.95228383
v 1.54206218 3.25601816 -15.15214726
v 1.30016460 2.73639774 -15.16862676
v 1.48448696 3.29686713 -15.12994954
v 1.60286464 3.21401405 -15.16028783
v 0.84687938 2.26127672 -15.06615254
v 0.73796978 1.63969469 -15.04472539
v 0.79812755 1.63969469 -15.10488317
v 1.05919399 2.84940290 -15.05636403
v 1.37044658 3.38085651 -15.02612111
v 1.42224254 3.34216905 -15.08635137
v 6.34113063 2.88533568 -14.78886220
v 5.97718944 3.41213441 -14.92533299
v 5.99440136 3.42507052 -14.85455510
v 6.00056591 3.42923832 -14.78058049
v 5.99611797 2.73251867 -15.16869542
v 5.69553127 3.20897746 -15.16037557
v 5.76833858 3.25914526 -15.14886281
v 5.83598461 3.30723310 -15.11739156
v 6.62980022 1.63831687 -14.89240453
v 6.55912532 2.27370143 -14.79817769
v 6.63934841 1.63700819 -14.80787465
v 6.60168590 1.63922763 -14.97269628
v 6.34393444 1.63831687 -15.17826650
v 6.18860759 2.19589424 -15.17806050
v 6.42422618 1.63922763 -15.15015599
v 6.25940456 1.63700819 -15.18781468
v 6.23727550 2.84515929 -15.05643651
v 5.89524593 3.35052323 -15.06794164
v 5.94299450 3.38625503 -15.00270650
v 6.44806804 2.25897074 -15.06619069
v 6.55641307 1.63969469 -15.04472539
v 6.49625530 1.63969469 -15.10488317
v 4.63159694 4.40209341 -14.76576421
v 4.23907222 4.50065327 -14.83783147
v 4.24056759 4.50786018 -14.76415441
v 5.00131740 4.23388624 -14.85710332
v 5.00466671 4.24427319 -14.76816747
v 4.53473034 4.03999853 -15.14587209
v 4.15501155 4.14403582 -15.14405629
v 4.17749920 4.22909737 -15.13202092
v 4.91648235 3.95076680 -15.14019963
v 4.93726863 4.01872301 -15.11795995
v 4.89438762 3.87981820 -15.14866826
v 4.48685207 4.33418131 -15.03165624
v 4.19728984 4.30917978 -15.10024068
v 4.21373500 4.38018894 -15.05067632
v 4.22627773 4.43804741 -14.98550221
v 4.23487987 4.47971725 -14.90834996
v 4.75949611 4.23683405 -15.03327748
v 4.99237194 4.20375967 -14.94061086
v 4.97831478 4.15604877 -15.01446340
v 4.95966091 4.09313536 -15.07452199
v 5.60104503 3.17360711 -15.16099355
v 5.49774685 3.15614319 -15.16129872
v 4.89745082 3.70435786 -15.15173146
v 5.39097728 3.15921235 -15.16124532
v 4.91366710 3.58210397 -15.15386388
v 5.28690090 3.18323708 -15.16082570
v 4.10624446 4.05557203 -15.14560124
v 4.03908290 3.97498536 -15.14700505
v 5.19137325 3.22625041 -15.16007421
v 3.95587673 3.90776753 -15.14817998
v 4.95852794 3.46415830 -15.15592381
v 3.86105861 3.85826850 -15.14904210
v 5.01733150 3.37441516 -15.15748784
v 3.76037349 3.82881141 -15.14955708
v 5.09084072 3.29963541 -15.15879628
v 3.65980281 3.81936288 -15.14972493
v 5.10889949 3.28436065 -15.15906331
v 3.63980236 3.81936288 -15.14972493
v 3.19287624 4.05628395 -15.14558599
v 3.26003017 3.97546935 -15.14699742
v 2.40215816 3.70871902 -15.15165517
v 2.39009609 3.60426307 -15.15347859
v 3.34330120 3.90804553 -15.14817616
v 2.35703792 3.50186157 -15.15526387
v 3.43824138 3.85838962 -15.14904210
v 2.29310741 3.39263701 -15.15717122
v 3.53907909 3.82884002 -15.14955708
v 2.20775356 3.30314660 -15.15873525
v 1.67861690 3.18387485 -15.16081426
v 1.75850811 3.16541219 -15.16113851
v 0.99855175 -0.44999999 -15.22424504
v 6.29583492 -0.44999999 -15.22424504
v 6.63723888 1.70909381 -10.76251027
v 6.63934841 1.63700819 -10.84873769
v 6.63424816 1.76709056 -10.66679189
v 6.62966289 1.83089256 -10.49563024
v 6.62749614 1.85551500 -10.29365346
v 6.62749614 1.85551500 -5.05207631
v 6.63934841 1.63700819 -4.49699590
v 6.63588085 1.73828292 -4.62742421
v 6.63139476 1.80872202 -4.77614018
v 6.62857570 1.84377217 -4.91179845
v 3.06080761 4.50173903 -0.50791356
v 2.29872646 4.23674536 -0.48868367
v 3.12185802 4.23006868 -0.21372411
v 2.38319149 3.95358443 -0.20558354
v 2.36249294 4.02155924 -0.22782704
v 2.81306591 4.33584070 -0.31410405
v 3.10221996 4.31018782 -0.24550817
v 3.08591213 4.38122702 -0.29507253
v 3.07348003 4.43910933 -0.36024663
v 3.06495418 4.48079538 -0.43739888
v 2.54055919 4.23918200 -0.31249425
v 2.30762996 4.20661879 -0.40517995
v 2.32162609 4.15890694 -0.33132741
v 2.34019985 4.09598732 -0.27127263
v 1.32172145 3.41786432 -0.42049214
v 1.30454387 3.43084335 -0.49126622
v 1.53018703 3.26436090 -0.19695851
v 1.46266307 3.31261516 -0.22842977
v 0.66458644 1.63831687 -0.45332906
v 0.69270076 1.63922763 -0.37303731
v 0.95045223 1.63831687 -0.16746327
v 0.87016048 1.63922763 -0.19557759
v 1.05919399 2.84940290 -0.28936574
v 1.40350856 3.35605121 -0.27787969
v 1.35585155 3.39190054 -0.34311864
v 0.84687938 2.26127672 -0.27958104
v 0.73796978 1.63969469 -0.30100438
v 0.79812755 1.63969469 -0.24084661
v -9.60175190 3.17360711 -11.46827123
v -9.24345646 2.80494237 -11.46183583
v -9.50726567 3.20897746 -11.46888921
v -9.70505009 3.15614319 -11.46796605
v -9.81181965 3.15921235 -11.46801946
v -9.05760441 2.35506678 -11.45398137
v -9.91589604 3.18323708 -11.46843907
v -8.95933209 1.88264513 -11.44573781
v -10.01142178 3.22625041 -11.46919057
v -10.66806469 4.03999853 -11.48339269
v -10.29334507 3.60018849 -11.47571752
v -10.30534611 3.70435786 -11.47753331
v -10.30840741 3.87981820 -11.48059651
v -11.16371403 3.97498536 -11.48225972
v -11.09655247 4.05557203 -11.48366734
v -11.24691830 3.90776753 -11.48108479
v -10.26046620 3.49805737 -11.47393224
v -11.04778347 4.14403582 -11.48520848
v -11.34173832 3.85826850 -11.48022267
v -10.19688282 3.38905811 -11.47203252
v -11.44242154 3.82881141 -11.47970769
v -10.11195622 3.29963541 -11.47047231
v -11.54299412 3.81936288 -11.47954366
v -10.09389744 3.28436065 -11.47020528
v -11.56299458 3.81936288 -11.47954366
v -14.15187512 1.88264513 -11.44573781
v -12.99504338 3.30314660 -11.47053334
v -11.66371785 3.82884002 -11.47970769
v -12.92116795 3.37797308 -11.47183797
v -11.76455174 3.85838962 -11.48022267
v -13.01310978 3.28794265 -11.47026631
v -13.09572850 3.23003650 -11.46925542
v -12.86204586 3.46788239 -11.47340581
v -11.85949574 3.90804553 -11.48108861
v -13.19136105 3.18725967 -11.46850774
v -12.81693898 3.58612895 -11.47546956
v -11.94276486 3.97546935 -11.48226735
v -14.05297718 2.35710025 -11.45401952
v -13.29549847 3.16349292 -11.46809575
v -12.43805180 4.04181147 -11.48342702
v -12.00992070 4.05628395 -11.48367879
v -12.05860958 4.14496565 -11.48522756
v -12.80063496 3.70871902 -11.47760961
v -13.86573468 2.80875397 -11.46190068
v -13.40227566 3.16068840 -11.46804616
v -12.79760037 3.88261533 -11.48064610
v -13.50552998 3.17840886 -11.46835515
v -13.59993039 3.21401405 -11.46897695
v -12.53435002 4.40403843 -14.76573369
v -12.90740834 4.24713326 -11.86114308
v -12.53435002 4.40403843 -11.86353108
v -12.14347134 4.50894880 -11.86512944
v -12.90740834 4.24713326 -14.76812551
v -12.14347134 4.50894880 -14.76413533
v -14.54775868 1.63700819 -14.80787465
v -14.54775868 1.63700819 -11.77975270
v -14.54206524 1.77628851 -11.81320378
v -14.52948628 1.91854572 -11.82567784
v -14.46697483 2.27606511 -14.79814336
v -14.41730938 2.45852232 -11.83390233
v -14.24737988 2.88978553 -14.78879354
v -14.20531140 2.97284341 -11.84173390
v -13.90440617 3.43502736 -14.78049275
v -13.90440617 3.43502736 -11.84877583
v -12.90505658 4.24001217 -14.84252736
v -12.14136563 4.49857473 -14.85230062
v -12.43805180 4.04181147 -15.14584157
v -12.79760037 3.88261533 -15.14861867
v -12.82383595 3.96738410 -15.13698003
v -12.05860958 4.14496565 -15.14404103
v -12.07737599 4.21608257 -15.13545415
v -12.66223393 4.23918200 -15.03323934
v -12.84794674 4.04692984 -15.10590169
v -12.86912594 4.11801243 -15.05661580
v -12.88642941 4.17682743 -14.99098775
v -12.89880047 4.21898794 -14.91346166
v -12.38973103 4.33584070 -15.03162953
v -12.13540707 4.46870565 -14.93529317
v -12.12557087 4.42133093 -15.00895497
v -12.11181698 4.35863352 -15.06917760
v -12.09434185 4.28418303 -15.11295506
v -14.53821049 1.63831687 -14.89240453
v -14.51009617 1.63922763 -14.97269628
v -14.09652577 2.19795632 -15.17802617
v -14.25234471 1.63831687 -15.17826650
v -14.33263646 1.63922763 -15.15015599
v -14.16781674 1.63700819 -15.18781468
v -13.89564190 3.42889953 -14.86900136
v -13.87118588 3.41033173 -14.95228383
v -13.66073475 3.25601816 -15.15214726
v -13.90263043 2.73639774 -15.16862676
v -13.71830998 3.29686713 -15.12994954
v -13.59993039 3.21401405 -15.16028783
v -14.35591565 2.26127672 -15.06615254
v -14.46482525 1.63969469 -15.04472539
v -14.40466748 1.63969469 -15.10488317
v -14.14360104 2.84940290 -15.05636403
v -13.83235035 3.38085651 -15.02612111
v -13.78055439 3.34216905 -15.08635137
v -9.20667706 2.73251867 -15.16869542
v -10.66806469 4.03999853 -15.14587209
v -10.30840741 3.87981820 -15.14866826
v -10.30534611 3.70435786 -15.15173146
v -9.86856137 3.16961026 -15.16106603
v -10.28912602 3.58210397 -15.15386388
v -9.01418744 2.19589424 -15.17806050
v -9.98883686 3.21401572 -15.16028783
v -11.09655247 4.05557203 -15.14560124
v -11.04778347 4.14403582 -15.14405629
v -11.16371403 3.97498536 -15.14700505
v -8.94339047 1.63700819 -15.18781468
v -10.09389744 3.28436065 -15.15906331
v -11.24691830 3.90776753 -15.14817998
v -10.24426709 3.46415830 -15.15592381
v -11.34173832 3.85826850 -15.14904210
v -10.18546353 3.37441516 -15.15748784
v -11.44242154 3.82881141 -15.14955708
v -10.11195622 3.29963541 -15.15879628
v -11.54299412 3.81936288 -15.14972493
v -11.56299458 3.81936288 -15.14972493
v -12.00992070 4.05628395 -15.14558599
v -11.94276486 3.97546935 -15.14699742
v -12.80063496 3.70871902 -15.15165517
v -12.81269894 3.60426307 -15.15347859
v -11.85949574 3.90804553 -15.14817616
v -12.84575901 3.50186157 -15.15526387
v -11.76455174 3.85838962 -15.14904210
v -12.90968762 3.39263701 -15.15717122
v -11.66371785 3.82884002 -15.14955708
v -12.99504338 3.30314660 -15.15873525
v -13.52417813 3.18387485 -15.16081426
v -13.44428883 3.16541219 -15.16113851
v -14.20424519 -0.44999999 -15.22424504
v -8.90696202 -0.44999999 -15.22424504
v -9.20222912 3.42923832 -14.78058049
v -9.20222912 3.42923832 -11.84868428
v -8.90359936 2.96847034 -11.84166905
v -8.86166439 2.88533568 -14.78886220
v -8.69318257 2.45619154 -11.83386800
v -8.64366970 2.27370143 -14.79817769
v -8.58172093 1.91854572 -11.82567784
v -8.56344853 1.63700819 -14.80787465
v -8.56913815 1.77628851 -11.81321141
v -8.56344853 1.63700819 -11.77975270
v -10.57119809 4.40209341 -14.76576421
v -10.96222744 4.50786018 -14.76415441
v -10.96222744 4.50786018 -11.86511418
v -10.57119809 4.40209341 -11.86350057
v -10.19812642 4.24427319 -14.76816747
v -10.19812642 4.24427319 -11.86109731
v -9.22560559 3.41213441 -14.92533299
v -9.20839558 3.42507052 -14.85455510
v -9.43445835 3.25914526 -15.14886281
v -9.36681233 3.30723310 -15.11739156
v -8.57299672 1.63831687 -14.89240453
v -8.60111103 1.63922763 -14.97269628
v -8.85886250 1.63831687 -15.17826650
v -8.77856884 1.63922763 -15.15015599
v -8.96552143 2.84515929 -15.05643651
v -9.30754910 3.35052323 -15.06794164
v -9.25980053 3.38625503 -15.00270650
v -8.75472699 2.25897074 -15.06619069
v -8.64638195 1.63969469 -15.04472539
v -8.70653973 1.63969469 -15.10488317
v -10.96372471 4.50065327 -14.83783147
v -10.20147953 4.23388624 -14.85710332
v -11.02529583 4.22909737 -15.13202092
v -10.28631268 3.95076680 -15.14019963
v -10.26552639 4.01872301 -15.11795995
v -10.71594487 4.33418131 -15.03165624
v -11.00550518 4.30917978 -15.10024068
v -10.98906193 4.38018894 -15.05067632
v -10.97651921 4.43804741 -14.98550221
v -10.96791516 4.47971725 -14.90834996
v -10.44329892 4.23683405 -15.03327748
v -10.21042500 4.20375967 -14.94061086
v -10.22448216 4.15604877 -15.01446340
v -10.24313603 4.09313536 -15.07452199
v -8.59132824 1.91893744 -11.74123570
v -8.61934338 1.91718221 -11.66102025
v -8.87540875 1.89192915 -11.45540425
v -8.79568158 1.90041709 -11.48359105
v -9.21100865 3.42313313 -11.76017186
v -9.23551236 3.40462613 -11.67688939
v -9.44635449 3.25083160 -11.47702596
v -9.38867627 3.29153872 -11.49922368
v -8.80231915 2.43340135 -11.56597707
v -8.66436634 1.91336751 -11.58903691
v -8.72414074 1.90768433 -11.52889058
v -9.00632344 2.92613769 -11.57417867
v -9.27442418 3.37524700 -11.60305211
v -9.32631741 3.33668733 -11.54282186
v -10.20048771 4.23715448 -11.78668782
v -10.96435414 4.49748993 -11.77694890
v -10.28206120 3.96456075 -11.49223134
v -11.02888356 4.21511793 -11.49379537
v -10.44329892 4.23683405 -11.59598729
v -10.25785122 4.04408121 -11.52329823
v -10.23658047 4.11515284 -11.57258412
v -10.21919880 4.17397308 -11.63821980
v -10.20677243 4.21613312 -11.71574971
v -10.71594487 4.33418131 -11.59760854
v -10.97037182 4.46763229 -11.69395635
v -10.98029766 4.42027617 -11.62029454
v -10.99416981 4.35760450 -11.56007192
v -11.01178608 4.28318691 -11.51629445
v -12.14198933 4.50173903 -11.79144856
v -12.90407048 4.23674536 -11.77221486
v -12.08093701 4.23006868 -11.49725911
v -12.81960354 3.95358443 -11.48911855
v -12.84030209 4.02155924 -11.51135823
v -12.38973103 4.33584070 -11.59763524
v -12.10057507 4.31018782 -11.52904317
v -12.11688290 4.38122702 -11.57860753
v -12.12931500 4.43910933 -11.64378163
v -12.13784085 4.48079538 -11.72093389
v -12.66223393 4.23918200 -11.59602925
v -12.89516507 4.20661879 -11.68871495
v -12.88116894 4.15890694 -11.61486241
v -12.86259709 4.09598732 -11.55480763
v -13.88107357 3.41786432 -11.70402333
v -13.89825116 3.43084335 -11.77480123
v -13.67260991 3.26436090 -11.48049352
v -13.74013386 3.31261516 -11.51196477
v -14.51987896 1.91893744 -11.74123570
v -14.49186383 1.91718221 -11.66102025
v -14.23579846 1.89192915 -11.45540425
v -14.31552563 1.90041709 -11.48359105
v -14.10266743 2.93031621 -11.57424733
v -13.79928837 3.35605121 -11.56141469
v -13.84694538 3.39190054 -11.62665364
v -14.30818043 2.43566537 -11.56601521
v -14.44684086 1.91336751 -11.58903691
v -14.38706456 1.90768433 -11.52889058
v -0.14177952 2.80494237 -5.36071965
v -0.14821110 3.17360711 -5.71901509
v -0.14882908 3.20897746 -5.62452886
v -0.14790974 3.15614319 -5.82231328
v -0.16333638 4.03999853 -6.78532598
v -0.16054020 3.87981820 -6.42566869
v -0.15747700 3.70435786 -6.42260930
v -0.14796315 3.15921235 -5.92908284
v -0.13392506 2.35506678 -5.17486760
v -0.15534459 3.58210397 -6.40638921
v -0.14838276 3.18323708 -6.03315923
v -0.16360722 4.05557203 -7.21381566
v -0.16515217 4.14403582 -7.16504476
v -0.12567768 1.88264513 -5.07659337
v -0.14913044 3.22625041 -6.12868306
v -0.16219960 3.97498536 -7.28097722
v -0.16102848 3.90776753 -7.36417958
v -0.15328465 3.46415830 -6.36153218
v -0.16016255 3.85826850 -7.45900151
v -0.15171681 3.37441516 -6.30272481
v -0.15965138 3.82881141 -7.55968282
v -0.15041218 3.29963541 -6.22921941
v -0.15948353 3.81936288 -7.66025731
v -0.15014515 3.28436065 -6.21116063
v -0.15948353 3.81936288 -7.68025777
v -0.16336689 4.04181147 -8.55531499
v -0.16516743 4.14496565 -8.17587087
v -0.16361866 4.05628395 -8.12718389
v -0.16221104 3.97546935 -8.06002614
v -0.15755330 3.70871902 -8.91789815
v -0.16058979 3.88261533 -8.91486165
v -0.15572987 3.60426307 -8.92996022
v -0.16103230 3.90804553 -7.97675893
v -0.15394078 3.50186157 -8.96302220
v -0.16016636 3.85838962 -7.88181493
v -0.15203724 3.39263701 -9.02694890
v -0.15965138 3.82884002 -7.78098104
v -0.15047322 3.30314660 -9.11230657
v -0.15021000 3.28794265 -9.13037297
v -0.14919911 3.23003650 -9.21299169
v -0.14184437 2.80875397 -9.98299977
v -0.14891682 3.21401405 -9.71719167
v -0.14829502 3.17840886 -9.62279317
v -0.14798603 3.16068840 -9.51953694
v -0.14803563 3.16349292 -9.41275975
v -0.13395939 2.35710025 -10.17024037
v -0.14845143 3.18725967 -9.30862233
v -0.12567768 1.88264513 -10.26913640
v -8.46595822 1.70909381 -4.68282125
v -8.37973080 1.63700819 -4.68071172
v -0.45969639 1.63700819 -4.68071172
v -0.49314747 1.77628851 -4.68640325
v -8.56167660 1.76709056 -4.68580815
v -8.73283825 1.83089256 -4.69039342
v -0.50562153 1.91854572 -4.69898412
v -8.93481503 1.85551500 -4.69256017
v -0.51380787 2.45619154 -4.81044576
v -18.69061242 1.63700819 -4.68071172
v -14.73147450 1.63700819 -4.68071172
v -14.60104618 1.73828292 -4.68417546
v -14.45233021 1.80872202 -4.68866536
v -14.31667004 1.84377217 -4.69148442
v -18.68091545 2.27370143 -4.76093099
v -14.17639218 1.85551500 -4.69256017
v -18.67160092 2.88533568 -4.97892949
v -0.52160893 2.96847034 -5.02086064
v -18.66331730 3.42923832 -5.31949040
v -0.52862797 3.42923832 -5.31949040
v -18.65090523 4.24427319 -6.31538960
v -0.54104100 4.24427319 -6.31538960
v -0.54344426 4.40209341 -6.68846318
v -18.64850197 4.40209341 -6.68846318
v -0.54505406 4.50786018 -7.07948873
v -18.64689122 4.50786018 -7.07948873
v -18.85543309 1.63922763 -4.71837422
v -18.77514134 1.63831687 -4.69025990
v -19.06079922 2.19589424 -5.13144872
v -19.07055436 1.63700819 -5.06065175
v -19.06100617 1.63831687 -4.97612569
v -19.03289185 1.63922763 -4.89583394
v -18.75183068 3.42313313 -5.32827184
v -18.83511410 3.40462613 -5.35277745
v -19.03497658 3.25083160 -5.56361577
v -19.05143223 2.73251867 -5.32393834
v -19.01277981 3.29153872 -5.50593755
v -19.04311524 3.20897746 -5.62452886
v -18.94892846 2.25897074 -4.87198827
v -18.98762188 1.63969469 -4.82380101
v -18.92746315 1.63969469 -4.76364324
v -18.93917427 2.84515929 -5.08278462
v -18.90895234 3.37524700 -5.39168736
v -18.96917973 3.33668733 -5.44357869
v -18.72531472 4.23715448 -6.31775090
v -18.73505459 4.49748993 -7.08161733
v -19.02860985 4.03999853 -6.78532598
v -19.03140602 3.87981820 -6.42566869
v -19.01977406 3.96456075 -6.39932439
v -19.02679406 4.14403582 -7.16504476
v -19.01820908 4.21511793 -7.14614675
v -18.91601429 4.23683405 -6.56056020
v -18.98870430 4.04408121 -6.37511250
v -18.93941937 4.11515284 -6.35384175
v -18.87378369 4.17397308 -6.33646199
v -18.79625378 4.21613312 -6.32403371
v -18.91439495 4.33418131 -6.83320806
v -18.81804715 4.46763229 -7.08763310
v -18.89171086 4.42027617 -7.09755895
v -18.95193158 4.35760450 -7.11143300
v -18.99571095 4.28318691 -7.12904927
v -19.04363594 3.17915845 -5.69993016
v -19.04395447 3.16089582 -5.77940175
v -19.10698281 -0.44999999 -10.32150838
v -19.10698281 -0.44999999 -5.02422521
v -19.03628693 3.60018849 -6.41060826
v -19.03446827 3.70435786 -6.42260930
v -19.02974472 3.97498536 -7.28097722
v -19.02833805 4.05557203 -7.21381566
v -19.03091774 3.90776753 -7.36417958
v -19.03806935 3.49805737 -6.37772939
v -19.03178177 3.85826850 -7.45900151
v -19.03997193 3.38905811 -6.31414601
v -19.03229580 3.82881141 -7.55968282
v -19.04153309 3.29963541 -6.22921941
v -19.03246079 3.81936288 -7.66025731
v -19.03246079 3.81936288 -7.68025777
v -19.07055436 1.63700819 -10.28507802
v -19.04147206 3.30314660 -9.11230657
v -19.03229580 3.82884002 -7.78098104
v -19.04016552 3.37797308 -9.03843114
v -19.03177987 3.85838962 -7.88181493
v -19.04173718 3.28794265 -9.13037297
v -19.03859578 3.46788239 -8.97930715
v -19.03091298 3.90804553 -7.97675893
v -19.04295693 3.21805739 -9.23521230
v -19.06076298 2.19795632 -10.21378896
v -19.03653202 3.58612895 -8.93420217
v -19.02973614 3.97546935 -8.06002614
v -19.04372654 3.17395782 -9.35511968
v -19.02857838 4.04181147 -8.55531499
v -19.02832566 4.05628395 -8.12718389
v -19.02677784 4.14496565 -8.17587087
v -19.03439198 3.70871902 -8.91789815
v -19.05136452 2.73639774 -10.01989171
v -19.03135739 3.88261533 -8.91486165
v -18.64847241 4.40403843 -8.65161321
v -18.72055397 4.50173903 -8.25925252
v -18.64687500 4.50894880 -8.26073262
v -18.73978672 4.23674536 -9.02133367
v -18.65086136 4.24713326 -9.02467153
v -19.01474343 4.23006868 -8.19819829
v -19.02288494 3.95358443 -8.93686482
v -19.00064431 4.02155924 -8.95756337
v -18.91436730 4.33584070 -8.50699422
v -18.98296128 4.31018782 -8.21783635
v -18.93339501 4.38122702 -8.23414418
v -18.86822377 4.43910933 -8.24658010
v -18.79107151 4.48079538 -8.25510213
v -18.91597519 4.23918200 -8.77949712
v -18.82328854 4.20661879 -9.01242635
v -18.89714108 4.15890694 -8.99843022
v -18.95719777 4.09598732 -8.97986028
v -18.67153321 2.88978553 -10.36464116
v -18.80797825 3.41786432 -9.99833486
v -18.73720227 3.43084335 -10.01551244
v -18.66322956 3.43502736 -10.02166936
v -19.03150998 3.26436090 -9.78987309
v -19.00003777 3.31261516 -9.85739705
v -18.77514134 1.63831687 -10.65547368
v -18.68087922 2.27606511 -10.58423802
v -18.69061242 1.63700819 -10.66502187
v -18.85543309 1.63922763 -10.62735936
v -19.06100617 1.63831687 -10.36960790
v -19.03289185 1.63922763 -10.44989964
v -18.93910370 2.84940290 -10.26086232
v -18.95058785 3.35605121 -9.91655156
v -18.88534985 3.39190054 -9.96420857
v -18.94888935 2.26127672 -10.47317693
v -18.98762188 1.63969469 -10.52192876
v -18.92746315 1.63969469 -10.58208653
v -0.54506932 4.50894880 -8.26073262
v -0.54347477 4.40403843 -8.65161321
v -0.54108296 4.24713326 -9.02467153
v -0.52871571 3.43502736 -10.02166936
v -0.52167759 2.97284341 -10.32257268
v -0.51384602 2.45852232 -10.53457067
v -8.93481503 1.85551500 -10.65316960
v -0.50562153 1.91854572 -10.64674947
v -8.79453717 1.84377217 -10.65424916
v -8.65887700 1.80872202 -10.65706822
v -0.49315510 1.77628851 -10.65933034
v -8.51016102 1.73828292 -10.66155431
v -8.37973080 1.63700819 -10.66502187
v -0.45969639 1.63700819 -10.66502187
v -14.17639218 1.85551500 -10.65316960
v -14.37836895 1.83089256 -10.65533635
v -14.54953061 1.76709056 -10.65992162
v -14.64524899 1.70909381 -10.66291234
v -14.73147450 1.63700819 -10.66502187
v -0.46668110 4.24001217 -9.02231786
v -0.45690785 4.49857473 -8.25862691
v -0.17222844 3.96738410 -8.94109914
v -0.17375431 4.21608257 -8.19463918
v -0.27596913 4.23918200 -8.77949712
v -0.20330677 4.04692984 -8.96520802
v -0.25259266 4.11801243 -8.98638722
v -0.31822071 4.17682743 -9.00369069
v -0.39574681 4.21898794 -9.01606175
v -0.27757893 4.33584070 -8.50699422
v -0.37391529 4.46870565 -8.25266835
v -0.30025349 4.42133093 -8.24283406
v -0.24003086 4.35863352 -8.22907826
v -0.19625340 4.28418303 -8.21160314
v -0.42117939 1.91893744 -10.63714025
v -0.34096012 1.91718221 -10.60912511
v -0.13534794 1.89192915 -10.35305974
v -0.16353474 1.90041709 -10.43278691
v -0.44020329 3.42889953 -10.01290318
v -0.35692463 3.41033173 -9.98844716
v -0.15705738 3.25601816 -9.77799794
v -0.17925892 3.29686713 -9.83557317
v -0.24595890 2.43566537 -10.42544362
v -0.26898060 1.91336751 -10.56410405
v -0.20883427 1.90768433 -10.50432775
v -0.25418721 2.93031621 -10.21993062
v -0.28308354 3.38085651 -9.94961354
v -0.22285710 3.34216905 -9.89781758
v -0.38387547 3.41213441 -5.34286687
v -0.45465336 3.42507052 -5.32565877
v -0.16034565 3.25914526 -5.55172154
v -0.19181691 3.30723310 -5.48407552
v -0.42117939 1.91893744 -4.70858953
v -0.34096012 1.91718221 -4.73660466
v -0.13534794 1.89192915 -4.99267003
v -0.16353474 1.90041709 -4.91294286
v -0.25411854 2.92613769 -5.12358663
v -0.24126301 3.35052323 -5.42481038
v -0.30650196 3.38625503 -5.37706182
v -0.24592076 2.43340135 -4.91958043
v -0.26898060 1.91336751 -4.78162953
v -0.20883427 1.90768433 -4.84140584
v -0.47137318 4.50065327 -7.08098790
v -0.45210514 4.23388624 -6.31874272
v -0.17718373 4.22909737 -7.14255712
v -0.16900883 3.95076680 -6.40357396
v -0.19124470 4.01872301 -6.38278768
v -0.27755223 4.33418131 -6.83320806
v -0.20896778 4.30917978 -7.12276647
v -0.25853215 4.38018894 -7.10632512
v -0.32370625 4.43804741 -7.09378240
v -0.40085850 4.47971725 -7.08517644
v -0.27593098 4.23683405 -6.56056020
v -0.36859761 4.20375967 -6.32768819
v -0.29474125 4.15604877 -6.34174535
v -0.23468647 4.09313536 -6.36039922
v -10.96222744 4.50786018 -3.48061940
v -10.96222744 4.50786018 -0.07146642
v -10.69989834 4.44324923 -0.07146642
v -10.57119809 4.40209341 -3.48222920
v -10.44449864 4.35514545 -0.07146642
v -10.19812642 4.24427319 -3.48463246
v -10.19812642 4.24427319 -0.07146642
v -8.90359936 2.96847034 -3.50406453
v -9.20222912 3.42923832 -3.49704549
v -9.20222912 3.42923832 -0.07146642
v -8.86055432 2.88304377 -0.07146642
v -8.69318257 2.45619154 -3.51186559
v -8.64425908 2.27617884 -0.07146642
v -8.58172093 1.91854572 -3.52005193
v -8.56344853 1.63700819 -0.07146642
v -8.56914006 1.77628851 -3.53252599
v -8.56344853 1.63700819 -3.56597707
v -18.71555767 2.28148484 4.59916118
v -17.77444897 1.63700819 4.32553676
v -18.72612915 1.63700819 4.51759151
v -18.68973122 3.43502736 5.16030314
v -17.73425160 3.43502736 4.98476985
v -18.70316658 2.88759041 4.81604579
v -14.54660283 2.27857065 0.79234508
v -14.46637783 2.27857065 -0.07146642
v -14.54775868 1.63700819 -0.07146642
v -14.65000782 1.63700819 0.89399531
v -14.33245716 2.88746905 0.83246806
v -13.99424229 3.43502736 0.89583781
v -13.90440617 3.43502736 -0.07146642
v -14.24850521 2.88746905 -0.07146642
v -14.78453312 2.27857065 1.62661174
v -14.95221768 1.63700819 1.81662944
v -14.87797604 2.27857065 1.84996608
v -14.58144055 2.88746905 1.70548442
v -14.26067982 3.43502736 1.83005336
v -14.67922268 2.88746905 1.93921092
v -14.69460163 3.43502736 2.69922832
v -15.17203198 2.27857065 2.40279201
v -15.44097958 1.63700819 2.65548900
v -15.37536869 2.27857065 2.70363811
v -14.98693715 2.88746905 2.51771739
v -15.69584141 2.27857065 3.09433940
v -16.09461079 1.63700819 3.37336543
v -15.19971905 2.88746905 2.83253673
v -15.28116856 3.43502736 3.47362712
v -16.04053936 2.27857065 3.43418696
v -15.53507672 2.88746905 3.24138453
v -16.33804760 2.27857065 3.67759135
v -16.88411007 1.63700819 3.93840602
v -15.89578686 2.88746905 3.59701732
v -16.00031529 3.43502736 4.12675670
v -16.84397946 2.27857065 4.00920299
v -16.20711193 2.88746905 3.85172847
v -17.07667790 2.27857065 4.13260081
v -16.73654232 2.88746905 4.19874385
v -16.82744084 3.43502736 4.63628200
v -16.98005162 2.88746905 4.32787517
v -17.75003872 2.27857065 4.40317348
v -17.68468724 2.88746905 4.61101344
v -12.24049626 4.50894880 1.09108928
v -12.14347134 4.50894880 -0.07146642
v -12.40568600 4.44490147 -0.07146642
v -18.65215454 4.50894880 6.92386821
v -17.49959622 4.50894880 6.74341395
v -18.65776215 4.40388680 6.53247264
v -12.75007496 4.35739040 1.00041011
v -12.66103039 4.35739040 -0.07146642
v -12.90740834 4.24713326 -0.07146642
v -12.99307499 4.24713326 0.95975307
v -12.62505970 4.40406322 1.02132228
v -13.01476345 4.35739040 2.04289821
v -13.24772511 4.24713326 1.96270564
v -12.89491330 4.40406322 2.08415797
v -12.52888165 4.50894880 2.22148326
v -13.44784413 4.35739040 3.02742579
v -13.66437970 4.24713326 2.90989116
v -13.33644352 4.40406322 3.08789256
v -13.00065289 4.50894880 3.28843501
v -14.03743992 4.35739040 3.92699626
v -14.23161374 4.24713326 3.77534297
v -13.93754444 4.40406322 4.00501445
v -13.64275418 4.50894880 4.26243022
v -14.76738797 4.35739040 4.71694758
v -14.93387661 4.24713326 4.53533366
v -15.75191746 4.24713326 5.16902736
v -14.68173657 4.40406322 4.81038096
v -14.43742047 4.50894880 5.11651423
v -15.61767826 4.35739040 5.37562373
v -15.54861699 4.40406322 5.48191264
v -15.36266766 4.50894880 5.82705882
v -16.56499920 4.35739040 5.88496974
v -16.66330777 4.24713326 5.65905574
v -16.51442204 4.40406322 6.00119594
v -16.39289341 4.50894880 6.37440684
v -17.58338032 4.35739040 6.23102000
v -18.66432438 4.24713326 6.15867427
v -17.64306317 4.24713326 5.99197963
v -17.55267392 4.40406322 6.35399440
v -14.54206715 1.77628851 -3.53251836
v -14.54775868 1.63700819 -3.56597707
v -14.52948628 1.91854572 -3.52005193
v -14.41730938 2.45852232 -3.51182744
v -14.20531140 2.97284341 -3.50399587
v -13.90440617 3.43502736 -3.49695775
v -12.90740834 4.24713326 -3.48459050
v -12.53435002 4.40403843 -3.48219869
v -12.14347134 4.50894880 -3.48060414
v -9.24345646 2.80494237 -3.88389394
v -10.66806469 4.03999853 -3.86233708
v -10.30840741 3.87981820 -3.86513326
v -10.30534611 3.70435786 -3.86819646
v -9.86856137 3.16961026 -3.87753102
v -9.05760441 2.35506678 -3.89174840
v -10.28912602 3.58210397 -3.87032887
v -11.09655247 4.05557203 -3.86206624
v -11.04778347 4.14403582 -3.86052129
v -8.95933209 1.88264513 -3.89999578
v -9.98883686 3.21401572 -3.87675664
v -11.16371403 3.97498536 -3.86347386
v -11.24691830 3.90776753 -3.86464498
v -10.24426709 3.46415830 -3.87238881
v -11.34173832 3.85826850 -3.86551091
v -10.18546353 3.37441516 -3.87395665
v -11.44242154 3.82881141 -3.86602590
v -10.11195622 3.29963541 -3.87526128
v -11.54299412 3.81936288 -3.86618993
v -10.09389744 3.28436065 -3.87552831
v -11.56299458 3.81936288 -3.86618993
v -12.43805180 4.04181147 -3.86230657
v -12.05860958 4.14496565 -3.86050603
v -12.00992070 4.05628395 -3.86205480
v -11.94276486 3.97546935 -3.86346242
v -12.80063496 3.70871902 -3.86812016
v -12.79760037 3.88261533 -3.86508367
v -12.81269894 3.60426307 -3.86994359
v -11.85949574 3.90804553 -3.86464116
v -12.84575901 3.50186157 -3.87173268
v -11.76455174 3.85838962 -3.86550710
v -12.90968762 3.39263701 -3.87363622
v -11.66371785 3.82884002 -3.86602208
v -12.99504338 3.30314660 -3.87520024
v -13.86573468 2.80875397 -3.88382909
v -13.59993039 3.21401405 -3.87675664
v -13.52417813 3.18387485 -3.87728307
v -13.44428883 3.16541219 -3.87760350
v -14.05297718 2.35710025 -3.89171407
v -14.15187512 1.88264513 -3.89999578
v -10.96372471 4.50065327 -3.55430028
v -10.20147953 4.23388624 -3.57356832
v -11.02529583 4.22909737 -3.84848973
v -10.28631268 3.95076680 -3.85666463
v -10.26552639 4.01872301 -3.83442876
v -10.71594487 4.33418131 -3.74812123
v -11.00550518 4.30917978 -3.81670568
v -10.98906193 4.38018894 -3.76714131
v -10.97651921 4.43804741 -3.70196721
v -10.96791516 4.47971725 -3.62481496
v -10.44329892 4.23683405 -3.74974248
v -10.21042500 4.20375967 -3.65707585
v -10.22448216 4.15604877 -3.73093221
v -10.24313603 4.09313536 -3.79098699
v -9.22560559 3.41213441 -3.64179799
v -9.20839558 3.42507052 -3.57102010
v -9.43445835 3.25914526 -3.86532781
v -9.36681233 3.30723310 -3.83385655
v -8.59132824 1.91893744 -3.60449407
v -8.61934338 1.91718221 -3.68471333
v -8.87540875 1.89192915 -3.89032552
v -8.79568158 1.90041709 -3.86213872
v -9.00632344 2.92613769 -3.77155492
v -9.30754910 3.35052323 -3.78441045
v -9.25980053 3.38625503 -3.71917150
v -8.80231915 2.43340135 -3.77975270
v -8.66436634 1.91336751 -3.75669286
v -8.72414074 1.90768433 -3.81683919
v -14.51987896 1.91893744 -3.60449407
v -14.49186383 1.91718221 -3.68471333
v -14.23579846 1.89192915 -3.89032552
v -14.31552563 1.90041709 -3.86213872
v -13.89564190 3.42889953 -3.58547017
v -13.87118588 3.41033173 -3.66874883
v -13.66073475 3.25601816 -3.86861608
v -13.71830998 3.29686713 -3.84641454
v -14.30818043 2.43566537 -3.77971456
v -14.44684086 1.91336751 -3.75669286
v -14.38706456 1.90768433 -3.81683919
v -14.10266743 2.93031621 -3.77148625
v -13.83235035 3.38085651 -3.74258992
v -13.78055439 3.34216905 -3.80281636
v -12.90505658 4.24001217 -3.55899236
v -12.14136563 4.49857473 -3.56876561
v -12.82383595 3.96738410 -3.85344502
v -12.07737599 4.21608257 -3.85191915
v -12.66223393 4.23918200 -3.74970433
v -12.84794674 4.04692984 -3.82236669
v -12.86912594 4.11801243 -3.77308080
v -12.88642941 4.17682743 -3.70745275
v -12.89880047 4.21898794 -3.62992665
v -12.38973103 4.33584070 -3.74809453
v -12.13540707 4.46870565 -3.65175817
v -12.12557087 4.42133093 -3.72541997
v -12.11181698 4.35863352 -3.78564260
v -12.09434185 4.28418303 -3.82942006
v -18.64102803 4.24427319 8.87253383
v -17.29870282 4.24427319 8.69255641
v -18.64105282 4.40222168 8.49874690
v -10.79586850 4.44324923 1.19898417
v -11.05522023 4.50786018 1.15957454
v -10.54336605 4.35514545 1.23735240
v -10.30049763 4.24427319 1.27899364
v -11.08160077 4.44324923 2.44060328
v -11.33208905 4.50786018 2.36268046
v -10.83772717 4.35514545 2.51646617
v -10.60526524 4.24427319 2.59859660
v -11.55061016 4.44324923 3.62520793
v -11.78655110 4.50786018 3.51054194
v -11.32090054 4.35514545 3.73684505
v -11.10546933 4.24427319 3.85717586
v -12.19225178 4.44324923 4.72591212
v -12.40828953 4.50786018 4.57710460
v -11.98192082 4.35514545 4.87079051
v -11.78967724 4.24427319 5.02597621
v -12.99196492 4.44324923 5.71773723
v -13.18319760 4.50786018 5.53816417
v -12.80578480 4.35514545 5.89256862
v -12.64225064 4.24427319 6.07828334
v -13.93159733 4.44324923 6.57817271
v -14.09368382 4.50786018 6.37191203
v -13.77379284 4.35514545 6.77898982
v -13.64370785 4.24427319 6.99004939
v -14.98982487 4.44324923 7.28769115
v -15.11908589 4.50786018 7.05941966
v -16.23613034 4.50786018 7.58508494
v -14.86397801 4.35514545 7.50993541
v -14.77116070 4.24427319 7.74043468
v -16.14262829 4.44324923 7.83018687
v -16.05159626 4.35514545 8.06881145
v -15.99884472 4.24427319 8.31229213
v -17.36384640 4.44324923 8.19334987
v -17.41946850 4.50786018 7.93698314
v -18.64223919 4.50786018 8.10712245
v -17.30969296 4.35514545 8.44294169
v -18.67326222 1.63700819 10.51103404
v -17.21536885 1.63700819 10.34263042
v -18.66352902 2.27592731 10.42996028
v -8.95900975 2.88378453 1.34641459
v -9.29707394 3.42923832 1.29940990
v -8.74441967 2.27617884 1.37624934
v -8.66510449 1.63700819 1.39259532
v -9.25142918 2.88378453 2.73727992
v -9.57979832 3.42923832 2.64417079
v -9.04299221 2.27617884 2.79638103
v -8.96812497 1.63700819 2.82855800
v -9.73259983 2.88378453 4.07462504
v -10.04501782 3.42923832 3.93718150
v -9.53428707 2.27617884 4.16186717
v -9.46669255 1.63700819 4.20886424
v -10.39335308 2.88378453 5.33296397
v -10.68386708 3.42923832 5.15380672
v -10.20894299 2.27617884 5.44668773
v -10.15123616 1.63700819 5.50702479
v -11.22109661 2.88378453 6.48832133
v -11.48417340 3.42923832 6.27086452
v -12.43068371 3.42923832 7.26706889
v -11.05410633 2.27617884 6.62635615
v -11.00862179 1.63700819 6.69811824
v -12.20006047 2.88378453 7.51868251
v -12.05366955 2.27617884 7.67840007
v -12.02239476 1.63700819 7.75928691
v -13.31159077 2.88378453 8.40441325
v -13.50536595 3.42923832 8.12343791
v -13.18858776 2.27617884 8.58276942
v -13.17309437 1.63700819 8.67016795
v -14.53450261 2.88378453 9.12863734
v -14.68773899 3.42923832 8.82365230
v -14.43723355 2.27617884 9.32222941
v -14.43863926 1.63700819 9.41327861
v -15.84549771 2.88378453 9.67754939
v -15.95527516 3.42923832 9.35437205
v -15.77581654 2.27617884 9.88269237
v -15.79473935 1.63700819 9.97435573
v -17.21959362 2.88378453 10.04069713
v -17.28381977 3.42923832 9.70547679
v -18.64805756 3.42923832 9.87028697
v -18.65494595 2.88384748 10.21250346
v -17.17882595 2.27617884 10.25348094
v -18.95532570 2.56712437 4.81139949
v -19.06065236 2.20427418 4.96818355
v -19.05134926 2.73725176 5.16082194
v -18.95284138 3.02223253 5.03151896
v -19.04296551 3.21758628 5.46647456
v -19.03246270 3.26604557 5.39723781
v -19.00370179 3.31244516 5.33242610
v -18.95825539 3.35442257 5.27471736
v -18.89795552 3.38951898 5.22680858
v -18.82606278 3.41553855 5.19074061
v -18.75975953 3.42929578 5.17062953
v -18.95006237 2.84342146 4.92844966
v -18.95181427 2.75260901 4.88616755
v -18.95902882 2.36368513 4.74616817
v -18.96088086 2.25986409 4.71920970
v -18.96448479 2.05522537 4.67788508
v -19.07055436 1.63700819 4.89586833
v -18.81723462 1.63827920 4.53767207
v -18.90070591 1.63907385 4.57935145
v -18.97151242 1.63934422 4.64010814
v -19.02538548 1.63907385 4.71628383
v -19.05907593 1.63827920 4.80328563
v -18.72506867 4.50123882 6.92735103
v -18.75071679 4.23547745 6.16518214
v -18.83145104 4.20498180 6.17663005
v -19.02852879 4.04461765 6.63680842
v -19.02675209 4.14639997 7.01611522
v -19.01493130 4.23078775 6.99402431
v -19.00189648 4.02309799 6.23488429
v -18.96027241 4.09589148 6.21217540
v -19.02316628 3.95673251 6.25544169
v -19.03127251 3.88746715 6.27691081
v -18.91715966 4.33581877 6.68744090
v -18.98370419 4.31021547 6.97418025
v -18.93494950 4.38072205 6.95717433
v -18.87077008 4.43833780 6.94351008
v -18.79470597 4.48003960 6.93325999
v -18.90259037 4.15769625 6.19248393
v -18.71692810 4.23795748 8.87222484
v -18.73118840 4.49800777 8.10711482
v -19.02865181 4.03756809 8.40941051
v -19.03146706 3.87628293 8.76921657
v -19.01926194 3.96274447 8.79597285
v -18.81511078 4.46836567 8.10291102
v -18.88972054 4.42094803 8.09440806
v -18.99523125 4.28298759 8.06437495
v -18.95078431 4.35795450 8.08149913
v -19.01809369 4.21437597 8.04736140
v -19.02681599 4.14275217 8.02827266
v -18.91296540 4.23669386 8.63593104
v -18.98688660 4.04397869 8.82018855
v -18.93610535 4.11611319 8.84086040
v -18.86901436 4.17508888 8.85695842
v -18.78955899 4.21724510 8.86768153
v -19.04315052 3.20696974 9.56722072
v -19.05148087 2.72969222 9.86853602
v -19.03459225 3.24976015 9.62977794
v -18.83229218 1.95885086 10.45864299
v -18.76057587 1.63842010 10.50490382
v -18.84417591 1.63940549 10.47896007
v -18.91962681 1.63991141 10.43457606
v -18.98292408 1.63991141 10.37410548
v -18.95648823 2.05311275 10.35818675
v -19.06077824 2.19705272 10.06007579
v -19.07055436 1.63700819 10.13148692
v -19.03070889 1.63940549 10.30076030
v -19.06044445 1.63842010 10.21843150
v -18.94275532 2.25768685 10.32707789
v -18.85249291 2.47426653 10.33076671
v -18.93788491 2.55611348 10.23754695
v -19.00254784 2.62502527 10.12186244
v -18.93322812 2.84496570 10.11564067
v -18.92298375 3.02904630 10.02519801
v -18.73918591 3.42423773 9.86456874
v -18.82553635 3.40619135 9.84210017
v -18.90249691 3.37669754 9.80417445
v -18.96550713 3.33752298 9.75219920
v -19.01125298 3.29140520 9.68881801
v -19.04376564 3.17173052 9.46935466
v -19.04404316 3.15582705 9.36702922
v -19.04397736 3.15957737 9.26387599
v -19.04357014 3.18293047 9.16355708
v -19.04283772 3.22489071 9.06934550
v -19.10698281 -0.44999999 4.86258891
v -19.10698281 -0.44999999 10.16954997
v -19.03631554 3.59855437 8.78496745
v -19.03446827 3.70435786 8.77234462
v -19.02979718 3.97199893 7.90971187
v -19.02840958 4.05144691 7.97712520
v -19.03093014 3.90707994 7.82861903
v -19.03807316 3.49784303 8.81789210
v -19.03176747 3.85911059 7.73673442
v -19.03994809 3.39043570 8.88036540
v -19.03228436 3.82949090 7.63728145
v -19.04153309 3.29963541 8.96619227
v -19.03246079 3.81936288 7.53333095
v -19.04179917 3.28436065 8.98427775
v -19.03246079 3.81936288 7.51329997
v -19.04147206 3.30314660 6.07964137
v -19.03228054 3.82972360 7.40840343
v -19.04014073 3.37938166 6.15447047
v -19.03175316 3.85993838 7.30790904
v -19.04173718 3.28794265 6.06155971
v -19.04279099 3.22753906 5.97419932
v -19.03858815 3.46833897 6.21252254
v -19.03090153 3.90870643 7.21533778
v -19.04352627 3.18543673 5.87719539
v -19.03655873 3.58462214 6.25714686
v -19.02975617 3.97432065 7.13413432
v -19.04391919 3.16293335 5.77417186
v -19.02835904 4.05434847 7.06695369
v -19.03439198 3.70871902 6.27396968
v -19.04395352 3.16094947 5.66897395
v -19.04363308 3.17929173 5.56528667
v 0.96699657 -2.79192924 -11.45540425
v 1.05091991 -2.78264523 -11.44573781
v 1.04406871 -2.74853897 -11.44358251
v 1.03911342 -2.71474910 -11.43827626
v 0.95074978 -2.65949798 -11.43243215
v 1.03497829 -2.66146421 -11.42308232
v 0.87071361 -2.65110612 -11.45906636
v 0.88726940 -2.80041718 -11.48359105
v 0.69336834 -2.59301376 -11.62555120
v 0.68291607 -2.81893754 -11.74123570
v 0.71093120 -2.81718230 -11.66102025
v 0.66072597 -2.67628860 -11.81321141
v 0.67331066 -2.81854582 -11.82567784
v 0.66499843 -2.56589484 -11.70068547
v 0.65503826 -2.53700829 -11.77975270
v 0.77641811 -2.74837685 -11.55447194
v 0.75595607 -2.81336761 -11.58903691
v 0.81573238 -2.80768442 -11.52889058
v 0.73874035 -2.61701584 -11.55808827
v 0.79885234 -2.63670659 -11.50165746
v -14.17639218 1.51910245 -4.26993749
v -14.17639218 1.51910245 -4.32408711
v -14.26137982 1.50936568 -4.32213399
v -14.26002560 1.50978470 -4.26993749
v -14.34155331 1.48113763 -4.31772420
v -14.33955822 1.48228848 -4.26993749
v -14.40356694 1.44361115 -4.31366918
v -14.41108952 1.43796229 -4.26993749
v -14.45763455 1.39464641 -4.31076619
v -14.47110997 1.37897968 -4.26993749
v -14.51011143 1.32084692 -4.30822560
v -14.51667843 1.30823350 -4.26993749
v -14.54397641 1.23544240 -4.30528447
v -14.54555760 1.22919297 -4.26993749
v -14.55633412 1.14573431 -4.30219075
v -14.55633412 1.14573431 -4.26993749
v -14.17639218 1.53030014 -4.41442677
v -14.46510754 1.40001094 -4.39248845
v -14.48574124 1.41740239 -4.47017095
v -14.17639218 1.76656675 -4.67320821
v -14.67098294 1.58221984 -4.67061421
v -14.61348019 1.53045726 -4.64274022
v -14.31293545 1.59704041 -4.57244298
v -14.51851330 1.44596148 -4.53997991
v -14.56180439 1.48427737 -4.59846684
v -14.17639218 1.56321526 -4.49929616
v -14.17639218 1.61585593 -4.57356069
v -14.17639218 1.68503547 -4.63272664
v -8.93481503 1.76656675 -4.67320821
v -8.93481503 1.68503547 -4.63272664
v -8.93481503 1.61585593 -4.57356069
v -8.93481503 1.56321526 -4.49929616
v -8.93481503 1.53030014 -4.41442677
v -8.93481503 1.51910245 -4.32408711
v -8.56564961 1.22919297 -4.26993749
v -8.55487309 1.14573431 -4.26993749
v -8.55487309 1.14573431 -4.30219075
v -8.56723080 1.23544240 -4.30528447
v -8.59452877 1.30823350 -4.26993749
v -8.60109578 1.32084692 -4.30822560
v -8.64009724 1.37897968 -4.26993749
v -8.65357266 1.39464641 -4.31076619
v -8.70011769 1.43796229 -4.26993749
v -8.71791134 1.45098472 -4.31432912
v -8.77164898 1.48228848 -4.26993749
v -8.79270993 1.49134195 -4.31915471
v -8.85118161 1.50978470 -4.26993749
v -8.86219464 1.51201046 -4.32262990
v -8.93481503 1.51910245 -4.26993749
v -8.44022427 1.58221984 -4.67061421
v -8.49772702 1.53045726 -4.64274022
v -8.64609967 1.40001094 -4.39248845
v -8.62546597 1.41740239 -4.47017095
v -8.79827176 1.59704041 -4.57244298
v -8.59269390 1.44596148 -4.53997991
v -8.54940091 1.48427737 -4.59846684
v -0.12352620 1.84853888 -10.27598760
v -0.11821995 1.81474900 -10.28094289
v -0.11237202 1.75949788 -10.36930654
v -0.10302220 1.76146412 -10.28507802
v -0.13900624 1.75110602 -10.44934270
v -0.30549107 1.69301367 -10.62668797
v -0.38062535 1.66589475 -10.65506169
v -0.23441182 1.84837675 -10.54364202
v -0.23803196 1.71701574 -10.58131978
v -0.18160115 1.73670650 -10.52120397
v -8.64609967 1.40001094 -10.95324513
v -8.60109578 1.32084692 -11.03750798
v -8.65357266 1.39464641 -11.03496358
v -8.62546597 1.41740239 -10.87555882
v -8.56723080 1.23544240 -11.04044911
v -8.54557667 1.14445996 -10.96123311
v -8.55487309 1.14573431 -11.04353902
v -8.51820240 1.14357316 -10.88305470
v -8.27615796 1.49135137 -10.66756246
v -8.44022427 1.58221984 -10.67511937
v -8.49772702 1.53045726 -10.70298955
v -8.20931874 1.32278967 -10.67050359
v -8.26723347 1.14445996 -10.68289372
v -8.34541378 1.14357316 -10.71026799
v -8.18492947 1.14573431 -10.67359731
v -8.50479374 1.36798811 -10.77701756
v -8.54940091 1.48427737 -10.74726293
v -8.59269390 1.44596148 -10.80574986
v -8.46216641 1.25912344 -10.77942082
v -8.41554699 1.14311838 -10.75434682
v -8.47412358 1.14311838 -10.81292150
v -8.93481503 1.53030014 -10.93130681
v -8.84982739 1.50936568 -11.02359960
v -8.93481503 1.51910245 -11.02164266
v -8.70764027 1.44361115 -11.03206441
v -8.76965390 1.48113763 -11.02800939
v -8.93481503 1.76656675 -10.67252156
v -8.79827176 1.59704041 -10.77329061
v -8.93481503 1.68503547 -10.71300694
v -8.93481503 1.61585593 -10.77217290
v -8.93481503 1.56321526 -10.84643743
v -8.55487309 1.14573431 -11.07579228
v -8.56564961 1.22919297 -11.07579228
v -8.59452877 1.30823350 -11.07579228
v -8.64009724 1.37897968 -11.07579228
v -8.70011769 1.43796229 -11.07579228
v -8.77164898 1.48228848 -11.07579228
v -8.85118161 1.50978470 -11.07579228
v -8.93481503 1.51910245 -11.07579228
v -14.17639218 1.51910245 -11.02164266
v -14.17639218 1.53030014 -10.93130681
v -14.17639218 1.56321526 -10.84643743
v -14.17639218 1.61585593 -10.77217290
v -14.17639218 1.68503547 -10.71300694
v -14.17639218 1.76656675 -10.67252156
v -14.24901257 1.51201046 -11.02309987
v -14.17639218 1.51910245 -11.07579228
v -14.26002560 1.50978470 -11.07579228
v -14.31849537 1.49134195 -11.02657506
v -14.33955822 1.48228848 -11.07579228
v -14.39329586 1.45098472 -11.03140447
v -14.41108952 1.43796229 -11.07579228
v -14.45763455 1.39464641 -11.03496358
v -14.47110997 1.37897968 -11.07579228
v -14.51011143 1.32084692 -11.03750798
v -14.51667843 1.30823350 -11.07579228
v -14.54397641 1.23544240 -11.04044911
v -14.54555760 1.22919297 -11.07579228
v -14.55633412 1.14573431 -11.04353902
v -14.55633412 1.14573431 -11.07579228
v -14.55006466 1.50484717 -11.71587560
v -14.53779850 1.66589475 -11.70068547
v -14.50942669 1.69301367 -11.62555120
v -14.55219136 1.38305879 -11.62320897
v -14.17012272 1.69626474 -11.39156911
v -14.25204335 1.75949788 -11.43243215
v -14.33208142 1.75110602 -11.45906636
v -14.16781674 1.76146412 -11.42308232
v -14.55608235 1.16009879 -11.22187612
v -14.17224942 1.63618255 -11.34584996
v -14.55529843 1.20506549 -11.36815831
v -14.17614041 1.52618885 -11.14785954
v -14.17535649 1.54837239 -11.22002599
v -14.44079266 1.49750841 -11.35232350
v -14.17403660 1.58568335 -11.28754231
v -14.46405468 1.71701574 -11.55808827
v -14.40394268 1.73670650 -11.50165746
v -14.55397854 1.28069580 -11.50501058
v -14.16192685 1.82822037 -11.44078633
v -14.16577015 1.79465628 -11.43356130
v -14.42637883 1.84837675 -11.55447194
v -8.95248089 1.84853888 -11.44358251
v -8.94752560 1.81474900 -11.43827626
v -8.85916195 1.75949788 -11.43243215
v -8.94339047 1.76146412 -11.42308232
v -8.77912579 1.75110602 -11.45906636
v -8.60178051 1.69301367 -11.62555120
v -8.57340870 1.66589475 -11.70068547
v -8.68482838 1.84837675 -11.55447194
v -8.64715062 1.71701574 -11.55808827
v -8.70726262 1.73670650 -11.50165746
v 6.64684810 1.76656675 -10.29365346
v 6.64944591 1.58221984 -10.78824422
v 6.67731609 1.53045726 -10.73074147
v 6.99596920 1.51910245 -10.29365346
v 6.99742641 1.51201046 -10.36627385
v 6.90563335 1.53030014 -10.29365346
v 7.00573101 1.45098472 -10.51055715
v 6.92757167 1.40001094 -10.58236882
v 6.84988536 1.41740239 -10.60300252
v 7.00929012 1.39464641 -10.57489583
v 6.74761715 1.59704041 -10.43019673
v 6.72158947 1.48427737 -10.67906758
v 6.78007640 1.44596148 -10.63577458
v 7.00090160 1.49134195 -10.43575856
v 6.68733348 1.68503547 -10.29365346
v 6.74649944 1.61585593 -10.29365346
v 6.82076397 1.56321526 -10.29365346
v 6.64684810 1.76656675 -5.05207631
v 6.68733348 1.68503547 -5.05207631
v 6.74649944 1.61585593 -5.05207631
v 6.82076397 1.56321526 -5.05207631
v 6.90563335 1.53030014 -5.05207631
v 6.99596920 1.51910245 -5.05207631
v 6.99792614 1.50936568 -4.96708867
v 7.00639095 1.44361115 -4.82490346
v 6.92757167 1.40001094 -4.76336095
v 7.00929012 1.39464641 -4.77083394
v 7.00233593 1.48113763 -4.88691518
v 6.84988536 1.41740239 -4.74272725
v 6.64944591 1.58221984 -4.55748555
v 6.67731609 1.53045726 -4.61498830
v 6.74761715 1.59704041 -4.91553304
v 6.72158947 1.48427737 -4.66666219
v 6.78007640 1.44596148 -4.70995519
v 6.65722026 -2.04446006 -10.96123311
v 6.63556423 -2.13544250 -11.04044911
v 6.64792385 -2.04573441 -11.04353902
v 6.68459453 -2.04357314 -10.88305470
v 6.60170116 -2.22084689 -11.03750798
v 6.55669536 -2.30001092 -10.95324513
v 6.54922237 -2.29464650 -11.03496358
v 6.57732906 -2.31740236 -10.87555882
v 6.93556347 -2.04446006 -10.68289372
v 6.99347820 -2.22278976 -10.67050359
v 6.85738124 -2.04357314 -10.71026799
v 7.01786556 -2.04573441 -10.67359731
v 6.92663707 -2.39135146 -10.66756246
v 6.76257076 -2.48221993 -10.67511937
v 6.70506801 -2.43045735 -10.70298955
v 6.82306423 -2.53700829 -10.66502187
v 6.74062862 -2.15912342 -10.77942082
v 6.72867336 -2.04311848 -10.81292150
v 6.78724804 -2.04311848 -10.75434682
v 6.69800319 -2.26798820 -10.77701756
v 6.61010112 -2.34596157 -10.80574986
v 6.65339412 -2.38427734 -10.74726293
v 6.93556347 1.14445996 -10.68289372
v 7.01477565 1.23544240 -10.66123769
v 7.01786556 1.14573431 -10.67359731
v 6.85738124 1.14357316 -10.71026799
v 7.01183452 1.32084692 -10.62737462
v 6.64792385 1.14573431 -11.04353902
v 6.64483394 1.32278967 -11.01915166
v 6.65722026 1.14445996 -10.96123311
v 6.68459453 1.14357316 -10.88305470
v 6.64188900 1.49135137 -10.95231053
v 6.75375118 1.25912344 -10.76630208
v 6.72867336 1.14311838 -10.81292150
v 6.78724804 1.14311838 -10.75434682
v 6.75134410 1.36798811 -10.72367665
v 6.67577495 -0.44999999 -11.07139394
v 6.68696346 -0.44999999 -10.98110005
v 6.71825542 -0.44999999 -10.89925572
v 6.76404705 -0.44999999 -10.83154866
v 6.82417431 -0.44999999 -10.77511022
v 6.89412441 -0.44999999 -10.73393056
v 6.96830120 -0.44999999 -10.70963857
v 7.00752010 -0.44999999 -10.70342824
v 7.04572048 -0.44999999 -10.70144841
v 6.26798000 -2.66656685 -10.67252156
v 6.46995678 -2.73089266 -10.65533635
v 6.26798000 -2.75551510 -10.65316960
v 6.64111843 -2.66709065 -10.65992162
v 6.73683681 -2.60909390 -10.66291234
v 6.26798000 -2.41910243 -11.02164266
v 6.34060039 -2.41201043 -11.02309987
v 6.26798000 -2.43030024 -10.93130681
v 6.48488369 -2.35098481 -11.03140447
v 6.40452327 -2.49704051 -10.77329061
v 6.41008510 -2.39134192 -11.02657506
v 6.26798000 -2.46321535 -10.84643743
v 6.26798000 -2.51585603 -10.77217290
v 6.26798000 -2.58503556 -10.71300694
v 6.26798000 -2.41910243 -11.07579228
v 6.35161342 -2.40978479 -11.07579228
v 6.43114605 -2.38228846 -11.07579228
v 6.50267925 -2.33796239 -11.07579228
v 6.56269970 -2.27897978 -11.07579228
v 6.60826625 -2.20823359 -11.07579228
v 6.63714733 -2.12919307 -11.07579228
v 6.64792385 -2.04573441 -11.07579228
v 6.64165248 -2.40484715 -11.71587560
v 6.62938823 -2.56589484 -11.70068547
v 6.60101451 -2.59301376 -11.62555120
v 6.64378109 -2.28305888 -11.62320897
v 6.26171245 -2.59626484 -11.39156911
v 6.34363308 -2.65949798 -11.43243215
v 6.42366924 -2.65110612 -11.45906636
v 6.25940456 -2.66146421 -11.42308232
v 6.64767208 -2.06009889 -11.22187612
v 6.26383724 -2.53618264 -11.34584996
v 6.64688625 -2.10506558 -11.36815831
v 6.26772823 -2.42618895 -11.14785954
v 6.26694622 -2.44837236 -11.22002599
v 6.53238048 -2.39750838 -11.35232350
v 6.26562633 -2.48568344 -11.28754231
v 6.55564632 -2.61701584 -11.55808827
v 6.49553051 -2.63670659 -11.50165746
v 6.64556636 -2.18069577 -11.50501058
v 6.25351467 -2.72822046 -11.44078633
v 6.25735988 -2.69465637 -11.43356130
v 6.51796856 -2.74837685 -11.55447194
v -8.55512486 1.16009879 -11.22187612
v -8.55590878 1.20506549 -11.36815831
v -8.93506680 1.52618885 -11.14785954
v -8.56114064 1.50484717 -11.71587560
v -8.93585072 1.54837239 -11.22002599
v -8.55901585 1.38305879 -11.62320897
v -8.94108448 1.69626474 -11.39156911
v -8.93895779 1.63618255 -11.34584996
v -8.67041264 1.49750841 -11.35232350
v -8.93717060 1.58568335 -11.28754231
v -8.55722866 1.28069580 -11.50501058
v -8.52702008 -0.44999999 -11.07139394
v -8.52504216 -0.44999999 -11.03319356
v -8.51882992 -0.44999999 -10.99397466
v -8.49453984 -0.44999999 -10.91979787
v -8.45335637 -0.44999999 -10.84984776
v -8.39692173 -0.44999999 -10.78972051
v -8.32921276 -0.44999999 -10.74392888
v -8.24737034 -0.44999999 -10.71263692
v -8.15707646 -0.44999999 -10.70144841
v -8.18492947 -2.04573441 -10.67359731
v -8.26723347 -2.04446006 -10.68289372
v -8.34541378 -2.04357314 -10.71026799
v -8.41554699 -2.04311848 -10.75434682
v -8.47412358 -2.04311848 -10.81292150
v -8.51820240 -2.04357314 -10.88305470
v -8.54557667 -2.04446006 -10.96123311
v -8.55487309 -2.04573441 -11.04353902
v -8.27522526 -2.30001092 -10.58236882
v -8.19096241 -2.22084689 -10.62737462
v -8.19350491 -2.29464650 -10.57489583
v -8.35290966 -2.31740236 -10.60300252
v -8.18801937 -2.13544250 -10.66123769
v -8.56344853 -2.53700829 -10.84873769
v -8.56090603 -2.39135146 -10.95231053
v -8.55335102 -2.48221993 -10.78824422
v -8.52547894 -2.43045735 -10.73074147
v -8.55796299 -2.22278976 -11.01915166
v -8.45145283 -2.26798820 -10.72367665
v -8.48120556 -2.38427734 -10.67906758
v -8.42271862 -2.34596157 -10.63577458
v -8.44904576 -2.15912342 -10.76630208
v -8.29716359 -2.43030024 -10.29365346
v -8.20487080 -2.40936565 -10.37864110
v -8.20682583 -2.41910243 -10.29365346
v -8.19640599 -2.34361124 -10.52083013
v -8.20046101 -2.38113761 -10.45881459
v -8.57529889 -2.75551510 -10.29365346
v -8.57421933 -2.74377227 -10.43393132
v -8.55594693 -2.66656685 -10.29365346
v -8.56691418 -2.63828301 -10.71830937
v -8.45517979 -2.49704051 -10.43019673
v -8.57140217 -2.70872211 -10.56959340
v -8.51546345 -2.58503556 -10.29365346
v -8.45629750 -2.51585603 -10.29365346
v -8.38203297 -2.46321535 -10.29365346
v -8.15267620 -2.41910243 -10.29365346
v -8.15267620 -2.40978479 -10.37728688
v -8.15267620 -2.38228846 -10.45681951
v -8.15267620 -2.33796239 -10.52835271
v -8.15267620 -2.27897978 -10.58837316
v -8.15267620 -2.20823359 -10.63393971
v -8.15267620 -2.12919307 -10.66282079
v -8.15267620 -2.04573441 -10.67359731
v -8.55594693 -2.66656685 -5.05207631
v -8.57313214 -2.73089266 -4.85009953
v -8.57529889 -2.75551510 -5.05207631
v -8.56854687 -2.66709065 -4.67893788
v -8.55335102 -2.48221993 -4.55748555
v -8.56555806 -2.60909390 -4.58321950
v -8.56344853 -2.53700829 -4.49699590
v -8.52547894 -2.43045735 -4.61498830
v -8.20682583 -2.41910243 -5.05207631
v -8.20536862 -2.41201043 -4.97945592
v -8.29716359 -2.43030024 -5.05207631
v -8.19706593 -2.35098481 -4.83517262
v -8.27522526 -2.30001092 -4.76336095
v -8.35290966 -2.31740236 -4.74272725
v -8.19350491 -2.29464650 -4.77083394
v -8.45517979 -2.49704051 -4.91553304
v -8.48120556 -2.38427734 -4.66666219
v -8.42271862 -2.34596157 -4.70995519
v -8.20189343 -2.39134192 -4.90997502
v -8.51546345 -2.58503556 -5.05207631
v -8.45629750 -2.51585603 -5.05207631
v -8.38203297 -2.46321535 -5.05207631
v -8.15267620 -2.12919307 -4.68291280
v -8.15267620 -2.04573441 -4.67213628
v -8.18492947 -2.04573441 -4.67213628
v -8.18801937 -2.13544250 -4.68449208
v -8.15267620 -2.20823359 -4.71179006
v -8.19096241 -2.22084689 -4.71835896
v -8.15267620 -2.27897978 -4.75736043
v -8.15267620 -2.33796239 -4.81738088
v -8.15267620 -2.38228846 -4.88891026
v -8.15267620 -2.40978479 -4.96844289
v -8.15267620 -2.41910243 -5.05207631
v -8.52702008 -0.44999999 -14.84430120
v 6.67577495 -0.44999999 -14.84430120
v -8.56344853 -2.53700829 -14.80787465
v -8.26723347 -2.04446006 -4.66283986
v -8.34541378 -2.04357314 -4.63546559
v -8.55487309 -2.04573441 -4.30219075
v -8.55796299 -2.22278976 -4.32658193
v -8.54557667 -2.04446006 -4.38449666
v -8.51820240 -2.04357314 -4.46267507
v -8.56090603 -2.39135146 -4.39341924
v -8.44904576 -2.15912342 -4.57942769
v -8.47412358 -2.04311848 -4.53281209
v -8.41554699 -2.04311848 -4.59138677
v -8.45145283 -2.26798820 -4.62205693
v -8.52702008 -0.44999999 -4.27433965
v -8.52702008 -0.44999999 -0.07146642
v -8.56344853 -2.53700829 -0.07146642
v -8.15707646 -0.44999999 -4.64428136
v -8.19527684 -0.44999999 -4.64230535
v -8.23449383 -0.44999999 -4.63609120
v -8.30866871 -0.44999999 -4.61180303
v -8.37862072 -0.44999999 -4.57061955
v -8.43874798 -0.44999999 -4.51418492
v -8.48453961 -0.44999999 -4.44647405
v -8.51583348 -0.44999999 -4.36463353
v -8.54557667 1.14445996 -4.38449666
v -8.51820240 1.14357316 -4.46267507
v -8.47412358 1.14311838 -4.53281209
v -8.41554699 1.14311838 -4.59138677
v -8.34541378 1.14357316 -4.63546559
v -8.26723347 1.14445996 -4.66283986
v -8.18492947 1.14573431 -4.67213628
v -8.20931874 1.32278967 -4.67522618
v -8.27615796 1.49135137 -4.67816731
v -8.46216641 1.25912344 -4.56630895
v -8.50479374 1.36798811 -4.56871602
v 7.01183452 1.32084692 -4.71835896
v 7.01477565 1.23544240 -4.68449208
v 6.93556347 1.14445996 -4.66283986
v 7.01786556 1.14573431 -4.67213628
v 6.85738124 1.14357316 -4.63546559
v 6.64188900 1.49135137 -4.39341924
v 6.64483394 1.32278967 -4.32658193
v 6.65722026 1.14445996 -4.38449666
v 6.68459453 1.14357316 -4.46267507
v 6.64792385 1.14573431 -4.30219075
v 6.75134410 1.36798811 -4.62205693
v 6.75375118 1.25912344 -4.57942769
v 6.72867336 1.14311838 -4.53281209
v 6.78724804 1.14311838 -4.59138677
v 6.25031414 -2.74853897 -3.90214726
v 6.25526943 -2.71474910 -3.90745351
v 6.34363308 -2.65949798 -3.91330144
v 6.25940456 -2.66146421 -3.92265126
v 6.42366924 -2.65110612 -3.88666722
v 6.60101451 -2.59301376 -3.72018239
v 6.62938823 -2.56589484 -3.64504811
v 6.51796856 -2.74837685 -3.79126164
v 6.55564632 -2.61701584 -3.78764150
v 6.49553051 -2.63670659 -3.84407613
v 6.67577495 -0.44999999 -0.50142858
v 6.67577495 -0.44999999 -4.27433965
v 6.67775478 -0.44999999 -4.31254003
v 6.68396511 -0.44999999 -4.35175511
v 6.70825710 -0.44999999 -4.42593190
v 6.74944057 -0.44999999 -4.49588582
v 6.80587520 -0.44999999 -4.55600926
v 6.87358226 -0.44999999 -4.60180089
v 6.95542659 -0.44999999 -4.63309667
v 7.04572048 -0.44999999 -4.64428136
v 6.64792385 -2.04573441 -4.30219075
v 6.65722026 -2.04446006 -4.38449666
v 6.68459453 -2.04357314 -4.46267507
v 6.72867336 -2.04311848 -4.53281209
v 6.78724804 -2.04311848 -4.59138677
v 6.85738124 -2.04357314 -4.63546559
v 6.93556347 -2.04446006 -4.66283986
v 7.01786556 -2.04573441 -4.67213628
v 6.64378109 -2.28305888 -3.72252080
v 6.64556636 -2.18069577 -3.84071919
v 6.64165248 -2.40484715 -3.62985417
v 6.64688625 -2.10506558 -3.97757527
v 6.64767208 -2.06009889 -4.12385365
v 6.64792385 -2.04573441 -4.26993749
v 6.63714733 -2.12919307 -4.26993749
v 6.60826625 -2.20823359 -4.26993749
v 6.26772823 -2.42618895 -4.19787023
v 6.35161342 -2.40978479 -4.26993749
v 6.43114605 -2.38228846 -4.26993749
v 6.26798000 -2.41910243 -4.26993749
v 6.26694622 -2.44837236 -4.12570378
v 6.26171245 -2.59626484 -3.95416448
v 6.26383724 -2.53618264 -3.99987981
v 6.53238048 -2.39750838 -3.99340627
v 6.26562633 -2.48568344 -4.05819127
v 6.56269970 -2.27897978 -4.26993749
v 6.50267925 -2.33796239 -4.26993749
v 6.55669536 -2.30001092 -4.39248845
v 6.60170116 -2.22084689 -4.30822560
v 6.54922237 -2.29464650 -4.31076619
v 6.57732906 -2.31740236 -4.47017095
v 6.63556423 -2.13544250 -4.30528447
v 6.92663707 -2.39135146 -4.67816731
v 6.76257076 -2.48221993 -4.67061421
v 6.70506801 -2.43045735 -4.64274022
v 6.99347820 -2.22278976 -4.67522618
v 6.69800319 -2.26798820 -4.56871602
v 6.65339412 -2.38427734 -4.59846684
v 6.61010112 -2.34596157 -4.53997991
v 6.74062862 -2.15912342 -4.56630895
v 6.26798000 -2.43030024 -4.41442677
v 6.35296764 -2.40936565 -4.32213399
v 6.26798000 -2.41910243 -4.32408711
v 6.49515667 -2.34361124 -4.31366918
v 6.43314113 -2.38113761 -4.31772420
v 6.26798000 -2.66656685 -4.67320821
v 6.40452327 -2.49704051 -4.57244298
v 6.26798000 -2.58503556 -4.63272664
v 6.26798000 -2.51585603 -4.57356069
v 6.26798000 -2.46321535 -4.49929616
v 5.59711971 -4.07840872 -15.16090962
v 5.49386348 -4.06068850 -15.16121861
v 5.38708629 -4.06349277 -15.16117284
v 5.28294887 -4.08725977 -15.16075704
v 5.18731823 -4.13003635 -15.16000936
v 4.52964153 -4.94181108 -15.14584157
v 4.90428676 -4.50426292 -15.15347859
v 4.89222469 -4.60871887 -15.15165517
v 4.88918819 -4.78261518 -15.14861867
v 4.03435268 -4.87546921 -15.14699742
v 4.10151043 -4.95628357 -15.14558599
v 3.95108547 -4.80804539 -15.14817616
v 4.93734874 -4.40186167 -15.15526387
v 4.15019741 -5.04496527 -15.14404103
v 3.85614147 -4.75838947 -15.14904210
v 5.00127544 -4.29263687 -15.15717122
v 3.75530758 -4.72883987 -15.14955708
v 5.08663311 -4.20314646 -15.15873525
v 3.65458431 -4.71936274 -15.14972493
v 5.10469951 -4.18794250 -15.15899846
v 1.03497829 -2.53700829 -15.18781468
v 2.20354595 -4.19963551 -15.15879628
v 3.63458385 -4.71936274 -15.14972493
v 3.53400936 -4.72881126 -15.14955708
v 2.27705135 -4.27441502 -15.15748784
v 3.43332805 -4.75826836 -15.14904210
v 2.18548717 -4.18436050 -15.15906331
v 2.33585872 -4.36415815 -15.15592381
v 3.33850612 -4.80776739 -15.14817998
v 2.08042659 -4.11401558 -15.16028783
v 1.10577526 -3.09589434 -15.17806050
v 2.38071575 -4.48210382 -15.15386388
v 3.25530376 -4.87498522 -15.14700505
v 1.96014919 -4.06961012 -15.16106603
v 3.18814220 -4.95557165 -15.14560124
v 2.39693584 -4.60435772 -15.15173146
v 1.29826488 -3.63251877 -15.16869542
v 0.62063732 -0.44999999 -14.88353536
v 0.61860790 -0.44999999 -14.84430120
v 0.62701931 -0.44999999 -14.92381093
v 0.65196743 -0.44999999 -14.99999425
v 0.69426097 -0.44999999 -15.07183644
v 0.75222149 -0.44999999 -15.13358876
v 0.82176342 -0.44999999 -15.18061635
v 0.90581646 -0.44999999 -15.21275517
v 0.65503826 -2.53700829 -14.80787465
v 0.66458644 -2.53831697 -14.89240453
v 0.69270076 -2.53922772 -14.97269628
v 0.73796978 -2.53969479 -15.04472539
v 0.79812755 -2.53969479 -15.10488317
v 0.87016048 -2.53922772 -15.15015599
v 0.95045223 -2.53831697 -15.17826650
v 0.95325603 -3.78533578 -14.78886220
v 1.31719341 -4.31213427 -14.92533299
v 1.29998531 -4.32507038 -14.85455510
v 1.29381694 -4.32923841 -14.78058049
v 1.52604808 -4.15914536 -15.14886281
v 1.45840206 -4.20723295 -15.11739156
v 0.73525753 -3.17370152 -14.79817769
v 1.05711116 -3.74515939 -15.05643651
v 1.39913692 -4.25052309 -15.06794164
v 1.35138836 -4.28625488 -15.00270650
v 0.84631481 -3.15897083 -15.06619069
v 4.62593975 -5.30403805 -14.76573369
v 4.99664440 -5.14001179 -14.84252736
v 4.99899807 -5.14713287 -14.76812551
v 4.23295345 -5.39857435 -14.85230062
v 4.23505916 -5.40894842 -14.76413533
v 4.91542568 -4.86738396 -15.13698003
v 4.16896572 -5.11608219 -15.13545415
v 4.75382366 -5.13918161 -15.03323934
v 4.93953457 -4.94692945 -15.10590169
v 4.96071376 -5.01801205 -15.05661580
v 4.97801723 -5.07682705 -14.99098775
v 4.99038829 -5.11898756 -14.91346166
v 4.48132076 -5.23584032 -15.03162953
v 4.22699489 -5.36870527 -14.93529317
v 4.21716060 -5.32133055 -15.00895497
v 4.20340480 -5.25863314 -15.06917760
v 4.18593349 -5.18418264 -15.11295506
v 6.33506908 -0.44999999 -15.22221562
v 6.37534465 -0.44999999 -15.21583364
v 6.45152416 -0.44999999 -15.19088933
v 6.52336635 -0.44999999 -15.14859197
v 6.58511867 -0.44999999 -15.09063146
v 6.63215007 -0.44999999 -15.02108953
v 6.66428890 -0.44999999 -14.93703649
v 0.09818019 1.16009879 -10.67334554
v 0.24426403 1.22919297 -10.66282079
v 0.24426403 1.14573431 -10.67359731
v 0.24426403 1.30823350 -10.63393971
v -0.04809819 1.20506549 -10.67255971
v 0.17219677 1.52618885 -10.29340169
v 0.24426403 1.50978470 -10.37728688
v 0.24426403 1.48228848 -10.45681951
v 0.24426403 1.51910245 -10.29365346
v -0.39581929 1.50484717 -10.66732594
v 0.10003032 1.54837239 -10.29261968
v -0.30315266 1.38305879 -10.66945455
v -0.07150898 1.69626474 -10.28738591
v -0.02579365 1.63618255 -10.28951070
v -0.03226719 1.49750841 -10.55805394
v 0.03251781 1.58568335 -10.29129979
v 0.24426403 1.37897968 -10.58837316
v 0.24426403 1.43796229 -10.52835271
v -0.18495427 1.28069580 -10.67123982
v 0.64646282 1.14573431 -11.04353902
v 0.61860790 -0.44999999 -11.07139394
v 0.63716640 1.14445996 -10.96123311
v 0.60742321 -0.44999999 -10.98110005
v 0.60979213 1.14357316 -10.88305470
v 0.57612743 -0.44999999 -10.89925572
v 0.56571331 1.14311838 -10.81292150
v 0.53033580 -0.44999999 -10.83154866
v 0.50713863 1.14311838 -10.75434682
v 0.47021236 -0.44999999 -10.77511022
v 0.43700161 1.14357316 -10.71026799
v 0.40025844 -0.44999999 -10.73393056
v 0.35882320 1.14445996 -10.68289372
v 0.32608165 -0.44999999 -10.70963857
v 0.28686657 -0.44999999 -10.70342824
v 0.27651729 1.14573431 -10.67359731
v 0.24866619 -0.44999999 -10.70144841
v 0.64646282 -2.04573441 -11.04353902
v 0.63716640 -2.04446006 -10.96123311
v 0.60979213 -2.04357314 -10.88305470
v 0.56571331 -2.04311848 -10.81292150
v 0.50713863 -2.04311848 -10.75434682
v 0.43700161 -2.04357314 -10.71026799
v 0.35882320 -2.04446006 -10.68289372
v 0.27651729 -2.04573441 -10.67359731
v 0.73768749 -2.30001092 -10.95324513
v 0.69268550 -2.22084689 -11.03750798
v 0.74516048 -2.29464650 -11.03496358
v 0.71705379 -2.31740236 -10.87555882
v 0.65881862 -2.13544250 -11.04044911
v 0.53181209 -2.48221993 -10.67511937
v 0.36774578 -2.39135146 -10.66756246
v 0.58931484 -2.43045735 -10.70298955
v 0.47132244 -2.53700829 -10.66502187
v 0.30090847 -2.22278976 -10.67050359
v 0.68428173 -2.34596157 -10.80574986
v 0.59638347 -2.26798820 -10.77701756
v 0.64098873 -2.38427734 -10.74726293
v 0.55375423 -2.15912342 -10.77942082
v 0.64646282 -2.04573441 -11.07579228
v 0.65723934 -2.12919307 -11.07579228
v 0.68611660 -2.20823359 -11.07579228
v 0.73168697 -2.27897978 -11.07579228
v 0.79170742 -2.33796239 -11.07579228
v 0.79923000 -2.34361124 -11.03206441
v 0.86323681 -2.38228846 -11.07579228
v 0.86124172 -2.38113761 -11.02800939
v 0.94276943 -2.40978479 -11.07579228
v 0.94141521 -2.40936565 -11.02359960
v 1.02640285 -2.41910243 -11.07579228
v 1.02640285 -2.41910243 -11.02164266
v 0.64671459 -2.06009889 -11.22187612
v 0.64749660 -2.10506558 -11.36815831
v 1.02665462 -2.42618895 -11.14785954
v 0.65273037 -2.40484715 -11.71587560
v 1.02744045 -2.44837236 -11.22002599
v 0.65060558 -2.28305888 -11.62320897
v 1.03267421 -2.59626484 -11.39156911
v 1.03054561 -2.53618264 -11.34584996
v 0.76200237 -2.39750838 -11.35232350
v 1.02876033 -2.48568344 -11.28754231
v 0.64881649 -2.18069577 -11.50501058
v -8.86772786 -0.44999999 -15.22221562
v -8.82745228 -0.44999999 -15.21583364
v -8.75127087 -0.44999999 -15.19088933
v -8.67942868 -0.44999999 -15.14859197
v -8.61767636 -0.44999999 -15.09063146
v -8.57064686 -0.44999999 -15.02108953
v -8.53850804 -0.44999999 -14.93703649
v -8.94339047 -2.53700829 -15.18781468
v -8.85886250 -2.53831697 -15.17826650
v -8.77856884 -2.53922772 -15.15015599
v -8.70653973 -2.53969479 -15.10488317
v -8.64638195 -2.53969479 -15.04472539
v -8.60111103 -2.53922772 -14.97269628
v -8.57299672 -2.53831697 -14.89240453
v -8.64423046 -3.17606521 -14.79814336
v -9.01468144 -3.09795642 -15.17802617
v -9.21556530 -4.32889938 -14.86900136
v -8.86382733 -3.78978562 -14.78879354
v -9.20680104 -4.33502722 -14.78049275
v -9.24002133 -4.31033182 -14.95228383
v -9.45047055 -4.15601826 -15.15214726
v -9.20857487 -3.63639784 -15.16862676
v -9.39289723 -4.19686699 -15.12994954
v -9.51127682 -4.11401415 -15.16028783
v -8.75529156 -3.16127682 -15.06615254
v -8.96760617 -3.74940300 -15.05636403
v -9.27885685 -4.28085661 -15.02612111
v -9.33065281 -4.24216890 -15.08635137
v -12.54000721 -5.30209303 -14.76576421
v -12.14748249 -5.40065289 -14.83783147
v -12.14897976 -5.40785980 -14.76415441
v -12.90972767 -5.13388586 -14.85710332
v -12.91307888 -5.14427280 -14.76816747
v -12.44314251 -4.93999815 -15.14587209
v -12.06342373 -5.04403543 -15.14405629
v -12.08591137 -5.12909698 -15.13202092
v -12.82489453 -4.85076666 -15.14019963
v -12.84568081 -4.91872263 -15.11795995
v -12.80279789 -4.77981806 -15.14866826
v -12.39526234 -5.23418093 -15.03165624
v -12.10570202 -5.20917940 -15.10024068
v -12.12214528 -5.28018856 -15.05067632
v -12.13468800 -5.33804703 -14.98550221
v -12.14329205 -5.37971687 -14.90834996
v -12.66790829 -5.13683367 -15.03327748
v -12.90078221 -5.10375929 -14.94061086
v -12.88672314 -5.05604839 -15.01446340
v -12.86807118 -4.99313498 -15.07452199
v -14.58418713 -0.44999999 -14.84430120
v -14.58215580 -0.44999999 -14.88353536
v -14.57577763 -0.44999999 -14.92381093
v -14.55082951 -0.44999999 -14.99999425
v -14.50853405 -0.44999999 -15.07183644
v -14.45057354 -0.44999999 -15.13358876
v -14.38103352 -0.44999999 -15.18061635
v -14.29698048 -0.44999999 -15.21275517
v -14.58418713 -0.44999999 -11.07139394
v -14.67098294 1.58221984 -10.67511937
v -14.61348019 1.53045726 -10.70298955
v -14.46510754 1.40001094 -10.95324513
v -14.48574124 1.41740239 -10.87555882
v -14.31293545 1.59704041 -10.77329061
v -14.56180439 1.48427737 -10.74726293
v -14.51851330 1.44596148 -10.80574986
v -14.56563054 1.14445996 -10.96123311
v -14.59300480 1.14357316 -10.88305470
v -14.92627774 1.14573431 -10.67359731
v -14.90188847 1.32278967 -10.67050359
v -14.84397183 1.14445996 -10.68289372
v -14.76579342 1.14357316 -10.71026799
v -14.83504925 1.49135137 -10.66756246
v -14.64904080 1.25912344 -10.77942082
v -14.69565831 1.14311838 -10.75434682
v -14.63708363 1.14311838 -10.81292150
v -14.60641346 1.36798811 -10.77701756
v -14.84397183 -2.04446006 -10.68289372
v -14.92318592 -2.13544250 -10.66123769
v -14.92627774 -2.04573441 -10.67359731
v -14.76579342 -2.04357314 -10.71026799
v -14.92024479 -2.22084689 -10.62737462
v -14.83598194 -2.30001092 -10.58236882
v -14.91770230 -2.29464650 -10.57489583
v -14.75829754 -2.31740236 -10.60300252
v -14.56563054 -2.04446006 -10.96123311
v -14.55324231 -2.22278976 -11.01915166
v -14.59300480 -2.04357314 -10.88305470
v -14.55633412 -2.04573441 -11.04353902
v -14.55030117 -2.39135146 -10.95231053
v -14.55785427 -2.48221993 -10.78824422
v -14.58572827 -2.43045735 -10.73074147
v -14.66215954 -2.15912342 -10.76630208
v -14.69565831 -2.04311848 -10.75434682
v -14.63708363 -2.04311848 -10.81292150
v -14.65975438 -2.26798820 -10.72367665
v -14.68848858 -2.34596157 -10.63577458
v -14.63000164 -2.38427734 -10.67906758
v -14.58616505 -0.44999999 -11.03319356
v -14.59237538 -0.44999999 -10.99397466
v -14.61666737 -0.44999999 -10.91979787
v -14.65784893 -0.44999999 -10.84984776
v -14.71428547 -0.44999999 -10.78972051
v -14.78199444 -0.44999999 -10.74392888
v -14.86383686 -0.44999999 -10.71263692
v -14.95413075 -0.44999999 -10.70144841
v -14.55526028 -2.66656685 -10.29365346
v -14.90438137 -2.41910243 -10.29365346
v -14.90583859 -2.41201043 -10.36627385
v -14.81404362 -2.43030024 -10.29365346
v -14.91414128 -2.35098481 -10.51055715
v -14.65602551 -2.49704051 -10.43019673
v -14.90931378 -2.39134192 -10.43575856
v -14.72917424 -2.46321535 -10.29365346
v -14.65490971 -2.51585603 -10.29365346
v -14.59574376 -2.58503556 -10.29365346
v -14.95853100 -2.41910243 -10.29365346
v -14.95853100 -2.40978479 -10.37728688
v -14.95853100 -2.38228846 -10.45681951
v -14.95853100 -2.33796239 -10.52835271
v -14.95853100 -2.27897978 -10.58837316
v -14.95853100 -2.20823359 -10.63393971
v -14.95853100 -2.12919307 -10.66282079
v -14.95853100 -2.04573441 -10.67359731
v -15.59861431 -2.40484715 -10.66732594
v -15.58342228 -2.56589484 -10.65506169
v -15.66249142 -2.53700829 -10.66502187
v -15.50828801 -2.59301376 -10.62668797
v -15.50594769 -2.28305888 -10.66945455
v -15.27430592 -2.59626484 -10.28738591
v -15.31516896 -2.65949798 -10.36930654
v -15.34180317 -2.65110612 -10.44934270
v -15.30581913 -2.66146421 -10.28507802
v -15.10461483 -2.06009889 -10.67334554
v -15.22858868 -2.53618264 -10.28951070
v -15.25089512 -2.10506558 -10.67255971
v -15.03059826 -2.42618895 -10.29340169
v -15.10276471 -2.44837236 -10.29261968
v -15.23506222 -2.39750838 -10.55805394
v -15.17027913 -2.48568344 -10.29129979
v -15.44082508 -2.61701584 -10.58131978
v -15.38439427 -2.63670659 -10.52120397
v -15.38774929 -2.18069577 -10.67123982
v -15.69594250 -2.67628860 -10.65932652
v -15.62397442 -2.81893754 -10.63714025
v -15.70841656 -2.81854582 -10.64674947
v -15.54375706 -2.81718230 -10.60912511
v -15.33814297 -2.79192924 -10.35305974
v -15.36632977 -2.80041718 -10.43278691
v -15.32352314 -2.72822046 -10.27918813
v -15.32847462 -2.78264523 -10.26913640
v -15.31629811 -2.69465637 -10.28303334
v -15.43720875 -2.74837685 -10.54364202
v -15.47177563 -2.81336761 -10.56410405
v -15.41163121 -2.80768442 -10.50432775
v -9.60567723 -4.07840872 -15.16090962
v -9.70893155 -4.06068850 -15.16121861
v -9.81570874 -4.06349277 -15.16117284
v -9.91984616 -4.08725977 -15.16075704
v -10.01547871 -4.13003635 -15.16000936
v -10.29850827 -4.50426292 -15.15347859
v -10.31057034 -4.60871887 -15.15165517
v -11.16844235 -4.87546921 -15.14699742
v -11.10128651 -4.95628357 -15.14558599
v -11.25171147 -4.80804539 -15.14817616
v -10.26544819 -4.40186167 -15.15526387
v -11.34665356 -4.75838947 -15.14904210
v -10.20151959 -4.29263687 -15.15717122
v -11.44748936 -4.72883987 -15.14955708
v -10.11616383 -4.20314646 -15.15873525
v -11.54821263 -4.71936274 -15.14972493
v -10.09809742 -4.18794250 -15.15899846
v -12.99924908 -4.19963551 -15.15879628
v -11.56821309 -4.71936274 -15.14972493
v -11.66878567 -4.72881126 -15.14955708
v -12.92574368 -4.27441502 -15.15748784
v -11.76946888 -4.75826836 -15.14904210
v -13.01730976 -4.18436050 -15.15906331
v -13.09978543 -4.12625027 -15.16007421
v -12.86693821 -4.36415815 -15.15592381
v -11.86428891 -4.80776739 -15.14817998
v -13.19531117 -4.08323717 -15.16082570
v -12.82207928 -4.48210382 -15.15386388
v -11.94749318 -4.87498522 -15.14700505
v -13.29938755 -4.05921221 -15.16124532
v -12.01465474 -4.95557165 -15.14560124
v -12.80586110 -4.60435772 -15.15173146
v -13.40615712 -4.05614328 -15.16129872
v -13.50945340 -4.07360697 -15.16099355
v -18.72704087 -0.44999999 -10.70144841
v -18.69061242 -2.53700829 -10.66502187
v -15.72440586 -3.86847043 -10.32486913
v -15.73142300 -4.32923841 -10.02623937
v -18.66331730 -4.32923841 -10.02623937
v -18.67160092 -3.78533578 -10.36680409
v -15.71660481 -3.35619164 -10.53528783
v -18.68091545 -3.17370152 -10.58479878
v -18.98338471 0.94289571 4.62871364
v -18.76002465 -0.44999999 4.48408320
v -18.85134468 -0.44999999 4.50383571
v -18.93542920 -0.44999999 4.54520610
v -19.00698147 -0.44999999 4.60569575
v -19.06113968 -0.44999999 4.68224910
v -19.09517250 -0.44999999 4.76974681
v -14.95413075 -0.44999999 -4.64428136
v -14.92627774 -2.04573441 -4.67213628
v -14.91593037 -0.44999999 -4.64230535
v -14.87671338 -0.44999999 -4.63609120
v -14.84397183 -2.04446006 -4.66283986
v -14.80253659 -0.44999999 -4.61180303
v -14.76579342 -2.04357314 -4.63546559
v -14.73258458 -0.44999999 -4.57061955
v -14.69565831 -2.04311848 -4.59138677
v -14.67245732 -0.44999999 -4.51418492
v -14.63708363 -2.04311848 -4.53281209
v -14.62666760 -0.44999999 -4.44647405
v -14.59300480 -2.04357314 -4.46267507
v -14.59537373 -0.44999999 -4.36463353
v -14.56563054 -2.04446006 -4.38449666
v -14.58418713 -0.44999999 -4.27433965
v -14.55633412 -2.04573441 -4.30219075
v -14.83598194 -2.30001092 -4.76336095
v -14.92024479 -2.22084689 -4.71835896
v -14.91770230 -2.29464650 -4.77083394
v -14.75829754 -2.31740236 -4.74272725
v -14.92318592 -2.13544250 -4.68449208
v -14.55785427 -2.48221993 -4.55748555
v -14.55030117 -2.39135146 -4.39341924
v -14.58572827 -2.43045735 -4.61498830
v -14.55324231 -2.22278976 -4.32658193
v -14.68848858 -2.34596157 -4.70995519
v -14.65975438 -2.26798820 -4.62205693
v -14.63000164 -2.38427734 -4.66666219
v -14.66215954 -2.15912342 -4.57942769
v -14.95853100 -2.04573441 -4.67213628
v -14.95853100 -2.12919307 -4.68291280
v -14.95853100 -2.20823359 -4.71179006
v -14.95853100 -2.27897978 -4.75736043
v -14.95853100 -2.33796239 -4.81738088
v -14.91480122 -2.34361124 -4.82490346
v -14.95853100 -2.38228846 -4.88891026
v -14.91074620 -2.38113761 -4.88691518
v -14.95853100 -2.40978479 -4.96844289
v -14.90633641 -2.40936565 -4.96708867
v -14.95853100 -2.41910243 -5.05207631
v -14.90438137 -2.41910243 -5.05207631
v -15.10461483 -2.06009889 -4.67238805
v -15.25089512 -2.10506558 -4.67317006
v -15.03059826 -2.42618895 -5.05232808
v -15.58342228 -2.56589484 -4.69067189
v -15.59861431 -2.40484715 -4.67840383
v -15.10276471 -2.44837236 -5.05311391
v -15.50828801 -2.59301376 -4.71904180
v -15.50594769 -2.28305888 -4.67627904
v -15.27430592 -2.59626484 -5.05834767
v -15.22858868 -2.53618264 -5.05621907
v -15.34180317 -2.65110612 -4.89638707
v -15.31516896 -2.65949798 -4.97642323
v -15.30581913 -2.66146421 -5.06065175
v -15.23506222 -2.39750838 -4.78767583
v -15.44082508 -2.61701584 -4.76441380
v -15.38439427 -2.63670659 -4.82452580
v -15.17027913 -2.48568344 -5.05443379
v -15.38774929 -2.18069577 -4.67448995
v -15.32632122 -2.74853897 -5.06974217
v -15.32101498 -2.71474910 -5.06478688
v -15.43720875 -2.74837685 -4.80209157
v -18.72704087 -0.44999999 -4.64428136
v -18.81977616 -0.44999999 -4.65577123
v -18.90382920 -0.44999999 -4.68791005
v -18.97336827 -0.44999999 -4.73493764
v -19.03132973 -0.44999999 -4.79668996
v -19.07362519 -0.44999999 -4.86853215
v -19.09857235 -0.44999999 -4.94471547
v -19.10495243 -0.44999999 -4.98499104
v -18.64847241 -5.30403805 -6.69412038
v -18.72055397 -5.40173864 -7.08648107
v -18.64687500 -5.40894842 -7.08499715
v -18.73978672 -5.13674498 -6.32439992
v -18.65086136 -5.14713287 -6.32106206
v -19.02857838 -4.94181108 -6.79041860
v -19.02677784 -5.04496527 -7.16985890
v -19.01474343 -5.13006830 -7.14753148
v -19.02288494 -4.85358429 -6.40886495
v -19.00064431 -4.92155886 -6.38816640
v -19.03135739 -4.78261518 -6.43086812
v -18.91436730 -5.23584032 -6.83873937
v -18.98296128 -5.21018744 -7.12789342
v -18.93339501 -5.28122663 -7.11158559
v -18.86822377 -5.33910894 -7.09915349
v -18.79107151 -5.38079500 -7.09062764
v -18.91597519 -5.13918161 -6.56623265
v -18.82328854 -5.10661840 -6.33330342
v -18.89714108 -5.05890656 -6.34729955
v -18.95719777 -4.99598694 -6.36587331
v -19.04364930 -4.07840872 -5.72294042
v -19.04395829 -4.06068850 -5.82619283
v -19.03439198 -4.60871887 -6.42783162
v -19.04390965 -4.06349277 -5.93297002
v -19.03653202 -4.48612881 -6.41153142
v -19.04349480 -4.08725977 -6.03710744
v -19.02832566 -4.95628357 -7.21854970
v -19.02973614 -4.87546921 -7.28570363
v -19.04274807 -4.13003635 -6.13274190
v -19.03091298 -4.80804539 -7.36897466
v -19.03859578 -4.36788225 -6.36642262
v -19.03177987 -4.75838947 -7.46391484
v -19.04016552 -4.27797318 -6.30730245
v -19.03229580 -4.72883987 -7.56475255
v -19.04147206 -4.20314646 -6.23342702
v -19.03246079 -4.71936274 -7.66547582
v -19.04173718 -4.18794250 -6.21536061
v -19.02833805 -4.95557165 -8.13191792
v -19.02974472 -4.87498522 -8.06475636
v -19.03446827 -4.60435772 -8.92312428
v -19.03628693 -4.50018835 -8.93512532
v -19.03091774 -4.80776739 -7.98155019
v -19.03806935 -4.39805746 -8.96800420
v -19.03178177 -4.75826836 -7.88673207
v -19.03997193 -4.28905821 -9.03158376
v -19.03229580 -4.72881126 -7.78604695
v -19.04153309 -4.19963551 -9.11651036
v -19.03246079 -4.71936274 -7.68547627
v -19.04179917 -4.18436050 -9.13457295
v -19.04281388 -4.12625027 -9.21704671
v -19.05143223 -3.63251877 -10.02179143
v -19.04311524 -4.10897732 -9.72120473
v -19.04373227 -4.07360697 -9.62671468
v -19.04403744 -4.05614328 -9.52342031
v -19.04398404 -4.05921221 -9.41665074
v -19.06079922 -3.09589434 -10.21428105
v -19.04356442 -4.08323717 -9.31257436
v -19.07055436 -2.53700829 -10.28507802
v -19.09549485 -0.44999999 -10.41424367
v -19.06335507 -0.44999999 -10.49829671
v -19.01632653 -0.44999999 -10.56783483
v -18.95457421 -0.44999999 -10.62579534
v -18.88273201 -0.44999999 -10.66809270
v -18.80655060 -0.44999999 -10.69304082
v -18.76627407 -0.44999999 -10.69941899
v -19.06100617 -2.53831697 -10.36960790
v -19.03289185 -2.53922772 -10.44989964
v -18.98762188 -2.53969479 -10.52192876
v -18.92746315 -2.53969479 -10.58208653
v -18.85543309 -2.53922772 -10.62735936
v -18.77514134 -2.53831697 -10.65547368
v -18.75183068 -4.32313299 -10.01746175
v -18.83511410 -4.30462599 -9.99295613
v -19.03497658 -4.15083170 -9.78211400
v -19.01277981 -4.19153881 -9.83979222
v -18.94892846 -3.15897083 -10.47374150
v -18.93917427 -3.74515939 -10.26294896
v -18.90895234 -4.27524710 -9.95404622
v -18.96917973 -4.23668718 -9.90215108
v -15.58667241 -4.31213427 -10.00286290
v -15.65745030 -4.32507038 -10.02007482
v -15.34457455 -3.70494246 -9.98501393
v -15.36314068 -4.15914536 -9.79400823
v -15.39461193 -4.20723295 -9.86165425
v -15.33672009 -3.25506687 -10.17086598
v -15.45691548 -3.82613778 -10.22214696
v -15.44405995 -4.25052309 -9.92091939
v -15.50929890 -4.28625488 -9.96866796
v -15.44871579 -3.33340144 -10.42614934
v -14.56563054 1.14445996 -4.38449666
v -14.59300480 1.14357316 -4.46267507
v -14.63708363 1.14311838 -4.53281209
v -14.69565831 1.14311838 -4.59138677
v -14.76579342 1.14357316 -4.63546559
v -14.84397183 1.14445996 -4.66283986
v -14.92627774 1.14573431 -4.67213628
v -14.83504925 1.49135137 -4.67816731
v -14.90188847 1.32278967 -4.67522618
v -14.60641346 1.36798811 -4.56871602
v -14.64904080 1.25912344 -4.56630895
v -19.05142460 -3.63294601 9.86680797
v -19.04368172 -4.07652235 9.46566585
v -19.04306279 -4.11199856 9.56321528
v -19.04396401 -4.06034613 9.36380961
v -19.03439198 -4.60871887 8.76711467
v -19.04390488 -4.06373644 9.26085856
v -19.03655873 -4.48459816 8.78413585
v -19.06069241 -3.10197163 10.05859187
v -19.04350243 -4.08679676 9.16024211
v -19.02839528 -4.95231438 7.97256663
v -19.02978096 -4.87291622 7.90550807
v -19.07055436 -2.53700829 10.13148692
v -19.04277287 -4.12861633 9.06550792
v -19.03091584 -4.80785990 7.82458690
v -19.03858815 -4.36832285 8.82892421
v -19.03175984 -4.75953913 7.73242763
v -19.04014073 -4.27937841 8.88707927
v -19.03228245 -4.72961807 7.63243297
v -19.04147206 -4.20314646 8.96197703
v -19.03246079 -4.71936274 7.52809718
v -19.04173718 -4.18794250 8.98007014
v -19.02855835 -4.94292021 6.63107112
v -19.02676831 -5.04548454 7.01128581
v -19.02837429 -4.95349550 7.06237987
v -19.02977238 -4.87340689 7.12992290
v -19.03446827 -4.60435772 6.26873973
v -19.03132019 -4.78470039 6.27170756
v -19.03631459 -4.49857712 6.25629237
v -19.03091488 -4.80792189 7.21130565
v -19.03807316 -4.39786339 6.22351268
v -19.03176079 -4.75950289 7.30360606
v -19.03994809 -4.29044104 6.16117290
v -19.03228245 -4.72959328 7.40356257
v -19.04153309 -4.19963551 6.07542995
v -19.03246079 -4.71936274 7.50807384
v -19.04179917 -4.18436050 6.05735591
v -19.04285679 -4.12381220 5.97038844
v -19.04371796 -4.07447577 5.56159022
v -19.04403267 -4.05640030 5.66578105
v -19.04399166 -4.05875444 5.77121928
v -19.04359398 -4.08156586 5.87394526
v -18.98338471 -1.84289575 4.62871364
v -18.65784798 -5.30221176 6.52675441
v -18.73581849 -5.13620615 6.15796092
v -18.66443406 -5.14427280 6.15299418
v -18.73944340 -5.39691877 6.92285731
v -18.65222512 -5.40785980 6.91835216
v -19.01779042 -4.87631989 6.24319270
v -18.82133828 -5.36684179 6.93088725
v -18.89391957 -5.31956577 6.94238475
v -18.99624596 -5.18343544 6.97544673
v -18.95320759 -5.25724602 6.95730784
v -19.01833783 -5.11596870 6.99261287
v -18.91988335 -5.13721132 6.40884593
v -18.98146305 -4.96129322 6.21669581
v -18.93051396 -5.02863455 6.19539836
v -18.87164936 -5.07848454 6.17912486
v -18.80368767 -5.11520100 6.16633418
v -18.65489636 -3.78760004 10.21053126
v -18.79739724 -4.31933022 9.84687999
v -18.72410736 -4.33180714 9.86215785
v -18.64798985 -4.33502722 9.86570170
v -19.03095112 -4.16347361 9.63783458
v -18.99788628 -4.21282291 9.70683101
v -18.93312989 -3.75163603 10.11192897
v -18.94607315 -4.25712490 9.76670650
v -18.87792454 -4.29342699 9.81408122
v -18.93932972 -3.36447954 10.26846507
v -18.66344796 -3.18153167 10.42827800
v -18.94260273 -3.16311240 10.32535365
v -18.83225499 -2.86155844 10.45798305
v -18.67326222 -2.53700829 10.51103404
v -18.91962681 -2.53991151 10.43457606
v -18.98292408 -2.53991151 10.37410548
v -18.84417591 -2.53940558 10.47896007
v -18.76057587 -2.53842020 10.50490382
v -18.95638619 -2.95680475 10.35721019
v -19.06044445 -2.53842020 10.21843150
v -19.03070889 -2.53940558 10.30076030
v -18.96535359 0.94332796 10.41872600
v -19.09562741 -0.44999999 10.26061061
v -19.06298886 -0.44999999 10.34625056
v -19.01120816 -0.44999999 10.42169002
v -18.94270096 -0.44999999 10.48221019
v -18.86163102 -0.44999999 10.52452662
v -18.78780232 -0.44999999 10.54443172
v -18.71110306 -0.44999999 10.54915813
v -8.62952290 -0.44999999 1.40118983
v -8.93505726 -0.44999999 2.84544566
v -9.43773137 -0.44999999 4.23344615
v -10.12784825 -0.44999999 5.53842357
v -10.99210034 -0.44999999 6.73521235
v -12.01381741 -0.44999999 7.80072597
v -13.17329846 -0.44999999 8.71441844
v -14.44817791 -0.44999999 9.45866969
v -15.81387196 -0.44999999 10.01912120
v -17.24404202 -0.44999999 10.38496974
v -18.96535359 -1.84332800 10.41872600
v -15.74626980 -5.30403805 -6.69412038
v -15.66947804 -5.14001179 -6.32341191
v -15.74387989 -5.14713287 -6.32106206
v -15.65970288 -5.39857435 -7.08710286
v -15.74786625 -5.40894842 -7.08499715
v -15.36616383 -4.94181108 -6.79041860
v -15.36338482 -4.78261518 -6.43086812
v -15.37502346 -4.86738396 -6.40463063
v -15.36796437 -5.04496527 -7.16985890
v -15.37654934 -5.11608219 -7.15109441
v -15.47876606 -5.13918161 -6.56623265
v -15.40610180 -4.94692945 -6.38052175
v -15.45538960 -5.01801205 -6.35934255
v -15.52101574 -5.07682705 -6.34203908
v -15.59854184 -5.11898756 -6.32966802
v -15.48037396 -5.23584032 -6.83873937
v -15.57671223 -5.36870527 -7.09306142
v -15.50304852 -5.32133055 -7.10289952
v -15.44282780 -5.25863314 -7.11665151
v -15.39904843 -5.18418264 -7.13412663
v -9.20680104 -4.33502722 -0.07146642
v -8.86270008 -3.78746915 -0.07146642
v -8.64482937 -3.17857075 -0.07146642
v 4.62593975 -5.30403805 -11.86353108
v 4.23357906 -5.40173864 -11.79144856
v 4.23505916 -5.40894842 -11.86512944
v 4.99566021 -5.13674498 -11.77221486
v 4.99899807 -5.14713287 -11.86114308
v 4.52964153 -4.94181108 -11.48342702
v 4.15019741 -5.04496527 -11.48522756
v 4.17252483 -5.13006830 -11.49725911
v 4.91119136 -4.85358429 -11.48911855
v 4.93188991 -4.92155886 -11.51135823
v 4.88918819 -4.78261518 -11.48064610
v 4.48132076 -5.23584032 -11.59763524
v 4.19216289 -5.21018744 -11.52904317
v 4.20847454 -5.28122663 -11.57860753
v 4.22090664 -5.33910894 -11.64378163
v 4.22942867 -5.38079500 -11.72093389
v 4.75382366 -5.13918161 -11.59602925
v 4.98675289 -5.10661840 -11.68871495
v 4.97275676 -5.05890656 -11.61486241
v 4.95418682 -4.99598694 -11.55480763
v 0.78477230 -3.35619164 -11.83386800
v 1.14919414 -3.25506687 -11.45398137
v 1.30259838 -4.32313299 -11.76017186
v 0.99518718 -3.86847043 -11.84166905
v 1.29381694 -4.32923841 -11.84868428
v 1.32710399 -4.30462599 -11.67688939
v 1.53794231 -4.15083170 -11.47702596
v 1.33504619 -3.70494246 -11.46183583
v 1.48026409 -4.19153881 -11.49922368
v 1.59885540 -4.10897732 -11.46888921
v 0.89390697 -3.33340144 -11.56597707
v 1.09791317 -3.82613778 -11.57417867
v 1.36601390 -4.27524710 -11.60305211
v 1.41790523 -4.23668718 -11.54282186
v -0.38062535 1.66589475 -4.69067189
v -0.30549107 1.69301367 -4.71904180
v -0.13900624 1.75110602 -4.89638707
v -0.12072621 1.82822037 -5.06654164
v -0.11237202 1.75949788 -4.97642323
v -0.11350117 1.79465628 -5.06270024
v -0.10302220 1.76146412 -5.06065175
v -0.23441182 1.84837675 -4.80209157
v -0.23803196 1.71701574 -4.76441380
v -0.18160115 1.73670650 -4.82452580
v -0.39581929 1.50484717 -4.67840383
v -0.30315266 1.38305879 -4.67627904
v -0.07150898 1.69626474 -5.05834767
v 0.24426403 1.22919297 -4.68291280
v 0.09818019 1.16009879 -4.67238805
v 0.24426403 1.14573431 -4.67213628
v -0.02579365 1.63618255 -5.05621907
v 0.24426403 1.30823350 -4.71179006
v -0.04809819 1.20506549 -4.67317006
v 0.17219677 1.52618885 -5.05232808
v 0.10003032 1.54837239 -5.05311391
v 0.24426403 1.48228848 -4.88891026
v 0.24426403 1.50978470 -4.96844289
v 0.24426403 1.51910245 -5.05207631
v -0.03226719 1.49750841 -4.78767583
v 0.24426403 1.37897968 -4.75736043
v 0.24426403 1.43796229 -4.81738088
v 0.03251781 1.58568335 -5.05443379
v -0.18495427 1.28069580 -4.67448995
v 0.24866619 -0.44999999 -4.64428136
v 0.27651729 1.14573431 -4.67213628
v 0.61860790 -0.44999999 -4.27433965
v 0.64646282 1.14573431 -4.30219075
v 0.61663189 -0.44999999 -4.31254003
v 0.61041774 -0.44999999 -4.35175511
v 0.63716640 1.14445996 -4.38449666
v 0.58612957 -0.44999999 -4.42593190
v 0.60979213 1.14357316 -4.46267507
v 0.54494609 -0.44999999 -4.49588582
v 0.56571331 1.14311838 -4.53281209
v 0.48851146 -0.44999999 -4.55600926
v 0.50713863 1.14311838 -4.59138677
v 0.42080059 -0.44999999 -4.60180089
v 0.43700161 1.14357316 -4.63546559
v 0.33896007 -0.44999999 -4.63309667
v 0.35882320 1.14445996 -4.66283986
v 0.64646282 -2.04573441 -4.30219075
v 0.63716640 -2.04446006 -4.38449666
v 0.60979213 -2.04357314 -4.46267507
v 0.56571331 -2.04311848 -4.53281209
v 0.50713863 -2.04311848 -4.59138677
v 0.43700161 -2.04357314 -4.63546559
v 0.35882320 -2.04446006 -4.66283986
v 0.27651729 -2.04573441 -4.67213628
v 0.65881862 -2.13544250 -4.30528447
v 0.69268550 -2.22084689 -4.30822560
v 0.73768749 -2.30001092 -4.39248845
v 0.74516048 -2.29464650 -4.31076619
v 0.71705379 -2.31740236 -4.47017095
v 0.30090847 -2.22278976 -4.67522618
v 0.36774578 -2.39135146 -4.67816731
v 0.53181209 -2.48221993 -4.67061421
v 0.58931484 -2.43045735 -4.64274022
v 0.55375423 -2.15912342 -4.56630895
v 0.64098873 -2.38427734 -4.59846684
v 0.59638347 -2.26798820 -4.56871602
v 0.68428173 -2.34596157 -4.53997991
v 0.66072979 -2.67628860 -3.53252599
v 0.68291607 -2.81893754 -3.60449407
v 0.67331066 -2.81854582 -3.52005193
v 0.66499843 -2.56589484 -3.64504811
v 0.65503826 -2.53700829 -3.56597707
v 0.69336834 -2.59301376 -3.72018239
v 0.71093120 -2.81718230 -3.68471333
v 0.87071361 -2.65110612 -3.88666722
v 0.96699657 -2.79192924 -3.89032552
v 0.88726940 -2.80041718 -3.86213872
v 1.04086818 -2.72822046 -3.90494725
v 1.05091991 -2.78264523 -3.89999578
v 0.95074978 -2.65949798 -3.91330144
v 1.03702678 -2.69465637 -3.91217229
v 1.03497829 -2.66146421 -3.92265126
v 0.77641811 -2.74837685 -3.79126164
v 0.73874035 -2.61701584 -3.78764150
v 0.79885234 -2.63670659 -3.84407613
v 0.75595607 -2.81336761 -3.75669286
v 0.81573238 -2.80768442 -3.81683919
v 0.65723934 -2.12919307 -4.26993749
v 0.64646282 -2.04573441 -4.26993749
v 0.68611660 -2.20823359 -4.26993749
v 0.73168697 -2.27897978 -4.26993749
v 0.79170742 -2.33796239 -4.26993749
v 0.80949916 -2.35098481 -4.31432912
v 0.86323681 -2.38228846 -4.26993749
v 0.88429775 -2.39134192 -4.31915471
v 0.94276943 -2.40978479 -4.26993749
v 0.95378246 -2.41201043 -4.32262990
v 1.02640285 -2.41910243 -4.26993749
v 1.02640285 -2.41910243 -4.32408711
v 0.65273037 -2.40484715 -3.62985417
v 0.65060558 -2.28305888 -3.72252080
v 1.03267421 -2.59626484 -3.95416448
v 0.64671459 -2.06009889 -4.12385365
v 1.03054561 -2.53618264 -3.99987981
v 0.64749660 -2.10506558 -3.97757527
v 1.02665462 -2.42618895 -4.19787023
v 1.02744045 -2.44837236 -4.12570378
v 0.76200237 -2.39750838 -3.99340627
v 1.02876033 -2.48568344 -4.05819127
v 0.64881649 -2.18069577 -3.84071919
v 0.65503826 -2.53700829 -0.53785893
v 0.61860790 -0.44999999 -0.50142858
v 0.95931759 -0.44999999 -0.12351796
v 0.91904201 -0.44999999 -0.12989614
v 0.84285869 -0.44999999 -0.15484426
v 0.77101650 -0.44999999 -0.19713780
v 0.70926418 -0.44999999 -0.25510213
v 0.66223659 -0.44999999 -0.32464025
v 0.63009777 -0.44999999 -0.40869328
v 1.03497829 -2.53700829 -0.15791509
v 0.95045223 -2.53831697 -0.16746327
v 0.87016048 -2.53922772 -0.19557759
v 0.79812755 -2.53969479 -0.24084661
v 0.73796978 -2.53969479 -0.30100438
v 0.69270076 -2.53922772 -0.37303731
v 0.66458644 -2.53831697 -0.45332906
v 4.52964153 -4.94181108 -0.19989202
v 4.88918819 -4.78261518 -0.19711110
v 4.89222469 -4.60871887 -0.19407842
v 5.32944622 -4.07395792 -0.18474385
v 4.90852871 -4.48612881 -0.19193837
v 5.20953884 -4.11805725 -0.18551061
v 4.10151043 -4.95628357 -0.20014379
v 4.15019741 -5.04496527 -0.20169255
v 4.03435268 -4.87546921 -0.19873235
v 5.10469951 -4.18794250 -0.18673131
v 3.95108547 -4.80804539 -0.19755742
v 4.95363369 -4.36788225 -0.18987462
v 3.85614147 -4.75838947 -0.19668767
v 5.01275768 -4.27797318 -0.18830297
v 3.75530758 -4.72883987 -0.19617269
v 5.08663311 -4.20314646 -0.18699834
v 3.65458431 -4.71936274 -0.19600865
v 3.18814220 -4.95557165 -0.20013234
v 3.25530376 -4.87498522 -0.19872472
v 2.39693584 -4.60435772 -0.19400212
v 2.38493480 -4.50018835 -0.19218251
v 3.33850612 -4.80776739 -0.19754979
v 2.35205593 -4.39805746 -0.19040105
v 3.43332805 -4.75826836 -0.19668767
v 2.28847255 -4.28905821 -0.18849751
v 3.53400936 -4.72881126 -0.19617269
v 2.20354595 -4.19963551 -0.18693730
v 3.63458385 -4.71936274 -0.19600865
v 2.18548717 -4.18436050 -0.18667027
v 2.10300960 -4.12625027 -0.18565557
v 1.29826488 -3.63251877 -0.17703816
v 1.59885540 -4.10897732 -0.18535420
v 1.69334163 -4.07360697 -0.18473622
v 1.79663982 -4.05614328 -0.18443105
v 1.90340938 -4.05921221 -0.18448445
v 1.10577526 -3.09589434 -0.16766927
v 2.00748577 -4.08323717 -0.18490407
v 6.67374553 -0.44999999 -0.46219441
v 6.66736736 -0.44999999 -0.42191884
v 6.64241924 -0.44999999 -0.34573934
v 6.60012188 -0.44999999 -0.27389333
v 6.54216137 -0.44999999 -0.21214482
v 6.47262325 -0.44999999 -0.16511342
v 6.38857021 -0.44999999 -0.13297460
v 0.73525753 -3.17370152 -0.54755208
v 1.30259838 -4.32313299 -0.47663686
v 0.95325603 -3.78533578 -0.55686757
v 1.29381694 -4.32923841 -0.56515309
v 1.32710399 -4.30462599 -0.39335439
v 1.53794231 -4.15083170 -0.19349095
v 1.48026409 -4.19153881 -0.21568868
v 0.84631481 -3.15897083 -0.27954289
v 1.05711116 -3.74515939 -0.28929326
v 1.36601390 -4.27524710 -0.31951711
v 1.41790523 -4.23668718 -0.25929067
v 0.99518718 -3.86847043 -3.50406453
v 1.29381694 -4.32923841 -3.49704549
v 0.78477230 -3.35619164 -3.51186559
v 1.31719341 -4.31213427 -3.64179799
v 1.29998531 -4.32507038 -3.57102010
v 1.33504619 -3.70494246 -3.88389394
v 1.52604808 -4.15914536 -3.86532781
v 1.45840206 -4.20723295 -3.83385655
v 1.14919414 -3.25506687 -3.89174840
v 1.09791317 -3.82613778 -3.77155492
v 1.39913692 -4.25052309 -3.78441045
v 1.35138836 -4.28625488 -3.71917150
v 0.89390697 -3.33340144 -3.77975270
v 4.62593975 -5.30403805 -3.48219869
v 4.99664440 -5.14001179 -3.55899236
v 4.99899807 -5.14713287 -3.48459050
v 4.23295345 -5.39857435 -3.56876561
v 4.23505916 -5.40894842 -3.48060414
v 4.52964153 -4.94181108 -3.86230657
v 4.88918819 -4.78261518 -3.86508367
v 4.91542568 -4.86738396 -3.85344502
v 4.15019741 -5.04496527 -3.86050603
v 4.16896572 -5.11608219 -3.85191915
v 4.75382366 -5.13918161 -3.74970433
v 4.93953457 -4.94692945 -3.82236669
v 4.96071376 -5.01801205 -3.77308080
v 4.97801723 -5.07682705 -3.70745275
v 4.99038829 -5.11898756 -3.62992665
v 4.48132076 -5.23584032 -3.74809453
v 4.22699489 -5.36870527 -3.65175817
v 4.21716060 -5.32133055 -3.72541997
v 4.20340480 -5.25863314 -3.78564260
v 4.18593349 -5.18418264 -3.82942006
v 4.23505916 -5.40894842 -0.58159444
v 4.62593975 -5.30403805 -0.57999608
v 4.99899807 -5.14713287 -0.57760808
v 4.23357906 -5.40173864 -0.50791356
v 4.99566021 -5.13674498 -0.48868367
v 4.17252483 -5.13006830 -0.21372411
v 4.91119136 -4.85358429 -0.20558354
v 4.93188991 -4.92155886 -0.22782704
v 4.48132076 -5.23584032 -0.31410405
v 4.19216289 -5.21018744 -0.24550817
v 4.20847454 -5.28122663 -0.29507253
v 4.22090664 -5.33910894 -0.36024663
v 4.22942867 -5.38079500 -0.43739888
v 4.75382366 -5.13918161 -0.31249425
v 4.98675289 -5.10661840 -0.40517995
v 4.97275676 -5.05890656 -0.33132741
v 4.95418682 -4.99598694 -0.27127263
v 15.94877376 0.94289571 -0.24508473
v 15.80413951 -0.44999999 -0.46844289
v 16.08990612 -0.44999999 -0.13322255
v 16.00253811 -0.44999999 -0.16715047
v 15.92590465 -0.44999999 -0.22134969
v 15.86528530 -0.44999999 -0.29273030
v 15.82392635 -0.44999999 -0.37655828
v 17.84681453 -5.30221176 -0.57062337
v 17.47802105 -5.13620615 -0.49265096
v 17.47305431 -5.14427280 -0.56403539
v 18.24291744 -5.39691877 -0.48902699
v 18.23840847 -5.40785980 -0.57624242
v 17.95112743 -4.94292021 -0.19991109
v 17.59176387 -4.78470039 -0.19714925
v 17.56325283 -4.87631989 -0.21067998
v 18.25094738 -5.36684179 -0.40712926
v 18.26244487 -5.31956577 -0.33455083
v 18.29550686 -5.18343544 -0.23222157
v 18.27736797 -5.25724602 -0.27526280
v 18.31267299 -5.11596870 -0.21013066
v 18.33134212 -5.04548454 -0.20170018
v 17.72890224 -5.13721132 -0.30858418
v 17.53675594 -4.96129322 -0.24700734
v 17.51545848 -5.02863455 -0.29795644
v 17.49918117 -5.07848454 -0.35682103
v 17.48639431 -5.11520100 -0.42478368
v 15.94877376 -1.84289575 -0.24508473
v 21.18686428 -3.63294601 -0.17704579
v 20.78572597 -4.07652235 -0.18478581
v 20.88327160 -4.11199856 -0.18540761
v 20.68386592 -4.06034613 -0.18450353
v 20.08717098 -4.60871887 -0.19407842
v 20.58091488 -4.06373644 -0.18456456
v 20.10419597 -4.48459816 -0.19191167
v 21.37864818 -3.10197163 -0.16777608
v 20.48029842 -4.08679676 -0.18496510
v 19.29262676 -4.95231438 -0.20007512
v 19.22556820 -4.87291622 -0.19869039
v 21.45154705 -2.53700829 -0.15791509
v 20.38556804 -4.12861633 -0.18569753
v 19.14464702 -4.80785990 -0.19755361
v 20.14898433 -4.36832285 -0.18988225
v 19.05248775 -4.75953913 -0.19671056
v 20.20713558 -4.27937841 -0.18832967
v 18.95249309 -4.72961807 -0.19618794
v 20.28203716 -4.20314646 -0.18699834
v 18.84815731 -4.71936274 -0.19600865
v 20.30013027 -4.18794250 -0.18673131
v 18.38243999 -4.95349407 -0.20009419
v 18.44998302 -4.87340450 -0.19869802
v 17.58879604 -4.60435772 -0.19400212
v 17.57635250 -4.49857712 -0.19215581
v 18.53136959 -4.80791903 -0.19755361
v 17.54357280 -4.39786339 -0.19039723
v 18.62367382 -4.75950050 -0.19671056
v 17.48122921 -4.29044104 -0.18852040
v 18.72363033 -4.72959137 -0.19618794
v 17.39549007 -4.19963551 -0.18693730
v 18.82814159 -4.71936274 -0.19600865
v 17.37741222 -4.18436050 -0.18667027
v 17.29044857 -4.12381220 -0.18561360
v 16.88164653 -4.07447577 -0.18475148
v 16.98584118 -4.05640030 -0.18443486
v 17.09127941 -4.05875444 -0.18447682
v 17.19400539 -4.08156586 -0.18487737
v 21.73878231 0.94332796 -0.26311681
v 21.86169185 -0.44999999 -0.42590901
v 21.86921444 -0.44999999 -0.51736638
v 21.83267345 -0.44999999 -0.33897206
v 21.78410091 -0.44999999 -0.26142690
v 21.71819439 -0.44999999 -0.19808766
v 21.63897075 -0.44999999 -0.15241048
v 21.56604137 -0.44999999 -0.12942693
v 21.73878231 -1.84332800 -0.26311681
v 21.82496395 -2.53842020 -0.46789357
v 21.83109417 -2.53700829 -0.55520818
v 21.79902019 -2.53940558 -0.38429448
v 21.75463237 -2.53991151 -0.30884358
v 21.69416179 -2.53991151 -0.24554631
v 21.62081661 -2.53940558 -0.19775960
v 21.53848781 -2.53842020 -0.16802403
v 21.53058757 -3.78760004 -0.57357213
v 21.16693630 -4.31933022 -0.43107411
v 21.18221798 -4.33180714 -0.50436208
v 21.18576183 -4.33502722 -0.58048055
v 20.95789089 -4.16347361 -0.19751927
v 21.02689113 -4.21282291 -0.23058125
v 21.43198528 -3.75163603 -0.29533956
v 21.08676662 -4.25712490 -0.28239629
v 21.13413753 -4.29342699 -0.35054585
v 21.58852138 -3.36447954 -0.28914067
v 21.74833812 -3.18153167 -0.56501958
v 21.64540996 -3.16311240 -0.28586766
v 21.77803936 -2.86155844 -0.39621541
v 21.67726650 -2.95680475 -0.27208135
v -14.15872631 1.84853888 -3.90214726
v -14.16368161 1.81474900 -3.90745351
v -14.25204335 1.75949788 -3.91330144
v -14.16781674 1.76146412 -3.92265126
v -14.33208142 1.75110602 -3.88666722
v -14.50942669 1.69301367 -3.72018239
v -14.53779850 1.66589475 -3.64504811
v -14.42637883 1.84837675 -3.79126164
v -14.46405468 1.71701574 -3.78764150
v -14.40394268 1.73670650 -3.84407613
v -14.55608235 1.16009879 -4.12385365
v -14.55529843 1.20506549 -3.97757527
v -14.17614041 1.52618885 -4.19787023
v -14.55006466 1.50484717 -3.62985417
v -14.17535649 1.54837239 -4.12570378
v -14.55219136 1.38305879 -3.72252080
v -14.17012272 1.69626474 -3.95416448
v -14.17224942 1.63618255 -3.99987981
v -14.44079266 1.49750841 -3.99340627
v -14.17403660 1.58568335 -4.05819127
v -14.55397854 1.28069580 -3.84071919
v -8.57340870 1.66589475 -3.64504811
v -8.60178051 1.69301367 -3.72018239
v -8.77912579 1.75110602 -3.88666722
v -8.94928036 1.82822037 -3.90494725
v -8.85916195 1.75949788 -3.91330144
v -8.94543705 1.79465628 -3.91217229
v -8.94339047 1.76146412 -3.92265126
v -8.68482838 1.84837675 -3.79126164
v -8.64715062 1.71701574 -3.78764150
v -8.70726262 1.73670650 -3.84407613
v -8.56114064 1.50484717 -3.62985417
v -8.55901585 1.38305879 -3.72252080
v -8.94108448 1.69626474 -3.95416448
v -8.55512486 1.16009879 -4.12385365
v -8.93895779 1.63618255 -3.99987981
v -8.55590878 1.20506549 -3.97757527
v -8.93506680 1.52618885 -4.19787023
v -8.93585072 1.54837239 -4.12570378
v -8.67041264 1.49750841 -3.99340627
v -8.93717060 1.58568335 -4.05819127
v -8.55722866 1.28069580 -3.84071919
v 0.29841365 1.51910245 -10.29365346
v 0.29841365 1.51910245 -5.05207631
v 0.64753475 1.76656675 -5.05207631
v 0.64753475 1.76656675 -10.29365346
v 0.60705318 1.68503547 -5.05207631
v 0.60705318 1.68503547 -10.29365346
v 0.54788723 1.61585593 -5.05207631
v 0.54788723 1.61585593 -10.29365346
v 0.47362270 1.56321526 -5.05207631
v 0.47362270 1.56321526 -10.29365346
v 0.38875332 1.53030014 -10.29365346
v 0.38875332 1.53030014 -5.05207631
v 0.29646053 1.50936568 -10.37864110
v 0.28799572 1.44361115 -10.52083013
v 0.36681499 1.40001094 -10.58236882
v 0.28509273 1.39464641 -10.57489583
v 0.29205074 1.48113763 -10.45881459
v 0.44449749 1.41740239 -10.60300252
v 0.64494075 1.58221984 -10.78824422
v 0.61706676 1.53045726 -10.73074147
v 0.54676952 1.59704041 -10.43019673
v 0.51430645 1.44596148 -10.63577458
v 0.57279338 1.48427737 -10.67906758
v 0.28255214 1.32084692 -10.62737462
v 0.27960720 1.23544240 -10.66123769
v 7.05011882 1.14573431 -4.67213628
v 7.05011882 1.22919297 -4.68291280
v 7.05011882 1.30823350 -4.71179006
v 7.05011882 1.37897968 -4.75736043
v 7.05011882 1.43796229 -4.81738088
v 7.05011882 1.48228848 -4.88891026
v 7.05011882 1.50978470 -4.96844289
v 7.05011882 1.51910245 -5.05207631
v 7.05011882 1.51910245 -10.29365346
v 7.19620266 1.16009879 -4.67238805
v 7.34248485 1.20506549 -4.67317006
v 7.12218990 1.52618885 -5.05232808
v 7.67501201 1.66589475 -4.69067189
v 7.69020214 1.50484717 -4.67840383
v 7.19435253 1.54837239 -5.05311391
v 7.59987774 1.69301367 -4.71904180
v 7.59753551 1.38305879 -4.67627904
v 7.36589565 1.69626474 -5.05834767
v 7.32018032 1.63618255 -5.05621907
v 7.43339290 1.75110602 -4.89638707
v 7.40675869 1.75949788 -4.97642323
v 7.39740886 1.76146412 -5.06065175
v 7.32665004 1.49750841 -4.78767583
v 7.53241481 1.71701574 -4.76441380
v 7.47598400 1.73670650 -4.82452580
v 7.26186885 1.58568335 -5.05443379
v 7.47933712 1.28069580 -4.67448995
v 7.41790905 1.84853888 -5.06974217
v 7.41260280 1.81474900 -5.06478688
v 7.52879848 1.84837675 -4.80209157
v 7.41511287 1.82822037 -10.27918813
v 7.40788784 1.79465628 -10.28303334
v 7.39740886 1.76146412 -10.28507802
v 7.36589565 1.69626474 -10.28738591
v 7.32018032 1.63618255 -10.28951070
v 7.26186885 1.58568335 -10.29129979
v 7.19435253 1.54837239 -10.29261968
v 7.12218990 1.52618885 -10.29340169
v 0.65249385 1.49135137 -10.95231053
v 0.64955272 1.32278967 -11.01915166
v 0.54304256 1.36798811 -10.72367665
v 0.54063549 1.25912344 -10.76630208
v 1.02640285 -2.43030024 -10.93130681
v 1.02640285 -2.75551510 -10.65316960
v 0.88612499 -2.74377227 -10.65424916
v 1.02640285 -2.66656685 -10.67252156
v 0.60175075 -2.63828301 -10.66155431
v 0.88985958 -2.49704051 -10.77329061
v 0.75046672 -2.70872211 -10.65706822
v 1.02640285 -2.46321535 -10.84643743
v 1.02640285 -2.51585603 -10.77217290
v 1.02640285 -2.58503556 -10.71300694
v -14.81404362 -2.43030024 -5.05207631
v -14.55526028 -2.66656685 -5.05207631
v -14.65602551 -2.49704051 -4.91553304
v -14.72917424 -2.46321535 -5.05207631
v -14.65490971 -2.51585603 -5.05207631
v -14.59574376 -2.58503556 -5.05207631
v -7.51259098 -2.40484715 -4.67840383
v -7.52778492 -2.56589484 -4.69067189
v -7.60291920 -2.59301376 -4.71904180
v -7.60525952 -2.28305888 -4.67627904
v -7.83690129 -2.59626484 -5.05834767
v -7.79603825 -2.65949798 -4.97642323
v -7.76940403 -2.65110612 -4.89638707
v -7.80538807 -2.66146421 -5.06065175
v -8.00659237 -2.06009889 -4.67238805
v -7.88261662 -2.53618264 -5.05621907
v -7.86031208 -2.10506558 -4.67317006
v -8.08060704 -2.42618895 -5.05232808
v -8.00844250 -2.44837236 -5.05311391
v -7.87614499 -2.39750838 -4.78767583
v -7.94092808 -2.48568344 -5.05443379
v -7.67038021 -2.61701584 -4.76441380
v -7.72681103 -2.63670659 -4.82452580
v -7.72345791 -2.18069577 -4.67448995
v -7.78768406 -2.72822046 -5.06654164
v -7.79490910 -2.69465637 -5.06270024
v -7.67399845 -2.74837685 -4.80209157
v -8.08060704 -2.42618895 -10.29340169
v -8.00844250 -2.44837236 -10.29261968
v -7.94092808 -2.48568344 -10.29129979
v -7.88261662 -2.53618264 -10.28951070
v -7.83690129 -2.59626484 -10.28738591
v -7.80538807 -2.66146421 -10.28507802
v -7.79019223 -2.71474910 -10.28094289
v -7.78488598 -2.74853897 -10.27598760
v -7.78273259 -2.78264523 -10.26913640
v 15.50579204 0.59350413 -1.79012486
v 15.61864605 -0.44999999 -1.41803929
v 15.23750820 -0.44999999 -2.30734822
v 14.81708660 0.59350413 -2.95995900
v 14.67779674 -0.44999999 -3.09655950
v 13.81638469 0.59350413 -3.87724874
v 13.96456279 -0.44999999 -3.75034139
v 13.12973919 -0.44999999 -4.23943135
v 11.24858989 -0.44999999 -4.64428136
v 12.59118023 0.59350413 -4.46179769
v 12.21070232 -0.44999999 -4.54192159
v 12.59118023 -1.49350417 -4.46179769
v 13.81638469 -1.49350417 -3.87724874
v 14.81708660 -1.49350417 -2.95995900
v 15.50579204 -1.49350417 -1.79012486
v 0.64494075 1.58221984 -4.55748555
v 0.61706676 1.53045726 -4.61498830
v 0.29695644 1.51201046 -4.97945592
v 0.28865566 1.45098472 -4.83517262
v 0.36681499 1.40001094 -4.76336095
v 0.44449749 1.41740239 -4.74272725
v 0.28509273 1.39464641 -4.77083394
v 0.54676952 1.59704041 -4.91553304
v 0.29348125 1.49134195 -4.90997502
v 0.51430645 1.44596148 -4.70995519
v 0.57279338 1.48427737 -4.66666219
v 0.27960720 1.23544240 -4.68449208
v 0.28255214 1.32084692 -4.71835896
v 0.64955272 1.32278967 -4.32658193
v 0.65249385 1.49135137 -4.39341924
v 0.54063549 1.25912344 -4.57942769
v 0.54304256 1.36798811 -4.62205693
v 1.02640285 -2.66656685 -4.67320821
v 1.02640285 -2.43030024 -4.41442677
v 0.88985958 -2.49704051 -4.57244298
v 1.02640285 -2.58503556 -4.63272664
v 1.02640285 -2.51585603 -4.57356069
v 1.02640285 -2.46321535 -4.49929616
v -7.76019726 -4.07360697 -5.71901509
v -7.76050244 -4.05614328 -5.82231328
v -7.74507580 -4.93999815 -6.78532598
v -7.74787197 -4.77981806 -6.42566869
v -7.75093327 -4.60435772 -6.42260930
v -7.76044903 -4.05921221 -5.92908284
v -7.75306759 -4.48210382 -6.40638921
v -7.76002942 -4.08323717 -6.03315923
v -7.74480305 -4.95557165 -7.21381566
v -7.74326001 -5.04403543 -7.16504476
v -7.75927983 -4.12625027 -6.12868306
v -7.74621067 -4.87498522 -7.28097722
v -7.74738369 -4.80776739 -7.36417958
v -7.75512562 -4.36415815 -6.36153218
v -7.74824772 -4.75826836 -7.45900151
v -7.75669346 -4.27441502 -6.30272481
v -7.74876080 -4.72881126 -7.55968282
v -7.75799809 -4.19963551 -6.22921941
v -7.74892674 -4.71936274 -7.66025731
v -7.75826512 -4.18436050 -6.21116063
v -7.74892674 -4.71936274 -7.68340108
v -7.74478398 -4.95667458 -8.12745091
v -7.74618969 -4.87617540 -8.06074330
v -7.75085698 -4.60871887 -8.91789815
v -7.75268040 -4.50426292 -8.92996022
v -7.74736271 -4.80890608 -7.97807118
v -7.75446759 -4.40186167 -8.96302220
v -7.74823056 -4.75918531 -7.88379857
v -7.75637494 -4.29263687 -9.02694890
v -7.74875317 -4.72933674 -7.78360173
v -7.75793705 -4.20314646 -9.11230657
v -7.75820218 -4.18794250 -9.13037297
v -7.75921307 -4.13003635 -9.21299169
v -7.76656590 -3.70875406 -9.98299977
v -7.75949345 -4.11401415 -9.71719167
v -7.76011525 -4.07840872 -9.62279317
v -7.76042424 -4.06068850 -9.51953694
v -7.76037465 -4.06349277 -9.41275975
v -7.77445088 -3.25710034 -10.17024037
v -7.75996075 -4.08725977 -9.30862233
v -17.43834553 0.59350413 4.18573192
v -17.81043110 -0.44999999 4.29858592
v -16.92112217 -0.44999999 3.91745189
v -16.26851139 0.59350413 3.49702647
v -16.13191090 -0.44999999 3.35773662
v -15.35121975 0.59350413 2.49632838
v -15.47812710 -0.44999999 2.64450267
v -14.98903904 -0.44999999 1.80968287
v -14.58418713 -0.44999999 -0.07146642
v -14.76667080 0.59350413 1.27112010
v -14.68654690 -0.44999999 0.89064219
v -14.76667080 -1.49350417 1.27112010
v -15.35121975 -1.49350417 2.49632838
v -16.26851139 -1.49350417 3.49702647
v -17.43834553 -1.49350417 4.18573192
v 5.59711971 -4.07840872 -3.87737844
v 5.49386348 -4.06068850 -3.87768743
v 5.38708629 -4.06349277 -3.87763783
v 5.28294887 -4.08725977 -3.87722203
v 5.18731823 -4.13003635 -3.87647435
v 4.90428676 -4.50426292 -3.86994359
v 4.89222469 -4.60871887 -3.86812016
v 4.03435268 -4.87546921 -3.86346242
v 4.10151043 -4.95628357 -3.86205480
v 3.95108547 -4.80804539 -3.86464116
v 4.93734874 -4.40186167 -3.87173268
v 3.85614147 -4.75838947 -3.86550710
v 5.00127544 -4.29263687 -3.87363622
v 3.75530758 -4.72883987 -3.86602208
v 5.08663311 -4.20314646 -3.87520024
v 3.65458431 -4.71936274 -3.86618993
v 5.10469951 -4.18794250 -3.87546346
v 2.20354595 -4.19963551 -3.87526128
v 3.63458385 -4.71936274 -3.86618993
v 3.53400936 -4.72881126 -3.86602590
v 2.27705135 -4.27441502 -3.87395665
v 3.43332805 -4.75826836 -3.86551091
v 2.18548717 -4.18436050 -3.87552831
v 2.33585872 -4.36415815 -3.87238881
v 3.33850612 -4.80776739 -3.86464498
v 2.08042659 -4.11401558 -3.87675664
v 2.38071575 -4.48210382 -3.87032887
v 3.25530376 -4.87498522 -3.86347386
v 1.96014919 -4.06961012 -3.87753102
v 3.18814220 -4.95557165 -3.86206624
v 2.39693584 -4.60435772 -3.86819646
v 7.05011882 1.50978470 -10.37728688
v 7.05011882 1.48228848 -10.45681951
v 7.05011882 1.43796229 -10.52835271
v 7.05011882 1.37897968 -10.58837316
v 7.05011882 1.30823350 -10.63393971
v 7.05011882 1.22919297 -10.66282079
v 7.05011882 1.14573431 -10.67359731
v 7.69020214 1.50484717 -10.66732594
v 7.67501201 1.66589475 -10.65506169
v 7.59987774 1.69301367 -10.62668797
v 7.59753551 1.38305879 -10.66945455
v 7.40675869 1.75949788 -10.36930654
v 7.43339290 1.75110602 -10.44934270
v 7.19620266 1.16009879 -10.67334554
v 7.34248485 1.20506549 -10.67255971
v 7.32665004 1.49750841 -10.55805394
v 7.53241481 1.71701574 -10.58131978
v 7.47598400 1.73670650 -10.52120397
v 7.47933712 1.28069580 -10.67123982
v 7.52879848 1.84837675 -10.54364202
v 11.24858989 -0.44999999 -10.70144841
v 11.24858989 -2.53700829 -10.66502187
v -7.72345791 -2.18069577 -10.67123982
v -7.60525952 -2.28305888 -10.66945455
v -7.51259098 -2.40484715 -10.66732594
v -7.86031208 -2.10506558 -10.67255971
v -7.44871579 -2.53700829 -10.66502187
v -8.00659237 -2.06009889 -10.67334554
v -7.52778492 -2.56589484 -10.65506169
v -7.60291920 -2.59301376 -10.62668797
v -7.76940403 -2.65110612 -10.44934270
v -7.79603825 -2.65949798 -10.36930654
v -7.87614499 -2.39750838 -10.55805394
v -7.67038021 -2.61701584 -10.58131978
v -7.72681103 -2.63670659 -10.52120397
v -7.77306424 -2.79192924 -10.35305974
v -7.74487553 -2.80041718 -10.43278691
v -7.48723088 -2.81893754 -10.63714025
v -7.56745015 -2.81718230 -10.60912511
v -7.41525708 -2.67628860 -10.65933034
v -7.40279065 -2.81854582 -10.64674947
v -7.67399845 -2.74837685 -10.54364202
v -7.63943158 -2.81336761 -10.56410405
v -7.69957600 -2.80768442 -10.50432775
v 21.70502987 -0.44999999 -1.98442647
v 21.66268673 -2.53700829 -2.01310155
v 21.33918132 -0.44999999 -3.41459844
v 21.29441204 -2.53700829 -3.43372914
v 20.77872600 -0.44999999 -4.78029057
v 20.73333492 -2.53700829 -4.78983113
v 20.03447857 -0.44999999 -6.05517003
v 19.99022808 -2.53700829 -6.05537602
v 19.12078609 -0.44999999 -7.21465108
v 19.07934703 -2.53700829 -7.20607564
v 18.05526867 -0.44999999 -8.23636815
v 18.01817455 -2.53700829 -8.21984670
v 16.85848369 -0.44999999 -9.10062215
v 16.82708110 -2.53700829 -9.07723042
v 15.55350628 -0.44999999 -9.79073903
v 15.52892437 -2.53700829 -9.76177785
v 14.16550579 -0.44999999 -10.29340932
v 14.14861812 -2.53700829 -10.26034352
v 12.72124996 -0.44999999 -10.59894750
v 12.71265163 -2.53700829 -10.56336400
v 12.61881389 -4.33502722 -9.92687032
v 11.24858989 -4.33502722 -10.02166936
v 11.24858989 -3.78746915 -10.36576650
v 12.69620266 -3.17857075 -10.48348805
v 11.24858989 -3.17857075 -10.58363912
v 12.66620006 -3.78746915 -10.26769444
v 14.11623134 -3.17857075 -10.18494222
v 14.05679454 -3.78746915 -9.97533605
v 13.96292629 -4.33502722 -9.64428517
v 15.48161831 -3.17857075 -9.69369313
v 15.39388408 -3.78746915 -9.49426839
v 15.25532283 -4.33502722 -9.17929646
v 16.76634731 -3.17857075 -9.01909825
v 16.65198650 -3.78746915 -8.83365437
v 16.47137203 -4.33502722 -8.54076573
v 17.94593944 -3.17857075 -8.17401311
v 17.80713405 -3.78746915 -8.00608251
v 17.58790340 -4.33502722 -7.74085805
v 18.99791851 -3.17857075 -7.17453954
v 18.83730831 -3.78746915 -7.02732656
v 18.58364620 -4.33502722 -6.79481694
v 19.90224208 -3.17857075 -6.03972432
v 19.72289028 -3.78746915 -5.91602895
v 19.43962612 -4.33502722 -5.72066686
v 20.64167537 -3.17857075 -4.79118535
v 20.44699611 -3.78746915 -4.69336507
v 20.13952770 -4.33502722 -4.53887364
v 21.20212688 -3.17857075 -3.45271489
v 20.99583568 -3.78746915 -3.38263890
v 21.02099361 -4.33502722 -1.94405934
v 20.67001857 -4.33502722 -3.27195928
v 21.57292308 -3.17857075 -2.04982182
v 21.35894527 -3.78746915 -2.00881764
v 12.27884044 -5.14427280 -6.22980687
v 11.24858989 -5.14427280 -6.31538960
v 11.24858989 -5.25514507 -6.56176183
v 18.05804958 -5.40785980 -1.72785375
v 12.36163463 -5.34324884 -6.72469899
v 11.24858989 -5.34324884 -6.81715962
v 11.24858989 -5.40785980 -7.07948873
v 12.41019954 -5.40785980 -6.98254964
v 12.31949367 -5.25514507 -6.47280309
v 13.44416561 -5.34324884 -6.44985387
v 13.53967418 -5.40785980 -6.69440648
v 13.36103572 -5.25514507 -6.20836064
v 13.28084697 -5.14427280 -5.97540471
v 14.46650829 -5.34324884 -6.00015828
v 14.60576000 -5.40785980 -6.22303578
v 14.34467449 -5.25514507 -5.77569005
v 14.22714748 -5.14427280 -5.55916020
v 15.40063610 -5.34324884 -5.38793752
v 15.57896938 -5.40785980 -5.58147618
v 15.24343624 -5.25514507 -5.18665120
v 15.09179439 -5.14427280 -4.99247930
v 16.22094860 -5.34324884 -4.62998006
v 16.43237438 -5.40785980 -4.78747746
v 16.03268947 -5.25514507 -4.45738790
v 15.85108318 -5.14427280 -4.29089925
v 16.90495052 -5.34324884 -3.74705693
v 17.14236583 -5.40785980 -3.86300466
v 16.69079342 -5.25514507 -3.60789296
v 16.48420848 -5.14427280 -3.47364995
v 17.43389644 -5.34324884 -2.76337239
v 17.68930187 -5.40785980 -2.83363912
v 17.19971218 -5.25514507 -2.66145513
v 16.97380962 -5.14427280 -2.56313893
v 17.79328289 -5.34324884 -1.70590016
v 17.54549160 -5.25514507 -1.64401814
v 17.30646267 -5.14427280 -1.58432195
v 4.89222469 -4.60871887 -11.47760961
v 5.32944622 -4.07395792 -11.46827886
v 4.90852871 -4.48612881 -11.47546956
v 4.10151043 -4.95628357 -11.48367879
v 5.20953884 -4.11805725 -11.46904561
v 4.03435268 -4.87546921 -11.48226735
v 3.95108547 -4.80804539 -11.48108861
v 4.95363369 -4.36788225 -11.47340581
v 3.85614147 -4.75838947 -11.48022267
v 5.01275768 -4.27797318 -11.47183797
v 3.75530758 -4.72883987 -11.47970769
v 5.08663311 -4.20314646 -11.47053334
v 3.65458431 -4.71936274 -11.47954366
v 5.10469951 -4.18794250 -11.47026631
v 3.18814220 -4.95557165 -11.48366734
v 3.25530376 -4.87498522 -11.48225972
v 2.39693584 -4.60435772 -11.47753331
v 2.38493480 -4.50018835 -11.47571752
v 3.33850612 -4.80776739 -11.48108479
v 2.35205593 -4.39805746 -11.47393224
v 3.43332805 -4.75826836 -11.48022267
v 2.28847255 -4.28905821 -11.47203252
v 3.53400936 -4.72881126 -11.47970769
v 2.20354595 -4.19963551 -11.47047231
v 3.63458385 -4.71936274 -11.47954366
v 2.18548717 -4.18436050 -11.47020528
v 2.10300960 -4.12625027 -11.46919057
v 1.69334163 -4.07360697 -11.46827123
v 1.79663982 -4.05614328 -11.46796605
v 1.90340938 -4.05921221 -11.46801946
v 2.00748577 -4.08323717 -11.46843907
v -17.21536885 -2.53700829 10.34263042
v -15.79473935 -2.53700829 9.97435573
v -14.43863926 -2.53700829 9.41327861
v -13.17309437 -2.53700829 8.67016795
v -12.02239476 -2.53700829 7.75928691
v -11.00862179 -2.53700829 6.69811824
v -10.15123616 -2.53700829 5.50702479
v -9.46669255 -2.53700829 4.20886424
v -8.96812497 -2.53700829 2.82855800
v -8.66510449 -2.53700829 1.39259532
v -15.35118733 -4.08387470 -5.70429036
v -15.35086499 -4.06541204 -5.78418157
v -15.35852490 -4.50426292 -6.41576955
v -15.36034832 -4.60871887 -6.42783162
v -15.36500607 -4.87546921 -7.28570363
v -15.36641560 -4.95628357 -7.21854970
v -15.36382924 -4.80804539 -7.36897466
v -15.35673771 -4.40186167 -6.38271138
v -15.36296139 -4.75838947 -7.46391484
v -15.35483227 -4.29263687 -6.31878087
v -15.36244641 -4.72883987 -7.56475255
v -15.35327015 -4.20314646 -6.23342702
v -15.36228047 -4.71936274 -7.66547582
v -15.35320912 -4.19963551 -9.11651036
v -15.36228047 -4.71936274 -7.68547627
v -15.36244450 -4.72881126 -7.78604695
v -15.35451374 -4.27441502 -9.04300496
v -15.36295948 -4.75826836 -7.88673207
v -15.35294209 -4.18436050 -9.13457295
v -15.35607968 -4.36415815 -8.98420140
v -15.36382351 -4.80776739 -7.98155019
v -15.35171376 -4.11401558 -9.23963353
v -15.35813961 -4.48210382 -8.93934056
v -15.36499653 -4.87498522 -8.06475636
v -15.35093937 -4.06961012 -9.35990712
v -15.36640416 -4.95557165 -8.13191792
v -15.36027203 -4.60435772 -8.92312428
v -7.36737118 -5.14427280 -6.31538960
v -7.36496792 -5.30209303 -6.68846318
v -7.36335621 -5.40785980 -7.07948873
v -7.37969456 -4.33502722 -10.02166936
v -7.38673458 -3.87284350 -10.32257268
v -7.39456616 -3.35852242 -10.53457067
v -7.43703709 -5.40065289 -7.08098790
v -7.45630513 -5.13388586 -6.31874272
v -7.73122654 -5.12909698 -7.14255712
v -7.73940144 -4.85076666 -6.40357396
v -7.71716557 -4.91872263 -6.38278768
v -7.63085995 -5.23418093 -6.83320806
v -7.69944439 -5.20917940 -7.12276647
v -7.64987812 -5.28018856 -7.10632512
v -7.58470593 -5.33804703 -7.09378240
v -7.50755368 -5.37971687 -7.08517644
v -7.63247929 -5.13683367 -6.56056020
v -7.53981266 -5.10375929 -6.32768819
v -7.61366902 -5.05604839 -6.34174535
v -7.67372380 -4.99313498 -6.36039922
v -7.46820507 -4.32889938 -10.01290318
v -7.55148754 -4.31033182 -9.98844716
v -7.75135289 -4.15601826 -9.77799794
v -7.72915326 -4.19686699 -9.83557317
v -7.66245327 -3.33566546 -10.42544362
v -7.65422306 -3.83031631 -10.21993062
v -7.62532483 -4.28085661 -9.94961354
v -7.68555317 -4.24216890 -9.89781758
v -8.74498043 -3.17857075 1.37614253
v -8.96077595 -3.78746915 1.34613994
v -9.30159817 -4.33502722 1.29875377
v -9.04352436 -3.17857075 2.79617122
v -9.25313244 -3.78746915 2.73673823
v -9.58418332 -4.33502722 2.64286998
v -9.53477536 -3.17857075 4.16155818
v -9.73420201 -3.78746915 4.07382777
v -10.04917012 -4.33502722 3.93526271
v -10.20937024 -3.17857075 5.44628718
v -10.39481411 -3.78746915 5.33193019
v -10.68770275 -4.33502722 5.15131190
v -11.05445538 -3.17857075 6.62587932
v -11.22238408 -3.78746915 6.48707393
v -11.48761044 -4.33502722 6.26784709
v -12.05392704 -3.17857075 7.67786220
v -12.20114384 -3.78746915 7.51725200
v -13.50780354 -4.33502722 8.11956599
v -12.43365155 -4.33502722 7.26358989
v -13.18874607 -3.17857075 8.58218196
v -13.31244145 -3.78746915 8.40283015
v -14.68959484 -4.33502722 8.81946757
v -14.43728314 -3.17857075 9.32161525
v -14.53510342 -3.78746915 9.12693599
v -15.95651112 -4.33502722 9.34996226
v -15.77575360 -3.17857075 9.88207057
v -15.84583149 -3.78746915 9.67577556
v -17.17864857 -3.17857075 10.25286677
v -17.21965275 -3.78746915 10.03888896
v -17.28441105 -4.33502722 9.70093730
v -17.50061474 -5.40785980 6.73799327
v -12.50376950 -5.34324884 1.04157451
v -12.41130886 -5.34324884 -0.07146642
v -12.14897976 -5.40785980 -0.07146642
v -12.24592076 -5.40785980 1.09013942
v -12.75566731 -5.25514507 0.99943355
v -12.91307888 -5.14427280 -0.07146642
v -12.66670857 -5.25514507 -0.07146642
v -12.99866162 -5.14427280 0.95878032
v -12.77861462 -5.34324884 2.12410548
v -12.53406392 -5.40785980 2.21961406
v -13.02010785 -5.25514507 2.04097941
v -13.25306378 -5.14427280 1.96079066
v -13.22831021 -5.34324884 3.14644816
v -13.00543461 -5.40785980 3.28570369
v -13.45277844 -5.25514507 3.02461436
v -13.66931019 -5.14427280 2.90708735
v -13.84053097 -5.34324884 4.08057979
v -13.64699421 -5.40785980 4.25891307
v -14.04181729 -5.25514507 3.92337611
v -14.23598919 -5.14427280 3.77173427
v -14.59849034 -5.34324884 4.90088847
v -14.44099293 -5.40785980 5.11231807
v -14.77108059 -5.25514507 4.71262935
v -14.93756924 -5.14427280 4.53102687
v -15.48141346 -5.34324884 5.58489421
v -15.36546383 -5.40785980 5.82230952
v -15.62057553 -5.25514507 5.37073710
v -15.75481854 -5.14427280 5.16415217
v -16.46509610 -5.34324884 6.11383632
v -16.39483128 -5.40785980 6.36924556
v -16.56701336 -5.25514507 5.87965587
v -17.64414654 -5.14427280 5.98640635
v -16.66532956 -5.14427280 5.65374949
v -17.52257023 -5.34324884 6.47322276
v -17.58445225 -5.25514507 6.22543529
v -13.65641461 4.06500006 5.16422465
v -14.44019184 4.06500006 5.90560344
v -13.52934132 4.06500006 5.05715755
v -14.51347790 4.06500006 5.93741038
v -12.92643605 4.06500006 4.27007487
v -12.83702908 4.06500006 4.17485240
v -15.37529240 4.06500006 6.53709224
v -15.47782383 4.06500006 6.57176784
v -12.34040699 4.06500006 3.27561763
v -16.41108761 4.06500006 7.03019908
v -16.52717266 4.06500006 7.05264094
v -12.23626957 4.06500006 3.10302547
v -11.91186963 4.06500006 2.20383266
v -17.53422795 4.06500006 7.36759379
v -17.63728009 4.06500006 7.36892131
v -11.81820927 4.06500006 1.95740321
v -11.65071926 4.06500006 1.07947734
v -11.60955487 4.06500006 0.93353465
v -18.64602051 4.06500006 7.52537349
v -18.78249894 4.06500006 7.51329997
v -18.78249894 4.06500006 7.53332713
v -11.54299412 4.06500006 -0.07146642
v -11.56299458 4.06500006 -0.07146642
v -11.54299412 4.06500006 -3.61622807
v -11.56299458 4.06500006 -3.61622807
v -9.95152722 3.48700690 -3.62529943
v -9.95152722 3.48700690 -0.07146642
v -9.94481144 3.48136806 -0.07146642
v -9.93811665 3.47570562 -0.07146642
v -9.93144284 3.47001958 -3.62556645
v -9.93144284 3.47001958 -0.07146642
v -10.06098996 4.02554274 -3.48463246
v -10.06098996 4.02554274 -0.07146642
v -10.05538426 3.70435786 -0.07146642
v -10.06082974 4.01632881 -3.52995488
v -10.06094799 4.02318430 -3.50776479
v -10.06057797 4.00191259 -3.55537221
v -10.06019078 3.97972083 -3.57902333
v -10.05966244 3.94951844 -3.59862325
v -10.05907116 3.91559577 -3.61071584
v -10.05844555 3.87981820 -3.61517140
v -10.05538426 3.70435786 -3.61823461
v -10.14313374 3.70435786 1.18934062
v -10.16492710 4.02554274 1.29966548
v -10.40469418 3.70435786 2.42584041
v -10.47436009 4.02554274 2.63946727
v -10.83501873 3.70435786 3.61418727
v -10.98222027 4.02554274 3.91731456
v -11.42581234 3.70435786 4.73146251
v -11.67690144 4.02554274 5.10400584
v -12.16568051 3.70435786 5.75612834
v -12.54252682 4.02554274 6.17241862
v -13.04035817 3.70435786 6.66842082
v -13.55931340 4.02554274 7.09814265
v -14.03298054 3.70435786 7.45075419
v -14.70402394 4.02554274 7.86001399
v -15.12440548 3.70435786 8.08804133
v -15.95050106 4.02554274 8.44062617
v -16.29358921 3.70435786 8.56799510
v -17.27025662 4.02554274 8.82671168
v -17.51798687 3.70435786 8.88135722
v -18.63313065 4.02554274 9.00944331
v -18.69142876 4.01096249 9.01286891
v -18.66324578 4.02173519 9.01119426
v -18.71656285 3.99419761 9.01441768
v -18.73753987 3.97243047 9.01579478
v -18.75363694 3.94688964 9.01697352
v -18.76460133 3.91865754 9.01794627
v -18.76911698 3.89771581 9.01850322
v -18.77089844 3.87628293 9.01895335
v -18.77398739 3.70435786 9.02208522
v -12.09041272 3.48700690 5.82803157
v -11.32370625 3.47001958 4.80197337
v -11.34056530 3.48700690 4.79105189
v -12.97682057 3.48700690 6.75100520
v -12.07529126 3.47001958 5.84125712
v -13.98265896 3.48700690 7.54213527
v -12.96374760 3.47001958 6.76626018
v -15.08849011 3.48700690 8.18613246
v -13.97190342 3.47001958 7.55910686
v -16.27294598 3.48700690 8.67055705
v -15.08027516 3.47001958 8.20447734
v -17.51313267 3.48700690 8.98604014
v -16.26744137 3.47001958 8.68988994
v -18.78508912 3.48700690 9.12648967
v -17.51045475 3.47001958 9.00596812
v -18.78529225 3.47001958 9.14660075
v -10.03382359 3.48136806 1.20605281
v -10.04047451 3.48700690 1.20512202
v -10.02719365 3.47570562 1.20698359
v -10.02059613 3.47001958 1.20799830
v -10.29913960 3.48136806 2.45889094
v -10.30559597 3.48700690 2.45704463
v -10.29270230 3.47570562 2.46072963
v -10.28633366 3.47001958 2.46273997
v -10.73563061 3.48136806 3.66282466
v -10.74176846 3.48700690 3.66010478
v -10.72950993 3.47570562 3.66554072
v -10.72352085 3.47001958 3.66849711
v -11.33486424 3.48136806 4.79459956
v -11.32917843 3.47570562 4.79813579
v -12.08525906 3.48136806 5.83233455
v -12.08011876 3.47570562 5.83662608
v -12.97231160 3.48136806 6.75597957
v -12.96781788 3.47570562 6.76094249
v -13.97888432 3.48136806 7.54768947
v -13.97512112 3.47570562 7.55322459
v -15.08552227 3.48136806 8.19215587
v -15.08256398 3.47570562 8.19816020
v -16.27084217 3.48136806 8.67693141
v -16.26874409 3.47570562 8.68329051
v -17.51193486 3.48136806 8.99264720
v -17.51073895 3.47570562 8.99923518
v -13.17509327 3.47400331 -0.07146642
v -13.16841565 3.47966313 -0.07146642
v -13.15500126 3.49091172 -3.62523839
v -13.16171894 3.48529911 -0.07146642
v -13.15500126 3.49091172 -0.07146642
v -18.79213200 3.92148328 6.02774623
v -18.67517243 4.02816296 6.02149013
v -18.79607735 3.88746715 6.02738383
v -18.78133259 3.95394254 6.02765849
v -18.76355706 3.98314548 6.02704814
v -18.74174462 4.00485039 6.02598002
v -18.71797524 4.01906395 6.02456477
v -18.69705258 4.02583742 6.02313807
v -18.79908142 3.70871902 6.02443507
v -17.78472004 3.70871902 5.87874415
v -17.67639981 4.02816296 5.85846522
v -16.80900822 3.70871902 5.56546977
v -16.71821843 4.02816296 5.53287318
v -15.89942227 3.70871902 5.09344676
v -15.82689534 4.02816296 5.05363658
v -15.08157978 3.70871902 4.47596171
v -15.02686749 4.02816296 4.43389323
v -14.37851582 3.70871902 3.73040202
v -14.34006749 4.02816296 3.69063762
v -13.81002674 3.70871902 2.87777522
v -13.78532467 4.02816296 2.84424403
v -13.39212857 3.70871902 1.94208720
v -13.37784443 4.02816296 1.91791347
v -13.13658581 3.70871902 0.94968608
v -13.12880192 4.02816296 0.93704799
v -13.05059872 3.70871902 -0.07146642
v -13.04502163 4.02816296 -0.07146642
v -13.04502163 4.02816296 -3.48459050
v -13.04756222 3.88261533 -3.61512181
v -13.05059872 3.70871902 -3.61815831
v -13.04727803 3.89885640 -3.61407277
v -13.04699955 3.91484427 -3.61148641
v -13.04656277 3.93993592 -3.60402867
v -13.04522763 4.01633549 -3.53540608
v -13.04507504 4.02508783 -3.51075551
v -13.04615269 3.96340251 -3.59254262
v -13.04546795 4.00261831 -3.55776402
v -13.04578076 3.98464751 -3.57704732
v -16.85330067 3.47400331 5.44905665
v -15.95274411 3.49091172 5.00364116
v -15.96302662 3.47400331 4.98637202
v -17.80838261 3.47400331 5.75643352
v -16.84612904 3.49091172 5.46783259
v -18.80140458 3.47400331 5.89986232
v -17.80453549 3.49091172 5.77616694
v -18.80099736 3.49091172 5.91996196
v -13.25265179 3.47966313 0.92943767
v -13.25923596 3.47400331 0.92832377
v -13.24604855 3.48529911 0.93055919
v -13.23944149 3.49091172 0.93176845
v -13.50299130 3.47966313 1.90218928
v -13.50929509 3.47400331 1.89998820
v -13.49666844 3.48529911 1.90439418
v -13.49038372 3.49091172 1.90677455
v -13.91239033 3.47966313 2.81941417
v -13.91823826 3.47400331 2.81619075
v -13.90652523 3.48529911 2.82264903
v -13.90076886 3.49091172 2.82612041
v -14.46933232 3.47966313 3.65531352
v -14.47455845 3.47400331 3.65115932
v -14.46408902 3.48529911 3.65948298
v -14.45904980 3.49091172 3.66393855
v -15.15814839 3.47966313 4.38636973
v -15.16260777 3.47400331 4.38139918
v -15.15367566 3.48529911 4.39135554
v -15.14951764 3.49091172 4.39665034
v -15.95946179 3.47966313 4.99201777
v -15.95588551 3.48529911 4.99768260
v -16.85072956 3.47966313 5.45521739
v -16.84815083 3.48529911 5.46139720
v -17.80687771 3.47966313 5.76294139
v -17.80536709 3.48529911 5.76946452
v -0.40944538 4.06500006 -7.68025777
v -18.78249894 4.06500006 -7.68025777
v -0.40944538 4.06500006 -7.66025731
v -18.78249894 4.06500006 -7.66025731
v -0.40010701 3.47001958 -6.04870412
v -0.40037403 3.48700690 -6.06878850
v -18.79157124 3.48700690 -6.06878850
v -0.54104100 4.02554274 -6.17825124
v -0.40743885 3.70435786 -6.17264745
v -0.41050206 3.87981820 -6.17570683
v -0.41495762 3.91559577 -6.17633245
v -0.42705021 3.94951844 -6.17692372
v -0.44665013 3.97972083 -6.17745397
v -0.47030125 4.00191259 -6.17783925
v -0.49571858 4.01632881 -6.17809102
v -0.51790867 4.02318430 -6.17820928
v -18.65090523 4.02554274 -6.17825124
v -18.78450642 3.70435786 -6.17264745
v -18.78039227 3.89607072 -6.17599294
v -18.78144417 3.87981820 -6.17570683
v -18.77781163 3.91207147 -6.17627141
v -18.77035771 3.93718410 -6.17671010
v -18.70175133 4.01368570 -6.17804524
v -18.67708741 4.02245903 -6.17819783
v -18.75888119 3.96067357 -6.17711827
v -18.72411404 3.99994111 -6.17780492
v -18.74339447 3.98194289 -6.17749211
v -18.79150925 3.49091172 -9.27226445
v -0.40043507 3.49091172 -9.27226445
v -0.40017186 3.47400331 -9.29235646
v -18.79177533 3.47400331 -9.29235646
v -0.54108296 4.02816296 -9.16228292
v -0.51491795 4.02508783 -9.16233632
v -0.49026738 4.01633549 -9.16248891
v -0.46790944 4.00261831 -9.16272923
v -0.44862614 3.98464751 -9.16304204
v -0.43313084 3.96340251 -9.16341588
v -0.42164479 3.93993592 -9.16382405
v -0.41418705 3.91484427 -9.16426274
v -0.41160069 3.89885640 -9.16454122
v -0.41055165 3.88261533 -9.16482350
v -0.40751515 3.70871902 -9.16786000
v -18.65086136 4.02816296 -9.16228292
v -18.69615612 4.01897097 -9.16244313
v -18.67397652 4.02581072 -9.16232488
v -18.72156868 4.00458336 -9.16269490
v -18.74522171 3.98242784 -9.16308400
v -18.76483117 3.95226216 -9.16361043
v -18.77693520 3.91836858 -9.16420171
v -18.78139458 3.88261533 -9.16482350
v -18.78443013 3.70871902 -9.16786000
v -11.54299412 4.06500006 -11.72950551
v -11.56299458 4.06500006 -14.89975926
v -11.56299458 4.06500006 -11.72950551
v -11.54299412 4.06500006 -14.89975926
v -13.15500126 3.49091172 -14.90877339
v -13.17509327 3.47400331 -11.72022817
v -13.15500126 3.49091172 -11.72049520
v -13.04502163 4.02816296 -11.86114308
v -13.05059872 3.70871902 -11.72757146
v -13.04756222 3.88261533 -11.73060796
v -13.04693852 3.91836858 -11.73506734
v -13.04634724 3.95226216 -11.74717137
v -13.04582081 3.98242784 -11.76678273
v -13.04543362 4.00458336 -11.79043385
v -13.04518185 4.01897097 -11.81584737
v -13.04506359 4.02581072 -11.83802602
v -13.05059872 3.70871902 -14.90169332
v -13.04502163 4.02816296 -14.76812551
v -13.04756222 3.88261533 -14.89865682
v -13.04727803 3.89885640 -14.89760396
v -13.04699955 3.91484427 -14.89502141
v -13.04656277 3.93993592 -14.88756368
v -13.04522763 4.01633549 -14.81894109
v -13.04507504 4.02508783 -14.79429051
v -13.04615269 3.96340251 -14.87607762
v -13.04546795 4.00261831 -14.84129903
v -13.04578076 3.98464751 -14.86058232
v -9.93144284 3.47001958 -14.90910146
v -9.95152722 3.48700690 -14.90883443
v -9.95152722 3.48700690 -11.72043416
v -9.93144284 3.47001958 -11.72016713
v -10.06098996 4.02554274 -11.86109731
v -10.06093655 4.02245903 -11.83491704
v -10.06078205 4.01368570 -11.81025121
v -10.06054364 3.99994111 -11.78788945
v -10.06022892 3.98194289 -11.76860997
v -10.05985699 3.96067357 -11.75312230
v -10.05944691 3.93718410 -11.74164769
v -10.05900822 3.91207147 -11.73419377
v -10.05872975 3.89607072 -11.73161122
v -10.05844555 3.87981820 -11.73055837
v -10.05538426 3.70435786 -11.72749516
v -10.06098996 4.02554274 -14.76816747
v -10.06082974 4.01632881 -14.81348989
v -10.06094799 4.02318430 -14.79129598
v -10.06057797 4.00191259 -14.83890721
v -10.06019078 3.97972083 -14.86255834
v -10.05966244 3.94951844 -14.88215825
v -10.05907116 3.91559577 -14.89425084
v -10.05844555 3.87981820 -14.89870641
v -10.05538426 3.70435786 -14.90176961
v 3.65980281 4.06500006 -0.44597051
v 3.63980236 4.06500006 -14.89975926
v 3.63980236 4.06500006 -0.44597051
v 3.65980281 4.06500006 -14.89975926
v 2.15777340 4.02816296 -0.57760808
v 2.15219631 3.70871902 -0.44404027
v 2.15523281 3.88261533 -0.44707295
v 2.15585842 3.91836858 -0.45153234
v 2.15644970 3.95226216 -0.46363637
v 2.15697612 3.98242784 -0.48324773
v 2.15736141 4.00458336 -0.50690267
v 2.15761318 4.01897097 -0.53231236
v 2.15773143 4.02581072 -0.55449483
v 2.15777340 4.02816296 -14.76812551
v 2.15523281 3.88261533 -14.89865682
v 2.15219631 3.70871902 -14.90169332
v 2.15551509 3.89885640 -14.89760396
v 2.15579738 3.91484427 -14.89502141
v 2.15623226 3.93993592 -14.88756368
v 2.15756740 4.01633549 -14.81894109
v 2.15771999 4.02508783 -14.79429051
v 2.15664425 3.96340251 -14.87607762
v 2.15732708 4.00261831 -14.84129903
v 2.15701427 3.98464751 -14.86058232
v 2.04779567 3.49091172 -14.90877339
v 2.02770366 3.47400331 -0.43669316
v 2.04779567 3.49091172 -0.43696019
v 5.14180507 4.02554274 -0.57756230
v 5.14185848 4.02245903 -0.55138204
v 5.14201488 4.01368570 -0.52672002
v 5.14225139 3.99994111 -0.50435445
v 5.14256801 3.98194289 -0.48507497
v 5.14293804 3.96067357 -0.46958730
v 5.14335003 3.93718410 -0.45811269
v 5.14378490 3.91207147 -0.45065877
v 5.14406719 3.89607072 -0.44807622
v 5.14434948 3.87981820 -0.44702718
v 5.14741268 3.70435786 -0.44396398
v 5.14196529 4.01632881 -14.81348989
v 5.14184703 4.02318430 -14.79129598
v 5.14180507 4.02554274 -14.76816747
v 5.14221706 4.00191259 -14.83890721
v 5.14260616 3.97972083 -14.86255834
v 5.14313259 3.94951844 -14.88215825
v 5.14372387 3.91559577 -14.89425084
v 5.14434948 3.87981820 -14.89870641
v 5.14741268 3.70435786 -14.90176961
v 5.25126781 3.48700690 -0.43689916
v 5.27135219 3.47001958 -14.90910146
v 5.25126781 3.48700690 -14.90883443
v 18.84815731 4.06500006 -0.44597051
v 18.82015743 4.06500006 -0.58244893
v 18.82813778 4.06500006 -0.44597051
v 18.70359554 4.06500006 -1.59350392
v 18.63289013 4.06500006 -1.81962392
v 18.38676967 4.06500006 -2.70586965
v 18.24551525 4.06500006 -3.00943562
v 17.90500393 4.06500006 -3.75736043
v 17.82348003 4.06500006 -3.86065099
v 17.26943340 4.06500006 -4.72368428
v 13.52845897 4.06500006 -7.33065984
v 12.56370678 4.06500006 -7.54503819
v 13.77760448 4.06500006 -7.22640416
v 11.24858989 4.06500006 -7.66025731
v 7.70383205 4.06500006 -7.68025777
v 7.70383205 4.06500006 -7.66025731
v 11.24858989 4.06500006 -7.68025777
v 15.20333995 4.06500006 -6.54786870
v 14.60238781 4.06500006 -6.90123555
v 14.65174999 4.06500006 -6.85417363
v 12.40184917 4.06500006 -7.59234807
v 11.90865459 4.06500006 -7.63129613
v 17.10667934 4.06500006 -4.89512059
v 16.49474086 4.06500006 -5.58250997
v 16.45824947 4.06500006 -5.58954427
v 11.24858989 3.47001958 -6.04870412
v 11.24858989 3.47570562 -6.05537984
v 7.69476070 3.48700690 -6.06878850
v 11.24858989 3.48136806 -6.06207463
v 11.24858989 3.48700690 -6.06878850
v 17.34259929 3.91873384 -0.43627355
v 17.33634319 4.02554274 -0.55321691
v 17.34224071 3.88470054 -0.43233296
v 17.34251537 3.95121503 -0.44706151
v 17.34190502 3.98044801 -0.46482274
v 17.34083690 4.00218439 -0.48662755
v 17.33942165 4.01642370 -0.51039693
v 17.33799495 4.02321196 -0.53132436
v 17.33926525 3.70435786 -0.42930409
v 17.19366588 3.70435786 -1.44276616
v 17.17341365 4.02554274 -1.55109593
v 16.88063945 3.70435786 -2.41761205
v 16.84806575 4.02554274 -2.50841329
v 16.40900554 3.70435786 -3.32638356
v 16.36921825 4.02554274 -3.39892766
v 15.79204692 3.70435786 -4.14349172
v 15.74999752 4.02554274 -4.19822499
v 15.04713192 3.70435786 -4.84592626
v 15.00738277 4.02554274 -4.88439748
v 14.19524517 3.70435786 -5.41390035
v 14.16172542 4.02554274 -5.43863103
v 13.26037349 3.70435786 -5.83142278
v 13.23621502 4.02554274 -5.84573552
v 12.26884975 3.70435786 -6.08673665
v 12.25621166 4.02554274 -6.09454915
v 11.24858989 3.70435786 -6.17264745
v 11.24858989 4.02554274 -6.17825124
v 7.83542385 4.02554274 -6.17825124
v 7.70593776 3.89607072 -6.17599294
v 7.70488491 3.87981820 -6.17570683
v 7.70182552 3.70435786 -6.17264745
v 7.70852031 3.91207147 -6.17627141
v 7.71597423 3.93718410 -6.17671010
v 7.78457775 4.01368570 -6.17804524
v 7.80924358 4.02245903 -6.17819783
v 7.72744884 3.96067357 -6.17711827
v 7.76221599 3.99994111 -6.17780492
v 7.74293651 3.98194289 -6.17749211
v 16.76474895 3.47001958 -2.37349889
v 16.31967678 3.48700690 -3.27333257
v 16.30241527 3.47001958 -3.26305196
v 17.07190456 3.47001958 -1.41919133
v 16.78352108 3.48700690 -2.38067052
v 17.21524562 3.47001958 -0.42696950
v 17.09163036 3.48700690 -1.42303655
v 17.23534145 3.48700690 -0.42737767
v 12.24869670 3.47570562 -5.97121236
v 12.24758281 3.47001958 -5.96463201
v 12.24981441 3.48136806 -5.97781178
v 12.25102367 3.48700690 -5.98441884
v 13.22067012 3.47570562 -5.72107884
v 13.21846904 3.47001958 -5.71477696
v 13.22287502 3.48136806 -5.72739980
v 13.22525539 3.48700690 -5.73368260
v 14.13716259 3.47570562 -5.31201360
v 14.13394298 3.47001958 -5.30616948
v 14.14039745 3.48136806 -5.31787679
v 14.14386882 3.48700690 -5.32363317
v 14.97240200 3.47570562 -4.75552937
v 14.96824779 3.47001958 -4.75030324
v 14.97656765 3.48136806 -4.76077077
v 14.98101940 3.48700690 -4.76580998
v 15.70288219 3.47570562 -4.06727406
v 15.69791545 3.47001958 -4.06281850
v 15.70786800 3.48136806 -4.07174489
v 15.71315517 3.48700690 -4.07590291
v 16.30806102 3.47570562 -3.26661489
v 16.31372203 3.48136806 -3.27018926
v 16.77090969 3.47570562 -2.37606999
v 16.77708568 3.48136806 -2.37864873
v 17.07840862 3.47570562 -1.42069814
v 17.08493175 3.48136806 -1.42220494
v 7.69482174 3.49091172 -9.27226445
v 11.24858989 3.49091172 -9.27226445
v 11.24858989 3.48529911 -9.27898213
v 11.24858989 3.47966313 -9.28567693
v 7.69455471 3.47400331 -9.29235646
v 11.24858989 3.47400331 -9.29235646
v 7.83546962 4.02816296 -9.16228292
v 11.24858989 4.02816296 -9.16228292
v 11.24858989 3.70871902 -9.16786000
v 7.79017391 4.01897097 -9.16244313
v 7.81235256 4.02581072 -9.16232488
v 7.76476040 4.00458336 -9.16269490
v 7.74110927 3.98242784 -9.16308400
v 7.72149791 3.95226216 -9.16361043
v 7.70939388 3.91836858 -9.16420171
v 7.70493450 3.88261533 -9.16482350
v 7.70190181 3.70871902 -9.16786000
v 12.50864925 3.70871902 -9.08016393
v 12.61890926 4.02816296 -9.05841252
v 13.74441280 3.70871902 -8.81876561
v 13.95791378 4.02816296 -8.74917027
v 14.93205394 3.70871902 -8.38870427
v 15.23500194 4.02816296 -8.24162480
v 16.04866924 3.70871902 -7.79827687
v 16.42099514 4.02816296 -7.54737279
v 17.07273616 3.70871902 -7.05886266
v 17.48878994 4.02816296 -6.68228337
v 17.98449840 3.70871902 -6.18472096
v 18.41397991 4.02816296 -5.66612050
v 18.76638546 3.70871902 -5.19270513
v 19.17542781 4.02816296 -4.52210805
v 19.40331783 3.70871902 -4.10194585
v 19.75572719 4.02816296 -3.27639195
v 19.88301601 3.70871902 -2.93347356
v 20.14162578 4.02816296 -1.95743367
v 20.19622554 3.70871902 -1.70981404
v 20.32429638 4.02816296 -0.59538075
v 20.32772197 4.01361704 -0.53711507
v 20.32604732 4.02436543 -0.56528661
v 20.32927074 3.99688506 -0.51198766
v 20.33064785 3.97515178 -0.49100682
v 20.33182659 3.94964147 -0.47490117
v 20.33279934 3.92143703 -0.46393010
v 20.33335628 3.90051341 -0.45940969
v 20.33380642 3.87909675 -0.45762822
v 20.33691158 3.70871902 -0.45456502
v 17.14500942 3.49091172 -7.13453481
v 16.11949291 3.47400331 -7.90084264
v 16.10856380 3.49091172 -7.88397786
v 18.06751003 3.49091172 -6.24860188
v 17.15823879 3.47400331 -7.14966008
v 18.85823955 3.49091172 -5.24330327
v 18.08276882 3.47400331 -6.26168248
v 19.50192012 3.49091172 -4.13806340
v 18.87521877 3.47400331 -5.25406453
v 19.98611202 3.49091172 -2.95424077
v 19.52026882 3.47400331 -4.14628407
v 20.30145778 3.49091172 -1.71471211
v 20.00545253 3.47400331 -2.95974919
v 20.44186535 3.49091172 -0.44342610
v 20.32138958 3.47400331 -1.71739385
v 20.46198024 3.47400331 -0.44322392
v 12.52544536 3.48529911 -9.19001576
v 12.52451076 3.49091172 -9.18336675
v 12.52637233 3.47966313 -9.19664952
v 12.52739086 3.47400331 -9.20324895
v 13.77762355 3.48529911 -8.92484471
v 13.77577724 3.49091172 -8.91838643
v 13.77946224 3.47966313 -8.93128392
v 13.78147258 3.47400331 -8.93765447
v 14.98093166 3.48529911 -8.48858830
v 14.97820797 3.49091172 -8.48245046
v 14.98364391 3.47966313 -8.49471089
v 14.98660411 3.47400331 -8.50070378
v 16.11211528 3.48529911 -7.88968083
v 16.11565151 3.47966313 -7.89536473
v 17.14931240 3.48529911 -7.13968846
v 17.15360393 3.47966313 -7.14483068
v 18.07248821 3.48529911 -6.25311467
v 18.07745113 3.47966313 -6.25760838
v 18.86379375 3.48529911 -5.24707982
v 18.86933269 3.47966313 -5.25084493
v 19.50794353 3.48529911 -4.14103505
v 19.51395168 3.47966313 -4.14399526
v 19.99249019 3.48529911 -2.95634648
v 19.99884929 3.47966313 -2.95844457
v 20.30806484 3.48529911 -1.71590993
v 20.31465664 3.47966313 -1.71710774
v -14.40476094 -4.96499968 5.84518626
v -13.64595852 -4.96499968 5.17468074
v -14.50478421 -4.96499968 5.94937327
v -13.49260960 -4.96499968 4.97874263
v -12.80395184 -4.96499968 4.07927897
v -12.91447506 -4.96499968 4.27876475
v -15.34490261 -4.96499968 6.49045756
v -15.47110806 -4.96499968 6.58494761
v -12.22119580 -4.96499968 3.00832942
v -12.32723484 -4.96499968 3.28233150
v -16.38919697 -4.96499968 6.99463084
v -16.52260075 -4.96499968 7.06670955
v -11.81529293 -4.96499968 1.84948924
v -11.89780865 -4.96499968 2.20839885
v -17.52338276 -4.96499968 7.33941844
v -17.63496457 -4.96499968 7.38353541
v -11.62817631 -4.96499968 0.88094905
v -11.63611851 -4.96499968 1.08178905
v -18.64602051 -4.96499968 7.50009730
v -18.78249894 -4.96499968 7.52809718
v -18.78249894 -4.96499968 7.50807765
v -11.54821263 -4.96499968 -0.07146642
v -11.56821309 -4.96499968 -0.07146642
v -11.56821309 -4.96499968 -14.89975926
v -11.54821263 -4.96499968 -14.89975926
v -10.06618557 -4.92816257 -14.76812551
v -10.06060849 -4.60871887 -0.07146642
v -10.06618557 -4.92816257 -0.07146642
v -10.06364499 -4.78261518 -14.89865682
v -10.06060849 -4.60871887 -14.90169332
v -10.06392727 -4.79885626 -14.89760396
v -10.06420765 -4.81484413 -14.89502141
v -10.06464444 -4.83993578 -14.88756368
v -10.06597767 -4.91633511 -14.81894109
v -10.06613217 -4.92508745 -14.79429051
v -10.06505452 -4.86340237 -14.87607762
v -10.06573925 -4.90261793 -14.84129903
v -10.06542454 -4.88464737 -14.86058232
v -18.63308964 -4.92816257 9.00424006
v -18.76596032 -4.81618404 9.01289180
v -18.75281010 -4.85114527 9.01170543
v -18.73177967 -4.88198948 9.01020625
v -18.70674668 -4.90443611 9.00860408
v -18.68014012 -4.91892195 9.00699428
v -18.65706692 -4.92579603 9.00563243
v -18.77084122 -4.77909660 9.01374629
v -18.77390347 -4.60871887 9.01685145
v -17.51865445 -4.60871887 8.87616542
v -17.27103482 -4.92816257 8.82156566
v -16.29499684 -4.60871887 8.56295589
v -15.95207844 -4.92816257 8.43567088
v -15.12652264 -4.60871887 8.08326152
v -14.70636044 -4.92816257 7.85536769
v -14.03576146 -4.60871887 7.44632915
v -13.56234799 -4.92816257 7.09391978
v -13.04374752 -4.60871887 6.66444209
v -12.54618702 -4.92816257 6.16872981
v -12.16960583 -4.60871887 5.75267604
v -11.68109570 -4.92816257 5.10093883
v -11.43019162 -4.60871887 4.72861293
v -10.98684559 -4.92816257 3.91494563
v -10.83976231 -4.60871887 3.61199382
v -10.47930012 -4.92816257 2.63785365
v -10.40970288 -4.60871887 2.42435267
v -10.17005787 -4.92816257 1.29884913
v -10.14830456 -4.60871887 1.18858912
v -12.09393559 -4.39091158 5.82494929
v -11.34449253 -4.39091158 4.78850749
v -11.32762776 -4.37400341 4.79943278
v -12.97986660 -4.39091158 6.74744990
v -12.07880841 -4.37400341 5.83817866
v -13.98516522 -4.39091158 7.53817943
v -12.96678791 -4.37400341 6.76271251
v -15.09040509 -4.39091158 8.18186000
v -13.97440586 -4.37400341 7.55515864
v -16.27422772 -4.39091158 8.66605189
v -15.08218632 -4.37400341 8.20020869
v -17.51375828 -4.39091158 8.98139766
v -16.26872120 -4.37400341 8.68539241
v -18.78504334 -4.39091158 9.12180522
v -17.51107655 -4.37400341 9.00133327
v -18.78524456 -4.37400341 9.14192393
v -10.03181897 -4.37966299 1.20631221
v -9.93611393 -4.37400341 -0.07146642
v -10.02521954 -4.37400341 1.20733073
v -9.94279156 -4.37966299 -0.07146642
v -10.03845272 -4.38529921 1.20538524
v -10.04510365 -4.39091158 1.20445445
v -9.95620594 -4.39091158 -0.07146642
v -9.94948826 -4.38529921 -0.07146642
v -10.29718457 -4.37966299 2.45940211
v -10.29081402 -4.37400341 2.46141627
v -10.30362378 -4.38529921 2.45756343
v -10.31008206 -4.39091158 2.45571712
v -10.73375759 -4.37966299 3.66358760
v -10.72776471 -4.37400341 3.66654399
v -10.73988018 -4.38529921 3.66087153
v -10.74601994 -4.39091158 3.65814784
v -11.33310185 -4.37966299 4.79559138
v -11.33878956 -4.38529921 4.79205516
v -12.08363781 -4.37966299 5.83354762
v -12.08878003 -4.38529921 5.82925609
v -12.97086010 -4.37966299 6.75739100
v -12.97535572 -4.38529921 6.75242808
v -13.97762356 -4.37966299 7.54927638
v -13.98138867 -4.38529921 7.54373744
v -15.08447514 -4.37966299 8.19389155
v -15.08743534 -4.38529921 8.18788722
v -16.27002583 -4.37966299 8.67878917
v -16.27212391 -4.38529921 8.67243007
v -17.51136265 -4.37966299 8.99459651
v -17.51255856 -4.38529921 8.98800853
v -9.95620594 -4.39091158 -14.90877339
v -9.93611393 -4.37400341 -14.90903661
v -13.05021725 -4.92554235 -0.07146642
v -13.13391934 -4.92554235 0.93615535
v -13.05582295 -4.60435772 -0.07146642
v -13.14173375 -4.60435772 0.94878963
v -13.38273297 -4.92554235 1.91615489
v -13.39704571 -4.60435772 1.94031718
v -13.78983746 -4.92554235 2.84166911
v -13.81456814 -4.60435772 2.87518504
v -14.34407101 -4.92554235 3.68732265
v -14.38254223 -4.60435772 3.72707179
v -15.03024350 -4.92554235 4.42994121
v -15.08497677 -4.60435772 4.47198680
v -15.82954083 -4.92554235 5.04915813
v -15.90208493 -4.60435772 5.08894542
v -16.72005520 -4.92554235 5.52800563
v -16.81085835 -4.60435772 5.56058314
v -17.67737255 -4.92554235 5.85335353
v -17.78570424 -4.60435772 5.87360576
v -18.67525254 -4.92554235 6.01628306
v -18.79916726 -4.60435772 6.01920512
v -18.79613552 -4.78470039 6.02218059
v -18.79520569 -4.80014277 6.02239802
v -18.79292641 -4.81538343 6.02253154
v -18.78630028 -4.83939314 6.02255443
v -18.70002137 -4.92245674 6.01813701
v -18.72324906 -4.91373396 6.01967814
v -18.77599488 -4.86197615 6.02231029
v -18.74414978 -4.90017319 6.02089503
v -18.76193772 -4.88257551 6.02177241
v -13.05021725 -4.92554235 -14.76816747
v -13.05037747 -4.91632843 -14.81348989
v -13.05025731 -4.92318392 -14.79129598
v -13.05062924 -4.90191221 -14.83890721
v -13.05101643 -4.87972069 -14.86255834
v -13.05154477 -4.84951830 -14.88215825
v -13.05213604 -4.81559563 -14.89425084
v -13.05275975 -4.77981806 -14.89870641
v -13.05582295 -4.60435772 -14.90176961
v -13.17309056 -4.37570572 -0.07146642
v -13.17976437 -4.37001944 -0.07146642
v -13.17976437 -4.37001944 -14.90910146
v -13.15967999 -4.38700676 -14.90883443
v -13.16639576 -4.38136816 -0.07146642
v -13.15967999 -4.38700676 -0.07146642
v -16.85496960 -4.37001944 5.44468883
v -15.96541844 -4.37001944 4.98235896
v -15.95513783 -4.38700676 4.99962047
v -17.80927716 -4.37001944 5.75184825
v -16.84779988 -4.38700676 5.46346095
v -18.80149994 -4.37001944 5.89518550
v -17.80543194 -4.38700676 5.77157023
v -18.80109177 -4.38700676 5.91528132
v -13.25065670 -4.38136816 0.92975810
v -13.24404965 -4.38700676 0.93096354
v -13.25725613 -4.37570572 0.92863658
v -13.26383839 -4.37001944 0.92752269
v -13.50106869 -4.38136816 1.90281489
v -13.49478779 -4.38700676 1.90519526
v -13.50738964 -4.37570572 1.90061000
v -13.51369152 -4.37001944 1.89840892
v -13.91059170 -4.38136816 2.82033732
v -13.90483723 -4.38700676 2.82380870
v -13.91645489 -4.37570572 2.81710628
v -13.92229901 -4.37001944 2.81388286
v -14.46769963 -4.38136816 3.65650752
v -14.46266041 -4.38700676 3.66096309
v -14.47293911 -4.37570572 3.65234187
v -14.47816525 -4.37001944 3.64818767
v -15.15672360 -4.38136816 4.38780787
v -15.15256558 -4.38700676 4.39309886
v -15.16119442 -4.37570572 4.38282207
v -15.16565190 -4.37001944 4.37785533
v -15.95827923 -4.38136816 4.99366191
v -15.96185360 -4.37570572 4.98800090
v -16.84981976 -4.38136816 5.45702937
v -16.85239849 -4.37570572 5.45084956
v -17.80626355 -4.38136816 5.76487163
v -17.80777226 -4.37570572 5.75834849
v -18.78249894 -4.96499968 -7.68547627
v -15.61224232 -4.96499968 -7.68547627
v -15.61224232 -4.96499968 -7.66547582
v -18.78249894 -4.96499968 -7.66547582
v -15.74383603 -4.92554235 -9.16747853
v -15.61023579 -4.60435772 -9.17308614
v -15.61329708 -4.77981806 -9.17002294
v -15.61775265 -4.81559563 -9.16939733
v -15.62984715 -4.84951830 -9.16880605
v -15.64944516 -4.87972069 -9.16827962
v -15.67309628 -4.90191221 -9.16789052
v -15.69851551 -4.91632843 -9.16763875
v -15.72070561 -4.92318392 -9.16752049
v -18.78450642 -4.60435772 -9.17308614
v -18.65090523 -4.92554235 -9.16747853
v -18.78039227 -4.79607058 -9.16974065
v -18.78144417 -4.77981806 -9.17002294
v -18.77781163 -4.81207132 -9.16945836
v -18.77035771 -4.83718395 -9.16902349
v -18.70175133 -4.91368532 -9.16768453
v -18.67708741 -4.92245865 -9.16753194
v -18.75888119 -4.86067343 -9.16861150
v -18.72411404 -4.89994097 -9.16792485
v -18.74339447 -4.88194275 -9.16824147
v -15.60317097 -4.38700676 -9.27694127
v -18.79157124 -4.38700676 -9.27694127
v -18.79183731 -4.37001944 -9.29702565
v -15.60290394 -4.37001944 -9.29702565
v -15.74387989 -4.92816257 -6.18344686
v -15.71771489 -4.92508745 -6.18339345
v -15.69306431 -4.91633511 -6.18324086
v -15.67070637 -4.90261793 -6.18300054
v -15.65142308 -4.88464737 -6.18268773
v -15.63592587 -4.86340237 -6.18231771
v -15.62444172 -4.83993578 -6.18190572
v -15.61698208 -4.81484413 -6.18147084
v -15.61439762 -4.79885626 -6.18118855
v -15.61334668 -4.78261518 -6.18090627
v -15.61031018 -4.60871887 -6.17786977
v -18.65086136 -4.92816257 -6.18344686
v -18.69615612 -4.91897058 -6.18328664
v -18.67397652 -4.92581034 -6.18340489
v -18.72156868 -4.90458298 -6.18303487
v -18.74522171 -4.88242769 -6.18264958
v -18.76483117 -4.85226202 -6.18212316
v -18.77693520 -4.81836843 -6.18153188
v -18.78139458 -4.78261518 -6.18090627
v -18.78443013 -4.60871887 -6.17786977
v -15.60323201 -4.39091158 -6.07346913
v -18.79177533 -4.37400341 -6.05337712
v -18.79150925 -4.39091158 -6.07346913
v 18.84578457 -4.96499968 -0.49136159
v 18.84815731 -4.96499968 -0.44597051
v 18.82813778 -4.96499968 -0.44597051
v 18.84314098 -4.96499968 -0.53673741
v 18.82015743 -4.96499968 -0.58244893
v 16.40335598 -4.96499968 -5.64085576
v 16.51945247 -4.96499968 -5.56609151
v 17.05865230 -4.96499968 -4.95290181
v 15.65265407 -4.96499968 -6.27997777
v 15.66684856 -4.96499968 -6.24105641
v 14.66943111 -4.96499968 -6.86763188
v 14.58646526 -4.96499968 -6.88657567
v 14.08860530 -4.96499968 -7.12923238
v 13.70876445 -4.96499968 -7.25033757
v 13.48761882 -4.96499968 -7.34287450
v 12.49556865 -4.96499968 -7.55671880
v 12.37918987 -4.96499968 -7.59856221
v 11.24858989 -4.96499968 -7.66025731
v 11.24858989 -4.96499777 -7.68313786
v -7.49896489 -4.96499968 -7.68194386
v -7.49896489 -4.96499968 -7.66025731
v 17.34277858 -4.96499968 -4.63053319
v 18.74681987 -4.96499968 -1.23906133
v 18.71495571 -4.96499968 -1.55346486
v 18.84282817 -4.96499968 -0.58227345
v 17.44400539 -4.96499968 -4.45332143
v 11.24858989 -4.60435772 -6.17264745
v 12.25621166 -4.92554235 -6.09454915
v 12.26884975 -4.60435772 -6.08673665
v 11.24858989 -4.92554235 -6.17825124
v 13.23621502 -4.92554235 -5.84573552
v 13.26037349 -4.60435772 -5.83142278
v 14.16172542 -4.92554235 -5.43863103
v 14.19524517 -4.60435772 -5.41390035
v 15.00738277 -4.92554235 -4.88439748
v 15.04713192 -4.60435772 -4.84592626
v 15.74999752 -4.92554235 -4.19822499
v 15.79204692 -4.60435772 -4.14349172
v 16.36921825 -4.92554235 -3.39892766
v 16.40900554 -4.60435772 -3.32638356
v 16.84806575 -4.92554235 -2.50841329
v 16.88063945 -4.60435772 -2.41761205
v 17.17341365 -4.92554235 -1.55109593
v 17.19366588 -4.60435772 -1.44276616
v 17.33634319 -4.92554235 -0.55321691
v 17.33926525 -4.60435772 -0.42930409
v 17.34224071 -4.78470039 -0.43233296
v 17.34245815 -4.80014277 -0.43326375
v 17.34258785 -4.81538343 -0.43554112
v 17.34261074 -4.83939314 -0.44216725
v 17.33819332 -4.92245674 -0.52844808
v 17.33973827 -4.91373396 -0.50522038
v 17.34236660 -4.86197615 -0.45247457
v 17.34095516 -4.90017319 -0.48431966
v 17.34183254 -4.88257551 -0.46653172
v -7.36737118 -4.92554235 -6.17825124
v -7.41269169 -4.91632843 -6.17809102
v -7.39049969 -4.92318392 -6.17820928
v -7.43811093 -4.90191221 -6.17783925
v -7.46176205 -4.87972069 -6.17745397
v -7.48136006 -4.84951830 -6.17692372
v -7.49345456 -4.81559563 -6.17633245
v -7.49791012 -4.77981806 -6.17570683
v -7.50097142 -4.60435772 -6.17264745
v 11.24858989 -4.37570572 -6.05537984
v 11.24858989 -4.37001944 -6.04870412
v -7.50830326 -4.37001944 -6.04870412
v -7.50803624 -4.38700676 -6.06878850
v 11.24858989 -4.38136816 -6.06207463
v 11.24858989 -4.38700676 -6.06878850
v 16.76474895 -4.37001944 -2.37349889
v 16.30241527 -4.37001944 -3.26305196
v 16.31967678 -4.38700676 -3.27333257
v 17.07190456 -4.37001944 -1.41919133
v 16.78352108 -4.38700676 -2.38067052
v 17.21524562 -4.37001944 -0.42696950
v 17.09163036 -4.38700676 -1.42303655
v 17.23534145 -4.38700676 -0.42737767
v 12.24981441 -4.38136816 -5.97781178
v 12.25102367 -4.38700676 -5.98441884
v 12.24869670 -4.37570572 -5.97121236
v 12.24758281 -4.37001944 -5.96463201
v 13.22287502 -4.38136816 -5.72739980
v 13.22525539 -4.38700676 -5.73368260
v 13.22067012 -4.37570572 -5.72107884
v 14.13394298 -4.37001944 -5.30616948
v 13.21846904 -4.37001944 -5.71477696
v 14.14039745 -4.38136816 -5.31787679
v 14.14386882 -4.38700676 -5.32363317
v 14.13716259 -4.37570572 -5.31201360
v 14.97656765 -4.38136816 -4.76077077
v 14.98101940 -4.38700676 -4.76580998
v 14.97240200 -4.37570572 -4.75552937
v 15.69791545 -4.37001944 -4.06281850
v 14.96824779 -4.37001944 -4.75030324
v 15.70786800 -4.38136816 -4.07174489
v 15.71315517 -4.38700676 -4.07590291
v 15.70288219 -4.37570572 -4.06727406
v 16.31372203 -4.38136816 -3.27018926
v 16.30806102 -4.37570572 -3.26661489
v 16.77708568 -4.38136816 -2.37864873
v 16.77090969 -4.37570572 -2.37606999
v 17.08493175 -4.38136816 -1.42220494
v 17.07840862 -4.37570572 -1.42069814
v -7.36732731 -4.92816257 -9.16228292
v -7.49786053 -4.78261518 -9.16482350
v -7.50089512 -4.60871887 -9.16786000
v 11.24858989 -4.60871887 -9.16786000
v 11.24858989 -4.92816257 -9.16228292
v -7.49680958 -4.79885626 -9.16454122
v -7.49422512 -4.81484413 -9.16426274
v -7.48676548 -4.83993578 -9.16382405
v -7.41814289 -4.91633511 -9.16248891
v -7.39349232 -4.92508745 -9.16233632
v -7.47528134 -4.86340237 -9.16341588
v -7.44050084 -4.90261793 -9.16272923
v -7.45978413 -4.88464737 -9.16304204
v 20.32429638 -4.92816257 -0.59538075
v 20.33294811 -4.81618404 -0.46251103
v 20.33176174 -4.85114527 -0.47566030
v 20.33026256 -4.88198948 -0.49669072
v 20.32866420 -4.90443611 -0.52172276
v 20.32705440 -4.91892195 -0.54833028
v 20.32569255 -4.92579603 -0.57140157
v 20.33380642 -4.77909660 -0.45762822
v 20.33691158 -4.60871887 -0.45456502
v 20.19622554 -4.60871887 -1.70981404
v 20.14162578 -4.92816257 -1.95743367
v 19.88301601 -4.60871887 -2.93347356
v 19.75572719 -4.92816257 -3.27639195
v 19.40331783 -4.60871887 -4.10194585
v 19.17542781 -4.92816257 -4.52210805
v 18.76638546 -4.60871887 -5.19270513
v 18.41397991 -4.92816257 -5.66612050
v 17.98449840 -4.60871887 -6.18472096
v 17.48878994 -4.92816257 -6.68228337
v 17.07273616 -4.60871887 -7.05886266
v 16.42099514 -4.92816257 -7.54737279
v 16.04866924 -4.60871887 -7.79827687
v 15.23500194 -4.92816257 -8.24162480
v 14.93205394 -4.60871887 -8.38870427
v 13.95791378 -4.92816257 -8.74917027
v 13.74441280 -4.60871887 -8.81876561
v 12.61890926 -4.92816257 -9.05841252
v 12.50864925 -4.60871887 -9.08016393
v 17.14500942 -4.39091158 -7.13453481
v 16.10856380 -4.39091158 -7.88397786
v 16.11949291 -4.37400341 -7.90084264
v 18.06751003 -4.39091158 -6.24860188
v 17.15823879 -4.37400341 -7.14966008
v 18.85823955 -4.39091158 -5.24330327
v 18.08276882 -4.37400341 -6.26168248
v 19.50192012 -4.39091158 -4.13806340
v 18.87521877 -4.37400341 -5.25406453
v 19.98611202 -4.39091158 -2.95424077
v 19.52026882 -4.37400341 -4.14628407
v 20.30145778 -4.39091158 -1.71471211
v 20.00545253 -4.37400341 -2.95974919
v 20.44186535 -4.39091158 -0.44342610
v 20.32138958 -4.37400341 -1.71739385
v 20.46198024 -4.37400341 -0.44322392
v 12.52637233 -4.37966299 -9.19664952
v 11.24858989 -4.37400341 -9.29235646
v 12.52739086 -4.37400341 -9.20324895
v 11.24858989 -4.37966299 -9.28567693
v 12.52544536 -4.38529921 -9.19001576
v 12.52451076 -4.39091158 -9.18336675
v 11.24858989 -4.39091158 -9.27226445
v 11.24858989 -4.38529921 -9.27898213
v 13.77946224 -4.37966299 -8.93128392
v 13.78147258 -4.37400341 -8.93765447
v 13.77762355 -4.38529921 -8.92484471
v 14.97820797 -4.39091158 -8.48245046
v 13.77577724 -4.39091158 -8.91838643
v 14.98364391 -4.37966299 -8.49471089
v 14.98660411 -4.37400341 -8.50070378
v 14.98093166 -4.38529921 -8.48858830
v 16.11565151 -4.37966299 -7.89536473
v 16.11211528 -4.38529921 -7.88968083
v 17.15360393 -4.37966299 -7.14483068
v 17.14931240 -4.38529921 -7.13968846
v 18.07745113 -4.37966299 -6.25760838
v 18.07248821 -4.38529921 -6.25311467
v 18.86933269 -4.37966299 -5.25084493
v 18.86379375 -4.38529921 -5.24707982
v 19.51395168 -4.37966299 -4.14399526
v 19.50794353 -4.38529921 -4.14103505
v 19.99884929 -4.37966299 -2.95844457
v 19.99249019 -4.38529921 -2.95634648
v 20.31465664 -4.37966299 -1.71710774
v 20.30806484 -4.38529921 -1.71590993
v -7.50797520 -4.39091158 -9.27226445
v -7.50824032 -4.37400341 -9.29235646
v 3.65458431 -4.96499968 -3.61622807
v 3.65458431 -4.96499968 -0.44597051
v 3.63458385 -4.96499968 -0.44597051
v 3.63458385 -4.96499968 -3.61622807
v 5.13660946 -4.92816257 -0.57760808
v 5.14218654 -4.60871887 -0.44404027
v 5.13915004 -4.78261518 -0.44707295
v 5.13852825 -4.81836843 -0.45153234
v 5.13793697 -4.85226202 -0.46363637
v 5.13741054 -4.88242769 -0.48324773
v 5.13702144 -4.90458298 -0.50690267
v 5.13676967 -4.91897058 -0.53231236
v 5.13665142 -4.92581034 -0.55449483
v 5.14218654 -4.60871887 -3.61815831
v 5.13660946 -4.92816257 -3.48459050
v 5.13915004 -4.78261518 -3.61512181
v 5.13886776 -4.79885626 -3.61407277
v 5.13858928 -4.81484413 -3.61148641
v 5.13815059 -4.83993578 -3.60402867
v 5.13681545 -4.91633511 -3.53540608
v 5.13666286 -4.92508745 -3.51075551
v 5.13774242 -4.86340237 -3.59254262
v 5.13705577 -4.90261793 -3.55776402
v 5.13736858 -4.88464737 -3.57704732
v 5.24659099 -4.39091158 -0.43696019
v 5.24659099 -4.39091158 -3.62523839
v 5.26668300 -4.37400341 -3.62550160
v 5.26668300 -4.37400341 -0.43669316
v 2.15257778 -4.92554235 -0.57756230
v 2.15252437 -4.92245865 -0.55138204
v 2.15237178 -4.91368532 -0.52672002
v 2.15213146 -4.89994097 -0.50435445
v 2.15181865 -4.88194275 -0.48507497
v 2.15144481 -4.86067343 -0.46958730
v 2.15103664 -4.83718395 -0.45811269
v 2.15059795 -4.81207132 -0.45065877
v 2.15031948 -4.79607058 -0.44807622
v 2.15003337 -4.77981806 -0.44702718
v 2.14697399 -4.60435772 -0.44396398
v 2.15241756 -4.91632843 -3.52995488
v 2.15253582 -4.92318392 -3.50776479
v 2.15257778 -4.92554235 -3.48463246
v 2.15216579 -4.90191221 -3.55537221
v 2.15178051 -4.87972069 -3.57902333
v 2.15125026 -4.84951830 -3.59862325
v 2.15065899 -4.81559563 -3.61071584
v 2.15003337 -4.77981806 -3.61517140
v 2.14697399 -4.60435772 -3.61823461
v 2.02303066 -4.37001944 -3.62556645
v 2.04311504 -4.38700676 -3.62529943
v 2.04311504 -4.38700676 -0.43689916
v 2.02303066 -4.37001944 -0.43663213
v 5.13660946 -4.92816257 -11.86114308
v 5.14218654 -4.60871887 -11.72757146
v 5.13915004 -4.78261518 -11.73060796
v 5.13852825 -4.81836843 -11.73506734
v 5.13793697 -4.85226202 -11.74717137
v 5.13741054 -4.88242769 -11.76678273
v 5.13702144 -4.90458298 -11.79043385
v 5.13676967 -4.91897058 -11.81584737
v 5.13665142 -4.92581034 -11.83802602
v 5.13660946 -4.92816257 -14.76812551
v 5.14218654 -4.60871887 -14.90169332
v 5.13915004 -4.78261518 -14.89865682
v 5.13886776 -4.79885626 -14.89760396
v 5.13858928 -4.81484413 -14.89502141
v 5.13815059 -4.83993578 -14.88756368
v 5.13681545 -4.91633511 -14.81894109
v 5.13666286 -4.92508745 -14.79429051
v 5.13774242 -4.86340237 -14.87607762
v 5.13705577 -4.90261793 -14.84129903
v 5.13736858 -4.88464737 -14.86058232
v 5.26668300 -4.37400341 -11.72022817
v 5.24659099 -4.39091158 -11.72049520
v 5.24659099 -4.39091158 -14.90877339
v 5.26668300 -4.37400341 -14.90903661
v 3.63458385 -4.96499968 -14.89975926
v 3.65458431 -4.96499968 -14.89975926
v 3.65458431 -4.96499968 -11.72950551
v 3.63458385 -4.96499968 -11.72950551
v 2.15257778 -4.92554235 -11.86109731
v 2.15252437 -4.92245865 -11.83491704
v 2.15237178 -4.91368532 -11.81025121
v 2.15213146 -4.89994097 -11.78788945
v 2.15181865 -4.88194275 -11.76860997
v 2.15144481 -4.86067343 -11.75312230
v 2.15103664 -4.83718395 -11.74164769
v 2.15059795 -4.81207132 -11.73419377
v 2.15031948 -4.79607058 -11.73161122
v 2.15003337 -4.77981806 -11.73055837
v 2.14697399 -4.60435772 -11.72749516
v 2.15257778 -4.92554235 -14.76816747
v 2.15241756 -4.91632843 -14.81348989
v 2.15253582 -4.92318392 -14.79129598
v 2.15216579 -4.90191221 -14.83890721
v 2.15178051 -4.87972069 -14.86255834
v 2.15125026 -4.84951830 -14.88215825
v 2.15065899 -4.81559563 -14.89425084
v 2.15003337 -4.77981806 -14.89870641
v 2.14697399 -4.60435772 -14.90176961
v 2.02303066 -4.37001944 -14.90910146
v 2.04311504 -4.38700676 -14.90883443
v 2.04311504 -4.38700676 -11.72043416
v 2.02303066 -4.37001944 -11.72016713
v -18.79615460 3.43280363 9.46883586
v -18.79290257 3.43710518 9.47673228
v -18.79723130 3.42845798 9.46010020
v -18.78626023 3.44232082 9.48546412
v -18.77435360 3.44856477 9.49486735
v -18.76335106 3.45282984 9.50070003
v -18.75063572 3.45671749 9.50559810
v -18.79614792 3.40975165 9.40752986
v -18.71127854 3.46430445 9.51373103
v -18.68884049 3.46638918 9.51523021
v -18.78796444 3.43829918 9.19245341
v -18.66624890 3.46707821 9.51493648
v -18.79045353 3.41616035 9.24329570
v -18.79269181 3.40385461 9.29730418
v -18.79461155 3.40163445 9.35265925
v -9.87541447 3.43244314 -0.07146642
v -9.64949665 3.46707821 1.25041392
v -9.61465702 3.43038893 -0.07146642
v -9.67821560 3.40777302 -0.07146642
v -9.55804310 3.46707821 -0.07146642
v -17.49328671 3.41550899 9.10061839
v -17.47722874 3.40045428 9.18914226
v -17.35077153 3.46707821 9.35602000
v -17.46398602 3.40950489 9.26215556
v -17.45163212 3.43710542 9.33025554
v -16.23731099 3.41550899 8.78124431
v -16.20913182 3.40045428 8.86668590
v -16.06971417 3.46707821 9.01746181
v -16.18589077 3.40950489 8.93715480
v -16.16421185 3.43710542 9.00288585
v -15.03776608 3.41550899 8.29076961
v -14.99801121 3.40045428 8.37147716
v -14.84748326 3.46707821 8.50571254
v -14.96522007 3.40950489 8.43804362
v -14.93463574 3.43710542 8.50013164
v -13.91783772 3.41550899 7.63867381
v -13.86727391 3.40045428 7.71308711
v -13.70737133 3.46707821 7.83052638
v -13.82556782 3.40950489 7.77446177
v -13.78666745 3.43710542 7.83170894
v -12.89916859 3.41550899 6.83756068
v -12.83877240 3.40045428 6.90424159
v -12.67110310 3.46707821 7.00476649
v -12.78895817 3.40950489 6.95923808
v -12.74249325 3.43710542 7.01053813
v -12.00144825 3.41550899 5.90291026
v -11.93238888 3.40045428 5.96056941
v -11.87542782 3.40950489 6.00812724
v -11.75842343 3.46707821 6.04417232
v -11.82229672 3.43710542 6.05248836
v -11.24202595 3.41550899 4.85278895
v -11.16563855 3.40045428 4.90031627
v -11.10263119 3.40950489 4.93951228
v -10.98672352 3.46707821 4.96703914
v -11.04386197 3.43710542 4.97607615
v -10.63558255 3.41550899 3.70749476
v -10.55334149 3.40045428 3.74396708
v -10.48550663 3.40950489 3.77404979
v -10.37070904 3.46707821 3.79389766
v -10.42223606 3.43710542 3.80210689
v -10.19383679 3.41550899 2.48916438
v -10.10733281 3.40045428 2.51387599
v -10.03598271 3.40950489 2.53426173
v -9.92211781 3.46707821 2.54710582
v -9.96943150 3.43710542 2.55327418
v -9.92532788 3.41550899 1.22134212
v -9.81222020 3.40882874 -0.07146642
v -9.83623181 3.40045428 1.23381999
v -9.74527989 3.40045428 -0.07146642
v -9.76274357 3.40950489 1.24410823
v -9.69419918 3.43710542 1.25370982
v -9.56272564 3.46328020 -3.54991338
v -9.57315312 3.45538163 -3.58641622
v -9.55804310 3.46707821 -3.49704549
v -9.58182202 3.44935584 -3.60336873
v -9.58810101 3.44527555 -3.61186406
v -9.59554348 3.44072914 -3.61903569
v -9.60411129 3.43586421 -3.62419316
v -9.61012326 3.43267727 -3.62613484
v -9.81042920 3.40839434 -3.62756917
v -9.87502156 3.43224192 -3.62679479
v -10.04768429 3.64285254 -0.07146642
v -18.78227578 3.52788615 9.08640483
v -18.77953682 3.57554698 9.05526164
v -18.77655659 3.63784146 9.03124812
v -9.99454174 3.53163671 -0.07146642
v -10.07990132 3.52782798 1.19818690
v -10.02709065 3.58438849 -0.07146642
v -10.11070118 3.57546115 1.19388011
v -10.13428555 3.63781333 1.19058040
v -10.34329663 3.52782798 2.44336131
v -10.37320195 3.57546115 2.43482783
v -10.39610157 3.63781333 2.42829326
v -10.77664051 3.52782798 3.64003947
v -10.80507527 3.57546115 3.62744716
v -10.82684956 3.63781333 3.61780360
v -11.37157689 3.52782798 4.76515773
v -11.39799366 3.57546115 4.74874309
v -11.41822110 3.63781333 4.73617747
v -12.11663685 3.52782798 5.79701045
v -12.14052449 3.57546115 5.77709773
v -12.15881787 3.63781333 5.76185039
v -12.99745045 3.52782798 6.71570399
v -13.01834927 3.57546115 6.69267467
v -13.03435383 3.63781333 6.67503932
v -13.99703656 3.52782798 7.50352290
v -14.01454411 3.57546115 7.47782329
v -14.02795086 3.63781333 7.45813945
v -15.09611760 3.52782798 8.14528087
v -15.10989628 3.57546115 8.11740306
v -15.12044773 3.63781333 8.09605220
v -16.27350293 3.52782798 8.62859920
v -16.28328572 3.57546115 8.59908107
v -16.29077778 3.63781333 8.57647517
v -17.50648938 3.52782798 8.94416240
v -17.51208935 3.57546115 8.91356853
v -17.51637707 3.63781333 8.89014628
v -9.99713574 3.53503013 -3.62373921
v -10.03128109 3.59356666 -3.62183568
v -10.04893933 3.64841485 -3.62005422
v -18.78464184 4.07066965 7.58912852
v -18.78628598 4.08700132 7.64248088
v -18.78741703 4.11298180 7.69178966
v -18.78802071 4.14759636 7.73546031
v -18.78632126 4.24742603 7.80312922
v -18.78258858 4.25649738 7.80640605
v -18.78759060 4.23867178 7.79952052
v -18.77558098 4.26627064 7.80940822
v -18.76176606 4.27838182 7.81233409
v -18.73727570 4.29148197 7.81433681
v -18.78808365 4.18983126 7.77190211
v -18.69969902 4.30206823 7.81442073
v -18.66077195 4.30540657 7.81266597
v -12.05191288 4.30540657 3.38157466
v -11.61381207 4.30540657 2.27504161
v -11.47599087 4.07284689 -0.07146642
v -11.41261158 4.09596300 -0.07146642
v -11.35628949 4.13309669 -0.07146642
v -11.31007061 4.18223953 -0.07146642
v -11.27645550 4.24073124 -0.07146642
v -11.34691105 4.30540657 1.11525538
v -11.25726567 4.30540657 -0.07146642
v -17.52840100 4.07284689 7.43490031
v -17.50898800 4.11218786 7.52437785
v -17.49321995 4.18223953 7.59704783
v -17.48202382 4.30540657 7.64865306
v -17.48550663 4.24742651 7.63260844
v -16.41925106 4.07284689 7.10506633
v -16.38661824 4.11218786 7.19061091
v -16.36011181 4.18223953 7.26008800
v -16.34129200 4.30540657 7.30942348
v -16.34714375 4.24742651 7.29408458
v -15.37223874 4.07284689 6.61235621
v -15.32712422 4.11218786 6.69202617
v -15.29048214 4.18223953 6.75673488
v -15.27255307 4.24742651 6.78839686
v -15.26446400 4.30540657 6.80268291
v -14.41112194 4.07284689 5.96795085
v -14.35455189 4.11218786 6.03993800
v -14.30860577 4.18223953 6.09840968
v -14.27597866 4.30540657 6.13992885
v -14.28612385 4.24742651 6.12701610
v -13.49097500 4.11218786 5.24915126
v -13.43676625 4.18223953 5.30005076
v -13.39827404 4.30540657 5.33619884
v -13.41024266 4.24742651 5.32496074
v -12.75599156 4.11218786 4.33760264
v -12.69475232 4.18223953 4.37978557
v -12.65126667 4.30540657 4.40973857
v -12.66478787 4.24742651 4.40042689
v -12.16628514 4.11218786 3.32599071
v -12.09940396 4.18223953 3.35849574
v -12.06667767 4.24742651 3.37439921
v -11.73523770 4.11218786 2.23726848
v -11.66423283 4.18223953 2.25935939
v -11.75369511 4.07284689 1.97523692
v -11.62949047 4.24742651 2.27016643
v -11.66544781 4.11218786 1.99963191
v -11.59377537 4.18223953 2.01944926
v -11.56315289 4.07284689 1.08239558
v -11.47263394 4.11218786 1.09615138
v -11.39911709 4.18223953 1.10732081
v -11.36314259 4.24742651 1.11278728
v -11.25835286 4.29950714 -3.53334996
v -11.26112614 4.28680038 -3.56977651
v -11.25726567 4.30540657 -3.48061940
v -11.26377736 4.27665472 -3.58671376
v -11.26588307 4.26950645 -3.59524724
v -11.26855717 4.26127815 -3.60245320
v -11.27187405 4.25207472 -3.60769460
v -11.27434407 4.24579430 -3.60971639
v -11.27704869 4.23936129 -3.61055943
v -11.30323849 4.19185305 -3.61210439
v -11.33930645 4.14857531 -3.61351201
v -11.38398991 4.11247683 -3.61468312
v -11.43491230 4.08589411 -3.61554906
v -11.48898373 4.07007408 -3.61606023
v -11.63008747 4.07286787 -0.07146642
v -18.76448403 4.24063110 7.24552348
v -18.76256142 4.25013161 7.24153331
v -18.76386128 4.24542046 7.24348262
v -18.75765858 4.25980425 7.23770717
v -18.73920212 4.27784395 7.23104671
v -18.75063095 4.26832104 7.23450282
v -11.69353924 4.09604454 -0.07146642
v -11.75934277 4.08662844 1.06282237
v -11.79613552 4.18253088 -0.07146642
v -11.83547459 4.13327217 1.05114940
v -11.74990712 4.13327217 -0.07146642
v -11.94991551 4.30594254 1.13993266
v -11.88723240 4.19114971 1.04321101
v -11.84881459 4.30594254 -0.07146642
v -11.82971058 4.24114752 -0.07146642
v -12.01671276 4.08662844 2.17090419
v -12.09019528 4.13327217 2.14782908
v -12.25041638 4.30594254 2.31781581
v -12.14015255 4.19114971 2.13213923
v -12.15694485 4.13327217 2.35015300
v -12.20643101 4.19114971 2.33303264
v -12.23918019 4.25980473 2.32170299
v -12.43905125 4.08662844 3.22718242
v -12.50818692 4.13327217 3.19323543
v -12.74200688 4.30594254 3.42959407
v -12.55518971 4.19114971 3.17015651
v -12.65518818 4.13327217 3.47697642
v -12.70115147 4.19114971 3.45189097
v -12.73156987 4.25980473 3.43528941
v -13.01659832 4.08662844 4.20724681
v -13.07979069 4.13327217 4.16321376
v -13.41108570 4.30594254 4.44450572
v -13.12275181 4.19114971 4.13327983
v -13.33332119 4.13327217 4.50562480
v -13.37449131 4.19114971 4.47326854
v -13.40173779 4.25980473 4.45185283
v -13.73601399 4.08662844 5.08845714
v -13.79180203 4.13327217 5.03535655
v -14.23913823 4.30594254 5.33447459
v -13.82972966 4.19114971 4.99925426
v -14.17258129 4.13327217 5.40763667
v -14.20781765 4.19114971 5.36890224
v -14.23113690 4.25980473 5.34326747
v -14.58067379 4.08662844 5.85045436
v -14.62777005 4.13327217 5.78951076
v -15.20325718 4.30594254 6.07487300
v -14.65978871 4.19114971 5.74807933
v -15.14974842 4.13327217 6.15805247
v -15.17807637 4.19114971 6.11401561
v -15.19682370 4.25980473 6.08487132
v -15.53106366 4.08662844 6.47563365
v -15.56837902 4.13327217 6.40825465
v -16.27676640 4.30594254 6.64521602
v -15.59374867 4.19114971 6.36244777
v -16.23778592 4.13327217 6.73611644
v -16.25842152 4.19114971 6.68799022
v -16.27208004 4.25980473 6.65614131
v -16.56522808 4.08662844 6.94954875
v -16.59190045 4.13327217 6.87729457
v -17.42996464 4.30594254 7.02972224
v -16.61003361 4.19114971 6.82816890
v -17.40659008 4.13327217 7.12582973
v -17.41896496 4.19114971 7.07494929
v -17.42715321 4.25980473 7.04127696
v -17.65927182 4.08662844 7.26125148
v -17.67468510 4.13327217 7.18578914
v -17.68516407 4.19114971 7.13448527
v -18.63094483 4.30594254 7.21776011
v -18.61828099 4.08662844 7.39323237
v -18.77695427 4.08728743 7.40326121
v -18.77382813 4.11358690 7.35362819
v -18.77988491 4.07074547 7.45701793
v -18.62382565 4.13327217 7.31641200
v -18.77062664 4.14860392 7.30972865
v -18.62759457 4.19114971 7.26418498
v -18.76747189 4.19129848 7.27315715
v -18.72180806 4.28778219 7.22747233
v -18.63008938 4.25980473 7.22962001
v -18.68463765 4.30019236 7.22248271
v -11.84881459 4.30594254 -3.48060414
v -11.84771786 4.29992294 -3.53383824
v -11.84855709 4.30446291 -3.50742146
v -11.84617100 4.29245424 -3.55806920
v -11.84383831 4.28270388 -3.57830998
v -11.84152089 4.27422762 -3.59050176
v -11.83283101 4.24875593 -3.60905263
v -11.82915745 4.23986053 -3.61054418
v -11.83624516 4.25787354 -3.60500905
v -11.83920155 4.26662397 -3.59852025
v -11.80300961 4.19223547 -3.61209294
v -11.76694546 4.14883518 -3.61350057
v -11.72222577 4.11262608 -3.61467931
v -11.67123852 4.08595896 -3.61554524
v -11.61708699 4.07008982 -3.61606023
v -13.11176739 3.53557611 -0.07146642
v -18.80166779 3.53969526 5.96630672
v -17.79846821 3.53557611 5.81913951
v -18.80143223 3.59750342 6.00001719
v -17.79111348 3.58842874 5.85102275
v -17.78645955 3.64704061 5.87119868
v -18.80055294 3.65174079 6.01773646
v -16.83252774 3.53557611 5.50900462
v -16.81994687 3.58842874 5.53921321
v -16.81198368 3.64704061 5.55832484
v -15.93205319 3.53557611 5.04170802
v -15.91459713 3.58842874 5.06938365
v -15.90355168 3.64704061 5.08690074
v -15.12240467 3.53557611 4.43040660
v -15.10056553 3.58842874 4.45477489
v -15.08674488 3.64704061 4.47019771
v -14.42638264 3.53557611 3.69231990
v -14.40077649 3.58842874 3.71269420
v -14.38457165 3.64704061 3.72558406
v -13.86358891 3.53557611 2.84823039
v -13.83493672 3.58842874 2.86403468
v -13.81680546 3.64704061 2.87403682
v -13.44987545 3.53557611 1.92191508
v -13.41898404 3.58842874 1.93270686
v -13.39943562 3.64704061 1.93953135
v -13.19689427 3.53557611 0.93945888
v -13.16463147 3.58842874 0.94492915
v -13.07904492 3.58842874 -0.07146642
v -13.05833683 3.64704061 -0.07146642
v -13.14421711 3.64704061 0.94839290
v -13.05935345 3.64288354 -3.62029836
v -13.08357678 3.57938075 -3.62236211
v -13.11532841 3.53109622 -3.62392995
v -18.78559075 3.43621922 5.57924464
v -18.77939949 3.44529438 5.56225017
v -18.78362332 3.44082236 5.57038692
v -18.76476441 3.45395279 5.54747203
v -18.77289639 3.44979668 5.55443385
v -13.31456814 3.43656564 0.91894343
v -13.29446659 3.41310763 -0.07146642
v -13.23121510 3.43656564 -0.07146642
v -13.36142788 3.40489912 -0.07146642
v -13.41139660 3.40684414 0.90252879
v -13.64442311 3.47198629 0.96138194
v -13.50905285 3.41238379 0.88597301
v -13.49197636 3.43515706 -0.07146642
v -13.42847309 3.41238379 -0.07146642
v -13.57374821 3.43621922 0.87500575
v -13.54849873 3.47198629 -0.07146642
v -13.56228123 3.43656564 1.88149074
v -13.65500508 3.40684414 1.84912303
v -13.74852047 3.41238379 1.81648067
v -13.92891369 3.47198629 1.95889857
v -13.81047306 3.43621922 1.79485515
v -13.72469960 3.40684414 2.03820613
v -13.81702862 3.41238379 2.00235179
v -13.87819729 3.43621922 1.97859385
v -13.96738682 3.43656564 2.78909877
v -14.05339680 3.40684414 2.74168971
v -14.14014111 3.41238379 2.69387630
v -14.39223729 3.47198629 2.88696483
v -14.19760762 3.43621922 2.66219905
v -14.20612202 3.40684414 3.00252345
v -14.29027043 3.41238379 2.95027736
v -14.34601841 3.43621922 2.91566279
v -14.51848851 3.43656564 3.61623576
v -14.59536610 3.40684414 3.55511668
v -14.67289601 3.41238379 3.49347499
v -15.01854954 3.47198629 3.71383479
v -14.85689793 3.40684414 3.86169246
v -14.92998562 3.41238379 3.79484370
v -14.97840557 3.43621922 3.75055507
v -15.20008145 3.43656564 4.33962443
v -15.26566182 3.40684414 4.26651576
v -15.78642331 3.47198629 4.41122249
v -15.33180104 3.41238379 4.19278529
v -15.71429119 3.41238379 4.50715449
v -15.75372754 3.43621922 4.45470622
v -15.99299298 3.43656564 4.93892100
v -16.04543171 3.40684414 4.85587886
v -16.66959439 3.47198629 4.95527080
v -16.09831677 3.41238379 4.77213481
v -16.57243405 3.40684414 5.15161708
v -16.61636219 3.41238379 5.06284526
v -16.64546452 3.43621922 5.00403026
v -16.87491284 3.43656564 5.39726451
v -16.91273556 3.40684414 5.30662730
v -17.63784848 3.47198629 5.32737163
v -16.95088063 3.41238379 5.21521953
v -17.57850895 3.40684414 5.53825572
v -17.60533772 3.41238379 5.44291118
v -17.82103596 3.43656564 5.70175746
v -17.62311230 3.43621922 5.37974360
v -17.84317646 3.40684414 5.60607341
v -17.86550770 3.41238379 5.50957683
v -18.65806923 3.47198629 5.51479915
v -17.88030110 3.43621922 5.44564631
v -18.62984429 3.43656564 5.83082393
v -18.80013523 3.44150376 5.85272792
v -18.79823552 3.41889429 5.80041698
v -18.79575215 3.40684414 5.74489787
v -18.63858090 3.40684414 5.73299983
v -18.79274998 3.40581441 5.68825343
v -18.64739190 3.41238379 5.63434794
v -18.78932820 3.41567755 5.63244060
v -18.65322934 3.43621922 5.56898692
v -18.70965920 3.46843171 5.52353480
v -18.74873982 3.45991802 5.53773692
v -13.40665303 3.40819979 -3.62764165
v -13.44955693 3.41811514 -3.62732121
v -13.49023686 3.43430090 -3.62679479
v -13.49881802 3.43866897 -3.62545201
v -13.50737248 3.44338894 -3.62153813
v -13.51539097 3.44816518 -3.61511418
v -13.52216969 3.45248318 -3.60710332
v -13.52952252 3.45747375 -3.59486958
v -13.53767643 3.46340585 -3.57459447
v -13.54373417 3.46810341 -3.55031774
v -13.54849873 3.47198629 -3.49695775
v -13.54733715 3.47102451 -3.52383611
v 11.24858989 3.43244314 -5.99267766
v 11.24858989 3.40882874 -5.92948338
v 11.24858989 3.40045428 -5.86254308
v 7.69233837 3.40371442 -5.81683537
v 11.24858989 3.40777302 -5.79547688
v 7.69265499 3.41352224 -5.77415654
v 11.24858989 3.43038893 -5.73192021
v 7.69317760 3.42953610 -5.73366353
v 7.69451656 3.43388295 -5.72506902
v 7.69843044 3.43858194 -5.71650502
v 7.70485439 3.44333839 -5.70847127
v 7.71286525 3.44763970 -5.70168492
v 11.24858989 3.46707821 -5.67530629
v 7.72510280 3.45261216 -5.69431874
v 7.74537410 3.45852423 -5.68614766
v 7.76965465 3.46320701 -5.68007848
v 7.82301082 3.46707821 -5.67530629
v 7.79613628 3.46611929 -5.67646977
v 16.89471950 3.43144965 -0.44275853
v 16.87770595 3.44048262 -0.44894597
v 16.88584652 3.43603063 -0.44472692
v 16.85315456 3.45504951 -0.47960088
v 16.86290493 3.44910622 -0.46357915
v 16.86987819 3.44496632 -0.45545003
v 12.23104610 3.41460967 -5.86710164
v 12.21646633 3.40045428 -5.78108785
v 12.28054561 3.46707821 -5.57946584
v 12.20311870 3.41101527 -5.70234487
v 13.18586864 3.41460967 -5.62138173
v 13.15711727 3.40045428 -5.53901479
v 13.27720775 3.46707821 -5.29523274
v 13.13079586 3.41101527 -5.46360967
v 13.34498729 3.40045428 -5.46977040
v 13.31607570 3.41101527 -5.39531896
v 13.29093303 3.44048119 -5.33057973
v 14.08619060 3.41460967 -5.21953771
v 14.04407634 3.40045428 -5.14313313
v 14.20447673 3.46707821 -4.83232305
v 14.00552501 3.41101527 -5.07319066
v 14.30323925 3.40045428 -4.99139211
v 14.26111354 3.41101527 -4.92354009
v 14.22448101 3.44048119 -4.86453816
v 14.90668621 3.41460967 -4.67286870
v 14.85239544 3.40045428 -4.60458180
v 14.80269756 3.41101527 -4.54206273
v 15.03064479 3.46707821 -4.20656774
v 15.15701046 3.40045428 -4.34473226
v 15.10310878 3.41101527 -4.28579900
v 15.05623760 3.44048119 -4.23455235
v 15.62427654 3.41460967 -3.99676320
v 15.55933895 3.40045428 -3.93850514
v 15.49988689 3.41101527 -3.88517568
v 15.72744884 3.46707821 -3.43937871
v 15.87709941 3.40045428 -3.55190465
v 15.81326427 3.41101527 -3.50390813
v 15.75775661 3.44048119 -3.46216771
v 16.21877422 3.41460967 -3.21022984
v 16.14501323 3.40045428 -3.16364858
v 16.27105846 3.46707821 -2.55698964
v 16.07748546 3.41101527 -3.12100408
v 16.43887081 3.40045428 -2.64003560
v 16.36728801 3.41101527 -2.60461232
v 16.30504360 3.44048119 -2.57380864
v 16.67345562 3.41460967 -2.33540151
v 16.59294643 3.40045428 -2.30180165
v 16.64287700 3.46707821 -1.58958623
v 16.51924266 3.41101527 -2.27104375
v 16.82311000 3.40045428 -1.64030644
v 16.74623241 3.41101527 -1.61867330
v 16.67937984 3.44048119 -1.59985921
v 16.97553005 3.41460967 -1.39688680
v 16.89053478 3.40045428 -1.37721440
v 16.83018627 3.46707821 -0.57025334
v 16.81272640 3.41101527 -1.35920903
v 17.10357418 3.41460967 -0.59468648
v 17.11593380 3.41466451 -0.43012425
v 17.06044521 3.40247798 -0.43260381
v 17.16819133 3.43740296 -0.42823216
v 17.01667919 3.40045428 -0.58691976
v 17.00380458 3.40130997 -0.43560216
v 16.93713131 3.41101527 -0.57980916
v 16.94796505 3.41103721 -0.43902013
v 16.86795559 3.44048119 -0.57362935
v 16.83893337 3.46353483 -0.51867482
v 11.24858989 3.64285254 -6.16494557
v 7.69968929 3.63870311 -6.16393468
v 11.24858989 3.58438849 -6.14435384
v 7.69762935 3.57536149 -6.13984487
v 11.24858989 3.53163671 -6.11180303
v 7.69606533 3.52716637 -6.10826680
v 17.28144970 3.53574872 -0.42671773
v 17.13438167 3.53163671 -1.42909047
v 17.31498088 3.59344077 -0.42695424
v 17.16609707 3.58438849 -1.43640706
v 17.18616237 3.64285254 -1.44103429
v 17.33260097 3.64753938 -0.42783544
v 16.82447567 3.53163671 -2.39421651
v 16.85452404 3.58438849 -2.40673253
v 16.87353267 3.64285254 -2.41465184
v 16.35754528 3.53163671 -3.29392812
v 16.38507595 3.58438849 -3.31128880
v 16.40249385 3.64285254 -3.32227895
v 15.74673595 3.53163671 -4.10288808
v 15.77097454 3.58438849 -4.12460896
v 15.78631343 3.64285254 -4.13835332
v 15.00925197 3.53163671 -4.79831502
v 15.02951564 3.58438849 -4.82378575
v 15.04234066 3.64285254 -4.83990285
v 14.16586055 3.53163671 -5.36062810
v 14.18158092 3.58438849 -5.38912770
v 14.19152584 3.64285254 -5.40715978
v 13.24031200 3.53163671 -5.77398488
v 13.25104656 3.58438849 -5.80471227
v 13.25783672 3.64285254 -5.82415578
v 12.25867595 3.53163671 -6.02675054
v 12.26411571 3.58438849 -6.05883977
v 12.26756038 3.64285254 -6.07914540
v 7.70399608 4.07007408 -7.60624501
v 11.24858989 4.07284689 -7.59325215
v 7.70451107 4.08589411 -7.55217549
v 11.24858989 4.09596300 -7.52987477
v 7.70537319 4.11247683 -7.50125310
v 11.24858989 4.13309669 -7.47355077
v 7.70654811 4.14857531 -7.45656774
v 11.24858989 4.18223953 -7.42733190
v 7.70795574 4.19185305 -7.42049977
v 11.24858989 4.24073124 -7.39372060
v 7.70949688 4.23936129 -7.39431188
v 7.71098842 4.24825001 -7.39061925
v 7.71503200 4.25736141 -7.38718984
v 7.72152080 4.26610613 -7.38421437
v 7.72953930 4.27370548 -7.38188359
v 11.24858989 4.30540657 -7.37452886
v 7.74173107 4.28217745 -7.37954900
v 7.76197185 4.29192352 -7.37719914
v 7.78620281 4.29938936 -7.37563512
v 7.83944072 4.30540657 -7.37452886
v 7.81262340 4.30392742 -7.37478826
v 18.77193966 4.07072639 -0.44857976
v 18.56056728 4.24013948 -0.46396825
v 18.55656185 4.24963188 -0.46589086
v 18.55851879 4.24492455 -0.46459004
v 18.55271663 4.25929689 -0.47079274
v 18.54602565 4.27732325 -0.48924825
v 18.54949703 4.26780701 -0.47781941
v 11.90284481 4.07284689 -7.56474492
v 11.89481487 4.11267662 -7.47279164
v 11.88840999 4.18223953 -7.39945409
v 12.45910396 4.30540657 -7.27350804
v 12.49535884 4.07284689 -7.48920247
v 12.48005809 4.11267662 -7.39817616
v 12.46785488 4.18223953 -7.32557866
v 12.46199169 4.24492407 -7.29069707
v 13.70763530 4.07284689 -7.17993733
v 13.67745723 4.11267662 -7.09270665
v 13.65339031 4.18223953 -7.02313420
v 13.63612880 4.30540657 -6.97323415
v 13.64182796 4.24492407 -6.98970601
v 14.62179317 4.07284689 -6.79446980
v 14.58039989 4.11267662 -6.71196553
v 14.54738750 4.18223953 -6.64616963
v 14.74709835 4.30540657 -6.48201558
v 14.85187664 4.07284689 -6.67400929
v 14.80766048 4.11267662 -6.59298512
v 14.77239360 4.18223953 -6.52836797
v 14.75544872 4.24492407 -6.49731633
v 15.16862239 4.07284689 -6.49101445
v 15.12051906 4.11267662 -6.41223714
v 15.08215084 4.18223953 -6.34940907
v 15.68835964 4.07284689 -6.14318273
v 15.72773494 4.06500006 -6.19702718
v 15.63387432 4.11267662 -6.06867024
v 15.59042492 4.18223953 -6.00924870
v 15.76128139 4.30540657 -5.81344792
v 15.56954708 4.24492407 -5.98069570
v 15.83939876 4.11267662 -5.91284368
v 15.79390850 4.18223953 -5.85496327
v 15.77205028 4.24492407 -5.82715413
v 16.41225185 4.07284689 -5.54082295
v 16.34888591 4.11267662 -5.47370717
v 16.65061321 4.30540657 -4.98602101
v 16.29834880 4.18223953 -5.42017934
v 16.74412670 4.11267662 -5.07109639
v 16.68967189 4.18223953 -5.02155492
v 16.66350689 4.24492407 -4.99775121
v 17.05520382 4.07284689 -4.85273168
v 16.98394909 4.11267662 -4.79405782
v 17.39049663 4.30540657 -4.02263066
v 16.92711773 4.18223953 -4.74726293
v 17.49681606 4.11267662 -4.09102818
v 17.43490352 4.18223953 -4.05119893
v 17.40515651 4.24492407 -4.03206059
v 17.76557674 4.07284689 -3.82728383
v 17.68560161 4.11267662 -3.78119466
v 17.96045818 4.30540657 -2.94992635
v 17.62181987 4.18223953 -3.74443624
v 18.16147747 4.07284689 -3.03613469
v 18.07664241 4.11267662 -2.99975392
v 18.00898876 4.18223953 -2.97073934
v 17.97647991 4.24492407 -2.95679662
v 18.55725612 4.07284689 -1.84928319
v 18.46756878 4.11267662 -1.82746694
v 18.39603939 4.18223953 -1.81006810
v 18.36166896 4.24492407 -1.80170629
v 18.34473171 4.30540657 -1.79758641
v 18.75083675 4.07284689 -0.61324880
v 18.71825924 4.08721542 -0.45150945
v 18.65877285 4.11267662 -0.60659978
v 18.66868343 4.11343431 -0.45462987
v 18.62481441 4.14835024 -0.45783040
v 18.58824291 4.19092989 -0.46098134
v 18.58534755 4.18223953 -0.60129735
v 18.55006923 4.24492407 -0.59874913
v 18.53741970 4.29965925 -0.54380605
v 18.53268184 4.30540657 -0.59749410
v 18.54243221 4.28725529 -0.50663945
v 7.78672161 4.30004072 -7.96500203
v 7.75029888 4.28732920 -7.96225163
v 7.83945598 4.30594254 -7.96607778
v 11.24858989 4.30594254 -7.96607778
v 7.73336162 4.27717829 -7.95961949
v 11.24858989 4.24114752 -7.94697377
v 7.72482814 4.27002621 -7.95752904
v 7.71762218 4.26179314 -7.95487020
v 7.71238079 4.25258303 -7.95157048
v 7.71035900 4.24629831 -7.94911382
v 7.70951595 4.23986053 -7.94642064
v 7.70796718 4.19223547 -7.92027089
v 11.24858989 4.18253088 -7.91339681
v 7.70655574 4.14883518 -7.88420674
v 11.24858989 4.13327217 -7.86717031
v 7.70538082 4.11262608 -7.83948705
v 11.24858989 4.09604454 -7.81080052
v 7.70451107 4.08595896 -7.78849980
v 11.24858989 4.07286787 -7.74735066
v 7.70399608 4.07008982 -7.73435018
v 12.43451061 4.30594254 -7.87649343
v 19.12142696 4.25701380 -0.44588277
v 19.11457576 4.23917675 -0.44087789
v 19.11816539 4.24793720 -0.44214818
v 19.12441005 4.26679325 -0.45289037
v 19.12731304 4.27891064 -0.46670339
v 12.43151607 4.23917675 -7.85676763
v 12.42194881 4.14710617 -7.79381368
v 12.41118755 4.09604454 -7.72298238
v 12.39995708 4.07041502 -7.64906499
v 13.58759441 4.23917675 -7.59072682
v 13.59351863 4.30594254 -7.60978124
v 13.56867733 4.14710617 -7.52992436
v 13.54739894 4.09604454 -7.46151158
v 13.52518978 4.07041502 -7.39011952
v 14.69058742 4.23917675 -7.15404317
v 14.69931163 4.30594254 -7.17198750
v 14.66275539 4.14710617 -7.09676930
v 14.63144054 4.09604454 -7.03233144
v 14.59876003 4.07041502 -6.96508595
v 15.71547069 4.23917675 -6.55661962
v 15.72678890 4.30594254 -6.57305333
v 15.67934932 4.14710617 -6.50417897
v 15.63870754 4.09604454 -6.44517705
v 15.59882488 4.06500006 -6.31399343
v 15.59629955 4.07041502 -6.38360021
v 16.63897838 4.23917675 -5.81202123
v 16.65263500 4.30594254 -5.82656667
v 16.59538784 4.14710617 -5.76560018
v 16.54634609 4.09604454 -5.71336934
v 16.49516811 4.07041502 -5.65886876
v 17.44015255 4.23917675 -4.93713948
v 17.45584240 4.30594254 -4.94946858
v 17.39008464 4.14710617 -4.89779469
v 17.33375301 4.09604454 -4.85352513
v 17.27496852 4.07041502 -4.80732915
v 18.10081234 4.23917675 -3.95183751
v 18.11817302 4.30594254 -3.96166799
v 18.04540004 4.14710617 -3.92045781
v 17.98306026 4.09604454 -3.88515279
v 17.91800060 4.07041502 -3.84831426
v 18.60596218 4.23917675 -2.87846944
v 18.62460842 4.30594254 -2.88558385
v 18.54646816 4.14710617 -2.85577199
v 18.47953167 4.09604454 -2.83023259
v 18.40967693 4.07041502 -2.80358312
v 18.94414272 4.23917675 -1.74139974
v 18.96364345 4.30594254 -1.74563024
v 18.88191356 4.14710617 -1.72789571
v 18.81189861 4.09604454 -1.71270177
v 18.73883190 4.07041502 -1.69684789
v 19.10767498 4.23917675 -0.56643102
v 19.12758770 4.30594254 -0.56768605
v 19.12928905 4.29201651 -0.49119374
v 19.12935009 4.30260420 -0.52876470
v 19.08709468 4.18996191 -0.44037053
v 19.04412212 4.14710617 -0.56242940
v 19.05080928 4.14714766 -0.44040868
v 19.00713482 4.11218023 -0.44099996
v 18.97261943 4.09604454 -0.55792424
v 18.95765056 4.08636570 -0.44214437
v 18.89800396 4.07041502 -0.55322453
v 18.90410366 4.07044077 -0.44381139
v 11.24858989 3.53557611 -9.22902867
v 7.69638195 3.53897142 -9.22642323
v 11.24858989 3.58842874 -9.19630620
v 7.69828930 3.59762883 -9.19209096
v 11.24858989 3.64704061 -9.17560002
v 7.70007839 3.65262246 -9.17433736
v 20.40157833 3.53182125 -0.44624898
v 20.37026729 3.57956862 -0.44899556
v 20.34612407 3.64201665 -0.45199010
v 12.51754131 3.53176188 -9.14373586
v 12.51321163 3.57948089 -9.11277196
v 12.50989284 3.64198804 -9.08905980
v 13.76202526 3.53176188 -8.88049504
v 13.75344600 3.57948089 -8.85042760
v 13.74687709 3.64198804 -8.82740209
v 14.95804729 3.53176188 -8.44740102
v 14.94538631 3.57948089 -8.41881368
v 14.93568935 3.64198804 -8.39692113
v 16.08254375 3.53176188 -7.85280416
v 16.06604519 3.57948089 -7.82624623
v 16.05341091 3.64198804 -7.80590627
v 17.11383571 3.53176188 -7.10817143
v 17.09381618 3.57948089 -7.08415792
v 17.07848491 3.64198804 -7.06576344
v 18.03203334 3.53176188 -6.22786138
v 18.00888195 3.57948089 -6.20685002
v 17.99115123 3.64198804 -6.19075963
v 18.81944027 3.53176188 -5.22884557
v 18.79359951 3.57948089 -5.21124455
v 18.77380886 3.64198804 -5.19776341
v 19.46086635 3.53176188 -4.13038823
v 19.43283596 3.57948089 -4.11653707
v 19.41137066 3.64198804 -4.10592839
v 19.94394817 3.53176188 -2.95366857
v 19.91426983 3.57948089 -2.94383046
v 19.89154186 3.64198804 -2.93630025
v 20.25936641 3.53176188 -1.72137639
v 20.22861614 3.57948089 -1.71574590
v 20.20506038 3.64198804 -1.71143147
v 7.77023449 3.46817684 -9.66108891
v 7.73373165 3.46025276 -9.65068242
v 7.82310238 3.47198629 -9.66576192
v 11.24858989 3.47198629 -9.66576192
v 7.71677913 3.45420551 -9.64202687
v 11.24858989 3.43515706 -9.60923955
v 7.70828380 3.45010996 -9.63575932
v 7.70111217 3.44554520 -9.62832829
v 7.69595470 3.44065928 -9.61977193
v 7.69400920 3.43745756 -9.61376760
v 11.24858989 3.41238379 -9.54573628
v 11.24858989 3.40489912 -9.47868917
v 7.69256725 3.41278911 -9.41305348
v 11.24858989 3.41310763 -9.41172978
v 7.69333400 3.43647242 -9.34866139
v 11.24858989 3.43656564 -9.34847829
v 20.78431072 3.43758559 -0.43237874
v 20.79219951 3.44190669 -0.43563268
v 20.77559032 3.43321848 -0.43130300
v 20.80091610 3.44714475 -0.44227406
v 20.81030407 3.45341325 -0.45417974
v 20.81612529 3.45769382 -0.46518514
v 20.82101192 3.46159482 -0.47789952
v 20.72306575 3.41438103 -0.43238255
v 20.82912578 3.46920562 -0.51725957
v 20.83061733 3.47129560 -0.53968617
v 20.50791683 3.44239593 -0.44055364
v 20.83031978 3.47198629 -0.56227300
v 20.55881252 3.42038250 -0.43806645
v 20.61285534 3.40821052 -0.43583104
v 20.66821041 3.40612745 -0.43391225
v 12.56980266 3.47198629 -9.57435414
v 20.37661113 3.43656564 -1.72741124
v 20.46932354 3.40733671 -1.74423024
v 20.67144909 3.47198629 -1.87707707
v 20.57070293 3.41238379 -1.76262090
v 20.63788738 3.43758512 -1.77480885
v 20.05874767 3.43656564 -2.97732732
v 20.14823284 3.40733671 -3.00684163
v 20.33302822 3.47198629 -3.15748021
v 20.24607982 3.41238379 -3.03911397
v 20.31092586 3.43758512 -3.06050298
v 19.57061138 3.43656564 -4.17108342
v 19.65513744 3.40733671 -4.21272466
v 19.82150783 3.47198629 -4.37907979
v 19.74756374 3.41238379 -4.25825688
v 19.80881633 3.43758512 -4.28842732
v 18.92163601 3.43656564 -5.28560826
v 18.99957027 3.40733671 -5.33856771
v 19.14664211 3.47198629 -5.51860234
v 19.08479061 3.41238379 -5.39647862
v 19.14126720 3.43758512 -5.43485448
v 18.12436428 3.43656564 -6.29935643
v 18.19420375 3.40733671 -6.36261556
v 18.27056636 3.41238379 -6.43178365
v 18.32127895 3.47198629 -6.55433080
v 18.32117595 3.43758512 -6.47762105
v 17.19420757 3.43656564 -7.19274327
v 17.25459423 3.40733671 -7.26507375
v 17.32063045 3.41238379 -7.34416387
v 17.36115398 3.47198629 -7.46653554
v 17.36439266 3.43758512 -7.39657781
v 16.14913692 3.43656564 -7.94849202
v 16.19891109 3.40733671 -8.02850148
v 16.25333919 3.41238379 -8.11598393
v 16.28455867 3.47198629 -8.23782918
v 16.28940715 3.43758512 -8.17395970
v 15.00935497 3.43656564 -8.55200765
v 15.04755153 3.40733671 -8.63814351
v 15.08932247 3.41238379 -8.73233220
v 15.11200847 3.47198629 -8.85352132
v 15.11700191 3.43758512 -8.79474828
v 13.79688778 3.43656564 -8.99161717
v 13.82277431 3.40733671 -9.08222005
v 13.85107555 3.41238379 -9.18128774
v 13.86583843 3.47198629 -9.30187795
v 13.86983242 3.43758512 -9.24694249
v 12.53517284 3.43656564 -9.25882909
v 12.54824199 3.40733671 -9.35214421
v 12.56252803 3.41238379 -9.45418355
v 12.57199993 3.43758512 -9.52180287
v -18.77396260 -4.35355663 9.49044993
v -18.79716740 -4.33321857 9.45553020
v -18.75674305 -4.35981607 9.49877742
v -18.78245793 -4.34938526 9.48433879
v -18.78967152 -4.34469080 9.47687724
v -18.79480801 -4.33962870 9.46806529
v -18.79661999 -4.33639097 9.46194652
v -18.71964798 -4.36803293 9.50799373
v -18.79608879 -4.31438112 9.40300563
v -18.66619645 -4.37198639 9.51026347
v -18.79455719 -4.30612755 9.34815410
v -18.79264031 -4.30821085 9.29279521
v -18.79040490 -4.32038307 9.23875621
v -18.78791676 -4.34239626 9.18785670
v -9.65411435 -4.37198639 1.24974254
v -9.61923085 -4.33515692 -0.07146642
v -9.56270848 -4.37198639 -0.07146642
v -9.68273220 -4.31238365 -0.07146642
v -17.47435246 -4.30544424 9.20377162
v -17.35139141 -4.37198639 9.35138896
v -17.48976956 -4.31310749 9.11878779
v -17.50292645 -4.34217262 9.04626277
v -16.17071019 -4.33321857 8.98254970
v -16.07098828 -4.37198639 9.01296809
v -16.20427380 -4.30544424 8.88078502
v -16.23132954 -4.31310749 8.79875758
v -16.25441800 -4.34217262 8.72875789
v -14.94391117 -4.33321857 8.48090175
v -14.84938870 -4.37198639 8.50145152
v -14.99126492 -4.30544424 8.38477519
v -15.02943287 -4.31310749 8.30729487
v -15.06200657 -4.34217262 8.24117091
v -13.79853688 -4.33321857 7.81396297
v -13.70986805 -4.37198639 7.82658198
v -13.85876522 -4.30544424 7.72533229
v -13.90731106 -4.31310749 7.65389445
v -13.94873867 -4.34217262 7.59292796
v -12.75672779 -4.33321857 6.99462321
v -12.67413769 -4.37198639 7.00122264
v -12.82866536 -4.30544424 6.91520122
v -12.88664875 -4.31310749 6.85118678
v -12.93613110 -4.34217262 6.79655650
v -11.83861409 -4.33321857 6.03871730
v -11.76193486 -4.37198639 6.04109767
v -11.92087231 -4.30544424 5.97004130
v -11.98717366 -4.31310749 5.91468623
v -12.04375515 -4.34217262 5.86744502
v -11.06194363 -4.33321857 4.96472362
v -10.99063931 -4.37198639 4.96450236
v -11.15292988 -4.30544424 4.90811732
v -11.22626934 -4.31310749 4.86248973
v -11.28885517 -4.34217262 4.82355311
v -10.44172535 -4.33321857 3.79339412
v -10.37494717 -4.37198639 3.79194835
v -10.53968296 -4.30544424 3.74995234
v -10.61863957 -4.31310749 3.71493724
v -10.68602238 -4.34217262 3.68505672
v -9.98994694 -4.33321857 2.54736522
v -9.92659054 -4.37198639 2.54578212
v -10.09298382 -4.30544424 2.51793101
v -10.17603169 -4.31310749 2.49420360
v -10.24690686 -4.34217262 2.47395900
v -9.71534024 -4.33321857 1.25072673
v -9.82146130 -4.30544424 1.23586467
v -9.74977932 -4.30489922 -0.07146642
v -9.90699826 -4.31310749 1.22388652
v -9.81674061 -4.31310749 -0.07146642
v -9.87999211 -4.33656549 -0.07146642
v -9.97999630 -4.34217262 1.21366313
v -9.56270848 -4.37198639 -14.78049275
v -9.56747303 -4.36810350 -14.83384892
v -9.56387005 -4.37102461 -14.80737111
v -9.58168469 -4.35747385 -14.87840077
v -9.58903752 -4.35248327 -14.89063832
v -9.57353077 -4.36340570 -14.85812947
v -9.61238919 -4.33866882 -14.90898702
v -9.62096844 -4.33430099 -14.91032598
v -9.60383473 -4.34338903 -14.90507314
v -9.59581623 -4.34816504 -14.89864537
v -9.67166577 -4.31517982 -14.91094777
v -9.72711621 -4.30566311 -14.91125676
v -9.78446064 -4.30716896 -14.91121099
v -9.84038601 -4.31993294 -14.91079518
v -9.89174328 -4.34290552 -14.91004750
v -13.11666546 -4.43163681 -0.07146642
v -18.80083046 -4.53788710 6.01024058
v -17.78743420 -4.54285240 5.86610606
v -18.80167542 -4.47558069 5.98637965
v -17.79206334 -4.48438835 5.84603694
v -18.80171357 -4.42789555 5.95532039
v -17.79937802 -4.43163681 5.81432155
v -16.81381855 -4.54285240 5.55347255
v -16.82173787 -4.48438835 5.53446391
v -16.83425389 -4.43163681 5.50441936
v -15.90619145 -4.54285240 5.08243373
v -15.91717968 -4.48438835 5.06501582
v -15.93454228 -4.43163681 5.03748897
v -15.09011517 -4.54285240 4.46625331
v -15.10385952 -4.48438835 4.45091823
v -15.12558232 -4.43163681 4.42667964
v -14.38856755 -4.54285240 3.72228053
v -14.40468274 -4.48438835 3.70945933
v -14.43015347 -4.43163681 3.68919566
v -13.82130871 -4.54285240 2.87146953
v -13.83934269 -4.48438835 2.86152080
v -13.86784230 -4.43163681 2.84580043
v -13.40431271 -4.54285240 1.93777659
v -13.42375622 -4.48438835 1.93098643
v -13.45448361 -4.43163681 1.92025569
v -13.14932499 -4.54285240 0.94750407
v -13.06352291 -4.54285240 -0.07146642
v -13.08411656 -4.48438835 -0.07146642
v -13.16962872 -4.48438835 0.94405940
v -13.20171795 -4.43163681 0.93861583
v -13.06226788 -4.54841471 -14.90358541
v -13.07992611 -4.49356651 -14.90537068
v -13.11407147 -4.43502998 -14.90727040
v -18.78758965 -5.13917637 7.79451564
v -18.78502903 -5.15182638 7.79956248
v -18.78688202 -5.14555168 7.79717067
v -18.78009091 -5.16105032 7.80266383
v -18.76492939 -5.17659187 7.80677226
v -18.77316437 -5.16937017 7.80504420
v -11.41766796 -4.99604416 -0.07146642
v -11.52649937 -4.98638296 1.08793452
v -11.48111973 -4.97286749 -0.07146642
v -11.36129818 -5.03327179 -0.07146642
v -11.44975911 -5.03327179 1.09959605
v -11.31507168 -5.08253050 -0.07146642
v -11.40405713 -5.08253050 1.10653880
v -11.35197506 -5.20594215 1.11445430
v -11.37086163 -5.14114714 1.11158183
v -11.26239262 -5.20594215 -0.07146642
v -11.28149662 -5.14114714 -0.07146642
v -11.78724919 -4.98638296 2.22102550
v -11.71313153 -5.03327179 2.24408153
v -11.66899166 -5.08253050 2.25781444
v -11.63693104 -5.14114714 2.26778605
v -11.61868725 -5.20594215 2.27346232
v -12.21525250 -4.98638296 3.30209163
v -12.14543972 -5.03327179 3.33601954
v -12.10386334 -5.08253050 3.35622600
v -12.05648098 -5.20594215 3.37925151
v -12.07366429 -5.14114714 3.37090114
v -12.80079518 -4.98638296 4.30659678
v -12.73687230 -5.03327179 4.35062602
v -12.69880162 -5.08253050 4.37684825
v -12.65541706 -5.20594215 4.40672877
v -12.67115078 -5.14114714 4.39589503
v -13.40190373 -5.20594215 5.33257869
v -13.53059063 -4.98638296 5.21174052
v -13.47400532 -5.03327179 5.26487163
v -13.44030629 -5.08253050 5.29651454
v -13.41583119 -5.14114714 5.31950191
v -14.38807354 -4.98638296 5.99698451
v -14.34011326 -5.03327179 6.05801585
v -14.31155072 -5.08253050 6.09436229
v -14.27899990 -5.20594215 6.13578227
v -14.29080449 -5.14114714 6.12075999
v -15.35378704 -4.98638296 6.64451030
v -15.31553898 -5.03327179 6.71204951
v -15.29275952 -5.08253050 6.75227550
v -15.26680050 -5.20594215 6.79811671
v -15.27621327 -5.14114714 6.78149226
v -16.40581189 -4.98638296 7.13961604
v -16.37814389 -5.03327179 7.21213725
v -16.36166439 -5.08253050 7.25532725
v -16.34288655 -5.20594215 7.30454829
v -16.34969578 -5.14114714 7.28669932
v -17.52027378 -4.98638296 7.47107127
v -17.50381337 -5.03327179 7.54692653
v -17.49400959 -5.08253050 7.59210017
v -17.48283825 -5.20594215 7.64358333
v -17.48688946 -5.14114714 7.62491420
v -18.67188034 -4.98638296 7.63135341
v -18.78629361 -4.98707581 7.63742259
v -18.78742562 -5.01313877 7.68679240
v -18.78464661 -4.97068882 7.58399013
v -18.66700135 -5.03327179 7.70881846
v -18.78802834 -5.04785728 7.73049739
v -18.66409550 -5.08253050 7.75495341
v -18.78808747 -5.09021044 7.76693919
v -18.66198502 -5.14114714 7.78846553
v -18.66078434 -5.20594215 7.80753139
v -18.71261940 -5.19990969 7.80952266
v -18.74838505 -5.18693161 7.80863383
v -11.49412022 -4.97008944 -14.89959523
v -11.43996869 -4.98595858 -14.89908025
v -11.38897953 -5.01262569 -14.89821431
v -11.34426175 -5.04883480 -14.89703557
v -11.30819569 -5.09223509 -14.89562413
v -11.28204976 -5.13986015 -14.89407918
v -11.27837620 -5.14875555 -14.89258763
v -11.27496014 -5.15787315 -14.88854024
v -11.27200566 -5.16662359 -14.88205525
v -11.26968632 -5.17422724 -14.87403676
v -11.26736699 -5.18270350 -14.86184499
v -11.26503621 -5.19245386 -14.84160420
v -11.26348744 -5.19992256 -14.81737325
v -11.26265011 -5.20446253 -14.79095265
v -11.26239262 -5.20594215 -14.76413533
v -9.99587880 -4.43109608 -14.90746495
v -9.99943982 -4.43557596 -0.07146642
v -10.02762852 -4.47938061 -14.90589711
v -10.03216229 -4.48842859 -0.07146642
v -10.05185376 -4.54288340 -14.90383336
v -10.05286847 -4.54704046 -0.07146642
v -18.77855263 -4.49746323 9.04158214
v -18.77606831 -4.55169773 9.02372554
v -18.78173409 -4.43968248 9.07540706
v -10.14168606 -4.55167770 1.18951610
v -10.12420140 -4.49738693 1.19196132
v -10.09078274 -4.43961191 1.19663814
v -10.40327702 -4.55167770 2.42618754
v -10.38629971 -4.49738693 2.43103221
v -10.35384999 -4.43961191 2.44029048
v -10.83365116 -4.55167770 3.61470225
v -10.81750927 -4.49738693 3.62185100
v -10.78665600 -4.43961191 3.63551524
v -11.42451535 -4.55167770 4.73213771
v -11.40951786 -4.49738693 4.74145320
v -11.38085423 -4.43961191 4.75926021
v -12.16447125 -4.55167770 5.75695613
v -12.15091000 -4.49738693 5.76825908
v -12.12498913 -4.43961191 5.78986552
v -13.03925572 -4.55167770 6.66938975
v -13.02739010 -4.49738693 6.68246272
v -13.00471363 -4.43961191 6.70745280
v -14.03200016 -4.55167770 7.45185283
v -14.02205906 -4.49738693 7.46644404
v -14.00306187 -4.43961191 7.49432948
v -15.12356053 -4.55167770 8.08925059
v -15.11573849 -4.49738693 8.10507777
v -15.10078679 -4.43961191 8.13532832
v -16.29289494 -4.55167770 8.56929973
v -16.28733883 -4.49738693 8.58605769
v -16.27672253 -4.43961191 8.61808970
v -17.51745091 -4.55167770 8.88274196
v -17.51427136 -4.49738693 8.90010646
v -17.50819455 -4.43961191 8.93329814
v -11.62222348 -4.97007370 -14.89959523
v -11.63521634 -4.97284651 -0.07146642
v -11.67629490 -4.98589373 -14.89908025
v -11.69859562 -4.99596262 -0.07146642
v -11.72721730 -5.01247644 -14.89821813
v -11.75491772 -5.03309631 -0.07146642
v -11.77190075 -5.04857492 -14.89704320
v -11.80113659 -5.08223915 -0.07146642
v -11.80796872 -5.09185266 -14.89563939
v -11.83474980 -5.14073086 -0.07146642
v -11.83415852 -5.13936090 -14.89409444
v -11.84532414 -5.16950607 -14.87877843
v -11.84742985 -5.17665434 -14.87024877
v -11.84265004 -5.16127777 -14.88598439
v -11.83933316 -5.15207434 -14.89122960
v -11.83686314 -5.14579391 -14.89324758
v -11.85285435 -5.19950676 -14.81688497
v -11.85393963 -5.20540619 -0.07146642
v -11.85393963 -5.20540619 -14.76415441
v -11.85008107 -5.18680000 -14.85331151
v -18.63097439 -5.20540619 7.21262172
v -17.43088017 -5.20540619 7.02467158
v -18.75834332 -5.15827179 7.23305705
v -18.76450215 -5.14013910 7.24051097
v -18.76274262 -5.14915037 7.23670390
v -18.75149403 -5.16694164 7.22976115
v -18.74316178 -5.17442131 7.22701457
v -18.73059807 -5.18272829 7.22402003
v -18.77988778 -4.97072601 7.45187953
v -11.82955799 -5.04784775 0.85547069
v -11.95496235 -5.20540619 1.13904384
v -11.75756703 -4.99596262 0.86458018
v -11.68381558 -4.97046661 0.87390712
v -11.93578778 -5.14013910 1.14226726
v -11.87332783 -5.04784775 1.15276530
v -11.80176602 -4.99596262 1.16479304
v -11.94149456 -4.99596262 1.81646541
v -12.25523625 -5.20540619 2.31606868
v -11.86957798 -4.97046661 1.83528331
v -12.23686085 -5.14013910 2.32242778
v -12.17700444 -5.04784775 2.34313014
v -12.10842762 -4.99596262 2.36685374
v -12.34040890 -4.99596262 2.95539287
v -12.74645291 -5.20540619 3.42703822
v -12.27246724 -4.97046661 2.98555949
v -12.72938404 -5.14013910 3.43635371
v -12.67378865 -5.04784775 3.46669581
v -12.61009274 -4.99596262 3.50145915
v -12.91309605 -4.99596262 4.00792888
v -13.41502247 -5.20540619 4.44122127
v -12.85086308 -4.97046661 4.04858592
v -13.39973317 -5.14013910 4.45323756
v -13.34993611 -5.04784775 4.49237254
v -13.29288350 -4.99596262 4.53721049
v -13.64410458 -5.04784775 4.84367183
v -14.24244748 -5.20540619 5.33055690
v -13.58994160 -4.99596262 4.89196589
v -13.53445301 -4.97046661 4.94143489
v -14.22936306 -5.14013910 5.34493831
v -14.18674145 -5.04784775 5.39178660
v -14.13790951 -4.99596262 5.44546321
v -14.53188572 -5.04784775 5.68691066
v -15.20583973 -5.20540619 6.07043651
v -14.48644314 -4.99596262 5.74348643
v -14.43989239 -4.97046661 5.80144694
v -15.19531880 -5.14013910 6.08679011
v -15.16105328 -5.04784775 6.14005473
v -15.12179242 -4.99596262 6.20108226
v -15.44689045 -5.04784775 6.31490138
v -16.27854214 -5.20540619 6.64039805
v -15.41043911 -4.99596262 6.37764934
v -15.37309704 -4.97046661 6.44192698
v -16.27087841 -5.14013910 6.65826991
v -16.24591504 -5.04784775 6.71647838
v -16.21731434 -4.99596262 6.78317073
v -16.46323452 -5.04784775 6.80561259
v -16.43676815 -4.99596262 6.87318233
v -16.40965519 -4.97046661 6.94240001
v -17.42628537 -5.14013910 7.04356578
v -17.41131649 -5.04784775 7.10510448
v -17.39416371 -4.99596262 7.17561534
v -18.62957344 -5.14013910 7.23201564
v -18.76748906 -5.09092951 7.26818278
v -18.70989285 -5.19225740 7.22049144
v -18.67674313 -5.20128250 7.21652797
v -18.65398369 -5.20438719 7.21442607
v -18.77064095 -5.04835033 7.30475429
v -18.62501202 -5.04784775 7.29518703
v -18.77383862 -5.01343441 7.34862330
v -18.61978493 -4.99596262 7.36756328
v -18.77696095 -4.98721504 7.39819911
v -18.61443005 -4.97046661 7.44170955
v -13.22405682 -4.33881235 -14.91011235
v -13.23579274 -4.33244324 -0.07146642
v -13.27535687 -4.31571245 -14.91086385
v -13.29898701 -4.30882883 -0.07146642
v -13.33124981 -4.30281019 -14.91128346
v -13.36592732 -4.30045414 -0.07146642
v -13.38859043 -4.30116224 -14.91133687
v -13.43299160 -4.30777311 -0.07146642
v -13.44406376 -4.31054068 -14.91103169
v -13.49655018 -4.33038902 -0.07146642
v -13.49480687 -4.32953596 -14.91041371
v -13.52310620 -4.34527540 -14.89539906
v -13.52938328 -4.34935570 -14.88689992
v -13.51566372 -4.34072924 -14.90256688
v -13.50709401 -4.33586407 -14.90772817
v -13.50108395 -4.33267736 -14.90966985
v -13.54848156 -4.36328030 -14.83344838
v -13.55316410 -4.36707830 -0.07146642
v -13.55316410 -4.36707830 -14.78058049
v -13.53805409 -4.35538149 -14.86995122
v -18.77911148 -4.34081984 5.55704310
v -18.78571091 -4.33144951 5.57465938
v -18.78391228 -4.33577538 5.56627086
v -18.77070771 -4.34626389 5.54760554
v -18.76042424 -4.35099077 5.53973201
v -13.57616864 -4.33038902 0.87457850
v -13.64900265 -4.36707830 0.96048930
v -13.47125302 -4.30127525 0.89236262
v -13.38138447 -4.30882883 0.90759471
v -13.30991230 -4.33743048 0.91971019
v -13.71231518 -4.30127525 1.82907680
v -13.93323765 -4.36707830 1.95714763
v -13.88046322 -4.33038902 1.97764018
v -13.62625370 -4.30882883 1.85911754
v -13.55781231 -4.33743048 1.88300899
v -13.78126965 -4.30127525 2.01616099
v -13.69629918 -4.30882883 2.04916194
v -14.10653935 -4.30127525 2.71233180
v -14.39614735 -4.36707830 2.88442042
v -14.02671109 -4.30882883 2.75633052
v -13.96322499 -4.33743048 2.79132655
v -14.34805165 -4.33038902 2.91428187
v -14.25764714 -4.30127525 2.97041133
v -14.18020687 -4.30882883 3.01849177
v -14.64284192 -4.30127525 3.51727107
v -15.02190075 -4.36707830 3.71058467
v -14.57148991 -4.30882883 3.57399562
v -14.51474438 -4.33743048 3.61910823
v -14.98012600 -4.33038902 3.74879649
v -14.90160427 -4.30127525 3.82061198
v -14.83434353 -4.30882883 3.88213161
v -15.30613003 -4.30127525 4.22125819
v -15.78909169 -4.36707830 4.40739253
v -15.24526272 -4.30882883 4.28911021
v -15.19685612 -4.33743048 4.34306911
v -15.75506840 -4.33038902 4.45263865
v -15.69111500 -4.30127525 4.53768733
v -15.63633213 -4.30882883 4.61054042
v -16.07774983 -4.30127525 4.80448344
v -16.67148075 -4.36707830 4.95099833
v -16.02907811 -4.30882883 4.88155177
v -15.99037037 -4.33743048 4.94284633
v -16.64637051 -4.33038902 5.00173762
v -16.59917317 -4.30127525 5.09710887
v -16.55874310 -4.30882883 5.17880443
v -16.93599186 -4.30127525 5.25054362
v -17.63888417 -4.36707830 5.32281688
v -16.90088520 -4.30882883 5.33466533
v -16.87296543 -4.33743048 5.40156367
v -17.62354718 -4.33038902 5.37731364
v -17.59471951 -4.30127525 5.47974589
v -17.57002697 -4.30882883 5.56748775
v -17.85671292 -4.30127525 5.54688838
v -18.65821515 -4.36707830 5.51012614
v -17.83615933 -4.30882883 5.63569453
v -17.81981526 -4.33743048 5.70631984
v -18.65317593 -4.33038902 5.56651500
v -18.78943406 -4.31128550 5.62798121
v -18.74503384 -4.35619402 5.53123286
v -18.71982251 -4.36193514 5.52170375
v -18.68943844 -4.36581230 5.51437190
v -18.79282437 -4.30202675 5.68393901
v -18.64370499 -4.30127525 5.67250255
v -18.79580460 -4.30347300 5.74058726
v -18.80022107 -4.33767080 5.84816173
v -18.63559113 -4.30882883 5.76329616
v -18.79829655 -4.31542158 5.79597667
v 20.36163845 -4.49746323 -0.44991490
v 20.34378185 -4.55169773 -0.45240209
v 20.39546337 -4.43968248 -0.44673345
v 11.24858989 -4.54704046 -9.17560002
v 12.50957622 -4.55167770 -9.08678243
v 11.24858989 -4.48842859 -9.19630620
v 12.51202144 -4.49738693 -9.10426900
v 12.51669445 -4.43961191 -9.13768575
v 11.24858989 -4.43557596 -9.22902867
v 13.74624767 -4.55167770 -8.82519338
v 13.75109233 -4.49738693 -8.84216878
v 13.76035061 -4.43961191 -8.87462041
v 14.93475856 -4.55167770 -8.39481542
v 14.94190731 -4.49738693 -8.41095922
v 14.95557155 -4.43961191 -8.44181249
v 16.05219783 -4.55167770 -7.80395314
v 16.06151332 -4.49738693 -7.81895253
v 16.07932033 -4.43961191 -7.84761617
v 17.07701244 -4.55167770 -7.06399724
v 17.08831920 -4.49738693 -7.07755849
v 17.10992183 -4.43961191 -7.10347936
v 17.98944988 -4.55167770 -6.18921468
v 18.00252285 -4.49738693 -6.20107839
v 18.02750911 -4.43961191 -6.22375676
v 18.77190914 -4.55167770 -5.19647023
v 18.78650035 -4.49738693 -5.20640752
v 18.81438961 -4.43961191 -5.22540853
v 19.40931072 -4.55167770 -4.10490605
v 19.42513790 -4.49738693 -4.11273000
v 19.45538845 -4.43961191 -4.12768361
v 19.88935985 -4.55167770 -2.93557546
v 19.90611782 -4.49738693 -2.94112966
v 19.93814602 -4.43961191 -2.95174596
v 20.20279827 -4.55167770 -1.71101949
v 20.22016658 -4.49738693 -1.71419713
v 20.25335826 -4.43961191 -1.72027394
v -7.50666867 -4.43109608 -9.23259160
v -7.50509892 -4.47938061 -9.20083806
v -7.50303517 -4.54288340 -9.17661473
v 20.81051006 -4.35355663 -0.45450780
v 20.77559032 -4.33321857 -0.43130300
v 20.81883373 -4.35981607 -0.47172734
v 20.80439510 -4.34938526 -0.44601247
v 20.79693737 -4.34469080 -0.43879888
v 20.78812542 -4.33962870 -0.43366048
v 20.78200664 -4.33639097 -0.43184850
v 20.82805004 -4.36803293 -0.50882146
v 20.72306575 -4.31438112 -0.43238255
v 20.83031978 -4.37198639 -0.56227300
v 20.66821041 -4.30612755 -0.43391225
v 20.61285152 -4.30821085 -0.43583104
v 20.55881252 -4.32038307 -0.43806645
v 20.50791301 -4.34239626 -0.44055364
v 12.56980266 -4.37198639 -9.57435414
v 11.24858989 -4.33515692 -9.60923955
v 11.24858989 -4.37198639 -9.66576192
v 11.24858989 -4.31238365 -9.54573628
v 20.52383175 -4.30544424 -1.75411794
v 20.67144909 -4.37198639 -1.87707707
v 20.43884792 -4.31310749 -1.73869893
v 20.36632290 -4.34217262 -1.72554204
v 20.20084133 -4.30544424 -3.02419469
v 20.33302822 -4.37198639 -3.15748021
v 20.11881771 -4.31310749 -2.99714086
v 20.04881801 -4.34217262 -2.97405049
v 19.80453243 -4.33515692 -4.28631780
v 19.82150783 -4.37198639 -4.37907979
v 19.70483532 -4.30544424 -4.23720357
v 19.62735500 -4.31310749 -4.19903752
v 19.56123104 -4.34217262 -4.16646382
v 19.13731517 -4.33515692 -5.43216893
v 19.14664211 -4.37198639 -5.51860234
v 19.04539241 -4.30544424 -5.36970326
v 18.97395458 -4.31310749 -5.32115743
v 18.91298809 -4.34217262 -5.27972981
v 18.31763210 -4.33515692 -6.47441289
v 18.32127895 -4.37198639 -6.55433080
v 18.23526134 -4.30544424 -6.39980504
v 18.17124691 -4.31310749 -6.34182164
v 18.11661663 -4.34217262 -6.29233739
v 17.36132946 -4.33515692 -7.39290807
v 17.36115398 -4.37198639 -7.46653554
v 17.29010143 -4.30544424 -7.30759618
v 17.23474636 -4.31310749 -7.24129674
v 17.18750515 -4.34217262 -7.18471333
v 16.28688564 -4.33515692 -8.16990468
v 16.28455867 -4.37198639 -8.23782918
v 16.22817745 -4.30544424 -8.07553670
v 16.18254985 -4.31310749 -8.00219914
v 16.14361324 -4.34217262 -7.93961522
v 15.11506405 -4.33515692 -8.79038045
v 15.11200847 -4.37198639 -8.85352132
v 15.07001247 -4.30544424 -8.68878362
v 15.03499736 -4.31310749 -8.60982701
v 15.00511684 -4.34217262 -8.54244802
v 13.86851635 -4.33515692 -9.24234960
v 13.86583843 -4.37198639 -9.30187795
v 13.83799114 -4.30544424 -9.13548467
v 13.81426372 -4.31310749 -9.05243489
v 13.79401531 -4.34217262 -8.98156163
v 12.57133617 -4.33515692 -9.51706883
v 12.55592479 -4.30544424 -9.40700719
v 11.24858989 -4.30489922 -9.47868917
v 12.54394664 -4.31310749 -9.32147023
v 11.24858989 -4.31310749 -9.41172978
v 11.24858989 -4.33656549 -9.34847829
v 12.53372326 -4.34217262 -9.24847219
v -7.37969456 -4.37198639 -9.66576192
v -7.43305264 -4.36810350 -9.66099736
v -7.40657292 -4.37102461 -9.66459844
v -7.47760449 -4.35747385 -9.64678380
v -7.48984204 -4.35248327 -9.63943288
v -7.45733319 -4.36340570 -9.65493962
v -7.50953160 -4.33430099 -9.60750005
v -7.51015149 -4.31517982 -9.55680272
v -7.50818882 -4.33866882 -9.61607930
v -7.50427685 -4.34338903 -9.62463567
v -7.49785099 -4.34816504 -9.63265416
v -7.51046238 -4.30566311 -9.50135228
v -7.51041279 -4.30716896 -9.44400975
v -7.50999699 -4.31993294 -9.38808248
v -7.50925122 -4.34290552 -9.33672521
v 18.55311718 -5.15827179 -0.47012517
v 18.56056728 -5.14013910 -0.46396825
v 18.55676021 -5.14915037 -0.46572682
v 18.54981746 -5.16694164 -0.47697637
v 18.54707088 -5.17442131 -0.48530766
v 18.54408016 -5.18272829 -0.49787328
v 18.77193966 -4.97072601 -0.44858357
v 11.24858989 -5.08223915 -7.42733190
v 12.45187130 -5.14013910 -7.29443166
v 11.24858989 -5.14073086 -7.39372060
v 11.24858989 -5.20540619 -7.37452886
v 12.45910396 -5.20540619 -7.27350804
v 11.24858989 -5.03309631 -7.47355077
v 12.46228160 -5.04784775 -7.35690495
v 11.24858989 -4.97284651 -7.59325215
v 12.47420635 -4.99596262 -7.42848393
v 11.24858989 -4.99596262 -7.52987477
v 12.48642101 -4.97046661 -7.50181386
v 13.62246074 -5.14013910 -6.99850270
v 13.63612880 -5.20540619 -6.97323415
v 13.64299144 -5.04784775 -7.05842015
v 13.66651668 -4.99596262 -7.12706563
v 13.69061794 -4.97046661 -7.19738957
v 14.49727382 -5.04784775 -6.70446965
v 14.74709835 -5.20540619 -6.48201558
v 14.52919139 -4.99596262 -6.76963613
v 14.56189098 -4.97046661 -6.83639714
v 14.75641384 -5.14013910 -6.49908635
v 14.78675212 -5.04784775 -6.55468175
v 14.82151546 -4.99596262 -6.61837575
v 15.54887142 -5.04784775 -6.07631871
v 15.76128139 -5.20540619 -5.81344792
v 15.59112300 -4.99596262 -6.13531682
v 15.63440456 -4.97046661 -6.19575307
v 15.77329387 -5.14013910 -5.82873723
v 15.81243267 -5.04784775 -5.87853429
v 15.85727062 -4.99596262 -5.93558690
v 16.31479396 -4.99596262 -5.54516789
v 16.65061321 -5.20540619 -4.98602101
v 16.36528911 -4.97046661 -5.59972569
v 16.66499843 -5.14013910 -4.99910542
v 16.71184673 -5.04784775 -5.04172704
v 16.76552333 -4.99596262 -5.09055898
v 16.85500087 -5.14013910 -4.78180120
v 16.90349331 -5.04784775 -4.82254216
v 16.95905437 -4.99596262 -4.86922261
v 17.01596965 -4.97046661 -4.91703984
v 17.22692241 -5.14013910 -4.29978368
v 17.39049663 -5.20540619 -4.02263066
v 17.27863063 -5.04784775 -4.33635518
v 17.33787670 -4.99596262 -4.37825582
v 17.39856853 -4.97046661 -4.42118260
v 17.40685024 -5.14013910 -4.03315160
v 17.46011486 -5.04784775 -4.06741521
v 17.78675594 -4.96499968 -3.92360875
v 17.52114238 -4.99596262 -4.10667607
v 17.61207714 -5.04784775 -3.82069203
v 17.96045818 -5.20540619 -2.94992635
v 17.67459621 -4.99596262 -3.85752675
v 17.73864498 -4.97046661 -3.89526555
v 17.97252407 -5.14013910 -2.97108647
v 18.03068294 -5.04784775 -2.99616429
v 18.09731807 -4.99596262 -3.02490041
v 18.16557827 -4.97046661 -3.05433843
v 18.21700039 -4.96499968 -3.07650945
v 18.61665096 -4.96499968 -1.88682363
v 18.35847606 -5.14013910 -1.82321355
v 18.34473171 -5.20540619 -1.79758641
v 18.41997280 -5.04784775 -1.83836553
v 18.49043026 -4.99596262 -1.85572240
v 18.56261196 -4.97046661 -1.87350652
v 18.61818447 -4.99596262 -1.21903417
v 18.53268184 -5.20540619 -0.59749410
v 18.69163646 -4.97046661 -1.23047063
v 18.55207576 -5.14013910 -0.59889409
v 18.54055156 -5.19225740 -0.51857564
v 18.53658809 -5.20128250 -0.55172536
v 18.53448619 -5.20438719 -0.57448384
v 18.58824291 -5.09092951 -0.46098134
v 18.61524715 -5.04784775 -0.60345647
v 18.62481060 -5.04835033 -0.45783040
v 18.66868343 -5.01343441 -0.45462987
v 18.68762340 -4.99596262 -0.60868260
v 18.71825542 -4.98721504 -0.45150945
v 18.76176967 -4.97046661 -0.61403844
v -7.49879895 -4.97007370 -7.60624501
v -7.49828587 -4.98589373 -7.55217549
v -7.49742184 -5.01247644 -7.50125310
v -7.49624882 -5.04857492 -7.45656774
v -7.49484120 -5.09185266 -7.42049977
v -7.49329815 -5.13936090 -7.39431188
v -7.47798405 -5.16950607 -7.38314626
v -7.46945248 -5.17665434 -7.38104054
v -7.48519001 -5.16127777 -7.38582036
v -7.49043141 -5.15207434 -7.38913533
v -7.49245320 -5.14579391 -7.39160726
v -7.41608868 -5.19950676 -7.37561604
v -7.36335621 -5.20540619 -7.37452886
v -7.45251522 -5.18680000 -7.37838933
v 16.87710323 -4.34081984 -0.44935796
v 16.89471950 -4.33144951 -0.44275853
v 16.88633098 -4.33577538 -0.44455525
v 16.86766567 -4.34626389 -0.45776174
v 16.85978832 -4.35099077 -0.46804616
v 11.24858989 -4.30777311 -5.79547688
v 12.19463482 -4.33038902 -5.65229985
v 11.24858989 -4.33038902 -5.73192021
v 11.24858989 -4.36707830 -5.67530629
v 12.28054561 -4.36707830 -5.57946584
v 11.24858989 -4.30045414 -5.86254308
v 12.21241893 -4.30127525 -5.75721547
v 11.24858989 -4.33244324 -5.99267766
v 12.22765483 -4.30882883 -5.84708592
v 11.24858989 -4.30882883 -5.92948338
v 12.23977031 -4.33743048 -5.91855809
v 13.14913692 -4.30127525 -5.51615331
v 13.27720775 -4.36707830 -5.29523274
v 13.29770031 -4.33038902 -5.34800527
v 13.17917766 -4.30882883 -5.60221669
v 13.20306911 -4.33743048 -5.67065618
v 13.33622112 -4.30127525 -5.44719884
v 13.36921825 -4.30882883 -5.53217122
v 14.03238811 -4.30127525 -5.12193105
v 14.20447673 -4.36707830 -4.83232305
v 14.07639064 -4.30882883 -5.20175740
v 14.11138286 -4.33743048 -5.26524541
v 14.23433818 -4.33038902 -4.88041875
v 14.29046764 -4.30127525 -4.97082326
v 14.33854808 -4.30882883 -5.04826161
v 14.83733120 -4.30127525 -4.58562657
v 15.03064479 -4.36707830 -4.20656774
v 14.89405574 -4.30882883 -4.65698049
v 14.93916454 -4.33743048 -4.71372411
v 15.06885280 -4.33038902 -4.24834249
v 15.14067211 -4.30127525 -4.32686421
v 15.20219173 -4.30882883 -4.39412496
v 15.54131450 -4.30127525 -3.92233846
v 15.72744884 -4.36707830 -3.43937871
v 15.60916652 -4.30882883 -3.98320577
v 15.66312923 -4.33743048 -4.03161427
v 15.77269878 -4.33038902 -3.47340199
v 15.85774746 -4.30127525 -3.53735539
v 15.93060054 -4.30882883 -3.59213826
v 16.12454357 -4.30127525 -3.15072057
v 16.27105846 -4.36707830 -2.55698964
v 16.20161190 -4.30882883 -3.19939229
v 16.26290645 -4.33743048 -3.23810002
v 16.32179775 -4.33038902 -2.58209798
v 16.41716899 -4.30127525 -2.62929723
v 16.49886455 -4.30882883 -2.66972539
v 16.57060375 -4.30127525 -2.29247853
v 16.64287700 -4.36707830 -1.58958623
v 16.65472164 -4.30882883 -2.32758519
v 16.72162380 -4.33743048 -2.35550115
v 16.69737377 -4.33038902 -1.60492131
v 16.79980220 -4.30127525 -1.63374898
v 16.88754787 -4.30882883 -1.65844151
v 16.86694851 -4.30127525 -1.37175557
v 16.83018627 -4.36707830 -0.57025334
v 16.95575466 -4.30882883 -1.39230916
v 17.02637615 -4.33743048 -1.40865514
v 16.85129299 -4.35619402 -0.48343465
v 16.88657512 -4.33038902 -0.57529256
v 16.84176006 -4.36193514 -0.50864598
v 16.83443203 -4.36581230 -0.53903005
v 16.94804134 -4.31128550 -0.43903539
v 16.99256267 -4.30127525 -0.58476445
v 17.00399913 -4.30202675 -0.43564412
v 17.06064739 -4.30347300 -0.43266484
v 17.08335247 -4.30882883 -0.59287831
v 17.16821804 -4.33767080 -0.42824742
v 17.11603679 -4.31542158 -0.43017385
v -7.50931797 -4.33881235 -6.00441167
v -7.51006756 -4.31571245 -5.95311162
v -7.51048718 -4.30281019 -5.89721868
v -7.51054058 -4.30116224 -5.83987996
v -7.51023541 -4.31054068 -5.78440663
v -7.50961934 -4.32953596 -5.73366353
v -7.49460278 -4.34527540 -5.70536229
v -7.48610554 -4.34935570 -5.69908330
v -7.50177250 -4.34072924 -5.71280477
v -7.50692997 -4.33586407 -5.72137639
v -7.50887356 -4.33267736 -5.72738454
v -7.43265019 -4.36328030 -5.67998693
v -7.37978230 -4.36707830 -5.67530629
v -7.46915493 -4.35538149 -5.69041631
v -7.36333905 -5.20593977 -7.96607778
v -7.41657696 -5.19992065 -7.96498296
v -7.39015637 -5.20446014 -7.96581838
v -7.46104679 -5.18270111 -7.96110341
v 11.24858989 -5.20593977 -7.96607778
v -7.47323857 -5.17422485 -7.95878407
v -7.44080601 -5.19245148 -7.96343419
v -7.49179135 -5.14875317 -7.95009419
v 11.24858989 -5.14158630 -7.94716069
v -7.49328099 -5.13985777 -7.94642064
v -7.48774586 -5.15787077 -7.95350835
v -7.48125706 -5.16662121 -7.95646474
v -7.49482212 -5.09244251 -7.92041585
v 11.24858989 -5.08330011 -7.91396901
v -7.49622784 -5.04921150 -7.88459203
v 11.24858989 -5.03419924 -7.86826894
v -7.49740086 -5.01308584 -7.84019277
v 11.24858989 -4.99691010 -7.81251332
v -7.49826870 -4.98638439 -7.78956410
v 11.24858989 -4.97342825 -7.74968526
v -7.49879132 -4.97035503 -7.73575780
v 18.90789165 -4.97300243 -0.58664891
v 18.45820751 -4.96499968 -2.50422093
v 18.95716228 -5.20593977 -1.77522847
v 17.44334163 -5.20593977 -4.96533772
v 12.43118419 -5.20593977 -7.87700078
v 19.12540187 -5.20594215 -0.60127828
v 18.94101848 -5.08330011 -1.59834096
v 19.07271709 -5.08260393 -0.59773442
v 19.10621776 -5.14121532 -0.59998891
v 18.97052135 -4.99617672 -0.59086034
v 18.89512004 -5.03326893 -1.58923146
v 19.02671947 -5.03327179 -0.59464070
v 18.77987804 -4.97342825 -1.56635472
v 18.63511028 -5.03326893 -2.56392476
v 18.61496486 -5.20593977 -2.91073033
v 18.52378978 -4.97342825 -2.52636144
v 18.56633892 -5.08330011 -2.89198873
v 18.00904216 -4.96499968 -3.56082723
v 18.52267589 -5.03326893 -2.87515828
v 18.17597332 -5.03326893 -3.64698979
v 18.10653057 -5.20593977 -3.98216054
v 18.07157268 -4.97342825 -3.59310338
v 18.06126537 -5.08330011 -3.95634648
v 18.02061596 -5.03326893 -3.93316457
v 17.52829876 -5.08330011 -4.76935002
v 17.49082698 -5.03326893 -4.74131963
v 17.39674892 -4.97342825 -4.67093846
v 16.67764034 -5.08330011 -5.73099324
v 16.64035167 -5.20593977 -5.83807561
v 16.64524593 -5.03326893 -5.69722173
v 16.56391277 -4.97342825 -5.61243627
v 15.78605785 -5.08330011 -6.46804234
v 15.71569194 -5.20593977 -6.58068273
v 15.75898494 -5.03326893 -6.42987630
v 15.69101085 -4.97342825 -6.33404729
v 14.77462139 -5.08330011 -7.07660481
v 14.69022503 -5.20593977 -7.17639729
v 14.75358333 -5.03326893 -7.03480336
v 14.70075740 -4.97342825 -6.92986104
v 14.15876903 -5.03326893 -7.30360982
v 13.58709087 -5.20593977 -7.61178014
v 14.11490764 -4.97342825 -7.19461629
v 13.57165279 -5.08330011 -7.56200597
v 13.55779399 -5.03326893 -7.51731297
v 13.52299251 -4.97342825 -7.40509603
v 12.42337932 -5.08330011 -7.82547948
v 12.41636791 -5.03326893 -7.77921102
v 12.39876690 -4.97342825 -7.66304967
v 18.90405025 -4.97068882 -0.44382283
v 19.12614574 -5.20594215 -0.59008214
v 18.90931835 -4.97303963 -0.56487081
v 18.91082515 -4.97303963 -0.54088399
v 18.91301479 -4.97303963 -0.50363729
v 18.91489162 -4.97303963 -0.46899983
v 18.95748272 -4.98707581 -0.44217488
v 19.00011196 -5.01233816 -0.57071874
v 19.00163784 -5.01233816 -0.54644963
v 19.00385418 -5.01233816 -0.50876042
v 19.00575008 -5.01233816 -0.47371099
v 19.05055751 -5.04785728 -0.44044301
v 19.07429638 -5.08251953 -0.57549855
v 19.00685253 -5.01313877 -0.44104573
v 19.00675716 -5.01233816 -0.45378682
v 19.07583751 -5.08251953 -0.55099294
v 19.07807293 -5.08251953 -0.51294515
v 19.12687435 -5.20594215 -0.57888600
v 19.10781612 -5.14115953 -0.57765767
v 19.12758770 -5.20594215 -0.56768605
v 19.12958278 -5.19990969 -0.51585195
v 19.10936489 -5.14115953 -0.55304906
v 19.07999172 -5.08251953 -0.47756001
v 19.08100643 -5.08251953 -0.45744512
v 19.08699932 -5.09021044 -0.44038198
v 19.12869396 -5.18693161 -0.48008534
v 19.11161174 -5.14115953 -0.51483724
v 19.12682857 -5.17659187 -0.46354100
v 19.11353435 -5.14115953 -0.47929952
v 19.12510051 -5.16937017 -0.45530507
v 19.11455669 -5.14115953 -0.45909688
v 19.11457576 -5.13917637 -0.44087789
v 19.12272396 -5.16105032 -0.44837758
v 19.11961879 -5.15182638 -0.44344136
v 19.11723079 -5.14555168 -0.44158742
v -7.50279103 -4.54841471 -6.16620061
v 11.24858989 -4.54285240 -6.16494557
v -7.50457249 -4.49356651 -6.14854238
v 11.24858989 -4.48438835 -6.14435384
v -7.50647602 -4.43502998 -6.11439702
v 11.24858989 -4.43163681 -6.11180303
v 17.33030071 -4.53788710 -0.42763707
v 17.18616237 -4.54285240 -1.44103429
v 17.30643978 -4.47558069 -0.42679402
v 17.16609707 -4.48438835 -1.43640706
v 17.27538051 -4.42789555 -0.42675588
v 17.13438167 -4.43163681 -1.42909047
v 16.87353267 -4.54285240 -2.41465184
v 16.85452404 -4.48438835 -2.40673253
v 16.82447567 -4.43163681 -2.39421651
v 16.40249385 -4.54285240 -3.32227895
v 16.38507595 -4.48438835 -3.31128880
v 16.35754528 -4.43163681 -3.29392812
v 15.78631343 -4.54285240 -4.13835332
v 15.77097454 -4.48438835 -4.12460896
v 15.74673595 -4.43163681 -4.10288808
v 15.04234066 -4.54285240 -4.83990285
v 15.02951564 -4.48438835 -4.82378575
v 15.00925197 -4.43163681 -4.79831502
v 14.19152584 -4.54285240 -5.40715978
v 14.18158092 -4.48438835 -5.38912770
v 14.16586055 -4.43163681 -5.36062810
v 13.25783672 -4.54285240 -5.82415578
v 13.25104656 -4.48438835 -5.80471227
v 13.24031200 -4.43163681 -5.77398488
v 12.26756038 -4.54285240 -6.07914540
v 12.26411571 -4.48438835 -6.05883977
v 12.25867595 -4.43163681 -6.02675054
v 1.98333492 3.44290543 -0.43568227
v 1.93197384 3.41993284 -0.43493840
v 1.87605037 3.40716910 -0.43452260
v 1.81870784 3.40566301 -0.43447301
v 1.79614391 3.40819979 -14.91117665
v 1.76325359 3.41517973 -0.43478200
v 1.75324001 3.41811514 -14.91085240
v 1.71256008 3.43430090 -0.43540380
v 1.71256008 3.43430090 -14.91032598
v 1.70629253 3.43745756 -0.43615148
v 1.70397701 3.43866897 -14.90898702
v 1.70028820 3.44065928 -0.43809316
v 1.69542446 3.44338894 -14.90507314
v 1.69173183 3.44554520 -0.44325063
v 1.68740596 3.44816518 -14.89864537
v 1.68430080 3.45010996 -0.45042226
v 1.68062725 3.45248318 -14.89063832
v 1.67803325 3.45420551 -0.45891759
v 1.67327251 3.45747375 -14.87840077
v 1.66937770 3.46025276 -0.47587010
v 1.66512050 3.46340585 -14.85812947
v 1.65897121 3.46817684 -0.51237294
v 1.65906276 3.46810341 -14.83384892
v 1.65429821 3.47198629 -0.56524083
v 1.65545787 3.47102451 -14.80737111
v 1.65429821 3.47198629 -14.78049275
v 2.14571895 3.65262246 -0.44221684
v 2.14344158 3.64288354 -14.90383336
v 2.12796535 3.59762883 -0.44042775
v 2.11921825 3.57938075 -14.90589711
v 2.09363308 3.53897142 -0.43852040
v 2.08746852 3.53109622 -14.90746495
v 3.35398235 4.30594254 -14.76413533
v 3.35507717 4.29992294 -14.81737325
v 3.35423793 4.30446291 -14.79095265
v 3.35398235 4.30594254 -0.58159444
v 3.35505428 4.30004072 -0.52886388
v 3.35662593 4.29245424 -14.84160420
v 3.35780468 4.28732920 -0.49243733
v 3.35895671 4.28270388 -14.86184499
v 3.36043682 4.27717829 -0.47550008
v 3.36127605 4.27422762 -14.87403676
v 3.36253109 4.27002621 -0.46696660
v 3.36359539 4.26662397 -14.88205525
v 3.36518612 4.26179314 -0.45976064
v 3.36654796 4.25787354 -14.88854024
v 3.36848964 4.25258303 -0.45451924
v 3.36996593 4.24875593 -14.89258763
v 3.37094631 4.24629831 -0.45249745
v 3.37363948 4.23986053 -14.89407918
v 3.37363948 4.23986053 -0.45165441
v 3.39978542 4.19223547 -0.45010564
v 3.39978542 4.19223547 -14.89562413
v 3.43584957 4.14883518 -0.44869420
v 3.43584957 4.14883518 -14.89703557
v 3.48056926 4.11262608 -0.44751927
v 3.48056926 4.11262608 -14.89821431
v 3.53155651 4.08595896 -0.44665334
v 3.53155651 4.08595896 -14.89908025
v 3.58570995 4.07008982 -0.44613454
v 3.58570995 4.07008982 -14.89959523
v 3.71381130 4.07007408 -14.89959523
v 3.71381130 4.07007408 -0.44613454
v 3.76788463 4.08589411 -0.44664952
v 3.76788463 4.08589411 -14.89908025
v 3.81880703 4.11247683 -0.44751164
v 3.81880703 4.11247683 -14.89821813
v 3.86348858 4.14857531 -14.89704320
v 3.86348858 4.14857531 -0.44868657
v 3.89955654 4.19185305 -14.89563939
v 3.89955654 4.19185305 -0.45009419
v 3.92574825 4.23936129 -14.89409444
v 3.92574825 4.23936129 -0.45163915
v 3.92845287 4.24579430 -14.89324758
v 3.92943706 4.24825001 -0.45312688
v 3.93092098 4.25207472 -14.89122960
v 3.93287029 4.25736141 -0.45717427
v 3.93423977 4.26127815 -14.88598439
v 3.93584194 4.26610613 -0.46365926
v 3.93691387 4.26950645 -14.87877843
v 3.93817653 4.27370548 -0.47167775
v 3.93901958 4.27665472 -14.87024877
v 3.94051113 4.28217745 -0.48386952
v 3.94167080 4.28680038 -14.85331151
v 3.94286098 4.29192352 -0.50411031
v 3.94444408 4.29950714 -14.81688497
v 3.94442119 4.29938936 -0.52834126
v 3.94552745 4.30540657 -14.76415441
v 3.94526806 4.30392742 -0.55476186
v 3.94552745 4.30540657 -0.58157918
v 5.31564464 3.43881226 -14.91011235
v 5.36694851 3.41571259 -14.91086385
v 5.42284145 3.40281034 -14.91128346
v 5.48018016 3.40116215 -14.91133687
v 5.50322475 3.40371442 -0.43447682
v 5.53565349 3.41054082 -14.91103169
v 5.54590358 3.41352224 -0.43479726
v 5.58639660 3.42953610 -14.91041371
v 5.58639660 3.42953610 -0.43531606
v 5.59267177 3.43267727 -14.90966985
v 5.59498729 3.43388295 -0.43665502
v 5.59868373 3.43586421 -14.90772817
v 5.60355510 3.43858194 -0.44056890
v 5.60725155 3.44072914 -14.90256688
v 5.61158504 3.44333839 -0.44699666
v 5.61469402 3.44527555 -14.89539906
v 5.61837520 3.44763970 -0.45500371
v 5.62097301 3.44935584 -14.88689992
v 5.62574138 3.45261216 -0.46724126
v 5.62964382 3.45538163 -14.86995122
v 5.63390865 3.45852423 -0.48751256
v 5.64006939 3.46328020 -14.83344838
v 5.63997783 3.46320701 -0.51179311
v 5.64475383 3.46707821 -14.78058049
v 5.64359035 3.46611929 -0.53827474
v 5.64475383 3.46707821 -0.56515309
v 5.15385570 3.64841485 -14.90358541
v 5.15612163 3.63870311 -0.44182775
v 5.17151394 3.59356666 -14.90537068
v 5.18021144 3.57536149 -0.43977162
v 5.20565929 3.53503013 -14.90727040
v 5.21179332 3.52716637 -0.43820378
v -0.39909230 3.43881226 -6.00441167
v -0.39834462 3.41571259 -5.95311162
v -0.39792500 3.40281034 -5.89721868
v -0.39787159 3.40116215 -5.83987996
v -18.79399262 3.40371442 -5.81683537
v -0.39817295 3.41054082 -5.78440663
v -18.79367409 3.41352224 -5.77415654
v -0.39879094 3.42953610 -5.73366353
v -18.79315339 3.42953610 -5.73366353
v -0.39953862 3.43267727 -5.72738454
v -18.79181252 3.43388295 -5.72506902
v -0.40148030 3.43586421 -5.72137639
v -18.78790055 3.43858194 -5.71650502
v -0.40663777 3.44072914 -5.71280477
v -18.78147374 3.44333839 -5.70847127
v -0.41380940 3.44527555 -5.70536229
v -18.77346669 3.44763970 -5.70168492
v -0.42230473 3.44935584 -5.69908330
v -18.76122914 3.45261216 -5.69431874
v -0.43925724 3.45538163 -5.69041631
v -18.74095688 3.45852423 -5.68614766
v -0.47576008 3.46328020 -5.67998693
v -18.71667729 3.46320701 -5.68007848
v -18.69019566 3.46611929 -5.67646977
v -18.66331730 3.46707821 -5.67530629
v -0.52862797 3.46707821 -5.67530629
v -0.40561924 3.64841485 -6.16620061
v -18.78664074 3.63870311 -6.16393468
v -0.40383778 3.59356666 -6.14854238
v -18.78869877 3.57536149 -6.13984487
v -0.40193425 3.53503013 -6.11439702
v -18.79026566 3.52716637 -6.10826680
v -18.78233395 4.07007408 -7.60624501
v -0.40961323 4.07007408 -7.60624501
v -0.41012440 4.08589411 -7.55217549
v -18.78181992 4.08589411 -7.55217549
v -0.41099034 4.11247683 -7.50125310
v -18.78095589 4.11247683 -7.50125310
v -0.41216145 4.14857531 -7.45656774
v -18.77978287 4.14857531 -7.45656774
v -18.77837620 4.19185305 -7.42049977
v -0.41356907 4.19185305 -7.42049977
v -18.77683220 4.23936129 -7.39431188
v -0.41511403 4.23936129 -7.39431188
v -0.41595707 4.24579430 -7.39160726
v -18.77534256 4.24825001 -7.39061925
v -0.41797886 4.25207472 -7.38913533
v -18.77129612 4.25736141 -7.38718984
v -0.42322026 4.26127815 -7.38582036
v -18.76480923 4.26610613 -7.38421437
v -0.43042622 4.26950645 -7.38314626
v -18.75678978 4.27370548 -7.38188359
v -0.43895970 4.27665472 -7.38104054
v -18.74459801 4.28217745 -7.37954900
v -0.45589695 4.28680038 -7.37838933
v -18.72435818 4.29192352 -7.37719914
v -0.49232350 4.29950714 -7.37561604
v -18.70012818 4.29938936 -7.37563512
v -18.64689122 4.30540657 -7.37452886
v -0.54505406 4.30540657 -7.37452886
v -18.67370854 4.30392742 -7.37478826
v -0.54506932 4.30594254 -7.96607778
v -0.49183522 4.29992294 -7.96497914
v -0.51825200 4.30446291 -7.96581838
v -18.64687500 4.30594254 -7.96607778
v -18.69960747 4.30004072 -7.96500203
v -0.46760426 4.29245424 -7.96343419
v -18.73603306 4.28732920 -7.96225163
v -0.44736348 4.28270388 -7.96109960
v -18.75296936 4.27717829 -7.95961949
v -0.43517170 4.27422762 -7.95878407
v -18.76150093 4.27002621 -7.95752904
v -0.42715321 4.26662397 -7.95646474
v -18.76870690 4.26179314 -7.95487020
v -0.42066441 4.25787354 -7.95350835
v -18.77395020 4.25258303 -7.95157048
v -0.41662083 4.24875593 -7.95009419
v -18.77597103 4.24629831 -7.94911382
v -0.41512928 4.23986053 -7.94642064
v -18.77681599 4.23986053 -7.94642064
v -0.41358052 4.19223547 -7.92027089
v -18.77836380 4.19223547 -7.92027089
v -0.41217289 4.14883518 -7.88420674
v -18.77977429 4.14883518 -7.88420674
v -0.41099415 4.11262608 -7.83948705
v -18.78095112 4.11262608 -7.83948705
v -0.41012822 4.08595896 -7.78849980
v -18.78181801 4.08595896 -7.78849980
v -0.40961323 4.07008982 -7.73435018
v -18.78233395 4.07008982 -7.73435018
v -0.40174351 3.53109622 -9.23259160
v -18.78994809 3.53897142 -9.22642323
v -0.40331135 3.57938075 -9.20083806
v -18.78804074 3.59762883 -9.19209096
v -0.40537510 3.64288354 -9.17661473
v -18.78625355 3.65262246 -9.17433736
v -0.52871571 3.47198629 -9.66576192
v -0.47535572 3.46810341 -9.66099736
v -0.50183735 3.47102451 -9.66459844
v -18.66322956 3.47198629 -9.66576192
v -18.71609555 3.46817684 -9.66108891
v -0.45107899 3.46340585 -9.65493962
v -18.75259934 3.46025276 -9.65068242
v -0.43080387 3.45747375 -9.64678380
v -18.76954995 3.45420551 -9.64202687
v -0.41857014 3.45248318 -9.63943288
v -18.77804814 3.45010996 -9.63575932
v -0.41055928 3.44816518 -9.63265416
v -18.78521691 3.44554520 -9.62832829
v -0.40413533 3.44338894 -9.62463567
v -18.79037533 3.44065928 -9.61977193
v -0.40022145 3.43866897 -9.61607930
v -18.79231987 3.43745756 -9.61376760
v -0.39887867 3.43430090 -9.60750005
v -0.39825688 3.41517973 -9.55680272
v -0.39794789 3.40566301 -9.50135228
v -0.39799748 3.40716910 -9.44400975
v -18.79376469 3.41278911 -9.41305348
v -0.39841328 3.41993284 -9.38808248
v -18.79299508 3.43647242 -9.34866139
v -0.39916096 3.44290543 -9.33672521
v -13.21946202 3.44290543 -11.71921727
v -13.27082119 3.41993284 -11.71846959
v -13.32674656 3.40716910 -11.71805760
v -13.38408909 3.40566301 -11.71800801
v -13.40665303 3.40819979 -14.91117665
v -13.43954144 3.41517973 -11.71831700
v -13.53341923 3.46025276 -11.75940511
v -13.54849873 3.47198629 -11.84877583
v -13.54382573 3.46817684 -11.79590795
v -13.44955693 3.41811514 -14.91085240
v -13.49023686 3.43430090 -11.71893880
v -13.49023686 3.43430090 -14.91032598
v -13.49650441 3.43745756 -11.71968266
v -13.49881802 3.43866897 -14.90898702
v -13.50250874 3.44065928 -11.72162816
v -13.50737248 3.44338894 -14.90507314
v -13.51106511 3.44554520 -11.72678563
v -13.51539097 3.44816518 -14.89864537
v -13.51849614 3.45010996 -11.73395726
v -13.52216969 3.45248318 -14.89063832
v -13.52476368 3.45420551 -11.74245259
v -13.52952252 3.45747375 -14.87840077
v -13.53767643 3.46340585 -14.85812947
v -13.54373417 3.46810341 -14.83384892
v -13.54849873 3.47198629 -14.78049275
v -13.54733715 3.47102451 -14.80737111
v -13.05707608 3.65262246 -11.72574803
v -13.05935345 3.64288354 -14.90383336
v -13.07482968 3.59762883 -11.72396276
v -13.08357678 3.57938075 -14.90589711
v -13.10916195 3.53897142 -11.72205541
v -13.11532841 3.53109622 -14.90746495
v -11.84881459 4.30594254 -14.76413533
v -11.84771786 4.29992294 -14.81737325
v -11.84855709 4.30446291 -14.79095265
v -11.84617100 4.29245424 -14.84160420
v -11.84774075 4.30004072 -11.81239507
v -11.84499035 4.28732920 -11.77597234
v -11.84881459 4.30594254 -11.86512944
v -11.84383831 4.28270388 -14.86184499
v -11.84235821 4.27717829 -11.75903508
v -11.84152089 4.27422762 -14.87403676
v -11.84026585 4.27002621 -11.75050160
v -11.83920155 4.26662397 -14.88205525
v -11.83760701 4.26179314 -11.74329564
v -11.83624516 4.25787354 -14.88854024
v -11.83430729 4.25258303 -11.73805425
v -11.83283101 4.24875593 -14.89258763
v -11.83184872 4.24629831 -11.73603246
v -11.82915745 4.23986053 -14.89407918
v -11.82915745 4.23986053 -11.73518941
v -11.80300961 4.19223547 -14.89562413
v -11.80300961 4.19223547 -11.73364064
v -11.76694546 4.14883518 -14.89703557
v -11.76694546 4.14883518 -11.73222920
v -11.72222577 4.11262608 -14.89821431
v -11.72222577 4.11262608 -11.73105428
v -11.67123852 4.08595896 -14.89908025
v -11.67123852 4.08595896 -11.73018453
v -11.61708699 4.07008982 -11.72966954
v -11.61708699 4.07008982 -14.89959523
v -11.25726567 4.30540657 -11.86511418
v -11.25837384 4.29938936 -11.81187627
v -11.25752697 4.30392742 -11.83829686
v -11.25993595 4.29192352 -11.78764531
v -11.25726567 4.30540657 -14.76415441
v -11.26112614 4.28680038 -14.85331151
v -11.26228581 4.28217745 -11.76740453
v -11.25835286 4.29950714 -14.81688497
v -11.26377736 4.27665472 -14.87024877
v -11.26462040 4.27370548 -11.75521276
v -11.26588307 4.26950645 -14.87877843
v -11.26695309 4.26610613 -11.74719426
v -11.26855717 4.26127815 -14.88598439
v -11.26992665 4.25736141 -11.74070546
v -11.27187405 4.25207472 -14.89122960
v -11.27335797 4.24825001 -11.73666188
v -11.27434407 4.24579430 -14.89324758
v -11.27704869 4.23936129 -11.73517034
v -11.27704869 4.23936129 -14.89409444
v -11.30323849 4.19185305 -14.89563939
v -11.30323849 4.19185305 -11.73362920
v -11.33930645 4.14857531 -14.89704320
v -11.33930645 4.14857531 -11.73222157
v -11.38398991 4.11247683 -14.89821813
v -11.38398991 4.11247683 -11.73104665
v -11.43491230 4.08589411 -14.89908025
v -11.43491230 4.08589411 -11.73018453
v -11.48898373 4.07007408 -14.89959523
v -11.48898373 4.07007408 -11.72966954
v -9.99100171 3.52716637 -11.72173879
v -9.99713574 3.53503013 -14.90727040
v -10.02258168 3.57536149 -11.72330281
v -10.03128109 3.59356666 -14.90537068
v -10.04667340 3.63870311 -11.72536275
v -10.04893933 3.64841485 -14.90358541
v -9.55804310 3.46707821 -11.84868428
v -9.56281720 3.46320701 -11.79532811
v -9.55920658 3.46611929 -11.82180593
v -9.56888638 3.45852423 -11.77104756
v -9.55804310 3.46707821 -14.78058049
v -9.57315312 3.45538163 -14.86995122
v -9.57705555 3.45261216 -11.75077245
v -9.56272564 3.46328020 -14.83344838
v -9.58182202 3.44935584 -14.88689992
v -9.58442173 3.44763970 -11.73853871
v -9.58810101 3.44527555 -14.89539906
v -9.59120999 3.44333839 -11.73052785
v -9.59554348 3.44072914 -14.90256688
v -9.59924183 3.43858194 -11.72410390
v -9.60411129 3.43586421 -14.90772817
v -9.60780774 3.43388295 -11.72019002
v -9.61012326 3.43267727 -14.90966985
v -9.61639843 3.42953610 -11.71885106
v -9.66714154 3.41054082 -11.71823308
v -9.72261677 3.40116215 -11.71792790
v -9.77995549 3.40281034 -11.71798131
v -9.81042920 3.40839434 -14.91110417
v -9.83584843 3.41571259 -11.71840093
v -9.87502156 3.43224192 -14.91032598
v -9.88715039 3.43881226 -11.71915242
v -18.79278622 -4.34290552 -6.00900838
v -18.79353295 -4.31993294 -5.95764729
v -18.79394780 -4.30716896 -5.90172383
v -18.79399643 -4.30566311 -5.84438130
v -15.60082684 -4.30819988 -5.82181737
v -18.79368744 -4.31517982 -5.78892705
v -18.75259934 -4.36025286 -5.69505116
v -18.66322956 -4.37198639 -5.67997167
v -18.71609555 -4.36817694 -5.68464467
v -15.60114918 -4.31811523 -5.77891347
v -18.79306565 -4.33430099 -5.73823354
v -15.60167561 -4.33430099 -5.73823354
v -18.79231987 -4.33745766 -5.73196599
v -15.60301838 -4.33866882 -5.72965047
v -18.79037533 -4.34065914 -5.72596166
v -15.60693036 -4.34338903 -5.72109792
v -18.78521691 -4.34554529 -5.71740529
v -15.61335621 -4.34816504 -5.71307942
v -18.77804814 -4.35011005 -5.70997426
v -15.62136326 -4.35248327 -5.70630071
v -18.76954995 -4.35420561 -5.70370671
v -15.63360081 -4.35747385 -5.69894597
v -15.65387402 -4.36340570 -5.69079396
v -15.67815266 -4.36810350 -5.68473622
v -15.73151265 -4.37198639 -5.67997167
v -15.70463429 -4.37102461 -5.68113133
v -18.78625355 -4.55262232 -6.17139241
v -15.60817204 -4.54288340 -6.16911504
v -18.78804074 -4.49762869 -6.15363881
v -15.60610638 -4.47938061 -6.14489171
v -18.78994809 -4.43897152 -6.11930654
v -15.60453854 -4.43109608 -6.11314198
v -18.78233395 -4.97008944 -7.61138341
v -15.61240826 -4.97008944 -7.61138341
v -18.78181801 -4.98595858 -7.55722997
v -15.61292324 -4.98595858 -7.55722997
v -15.61379109 -5.01262569 -7.50624272
v -18.78095112 -5.01262569 -7.50624272
v -18.77977429 -5.04883480 -7.46152303
v -15.61496792 -5.04883480 -7.46152303
v -18.77836380 -5.09223509 -7.42545888
v -18.73603306 -5.18732882 -7.38347814
v -18.64687500 -5.20594215 -7.37965581
v -18.69960747 -5.20004034 -7.38072774
v -15.61637745 -5.09223509 -7.42545888
v -18.77681599 -5.13986015 -7.39931294
v -15.61792622 -5.13986015 -7.39931294
v -18.77597103 -5.14629793 -7.39661977
v -15.61941586 -5.14875555 -7.39563939
v -18.77395020 -5.15258265 -7.39416310
v -15.62346135 -5.15787315 -7.39222142
v -18.76870690 -5.16179276 -7.39085958
v -15.62995015 -5.16662359 -7.38926885
v -18.76150093 -5.17002583 -7.38820455
v -15.63796864 -5.17422724 -7.38694951
v -18.75296936 -5.17717791 -7.38611028
v -15.65016041 -5.18270350 -7.38463017
v -15.67039929 -5.19245386 -7.38229939
v -15.69463025 -5.19992256 -7.38075063
v -15.74786625 -5.20594215 -7.37965581
v -15.72104893 -5.20446253 -7.37991139
v -18.64689122 -5.20540619 -7.97120091
v -18.70012818 -5.19938898 -7.97009465
v -18.67370854 -5.20392704 -7.97094151
v -18.72435818 -5.19192314 -7.96853444
v -15.74785099 -5.20540619 -7.97120091
v -15.65869198 -5.18680000 -7.96734426
v -18.74459801 -5.18217707 -7.96618459
v -15.69511853 -5.19950676 -7.97011754
v -15.64175473 -5.17665434 -7.96469304
v -18.75678978 -5.17370510 -7.96384999
v -15.63322316 -5.16950607 -7.96258733
v -18.76480923 -5.16610575 -7.96151540
v -15.62601719 -5.16127777 -7.95991323
v -18.77129612 -5.15736103 -7.95854375
v -15.62077580 -5.15207434 -7.95659444
v -18.77534256 -5.14824963 -7.95511052
v -15.61875401 -5.14579391 -7.95412633
v -18.77683220 -5.13936090 -7.95142171
v -15.61790905 -5.13936090 -7.95142171
v -18.77837620 -5.09185266 -7.92523000
v -15.61636601 -5.09185266 -7.92523000
v -18.77978287 -5.04857492 -7.88916203
v -15.61495839 -5.04857492 -7.88916203
v -18.78095589 -5.01247644 -7.84448049
v -15.61378537 -5.01247644 -7.84448049
v -18.78181992 -4.98589373 -7.79355809
v -15.61292134 -4.98589373 -7.79355809
v -18.78233395 -4.97007370 -7.73948476
v -15.61240635 -4.97007370 -7.73948476
v -18.79026566 -4.42716646 -9.23746678
v -15.60473118 -4.43502998 -9.23133275
v -18.78869877 -4.47536135 -9.20588490
v -15.60663472 -4.49356651 -9.19718739
v -18.78664074 -4.53870296 -9.18179509
v -15.60841618 -4.54841471 -9.17952916
v -18.66331730 -4.36707830 -9.67042729
v -18.71667729 -4.36320686 -9.66565129
v -18.69019566 -4.36611938 -9.66926381
v -18.74095688 -4.35852432 -9.65958211
v -15.73142300 -4.36707830 -9.67042729
v -15.64205227 -4.35538149 -9.65531728
v -18.76122914 -4.35261202 -9.65141484
v -15.67855702 -4.36328030 -9.66574285
v -15.62510167 -4.34935570 -9.64664647
v -18.77346669 -4.34763956 -9.64404866
v -15.61660443 -4.34527540 -9.64036748
v -18.78147374 -4.34333849 -9.63725850
v -15.60943470 -4.34072924 -9.63292500
v -18.78790055 -4.33858204 -9.62922856
v -15.60427723 -4.33586407 -9.62435719
v -18.79181252 -4.33388281 -9.62066075
v -15.60233364 -4.33267736 -9.61834523
v -18.79315339 -4.32953596 -9.61207005
v -18.79377041 -4.31054068 -9.56132695
v -18.79407559 -4.30116224 -9.50585362
v -18.79402218 -4.30281019 -9.44851109
v -15.60090123 -4.30839443 -9.41803929
v -18.79360257 -4.31571245 -9.39262197
v -15.60167561 -4.33224201 -9.35344884
v -18.79285202 -4.33881235 -9.34131810
v 1.64963283 -4.36707830 -11.84868428
v 1.65440502 -4.36320686 -11.79532811
v 1.65079631 -4.36611938 -11.82180593
v 1.66047420 -4.35852432 -11.77104756
v 1.64963283 -4.36707830 -14.78058049
v 1.66474285 -4.35538149 -14.86995122
v 1.66864528 -4.35261202 -11.75077245
v 1.65431347 -4.36328030 -14.83344838
v 1.67340984 -4.34935570 -14.88689992
v 1.67601146 -4.34763956 -11.73853871
v 1.67968883 -4.34527540 -14.89539906
v 1.68279781 -4.34333849 -11.73052785
v 1.68713131 -4.34072924 -14.90256688
v 1.69083156 -4.33858204 -11.72410390
v 1.69570293 -4.33586407 -14.90772817
v 1.69939556 -4.33388281 -11.72019002
v 1.70171108 -4.33267736 -14.90966985
v 1.70799007 -4.32953596 -11.71885106
v 1.75873317 -4.31054068 -11.71823308
v 1.81420650 -4.30116224 -11.71792790
v 1.87154522 -4.30281019 -11.71798131
v 1.90201702 -4.30839443 -14.91110417
v 1.92743816 -4.31571245 -11.71840093
v 1.96661129 -4.33224201 -14.91032598
v 1.97873821 -4.33881235 -11.71915242
v 2.08258953 -4.42716646 -11.72173879
v 2.08872356 -4.43502998 -14.90727040
v 2.11417141 -4.47536135 -11.72330281
v 2.12286892 -4.49356651 -14.90537068
v 2.13826122 -4.53870296 -11.72536275
v 2.14052715 -4.54841471 -14.90358541
v 3.34885540 -5.20540619 -11.86511418
v 3.34996166 -5.19938898 -11.81187627
v 3.34911480 -5.20392704 -11.83829686
v 3.35152568 -5.19192314 -11.78764531
v 3.34885540 -5.20540619 -14.76415441
v 3.35271587 -5.18680000 -14.85331151
v 3.35387554 -5.18217707 -11.76740453
v 3.34994259 -5.19950676 -14.81688497
v 3.35536708 -5.17665434 -14.87024877
v 3.35621013 -5.17370510 -11.75521276
v 3.35747280 -5.16950607 -14.87877843
v 3.35854091 -5.16610575 -11.74719426
v 3.36014690 -5.16127777 -14.88598439
v 3.36151638 -5.15736103 -11.74070546
v 3.36346187 -5.15207434 -14.89122960
v 3.36494579 -5.14824963 -11.73666188
v 3.36593380 -5.14579391 -14.89324758
v 3.36863842 -5.13936090 -11.73517034
v 3.36863842 -5.13936090 -14.89409444
v 3.39482631 -5.09185266 -11.73362920
v 3.39482631 -5.09185266 -14.89563939
v 3.43089428 -5.04857492 -11.73222157
v 3.43089428 -5.04857492 -14.89704320
v 3.47557964 -5.01247644 -11.73104665
v 3.47557964 -5.01247644 -14.89821813
v 3.52650203 -4.98589373 -11.73018453
v 3.52650203 -4.98589373 -14.89908025
v 3.58057155 -4.97007370 -11.72966954
v 3.58057155 -4.97007370 -14.89959523
v 3.70867672 -4.97008944 -11.72966954
v 3.70867672 -4.97008944 -14.89959523
v 3.76282634 -4.98595858 -11.73018453
v 3.76282634 -4.98595858 -14.89908025
v 3.81381359 -5.01262569 -14.89821431
v 3.81381359 -5.01262569 -11.73105428
v 3.85853328 -5.04883480 -14.89703557
v 3.85853328 -5.04883480 -11.73222920
v 3.93657817 -5.18732882 -11.77597234
v 3.94040432 -5.20594215 -11.86512944
v 3.93932857 -5.20004034 -11.81239507
v 3.89460125 -5.09223509 -14.89562413
v 3.89460125 -5.09223509 -11.73364064
v 3.92074718 -5.13986015 -14.89407918
v 3.92074718 -5.13986015 -11.73518941
v 3.92344036 -5.14629793 -11.73603246
v 3.92442073 -5.14875555 -14.89258763
v 3.92589702 -5.15258265 -11.73805425
v 3.92783489 -5.15787315 -14.88854024
v 3.92919674 -5.16179276 -11.74329564
v 3.93079128 -5.16662359 -14.88205525
v 3.93185558 -5.17002583 -11.75050160
v 3.93311061 -5.17422724 -14.87403676
v 3.93394603 -5.17717791 -11.75903508
v 3.93542614 -5.18270350 -14.86184499
v 3.93776073 -5.19245386 -14.84160420
v 3.93930950 -5.19992256 -14.81737325
v 3.94040432 -5.20594215 -14.76413533
v 3.94014492 -5.20446253 -14.79095265
v 5.20691814 -4.43109608 -14.90746495
v 5.20074978 -4.43897152 -11.72205541
v 5.17516460 -4.47938061 -14.90589711
v 5.16641750 -4.49762869 -11.72396276
v 5.15094127 -4.54288340 -14.90383336
v 5.14866390 -4.55262232 -11.72574803
v 5.64008846 -4.37198639 -14.78049275
v 5.63532390 -4.36810350 -14.83384892
v 5.63892498 -4.37102461 -14.80737111
v 5.62926616 -4.36340570 -14.85812947
v 5.64008846 -4.37198639 -11.84877583
v 5.62500896 -4.36025286 -11.75940511
v 5.62111034 -4.35747385 -14.87840077
v 5.63541545 -4.36817694 -11.79590795
v 5.61635341 -4.35420561 -11.74245259
v 5.61375942 -4.35248327 -14.89063832
v 5.61008587 -4.35011005 -11.73395726
v 5.60698070 -4.34816504 -14.89864537
v 5.60265483 -4.34554529 -11.72678563
v 5.59896221 -4.34338903 -14.90507314
v 5.59409847 -4.34065914 -11.72162816
v 5.59040584 -4.33866882 -14.90898702
v 5.58809414 -4.33745766 -11.71968266
v 5.58182659 -4.33430099 -14.91032598
v 5.53112926 -4.31517982 -14.91094777
v 5.47567882 -4.30566311 -14.91125676
v 5.41833629 -4.30716896 -14.91121099
v 5.38738002 -4.31278896 -11.71824071
v 5.36240902 -4.31993294 -14.91079518
v 5.32298793 -4.33647251 -11.71900746
v 5.31105175 -4.34290552 -14.91004750
v 1.64963283 -4.36707830 -0.56515309
v 1.65440502 -4.36320686 -0.51179311
v 1.65079631 -4.36611938 -0.53827474
v 1.66047420 -4.35852432 -0.48751256
v 1.64963283 -4.36707830 -3.49704549
v 1.66474285 -4.35538149 -3.58641622
v 1.66864528 -4.35261202 -0.46724126
v 1.65431347 -4.36328030 -3.54991338
v 1.67340984 -4.34935570 -3.60336873
v 1.67601146 -4.34763956 -0.45500371
v 1.67968883 -4.34527540 -3.61186406
v 1.68279781 -4.34333849 -0.44699666
v 1.68713131 -4.34072924 -3.61903569
v 1.69083156 -4.33858204 -0.44056890
v 1.69570293 -4.33586407 -3.62419316
v 1.69939556 -4.33388281 -0.43665502
v 1.70171108 -4.33267736 -3.62613484
v 1.70799007 -4.32953596 -0.43531606
v 1.75873317 -4.31054068 -0.43469808
v 1.81420650 -4.30116224 -0.43439290
v 1.87154522 -4.30281019 -0.43444631
v 1.90201702 -4.30839443 -3.62756917
v 1.92743816 -4.31571245 -0.43486592
v 1.96661129 -4.33224201 -3.62679479
v 1.97873821 -4.33881235 -0.43561742
v 2.08258953 -4.42716646 -0.43820378
v 2.08872356 -4.43502998 -3.62373921
v 2.11417141 -4.47536135 -0.43977162
v 2.12286892 -4.49356651 -3.62183568
v 2.13826122 -4.53870296 -0.44182775
v 2.14052715 -4.54841471 -3.62005422
v 5.20691814 -4.43109608 -3.62392995
v 5.20074978 -4.43897152 -0.43852040
v 5.17516460 -4.47938061 -3.62236211
v 5.16641750 -4.49762869 -0.44042775
v 5.15094127 -4.54288340 -3.62029836
v 5.14866390 -4.55262232 -0.44221684
v 3.70867672 -4.97008944 -0.44613454
v 3.70867672 -4.97008944 -3.61606023
v 3.76282634 -4.98595858 -0.44665334
v 3.76282634 -4.98595858 -3.61554524
v 3.81381359 -5.01262569 -0.44751927
v 3.81381359 -5.01262569 -3.61467931
v 3.85853328 -5.04883480 -0.44869420
v 3.85853328 -5.04883480 -3.61350057
v 3.89460125 -5.09223509 -0.45010564
v 3.93657817 -5.18732882 -0.49243733
v 3.94040432 -5.20594215 -0.58159444
v 3.93932857 -5.20004034 -0.52886388
v 3.89460125 -5.09223509 -3.61209294
v 3.92074718 -5.13986015 -0.45165441
v 3.92074718 -5.13986015 -3.61054418
v 3.92344036 -5.14629793 -0.45249745
v 3.92442073 -5.14875555 -3.60905263
v 3.92589702 -5.15258265 -0.45451924
v 3.92783489 -5.15787315 -3.60500905
v 3.92919674 -5.16179276 -0.45976064
v 3.93079128 -5.16662359 -3.59852025
v 3.93185558 -5.17002583 -0.46696660
v 3.93311061 -5.17422724 -3.59050176
v 3.93394603 -5.17717791 -0.47550008
v 3.93542614 -5.18270350 -3.57830998
v 3.93776073 -5.19245386 -3.55806920
v 3.93930950 -5.19992256 -3.53383824
v 3.94040432 -5.20594215 -3.48060414
v 3.94014492 -5.20446253 -3.50742146
v 3.34885540 -5.20540619 -0.58157918
v 3.34996166 -5.19938898 -0.52834126
v 3.34911480 -5.20392704 -0.55476186
v 3.35152568 -5.19192314 -0.50411031
v 3.34885540 -5.20540619 -3.48061940
v 3.35271587 -5.18680000 -3.56977651
v 3.35387554 -5.18217707 -0.48386952
v 3.34994259 -5.19950676 -3.53334996
v 3.35536708 -5.17665434 -3.58671376
v 3.35621013 -5.17370510 -0.47167775
v 3.35747280 -5.16950607 -3.59524724
v 3.35854091 -5.16610575 -0.46365926
v 3.36014690 -5.16127777 -3.60245320
v 3.36151638 -5.15736103 -0.45717427
v 3.36346187 -5.15207434 -3.60769460
v 3.36494579 -5.14824963 -0.45312688
v 3.36593380 -5.14579391 -3.60971639
v 3.36863842 -5.13936090 -0.45163915
v 3.36863842 -5.13936090 -3.61055943
v 3.39482631 -5.09185266 -3.61210439
v 3.39482631 -5.09185266 -0.45009419
v 3.43089428 -5.04857492 -3.61351201
v 3.43089428 -5.04857492 -0.44868657
v 3.47557964 -5.01247644 -3.61468312
v 3.47557964 -5.01247644 -0.44751164
v 3.52650203 -4.98589373 -3.61554906
v 3.52650203 -4.98589373 -0.44664952
v 3.58057155 -4.97007370 -3.61606023
v 3.58057155 -4.97007370 -0.44613454
v 5.64008846 -4.37198639 -3.49695775
v 5.63532390 -4.36810350 -3.55031774
v 5.63892498 -4.37102461 -3.52383611
v 5.62926616 -4.36340570 -3.57459447
v 5.64008846 -4.37198639 -0.56524083
v 5.62500896 -4.36025286 -0.47587010
v 5.62111034 -4.35747385 -3.59486958
v 5.63541545 -4.36817694 -0.51237294
v 5.61635341 -4.35420561 -0.45891759
v 5.61375942 -4.35248327 -3.60710332
v 5.61008587 -4.35011005 -0.45042226
v 5.60698070 -4.34816504 -3.61511418
v 5.60265483 -4.34554529 -0.44325063
v 5.59896221 -4.34338903 -3.62153813
v 5.59409847 -4.34065914 -0.43809316
v 5.59040584 -4.33866882 -3.62545201
v 5.58809414 -4.33745766 -0.43615148
v 5.58182659 -4.33430099 -3.62679479
v 5.53112926 -4.31517982 -3.62741658
v 5.47567882 -4.30566311 -3.62772557
v 5.41833629 -4.30716896 -3.62767598
v 5.38738002 -4.31278896 -0.43470571
v 5.36240902 -4.31993294 -3.62726018
v 5.32298793 -4.33647251 -0.43547627
v 5.31105175 -4.34290552 -3.62651250
v 1.62290325 -4.15841913 -11.47589681
v 1.64576854 -4.20521593 -11.49484441
v 1.70492687 -4.32419157 -11.66376683
v 1.33384456 -4.36959982 -11.84868428
v 1.69665660 -4.30805492 -11.61139485
v 1.60201015 -4.39811850 -11.84868428
v 1.54860820 -4.41759920 -11.84868428
v 1.56213131 -4.33283424 -11.58316991
v 1.66632976 -4.24706841 -11.52480504
v 1.68357601 -4.28191900 -11.56430242
v 1.52485408 -4.37007618 -11.63588140
v 1.39506664 -4.38372755 -11.72530171
v 1.38195552 -4.39987612 -11.84868428
v 1.43566265 -4.41850090 -11.84868428
v 1.50079860 -4.39908028 -11.70030019
v 1.49218883 -4.42451239 -11.84868428
v 1.33384456 -4.36959982 -14.78058049
v 1.38195552 -4.39987612 -14.78058049
v 1.43566265 -4.41850090 -14.78058049
v 1.49218883 -4.42451239 -14.78058049
v 1.54860820 -4.41759920 -14.78058049
v 1.60201015 -4.39811850 -14.78058049
v 2.14963283 -4.22617674 -11.47709844
v 2.11554851 -4.26571608 -11.49597737
v 2.02751293 -4.36574173 -11.66500279
v 2.03978099 -4.35230589 -11.61255834
v 1.88107051 -4.23174477 -11.54274175
v 2.08491268 -4.30102873 -11.52590749
v 2.05923595 -4.33037472 -11.56541631
v 1.38051357 -4.36322927 -14.93320271
v 1.48597087 -4.39393377 -14.94063375
v 1.52931347 -4.36644459 -14.99956700
v 1.56577434 -4.33013296 -15.04906270
v 2.04754390 -4.38267756 -11.66527364
v 2.05966320 -4.36910963 -11.61282918
v 2.07887401 -4.34697199 -11.56569478
v 2.10423030 -4.31735611 -11.52618596
v 2.13448467 -4.28172207 -11.49625203
v 2.16814174 -4.24182606 -11.47736928
v 2.07784404 -4.32205868 -11.54466817
v 2.08434047 -4.32754850 -11.54476354
v 2.14963283 -4.22617674 -15.15216634
v 2.11554851 -4.26571608 -15.13329122
v 2.02751293 -4.36574173 -14.96426579
v 2.03978099 -4.35230589 -15.01671025
v 1.91982021 -4.23901892 -15.08636662
v 2.00008907 -4.26878500 -15.08572194
v 2.05923595 -4.33037472 -15.06384847
v 2.08491268 -4.30102873 -15.10335729
v 2.34132137 -4.60521841 -11.48381612
v 2.28849926 -4.60581779 -11.50231359
v 2.15325298 -4.60521841 -11.67188451
v 2.17175045 -4.60581779 -11.61906239
v 2.20388927 -4.50389194 -11.54855535
v 2.24110927 -4.60612488 -11.53209493
v 2.20153179 -4.60612488 -11.57167241
v 2.15974941 -4.41060972 -11.54653356
v 2.04754390 -4.38267756 -14.96399495
v 2.05966320 -4.36910963 -15.01643559
v 2.07887401 -4.34697199 -15.06357381
v 2.13448467 -4.28172207 -15.13301274
v 2.10423030 -4.31735611 -15.10308263
v 2.16814174 -4.24182606 -15.15189549
v 2.08434047 -4.32754850 -15.08450505
v 2.07784404 -4.32205868 -15.08459661
v 2.15631618 -4.78067875 -11.67494771
v 2.17481365 -4.78127813 -11.62212560
v 2.20459499 -4.78158569 -11.57473561
v 2.24417247 -4.78158569 -11.53515813
v 2.29156246 -4.78127813 -11.50537679
v 2.34438457 -4.78067875 -11.48687932
v 2.34132137 -4.60521841 -15.14544866
v 2.28849926 -4.60581779 -15.12695119
v 2.15325298 -4.60521841 -14.95738027
v 2.17175045 -4.60581779 -15.01020238
v 2.15974941 -4.41060972 -15.08273122
v 2.20388927 -4.50389194 -15.08070943
v 2.20153179 -4.60612488 -15.05759236
v 2.24110927 -4.60612488 -15.09716985
v 2.15938320 -4.97926331 -11.86109731
v 2.24432506 -5.11474562 -11.86109731
v 2.20587673 -4.92419195 -11.61235997
v 2.20278682 -4.95038176 -11.63339803
v 2.20053234 -4.96967268 -11.65212056
v 2.19802608 -4.99133158 -11.67756459
v 2.19623699 -5.00687313 -11.69995687
v 2.20635738 -5.07613707 -11.86109731
v 2.17759075 -5.03025866 -11.86109731
v 2.15631618 -4.78067875 -14.95431706
v 2.17481365 -4.78127813 -15.00713918
v 2.20459499 -4.78158569 -15.05452916
v 2.24417247 -4.78158569 -15.09410665
v 2.29156246 -4.78127813 -15.12389180
v 2.34438457 -4.78067875 -15.14238545
v 2.24432506 -5.11474562 -14.76816747
v 2.20635738 -5.07613707 -14.76816747
v 2.17759075 -5.03025866 -14.76816747
v 2.15938320 -4.97926331 -14.76816747
v 2.19677868 -5.00259209 -14.93586537
v 2.19904079 -4.98253822 -14.96269795
v 2.20166912 -4.95987749 -14.98701283
v 2.20495357 -4.93207550 -15.01093099
v 3.11046733 -5.41252756 -11.86511418
v 3.11046733 -5.41252756 -14.76415441
v 3.16671123 -5.40427685 -11.86511418
v 3.16671123 -5.40427685 -14.76415441
v 3.21963634 -5.38353395 -14.76415441
v 3.21963634 -5.38353395 -11.86511418
v 3.26650371 -5.35137224 -14.76415441
v 3.26650371 -5.35137224 -11.86511418
v 3.30489864 -5.30945301 -14.76415441
v 3.30489864 -5.30945301 -11.86511418
v 3.33282985 -5.25994492 -14.76415441
v 3.33282985 -5.25994492 -11.86511418
v 3.19016780 -5.06600714 -15.13745687
v 3.23843898 -5.08666992 -15.11876485
v 3.36258449 -5.13769674 -14.94947621
v 3.34544124 -5.13116026 -15.00210378
v 3.14093532 -5.37769794 -14.91632268
v 3.24131527 -5.33272886 -14.92394444
v 3.25617351 -5.28395987 -14.98299977
v 3.25996914 -5.23298120 -15.03269765
v 3.31805172 -5.12007666 -15.04936406
v 3.28178539 -5.10499668 -15.08890721
v 3.19016780 -5.06600714 -11.49180791
v 3.23843898 -5.08666992 -11.51049993
v 3.36258449 -5.13769674 -11.67979238
v 3.34544124 -5.13116026 -11.62716100
v 3.25897731 -5.23736334 -11.59954259
v 3.28178539 -5.10499668 -11.54036138
v 3.31805172 -5.12007666 -11.57990453
v 3.25517406 -5.28956699 -11.65244100
v 3.16554393 -5.38378716 -11.74208638
v 3.25603618 -5.32696104 -11.71695134
v 3.63458385 -4.77427006 -15.14263341
v 3.63458385 -4.82627010 -15.12363240
v 3.63458385 -4.94078016 -15.00710866
v 3.63458385 -4.95886993 -14.95478246
v 3.43473186 -4.95323658 -15.07369039
v 3.63458385 -4.91161823 -15.05416677
v 3.63458385 -4.87281370 -15.09365651
v 3.63458385 -4.77427006 -11.48663136
v 3.63458385 -4.82627010 -11.50563237
v 3.63458385 -4.95886993 -11.67448232
v 3.63458385 -4.94078016 -11.62215993
v 3.43473186 -4.95323658 -11.55557439
v 3.63458385 -4.87281370 -11.53561208
v 3.63458385 -4.91161823 -11.57509801
v 3.65458431 -4.77427006 -15.14263341
v 3.65458431 -4.82627010 -15.12363240
v 3.65458431 -4.87281370 -15.09365651
v 3.65458431 -4.91161823 -15.05416677
v 3.65458431 -4.94078016 -15.00710866
v 3.65458431 -4.95886993 -14.95478246
v 3.65458431 -4.77427006 -11.48663136
v 3.65458431 -4.82627010 -11.50563237
v 3.65458431 -4.87281370 -11.53561208
v 3.65458431 -4.91161823 -11.57509801
v 3.65458431 -4.94078016 -11.62215993
v 3.65458431 -4.95886993 -11.67448232
v 4.09935894 -5.06684160 -15.13744542
v 4.05104961 -5.08741426 -15.11875340
v 3.94395961 -5.13170385 -15.00208852
v 3.92680111 -5.13820791 -14.94946095
v 3.85472240 -4.95342445 -15.07368657
v 3.97136821 -5.12067175 -15.04934880
v 4.00766887 -5.10565948 -15.08889195
v 4.09935894 -5.06684160 -11.49182317
v 4.05104961 -5.08741426 -11.51051518
v 3.92680111 -5.13820791 -11.67980763
v 3.94395961 -5.13170385 -11.62717626
v 3.85472240 -4.95342445 -11.55557820
v 4.00766887 -5.10565948 -11.54037282
v 3.97136821 -5.12067175 -11.57991597
v 4.17839946 -5.41350985 -14.76413533
v 3.95632686 -5.26050997 -14.76413533
v 3.98416652 -5.31007051 -14.76413533
v 4.03022518 -5.23806906 -15.02970693
v 4.03392925 -5.29027939 -14.97680852
v 4.12338009 -5.38466644 -14.88715932
v 4.12217464 -5.40515327 -14.76413533
v 4.06928768 -5.38431120 -14.76413533
v 4.03299846 -5.32767105 -14.91229436
v 4.02248134 -5.35206127 -14.76413533
v 4.17839946 -5.41350985 -11.86512944
v 3.95632686 -5.26050997 -11.86512944
v 3.98416652 -5.31007051 -11.86512944
v 4.14800396 -5.37862349 -11.71296117
v 4.12217464 -5.40515327 -11.86512944
v 4.06928768 -5.38431120 -11.86512944
v 4.04770794 -5.33346653 -11.70533940
v 4.02248134 -5.35206127 -11.86512944
v 4.03294124 -5.28467035 -11.64628026
v 4.02924099 -5.23368502 -11.59658238
v 5.95586910 -4.37528992 -14.78049275
v 5.95586910 -4.37528992 -11.84877583
v 5.90768184 -4.40544653 -14.78049275
v 5.90768184 -4.40544653 -11.84877583
v 5.85392894 -4.42393875 -14.78049275
v 5.85392894 -4.42393875 -11.84877583
v 5.79739132 -4.42981005 -14.78049275
v 5.79739132 -4.42981005 -11.84877583
v 5.74098339 -4.42275715 -14.78049275
v 5.74098339 -4.42275715 -11.84877583
v 5.68763103 -4.40314436 -14.78049275
v 5.68763103 -4.40314436 -11.84877583
v 5.90921535 -4.36880302 -11.69615361
v 5.80368557 -4.39924765 -11.68872258
v 5.76041164 -4.37165165 -11.62978932
v 5.72404232 -4.33525085 -11.58029363
v 5.66734829 -4.16339636 -15.15328404
v 5.64436092 -4.21013689 -15.13433263
v 5.58490123 -4.32896471 -14.96541020
v 5.59321727 -4.31284952 -15.01778600
v 5.72768154 -4.33796120 -15.04600713
v 5.62369670 -4.25193834 -15.10437581
v 5.60636272 -4.28674603 -15.06487844
v 5.76486339 -4.37529469 -14.99329564
v 5.89461269 -4.38926601 -14.90387532
v 5.78884258 -4.40435743 -14.92887685
v 5.14044704 -4.22984648 -11.47716329
v 5.17443218 -4.26946974 -11.49604222
v 5.26221218 -4.36971331 -11.66506383
v 5.24997844 -4.35624647 -11.61261937
v 5.36963787 -4.24339628 -11.54297444
v 5.28961315 -4.27296019 -11.54361531
v 5.23058452 -4.33426666 -11.56548116
v 5.20498027 -4.30485773 -11.52597234
v 5.14044704 -4.22984648 -15.15210530
v 5.17443218 -4.26946974 -15.13322637
v 5.26221218 -4.36971331 -14.96420094
v 5.24997844 -4.35624647 -15.01664540
v 5.40899410 -4.23607969 -15.08644673
v 5.20498027 -4.30485773 -15.10329244
v 5.23058452 -4.33426666 -15.06378362
v 5.24217357 -4.38657045 -11.66533467
v 5.23009243 -4.37297201 -11.61289403
v 5.21093502 -4.35078716 -11.56575582
v 5.15548839 -4.28540134 -11.49631688
v 5.18565120 -4.32110929 -11.52624700
v 5.12193050 -4.24542332 -11.47743413
v 5.20550670 -4.33135986 -11.54482457
v 5.21200695 -4.32589531 -11.54473302
v 5.24217357 -4.38657045 -14.96393010
v 5.23009243 -4.37297201 -15.01637074
v 5.21093502 -4.35078716 -15.06350896
v 5.18565120 -4.32110929 -15.10301778
v 5.15548839 -4.28540134 -15.13295171
v 5.12193050 -4.24542332 -15.15183446
v 5.21200695 -4.32589531 -15.08453176
v 5.20550670 -4.33135986 -15.08444020
v 4.94783535 -4.60958004 -11.48389241
v 5.00066127 -4.61017942 -11.50238988
v 5.13590374 -4.60958004 -11.67196080
v 5.11741008 -4.61017942 -11.61913869
v 5.12973919 -4.41447639 -11.54659841
v 5.08535900 -4.50796795 -11.54862401
v 5.08762493 -4.61048651 -11.57174870
v 5.04804744 -4.61048651 -11.53217122
v 4.94783535 -4.60958004 -15.14537236
v 5.00066127 -4.61017942 -15.12687489
v 5.13590374 -4.60958004 -14.95730397
v 5.11741008 -4.61017942 -15.01012609
v 5.08535900 -4.50796795 -15.08064076
v 5.04804744 -4.61048651 -15.09709355
v 5.08762493 -4.61048651 -15.05751607
v 5.12973919 -4.41447639 -15.08266637
v 5.13287105 -4.78347588 -11.67499730
v 5.11437358 -4.78407526 -11.62217519
v 5.08459224 -4.78438234 -11.57478520
v 5.04501094 -4.78438234 -11.53520772
v 4.99762478 -4.78407526 -11.50542256
v 4.94479885 -4.78347588 -11.48692891
v 5.13287105 -4.78347588 -14.95426747
v 5.11437358 -4.78407526 -15.00709340
v 5.08459224 -4.78438234 -15.05447957
v 5.04501094 -4.78438234 -15.09405705
v 4.99762478 -4.78407526 -15.12384221
v 4.94479885 -4.78347588 -15.14233586
v 5.12978496 -4.98198700 -11.86114308
v 5.04453411 -5.11763525 -11.86114308
v 5.09229793 -5.00545073 -11.69343373
v 5.11150493 -5.03307104 -11.86114308
v 5.08263530 -5.07900810 -11.86114308
v 5.09004345 -4.98539925 -11.66660115
v 5.08742656 -4.96273756 -11.64228246
v 5.08415737 -4.93492794 -11.61835668
v 5.12978496 -4.98198700 -14.76812551
v 5.04453411 -5.11763525 -14.76812551
v 5.08323803 -4.92704582 -15.01688191
v 5.08631267 -4.95323801 -14.99584386
v 5.08855953 -4.97253561 -14.97711370
v 5.09105434 -4.99419355 -14.95166585
v 5.09283580 -5.00973415 -14.92926976
v 5.08263530 -5.07900810 -14.76812551
v 5.11150493 -5.03307104 -14.76812551
v 1.62290325 -4.15841913 -0.19236180
v 1.64576854 -4.20521593 -0.21130940
v 1.70492687 -4.32419157 -0.38023564
v 1.33384456 -4.36959982 -0.56515309
v 1.69665660 -4.30805492 -0.32785985
v 1.60201015 -4.39811850 -0.56515309
v 1.54860820 -4.41759920 -0.56515309
v 1.56213131 -4.33283424 -0.29963490
v 1.66632976 -4.24706841 -0.24127004
v 1.68357601 -4.28191900 -0.28076741
v 1.52485408 -4.37007618 -0.35234639
v 1.39506664 -4.38372755 -0.44176671
v 1.38195552 -4.39987612 -0.56515309
v 1.43566265 -4.41850090 -0.56515309
v 1.50079860 -4.39908028 -0.41676518
v 1.49218883 -4.42451239 -0.56515309
v 1.33384456 -4.36959982 -3.49704549
v 1.38195552 -4.39987612 -3.49704549
v 1.43566265 -4.41850090 -3.49704549
v 1.49218883 -4.42451239 -3.49704549
v 1.54860820 -4.41759920 -3.49704549
v 1.60201015 -4.39811850 -3.49704549
v 2.14963283 -4.22617674 -0.19356343
v 2.11554851 -4.26571608 -0.21244237
v 2.02751293 -4.36574173 -0.38146779
v 2.03978099 -4.35230589 -0.32902333
v 1.88107051 -4.23174477 -0.25920674
v 2.08491268 -4.30102873 -0.24237248
v 2.05923595 -4.33037472 -0.28188130
v 1.38051357 -4.36322927 -3.64966771
v 1.48597087 -4.39393377 -3.65709874
v 1.52931347 -4.36644459 -3.71603200
v 1.56577434 -4.33013296 -3.76552770
v 2.04754390 -4.38267756 -0.38173863
v 2.05966320 -4.36910963 -0.32929799
v 2.07887401 -4.34697199 -0.28215978
v 2.10423030 -4.31735611 -0.24265096
v 2.13448467 -4.28172207 -0.21271703
v 2.16814174 -4.24182606 -0.19383428
v 2.07784404 -4.32205868 -0.26113698
v 2.08434047 -4.32754850 -0.26122853
v 2.14963283 -4.22617674 -3.86863515
v 2.11554851 -4.26571608 -3.84975621
v 2.02751293 -4.36574173 -3.68073079
v 2.03978099 -4.35230589 -3.73317525
v 1.91982021 -4.23901892 -3.80283162
v 2.00008907 -4.26878500 -3.80218694
v 2.05923595 -4.33037472 -3.78031346
v 2.08491268 -4.30102873 -3.81982228
v 2.34132137 -4.60521841 -0.20028111
v 2.28849926 -4.60581779 -0.21877858
v 2.15325298 -4.60521841 -0.38835332
v 2.17175045 -4.60581779 -0.33552739
v 2.20388927 -4.50389194 -0.26502034
v 2.24110927 -4.60612488 -0.24856374
v 2.20153179 -4.60612488 -0.28814122
v 2.15974941 -4.41060972 -0.26299855
v 2.04754390 -4.38267756 -3.68045995
v 2.05966320 -4.36910963 -3.73290059
v 2.07887401 -4.34697199 -3.78003880
v 2.13448467 -4.28172207 -3.84948155
v 2.10423030 -4.31735611 -3.81954762
v 2.16814174 -4.24182606 -3.86836049
v 2.08434047 -4.32754850 -3.80097005
v 2.07784404 -4.32205868 -3.80106160
v 2.15631618 -4.78067875 -0.39141271
v 2.17481365 -4.78127813 -0.33859059
v 2.20459499 -4.78158569 -0.29120061
v 2.24417247 -4.78158569 -0.25162312
v 2.29156246 -4.78127813 -0.22184178
v 2.34438457 -4.78067875 -0.20334432
v 2.34132137 -4.60521841 -3.86191365
v 2.28849926 -4.60581779 -3.84342000
v 2.15325298 -4.60521841 -3.67384526
v 2.17175045 -4.60581779 -3.72666738
v 2.15974941 -4.41060972 -3.79919621
v 2.20388927 -4.50389194 -3.79717443
v 2.20153179 -4.60612488 -3.77405736
v 2.24110927 -4.60612488 -3.81363484
v 2.15938320 -4.97926331 -0.57756230
v 2.24432506 -5.11474562 -0.57756230
v 2.20587673 -4.92419195 -0.32882497
v 2.20278682 -4.95038176 -0.34986302
v 2.20053234 -4.96967268 -0.36858556
v 2.19802608 -4.99133158 -0.39403340
v 2.19623699 -5.00687313 -0.41642568
v 2.20635738 -5.07613707 -0.57756230
v 2.17759075 -5.03025866 -0.57756230
v 2.15631618 -4.78067875 -3.67078206
v 2.17481365 -4.78127813 -3.72360799
v 2.20459499 -4.78158569 -3.77099416
v 2.24417247 -4.78158569 -3.81057164
v 2.29156246 -4.78127813 -3.84035680
v 2.34438457 -4.78067875 -3.85885045
v 2.24432506 -5.11474562 -3.48463246
v 2.20635738 -5.07613707 -3.48463246
v 2.17759075 -5.03025866 -3.48463246
v 2.15938320 -4.97926331 -3.48463246
v 2.19677868 -5.00259209 -3.65233418
v 2.19904079 -4.98253822 -3.67916677
v 2.20166912 -4.95987749 -3.70347783
v 2.20495357 -4.93207550 -3.72739980
v 3.11046733 -5.41252756 -0.58157918
v 3.11046733 -5.41252756 -3.48061940
v 3.16671123 -5.40427685 -0.58157918
v 3.16671123 -5.40427685 -3.48061940
v 3.21963634 -5.38353395 -3.48061940
v 3.21963634 -5.38353395 -0.58157918
v 3.26650371 -5.35137224 -3.48061940
v 3.26650371 -5.35137224 -0.58157918
v 3.30489864 -5.30945301 -3.48061940
v 3.30489864 -5.30945301 -0.58157918
v 3.33282985 -5.25994492 -3.48061940
v 3.33282985 -5.25994492 -0.58157918
v 3.19016780 -5.06600714 -3.85392568
v 3.23843898 -5.08666992 -3.83522984
v 3.36258449 -5.13769674 -3.66594121
v 3.34544124 -5.13116026 -3.71856877
v 3.14093532 -5.37769794 -3.63278768
v 3.24131527 -5.33272886 -3.64040944
v 3.25617351 -5.28395987 -3.69946858
v 3.25996914 -5.23298120 -3.74916646
v 3.31805172 -5.12007666 -3.76582906
v 3.28178539 -5.10499668 -3.80537221
v 3.19016780 -5.06600714 -0.20827291
v 3.23843898 -5.08666992 -0.22696492
v 3.36258449 -5.13769674 -0.39625737
v 3.34544124 -5.13116026 -0.34362981
v 3.25897731 -5.23736334 -0.31601140
v 3.28178539 -5.10499668 -0.25682637
v 3.31805172 -5.12007666 -0.29636952
v 3.25517406 -5.28956699 -0.36890599
v 3.16554393 -5.38378716 -0.45855519
v 3.25603618 -5.32696104 -0.43342015
v 3.63458385 -4.77427006 -3.85909841
v 3.63458385 -4.82627010 -3.84010121
v 3.63458385 -4.94078016 -3.72357366
v 3.63458385 -4.95886993 -3.67125127
v 3.43473186 -4.95323658 -3.79015920
v 3.63458385 -4.91161823 -3.77063176
v 3.63458385 -4.87281370 -3.81012151
v 3.63458385 -4.77427006 -0.20309636
v 3.63458385 -4.82627010 -0.22209737
v 3.63458385 -4.95886993 -0.39094731
v 3.63458385 -4.94078016 -0.33862493
v 3.43473186 -4.95323658 -0.27203938
v 3.63458385 -4.87281370 -0.25207707
v 3.63458385 -4.91161823 -0.29156301
v 3.65458431 -4.77427006 -3.85909841
v 3.65458431 -4.82627010 -3.84010121
v 3.65458431 -4.87281370 -3.81012151
v 3.65458431 -4.91161823 -3.77063176
v 3.65458431 -4.94078016 -3.72357366
v 3.65458431 -4.95886993 -3.67125127
v 3.65458431 -4.77427006 -0.20309636
v 3.65458431 -4.82627010 -0.22209737
v 3.65458431 -4.87281370 -0.25207707
v 3.65458431 -4.91161823 -0.29156301
v 3.65458431 -4.94078016 -0.33862493
v 3.65458431 -4.95886993 -0.39094731
v 4.09935894 -5.06684160 -3.85391042
v 4.05104961 -5.08741426 -3.83521840
v 3.94395961 -5.13170385 -3.71855351
v 3.92680111 -5.13820791 -3.66592595
v 3.85472240 -4.95342445 -3.79015538
v 3.97136821 -5.12067175 -3.76581380
v 4.00766887 -5.10565948 -3.80535695
v 4.09935894 -5.06684160 -0.20828816
v 4.05104961 -5.08741426 -0.22698018
v 3.92680111 -5.13820791 -0.39627263
v 3.94395961 -5.13170385 -0.34364125
v 3.85472240 -4.95342445 -0.27204320
v 4.00766887 -5.10565948 -0.25683782
v 3.97136821 -5.12067175 -0.29638097
v 4.17839946 -5.41350985 -3.48060414
v 3.95632686 -5.26050997 -3.48060414
v 3.98416652 -5.31007051 -3.48060414
v 4.03022518 -5.23806906 -3.74617192
v 4.03392925 -5.29027939 -3.69327352
v 4.12338009 -5.38466644 -3.60362813
v 4.12217464 -5.40515327 -3.48060414
v 4.06928768 -5.38431120 -3.48060414
v 4.03299846 -5.32767105 -3.62876317
v 4.02248134 -5.35206127 -3.48060414
v 4.17839946 -5.41350985 -0.58159444
v 3.95632686 -5.26050997 -0.58159444
v 3.98416652 -5.31007051 -0.58159444
v 4.14800396 -5.37862349 -0.42942616
v 4.12217464 -5.40515327 -0.58159444
v 4.06928768 -5.38431120 -0.58159444
v 4.04770794 -5.33346653 -0.42180440
v 4.02248134 -5.35206127 -0.58159444
v 4.03294124 -5.28467035 -0.36274526
v 4.02924099 -5.23368502 -0.31304738
v 5.04453411 -5.11763525 -0.57760808
v 5.04453411 -5.11763525 -3.48459050
v 5.08263530 -5.07900810 -0.57760808
v 5.08263530 -5.07900810 -3.48459050
v 5.11150493 -5.03307104 -0.57760808
v 5.11150493 -5.03307104 -3.48459050
v 5.12978496 -4.98198700 -0.57760808
v 5.12978496 -4.98198700 -3.48459050
v 5.13287105 -4.78347588 -3.67073247
v 5.11437358 -4.78407526 -3.72355840
v 4.94479885 -4.78347588 -3.85880467
v 4.99762478 -4.78407526 -3.84030721
v 5.08323803 -4.92704582 -3.73334691
v 5.08459224 -4.78438234 -3.77094457
v 5.04501094 -4.78438234 -3.81052205
v 5.08631267 -4.95323801 -3.71230885
v 5.08855953 -4.97253561 -3.69357869
v 5.09105434 -4.99419355 -3.66813085
v 5.09283580 -5.00973415 -3.64573476
v 5.13287105 -4.78347588 -0.39146230
v 5.11437358 -4.78407526 -0.33864018
v 4.99762478 -4.78407526 -0.22189137
v 4.94479885 -4.78347588 -0.20339391
v 5.09229793 -5.00545073 -0.40990254
v 5.09004345 -4.98539925 -0.38306615
v 5.08742656 -4.96273756 -0.35874745
v 5.08415737 -4.93492794 -0.33482167
v 5.04501094 -4.78438234 -0.25167272
v 5.08459224 -4.78438234 -0.29125020
v 5.13590374 -4.60958004 -3.67376897
v 5.11741008 -4.61017942 -3.72659490
v 5.08762493 -4.61048651 -3.77398107
v 5.04804744 -4.61048651 -3.81355855
v 5.00066127 -4.61017942 -3.84334371
v 4.94783535 -4.60958004 -3.86183736
v 5.13590374 -4.60958004 -0.38842961
v 5.11741008 -4.61017942 -0.33560369
v 5.08762493 -4.61048651 -0.28821752
v 5.04804744 -4.61048651 -0.24863622
v 5.00066127 -4.61017942 -0.21885488
v 4.94783535 -4.60958004 -0.20035741
v 5.12193050 -4.24542332 -3.86829946
v 5.15548839 -4.28540134 -3.84941670
v 5.24217357 -4.38657045 -3.68039891
v 5.23009243 -4.37297201 -3.73283956
v 5.08535900 -4.50796795 -3.79710576
v 5.12973919 -4.41447639 -3.79913136
v 5.21093502 -4.35078716 -3.77997396
v 5.18565120 -4.32110929 -3.81948277
v 5.12193050 -4.24542332 -0.19389913
v 5.15548839 -4.28540134 -0.21278188
v 5.24217357 -4.38657045 -0.38179967
v 5.23009243 -4.37297201 -0.32935903
v 5.12973919 -4.41447639 -0.26306340
v 5.18565120 -4.32110929 -0.24271581
v 5.21093502 -4.35078716 -0.28222463
v 5.08535900 -4.50796795 -0.26509282
v 5.26221218 -4.36971331 -3.68066594
v 5.24997844 -4.35624647 -3.73311040
v 5.23058452 -4.33426666 -3.78024861
v 5.17443218 -4.26946974 -3.84969136
v 5.20498027 -4.30485773 -3.81975743
v 5.14044704 -4.22984648 -3.86857030
v 5.21200695 -4.32589531 -3.80099675
v 5.20550670 -4.33135986 -3.80090520
v 5.26221218 -4.36971331 -0.38152883
v 5.24997844 -4.35624647 -0.32908818
v 5.23058452 -4.33426666 -0.28194615
v 5.17443218 -4.26946974 -0.21250722
v 5.20498027 -4.30485773 -0.24243733
v 5.14044704 -4.22984648 -0.19362828
v 5.20550670 -4.33135986 -0.26129338
v 5.21200695 -4.32589531 -0.26120183
v 5.66734829 -4.16339636 -3.86974904
v 5.64436092 -4.21013689 -3.85080144
v 5.59321727 -4.31284952 -3.73425099
v 5.58490123 -4.32896471 -3.68187520
v 5.40899410 -4.23607969 -3.80291554
v 5.60636272 -4.28674603 -3.78134343
v 5.62369670 -4.25193834 -3.82084081
v 5.36963787 -4.24339628 -0.25943944
v 5.28961315 -4.27296019 -0.26008031
v 5.95586910 -4.37528992 -3.49695775
v 5.68763103 -4.40314436 -3.49695775
v 5.74098339 -4.42275715 -3.49695775
v 5.72768154 -4.33796120 -3.76247212
v 5.76486339 -4.37529469 -3.70976064
v 5.89461269 -4.38926601 -3.62034032
v 5.90768184 -4.40544653 -3.49695775
v 5.85392894 -4.42393875 -3.49695775
v 5.78884258 -4.40435743 -3.64534184
v 5.79739132 -4.42981005 -3.49695775
v 5.95586910 -4.37528992 -0.56524083
v 5.68763103 -4.40314436 -0.56524083
v 5.74098339 -4.42275715 -0.56524083
v 5.90921535 -4.36880302 -0.41261861
v 5.90768184 -4.40544653 -0.56524083
v 5.85392894 -4.42393875 -0.56524083
v 5.80368557 -4.39924765 -0.40518758
v 5.79739132 -4.42981005 -0.56524083
v 5.76041164 -4.37165165 -0.34625432
v 5.72404232 -4.33525085 -0.29675862
v 17.35121669 -4.78548002 -0.37922093
v 17.34821834 -4.60513783 -0.37616918
v 17.37135830 -4.78602028 -0.32925984
v 17.36835231 -4.60567856 -0.32618520
v 17.48714962 -4.78602028 -0.22012517
v 17.53523006 -4.60513783 -0.19982335
v 17.48415126 -4.60567856 -0.21698949
v 17.53821315 -4.78548002 -0.20296666
v 17.41833629 -4.66610432 -0.26316258
v 17.39872875 -4.60595560 -0.28167150
v 17.43793621 -4.60595560 -0.24470326
v 17.44094219 -4.78629732 -0.24781987
v 17.40173854 -4.78629732 -0.28476903
v 17.34312572 -4.97926331 -0.55375478
v 17.42780437 -5.11474562 -0.56045339
v 17.40071621 -4.92900372 -0.32348058
v 17.39692058 -4.95405340 -0.34362218
v 17.39397182 -4.97258520 -0.36158559
v 17.39082088 -4.99133348 -0.38336751
v 17.38805141 -5.00657988 -0.40480992
v 17.38995494 -5.07613707 -0.55745885
v 17.36127987 -5.03025866 -0.55518910
v 17.36095562 -4.24082804 -0.19352147
v 17.32804241 -4.27988338 -0.21152684
v 17.25366726 -4.36690617 -0.32319829
v 17.24087658 -4.38132143 -0.37380788
v 17.40070095 -4.50257206 -0.26014516
v 17.27311077 -4.34443712 -0.27792165
v 17.29829540 -4.31496859 -0.24010655
v 11.24858989 -5.11474562 -6.26999852
v 17.18001308 -4.97926331 -1.55274388
v 17.19767894 -5.03025866 -1.55715749
v 17.22558727 -5.07613707 -1.56412694
v 17.26242580 -5.11474562 -1.57332417
v 16.85430278 -4.97926331 -2.51112935
v 16.87099971 -5.03025866 -2.51839635
v 16.89737453 -5.07613707 -2.52987477
v 16.93218746 -5.11474562 -2.54502675
v 16.37492122 -4.97926331 -3.40263555
v 16.39019146 -5.03025866 -3.41255757
v 16.41431179 -5.07613707 -3.42823216
v 16.44614925 -5.11474562 -3.44891927
v 15.75501384 -4.97926331 -4.20282552
v 15.76843776 -5.03025866 -4.21513173
v 15.78963985 -5.07613707 -4.23456761
v 15.81762828 -5.11474562 -4.26022527
v 15.01157131 -4.97926331 -4.88976094
v 15.02277889 -5.03025866 -4.90411183
v 15.04048290 -5.07613707 -4.92678258
v 15.06385555 -5.11474562 -4.95670506
v 14.16497173 -4.97926331 -5.44461247
v 14.17365780 -5.03025866 -5.46061513
v 14.18737926 -5.07613707 -5.48589513
v 14.20549144 -5.11474562 -5.51926610
v 13.23842754 -4.97926331 -5.85216710
v 13.24435558 -5.03025866 -5.86938664
v 13.25371685 -5.07613707 -5.89658544
v 13.26607647 -5.11474562 -5.93248555
v 12.25733699 -4.97926331 -6.10125920
v 11.24858989 -4.97926331 -6.18505666
v 12.26033916 -5.03025866 -6.11921880
v 11.24858989 -5.03025866 -6.20326802
v 11.24858989 -5.07613707 -6.23203084
v 12.26508464 -5.07613707 -6.14758870
v 12.27135219 -5.11474562 -6.18503758
v 17.22086467 -4.36437798 -0.37341878
v 17.23382320 -4.35009003 -0.32283208
v 17.25351467 -4.32782507 -0.27758595
v 17.30913295 -4.26386690 -0.21123311
v 17.27901592 -4.29862785 -0.23979375
v 17.34245433 -4.22517300 -0.19324681
v 17.27206936 -4.31953192 -0.25774571
v -7.36737118 -4.97926331 -6.18505666
v -7.36737118 -5.03025866 -6.20326802
v -7.36737118 -5.07613707 -6.23203084
v -7.36737118 -5.11474562 -6.26999852
v 16.80768337 -4.16256380 -0.19267079
v 16.83159008 -4.20981121 -0.21230885
v 16.88409557 -4.31222105 -0.33270070
v 16.89220562 -4.32743025 -0.38648030
v 17.10537471 -4.23633099 -0.25815007
v 17.06998958 -4.23076105 -0.25853917
v 16.87079754 -4.28659916 -0.28415868
v 16.85299434 -4.25187206 -0.24333379
v 17.08595028 -4.27380753 -0.31171987
v -7.55352078 -4.78067875 -6.18198964
v -7.60634480 -4.78127813 -6.20048711
v -7.72309361 -4.78127813 -6.31723592
v -7.74158917 -4.78067875 -6.37005803
v -7.53507100 -5.00259209 -6.22245213
v -7.56190358 -4.98253822 -6.22471425
v -7.58621655 -4.95987749 -6.22734258
v -7.61013661 -4.93207550 -6.23062703
v -7.69331036 -4.78158569 -6.26984593
v -7.65373288 -4.78158569 -6.23026845
v 16.51565303 -4.36959982 -0.54214665
v 16.56357326 -4.39987612 -0.54643056
v 16.72956218 -4.41759920 -0.56126210
v 16.78275432 -4.39811850 -0.56601521
v 16.75317134 -4.33545017 -0.29923055
v 16.69393291 -4.36270189 -0.33490941
v 16.61706295 -4.41850090 -0.55121037
v 16.71598568 -4.37151861 -0.34940907
v 16.67336406 -4.42451239 -0.55624196
v 16.73790111 -4.37762403 -0.36539647
v -7.55658398 -4.60521841 -6.17892644
v -7.60940609 -4.60581779 -6.19742391
v -7.65679608 -4.60612488 -6.22720525
v -7.69637356 -4.60612488 -6.26678655
v -7.72615681 -4.60581779 -6.31417272
v -7.74465237 -4.60521841 -6.36699864
v 12.27177562 -4.39811850 -5.53265950
v 11.24858989 -4.39811850 -5.62768361
v 12.26194515 -4.41759920 -5.48017308
v 11.24858989 -4.41759920 -5.57428166
v 12.25155391 -4.42451239 -5.42471501
v 11.24858989 -4.42451239 -5.51786229
v 12.24114360 -4.41850090 -5.36915776
v 11.24858989 -4.41850090 -5.46133611
v 12.23125209 -4.39987612 -5.31636998
v 11.24858989 -4.39987612 -5.40762898
v 12.22239437 -4.36959982 -5.26908299
v 11.24858989 -4.36959982 -5.35951802
v 13.25996532 -4.39811850 -5.25084111
v 13.24063625 -4.41759920 -5.20105931
v 13.22020855 -4.42451239 -5.14846608
v 13.19974651 -4.41850090 -5.09577367
v 13.18030681 -4.39987612 -5.04570958
v 13.16288890 -4.36959982 -5.00086400
v 14.17935695 -4.39811850 -4.79186437
v 14.15118923 -4.41759920 -4.74649617
v 14.12143077 -4.42451239 -4.69856069
v 14.09161510 -4.41850090 -4.65053746
v 14.06328334 -4.39987612 -4.60490987
v 14.03790798 -4.36959982 -4.56403920
v 14.99850597 -4.39811850 -4.17143056
v 14.96246471 -4.41759920 -4.13202474
v 14.92438640 -4.42451239 -4.09038732
v 14.88623561 -4.41850090 -4.04867742
v 14.84998836 -4.39987612 -4.00905034
v 14.81751766 -4.36959982 -3.97354695
v 15.68938961 -4.39811850 -3.41075704
v 15.64670696 -4.41759920 -3.37866399
v 15.60161342 -4.42451239 -3.34475133
v 15.55643596 -4.41850090 -3.31078145
v 15.51350917 -4.39987612 -3.27850530
v 15.47505703 -4.36959982 -3.24958989
v 16.22837581 -4.39811850 -2.53586766
v 16.18051662 -4.41759920 -2.51218221
v 16.12994899 -4.42451239 -2.48715398
v 16.07928600 -4.41850090 -2.46208379
v 16.03115215 -4.39987612 -2.43826482
v 15.98803081 -4.36959982 -2.41692540
v 16.59703579 -4.39811850 -1.57668492
v 16.54562893 -4.41759920 -1.56221578
v 16.49131908 -4.42451239 -1.54693028
v 16.43690624 -4.41850090 -1.53161809
v 16.38520946 -4.39987612 -1.51706883
v 16.33889904 -4.36959982 -1.50403401
v -7.75109921 -4.24182606 -6.19381520
v -7.73221646 -4.28172207 -6.16015813
v -7.56319676 -4.38267756 -6.07321736
v -7.61563931 -4.36910963 -6.08533666
v -7.68193493 -4.41060972 -6.18542287
v -7.70228444 -4.31735611 -6.12990376
v -7.66277562 -4.34697199 -6.10454747
v -7.67991314 -4.50389194 -6.22956273
v -7.37978230 -4.36959982 -5.35951802
v -7.37978230 -4.39987612 -5.40762898
v -7.37978230 -4.41850090 -5.46133611
v -7.37978230 -4.42451239 -5.51786229
v -7.37978230 -4.41759920 -5.57428166
v -7.37978230 -4.39811850 -5.62768361
v -7.56346760 -4.36574173 -6.05318639
v -7.61591206 -4.35230589 -6.06545445
v -7.66305218 -4.33037472 -6.08490941
v -7.73249302 -4.26571608 -6.14122197
v -7.70256100 -4.30102873 -6.11058614
v -7.75137196 -4.22617674 -6.17530629
v -7.68370686 -4.32754850 -6.11001393
v -7.68379841 -4.32205868 -6.10351750
v -7.75257359 -4.15841913 -5.64857671
v -7.73362408 -4.20521593 -5.67144200
v -7.56469975 -4.32419157 -5.73060033
v -7.61707554 -4.30805492 -5.72233006
v -7.53240643 -4.36322927 -5.40618703
v -7.53983746 -4.39393377 -5.51164433
v -7.59876881 -4.36644459 -5.55498693
v -7.64826641 -4.33013296 -5.59144780
v -7.66416798 -4.28191900 -5.70924947
v -7.70366536 -4.24706841 -5.69200322
v -7.68572674 -4.23174477 -5.90674397
v 18.82814159 -4.76746368 -0.20166966
v 18.84815731 -4.77427006 -0.20309636
v 18.82814159 -4.81359291 -0.21648976
v 18.84815731 -4.82627010 -0.22209737
v 18.82814159 -4.86401415 -0.24535176
v 18.84815731 -4.87281370 -0.25207707
v 18.82813778 -4.90634298 -0.28511998
v 18.84815731 -4.91161823 -0.29156301
v 18.82813778 -4.93814373 -0.33372685
v 18.84815731 -4.94078016 -0.33862493
v 18.82813778 -4.95808935 -0.38830373
v 18.84815731 -4.95886993 -0.39094731
v 18.38374843 -5.06804800 -0.20870397
v 18.43338146 -5.08918810 -0.22855184
v 18.55672588 -5.13947630 -0.40661427
v 18.62880077 -4.95554876 -0.27458379
v 18.47762050 -5.10778713 -0.26019856
v 18.58952465 -5.05708027 -0.35244939
v 18.54096737 -5.13361406 -0.35164830
v 18.51412716 -5.12286139 -0.30196568
v 19.29410686 -5.06509161 -0.20792195
v 19.24701824 -5.08527994 -0.22562978
v 19.12242641 -5.13669395 -0.38730046
v 19.14067211 -5.12963390 -0.33674809
v 19.04951229 -4.95129108 -0.26973149
v 19.20446910 -5.10330820 -0.25396535
v 19.16845455 -5.11832809 -0.29159352
v 18.29491558 -5.41252756 -0.58032414
v 18.35101070 -5.40427685 -0.58437535
v 18.51669826 -5.25994492 -0.59634206
v 18.48883953 -5.30945301 -0.59432790
v 18.45377864 -5.24069738 -0.32127568
v 18.44842281 -5.29274464 -0.37571141
v 18.43181743 -5.33790684 -0.43406102
v 18.45054760 -5.35137224 -0.59156224
v 18.40379848 -5.38353395 -0.58818624
v 19.36511364 -5.41350985 -0.58264348
v 19.14347972 -5.26050997 -0.56868550
v 19.17126598 -5.31007051 -0.57043645
v 19.33905925 -5.37791443 -0.42873189
v 19.30899944 -5.40515327 -0.57911107
v 19.25621929 -5.38431120 -0.57578465
v 19.24065914 -5.33146715 -0.41593358
v 19.20950451 -5.35206127 -0.57284352
v 19.22788372 -5.28200817 -0.35721395
v 11.24858989 -5.41252756 -7.13614079
v 12.45644893 -5.25994492 -7.25770375
v 11.24858989 -5.25994492 -7.35850331
v 12.45181789 -5.30945301 -7.23015782
v 11.24858989 -5.30945301 -7.33057210
v 12.44545498 -5.35137224 -7.19229695
v 11.24858989 -5.35137224 -7.29217717
v 12.43768444 -5.38353395 -7.14607427
v 11.24858989 -5.38353395 -7.24530980
v 12.42891445 -5.40427685 -7.09388158
v 11.24858989 -5.40427685 -7.19238469
v 12.41959133 -5.41252756 -7.03841588
v 13.63088741 -5.25994492 -6.95808980
v 13.62175884 -5.30945301 -6.93169209
v 13.60920467 -5.35137224 -6.89540669
v 13.59388103 -5.38353395 -6.85111424
v 13.57658138 -5.40427685 -6.80109593
v 13.55819454 -5.41252756 -6.74794576
v 14.73942318 -5.25994492 -6.46795079
v 14.72604122 -5.30945301 -6.44343373
v 14.70765056 -5.35137224 -6.40973088
v 14.68519725 -5.38353395 -6.36858937
v 14.65984096 -5.40427685 -6.32213399
v 14.63290157 -5.41252756 -6.27276418
v 15.75137844 -5.25994492 -5.80084798
v 15.73411693 -5.30945301 -5.77888677
v 15.71039333 -5.35137224 -5.74870107
v 15.68143215 -5.38353395 -5.71184728
v 15.64872875 -5.40427685 -5.67023656
v 15.61397686 -5.41252756 -5.62601659
v 16.63876094 -5.25994492 -4.97523686
v 16.61810054 -5.30945301 -4.95644185
v 16.58970012 -5.35137224 -4.93060491
v 16.55503215 -5.38353395 -4.89906499
v 16.51588192 -5.40427685 -4.86344716
v 16.47428264 -5.41252756 -4.82560155
v 17.37701931 -5.25994492 -4.01395986
v 17.35352840 -5.30945301 -3.99884984
v 17.32124080 -5.35137224 -3.97807500
v 17.28182354 -5.38353395 -3.95271871
v 17.23731365 -5.40427685 -3.92408559
v 17.19001140 -5.41252756 -3.89365575
v 17.94572963 -5.25994492 -2.94360921
v 17.92006054 -5.30945301 -2.93259999
v 17.88477459 -5.35137224 -2.91746709
v 17.84169902 -5.38353395 -2.89899632
v 17.79305782 -5.40427685 -2.87813375
v 17.74136867 -5.41252756 -2.85596654
v 18.32916011 -5.25994492 -1.79380223
v 18.30201854 -5.30945301 -1.78719899
v 18.26471462 -5.35137224 -1.77812383
v 18.21917095 -5.38353395 -1.76704595
v 18.16774501 -5.40427685 -1.75453755
v 18.11309948 -5.41252756 -1.74124333
v 19.14009609 -5.25388432 -0.57973668
v 19.13936748 -5.25388432 -0.59095189
v 19.13875713 -5.25383186 -0.60217854
v 19.16255321 -5.29829502 -0.58118245
v 19.16182079 -5.29829502 -0.59243199
v 19.16129436 -5.29815435 -0.60369298
v 19.19898357 -5.34431696 -0.60622975
v 19.20039882 -5.34439325 -0.58362004
v 19.19966640 -5.34439325 -0.59492299
v 19.24802913 -5.38016224 -0.58668706
v 19.24728908 -5.38016224 -0.59805867
v 19.24654903 -5.38013363 -0.60943028
v 19.30278148 -5.40361357 -0.59021184
v 19.30203762 -5.40361357 -0.60166356
v 19.30134334 -5.40338326 -0.61311528
v 19.36156215 -5.41339874 -0.59399983
v 19.36081447 -5.41339874 -0.60553166
v 19.36005535 -5.41321659 -0.61706349
v -7.36335621 -5.41252756 -7.13614079
v -7.36335621 -5.40427685 -7.19238469
v -7.36335621 -5.38353395 -7.24530980
v -7.36335621 -5.35137224 -7.29217717
v -7.36335621 -5.30945301 -7.33057210
v -7.36335621 -5.25994492 -7.35850331
v 11.24858989 -5.41350937 -8.20407292
v 18.97009792 -5.25388432 -1.77808949
v 18.99207058 -5.29829454 -1.78294560
v 19.02909984 -5.34439230 -1.79112813
v 19.07570400 -5.38016176 -1.80143163
v 19.12927761 -5.40361357 -1.81326863
v 19.18679180 -5.41339874 -1.82598302
v 18.62732830 -5.25388432 -2.91549489
v 18.64832439 -5.29829454 -2.92358968
v 18.68370952 -5.34439230 -2.93722722
v 18.72824611 -5.38016176 -2.95439336
v 18.77943935 -5.40361357 -2.97412297
v 18.83440151 -5.41339874 -2.99530980
v 18.11804332 -5.25388432 -3.98872182
v 18.13758983 -5.29829454 -3.99986836
v 18.17053356 -5.34439230 -4.01865575
v 18.21199550 -5.38016176 -4.04229924
v 18.25965633 -5.40361357 -4.06947515
v 18.31082286 -5.41339874 -4.09865376
v 17.45373668 -5.25388432 -4.97355077
v 17.47139492 -5.29829454 -4.98750112
v 17.50115337 -5.34439230 -5.01100728
v 17.53860607 -5.38016176 -5.04059407
v 17.58165493 -5.40361357 -5.07460591
v 17.62787761 -5.41339874 -5.11112020
v 16.64940014 -5.25388432 -5.84775350
v 16.66476955 -5.29829454 -5.86419103
v 16.69067134 -5.34439230 -5.89189336
v 16.72326793 -5.38016176 -5.92675588
v 16.76073970 -5.40361357 -5.96683309
v 16.80096950 -5.41339874 -6.00985906
v 15.72318782 -5.25388432 -6.59160802
v 15.73592128 -5.29829454 -6.61016271
v 15.75738277 -5.34439230 -6.64142797
v 15.78438701 -5.38016176 -6.68078420
v 15.81543483 -5.40361357 -6.72601888
v 15.84876384 -5.41339874 -6.77458760
v 14.69600048 -5.25388432 -7.18832204
v 14.70581188 -5.29829454 -7.20857427
v 14.72234478 -5.34439230 -7.24270436
v 14.74315014 -5.38016176 -7.28565785
v 14.76706829 -5.40361357 -7.33503530
v 14.79274883 -5.41339874 -7.38804814
v 13.59101619 -5.25388432 -7.62443349
v 13.59768047 -5.29829454 -7.64592549
v 13.60891475 -5.34439230 -7.68214986
v 13.62305202 -5.38016176 -7.72773549
v 13.63930263 -5.40361357 -7.78013799
v 13.65675106 -5.41339874 -7.83639714
v 12.43316784 -5.25388432 -7.89010045
v 11.24858989 -5.26050806 -7.98200032
v 12.43654003 -5.29829454 -7.91235158
v 11.24858989 -5.31006908 -8.00983998
v 12.44222011 -5.34439230 -7.94984624
v 11.24858989 -5.35206032 -8.04815099
v 12.44936885 -5.38016176 -7.99703786
v 11.24858989 -5.38431072 -8.09496114
v 12.45758953 -5.40361357 -8.05128285
v 11.24858989 -5.40515280 -8.14784810
v 12.46641292 -5.41339874 -8.10952184
v -7.73666249 -5.06600714 -7.21584126
v -7.71796856 -5.08666992 -7.26411244
v -7.54867802 -5.13769674 -7.38825795
v -7.60130558 -5.13116026 -7.37111470
v -7.51552639 -5.37769794 -7.16660878
v -7.52314625 -5.33272886 -7.26698873
v -7.58220539 -5.28395987 -7.28184697
v -7.63190327 -5.23298120 -7.28564260
v -7.64856587 -5.12007666 -7.34372518
v -7.68810902 -5.10499668 -7.30745885
v -7.36333905 -5.41350937 -8.20407292
v -7.36333905 -5.40515280 -8.14784810
v -7.36333905 -5.38431072 -8.09496114
v -7.36333905 -5.35206032 -8.04815099
v -7.36333905 -5.31006908 -8.00983998
v -7.36333905 -5.26050806 -7.98200032
v -7.74183712 -4.77427006 -7.66025731
v -7.72283612 -4.82627010 -7.66025731
v -7.60631047 -4.94078016 -7.66025731
v -7.55398617 -4.95886993 -7.66025731
v -7.67289601 -4.95323658 -7.46040532
v -7.65337048 -4.91161823 -7.66025731
v -7.69285832 -4.87281370 -7.66025731
v -7.73664723 -5.06684065 -8.12503621
v -7.71795521 -5.08741283 -8.07672307
v -7.54866276 -5.13820553 -7.95247457
v -7.60129223 -5.13170147 -7.96963307
v -7.62890873 -5.23806763 -8.05589864
v -7.68809567 -5.10565805 -8.03334233
v -7.64855252 -5.12066984 -7.99704549
v -7.57601223 -5.29027796 -8.05960271
v -7.48636494 -5.38466597 -8.14905354
v -7.51149998 -5.32767010 -8.05867192
v -7.74183331 -4.77427006 -7.68335912
v -7.72283230 -4.82627010 -7.68324849
v -7.69285450 -4.87281370 -7.68307302
v -7.65336857 -4.91161823 -7.68284413
v -7.60630856 -4.94078016 -7.68256948
v -7.55398617 -4.95886993 -7.68226430
v -7.67289410 -4.95330811 -7.88022420
v 11.24858989 -4.37528992 -9.98153874
v -7.37969456 -4.37528992 -9.98153874
v 11.24858989 -4.40544653 -9.93335530
v -7.37969456 -4.40544653 -9.93335530
v 11.24858989 -4.42393875 -9.87960240
v -7.37969456 -4.42393875 -9.87960240
v 11.24858989 -4.42981005 -9.82306478
v -7.37969456 -4.42981005 -9.82306478
v 11.24858989 -4.42275715 -9.76665685
v -7.37969456 -4.42275715 -9.76665685
v 11.24858989 -4.40314436 -9.71330449
v -7.37969456 -4.40314436 -9.71330449
v 20.71814098 -4.40314436 -1.88602635
v 20.87780132 -4.40314436 -0.56470296
v 20.77054348 -4.42275715 -1.89606664
v 20.93108501 -4.42275715 -0.56743428
v 20.82593670 -4.42981005 -1.90668294
v 20.98741665 -4.42981005 -0.57031819
v 20.88146724 -4.42393875 -1.91732213
v 21.04388179 -4.42393875 -0.57321355
v 20.93425884 -4.40544653 -1.92743871
v 21.09756603 -4.40544653 -0.57596013
v 20.98158397 -4.37528992 -1.93650624
v 21.14568843 -4.37528992 -0.57842824
v 20.37804546 -4.40314436 -3.17277333
v 20.42856350 -4.42275715 -3.18993566
v 20.48196926 -4.42981005 -3.20807836
v 20.53550472 -4.42393875 -3.22626302
v 20.58640041 -4.40544653 -3.24355123
v 20.63202419 -4.37528992 -3.25905034
v 19.86399212 -4.40314436 -4.40042684
v 19.91166439 -4.42275715 -4.42437932
v 19.96206417 -4.42981005 -4.44970510
v 20.01258602 -4.42393875 -4.47508809
v 20.06061687 -4.40544653 -4.49922368
v 20.10367336 -4.37528992 -4.52085683
v 19.18578090 -4.40314436 -5.54559514
v 19.22969951 -4.42275715 -5.57588384
v 19.27613201 -4.42981005 -5.60790822
v 19.32267513 -4.42393875 -5.64000890
v 19.36692562 -4.40544653 -5.67052648
v 19.40659084 -4.37528992 -5.69788548
v 18.35632839 -4.40314436 -6.58645818
v 18.39566173 -4.42275715 -6.62250707
v 18.43724193 -4.42981005 -6.66061971
v 18.47892131 -4.42393875 -6.69882390
v 18.51854457 -4.40544653 -6.73514363
v 18.55406704 -4.37528992 -6.76770207
v 17.39144649 -4.40314436 -7.50317952
v 17.42543926 -4.42275715 -7.54430196
v 17.46137371 -4.42981005 -7.58777806
v 17.49739589 -4.42393875 -7.63136098
v 17.53164043 -4.40544653 -7.67278859
v 17.56234111 -4.37528992 -7.70992848
v 16.30951442 -4.40314436 -8.27829930
v 16.33751812 -4.42275715 -8.32370946
v 16.36712780 -4.42981005 -8.37172124
v 16.39680233 -4.42393875 -8.41984746
v 16.42501583 -4.40544653 -8.46559712
v 16.45031108 -4.37528992 -8.50661275
v 15.13115062 -4.40314436 -8.89703938
v 15.15263500 -4.42275715 -8.94587895
v 15.17534771 -4.42981005 -8.99750707
v 15.19811763 -4.42393875 -9.04926106
v 15.21976223 -4.40544653 -9.09846303
v 15.23916378 -4.37528992 -9.14256856
v 13.87880840 -4.40314436 -9.34761998
v 13.89336528 -4.42275715 -9.39894673
v 13.90874996 -4.42981005 -9.45321462
v 13.92417278 -4.42393875 -9.50760838
v 13.93883648 -4.40544653 -9.55932424
v 13.95198192 -4.37528992 -9.60568044
v 12.57634868 -4.40314436 -9.62144658
v 12.58369579 -4.42275715 -9.67429158
v 12.59146251 -4.42981005 -9.73015782
v 12.59924831 -4.42393875 -9.78616139
v 12.60665264 -4.40544653 -9.83939931
v 12.61328640 -4.37528992 -9.88712499
v -7.75248585 -4.16339636 -9.69302175
v -7.73353825 -4.21013689 -9.67003438
v -7.56461392 -4.32896471 -9.61057469
v -7.61698780 -4.31284952 -9.61889073
v -7.64520893 -4.33796120 -9.75335500
v -7.70357762 -4.25193834 -9.64937016
v -7.66408215 -4.28674603 -9.63203618
v -7.59249936 -4.37529469 -9.79053685
v -7.50307713 -4.38926601 -9.92028615
v -7.52808056 -4.40435743 -9.81451604
v 20.85977687 -4.16107893 -0.19228169
v 20.83741512 -4.20758677 -0.21085546
v 20.78729763 -4.31054831 -0.32530019
v 20.77893200 -4.32716608 -0.37689397
v 21.10355129 -4.36940145 -0.42045781
v 20.99844112 -4.39872456 -0.40840337
v 20.95608272 -4.37047720 -0.34742543
v 20.80028286 -4.28416443 -0.27900502
v 20.81726207 -4.24928427 -0.24023244
v -7.75130711 -4.22984648 -9.16612050
v -7.73242817 -4.26946974 -9.20010564
v -7.56340466 -4.36971331 -9.28788564
v -7.61584912 -4.35624647 -9.27565190
v -7.68565236 -4.23607969 -9.43466756
v -7.70249615 -4.30485773 -9.23065373
v -7.66298733 -4.33426666 -9.25625417
v 20.33643474 -4.23056078 -0.19384572
v 20.37089290 -4.27078485 -0.21333882
v 20.45832195 -4.37067747 -0.38700292
v 20.60330333 -4.23670721 -0.25973699
v 20.40174236 -4.30656433 -0.24421498
v 20.52352657 -4.31070185 -0.33445546
v 20.44660320 -4.35781670 -0.33331487
v 20.42741527 -4.33607674 -0.28489491
v -7.56313572 -4.38657045 -9.26784703
v -7.61557446 -4.37297201 -9.25576589
v -7.66271267 -4.35078716 -9.23660848
v -7.70221959 -4.32110929 -9.21132466
v -7.73215351 -4.28540134 -9.18116185
v -7.75103627 -4.24542332 -9.14760396
v -7.68373547 -4.32589531 -9.23767659
v -7.68364201 -4.33135986 -9.23118016
v 20.43824138 -4.38753319 -0.38722035
v 20.42665996 -4.37454033 -0.33354756
v 20.40771236 -4.35259438 -0.28514287
v 20.35189952 -4.28671455 -0.21360585
v 20.38235988 -4.32281351 -0.24447057
v 20.31788005 -4.24613667 -0.19411656
v 20.40229931 -4.33315659 -0.26361653
v -7.74457608 -4.60958004 -8.97350881
v -7.72608052 -4.61017942 -9.02633473
v -7.55650769 -4.60958004 -9.16157720
v -7.60932980 -4.61017942 -9.14308354
v -7.67984257 -4.50796795 -9.11103246
v -7.69629727 -4.61048651 -9.07372090
v -7.65671978 -4.61048651 -9.11329839
v -7.68187008 -4.41447639 -9.15541265
v 20.14424648 -4.60964251 -0.20069692
v 20.19830837 -4.61028671 -0.22017858
v 20.31551494 -4.61028671 -0.34243199
v 20.33270015 -4.60964251 -0.39726064
v 20.32744732 -4.41598845 -0.26611897
v 20.28626384 -4.61061764 -0.29296681
v 20.24649562 -4.61061764 -0.25148580
v -7.55347119 -4.78347588 -9.15854451
v -7.60629521 -4.78407526 -9.14004704
v -7.65368328 -4.78438234 -9.11026570
v -7.69326077 -4.78438234 -9.07068440
v -7.72304402 -4.78407526 -9.02329823
v -7.74154148 -4.78347588 -8.97047231
v 20.32961025 -4.78002071 -0.40030858
v 20.31243648 -4.78066540 -0.34546086
v 20.14115657 -4.78002071 -0.20367620
v 20.19522609 -4.78066540 -0.22316167
v 20.26552715 -4.72424555 -0.27308461
v 20.28319301 -4.78099632 -0.29598042
v 20.24342098 -4.78099632 -0.25448415
v -7.36732731 -4.98198700 -9.15545461
v -7.36732731 -5.11763525 -9.07020757
v -7.61608563 -4.92704582 -9.10891149
v -7.59504757 -4.95323801 -9.11198613
v -7.57631741 -4.97253561 -9.11423299
v -7.55086766 -4.99419355 -9.11672780
v -7.52847348 -5.00973415 -9.11850926
v -7.36732731 -5.07900810 -9.10830876
v -7.36732731 -5.03307104 -9.13717839
v 20.31747951 -4.98198700 -0.59498784
v 20.23237362 -5.11763525 -0.59007451
v 20.28701915 -5.00730228 -0.42065618
v 20.29923381 -5.03307104 -0.59393117
v 20.27040996 -5.07900810 -0.59226796
v 20.28570690 -4.98724604 -0.39281651
v 20.28388347 -4.96434879 -0.36737630
v 20.28134288 -4.93606663 -0.34222981
v 11.24858989 -5.11763525 -9.07020757
v 11.24858989 -5.07900810 -9.10830876
v 11.24858989 -5.03307104 -9.13717839
v 11.24858989 -4.98198700 -9.15545461
v 12.61787929 -4.98198700 -9.05166432
v 12.61512508 -5.03307104 -9.03359029
v 12.61077251 -5.07900810 -9.00505254
v 12.60503139 -5.11763525 -8.96738622
v 13.95587673 -4.98198700 -8.74265096
v 13.95042934 -5.03307104 -8.72520253
v 13.94182720 -5.07900810 -8.69764516
v 13.93047084 -5.11763525 -8.66127583
v 15.23201122 -4.98198700 -8.23548696
v 15.22399273 -5.03307104 -8.21906087
v 15.21133556 -5.07900810 -8.19311330
v 15.19462719 -5.11763525 -8.15887258
v 16.41711177 -4.98198700 -7.54175755
v 16.40671291 -5.03307104 -7.52672765
v 16.39028682 -5.07900810 -7.50298497
v 16.36860790 -5.11763525 -7.47165105
v 17.48410167 -4.98198700 -6.67731664
v 17.47155513 -5.03307104 -6.66402623
v 17.45173778 -5.07900810 -6.64303014
v 17.42558422 -5.11763525 -6.61532399
v 18.40859737 -4.98198700 -5.66191670
v 18.39418926 -5.03307104 -5.65067098
v 18.37143459 -5.07900810 -5.63290212
v 18.34140529 -5.11763525 -5.60945317
v 19.16947307 -4.98198700 -4.51876637
v 19.15353527 -5.03307104 -4.50981709
v 19.12836208 -5.07900810 -4.49568364
v 19.09513988 -5.11763525 -4.47702977
v 19.74933757 -4.98198700 -3.27398488
v 19.73223247 -5.03307104 -3.26754186
v 19.70521679 -5.07900810 -3.25736424
v 19.66956462 -5.11763525 -3.24392888
v 20.13494625 -4.98198700 -1.95601842
v 20.11706295 -5.03307104 -1.95222661
v 20.08882274 -5.07900810 -1.94623754
v 20.05155315 -5.11763525 -1.93833348
v -19.03610764 -4.15841913 -9.69715306
v -19.01715813 -4.20521593 -9.67428777
v -18.84823475 -4.32419157 -9.61512944
v -18.66331730 -4.36959982 -9.98621175
v -18.90060959 -4.30805492 -9.62340352
v -18.66331730 -4.39811850 -9.71804616
v -18.66331730 -4.41759920 -9.77144811
v -18.92883263 -4.33283424 -9.75792882
v -18.98719941 -4.24706841 -9.65372655
v -18.94770298 -4.28191900 -9.63648412
v -18.87612400 -4.37007618 -9.79520604
v -18.78670273 -4.38372755 -9.92498967
v -18.66331730 -4.39987612 -9.93810079
v -18.66331730 -4.41850090 -9.88439748
v -18.81170426 -4.39908028 -9.81925771
v -18.66331730 -4.42451239 -9.82787129
v -15.73142300 -4.36959982 -9.98621175
v -15.73142300 -4.39987612 -9.93810079
v -15.73142300 -4.41850090 -9.88439748
v -15.73142300 -4.42451239 -9.82787129
v -15.73142300 -4.41759920 -9.77144811
v -15.73142300 -4.39811850 -9.71804616
v -19.03490601 -4.22617674 -9.17042348
v -19.01602707 -4.26571608 -9.20450780
v -18.84700261 -4.36574173 -9.29254720
v -18.89944706 -4.35230589 -9.28027532
v -18.96926175 -4.23174477 -9.43898961
v -18.98609600 -4.30102873 -9.23514745
v -18.94658623 -4.33037472 -9.26082417
v -15.57880078 -4.36322927 -9.93954274
v -15.57136975 -4.39393377 -9.83408925
v -15.51243840 -4.36644459 -9.79074666
v -15.46294079 -4.33013296 -9.75428197
v -18.84673176 -4.38267756 -9.27251241
v -18.89917336 -4.36910963 -9.26039693
v -18.94630967 -4.34697199 -9.24118230
v -18.98581849 -4.31735611 -9.21582601
v -19.01575146 -4.28172207 -9.18557164
v -19.03463326 -4.24182606 -9.15191457
v -18.96733342 -4.32205868 -9.24221227
v -18.96724186 -4.32754850 -9.23571584
v -15.35983525 -4.22617674 -9.17042348
v -15.37871418 -4.26571608 -9.20450780
v -15.54773960 -4.36574173 -9.29254720
v -15.49529515 -4.35230589 -9.28027532
v -15.42563687 -4.23901892 -9.40023610
v -15.42628155 -4.26878500 -9.31997106
v -15.44815503 -4.33037472 -9.26082417
v -15.40864621 -4.30102873 -9.23514745
v -19.02818642 -4.60521841 -8.97873494
v -19.00969086 -4.60581779 -9.03155705
v -18.84011803 -4.60521841 -9.16680333
v -18.89294110 -4.60581779 -9.14830968
v -18.96344719 -4.50389194 -9.11616704
v -18.97990761 -4.60612488 -9.07894704
v -18.94033013 -4.60612488 -9.11852452
v -18.96546898 -4.41060972 -9.16030690
v -15.54801045 -4.38267756 -9.27251241
v -15.49556790 -4.36910963 -9.26039693
v -15.44843159 -4.34697199 -9.24118230
v -15.37898884 -4.28172207 -9.18557164
v -15.40892277 -4.31735611 -9.21582601
v -15.36010800 -4.24182606 -9.15191457
v -15.42750035 -4.32754850 -9.23571584
v -15.42740689 -4.32205868 -9.24221227
v -18.83705483 -4.78067875 -9.16374013
v -18.88987885 -4.78127813 -9.14524648
v -18.93726693 -4.78158569 -9.11546132
v -18.97684441 -4.78158569 -9.07588384
v -19.00662861 -4.78127813 -9.02849767
v -19.02512417 -4.78067875 -8.97567174
v -15.36655484 -4.60521841 -8.97873494
v -15.38505040 -4.60581779 -9.03155705
v -15.55462323 -4.60521841 -9.16680333
v -15.50179921 -4.60581779 -9.14830968
v -15.42927227 -4.41060972 -9.16030690
v -15.43129406 -4.50389194 -9.11616704
v -15.45441113 -4.60612488 -9.11852452
v -15.41483364 -4.60612488 -9.07894704
v -18.65090523 -4.97926331 -9.16067693
v -18.65090523 -5.11474562 -9.07573125
v -18.89964352 -4.92419195 -9.11417958
v -18.87860642 -4.95038176 -9.11726949
v -18.85988388 -4.96967268 -9.11952779
v -18.83443795 -4.99133158 -9.12203404
v -18.81204567 -5.00687313 -9.12382314
v -18.65090523 -5.07613707 -9.11370275
v -18.65090523 -5.03025866 -9.14246556
v -15.55768643 -4.78067875 -9.16374013
v -15.50486241 -4.78127813 -9.14524648
v -15.45747433 -4.78158569 -9.11546132
v -15.41789685 -4.78158569 -9.07588384
v -15.38811360 -4.78127813 -9.02849767
v -15.36961804 -4.78067875 -8.97567174
v -15.74383603 -5.11474562 -9.07573125
v -15.74383603 -5.07613707 -9.11370275
v -15.74383603 -5.03025866 -9.14246556
v -15.74383603 -4.97926331 -9.16067693
v -15.57613621 -5.00259209 -9.12328145
v -15.54930363 -4.98253822 -9.12101552
v -15.52499066 -4.95987749 -9.11838719
v -15.50107060 -4.93207550 -9.11510274
v -18.64689122 -5.41252756 -8.20958898
v -15.74785099 -5.41252756 -8.20958898
v -18.64689122 -5.40427685 -8.15334889
v -15.74785099 -5.40427685 -8.15334889
v -18.64689122 -5.38353395 -8.10042378
v -15.74785099 -5.38353395 -8.10042378
v -18.64689122 -5.35137224 -8.05355260
v -15.74785099 -5.35137224 -8.05355260
v -18.64689122 -5.30945301 -8.01515767
v -15.74785099 -5.30945301 -8.01515767
v -18.64689122 -5.25994492 -7.98722646
v -15.74785099 -5.25994492 -7.98722646
v -15.37454472 -5.06600714 -8.12989232
v -15.39323864 -5.08666992 -8.08162114
v -15.56252919 -5.13769674 -7.95747182
v -15.50989972 -5.13116026 -7.97461888
v -15.59568081 -5.37769794 -8.17912480
v -15.58806095 -5.33272886 -8.07874486
v -15.52900181 -5.28395987 -8.06388280
v -15.47930394 -5.23298120 -8.06009099
v -15.46264134 -5.12007666 -8.00200459
v -15.42309819 -5.10499668 -8.03827474
v -19.02019654 -5.06600714 -8.12989232
v -19.00150357 -5.08666992 -8.08162114
v -18.83221302 -5.13769674 -7.95747182
v -18.88484059 -5.13116026 -7.97461888
v -18.91245900 -5.23736334 -8.06108281
v -18.97164307 -5.10499668 -8.03827474
v -18.93210087 -5.12007666 -8.00200459
v -18.85956250 -5.28956699 -8.06488225
v -18.76991616 -5.38378716 -8.15451238
v -18.79505024 -5.32696104 -8.06402394
v -15.36937008 -4.77427006 -7.68547627
v -15.38836918 -4.82627010 -7.68547627
v -15.50489674 -4.94078016 -7.68547627
v -15.55721913 -4.95886993 -7.68547627
v -15.43831120 -4.95323658 -7.88532445
v -15.45783673 -4.91161823 -7.68547627
v -15.41834889 -4.87281370 -7.68547627
v -19.02537117 -4.77427006 -7.68547627
v -19.00637112 -4.82627010 -7.68547627
v -18.83752118 -4.95886993 -7.68547627
v -18.88984547 -4.94078016 -7.68547627
v -18.95643006 -4.95323658 -7.88532445
v -18.97639237 -4.87281370 -7.68547627
v -18.93690548 -4.91161823 -7.68547627
v -15.36937008 -4.77427006 -7.66547582
v -15.38836918 -4.82627010 -7.66547582
v -15.41834889 -4.87281370 -7.66547582
v -15.45783673 -4.91161823 -7.66547582
v -15.50489674 -4.94078016 -7.66547582
v -15.55721913 -4.95886993 -7.66547582
v -19.02537117 -4.77427006 -7.66547582
v -19.00637112 -4.82627010 -7.66547582
v -18.97639237 -4.87281370 -7.66547582
v -18.93690548 -4.91161823 -7.66547582
v -18.88984547 -4.94078016 -7.66547582
v -18.83752118 -4.95886993 -7.66547582
v -15.37455998 -5.06684160 -7.22069737
v -15.39325200 -5.08741426 -7.26900670
v -15.50991497 -5.13170385 -7.37609670
v -15.56254444 -5.13820791 -7.39325521
v -15.43831501 -4.95342445 -7.46533772
v -15.46265469 -5.12067175 -7.34868810
v -15.42311154 -5.10565948 -7.31239125
v -19.02018128 -5.06684160 -7.22069737
v -19.00148926 -5.08741426 -7.26900670
v -18.83219777 -5.13820791 -7.39325521
v -18.88482628 -5.13170385 -7.37609670
v -18.95642624 -4.95342445 -7.46533772
v -18.97162972 -5.10565948 -7.31239125
v -18.93208752 -5.12067175 -7.34868810
v -15.74786625 -5.41350985 -7.14165685
v -15.74786625 -5.26050997 -7.36372945
v -15.74786625 -5.31007051 -7.33589360
v -15.48229847 -5.23806906 -7.28983113
v -15.53519497 -5.29027939 -7.28613088
v -15.62484227 -5.38466644 -7.19667623
v -15.74786625 -5.40515327 -7.19788548
v -15.74786625 -5.38431120 -7.25076863
v -15.59970723 -5.32767105 -7.28706166
v -15.74786625 -5.35206127 -7.29757878
v -18.64687500 -5.41350985 -7.14165685
v -18.64687500 -5.26050997 -7.36372945
v -18.64687500 -5.31007051 -7.33589360
v -18.79904328 -5.37862349 -7.17205617
v -18.64687500 -5.40515327 -7.19788548
v -18.64687500 -5.38431120 -7.25076863
v -18.80666504 -5.33346653 -7.27235219
v -18.64687500 -5.35206127 -7.29757878
v -18.86572323 -5.28467035 -7.28711888
v -18.91542206 -5.23368502 -7.29081532
v -15.35872136 -4.16339636 -5.65271184
v -15.37766896 -4.21013689 -5.67569539
v -15.54659329 -4.32896471 -5.73515508
v -15.73151265 -4.37528992 -5.36419103
v -15.49421940 -4.31284952 -5.72684285
v -15.73151265 -4.40314436 -5.63242528
v -15.73151265 -4.42275715 -5.57907292
v -15.46599827 -4.33796120 -5.59237859
v -15.40762768 -4.25193834 -5.69636342
v -15.44712506 -4.28674603 -5.71369359
v -15.51870785 -4.37529469 -5.55519673
v -15.60813008 -4.38926601 -5.42544744
v -15.73151265 -4.40544653 -5.41237447
v -15.73151265 -4.42393875 -5.46612737
v -15.58312664 -4.40435743 -5.53121373
v -15.73151265 -4.42981005 -5.52266881
v -18.66322956 -4.37528992 -5.36419103
v -18.66322956 -4.40544653 -5.41237447
v -18.66322956 -4.42393875 -5.46612737
v -18.66322956 -4.42981005 -5.52266881
v -18.66322956 -4.42275715 -5.57907292
v -18.66322956 -4.40314436 -5.63242528
v -15.42558346 -4.23742485 -5.81045720
v -15.42585431 -4.24989128 -5.75674245
v -19.03602085 -4.16339636 -5.65271184
v -19.01707230 -4.21013689 -5.67569539
v -18.84814797 -4.32896471 -5.73515508
v -18.90052281 -4.31284952 -5.72684285
v -18.81584988 -4.36880302 -5.41084096
v -18.82328186 -4.39924765 -5.51637456
v -18.88221321 -4.37165165 -5.55964467
v -18.93171082 -4.33525085 -5.59601781
v -18.94761620 -4.28674603 -5.71369359
v -18.98711262 -4.25193834 -5.69636342
v -15.54807148 -4.38657045 -6.07788274
v -15.49563084 -4.37297201 -6.08996770
v -15.44849453 -4.35078716 -6.10912129
v -15.40898571 -4.32110929 -6.13440511
v -15.37905369 -4.28540134 -6.16456792
v -15.36017094 -4.24542332 -6.19812963
v -15.42747174 -4.32589531 -6.10805318
v -15.42756329 -4.33135986 -6.11455342
v -19.03484211 -4.22984648 -6.17961308
v -19.01596318 -4.26946974 -6.14562795
v -18.89938317 -4.35624647 -6.07007787
v -18.84693871 -4.36971331 -6.05784413
v -18.96918641 -4.23607969 -5.91106603
v -18.94652138 -4.33426666 -6.08947560
v -18.98603115 -4.30485773 -6.11507985
v -15.36663113 -4.60958004 -6.37222096
v -15.38512669 -4.61017942 -6.31939885
v -15.55469952 -4.60958004 -6.18415257
v -15.50187550 -4.61017942 -6.20265004
v -15.43136464 -4.50796795 -6.23469731
v -15.41490994 -4.61048651 -6.27200887
v -15.45448742 -4.61048651 -6.23243138
v -15.42933712 -4.41447639 -6.19031713
v -18.84666977 -4.38657045 -6.07788274
v -18.89910946 -4.37297201 -6.08996770
v -18.94624672 -4.35078716 -6.10912129
v -19.01568852 -4.28540134 -6.16456792
v -18.98575459 -4.32110929 -6.13440511
v -19.03457127 -4.24542332 -6.19812963
v -18.96717701 -4.33135986 -6.11455342
v -18.96726952 -4.32589531 -6.10805318
v -15.55773602 -4.78347588 -6.18718907
v -15.50491200 -4.78407526 -6.20568273
v -15.45752392 -4.78438234 -6.23546788
v -15.41794453 -4.78438234 -6.27504537
v -15.38816128 -4.78407526 -6.32243535
v -15.36966572 -4.78347588 -6.37525746
v -19.02811108 -4.60958004 -6.37222096
v -19.00961457 -4.61017942 -6.31939885
v -18.84004174 -4.60958004 -6.18415257
v -18.89286480 -4.61017942 -6.20265004
v -18.96540413 -4.41447639 -6.19031713
v -18.96337757 -4.50796795 -6.23469731
v -18.94025383 -4.61048651 -6.23243138
v -18.97983132 -4.61048651 -6.27200887
v -15.74387989 -4.98198700 -6.19027516
v -15.74387989 -5.11763525 -6.27552602
v -15.49512158 -4.92704582 -6.23682210
v -15.51615963 -4.95323801 -6.23374745
v -15.53488980 -4.97253561 -6.23149678
v -15.56033955 -4.99419355 -6.22900197
v -15.58273373 -5.00973415 -6.22722051
v -15.74387989 -5.07900810 -6.23742482
v -15.74387989 -5.03307104 -6.20855519
v -18.83700619 -4.78347588 -6.18718907
v -18.88983021 -4.78407526 -6.20568273
v -18.93721829 -4.78438234 -6.23546788
v -18.97679577 -4.78438234 -6.27504537
v -19.00657902 -4.78407526 -6.32243535
v -19.02507553 -4.78347588 -6.37525746
v -18.65086136 -4.98198700 -6.19027516
v -18.65086136 -5.03307104 -6.20855519
v -18.65086136 -5.07900810 -6.23742482
v -18.65086136 -5.11763525 -6.27552602
v -18.81856785 -5.00545073 -6.22776219
v -18.84540425 -4.98539925 -6.23001286
v -18.86972199 -4.96273756 -6.23263356
v -18.89364777 -4.93492794 -6.23590276
v -13.69580899 -4.39811850 0.95171931
v -13.60078488 -4.39811850 -0.07146642
v -13.74829731 -4.41759920 0.94188502
v -13.65418682 -4.41759920 -0.07146642
v -13.80375348 -4.42451239 0.93149379
v -13.71060810 -4.42451239 -0.07146642
v -13.85931263 -4.41850090 0.92108348
v -13.76713429 -4.41850090 -0.07146642
v -13.91210041 -4.39987612 0.91119578
v -13.82083950 -4.39987612 -0.07146642
v -13.95938740 -4.36959982 0.90233424
v -13.86895047 -4.36959982 -0.07146642
v -13.97762738 -4.39811850 1.93990901
v -14.02740727 -4.41759920 1.92057612
v -14.08000431 -4.42451239 1.90015224
v -14.13269482 -4.41850090 1.87969020
v -14.18275891 -4.39987612 1.86024669
v -14.22760640 -4.36959982 1.84283259
v -14.43660603 -4.39811850 2.85930064
v -14.48197422 -4.41759920 2.83113292
v -14.52990780 -4.42451239 2.80137065
v -14.57793103 -4.41850090 2.77155498
v -14.62355862 -4.39987612 2.74322703
v -14.66443119 -4.36959982 2.71784785
v -15.05703984 -4.39811850 3.67844584
v -15.09644566 -4.41759920 3.64240458
v -15.13808117 -4.42451239 3.60432628
v -15.17979107 -4.41850090 3.56617549
v -15.21942006 -4.39987612 3.52993205
v -15.25492154 -4.36959982 3.49746135
v -15.81771145 -4.39811850 4.36932948
v -15.84980641 -4.41759920 4.32664683
v -15.88371716 -4.42451239 4.28155330
v -15.91768895 -4.41850090 4.23637584
v -15.94996510 -4.39987612 4.19345286
v -15.97888050 -4.36959982 4.15499690
v -16.69260273 -4.39811850 4.90831950
v -16.71628819 -4.41759920 4.86045650
v -16.74131451 -4.42451239 4.80988887
v -16.76638470 -4.41850090 4.75922587
v -16.79020558 -4.39987612 4.71109202
v -16.81154499 -4.36959982 4.66797450
v -17.65178547 -4.39811850 5.27697566
v -18.66245423 -4.39811850 5.46269420
v -17.66625271 -4.41759920 5.22557261
v -18.66720734 -4.41759920 5.40950587
v -17.68153820 -4.42451239 5.17125896
v -18.67222939 -4.42451239 5.35330775
v -17.69685040 -4.41850090 5.11684993
v -18.67726002 -4.41850090 5.29700664
v -17.71139965 -4.39987612 5.06514934
v -18.68204079 -4.39987612 5.24351314
v -17.72443447 -4.36959982 5.01883891
v -18.68632279 -4.36959982 5.19559291
v -13.86895047 -4.36959982 -14.78058049
v -13.82083950 -4.39987612 -14.78058049
v -13.76713429 -4.41850090 -14.78058049
v -13.71060810 -4.42451239 -14.78058049
v -13.65418682 -4.41759920 -14.78058049
v -13.60078488 -4.39811850 -14.78058049
v -19.03579960 -4.16256380 5.48762324
v -19.01616059 -4.20981121 5.51153377
v -18.84198819 -4.32743025 5.57214549
v -18.89577065 -4.31222105 5.56403544
v -18.92924080 -4.33545017 5.43311122
v -18.98513661 -4.25187206 5.53293422
v -18.94431172 -4.28659916 5.55073741
v -18.89355908 -4.36270189 5.37387660
v -18.87905846 -4.37151861 5.39592555
v -18.86307392 -4.37762403 5.41784480
v -13.57989178 -4.15841913 -15.15336797
v -13.55702649 -4.20521593 -15.13442037
v -13.49786625 -4.32419157 -14.96549794
v -13.50614033 -4.30805492 -15.01786992
v -13.82228146 -4.36322927 -14.93320271
v -13.71682606 -4.39393377 -14.94063375
v -13.67348347 -4.36644459 -14.99956700
v -13.63702069 -4.33013296 -15.04906270
v -13.51922093 -4.28191900 -15.06496617
v -13.53646527 -4.24706841 -15.10445973
v -19.03522454 -4.22517300 6.02239421
v -19.01723538 -4.26386690 5.98907664
v -18.85504971 -4.36437798 5.90080455
v -18.90563546 -4.35009003 5.91376307
v -18.97031746 -4.23633099 5.78531459
v -18.98867569 -4.29862785 5.95895961
v -18.95088539 -4.32782507 5.93345454
v -18.96992932 -4.23076105 5.74992946
v -18.91674958 -4.27380753 5.76589015
v -13.05316220 -4.22617674 -15.15216634
v -13.08724652 -4.26571608 -15.13329122
v -13.16301403 -4.35230589 -15.01671025
v -13.17528401 -4.36574173 -14.96426579
v -13.32172642 -4.23174477 -15.08652303
v -13.14356099 -4.33037472 -15.06384847
v -13.11788426 -4.30102873 -15.10335729
v -18.85466156 -4.38132143 5.92081645
v -18.90527211 -4.36690617 5.93360713
v -18.95054684 -4.34443712 5.95305064
v -19.01694165 -4.27988338 6.00798610
v -18.98836098 -4.31496859 5.97823909
v -19.03494797 -4.24082804 6.04089931
v -18.97072373 -4.31953192 5.95201304
v -13.15525113 -4.38267756 -14.96399495
v -13.14313374 -4.36910963 -15.01643559
v -13.12392102 -4.34697199 -15.06357381
v -13.06831036 -4.28172207 -15.13301274
v -13.09856472 -4.31735611 -15.10308263
v -13.03465329 -4.24182606 -15.15189549
v -13.11845456 -4.32754850 -15.08450505
v -13.12495098 -4.32205868 -15.08459661
v -19.02864609 -4.60513783 6.21516994
v -19.01147995 -4.60567856 6.16409114
v -18.85230122 -4.60513783 6.02816203
v -18.90228520 -4.60567856 6.04829219
v -18.96832333 -4.50257206 6.08064082
v -18.98376713 -4.60595560 6.11787608
v -18.94679604 -4.60595560 6.07866862
v -12.86147175 -4.60521841 -15.14544866
v -12.91429577 -4.60581779 -15.12695119
v -13.04954205 -4.60521841 -14.95738027
v -13.03104649 -4.60581779 -15.01020238
v -13.04304562 -4.41060972 -15.08273122
v -12.99890576 -4.50389194 -15.08070943
v -13.00126324 -4.60612488 -15.05759236
v -12.96168385 -4.60612488 -15.09716985
v -18.84924946 -4.78548002 6.03115657
v -18.89921055 -4.78602028 6.05130198
v -19.00834618 -4.78602028 6.16708949
v -19.02550183 -4.78548002 6.21815303
v -18.96530495 -4.66610432 6.09827617
v -18.98064957 -4.78629732 6.12088206
v -18.94369946 -4.78629732 6.08167842
v -13.04647885 -4.78067875 -14.95431706
v -13.02798329 -4.78127813 -15.00713918
v -12.99820004 -4.78158569 -15.05452916
v -12.95862255 -4.78158569 -15.09410665
v -12.91123448 -4.78127813 -15.12389180
v -12.85841046 -4.78067875 -15.14238545
v -18.67471562 -4.97926331 6.02306560
v -18.66801510 -5.11474562 6.10774425
v -18.90498982 -4.92900372 6.08065990
v -18.88484631 -4.95405340 6.07686427
v -18.86688195 -4.97258520 6.07391551
v -18.84510193 -4.99133348 6.07076076
v -18.82365857 -5.00657988 6.06799510
v -18.67100964 -5.07613707 6.06989482
v -18.67327938 -5.03025866 6.04121974
v -13.04341374 -4.97926331 -14.76816747
v -12.95846997 -5.11474562 -14.76816747
v -13.00601826 -5.00259209 -14.93586537
v -13.02520237 -5.03025866 -14.76816747
v -12.99643956 -5.07613707 -14.76816747
v -13.00375424 -4.98253822 -14.96269795
v -13.00112591 -4.95987749 -14.98701283
v -12.99784146 -4.93207550 -15.01093099
v -12.95846997 -5.11474562 -0.07146642
v -17.67572461 -4.97926331 5.85995296
v -17.67131291 -5.03025866 5.87762263
v -17.66434346 -5.07613707 5.90553096
v -17.65514431 -5.11474562 5.94236568
v -16.71734105 -4.97926331 5.53424266
v -16.71007405 -5.03025866 5.55093959
v -16.69859372 -5.07613707 5.57731441
v -16.68344365 -5.11474562 5.61213115
v -15.82583485 -4.97926331 5.05486491
v -15.81591092 -5.03025866 5.07013133
v -15.80023823 -5.07613707 5.09425166
v -15.77955113 -5.11474562 5.12608912
v -15.02564488 -4.97926331 4.43495372
v -15.01333866 -5.03025866 4.44837764
v -14.99390088 -5.07613707 4.46957973
v -14.96824322 -5.11474562 4.49756816
v -14.33870945 -4.97926331 3.69151118
v -14.32435666 -5.03025866 3.70271876
v -14.30168782 -5.07613707 3.72042659
v -14.27176342 -5.11474562 3.74379542
v -13.78385792 -4.97926331 2.84491542
v -13.76785336 -5.03025866 2.85360148
v -13.74257336 -5.07613707 2.86732295
v -13.70920239 -5.11474562 2.88543513
v -13.37630139 -4.97926331 1.91836741
v -13.35908184 -5.03025866 1.92429545
v -13.33188305 -5.07613707 1.93365672
v -13.29598294 -5.11474562 1.94601634
v -13.12720929 -4.97926331 0.93727687
v -13.04341374 -4.97926331 -0.07146642
v -13.10924969 -5.03025866 0.94028285
v -13.02520237 -5.03025866 -0.07146642
v -12.99643956 -5.07613707 -0.07146642
v -13.08087788 -5.07613707 0.94502833
v -13.04343090 -5.11474562 0.95129207
v -12.09232769 -5.41252756 -0.07146642
v -18.64814434 -5.41252756 6.97485545
v -11.97076664 -5.25994492 1.13638881
v -11.86996518 -5.25994492 -0.07146642
v -11.99831067 -5.30945301 1.13175776
v -11.89789639 -5.30945301 -0.07146642
v -12.03617344 -5.35137224 1.12539485
v -11.93628941 -5.35137224 -0.07146642
v -12.08239613 -5.38353395 1.11762813
v -11.98316059 -5.38353395 -0.07146642
v -12.13458882 -5.40427685 1.10885432
v -12.03608570 -5.40427685 -0.07146642
v -12.19005261 -5.41252756 1.09953120
v -12.27038060 -5.25994492 2.31083110
v -12.29677639 -5.30945301 2.30169871
v -12.33306179 -5.35137224 2.28914836
v -12.37735615 -5.38353395 2.27382472
v -12.42737255 -5.40427685 2.25652125
v -12.48052464 -5.41252756 2.23813441
v -12.76051960 -5.25994492 3.41936305
v -12.78503666 -5.30945301 3.40598109
v -12.81873761 -5.35137224 3.38759044
v -12.85988102 -5.38353395 3.36513713
v -12.90633641 -5.40427685 3.33978465
v -12.95570622 -5.41252756 3.31284144
v -13.42762051 -5.25994492 4.43131831
v -13.44958172 -5.30945301 4.41406062
v -13.47976933 -5.35137224 4.39033702
v -13.51662121 -5.38353395 4.36137202
v -13.55823193 -5.40427685 4.32867244
v -13.60245190 -5.41252756 4.29391673
v -14.25323162 -5.25994492 5.31870082
v -14.27202855 -5.30945301 5.29804042
v -14.29786549 -5.35137224 5.26964000
v -14.32940541 -5.38353395 5.23497203
v -14.36502133 -5.40427685 5.19582561
v -14.40286885 -5.41252756 5.15422252
v -15.21450863 -5.25994492 6.05695918
v -15.22962056 -5.30945301 6.03347209
v -15.25039349 -5.35137224 6.00118068
v -15.27575169 -5.38353395 5.96176341
v -15.30438481 -5.40427685 5.91725352
v -15.33481274 -5.41252756 5.86995509
v -16.28485928 -5.25994492 6.62567332
v -16.29586850 -5.30945301 6.60000041
v -16.31099949 -5.35137224 6.56471446
v -16.32947407 -5.38353395 6.52163890
v -16.35033474 -5.40427685 6.47300151
v -16.37250195 -5.41252756 6.42130855
v -17.43466816 -5.25994492 7.00909999
v -18.63212834 -5.25994492 7.19663814
v -18.63414059 -5.30945301 7.16877940
v -17.44127140 -5.30945301 6.98196223
v -17.45034466 -5.35137224 6.94465449
v -18.63690529 -5.35137224 7.13048747
v -17.46142254 -5.38353395 6.89911082
v -18.64028130 -5.38353395 7.08373836
v -18.64409409 -5.40427685 7.03095057
v -17.47393284 -5.40427685 6.84768870
v -17.48722515 -5.41252756 6.79303935
v -12.09232769 -5.41252756 -14.76415441
v -12.03608570 -5.40427685 -14.76415441
v -11.98316059 -5.38353395 -14.76415441
v -11.93628941 -5.35137224 -14.76415441
v -11.89789639 -5.30945301 -14.76415441
v -11.86996518 -5.25994492 -14.76415441
v -19.01976452 -5.06804800 7.06368831
v -18.99991665 -5.08918810 7.11332133
v -18.82185326 -5.13947630 7.23666575
v -18.87682305 -5.13361406 7.22090724
v -18.90719376 -5.24069738 7.13371852
v -18.96827183 -5.10778713 7.15756038
v -18.92650471 -5.12286139 7.19406703
v -18.85275898 -5.29274464 7.12836268
v -18.79440842 -5.33790684 7.11175731
v -12.01262913 -5.06600714 -15.13745687
v -11.96435795 -5.08666992 -15.11876485
v -11.84021054 -5.13769674 -14.94947621
v -11.85735569 -5.13116026 -15.00210378
v -12.06186161 -5.37769794 -14.91632268
v -11.96148167 -5.33272886 -14.92394444
v -11.94662152 -5.28395987 -14.98299977
v -11.94282780 -5.23298120 -15.03269765
v -11.88474331 -5.12007666 -15.04936406
v -11.92101155 -5.10499668 -15.08890721
v -19.02454529 -4.77690029 7.50807384
v -19.00365029 -4.83112192 7.50807765
v -18.83069191 -4.96017790 7.50808146
v -18.87940274 -4.95856142 7.41847041
v -18.92798958 -4.91818810 7.50808146
v -18.97100602 -4.87916565 7.50807765
v -18.87707291 -4.94616795 7.50808146
v -18.95388565 -4.95554972 7.30874064
v -18.87602005 -5.05708027 7.26946452
v -11.56821309 -4.77427006 -15.14263341
v -11.56821309 -4.82627010 -15.12363240
v -11.56821309 -4.94078016 -15.00710866
v -11.56821309 -4.95886993 -14.95478246
v -11.76806317 -4.95323658 -15.07369039
v -11.56821309 -4.91161823 -15.05416677
v -11.56821309 -4.87281370 -15.09365651
v -19.02537117 -4.77427006 7.52809718
v -19.00637112 -4.82627010 7.52809718
v -18.97639237 -4.87281370 7.52809718
v -18.93690548 -4.91161823 7.52809718
v -18.88984547 -4.94078016 7.52809718
v -18.83752118 -4.95886993 7.52809718
v -11.54821263 -4.77427006 -15.14263341
v -11.54821263 -4.82627010 -15.12363240
v -11.54821263 -4.87281370 -15.09365651
v -11.54821263 -4.91161823 -15.05416677
v -11.54821263 -4.94078016 -15.00710866
v -11.54821263 -4.95886993 -14.95478246
v -19.02054844 -5.06509161 7.97405055
v -19.00283871 -5.08527994 7.92696193
v -18.84116803 -5.13669395 7.80237010
v -18.89172230 -5.12963390 7.82061580
v -18.95873604 -4.95129108 7.72945598
v -18.97450409 -5.10330820 7.88440898
v -18.93687497 -5.11832809 7.84839824
v -11.10343609 -5.06684160 -15.13744542
v -11.15174542 -5.08741426 -15.11875340
v -11.25883541 -5.13170385 -15.00208852
v -11.27599392 -5.13820791 -14.94946095
v -11.34807454 -4.95342445 -15.07368657
v -11.23142681 -5.12067175 -15.04934880
v -11.19512806 -5.10565948 -15.08889195
v -18.64582501 -5.41350985 8.04505733
v -18.65978394 -5.26050997 7.82342341
v -18.65803395 -5.31007051 7.85120585
v -18.79973851 -5.37791443 8.01900294
v -18.64935933 -5.40515327 7.98894313
v -18.65268383 -5.38431120 7.93616298
v -18.81253682 -5.33146715 7.92059901
v -18.65562592 -5.35206127 7.88944438
v -18.87125550 -5.28200817 7.90782741
v -11.02439556 -5.41350985 -14.76413533
v -11.24646817 -5.26050997 -14.76413533
v -11.21863041 -5.31007051 -14.76413533
v -11.17256985 -5.23806906 -15.02970693
v -11.16886769 -5.29027939 -14.97680852
v -11.07941494 -5.38466644 -14.88715932
v -11.08062230 -5.40515327 -14.76413533
v -11.13350735 -5.38431120 -14.76413533
v -11.16979847 -5.32767105 -14.91229436
v -11.18031559 -5.35206127 -14.76413533
v -11.24646817 -5.26050997 -0.07146642
v -17.47946225 -5.26050997 7.65914348
v -17.47355900 -5.31007051 7.68634990
v -17.46543370 -5.35206127 7.72379115
v -17.45550595 -5.38431120 7.76953700
v -17.44429074 -5.40515327 7.82121852
v -17.43236790 -5.41350985 7.87616923
v -16.33721028 -5.26050997 7.31942561
v -16.32728825 -5.31007051 7.34543422
v -16.31362973 -5.35206127 7.38123134
v -16.29694424 -5.38431120 7.42496684
v -16.27809201 -5.40515327 7.47437861
v -16.25804959 -5.41350985 7.52691081
v -15.25895367 -5.26050997 6.81197169
v -15.24523602 -5.31007051 6.83619502
v -15.22635517 -5.35206127 6.86953547
v -15.20328961 -5.38431120 6.91026881
v -15.17722950 -5.40515327 6.95628551
v -15.14952336 -5.41350985 7.00521281
v -14.26916180 -5.26050997 6.14830211
v -14.25195942 -5.31007051 6.17019084
v -14.22828541 -5.35206127 6.20031550
v -14.19936238 -5.38431120 6.23711970
v -14.16668568 -5.40515327 6.27869990
v -14.13194332 -5.41350985 6.32290843
v -13.39029560 -5.26050997 5.34347728
v -13.37000142 -5.31007051 5.36253169
v -13.34207211 -5.35206127 5.38876155
v -13.30794773 -5.38431120 5.42080119
v -13.26939450 -5.40515327 5.45700267
v -13.22840557 -5.41350985 5.49549296
v -12.64230404 -5.26050997 4.41576198
v -12.61937771 -5.31007051 4.43155482
v -12.58782444 -5.35206127 4.45328715
v -12.54927311 -5.38431120 4.47984126
v -12.50572071 -5.40515327 4.50984004
v -12.45941601 -5.41350985 4.54173472
v -12.04216061 -5.26050997 3.38621333
v -12.01712094 -5.31007051 3.39837840
v -11.98266087 -5.35206127 3.41512874
v -11.94055996 -5.38431120 3.43558696
v -11.89299450 -5.40515327 3.45870402
v -11.84242306 -5.41350985 3.48327830
v -11.60348378 -5.26050997 2.27819255
v -11.57690297 -5.31007051 2.28645900
v -11.54031620 -5.35206127 2.29783824
v -11.49561940 -5.38431120 2.31174281
v -11.44512234 -5.40515327 2.32745173
v -11.39143238 -5.41350985 2.34415248
v -11.33623181 -5.26050997 1.11684611
v -11.30870877 -5.31007051 1.12102702
v -11.21863041 -5.31007051 -0.07146642
v -11.27083073 -5.35206127 1.12678340
v -11.18031559 -5.35206127 -0.07146642
v -11.22455082 -5.38431120 1.13381389
v -11.13350735 -5.38431120 -0.07146642
v -11.08062230 -5.40515327 -0.07146642
v -11.17226658 -5.40515327 1.14175990
v -11.11667881 -5.41350985 1.15020564
v -11.02439556 -5.41350985 -0.07146642
v -10.06992588 -4.78347588 -14.95426747
v -10.06689129 -4.60958004 -14.95730397
v -10.08842144 -4.78407526 -15.00709340
v -10.08538685 -4.61017942 -15.01012609
v -10.11820469 -4.78438234 -15.05447957
v -10.11517010 -4.61048651 -15.05751607
v -10.15778218 -4.78438234 -15.09405705
v -10.15474759 -4.61048651 -15.09709355
v -10.20517216 -4.78407526 -15.12384221
v -10.20213566 -4.61017942 -15.12687489
v -10.25799427 -4.78347588 -15.14233586
v -10.25495968 -4.60958004 -15.14537236
v -10.07301197 -4.98198700 -14.76812551
v -10.15826092 -5.11763525 -14.76812551
v -10.11955700 -4.92704582 -15.01688191
v -10.11648236 -4.95323801 -14.99584386
v -10.11423550 -4.97253561 -14.97711370
v -10.11174069 -4.99419355 -14.95166585
v -10.10995922 -5.00973415 -14.92926976
v -10.12016163 -5.07900810 -14.76812551
v -10.09129200 -5.03307104 -14.76812551
v -10.08086453 -4.24542332 -15.15183446
v -10.04730664 -4.28540134 -15.13295171
v -9.96062146 -4.38657045 -14.96393010
v -9.97270451 -4.37297201 -15.01637074
v -10.11743603 -4.50796795 -15.08064076
v -10.07305584 -4.41447639 -15.08266637
v -9.99186001 -4.35078716 -15.06350896
v -10.01714192 -4.32110929 -15.10301778
v -10.15826092 -5.11763525 -0.07146642
v -10.12016163 -5.07900810 -0.07146642
v -10.09129200 -5.03307104 -0.07146642
v -10.07301197 -4.98198700 -0.07146642
v -9.94058285 -4.36971331 -14.96420094
v -9.95281659 -4.35624647 -15.01664540
v -9.97221241 -4.33426666 -15.06378362
v -10.02836476 -4.26946974 -15.13322637
v -9.99781666 -4.30485773 -15.10329244
v -10.06234990 -4.22984648 -15.15210530
v -9.99078999 -4.32589531 -15.08453176
v -9.99728833 -4.33135986 -15.08444020
v -18.63348256 -4.98198700 8.99742320
v -18.63839589 -5.11763525 8.91231349
v -10.17680607 -4.98198700 1.29782298
v -10.19487629 -5.03307104 1.29506495
v -10.22341595 -5.07900810 1.29071239
v -10.26108227 -5.11763525 1.28497127
v -10.48581753 -4.98198700 2.63582042
v -10.50326596 -5.03307104 2.63037303
v -10.53082333 -5.07900810 2.62176707
v -10.56719265 -5.11763525 2.61041453
v -10.99298153 -4.98198700 3.91195109
v -11.00940953 -5.03307104 3.90393641
v -11.03535519 -5.07900810 3.89127543
v -11.06959782 -5.11763525 3.87456706
v -11.68671093 -4.98198700 5.09705165
v -11.70174275 -5.03307104 5.08665278
v -11.72548352 -5.07900810 5.07022670
v -11.75681553 -5.11763525 5.04854777
v -12.55115185 -4.98198700 6.16404155
v -12.56444416 -5.03307104 6.15149501
v -12.58543835 -5.07900810 6.13167766
v -12.61314450 -5.11763525 6.10552409
v -13.56654988 -4.98198700 7.08854106
v -13.57779942 -5.03307104 7.07413295
v -13.59556637 -5.07900810 7.05137828
v -13.61901532 -5.11763525 7.02134517
v -14.70970211 -4.98198700 7.84941295
v -14.71865139 -5.03307104 7.83347514
v -14.73278485 -5.07900810 7.80830195
v -14.75143872 -5.11763525 7.77507976
v -15.95448552 -4.98198700 8.42928126
v -15.96092854 -5.03307104 8.41217616
v -15.97110615 -5.07900810 8.38516047
v -15.98453961 -5.11763525 8.34950450
v -17.27245007 -4.98198700 8.81488612
v -18.63453637 -5.03307104 8.97917369
v -17.27624379 -5.03307104 8.79700664
v -18.63620053 -5.07900810 8.95035365
v -17.28223286 -5.07900810 8.76876262
v -17.29013691 -5.11763525 8.73149302
v -9.53544865 -4.16339636 -15.15328404
v -9.55843220 -4.21013689 -15.13433263
v -9.60957966 -4.31284952 -15.01778600
v -9.61789379 -4.32896471 -14.96541020
v -9.79380093 -4.23607969 -15.08644673
v -9.59643231 -4.28674603 -15.06487844
v -9.57910023 -4.25193834 -15.10437581
v -18.82815895 -4.78002071 9.00955394
v -18.88300763 -4.78066540 8.99238017
v -19.00530587 -4.78066540 8.87516978
v -19.02479325 -4.78002071 8.82109645
v -18.80781231 -5.00730228 8.96695903
v -18.83565197 -4.98724604 8.96564677
v -18.86109219 -4.96434879 8.96382716
v -18.88623772 -4.93606663 8.96128276
v -18.97398625 -4.78099632 8.92336085
v -18.93248902 -4.78099632 8.96313289
v -9.24692784 -4.37528992 -14.78049275
v -9.51516400 -4.40314436 -14.78049275
v -9.46181164 -4.42275715 -14.78049275
v -9.47511540 -4.33796120 -15.04600713
v -9.43793164 -4.37529469 -14.99329564
v -9.30818425 -4.38926601 -14.90387532
v -9.29511319 -4.40544653 -14.78049275
v -9.34886608 -4.42393875 -14.78049275
v -9.41395245 -4.40435743 -14.92887685
v -9.40540562 -4.42981005 -14.78049275
v -18.83120690 -4.60964251 9.01264003
v -18.88603936 -4.61028671 8.99545482
v -19.00829182 -4.61028671 8.87824824
v -19.02777062 -4.60964251 8.82419017
v -18.95538578 -4.72424555 8.94546702
v -18.97698365 -4.61061764 8.92643550
v -18.93550263 -4.61061764 8.96620753
v -9.24692784 -4.37528992 -0.07146642
v -9.29511319 -4.40544653 -0.07146642
v -9.34886608 -4.42393875 -0.07146642
v -9.40540562 -4.42981005 -0.07146642
v -9.46181164 -4.42275715 -0.07146642
v -9.51516400 -4.40314436 -0.07146642
v -19.03435288 -4.24613667 8.99782374
v -19.01486359 -4.28671455 9.03184321
v -18.84124909 -4.38753319 9.11818126
v -18.89492188 -4.37454033 9.10659984
v -18.96234951 -4.41598845 9.00739100
v -18.98399792 -4.32281351 9.06230357
v -18.94332657 -4.35259438 9.08765224
v -17.34244404 -4.40314436 9.39808085
v -18.66376458 -4.40314436 9.55774501
v -17.33240185 -4.42275715 9.45048335
v -18.66103516 -4.42275715 9.61102870
v -17.32178746 -4.42981005 9.50588038
v -18.65814934 -4.42981005 9.66736033
v -17.31114636 -4.42393875 9.56141093
v -18.65525780 -4.42393875 9.72382548
v -17.30102978 -4.40544653 9.61420253
v -18.65250740 -4.40544653 9.77750590
v -17.29196225 -4.37528992 9.66152385
v -18.65004311 -4.37528992 9.82562831
v -16.05569706 -4.40314436 9.05798533
v -16.03853474 -4.42275715 9.10850337
v -16.02039204 -4.42981005 9.16191295
v -16.00220738 -4.42393875 9.21544841
v -15.98491726 -4.40544653 9.26634028
v -15.96941815 -4.37528992 9.31196788
v -14.82804356 -4.40314436 8.54393199
v -14.80408917 -4.42275715 8.59160808
v -14.77876530 -4.42981005 8.64200786
v -14.75337849 -4.42393875 8.69252971
v -14.72924672 -4.40544653 8.74055675
v -14.70761166 -4.37528992 8.78361323
v -13.68287526 -4.40314436 7.86572078
v -13.65258465 -4.42275715 7.90963939
v -13.62056027 -4.42981005 7.95607188
v -13.58845959 -4.42393875 8.00261882
v -13.55794201 -4.40544653 8.04686549
v -13.53058491 -4.37528992 8.08653453
v -12.64201222 -4.40314436 7.03626826
v -12.60596142 -4.42275715 7.07560161
v -12.56784878 -4.42981005 7.11718181
v -12.52964459 -4.42393875 7.15886119
v -12.49332486 -4.40544653 7.19848445
v -12.46076641 -4.37528992 7.23400691
v -11.72528897 -4.40314436 6.07138637
v -11.68416462 -4.42275715 6.10537913
v -11.64069043 -4.42981005 6.14131358
v -11.59710942 -4.42393875 6.17733577
v -11.55567990 -4.40544653 6.21158031
v -11.51853810 -4.37528992 6.24228099
v -10.95017109 -4.40314436 4.98945430
v -10.90475903 -4.42275715 5.01746181
v -10.85674725 -4.42981005 5.04706767
v -10.80862294 -4.42393875 5.07674602
v -10.76287136 -4.40544653 5.10495952
v -10.72185765 -4.37528992 5.13025096
v -10.33142910 -4.40314436 3.81109431
v -10.28259144 -4.42275715 3.83257869
v -10.23096142 -4.42981005 3.85529140
v -10.17920933 -4.42393875 3.87805751
v -10.13000737 -4.40544653 3.89970210
v -10.08590184 -4.37528992 3.91910747
v -9.88085041 -4.40314436 2.55875209
v -9.82951985 -4.42275715 2.57330516
v -9.77525578 -4.42981005 2.58868983
v -9.72086010 -4.42393875 2.60411647
v -9.66914616 -4.40544653 2.61878016
v -9.62278805 -4.37528992 2.63192180
v -9.60702382 -4.40314436 1.25629237
v -9.55417881 -4.42275715 1.26363948
v -9.49831067 -4.42981005 1.27140620
v -9.44230900 -4.42393875 1.27919200
v -9.38906918 -4.40544653 1.28659251
v -9.34134350 -4.37528992 1.29323009
v -18.84146462 -4.37067747 9.13826182
v -18.89515267 -4.35781670 9.12654307
v -18.94357262 -4.33607674 9.10735896
v -19.01513062 -4.27078485 9.05083278
v -18.98425637 -4.30656433 9.08168605
v -19.03462181 -4.23056078 9.01637843
v -18.96485291 -4.33315659 9.08223918
v -19.03618870 -4.16107893 9.53972056
v -19.01761589 -4.20758677 9.51735881
v -18.90317021 -4.31054831 9.46723750
v -18.85157643 -4.32716608 9.45887187
v -18.80801258 -4.36940145 9.78349116
v -18.82006703 -4.39872456 9.67838099
v -18.88104592 -4.37047720 9.63602260
v -18.94946633 -4.28416443 9.48022273
v -18.98823700 -4.24928427 9.49720195
v -18.96873341 -4.23670721 9.28324321
v -18.89401493 -4.31070185 9.20346644
v -9.24225674 3.46959996 -3.49704549
v -9.51042233 3.49811864 -3.49704549
v -9.45702038 3.51759911 -3.49704549
v -9.28892575 3.46322918 -3.64966771
v -9.29036580 3.49987602 -3.49704549
v -9.34407292 3.51850104 -3.49704549
v -9.39438115 3.49393392 -3.65709874
v -9.40059719 3.52451229 -3.49704549
v -9.43772374 3.46644449 -3.71603200
v -9.47418652 3.43013287 -3.76552770
v -9.51042233 3.49811864 -0.07146642
v -9.45702038 3.51759911 -0.07146642
v -9.40059719 3.52451229 -0.07146642
v -9.34407292 3.51850104 -0.07146642
v -9.29036580 3.49987602 -0.07146642
v -9.24225674 3.46959996 -0.07146642
v -10.05804501 3.32617664 -3.86863515
v -10.02395878 3.36571598 -3.84975621
v -9.93592320 3.46574163 -3.68073079
v -9.94819127 3.45230579 -3.73317525
v -9.82823239 3.33901882 -3.80283162
v -9.90849934 3.36878514 -3.80218694
v -9.96764431 3.43037462 -3.78031346
v -9.99332295 3.40102887 -3.81982228
v -17.29135189 3.46959996 9.66616633
v -18.65010414 3.46959996 9.83030894
v -17.30040417 3.49987602 9.61891368
v -18.65256367 3.49987602 9.78226283
v -17.31050930 3.51850104 9.56616786
v -18.65530930 3.51850104 9.72862819
v -17.32114659 3.52451229 9.51065257
v -18.65819893 3.52451229 9.67217448
v -17.33176289 3.51759911 9.45523646
v -18.66108380 3.51759911 9.61582759
v -17.34181080 3.49811864 9.40279201
v -18.66381417 3.49811864 9.56249431
v -15.96814785 3.46959996 9.31646922
v -15.98362217 3.49987602 9.27091411
v -16.00089512 3.51850104 9.22006419
v -16.01907597 3.52451229 9.16654017
v -16.03722248 3.51759911 9.11311534
v -16.05439816 3.49811864 9.06255153
v -14.70571003 3.46959996 8.78788569
v -14.72730885 3.49987602 8.74489787
v -14.75142155 3.51850104 8.69690898
v -14.77679882 3.52451229 8.64639857
v -14.80212841 3.51759911 8.59598353
v -14.82610379 3.49811864 8.54826549
v -13.52809010 3.46959996 8.09048656
v -13.55540333 3.49987602 8.05088237
v -13.58589421 3.51850104 8.00667003
v -13.61798535 3.52451229 7.96013835
v -13.65001736 3.51759911 7.91369060
v -13.68033657 3.49811864 7.86973002
v -12.45772992 3.46959996 7.23756221
v -12.49023686 3.49987602 7.20209697
v -12.52652607 3.51850104 7.16250422
v -12.56471882 3.52451229 7.12083629
v -12.60284291 3.51759911 7.07924083
v -12.63892613 3.49811864 7.03987315
v -11.51502476 3.46959996 6.24536326
v -11.55210743 3.49987602 6.21471217
v -11.59350071 3.51850104 6.18049434
v -11.63707028 3.52451229 6.14447978
v -11.68055783 3.51759911 6.10853389
v -11.72171841 3.49811864 6.07451060
v -10.71793805 3.46959996 5.13279536
v -10.75888691 3.49987602 5.10754207
v -10.80460034 3.51850104 5.07935145
v -10.85271130 3.52451229 5.04968074
v -10.90073643 3.51759911 5.02006724
v -10.94619046 3.49811864 4.99203685
v -10.08165799 3.46959996 3.92106059
v -10.12569485 3.49987602 3.90168956
v -10.17485295 3.51850104 3.88006022
v -10.22659359 3.52451229 3.85730174
v -10.27823887 3.51759911 3.83458140
v -10.32712040 3.49811864 3.81307414
v -9.61830769 3.46959996 2.63324931
v -9.66459332 3.49987602 2.62012675
v -9.71626339 3.51850104 2.60547450
v -9.77064381 3.52451229 2.59005549
v -9.82492695 3.51759911 2.57466319
v -9.87630330 3.49811864 2.56009486
v -9.33671818 3.46959996 1.29389766
v -9.38437138 3.49987602 1.28727534
v -9.43756543 3.51850104 1.27987865
v -9.49355183 3.52451229 1.27209285
v -9.54943715 3.51759911 1.26432231
v -9.60232983 3.49811864 1.25697139
v -9.95595417 3.48267746 -3.68045995
v -9.96807347 3.46910954 -3.73290059
v -9.98728428 3.44697189 -3.78003880
v -10.04289685 3.38172197 -3.84948155
v -10.01264248 3.41735601 -3.81954762
v -10.07655392 3.34182620 -3.86836049
v -9.99275074 3.42754865 -3.80097005
v -9.98625622 3.42205858 -3.80106160
v -19.03627453 3.25611091 9.54384807
v -19.01769886 3.30267644 9.52160075
v -18.85164318 3.42240047 9.46342280
v -18.90324078 3.40576363 9.47174647
v -18.93905983 3.42124057 9.59439662
v -18.98831616 3.34442544 9.50155070
v -18.94954167 3.37934828 9.48465922
v -18.91279374 3.43802738 9.69135478
v -18.89606247 3.45575929 9.62906459
v -18.87211953 3.47045803 9.64683345
v -18.85703812 3.47833347 9.65596583
v -18.77885304 3.48409486 9.77297404
v -18.83270512 3.48173380 9.59468272
v -18.79496251 3.50308442 9.67289927
v -10.24973355 3.70521855 -3.86191365
v -10.19691143 3.70581794 -3.84342000
v -10.06166516 3.70521855 -3.67384526
v -10.08016072 3.70581794 -3.72666738
v -10.06816159 3.51060963 -3.79919621
v -10.11230145 3.60389209 -3.79717443
v -10.10994397 3.70612502 -3.77405736
v -10.14952145 3.70612502 -3.81363484
v -19.03468476 3.32689118 9.02069285
v -19.01519356 3.36703157 9.05525020
v -18.84151612 3.46670628 9.14293101
v -18.89520798 3.45387673 9.13117793
v -18.96879635 3.33242655 9.28727534
v -18.98431740 3.40273619 9.08619121
v -18.94363079 3.43218470 9.11194041
v -18.89847145 3.38143420 9.38408473
v -10.06472836 3.88067889 -3.67078206
v -10.08322392 3.88127828 -3.72360799
v -10.11300717 3.88158584 -3.77099416
v -10.15258465 3.88158584 -3.81057164
v -10.19997273 3.88127828 -3.84035680
v -10.25279675 3.88067889 -3.85885045
v -18.84129868 3.48364067 9.12285808
v -18.89497528 3.47067809 9.11124232
v -18.94338284 3.44877958 9.09224132
v -18.98405705 3.41906095 9.06681636
v -19.01492558 3.38303566 9.03626445
v -19.03441487 3.34253955 9.00214198
v -18.96499596 3.42385674 9.09330943
v -10.06779347 4.07926369 -3.48463246
v -10.15273533 4.21474600 -3.48463246
v -10.10518895 4.10259247 -3.65233418
v -10.08600293 4.13025904 -3.48463246
v -10.11476765 4.17613745 -3.48463246
v -10.10745297 4.08253860 -3.67916677
v -10.11008129 4.05987787 -3.70347783
v -10.11336575 4.03207588 -3.72739980
v -19.02784691 3.70528102 8.82942012
v -19.00836811 3.70592523 8.88347819
v -18.83128987 3.70528102 9.01787379
v -18.88612042 3.70592523 9.00068858
v -18.95988522 3.60515618 8.96868327
v -18.97706280 3.70625615 8.93166545
v -18.93558274 3.70625615 8.97143748
v -10.15273533 4.21474600 -0.07146642
v -10.11476765 4.17613745 -0.07146642
v -10.08600293 4.13025904 -0.07146642
v -10.06779347 4.07926369 -0.07146642
v -18.82821427 3.87720704 9.01475719
v -18.88306198 3.87785172 8.99758342
v -19.02484284 3.87720704 8.82630351
v -19.00535641 3.87785172 8.88037303
v -18.95645771 3.76360679 8.95171550
v -18.97403775 3.87818265 8.92856410
v -18.93254147 3.87818265 8.96833613
v -18.63841401 4.21474600 8.91785243
v -18.63352166 4.07926369 9.00265315
v -10.25562535 4.21474600 1.28583720
v -10.21809063 4.17613745 1.29155925
v -10.18965397 4.13025904 1.29589656
v -10.17165242 4.07926369 1.29864314
v -10.56193791 4.21474600 2.61212352
v -10.52569447 4.17613745 2.62344172
v -10.49823819 4.13025904 2.63201335
v -10.48085461 4.07926369 2.63744166
v -11.06467495 4.21474600 3.87708095
v -11.03055249 4.17613745 3.89373210
v -11.00470219 4.13025904 3.90634730
v -10.98833523 4.07926369 3.91433146
v -11.75234852 4.21474600 5.05180171
v -11.72112522 4.17613745 5.07340816
v -11.69747219 4.13025904 5.08977321
v -11.68249569 4.07926369 5.10013392
v -12.60924206 4.21474600 6.10944179
v -12.58163319 4.17613745 6.13550380
v -12.56071530 4.13025904 6.15524867
v -12.54747258 4.07926369 6.16774943
v -13.61577282 4.21474600 7.02582744
v -13.59240780 4.17613745 7.05575374
v -13.57470570 4.13025904 7.07842448
v -13.56350003 4.07926369 7.09277919
v -14.74894009 4.21474600 7.78001597
v -14.73035107 4.17613745 7.81311992
v -14.71627102 4.13025904 7.83820155
v -14.70735417 4.07926369 7.85408214
v -15.98284398 4.21474600 8.35477260
v -15.96945820 4.17613745 8.39030269
v -15.95931874 4.13025904 8.41721919
v -15.95289860 4.07926369 8.43426326
v -17.28928814 4.21474600 8.73695949
v -17.28141079 4.17613745 8.77410319
v -18.63622723 4.17613745 8.95575526
v -17.27544461 4.13025904 8.80224422
v -18.63457070 4.13025904 8.98447230
v -17.27166806 4.07926369 8.82005885
v -18.90093193 4.01318884 8.96464351
v -18.88013420 4.04074287 8.96727946
v -18.85936222 4.06323481 8.96927073
v -18.83655701 4.08367968 8.97089961
v -18.80877076 4.10378218 8.97227290
v -11.24124203 4.35994530 -3.48061940
v -11.24124203 4.35994530 -0.07146642
v -11.21331082 4.40945339 -3.48061940
v -11.21331082 4.40945339 -0.07146642
v -11.17491589 4.45137262 -3.48061940
v -11.17491589 4.45137262 -0.07146642
v -11.12804661 4.48353434 -3.48061940
v -11.12804661 4.48353434 -0.07146642
v -11.07512150 4.50427723 -3.48061940
v -11.07512150 4.50427723 -0.07146642
v -11.01887951 4.51252794 -3.48061940
v -11.01887951 4.51252794 -0.07146642
v -18.65976582 4.35994530 7.82865718
v -17.43147908 4.51252794 7.88162044
v -18.64579735 4.51252794 8.05058101
v -17.44340382 4.50427723 7.82665446
v -18.64933072 4.50427723 7.99445155
v -17.45462666 4.48353434 7.77493480
v -18.65265522 4.48353434 7.94162944
v -17.46456395 4.45137262 7.72912791
v -18.65559922 4.45137262 7.89485362
v -17.47270451 4.40945339 7.69161037
v -18.65801106 4.40945339 7.85653499
v -17.47862683 4.35994530 7.66431239
v -16.25632344 4.51252794 7.53215602
v -16.27636967 4.50427723 7.47960856
v -16.29523335 4.48353434 7.43015864
v -16.31193982 4.45137262 7.38636592
v -16.32562504 4.40945339 7.35049632
v -16.33557949 4.35994530 7.32439616
v -15.14699994 4.51252794 7.01012233
v -15.17471371 4.50427723 6.96117976
v -15.20079098 4.48353434 6.91512874
v -15.22388707 4.45137262 6.87434199
v -15.24280415 4.40945339 6.84093287
v -15.25656758 4.35994530 6.81662944
v -14.12868748 4.51252794 6.32736400
v -14.16343747 4.50427723 6.28314403
v -14.19613705 4.48353434 6.24152949
v -14.22509823 4.45137262 6.20467570
v -14.24881993 4.40945339 6.17449000
v -14.26607762 4.35994530 6.15252879
v -13.22449551 4.51252794 5.49938396
v -13.26549397 4.50427723 5.46088222
v -13.30407391 4.48353434 5.42465404
v -13.33824215 4.45137262 5.39257243
v -13.36623059 4.40945339 5.36628917
v -13.38659153 4.35994530 5.34716990
v -12.45494519 4.51252794 4.54496577
v -12.50126324 4.50427723 4.51306346
v -12.54484806 4.48353434 4.48304179
v -12.58344899 4.45137262 4.45645335
v -12.61506710 4.40945339 4.43467525
v -12.63806973 4.35994530 4.41882899
v -11.83750401 4.51252794 3.48577693
v -11.88808880 4.50427723 3.46119121
v -11.93569050 4.48353434 3.43805888
v -11.97784481 4.45137262 3.41757014
v -12.01237736 4.40945339 3.40078929
v -12.03749905 4.35994530 3.38858226
v -11.38618527 4.51252794 2.34585383
v -11.43988858 4.50427723 2.32914546
v -11.49042378 4.48353434 2.31342509
v -11.53517971 4.45137262 2.29950526
v -11.57184086 4.40945339 2.28809932
v -11.59851132 4.35994530 2.27980235
v -11.11122952 4.51252794 1.15106395
v -11.16683445 4.50427723 1.14261821
v -11.21915684 4.48353434 1.13466456
v -11.26549588 4.45137262 1.12762645
v -11.30345402 4.40945339 1.12185863
v -11.33106861 4.35994530 1.11766246
v -11.09857808 4.16600752 -3.85392568
v -11.14684925 4.18667030 -3.83522984
v -11.27099667 4.23769712 -3.66594121
v -11.25385151 4.23116064 -3.71856877
v -11.04934369 4.47769833 -3.63278768
v -11.14972554 4.43272924 -3.64040944
v -11.16458378 4.38396025 -3.69946858
v -11.16837941 4.33298159 -3.74916646
v -11.22646389 4.22007704 -3.76582906
v -11.19019566 4.20499706 -3.80537221
v -19.02056275 4.16424608 7.97890285
v -18.84117089 4.23617506 7.80736354
v -18.89172707 4.22908068 7.82559398
v -18.96716748 4.31299877 7.97017863
v -19.00285111 4.18452454 7.93185237
v -18.97451363 4.20263386 7.88933757
v -18.93688259 4.21772242 7.85335353
v -18.87162648 4.38095856 7.91306499
v -18.77193509 4.48289108 7.99940684
v -18.84225712 4.40565443 7.91631511
v -18.82627259 4.36277246 7.86669734
v -18.78376828 4.43392754 7.91168025
v -11.54299412 3.87427020 -3.85909841
v -11.54299412 3.92627025 -3.84010121
v -11.54299412 4.04078054 -3.72357366
v -11.54299412 4.05887032 -3.67125127
v -11.34314213 4.05323696 -3.79015920
v -11.54299412 4.01161861 -3.77063176
v -11.54299412 3.97281384 -3.81012151
v -19.02454529 3.87690043 7.53333095
v -19.00365029 3.93112206 7.53333095
v -18.83069096 4.06017828 7.53333095
v -18.87707196 4.04616833 7.53333095
v -18.95873795 4.05088472 7.73404506
v -18.97100602 3.97916579 7.53333095
v -18.92798958 4.01818848 7.53333095
v -11.56299458 4.05887032 -3.67125127
v -11.56299458 4.04078054 -3.72357366
v -11.56299458 4.01161861 -3.77063176
v -11.56299458 3.97281384 -3.81012151
v -11.56299458 3.92627025 -3.84010121
v -11.56299458 3.87427020 -3.85909841
v -19.02537117 3.87427020 7.51329997
v -19.00637112 3.92627025 7.51329997
v -18.97639237 3.97281384 7.51329997
v -18.93690548 4.01161861 7.51329997
v -18.88984547 4.04078054 7.51329997
v -18.83752118 4.05887032 7.51329997
v -12.00777111 4.16684198 -3.85391042
v -11.95946179 4.18741465 -3.83521840
v -11.85237179 4.23170424 -3.71855351
v -11.83521328 4.23820829 -3.66592595
v -11.76313076 4.05342484 -3.79015538
v -11.87978039 4.22067213 -3.76581380
v -11.91607914 4.20565987 -3.80535695
v -19.01975022 4.16886759 7.06856349
v -18.99990235 4.18991661 7.11823466
v -18.82183705 4.23997641 7.24167827
v -18.87680779 4.23414326 7.22590831
v -18.95387230 4.05591059 7.31342891
v -18.96825753 4.20843363 7.16251185
v -18.92649041 4.22344065 7.19904521
v -18.88314209 4.05709743 7.42292979
v -12.08681164 4.51351023 -3.48060414
v -11.86473713 4.36051035 -3.48060414
v -11.89257679 4.41007090 -3.48060414
v -11.93863545 4.33806944 -3.74617192
v -11.94233952 4.39027977 -3.69327352
v -12.03179036 4.48466682 -3.60362813
v -12.03058491 4.50515366 -3.48060414
v -11.97769986 4.48431158 -3.48060414
v -11.94140873 4.42767143 -3.62876317
v -11.93088971 4.45206165 -3.48060414
v -18.64807663 4.51351023 6.98037913
v -18.63209114 4.36051035 7.20187953
v -18.63409481 4.41007090 7.17411235
v -18.79799137 4.47953129 7.01562694
v -18.64402924 4.50515366 7.03646281
v -18.64022217 4.48431158 7.08920863
v -18.79957066 4.43587780 7.11774257
v -18.63685284 4.45206165 7.13589671
v -18.85907898 4.38785648 7.13486674
v -18.91022358 4.33700752 7.13998607
v -11.86473713 4.36051035 -0.07146642
v -11.89257679 4.41007090 -0.07146642
v -11.93088971 4.45206165 -0.07146642
v -11.97769986 4.48431158 -0.07146642
v -12.03058491 4.50515366 -0.07146642
v -12.08681164 4.51351023 -0.07146642
v -12.18461857 4.51351023 1.10048106
v -12.12917004 4.50515366 1.10980037
v -12.07701741 4.48431158 1.11856654
v -12.03085575 4.45206165 1.12632564
v -11.99307118 4.41007090 1.13267711
v -11.96561680 4.36051035 1.13729289
v -12.47533474 4.51351023 2.24000743
v -12.42219792 4.50515366 2.25839046
v -12.37221966 4.48431158 2.27567866
v -12.32798252 4.45206165 2.29098323
v -12.29177342 4.41007090 2.30351069
v -12.26546536 4.36051035 2.31260875
v -12.95091687 4.51351023 3.31558040
v -12.90156231 4.50515366 3.34251597
v -12.85514126 4.48431158 3.36784938
v -12.81405125 4.45206165 3.39027598
v -12.78042088 4.41007090 3.40863231
v -12.75598393 4.36051035 3.42196849
v -13.59820614 4.51351023 4.29744151
v -13.55399952 4.50515366 4.33218577
v -13.51241932 4.48431158 4.36486629
v -13.47561512 4.45206165 4.39378932
v -13.44549237 4.41007090 4.41746715
v -13.42360363 4.36051035 4.43466762
v -14.39929257 4.51351023 5.15842631
v -14.36145649 4.50515366 5.20001796
v -14.32586918 4.48431158 5.23913768
v -14.29436932 4.45206165 5.27375987
v -14.26858578 4.41007090 5.30210307
v -14.24985371 4.36051035 5.32269481
v -15.33201466 4.51351023 5.87471202
v -15.30159436 4.50515366 5.92199901
v -15.27298413 4.48431158 5.96647456
v -15.24766026 4.45206165 6.00584224
v -15.22693119 4.41007090 6.03806880
v -15.21187077 4.36051035 6.06147960
v -16.37056218 4.51351023 6.42648128
v -16.34840451 4.50515366 6.47815516
v -16.32756100 4.48431158 6.52676204
v -16.30911312 4.45206165 6.56978038
v -16.29401265 4.41007090 6.60499385
v -16.28304158 4.36051035 6.63057902
v -17.48620663 4.51351023 6.79846766
v -17.47292004 4.50515366 6.85310176
v -17.46042118 4.48431158 6.90448955
v -17.44936047 4.45206165 6.94997218
v -17.44030629 4.41007090 6.98720363
v -17.43372593 4.36051035 7.01424983
v -13.03819332 4.08198738 -0.07146642
v -13.03819332 4.08198738 -3.48459050
v -13.01991520 4.13307142 -0.07146642
v -13.01991520 4.13307142 -3.48459050
v -12.99104557 4.17900848 -0.07146642
v -12.99104557 4.17900848 -3.48459050
v -12.95294438 4.21763563 -3.48459050
v -12.95294438 4.21763563 -0.07146642
v -18.67463456 4.08198738 6.02829555
v -17.65409527 4.21763563 5.94779780
v -18.66791401 4.21763563 6.11327937
v -17.66332493 4.17900848 5.91083339
v -18.67091713 4.17900848 6.07529643
v -17.67031727 4.13307142 5.88282588
v -18.67319355 4.13307142 6.04651835
v -17.67474614 4.08198738 5.86509135
v -16.68147717 4.21763563 5.61730006
v -16.69668064 4.17900848 5.58236506
v -16.70819912 4.13307142 5.55589488
v -16.71549282 4.08198738 5.53913310
v -15.77672825 4.21763563 5.13084605
v -15.79748593 4.17900848 5.09889796
v -15.81321583 4.13307142 5.07468989
v -15.82317601 4.08198738 5.05935863
v -14.96464787 4.21763563 4.50176814
v -14.99039326 4.17900848 4.47368052
v -15.00990162 4.13307142 4.45240214
v -15.02225361 4.08198738 4.43892863
v -14.26750050 4.21763563 3.74731257
v -14.29752789 4.17900848 3.72386363
v -14.32028065 4.13307142 3.70609096
v -14.33468686 4.08198738 3.69484141
v -13.70439968 4.21763563 2.88817027
v -13.73788510 4.17900848 2.86999324
v -13.76325856 4.13307142 2.85622218
v -13.77932415 4.08198738 2.84750178
v -13.29078160 4.21763563 1.94788554
v -13.32680760 4.17900848 1.93548396
v -13.35410557 4.13307142 1.92608836
v -13.37138996 4.08198738 1.92013743
v -13.03798733 4.21763563 0.95224193
v -13.07556591 4.17900848 0.94595531
v -13.10403881 4.13307142 0.94119075
v -13.12206707 4.08198738 0.93817332
v -13.04128132 3.88347602 -3.67073247
v -13.02278576 3.88407540 -3.72355840
v -12.85321103 3.88347602 -3.85880467
v -12.90603505 3.88407540 -3.84030721
v -12.99164830 4.02704620 -3.73334691
v -12.99300061 3.88438249 -3.77094457
v -12.95342312 3.88438249 -3.81052205
v -12.99472294 4.05323839 -3.71230885
v -12.99697171 4.07253599 -3.69357869
v -12.99946652 4.09419394 -3.66813085
v -13.00124798 4.10973454 -3.64573476
v -18.84919224 3.88824677 6.03635600
v -18.89915619 3.88878751 6.05650142
v -19.00829659 3.88878751 6.17229274
v -19.02545319 3.88824677 6.22335628
v -18.83292065 4.10314751 6.07452205
v -18.85836754 4.08315659 6.07794383
v -18.88118420 4.06084681 6.08152583
v -18.90349255 4.03370905 6.08566096
v -18.98059903 3.88906455 6.12608531
v -18.94364605 3.88906455 6.08688167
v -13.04431591 3.70958018 -3.67376897
v -13.02582035 3.71017957 -3.72659490
v -12.99603711 3.71048665 -3.77398107
v -12.95645962 3.71048665 -3.81355855
v -12.90907154 3.71017957 -3.84334371
v -12.85624752 3.70958018 -3.86183736
v -18.85221730 3.70949912 6.03338817
v -18.90220318 3.71004033 6.05352214
v -19.02856980 3.70949912 6.22039989
v -19.01140271 3.71004033 6.16932109
v -18.96420823 3.82951713 6.10449031
v -18.98368893 3.71031737 6.12310222
v -18.94671593 3.71031737 6.08389476
v -13.03034077 3.34542346 -3.86829946
v -13.06390057 3.38540125 -3.84941670
v -13.15058575 3.48657036 -3.68039891
v -13.13850270 3.47297215 -3.73283956
v -12.99377118 3.60796809 -3.79710576
v -13.03815136 3.51447654 -3.79913136
v -13.11934719 3.45078707 -3.77997396
v -13.09406338 3.42110920 -3.81948277
v -19.03488408 3.34442711 6.04520610
v -19.01687489 3.38356543 6.01238826
v -18.85457287 3.48521638 5.92547801
v -18.90518818 3.47077179 5.93823054
v -18.96968518 3.51196289 6.04015162
v -18.98828850 3.41872501 5.98272899
v -18.95046864 3.44825578 5.95761683
v -13.12041531 3.42589545 -3.80099675
v -13.11391697 3.43135977 -3.80090520
v -18.85495911 3.46835160 5.90545848
v -18.90555058 3.45403337 5.91837886
v -18.95080529 3.43172073 5.93801311
v -18.98860226 3.40245962 5.96344188
v -19.01716671 3.36762285 5.99347499
v -19.03515969 3.32884431 6.02669719
v -18.97053967 3.42884135 5.96302226
v -13.57575856 3.26339626 -3.86974904
v -13.55277310 3.31013680 -3.85080144
v -13.50162754 3.41284943 -3.73425099
v -13.49331150 3.42896485 -3.68187520
v -13.41801319 3.33742476 -3.80288503
v -13.47172795 3.34989119 -3.80261418
v -13.51477490 3.38674617 -3.78134343
v -13.53210698 3.35193825 -3.82084081
v -19.03571186 3.26755214 5.49179271
v -19.01606903 3.31474471 5.51581767
v -18.84187374 3.43221235 5.57672313
v -18.89566193 3.41702747 5.56857493
v -18.96983586 3.33506155 5.75373652
v -18.98504124 3.35675550 5.53732493
v -18.94421063 3.39143991 5.55521586
v -13.86427746 3.47528982 -3.49695775
v -13.59604321 3.50314450 -3.49695775
v -13.64939556 3.52275705 -3.49695775
v -13.63609181 3.43796110 -3.76247212
v -13.67327366 3.47529459 -3.70976064
v -13.80302296 3.48926592 -3.62034032
v -13.81609211 3.50544667 -3.49695775
v -13.76234112 3.52393866 -3.49695775
v -13.69725476 3.50435734 -3.64534184
v -13.70580159 3.52980995 -3.49695775
v -18.68616162 3.47528982 5.20026973
v -18.66229878 3.50314450 5.46744349
v -18.66704522 3.52275705 5.41430095
v -18.82909928 3.46792865 5.25396922
v -18.68187485 3.50544667 5.24826243
v -18.67709313 3.52393866 5.30180171
v -18.82414208 3.50181055 5.35768321
v -18.67206345 3.52980995 5.35811809
v -18.89331017 3.46805429 5.37842753
v -18.87882672 3.47680545 5.40049556
v -18.86283741 3.48285484 5.42245296
v -18.91704331 3.44761181 5.44958308
v -13.59604321 3.50314450 -0.07146642
v -13.64939556 3.52275705 -0.07146642
v -13.70580159 3.52980995 -0.07146642
v -13.76234112 3.52393866 -0.07146642
v -13.81609211 3.50544667 -0.07146642
v -13.86427746 3.47528982 -0.07146642
v -13.95480214 3.47528982 0.90322688
v -13.90744076 3.50544667 0.91209987
v -13.85460720 3.52393866 0.92199901
v -13.79903469 3.52980995 0.93241313
v -13.74359379 3.52275705 0.94280055
v -13.69115315 3.50314450 0.95262340
v -14.22327290 3.47528982 1.84458354
v -14.17835675 3.50544667 1.86202434
v -14.12825070 3.52393866 1.88148311
v -14.07554493 3.52980995 1.90195277
v -14.02296696 3.52275705 1.92237285
v -13.97323094 3.50314450 1.94168666
v -14.66051159 3.47528982 2.72039607
v -14.61957608 3.50544667 2.74581340
v -14.57391034 3.52393866 2.77416423
v -14.52587567 3.52980995 2.80399135
v -14.47795735 3.52275705 2.83374217
v -14.43262921 3.50314450 2.86188701
v -15.25156079 3.47528982 3.50070766
v -15.21600399 3.50544667 3.53322795
v -15.17634068 3.52393866 3.56950953
v -15.13462124 3.52980995 3.60766795
v -15.09300099 3.52275705 3.64573863
v -15.05363140 3.50314450 3.68174556
v -15.97620068 3.47528982 4.15883067
v -15.94724141 3.50544667 4.19734385
v -15.91493855 3.52393866 4.24030498
v -15.88095913 3.52980995 4.28549388
v -15.84705983 3.52275705 4.33057597
v -15.81499730 3.50314450 4.37322047
v -16.80964337 3.47528982 4.67224696
v -16.78827343 3.50544667 4.71543315
v -16.76443348 3.52393866 4.76360896
v -16.73935757 3.52980995 4.81428340
v -16.71434269 3.52275705 4.86483958
v -16.69068013 3.50314450 4.91265681
v -17.72338353 3.47528982 5.02339747
v -17.71033154 3.50544667 5.06978038
v -17.69577084 3.52393866 5.12152293
v -17.68045674 3.52980995 5.17595103
v -17.66517887 3.52275705 5.23024562
v -17.65072689 3.50314450 5.28160670
v -13.86427746 3.47528982 -11.84877583
v -13.57575856 3.26339626 -11.47598454
v -13.59604321 3.50314450 -11.84877583
v -13.64939556 3.52275705 -11.84877583
v -13.55277310 3.31013680 -11.49493215
v -13.49331150 3.42896485 -11.66385457
v -13.50162754 3.41284943 -11.61147878
v -13.81762753 3.46880317 -11.69615361
v -13.81609211 3.50544667 -11.84877583
v -13.76234112 3.52393866 -11.84877583
v -13.71209584 3.49924779 -11.68872258
v -13.70580159 3.52980995 -11.84877583
v -13.66882382 3.47165179 -11.62978932
v -13.63245259 3.43525076 -11.58029363
v -13.51477490 3.38674617 -11.56438634
v -13.53210698 3.35193825 -11.52488896
v -13.59604321 3.50314450 -14.78049275
v -13.64939556 3.52275705 -14.78049275
v -13.70580159 3.52980995 -14.78049275
v -13.76234112 3.52393866 -14.78049275
v -13.81609211 3.50544667 -14.78049275
v -13.86427746 3.47528982 -14.78049275
v -13.04885731 3.32984662 -11.47716329
v -13.08284245 3.36946964 -11.49604222
v -13.15839062 3.45624661 -11.61261937
v -13.17062436 3.46971345 -11.66506383
v -13.31740437 3.33607984 -11.54281804
v -13.13899289 3.43426681 -11.56548116
v -13.11339054 3.40485787 -11.52597234
v -13.57575856 3.26339626 -15.15328404
v -13.55277310 3.31013680 -15.13433263
v -13.49331150 3.42896485 -14.96541020
v -13.50162754 3.41284943 -15.01778600
v -13.63609181 3.43796110 -15.04600713
v -13.53210698 3.35193825 -15.10437581
v -13.51477490 3.38674617 -15.06487844
v -13.67327366 3.47529459 -14.99329564
v -13.80302296 3.48926592 -14.90387532
v -13.69725476 3.50435734 -14.92887685
v -13.15058575 3.48657036 -11.66533467
v -13.13850270 3.47297215 -11.61289403
v -13.11934719 3.45078707 -11.56575582
v -13.06390057 3.38540125 -11.49631688
v -13.09406338 3.42110920 -11.52624700
v -13.03034077 3.34542346 -11.47743413
v -13.11391697 3.43135977 -11.54482457
v -13.12041531 3.42589545 -11.54473302
v -13.41801319 3.33742476 -15.08642003
v -13.47172795 3.34989119 -15.08614919
v -12.85624752 3.70958018 -11.48389241
v -12.90907154 3.71017957 -11.50238988
v -13.04431591 3.70958018 -11.67196080
v -13.02582035 3.71017957 -11.61913869
v -13.03815136 3.51447654 -11.54659841
v -12.99377118 3.60796809 -11.54862401
v -12.99603711 3.71048665 -11.57174870
v -12.95645962 3.71048665 -11.53217122
v -13.15058575 3.48657036 -14.96393010
v -13.13850270 3.47297215 -15.01637074
v -13.11934719 3.45078707 -15.06350896
v -13.09406338 3.42110920 -15.10301778
v -13.06390057 3.38540125 -15.13295171
v -13.03034077 3.34542346 -15.15183446
v -13.12041531 3.42589545 -15.08453176
v -13.11391697 3.43135977 -15.08444020
v -13.04128132 3.88347602 -11.67499730
v -13.02278576 3.88407540 -11.62217519
v -12.99300061 3.88438249 -11.57478520
v -12.95342312 3.88438249 -11.53520772
v -12.90603505 3.88407540 -11.50542256
v -12.85321103 3.88347602 -11.48692891
v -12.85624752 3.70958018 -15.14537236
v -12.90907154 3.71017957 -15.12687489
v -13.04431591 3.70958018 -14.95730397
v -13.02582035 3.71017957 -15.01012609
v -12.99377118 3.60796809 -15.08064076
v -12.95645962 3.71048665 -15.09709355
v -12.99603711 3.71048665 -15.05751607
v -13.03815136 3.51447654 -15.08266637
v -13.03819332 4.08198738 -11.86114308
v -12.95294438 4.21763563 -11.86114308
v -13.00070820 4.10545111 -11.69343373
v -13.01991520 4.13307142 -11.86114308
v -12.99104557 4.17900848 -11.86114308
v -12.99845562 4.08539963 -11.66660115
v -12.99583683 4.06273794 -11.64228246
v -12.99256764 4.03492832 -11.61835668
v -12.85321103 3.88347602 -15.14233586
v -12.90603505 3.88407540 -15.12384221
v -12.95342312 3.88438249 -15.09405705
v -12.99300061 3.88438249 -15.05447957
v -13.02278576 3.88407540 -15.00709340
v -13.04128132 3.88347602 -14.95426747
v -13.03819332 4.08198738 -14.76812551
v -13.01991520 4.13307142 -14.76812551
v -12.99104557 4.17900848 -14.76812551
v -12.95294438 4.21763563 -14.76812551
v -12.99164830 4.02704620 -15.01688191
v -12.99472294 4.05323839 -14.99584386
v -12.99697171 4.07253599 -14.97711370
v -12.99946652 4.09419394 -14.95166585
v -13.00124798 4.10973454 -14.92926976
v -11.86473713 4.36051035 -11.86512944
v -11.86473713 4.36051035 -14.76413533
v -11.89257679 4.41007090 -11.86512944
v -11.89257679 4.41007090 -14.76413533
v -11.93088971 4.45206165 -11.86512944
v -11.93088971 4.45206165 -14.76413533
v -11.97769986 4.48431158 -11.86512944
v -11.97769986 4.48431158 -14.76413533
v -12.03058491 4.50515366 -14.76413533
v -12.03058491 4.50515366 -11.86512944
v -12.08681164 4.51351023 -14.76413533
v -12.08681164 4.51351023 -11.86512944
v -12.00777111 4.16684198 -15.13744542
v -11.95946179 4.18741465 -15.11875340
v -11.83521328 4.23820829 -14.94946095
v -11.85237179 4.23170424 -15.00208852
v -11.93863545 4.33806944 -15.02970693
v -11.91607914 4.20565987 -15.08889195
v -11.87978039 4.22067213 -15.04934880
v -11.94233952 4.39027977 -14.97680852
v -12.03179036 4.48466682 -14.88715932
v -11.94140873 4.42767143 -14.91229436
v -12.00777111 4.16684198 -11.49182317
v -11.95946179 4.18741465 -11.51051518
v -11.83521328 4.23820829 -11.67980763
v -11.85237179 4.23170424 -11.62717626
v -12.05641423 4.47862387 -11.71296117
v -11.95611821 4.43346691 -11.70533940
v -11.94135151 4.38467073 -11.64628026
v -11.93765316 4.33368540 -11.59658238
v -11.87978039 4.22067213 -11.57991597
v -11.91607914 4.20565987 -11.54037282
v -11.56299458 3.87427020 -15.14263341
v -11.56299458 3.92627025 -15.12363240
v -11.56299458 4.05887032 -14.95478246
v -11.56299458 4.04078054 -15.00710866
v -11.76313076 4.05342484 -15.07368657
v -11.56299458 3.97281384 -15.09365651
v -11.56299458 4.01161861 -15.05416677
v -11.56299458 3.87427020 -11.48663136
v -11.56299458 3.92627025 -11.50563237
v -11.56299458 4.04078054 -11.62215993
v -11.56299458 4.05887032 -11.67448232
v -11.76313076 4.05342484 -11.55557820
v -11.56299458 4.01161861 -11.57509801
v -11.56299458 3.97281384 -11.53561208
v -11.54299412 3.87427020 -15.14263341
v -11.54299412 3.92627025 -15.12363240
v -11.54299412 3.97281384 -15.09365651
v -11.54299412 4.01161861 -15.05416677
v -11.54299412 4.04078054 -15.00710866
v -11.54299412 4.05887032 -14.95478246
v -11.54299412 4.05887032 -11.67448232
v -11.54299412 4.04078054 -11.62215993
v -11.54299412 4.01161861 -11.57509801
v -11.54299412 3.97281384 -11.53561208
v -11.54299412 3.92627025 -11.50563237
v -11.54299412 3.87427020 -11.48663136
v -11.09857808 4.16600752 -15.13745687
v -11.14684925 4.18667030 -15.11876485
v -11.27099667 4.23769712 -14.94947621
v -11.25385151 4.23116064 -15.00210378
v -11.34314213 4.05323696 -15.07369039
v -11.19019566 4.20499706 -15.08890721
v -11.22646389 4.22007704 -15.04936406
v -11.09857808 4.16600752 -11.49180791
v -11.14684925 4.18667030 -11.51049993
v -11.25385151 4.23116064 -11.62716100
v -11.27099667 4.23769712 -11.67979238
v -11.34314213 4.05323696 -11.55557439
v -11.22646389 4.22007704 -11.57990453
v -11.19019566 4.20499706 -11.54036138
v -11.01887951 4.51252794 -14.76415441
v -11.24124203 4.35994530 -14.76415441
v -11.21331082 4.40945339 -14.76415441
v -11.04934369 4.47769833 -14.91632268
v -11.07512150 4.50427723 -14.76415441
v -11.12804661 4.48353434 -14.76415441
v -11.14972554 4.43272924 -14.92394444
v -11.17491589 4.45137262 -14.76415441
v -11.16458378 4.38396025 -14.98299977
v -11.16837941 4.33298159 -15.03269765
v -11.01887951 4.51252794 -11.86511418
v -11.24124203 4.35994530 -11.86511418
v -11.21331082 4.40945339 -11.86511418
v -11.16738758 4.33736372 -11.59954259
v -11.16358624 4.38956738 -11.65244100
v -11.07395611 4.48378754 -11.74208638
v -11.07512150 4.50427723 -11.86511418
v -11.12804661 4.48353434 -11.86511418
v -11.16444455 4.42696142 -11.71695134
v -11.17491589 4.45137262 -11.86511418
v -10.15273533 4.21474600 -11.86109731
v -10.15273533 4.21474600 -14.76816747
v -10.11476765 4.17613745 -11.86109731
v -10.11476765 4.17613745 -14.76816747
v -10.08600293 4.13025904 -11.86109731
v -10.08600293 4.13025904 -14.76816747
v -10.06779347 4.07926369 -11.86109731
v -10.06779347 4.07926369 -14.76816747
v -10.06472836 3.88067889 -14.95431706
v -10.08322392 3.88127828 -15.00713918
v -10.19997273 3.88127828 -15.12389180
v -10.25279675 3.88067889 -15.14238545
v -10.10518895 4.10259247 -14.93586537
v -10.10745297 4.08253860 -14.96269795
v -10.11008129 4.05987787 -14.98701283
v -10.11336575 4.03207588 -15.01093099
v -10.15258465 3.88158584 -15.09410665
v -10.11300717 3.88158584 -15.05452916
v -10.06472836 3.88067889 -11.67494771
v -10.08322392 3.88127828 -11.62212560
v -10.25279675 3.88067889 -11.48687932
v -10.19997273 3.88127828 -11.50537679
v -10.11428700 4.02419233 -11.61235997
v -10.11300717 3.88158584 -11.57473561
v -10.15258465 3.88158584 -11.53515813
v -10.11119900 4.05038214 -11.63339803
v -10.10894261 4.06967306 -11.65212056
v -10.10643635 4.09133196 -11.67756459
v -10.10464726 4.10687351 -11.69995687
v -10.24973355 3.70521855 -15.14544866
v -10.19691143 3.70581794 -15.12695119
v -10.14952145 3.70612502 -15.09716985
v -10.10994397 3.70612502 -15.05759236
v -10.08016072 3.70581794 -15.01020238
v -10.06166516 3.70521855 -14.95738027
v -10.06166516 3.70521855 -11.67188451
v -10.08016072 3.70581794 -11.61906239
v -10.10994397 3.70612502 -11.57167241
v -10.14952145 3.70612502 -11.53209493
v -10.19691143 3.70581794 -11.50231359
v -10.24973355 3.70521855 -11.48381612
v -10.07655392 3.34182620 -15.15189549
v -10.04289685 3.38172197 -15.13301274
v -9.95595417 3.48267746 -14.96399495
v -9.96807347 3.46910954 -15.01643559
v -10.06816159 3.51060963 -15.08273122
v -10.01264248 3.41735601 -15.10308263
v -9.98728428 3.44697189 -15.06357381
v -10.11230145 3.60389209 -15.08070943
v -10.07655392 3.34182620 -11.47736928
v -10.04289685 3.38172197 -11.49625203
v -9.95595417 3.48267746 -11.66527364
v -9.96807347 3.46910954 -11.61282918
v -10.11230145 3.60389209 -11.54855535
v -10.06816159 3.51060963 -11.54653356
v -9.98728428 3.44697189 -11.56569478
v -10.01264248 3.41735601 -11.52618596
v -9.93592320 3.46574163 -14.96426579
v -9.94819127 3.45230579 -15.01671025
v -9.96764431 3.43037462 -15.06384847
v -10.02395878 3.36571598 -15.13329122
v -9.99332295 3.40102887 -15.10335729
v -10.05804501 3.32617664 -15.15216634
v -9.99275074 3.42754865 -15.08450505
v -9.98625622 3.42205858 -15.08459661
v -9.93592320 3.46574163 -11.66500279
v -9.94819127 3.45230579 -11.61255834
v -9.96764431 3.43037462 -11.56541631
v -10.02395878 3.36571598 -11.49597737
v -9.99332295 3.40102887 -11.52590749
v -10.05804501 3.32617664 -11.47709844
v -9.98625622 3.42205858 -11.54466817
v -9.99275074 3.42754865 -11.54476354
v -9.82823239 3.33901882 -15.08636662
v -9.90849934 3.36878514 -15.08572194
v -9.53131352 3.25841904 -11.47589681
v -9.55418072 3.30521607 -11.49484441
v -9.60506688 3.40805507 -11.61139485
v -9.61333905 3.42419171 -11.66376683
v -9.78948079 3.33174491 -11.54274175
v -9.59198628 3.38191891 -11.56430242
v -9.57474194 3.34706831 -11.52480504
v -9.24225674 3.46959996 -14.78058049
v -9.51042233 3.49811864 -14.78058049
v -9.45702038 3.51759911 -14.78058049
v -9.28892575 3.46322918 -14.93320271
v -9.29036580 3.49987602 -14.78058049
v -9.34407292 3.51850104 -14.78058049
v -9.39438115 3.49393392 -14.94063375
v -9.40059719 3.52451229 -14.78058049
v -9.43772374 3.46644449 -14.99956700
v -9.47418652 3.43013287 -15.04906270
v -9.24225674 3.46959996 -11.84868428
v -9.51042233 3.49811864 -11.84868428
v -9.45702038 3.51759911 -11.84868428
v -9.47054158 3.43283439 -11.58316991
v -9.43326435 3.47007632 -11.63588140
v -9.30347882 3.48372769 -11.72530171
v -9.29036580 3.49987602 -11.84868428
v -9.34407292 3.51850104 -11.84868428
v -9.40921078 3.49908018 -11.70030019
v -9.40059719 3.52451229 -11.84868428
v -18.66322956 3.47528982 -9.98153874
v -18.66322956 3.50314450 -9.71330449
v -18.66322956 3.52275705 -9.76665685
v -18.81584988 3.46880317 -9.93488881
v -18.66322956 3.50544667 -9.93335530
v -18.66322956 3.52393866 -9.87960240
v -18.82328186 3.49924779 -9.82935903
v -18.66322956 3.52980995 -9.82306478
v -18.88221321 3.47165179 -9.78608510
v -18.93171082 3.43525076 -9.74971578
v -0.52871571 3.50314450 -9.71330449
v -0.52871571 3.52275705 -9.76665685
v -0.52871571 3.52980995 -9.82306478
v -0.52871571 3.52393866 -9.87960240
v -0.52871571 3.50544667 -9.93335530
v -0.52871571 3.47528982 -9.98153874
v -19.03484211 3.32984662 -9.16612050
v -19.01596318 3.36946964 -9.20010564
v -18.84693871 3.46971345 -9.28788564
v -18.89938317 3.45624661 -9.27565190
v -18.96902810 3.34339643 -9.39531133
v -18.96838818 3.37296033 -9.31528661
v -18.94652138 3.43426681 -9.25625417
v -18.98603115 3.40485787 -9.23065373
v -0.15592442 3.26339626 -9.69302175
v -0.17487202 3.31013680 -9.67003438
v -0.34379826 3.42896485 -9.61057469
v -0.29142247 3.41284943 -9.61889073
v -0.26320134 3.43796110 -9.75335500
v -0.20483265 3.35193825 -9.64937016
v -0.24433003 3.38674617 -9.63203618
v -0.31591282 3.47529459 -9.79053685
v -0.40533314 3.48926592 -9.92028615
v -0.38033162 3.50435734 -9.81451604
v -18.84666977 3.48657036 -9.26784703
v -18.89910946 3.47297215 -9.25576589
v -18.94624672 3.45078707 -9.23660848
v -19.01568852 3.38540125 -9.18116185
v -18.98575459 3.42110920 -9.21132466
v -19.03457127 3.34542346 -9.14760396
v -18.96717701 3.43135977 -9.23118016
v -18.96726952 3.42589545 -9.23767659
v -0.15710316 3.32984662 -9.16612050
v -0.17598210 3.36946964 -9.20010564
v -0.34500752 3.46971345 -9.28788564
v -0.29256306 3.45624661 -9.27565190
v -0.22275792 3.33607984 -9.43466756
v -0.20591603 3.40485787 -9.23065373
v -0.24542485 3.43426681 -9.25625417
v -19.02811108 3.70958018 -8.97350881
v -19.00961457 3.71017957 -9.02633473
v -18.84004174 3.70958018 -9.16157720
v -18.89286480 3.71017957 -9.14308354
v -18.96540413 3.51447654 -9.15541265
v -18.96337757 3.60796809 -9.11103246
v -18.94025383 3.71048665 -9.11329839
v -18.97983132 3.71048665 -9.07372090
v -0.34527455 3.48657036 -9.26784703
v -0.29283390 3.47297215 -9.25576589
v -0.24569950 3.45078707 -9.23660848
v -0.20619069 3.42110920 -9.21132466
v -0.17625676 3.38540125 -9.18116185
v -0.15737400 3.34542346 -9.14760396
v -0.22467671 3.42589545 -9.23767659
v -0.22476826 3.43135977 -9.23118016
v -19.02507553 3.88347602 -8.97047231
v -19.00657902 3.88407540 -9.02329823
v -18.97679577 3.88438249 -9.07068440
v -18.93721829 3.88438249 -9.11026570
v -18.88983021 3.88407540 -9.14004704
v -18.83700619 3.88347602 -9.15854451
v -0.16383610 3.70958018 -8.97350881
v -0.18232975 3.71017957 -9.02633473
v -0.35190449 3.70958018 -9.16157720
v -0.29907856 3.71017957 -9.14308354
v -0.22856770 3.60796809 -9.11103246
v -0.21211491 3.71048665 -9.07372090
v -0.25169239 3.71048665 -9.11329839
v -0.22654210 3.51447654 -9.15541265
v -18.65086136 4.08198738 -9.15545461
v -18.65086136 4.21763563 -9.07020757
v -18.81856785 4.10545111 -9.11797139
v -18.65086136 4.13307142 -9.13717839
v -18.65086136 4.17900848 -9.10830876
v -18.84540425 4.08539963 -9.11571691
v -18.86972199 4.06273794 -9.11310002
v -18.89364777 4.03492832 -9.10983083
v -0.35494099 3.88347602 -9.15854451
v -0.30211506 3.88407540 -9.14004704
v -0.25472889 3.88438249 -9.11026570
v -0.21515141 3.88438249 -9.07068440
v -0.18536625 3.88407540 -9.02329823
v -0.16686879 3.88347602 -8.97047231
v -0.54108296 4.21763563 -9.07020757
v -0.54108296 4.17900848 -9.10830876
v -0.54108296 4.13307142 -9.13717839
v -0.54108296 4.08198738 -9.15545461
v -0.29232655 4.02704620 -9.10891149
v -0.31336460 4.05323839 -9.11198613
v -0.33209477 4.07253599 -9.11423299
v -0.35754261 4.09419394 -9.11672780
v -0.37993870 4.10973454 -9.11850926
v -0.54505406 4.35994530 -7.35850331
v -18.64689122 4.35994530 -7.35850331
v -0.54505406 4.40945339 -7.33057210
v -18.64689122 4.40945339 -7.33057210
v -0.54505406 4.45137262 -7.29217717
v -18.64689122 4.45137262 -7.29217717
v -18.64689122 4.48353434 -7.24530980
v -0.54505406 4.48353434 -7.24530980
v -18.64689122 4.50427723 -7.19238469
v -0.54505406 4.50427723 -7.19238469
v -18.64689122 4.51252794 -7.13614079
v -0.54505406 4.51252794 -7.13614079
v -19.02019654 4.16600752 -7.21584126
v -19.00150357 4.18667030 -7.26411244
v -18.83221302 4.23769712 -7.38825795
v -18.88484059 4.23116064 -7.37111470
v -18.91245900 4.33736372 -7.28465077
v -18.97164307 4.20499706 -7.30745885
v -18.93210087 4.22007704 -7.34372518
v -18.85956250 4.38956738 -7.28084752
v -18.76991616 4.48378754 -7.19121739
v -18.79505024 4.42696142 -7.28170964
v -0.17174778 4.16600752 -7.21584126
v -0.19044361 4.18667030 -7.26411244
v -0.35973225 4.23769712 -7.38825795
v -0.30710469 4.23116064 -7.37111470
v -0.39288578 4.47769833 -7.16660878
v -0.38526402 4.43272924 -7.26698873
v -0.32620488 4.38396025 -7.28184697
v -0.27650700 4.33298159 -7.28564260
v -0.25984440 4.22007704 -7.34372518
v -0.22030125 4.20499706 -7.30745885
v -19.02537117 3.87427020 -7.66025731
v -19.00637112 3.92627025 -7.66025731
v -18.83752118 4.05887032 -7.66025731
v -18.88984547 4.04078054 -7.66025731
v -18.95643006 4.05323696 -7.46040532
v -18.97639237 3.97281384 -7.66025731
v -18.93690548 4.01161861 -7.66025731
v -0.16657505 3.87427020 -7.66025731
v -0.18557225 3.92627025 -7.66025731
v -0.30209980 4.04078054 -7.66025731
v -0.35442601 4.05887032 -7.66025731
v -0.23551426 4.05323696 -7.46040532
v -0.25504170 4.01161861 -7.66025731
v -0.21555195 3.97281384 -7.66025731
v -19.02537117 3.87427020 -7.68025777
v -19.00637112 3.92627025 -7.68025777
v -18.97639237 3.97281384 -7.68025777
v -18.93690548 4.01161861 -7.68025777
v -18.88984547 4.04078054 -7.68025777
v -18.83752118 4.05887032 -7.68025777
v -0.35442601 4.05887032 -7.68025777
v -0.30209980 4.04078054 -7.68025777
v -0.25504170 4.01161861 -7.68025777
v -0.21555195 3.97281384 -7.68025777
v -0.18557225 3.92627025 -7.68025777
v -0.16657505 3.87427020 -7.68025777
v -19.02018128 4.16684198 -8.12503240
v -19.00148926 4.18741465 -8.07672307
v -18.83219777 4.23820829 -7.95247457
v -18.88482628 4.23170424 -7.96963307
v -18.95642624 4.05342484 -7.88039586
v -18.97162972 4.20565987 -8.03334233
v -18.93208752 4.22067213 -7.99704167
v -0.17176304 4.16684198 -8.12503240
v -0.19045506 4.18741465 -8.07672307
v -0.30711995 4.23170424 -7.96963307
v -0.35974751 4.23820829 -7.95247457
v -0.23551808 4.05342484 -7.88039586
v -0.25985966 4.22067213 -7.99704167
v -0.22031651 4.20565987 -8.03334233
v -18.64687500 4.51351023 -8.20407292
v -18.64687500 4.36051035 -7.98200032
v -18.64687500 4.41007090 -8.00983998
v -18.79904328 4.47862387 -8.17367742
v -18.64687500 4.50515366 -8.14784810
v -18.64687500 4.48431158 -8.09496114
v -18.80666504 4.43346691 -8.07338140
v -18.64687500 4.45206165 -8.04815480
v -18.86572323 4.38467073 -8.05861470
v -18.91542206 4.33368540 -8.05491445
v -0.54506932 4.51351023 -8.20407292
v -0.54506932 4.36051035 -7.98200032
v -0.54506932 4.41007090 -8.00983998
v -0.27950154 4.33806944 -8.05589864
v -0.33239994 4.39027977 -8.05960271
v -0.42204533 4.48466682 -8.14905354
v -0.54506932 4.50515366 -8.14784810
v -0.54506932 4.48431158 -8.09496114
v -0.39691029 4.42767143 -8.05867192
v -0.54506932 4.45206165 -8.04815480
v -0.54104100 4.07926369 -6.18505666
v -18.65090523 4.07926369 -6.18505666
v -0.54104100 4.13025904 -6.20326802
v -18.65090523 4.13025904 -6.20326802
v -0.54104100 4.17613745 -6.23203084
v -18.65090523 4.17613745 -6.23203084
v -0.54104100 4.21474600 -6.26999852
v -18.65090523 4.21474600 -6.26999852
v -0.35489140 3.88067889 -6.18198964
v -0.30206547 3.88127828 -6.20048711
v -0.18531666 3.88127828 -6.31723592
v -0.16682301 3.88067889 -6.37005803
v -0.37333928 4.10259247 -6.22245213
v -0.34650669 4.08253860 -6.22471425
v -0.32219563 4.05987787 -6.22734258
v -0.29827366 4.03207588 -6.23062703
v -0.21510182 3.88158584 -6.26984593
v -0.25467930 3.88158584 -6.23026845
v -18.83705483 3.88067889 -6.18198964
v -18.88987885 3.88127828 -6.20048711
v -19.02512417 3.88067889 -6.37005803
v -19.00662861 3.88127828 -6.31723592
v -18.89964352 4.02419233 -6.23155019
v -18.93726693 3.88158584 -6.23026845
v -18.97684441 3.88158584 -6.26984593
v -18.87860642 4.05038214 -6.22846028
v -18.85988388 4.06967306 -6.22620580
v -18.83443795 4.09133196 -6.22369954
v -18.81204567 4.10687351 -6.22191045
v -0.35182820 3.70521855 -6.17892644
v -0.29900608 3.70581794 -6.19742391
v -0.25161610 3.70612502 -6.22720525
v -0.21203862 3.70612502 -6.26678655
v -0.18225346 3.70581794 -6.31417272
v -0.16375981 3.70521855 -6.36699864
v -19.02818642 3.70521855 -6.36699864
v -19.00969086 3.70581794 -6.31417272
v -18.97990761 3.70612502 -6.26678655
v -18.94033013 3.70612502 -6.22720525
v -18.89294110 3.70581794 -6.19742391
v -18.84011803 3.70521855 -6.17892644
v -0.15731297 3.34182620 -6.19381520
v -0.17619572 3.38172197 -6.16015813
v -0.34521351 3.48267746 -6.07321736
v -0.29277287 3.46910954 -6.08533666
v -0.22647725 3.51060963 -6.18542287
v -0.20612584 3.41735601 -6.12990376
v -0.24563465 3.44697189 -6.10454747
v -0.22849903 3.60389209 -6.22956273
v -19.03463326 3.34182620 -6.19381520
v -19.01575146 3.38172197 -6.16015813
v -18.84673176 3.48267746 -6.07321736
v -18.89917336 3.46910954 -6.08533666
v -18.96344719 3.60389209 -6.22956273
v -18.96546898 3.51060963 -6.18542287
v -18.94630967 3.44697189 -6.10454747
v -18.98581849 3.41735601 -6.12990376
v -0.34494267 3.46574163 -6.05318639
v -0.29249821 3.45230579 -6.06545445
v -0.24536000 3.43037462 -6.08490941
v -0.17591725 3.36571598 -6.14122197
v -0.20585118 3.40102887 -6.11058614
v -0.15703831 3.32617664 -6.17530629
v -0.22470341 3.42754865 -6.11001393
v -0.22461186 3.42205858 -6.10351750
v -18.96733342 3.42205858 -6.10351750
v -18.96724186 3.42754865 -6.11001393
v -0.15583668 3.25841904 -5.64857671
v -0.17478810 3.30521607 -5.67144200
v -0.34371052 3.42419171 -5.73060033
v -0.29133473 3.40805507 -5.72233006
v -0.22268544 3.33174491 -5.90674397
v -0.20474491 3.34706831 -5.69200322
v -0.24424229 3.38191891 -5.70924947
v -19.03610764 3.25841904 -5.64857671
v -19.01715813 3.30521607 -5.67144200
v -18.90060959 3.40805507 -5.72233006
v -18.84823475 3.42419171 -5.73060033
v -18.96923600 3.33292890 -5.80553624
v -18.96896897 3.34526110 -5.75209996
v -18.94770298 3.38191891 -5.70924947
v -18.98719941 3.34706831 -5.69200322
v -0.52862797 3.46959996 -5.35951802
v -0.52862797 3.49811864 -5.62768361
v -0.52862797 3.51759911 -5.57428166
v -0.37600575 3.46322918 -5.40618703
v -0.52862797 3.49987602 -5.40762898
v -0.52862797 3.51850104 -5.46133611
v -0.36857472 3.49393392 -5.51164433
v -0.52862797 3.52451229 -5.51786229
v -0.30964146 3.46644449 -5.55498693
v -0.26014576 3.43013287 -5.59144780
v -18.66331730 3.46959996 -5.35951802
v -18.66331730 3.49811864 -5.62768361
v -18.66331730 3.51759911 -5.57428166
v -18.92883263 3.43283439 -5.58780477
v -18.87612400 3.47007632 -5.55052754
v -18.78670273 3.48372769 -5.42074010
v -18.66331730 3.49987602 -5.40762898
v -18.66331730 3.51850104 -5.46133611
v -18.81170426 3.49908018 -5.52647206
v -18.66331730 3.52451229 -5.51786229
v 1.33851757 3.47528982 -0.56524083
v 1.62703838 3.26339626 -0.19244954
v 1.60675182 3.50314450 -0.56524083
v 1.55339946 3.52275705 -0.56524083
v 1.65002193 3.31013680 -0.21139714
v 1.70948162 3.42896485 -0.38031957
v 1.70116939 3.41284943 -0.32794759
v 1.38516750 3.46880317 -0.41261861
v 1.38670101 3.50544667 -0.56524083
v 1.44045391 3.52393866 -0.56524083
v 1.49070110 3.49924779 -0.40518758
v 1.49699535 3.52980995 -0.56524083
v 1.53397121 3.47165179 -0.34625432
v 1.57034435 3.43525076 -0.29675862
v 1.68802013 3.38674617 -0.28085134
v 1.67068996 3.35193825 -0.24135777
v 1.60675182 3.50314450 -14.78049275
v 1.55339946 3.52275705 -14.78049275
v 1.49699535 3.52980995 -14.78049275
v 1.44045391 3.52393866 -14.78049275
v 1.38670101 3.50544667 -14.78049275
v 1.33851757 3.47528982 -14.78049275
v 2.15393962 3.32984662 -0.19362828
v 2.11995449 3.36946964 -0.21250722
v 2.04440441 3.45624661 -0.32908818
v 2.03217067 3.46971345 -0.38152883
v 1.88539257 3.33607984 -0.25928304
v 2.06380214 3.43426681 -0.28194615
v 2.08940639 3.40485787 -0.24243733
v 1.62703838 3.26339626 -15.15328404
v 1.65002193 3.31013680 -15.13433263
v 1.70948162 3.42896485 -14.96541020
v 1.70116939 3.41284943 -15.01778600
v 1.56670513 3.43796110 -15.04600713
v 1.67068996 3.35193825 -15.10437581
v 1.68802013 3.38674617 -15.06487844
v 1.52952327 3.47529459 -14.99329564
v 1.39977398 3.48926592 -14.90387532
v 1.50554027 3.50435734 -14.92887685
v 2.05220928 3.48657036 -0.38179967
v 2.06429424 3.47297215 -0.32935903
v 2.08344783 3.45078707 -0.28222463
v 2.13889446 3.38540125 -0.21278188
v 2.10873165 3.42110920 -0.24271581
v 2.17245617 3.34542346 -0.19389913
v 2.08887996 3.43135977 -0.26129338
v 2.08237972 3.42589545 -0.26120183
v 1.78478374 3.33742476 -15.08642003
v 1.73106899 3.34989119 -15.08614919
v 2.34654750 3.70958018 -0.20035741
v 2.29372539 3.71017957 -0.21885488
v 2.15847911 3.70958018 -0.38842961
v 2.17697658 3.71017957 -0.33560369
v 2.16464367 3.51447654 -0.26306340
v 2.20902385 3.60796809 -0.26509282
v 2.20675792 3.71048665 -0.28821752
v 2.24633541 3.71048665 -0.24863622
v 2.05220928 3.48657036 -14.96393010
v 2.06429424 3.47297215 -15.01637074
v 2.08344783 3.45078707 -15.06350896
v 2.10873165 3.42110920 -15.10301778
v 2.13889446 3.38540125 -15.13295171
v 2.17245617 3.34542346 -15.15183446
v 2.08237972 3.42589545 -15.08453176
v 2.08887996 3.43135977 -15.08444020
v 2.34958400 3.88347602 -0.20339391
v 2.29676189 3.88407540 -0.22189137
v 2.24937191 3.88438249 -0.25167272
v 2.20979442 3.88438249 -0.29125020
v 2.18000927 3.88407540 -0.33864018
v 2.16151561 3.88347602 -0.39146230
v 2.34654750 3.70958018 -15.14537236
v 2.29372539 3.71017957 -15.12687489
v 2.15847911 3.70958018 -14.95730397
v 2.17697658 3.71017957 -15.01012609
v 2.20902385 3.60796809 -15.08064076
v 2.24633541 3.71048665 -15.09709355
v 2.20675792 3.71048665 -15.05751607
v 2.16464367 3.51447654 -15.08266637
v 2.16460170 4.08198738 -0.57760808
v 2.24984874 4.21763563 -0.57760808
v 2.20208873 4.10545111 -0.40990254
v 2.18288173 4.13307142 -0.57760808
v 2.21175136 4.17900848 -0.57760808
v 2.20433941 4.08539963 -0.38306615
v 2.20696010 4.06273794 -0.35874745
v 2.21022930 4.03492832 -0.33482167
v 2.34958400 3.88347602 -15.14233586
v 2.29676189 3.88407540 -15.12384221
v 2.24937191 3.88438249 -15.09405705
v 2.20979442 3.88438249 -15.05447957
v 2.18000927 3.88407540 -15.00709340
v 2.16151561 3.88347602 -14.95426747
v 2.16460170 4.08198738 -14.76812551
v 2.18288173 4.13307142 -14.76812551
v 2.21175136 4.17900848 -14.76812551
v 2.24984874 4.21763563 -14.76812551
v 2.21114864 4.02704620 -15.01688191
v 2.20807399 4.05323839 -14.99584386
v 2.20582332 4.07253599 -14.97711370
v 2.20332851 4.09419394 -14.95166585
v 2.20154705 4.10973454 -14.92926976
v 3.33805599 4.36051035 -0.58159444
v 3.33805599 4.36051035 -14.76413533
v 3.31022014 4.41007090 -0.58159444
v 3.31022014 4.41007090 -14.76413533
v 3.27190532 4.45206165 -0.58159444
v 3.27190532 4.45206165 -14.76413533
v 3.22509517 4.48431158 -0.58159444
v 3.22509517 4.48431158 -14.76413533
v 3.17221202 4.50515366 -0.58159444
v 3.17221202 4.50515366 -14.76413533
v 3.11598339 4.51351023 -0.58159444
v 3.11598339 4.51351023 -14.76413533
v 3.19502391 4.16684198 -15.13744542
v 3.24333324 4.18741465 -15.11875340
v 3.36758175 4.23820829 -14.94946095
v 3.35042324 4.23170424 -15.00208852
v 3.26415767 4.33806944 -15.02970693
v 3.28671779 4.20565987 -15.08889195
v 3.32301464 4.22067213 -15.04934880
v 3.26045742 4.39027977 -14.97680852
v 3.17100277 4.48466682 -14.88715932
v 3.26138820 4.42767143 -14.91229436
v 3.19502391 4.16684198 -0.20828816
v 3.24333324 4.18741465 -0.22698018
v 3.36758175 4.23820829 -0.39627263
v 3.35042324 4.23170424 -0.34364125
v 3.14638271 4.47862387 -0.42942616
v 3.24667873 4.43346691 -0.42180440
v 3.26144542 4.38467073 -0.36274526
v 3.26514186 4.33368540 -0.31304738
v 3.32301464 4.22067213 -0.29638097
v 3.28671779 4.20565987 -0.25683782
v 3.63980236 3.87427020 -15.14263341
v 3.63980236 3.92627025 -15.12363240
v 3.63980236 4.05887032 -14.95478246
v 3.63980236 4.04078054 -15.00710866
v 3.43966426 4.05342484 -15.07368657
v 3.63980236 3.97281384 -15.09365651
v 3.63980236 4.01161861 -15.05416677
v 3.63980236 3.87427020 -0.20309636
v 3.63980236 3.92627025 -0.22209737
v 3.63980236 4.04078054 -0.33862493
v 3.63980236 4.05887032 -0.39094731
v 3.43966426 4.05342484 -0.27204320
v 3.63980236 4.01161861 -0.29156301
v 3.63980236 3.97281384 -0.25207707
v 3.65980281 3.87427020 -15.14263341
v 3.65980281 3.92627025 -15.12363240
v 3.65980281 3.97281384 -15.09365651
v 3.65980281 4.01161861 -15.05416677
v 3.65980281 4.04078054 -15.00710866
v 3.65980281 4.05887032 -14.95478246
v 3.65980281 3.87427020 -0.20309636
v 3.65980281 3.92627025 -0.22209737
v 3.65980281 3.97281384 -0.25207707
v 3.65980281 4.01161861 -0.29156301
v 3.65980281 4.04078054 -0.33862493
v 3.65980281 4.05887032 -0.39094731
v 4.10421886 4.16600752 -15.13745687
v 4.05594768 4.18667030 -15.11876485
v 3.93179836 4.23769712 -14.94947621
v 3.94894542 4.23116064 -15.00210378
v 3.85965480 4.05323696 -15.07369039
v 4.01260128 4.20499706 -15.08890721
v 3.97633113 4.22007704 -15.04936406
v 4.10421886 4.16600752 -0.20827291
v 4.05594768 4.18667030 -0.22696492
v 3.94894542 4.23116064 -0.34362981
v 3.93179836 4.23769712 -0.39625737
v 3.85965480 4.05323696 -0.27203938
v 3.97633113 4.22007704 -0.29636952
v 4.01260128 4.20499706 -0.25682637
v 4.18391552 4.51252794 -14.76415441
v 3.96155300 4.35994530 -14.76415441
v 3.98948421 4.40945339 -14.76415441
v 4.15345134 4.47769833 -14.91632268
v 4.12767543 4.50427723 -14.76415441
v 4.07475032 4.48353434 -14.76415441
v 4.05307140 4.43272924 -14.92394444
v 4.02787914 4.45137262 -14.76415441
v 4.03821315 4.38396025 -14.98299977
v 4.03441753 4.33298159 -15.03269765
v 4.18391552 4.51252794 -0.58157918
v 3.96155300 4.35994530 -0.58157918
v 3.98948421 4.40945339 -0.58157918
v 4.03540935 4.33736372 -0.31601140
v 4.03920879 4.38956738 -0.36890599
v 4.12883892 4.48378754 -0.45855519
v 4.12767543 4.50427723 -0.58157918
v 4.07475032 4.48353434 -0.58157918
v 4.03835048 4.42696142 -0.43342015
v 4.02787914 4.45137262 -0.58157918
v 5.96053829 3.46959996 -14.78058049
v 5.67148342 3.25841904 -15.15336797
v 5.69237270 3.49811864 -14.78058049
v 5.74577465 3.51759911 -14.78058049
v 5.64861431 3.30521607 -15.13442037
v 5.58945598 3.42419171 -14.96549794
v 5.59773006 3.40805507 -15.01786992
v 5.91386928 3.46322918 -14.93320271
v 5.91243114 3.49987602 -14.78058049
v 5.85872402 3.51850104 -14.78058049
v 5.80841579 3.49393392 -14.94063375
v 5.80219783 3.52451229 -14.78058049
v 5.76507320 3.46644449 -14.99956700
v 5.72860851 3.43013287 -15.04906270
v 5.61081066 3.38191891 -15.06496617
v 5.62805309 3.34706831 -15.10445973
v 5.69237270 3.49811864 -0.56515309
v 5.74577465 3.51759911 -0.56515309
v 5.80219783 3.52451229 -0.56515309
v 5.85872402 3.51850104 -0.56515309
v 5.91243114 3.49987602 -0.56515309
v 5.96053829 3.46959996 -0.56515309
v 5.14475002 3.32617664 -15.15216634
v 5.17883434 3.36571598 -15.13329122
v 5.25460567 3.45230579 -15.01671025
v 5.26687374 3.46574163 -14.96426579
v 5.41331615 3.33174491 -15.08652303
v 5.23515071 3.43037462 -15.06384847
v 5.20947399 3.40102887 -15.10335729
v 5.67148342 3.25841904 -0.19236180
v 5.64861431 3.30521607 -0.21130940
v 5.58945598 3.42419171 -0.38023564
v 5.59773006 3.40805507 -0.32785985
v 5.73225536 3.43283439 -0.29963490
v 5.62805309 3.34706831 -0.24127004
v 5.61081066 3.38191891 -0.28076741
v 5.76953258 3.47007632 -0.35234639
v 5.89931621 3.48372769 -0.44176671
v 5.79358425 3.49908018 -0.41676518
v 5.24684276 3.48267746 -14.96399495
v 5.23472347 3.46910954 -15.01643559
v 5.21550884 3.44697189 -15.06357381
v 5.15989818 3.38172197 -15.13301274
v 5.19015255 3.41735601 -15.10308263
v 5.12624111 3.34182620 -15.15189549
v 5.21004238 3.42754865 -15.08450505
v 5.21653881 3.42205858 -15.08459661
v 5.51452007 3.33292890 -0.25923345
v 5.56796016 3.34526110 -0.25950047
v 4.95306148 3.70521855 -15.14544866
v 5.00588359 3.70581794 -15.12695119
v 5.14112987 3.70521855 -14.95738027
v 5.12263622 3.70581794 -15.01020238
v 5.13463344 3.51060963 -15.08273122
v 5.09049358 3.60389209 -15.08070943
v 5.09285106 3.70612502 -15.05759236
v 5.05327358 3.70612502 -15.09716985
v 5.24684276 3.48267746 -0.38173863
v 5.23472347 3.46910954 -0.32929799
v 5.21550884 3.44697189 -0.28215978
v 5.19015255 3.41735601 -0.24265096
v 5.15989818 3.38172197 -0.21271703
v 5.12624111 3.34182620 -0.19383428
v 5.21653881 3.42205858 -0.26113698
v 5.21004238 3.42754865 -0.26122853
v 4.94999828 3.88067889 -15.14238545
v 5.00282421 3.88127828 -15.12389180
v 5.05021038 3.88158584 -15.09410665
v 5.08978786 3.88158584 -15.05452916
v 5.11957302 3.88127828 -15.00713918
v 5.13806667 3.88067889 -14.95431706
v 4.95306148 3.70521855 -0.20028111
v 5.00588359 3.70581794 -0.21877858
v 5.14112987 3.70521855 -0.38835332
v 5.12263622 3.70581794 -0.33552739
v 5.09049358 3.60389209 -0.26502034
v 5.05327358 3.70612502 -0.24856374
v 5.09285106 3.70612502 -0.28814122
v 5.13463344 3.51060963 -0.26299855
v 5.13500347 4.07926369 -14.76816747
v 5.05005779 4.21474600 -14.76816747
v 5.09760799 4.10259247 -14.93586537
v 5.11679210 4.13025904 -14.76816747
v 5.08802929 4.17613745 -14.76816747
v 5.09534206 4.08253860 -14.96269795
v 5.09271373 4.05987787 -14.98701283
v 5.08942928 4.03207588 -15.01093099
v 4.94999828 3.88067889 -0.20334432
v 5.00282421 3.88127828 -0.22184178
v 5.05021038 3.88158584 -0.25162312
v 5.08978786 3.88158584 -0.29120061
v 5.11957302 3.88127828 -0.33859059
v 5.13806667 3.88067889 -0.39141271
v 5.13500347 4.07926369 -0.57756230
v 5.11679210 4.13025904 -0.57756230
v 5.08802929 4.17613745 -0.57756230
v 5.05005779 4.21474600 -0.57756230
v 5.08850994 4.02419233 -0.32882497
v 5.09159603 4.05038214 -0.34986302
v 5.09385433 4.06967306 -0.36858556
v 5.09636058 4.09133196 -0.39403340
v 5.09814968 4.10687351 -0.41642568
v 16.51565303 3.46959996 -0.54214665
v 16.80768337 3.26256371 -0.19267079
v 16.78275432 3.49811864 -0.56601521
v 16.72956218 3.51759911 -0.56126210
v 16.83159008 3.30981112 -0.21230885
v 16.88409557 3.41222119 -0.33270070
v 16.89220562 3.42743015 -0.38648030
v 16.56938305 3.46235204 -0.39922902
v 16.56357326 3.49987602 -0.54643056
v 16.61706295 3.51850104 -0.55121037
v 16.67300930 3.49648666 -0.40418813
v 16.67336406 3.52451229 -0.55624196
v 16.69383754 3.46277595 -0.33503530
v 16.71588268 3.47158170 -0.34951589
v 16.73782100 3.47768641 -0.36550328
v 16.76503887 3.44250774 -0.31131169
v 16.87079754 3.38659930 -0.28415868
v 16.85299434 3.35187197 -0.24333379
v 12.22239437 3.46959996 -5.26908299
v 11.24858989 3.46959996 -5.35951802
v 12.23125209 3.49987602 -5.31636998
v 11.24858989 3.49987602 -5.40762898
v 12.24114360 3.51850104 -5.36915776
v 11.24858989 3.51850104 -5.46133611
v 12.25155391 3.52451229 -5.42471501
v 11.24858989 3.52451229 -5.51786229
v 12.26194515 3.51759911 -5.48017308
v 11.24858989 3.51759911 -5.57428166
v 12.27177562 3.49811864 -5.53265950
v 11.24858989 3.49811864 -5.62768361
v 13.16288890 3.46959996 -5.00086400
v 13.18030681 3.49987602 -5.04570958
v 13.19974651 3.51850104 -5.09577367
v 13.22020855 3.52451229 -5.14846608
v 13.24063625 3.51759911 -5.20105931
v 13.25996532 3.49811864 -5.25084111
v 14.03790798 3.46959996 -4.56403920
v 14.06328334 3.49987602 -4.60490987
v 14.09161510 3.51850104 -4.65053746
v 14.12143077 3.52451229 -4.69856069
v 14.15118923 3.51759911 -4.74649617
v 14.17935695 3.49811864 -4.79186437
v 14.81751766 3.46959996 -3.97354695
v 14.84998836 3.49987602 -4.00905034
v 14.88623561 3.51850104 -4.04867742
v 14.92438640 3.52451229 -4.09038732
v 14.96246471 3.51759911 -4.13202474
v 14.99850597 3.49811864 -4.17143056
v 15.47505703 3.46959996 -3.24958989
v 15.51350917 3.49987602 -3.27850530
v 15.55643596 3.51850104 -3.31078145
v 15.60161342 3.52451229 -3.34475133
v 15.64670696 3.51759911 -3.37866399
v 15.68938961 3.49811864 -3.41075704
v 15.98803081 3.46959996 -2.41692540
v 16.03115215 3.49987602 -2.43826482
v 16.07928600 3.51850104 -2.46208379
v 16.12994899 3.52451229 -2.48715398
v 16.18051662 3.51759911 -2.51218221
v 16.22837581 3.49811864 -2.53586766
v 16.33889904 3.46959996 -1.50403401
v 16.38520946 3.49987602 -1.51706883
v 16.43690624 3.51850104 -1.53161809
v 16.49131908 3.52451229 -1.54693028
v 16.54562893 3.51759911 -1.56221578
v 16.59703579 3.49811864 -1.57668492
v 17.34245433 3.32517290 -0.19324681
v 17.30913295 3.36386681 -0.21123311
v 17.23382320 3.45008993 -0.32283208
v 17.22086467 3.46437812 -0.37341878
v 17.06947078 3.33070469 -0.25854299
v 17.25351467 3.42782497 -0.27758595
v 17.27901592 3.39862776 -0.23979375
v 7.82301082 3.49811864 -5.62768361
v 7.82301082 3.51759911 -5.57428166
v 7.82301082 3.52451229 -5.51786229
v 7.82301082 3.51850104 -5.46133611
v 7.82301082 3.49987602 -5.40762898
v 7.82301082 3.46959996 -5.35951802
v 17.24087658 3.48132157 -0.37380788
v 17.25366726 3.46690607 -0.32319829
v 17.27311077 3.44443703 -0.27792165
v 17.32804241 3.37988353 -0.21152684
v 17.29829540 3.41496873 -0.24010655
v 17.36095562 3.34082818 -0.19352147
v 17.27855434 3.42502666 -0.25785634
v 7.45022335 3.25841904 -5.64857671
v 7.46917095 3.30521607 -5.67144200
v 7.63809337 3.42419171 -5.73060033
v 7.58572139 3.40805507 -5.72233006
v 7.55749645 3.43283439 -5.58780477
v 7.49913158 3.34706831 -5.69200322
v 7.53862896 3.38191891 -5.70924947
v 7.61020794 3.47007632 -5.55052754
v 7.69962825 3.48372769 -5.42074010
v 7.67462673 3.49908018 -5.52647206
v 17.53523006 3.70513797 -0.19982335
v 17.48415126 3.70567870 -0.21698949
v 17.36835231 3.70567870 -0.32618520
v 17.34821834 3.70513797 -0.37616918
v 17.35532131 3.50809741 -0.25871083
v 17.39872875 3.70595574 -0.28167150
v 17.43793621 3.70595574 -0.24470326
v 7.51709499 3.33292890 -5.80553624
v 7.51736202 3.34526110 -5.75209996
v 17.35121669 3.88548017 -0.37922093
v 17.37135830 3.88602042 -0.32925984
v 17.53821315 3.88548017 -0.20296666
v 17.48714962 3.88602042 -0.22012517
v 17.41933956 3.82621837 -0.26420018
v 17.40173854 3.88629746 -0.28476903
v 17.44094219 3.88629746 -0.24781987
v 7.63960018 3.48267746 -6.07321736
v 7.58715572 3.46910954 -6.08533666
v 7.54002132 3.44697189 -6.10454747
v 7.50051250 3.41735601 -6.12990376
v 7.47057857 3.38172197 -6.16015813
v 7.45169582 3.34182620 -6.19381520
v 7.51899471 3.42205858 -6.10351750
v 7.51909008 3.42754865 -6.11001393
v 17.34312572 4.07926369 -0.55375478
v 17.42780437 4.21474600 -0.56045339
v 17.38927211 4.10029459 -0.39548680
v 17.36127987 4.13025904 -0.55518910
v 17.38995494 4.17613745 -0.55745885
v 17.39270153 4.08030415 -0.37005040
v 17.39629497 4.05799818 -0.34723851
v 17.40044536 4.03087139 -0.32494161
v 7.45814266 3.70521855 -6.36699864
v 7.47664013 3.70581794 -6.31417272
v 7.64621105 3.70521855 -6.17892644
v 7.59338894 3.70581794 -6.19742391
v 7.52288189 3.60389209 -6.22956273
v 7.50642147 3.70612502 -6.26678655
v 7.54599895 3.70612502 -6.22720525
v 7.52086010 3.51060963 -6.18542287
v 11.24858989 4.07926369 -6.18505666
v 17.26242580 4.21474600 -1.57332417
v 17.22558727 4.17613745 -1.56412694
v 17.19767894 4.13025904 -1.55715749
v 17.18001308 4.07926369 -1.55274388
v 16.93218746 4.21474600 -2.54502675
v 16.89737453 4.17613745 -2.52987477
v 16.87099971 4.13025904 -2.51839635
v 16.85430278 4.07926369 -2.51112935
v 16.44614925 4.21474600 -3.44891927
v 16.41431179 4.17613745 -3.42823216
v 16.39019146 4.13025904 -3.41255757
v 16.37492122 4.07926369 -3.40263555
v 15.81762828 4.21474600 -4.26022527
v 15.78963985 4.17613745 -4.23456761
v 15.76843776 4.13025904 -4.21513173
v 15.75501384 4.07926369 -4.20282552
v 15.06385555 4.21474600 -4.95670506
v 15.04048290 4.17613745 -4.92678258
v 15.02277889 4.13025904 -4.90411183
v 15.01157131 4.07926369 -4.88976094
v 14.20549144 4.21474600 -5.51926610
v 14.18737926 4.17613745 -5.48589513
v 14.17365780 4.13025904 -5.46061513
v 14.16497173 4.07926369 -5.44461247
v 13.26607647 4.21474600 -5.93248555
v 13.25371685 4.17613745 -5.89658544
v 13.24435558 4.13025904 -5.86938664
v 13.23842754 4.07926369 -5.85216710
v 12.27135219 4.21474600 -6.18503758
v 11.24858989 4.21474600 -6.26999852
v 12.26508464 4.17613745 -6.14758870
v 11.24858989 4.17613745 -6.23203084
v 12.26033916 4.13025904 -6.11921880
v 11.24858989 4.13025904 -6.20326802
v 12.25733699 4.07926369 -6.10125920
v 7.64927425 3.88067889 -6.18198964
v 7.59645214 3.88127828 -6.20048711
v 7.54906215 3.88158584 -6.23026845
v 7.50948467 3.88158584 -6.26984593
v 7.47970333 3.88127828 -6.31723592
v 7.46120586 3.88067889 -6.37005803
v 7.83542385 4.07926369 -6.18505666
v 7.83542385 4.13025904 -6.20326802
v 7.83542385 4.17613745 -6.23203084
v 7.83542385 4.21474600 -6.26999852
v 7.58668651 4.02419233 -6.23155019
v 7.60772457 4.05038214 -6.22846028
v 7.62644710 4.06967306 -6.22620580
v 7.65189113 4.09133196 -6.22369954
v 7.67428341 4.10687351 -6.22191045
v 18.29491558 4.51252794 -0.58032414
v 18.51669826 4.35994530 -0.59634206
v 12.41959133 4.51252794 -7.03841588
v 11.24858989 4.51252794 -7.13614079
v 12.42891445 4.50427723 -7.09388158
v 11.24858989 4.50427723 -7.19238469
v 12.43768444 4.48353434 -7.14607427
v 11.24858989 4.48353434 -7.24530980
v 12.44545498 4.45137262 -7.19229695
v 11.24858989 4.45137262 -7.29217717
v 12.45181789 4.40945339 -7.23015782
v 11.24858989 4.40945339 -7.33057210
v 12.45644893 4.35994530 -7.25770375
v 11.24858989 4.35994530 -7.35850331
v 13.55819454 4.51252794 -6.74794576
v 13.57658138 4.50427723 -6.80109593
v 13.59388103 4.48353434 -6.85111424
v 13.60920467 4.45137262 -6.89540669
v 13.62175884 4.40945339 -6.93169209
v 13.63088741 4.35994530 -6.95808980
v 14.63290157 4.51252794 -6.27276418
v 14.65984096 4.50427723 -6.32213399
v 14.68519725 4.48353434 -6.36858937
v 14.70765056 4.45137262 -6.40973088
v 14.72604122 4.40945339 -6.44343373
v 14.73942318 4.35994530 -6.46795079
v 15.61397686 4.51252794 -5.62601659
v 15.64872875 4.50427723 -5.67023656
v 15.68143215 4.48353434 -5.71184728
v 15.71039333 4.45137262 -5.74870107
v 15.73411693 4.40945339 -5.77888677
v 15.75137844 4.35994530 -5.80084798
v 16.47428264 4.51252794 -4.82560155
v 16.51588192 4.50427723 -4.86344716
v 16.55503215 4.48353434 -4.89906499
v 16.58970012 4.45137262 -4.93060491
v 16.61810054 4.40945339 -4.95644185
v 16.63876094 4.35994530 -4.97523686
v 17.19001140 4.51252794 -3.89365575
v 17.23731365 4.50427723 -3.92408559
v 17.28182354 4.48353434 -3.95271871
v 17.32124080 4.45137262 -3.97807500
v 17.35352840 4.40945339 -3.99884984
v 17.37701931 4.35994530 -4.01395986
v 17.74136867 4.51252794 -2.85596654
v 17.79305782 4.50427723 -2.87813375
v 17.84169902 4.48353434 -2.89899632
v 17.88477459 4.45137262 -2.91746709
v 17.92006054 4.40945339 -2.93259999
v 17.94572963 4.35994530 -2.94360921
v 18.11309948 4.51252794 -1.74124333
v 18.16774501 4.50427723 -1.75453755
v 18.35101070 4.50427723 -0.58437535
v 18.21917095 4.48353434 -1.76704595
v 18.40379848 4.48353434 -0.58818624
v 18.26471462 4.45137262 -1.77812383
v 18.45054760 4.45137262 -0.59156224
v 18.30201854 4.40945339 -1.78719899
v 18.48883953 4.40945339 -0.59432790
v 18.32916011 4.35994530 -1.79380223
v 7.83944072 4.35994530 -7.35850331
v 7.83944072 4.40945339 -7.33057210
v 7.83944072 4.45137262 -7.29217717
v 7.83944072 4.48353434 -7.24530980
v 7.83944072 4.50427723 -7.19238469
v 7.83944072 4.51252794 -7.13614079
v 18.38374843 4.16804838 -0.20870397
v 18.43338146 4.18918848 -0.22855184
v 18.54096737 4.23361444 -0.35164830
v 18.55672588 4.23947668 -0.40661427
v 18.33023204 4.47860003 -0.43042943
v 18.43242778 4.43513870 -0.42885777
v 18.44964351 4.38714743 -0.36935994
v 18.45485820 4.33630991 -0.31822392
v 18.51412716 4.22286177 -0.30196568
v 18.47762050 4.20778751 -0.26019856
v 7.46613445 4.16600752 -7.21584126
v 7.48482647 4.18667030 -7.26411244
v 7.65411892 4.23769712 -7.38825795
v 7.60149135 4.23116064 -7.37111470
v 7.57387294 4.33736372 -7.28465077
v 7.51468792 4.20499706 -7.30745885
v 7.55423107 4.22007704 -7.34372518
v 7.62676754 4.38956738 -7.28084752
v 7.71641292 4.48378754 -7.19121739
v 7.69128170 4.42696142 -7.28170964
v 18.82813396 3.86746383 -0.20166966
v 18.82813396 3.91359353 -0.21648976
v 18.82813778 4.03814411 -0.33372685
v 18.82814159 4.05808973 -0.38830373
v 18.62854137 4.05572367 -0.27459142
v 18.82813778 4.00634384 -0.28511998
v 18.82813778 3.96401429 -0.24535176
v 7.46095790 3.87427020 -7.66025731
v 7.47995891 3.92627025 -7.66025731
v 7.64880886 4.05887032 -7.66025731
v 7.59648647 4.04078054 -7.66025731
v 7.52990093 4.05323696 -7.46040532
v 7.50993862 3.97281384 -7.66025731
v 7.54942455 4.01161861 -7.66025731
v 18.84815731 3.87427020 -0.20309636
v 18.84815731 3.92627025 -0.22209737
v 18.84815731 3.97281384 -0.25207707
v 18.84815731 4.01161861 -0.29156301
v 18.84815731 4.04078054 -0.33862493
v 18.84815731 4.05887032 -0.39094731
v 7.64880886 4.05887032 -7.68025777
v 7.59648647 4.04078054 -7.68025777
v 7.54942455 4.01161861 -7.68025777
v 7.50993862 3.97281384 -7.68025777
v 7.47995891 3.92627025 -7.68025777
v 7.46095790 3.87427020 -7.68025777
v 19.29410686 4.16509199 -0.20792195
v 19.24701824 4.18528032 -0.22562978
v 19.14067211 4.22963428 -0.33674809
v 19.12242641 4.23669434 -0.38730046
v 19.04910030 4.05102348 -0.26973149
v 19.16845455 4.21832848 -0.29159352
v 19.20446910 4.20330858 -0.25396535
v 7.46614971 4.16684198 -8.12503240
v 7.48484172 4.18741465 -8.07672307
v 7.65413417 4.23820829 -7.95247457
v 7.60150280 4.23170424 -7.96963307
v 7.52990474 4.05342484 -7.88039586
v 7.51469936 4.20565987 -8.03334233
v 7.55424251 4.22067213 -7.99704167
v 19.36511364 4.51351023 -0.58264348
v 19.14347972 4.36051035 -0.56868550
v 19.17126598 4.41007090 -0.57043645
v 19.28510036 4.31381798 -0.26130864
v 19.22785320 4.38167095 -0.35684392
v 19.31400051 4.48376513 -0.45651814
v 19.30899944 4.50515366 -0.57911107
v 19.25621929 4.48431158 -0.57578465
v 19.23105754 4.40637493 -0.38621327
v 19.18151607 4.36340094 -0.40219686
v 19.22636547 4.43463898 -0.44469258
v 19.20950451 4.45206165 -0.57284352
v 7.83945598 4.51351023 -8.20407292
v 7.83945598 4.36051035 -7.98200032
v 7.83945598 4.41007090 -8.00983998
v 7.68728771 4.47862387 -8.17367742
v 7.83945598 4.50515366 -8.14784810
v 7.83945598 4.48431158 -8.09496114
v 7.67966594 4.43346691 -8.07338140
v 7.83945598 4.45206165 -8.04815480
v 7.62060680 4.38467073 -8.05861470
v 7.57090892 4.33368540 -8.05491445
v 11.24858989 4.51351023 -8.20407292
v 11.24858989 4.36051035 -7.98200032
v 19.19622554 4.51351023 -1.79610250
v 19.14127864 4.50515366 -1.78417775
v 19.08959713 4.48431158 -1.77296254
v 19.04385128 4.45206165 -1.76303670
v 19.00641002 4.41007090 -1.75491139
v 18.97920360 4.36051035 -1.74900624
v 18.84697094 4.51351023 -2.97041890
v 18.79443493 4.50515366 -2.95037648
v 18.74502697 4.48431158 -2.93152425
v 18.70129146 4.45206165 -2.91483876
v 18.66549434 4.41007090 -2.90118215
v 18.63948192 4.36051035 -2.89126012
v 18.32526912 4.51351023 -4.07894704
v 18.27634563 4.50515366 -4.05124089
v 18.23032512 4.48431158 -4.02517888
v 18.18959560 4.45206165 -4.00211522
v 18.15625515 4.41007090 -3.98323247
v 18.13203182 4.36051035 -3.96951482
v 17.64296856 4.51351023 -5.09652516
v 17.59876003 4.50515366 -5.06178472
v 17.55717983 4.48431158 -5.02910802
v 17.52037563 4.45206165 -5.00018498
v 17.49024715 4.41007090 -4.97651097
v 17.46836223 4.36051035 -4.95930669
v 16.81554927 4.51351023 -6.00006291
v 16.77706279 4.50515366 -5.95907399
v 16.74086132 4.48431158 -5.92052266
v 16.70881786 4.45206165 -5.88639638
v 16.68259182 4.41007090 -5.85846898
v 16.66353740 4.36051035 -5.83817479
v 15.86179103 4.51351023 -6.76905248
v 15.82989635 4.50515366 -6.72274968
v 15.79989757 4.48431158 -6.67919728
v 15.77334728 4.45206165 -6.64064595
v 15.75161113 4.41007090 -6.60909078
v 15.73582210 4.36051035 -6.58616445
v 14.80333843 4.51351023 -7.38604543
v 14.77876033 4.50515366 -7.33547399
v 14.75564708 4.48431158 -7.28790853
v 14.73518505 4.45206165 -7.24580953
v 14.71843853 4.41007090 -7.21134755
v 14.70626964 4.36051035 -7.18630788
v 13.66421260 4.51351023 -7.83703801
v 13.64751186 4.50515366 -7.78334615
v 13.63180294 4.48431158 -7.73285100
v 13.61789837 4.45206165 -7.68815419
v 13.60651912 4.41007090 -7.65156743
v 13.59824886 4.36051035 -7.62498662
v 12.47026195 4.51351023 -8.11179158
v 12.46181621 4.50515366 -8.05620381
v 11.24858989 4.50515366 -8.14784810
v 11.24858989 4.48431158 -8.09496114
v 12.45387401 4.48431158 -8.00391957
v 12.44683971 4.45206165 -7.95763967
v 11.24858989 4.45206165 -8.04815480
v 12.44108715 4.41007090 -7.91975972
v 11.24858989 4.41007090 -8.00983998
v 12.43690242 4.36051035 -7.89223668
v 20.31747951 4.08198738 -0.59498784
v 12.60503139 4.21763563 -8.96738622
v 11.24858989 4.21763563 -9.07020757
v 12.61077251 4.17900848 -9.00505254
v 11.24858989 4.17900848 -9.10830876
v 12.61512508 4.13307142 -9.03359029
v 11.24858989 4.13307142 -9.13717839
v 12.61787929 4.08198738 -9.05166432
v 11.24858989 4.08198738 -9.15545461
v 13.93047084 4.21763563 -8.66127583
v 13.94182720 4.17900848 -8.69764516
v 13.95042934 4.13307142 -8.72520253
v 13.95587673 4.08198738 -8.74265096
v 15.19462719 4.21763563 -8.15887258
v 15.21133556 4.17900848 -8.19311330
v 15.22399273 4.13307142 -8.21906087
v 15.23201122 4.08198738 -8.23548696
v 16.36860790 4.21763563 -7.47165105
v 16.39028682 4.17900848 -7.50298497
v 16.40671291 4.13307142 -7.52672765
v 16.41711177 4.08198738 -7.54175755
v 17.42558422 4.21763563 -6.61532399
v 17.45173778 4.17900848 -6.64303014
v 17.47155513 4.13307142 -6.66402623
v 17.48410167 4.08198738 -6.67731664
v 18.34140529 4.21763563 -5.60945317
v 18.37143459 4.17900848 -5.63290212
v 18.39418926 4.13307142 -5.65067098
v 18.40859737 4.08198738 -5.66191670
v 19.09513988 4.21763563 -4.47702977
v 19.12836208 4.17900848 -4.49568364
v 19.15353527 4.13307142 -4.50981709
v 19.16947307 4.08198738 -4.51876637
v 19.66956462 4.21763563 -3.24392888
v 19.70521679 4.17900848 -3.25736424
v 19.73223247 4.13307142 -3.26754186
v 19.74933757 4.08198738 -3.27398488
v 20.05155315 4.21763563 -1.93833348
v 20.23237362 4.21763563 -0.59007451
v 20.08882274 4.17900848 -1.94623754
v 20.27040996 4.17900848 -0.59226796
v 20.11706295 4.13307142 -1.95222661
v 20.29923381 4.13307142 -0.59393117
v 20.13494625 4.08198738 -1.95601842
v 7.83546962 4.21763563 -9.07020757
v 7.83546962 4.17900848 -9.10830876
v 7.83546962 4.13307142 -9.13717839
v 7.83546962 4.08198738 -9.15545461
v 20.32961025 3.88002086 -0.40030858
v 20.31243648 3.88066554 -0.34546086
v 20.14115657 3.88002086 -0.20367620
v 20.19522609 3.88066554 -0.22316167
v 20.27942791 4.01604700 -0.32755849
v 20.28319301 3.88099647 -0.29598042
v 20.24342098 3.88099647 -0.25448415
v 20.28205242 4.04360533 -0.34835622
v 20.28403225 4.06610203 -0.36913106
v 20.28564968 4.08654833 -0.39194295
v 20.28701534 4.10664845 -0.41973302
v 7.64932384 3.88347602 -9.15854451
v 7.59650173 3.88407540 -9.14004704
v 7.47975292 3.88407540 -9.02329823
v 7.46125545 3.88347602 -8.97047231
v 7.66776409 4.10545111 -9.11797139
v 7.64092769 4.08539963 -9.11571691
v 7.61660900 4.06273794 -9.11310002
v 7.59268322 4.03492832 -9.10983083
v 7.50953426 3.88438249 -9.07068440
v 7.54911174 3.88438249 -9.11026570
v 20.33270015 3.70964265 -0.39726064
v 20.31551494 3.71028686 -0.34243199
v 20.14424648 3.70964265 -0.20069692
v 20.19830837 3.71028686 -0.22017858
v 20.26654949 3.76745248 -0.27208135
v 20.28626384 3.71061778 -0.29296681
v 20.24649562 3.71061778 -0.25148580
v 7.64628734 3.70958018 -9.16157720
v 7.59346523 3.71017957 -9.14308354
v 7.54607524 3.71048665 -9.11329839
v 7.50649776 3.71048665 -9.07372090
v 7.47671642 3.71017957 -9.02633473
v 7.45821895 3.70958018 -8.97350881
v 20.31788005 3.34613657 -0.19411656
v 20.35189952 3.38671446 -0.21360585
v 20.42665996 3.47454023 -0.33354756
v 20.43824138 3.48753333 -0.38722035
v 20.28360118 3.60923600 -0.26865575
v 20.40771236 3.45259428 -0.28514287
v 20.38235988 3.42281342 -0.24447057
v 7.45176067 3.34542346 -9.14760396
v 7.47064342 3.38540125 -9.18116185
v 7.63966121 3.48657036 -9.26784703
v 7.58722057 3.47297215 -9.25576589
v 7.52092495 3.51447654 -9.15541265
v 7.50057354 3.42110920 -9.21132466
v 7.54008236 3.45078707 -9.23660848
v 7.52295436 3.60796809 -9.11103246
v 20.45832195 3.47067761 -0.38700292
v 20.44660320 3.45781684 -0.33331487
v 20.42741527 3.43607664 -0.28489491
v 20.37089290 3.37078476 -0.21333882
v 20.40174236 3.40656447 -0.24421498
v 20.33643474 3.33056092 -0.19384572
v 20.40881862 3.42769289 -0.26353261
v 7.63939037 3.46971345 -9.28788564
v 7.58694591 3.45624661 -9.27565190
v 7.53980770 3.43426681 -9.25625417
v 7.47036876 3.36946964 -9.20010564
v 7.50029888 3.40485787 -9.23065373
v 7.45148983 3.32984662 -9.16612050
v 7.51915111 3.43135977 -9.23118016
v 7.51905956 3.42589545 -9.23767659
v 20.85977687 3.26107883 -0.19228169
v 20.83741512 3.30758691 -0.21085546
v 20.77893200 3.42716622 -0.37689397
v 20.60300579 3.33674884 -0.25974080
v 20.81726207 3.34928441 -0.24023244
v 20.69969692 3.38599849 -0.33006093
v 20.78729763 3.41054845 -0.32530019
v 20.80028286 3.38416433 -0.27900502
v 7.51730098 3.34339643 -9.39531133
v 7.51794185 3.37296033 -9.31528661
v 21.14568843 3.47528982 -0.57842824
v 20.87780132 3.50314450 -0.56470296
v 20.93108501 3.52275705 -0.56743428
v 20.90990963 3.42632866 -0.28948781
v 21.00681820 3.44335675 -0.31575582
v 20.94448604 3.46093416 -0.33248326
v 20.96221675 3.47567749 -0.35642430
v 20.97133007 3.48357654 -0.37150380
v 21.08831539 3.48963165 -0.44968221
v 21.09756603 3.50544667 -0.57596013
v 21.04388179 3.52393866 -0.57321355
v 20.91003933 3.48682618 -0.39583394
v 20.98819866 3.50837183 -0.43357274
v 20.98741665 3.52980995 -0.57031819
v 7.82310238 3.47528982 -9.98153874
v 7.82310238 3.50314450 -9.71330449
v 7.82310238 3.52275705 -9.76665685
v 7.67048015 3.46880317 -9.93488881
v 7.82310238 3.50544667 -9.93335530
v 7.82310238 3.52393866 -9.87960240
v 7.66304912 3.49924779 -9.82935903
v 7.82310238 3.52980995 -9.82306478
v 7.60411586 3.47165179 -9.78608510
v 7.55462017 3.43525076 -9.74971578
v 11.24858989 3.47528982 -9.98153874
v 20.98158397 3.47528982 -1.93650624
v 20.93425884 3.50544667 -1.92743871
v 20.88146724 3.52393866 -1.91732213
v 20.82593670 3.52980995 -1.90668294
v 20.77054348 3.52275705 -1.89606664
v 20.71814098 3.50314450 -1.88602635
v 20.63202419 3.47528982 -3.25905034
v 20.58640041 3.50544667 -3.24355123
v 20.53550472 3.52393866 -3.22626302
v 20.48196926 3.52980995 -3.20807836
v 20.42856350 3.52275705 -3.18993566
v 20.37804546 3.50314450 -3.17277333
v 20.10367336 3.47528982 -4.52085683
v 20.06061687 3.50544667 -4.49922368
v 20.01258602 3.52393866 -4.47508809
v 19.96206417 3.52980995 -4.44970510
v 19.91166439 3.52275705 -4.42437932
v 19.86399212 3.50314450 -4.40042684
v 19.40659084 3.47528982 -5.69788548
v 19.36692562 3.50544667 -5.67052648
v 19.32267513 3.52393866 -5.64000890
v 19.27613201 3.52980995 -5.60790822
v 19.22969951 3.52275705 -5.57588384
v 19.18578090 3.50314450 -5.54559514
v 18.55406704 3.47528982 -6.76770207
v 18.51854457 3.50544667 -6.73514363
v 18.47892131 3.52393866 -6.69882390
v 18.43724193 3.52980995 -6.66061971
v 18.39566173 3.52275705 -6.62250707
v 18.35632839 3.50314450 -6.58645818
v 17.56234111 3.47528982 -7.70992848
v 17.53164043 3.50544667 -7.67278859
v 17.49739589 3.52393866 -7.63136098
v 17.46137371 3.52980995 -7.58777806
v 17.42543926 3.52275705 -7.54430196
v 17.39144649 3.50314450 -7.50317952
v 16.45031108 3.47528982 -8.50661275
v 16.42501583 3.50544667 -8.46559712
v 16.39680233 3.52393866 -8.41984746
v 16.36712780 3.52980995 -8.37172124
v 16.33751812 3.52275705 -8.32370946
v 16.30951442 3.50314450 -8.27829930
v 15.23916378 3.47528982 -9.14256856
v 15.21976223 3.50544667 -9.09846303
v 15.19811763 3.52393866 -9.04926106
v 15.17534771 3.52980995 -8.99750707
v 15.15263500 3.52275705 -8.94587895
v 15.13115062 3.50314450 -8.89703938
v 13.95198192 3.47528982 -9.60568044
v 13.93883648 3.50544667 -9.55932424
v 13.92417278 3.52393866 -9.50760838
v 13.90874996 3.52980995 -9.45321462
v 13.89336528 3.52275705 -9.39894673
v 13.87880840 3.50314450 -9.34761998
v 12.61328640 3.47528982 -9.88712499
v 12.60665264 3.50544667 -9.83939931
v 11.24858989 3.50544667 -9.93335530
v 11.24858989 3.52393866 -9.87960240
v 12.59924831 3.52393866 -9.78616139
v 12.59146251 3.52980995 -9.73015782
v 11.24858989 3.52980995 -9.82306478
v 12.58369579 3.52275705 -9.67429158
v 11.24858989 3.52275705 -9.76665685
v 12.57634868 3.50314450 -9.62144658
v 11.24858989 3.50314450 -9.71330449
f 9522 9502 9499
f 9522 7802 7804
f 9522 7800 7802
f 9522 3476 3475
f 9522 7804 9521
f 9522 3475 9497
f 9522 9499 7800
f 9522 9521 3476
f 3665 3465 9513
f 9503 9513 9517
f 9503 3665 9513
f 9509 9517 9518
f 9522 9501 9502
f 9522 9497 9501
f 9521 9516 3476
f 9521 7790 9519
f 9521 9519 9516
f 9521 7804 7790
f 9519 9518 9516
f 9519 7792 9515
f 9519 9515 9520
f 9519 9520 9518
f 9519 7790 7792
f 9516 9513 3464
f 9524 9523 725
f 9530 9527 9532
f 9530 9532 9531
f 9530 9531 9524
f 7773 7774 9528
f 7774 7772 9528
f 9528 7772 9529
f 7766 7764 9527
f 7764 7762 9525
f 7764 9525 9527
f 9526 721 714
f 7762 7760 9525
f 9509 9503 9517
f 725 9523 723
f 9523 726 723
f 7808 9504 7791
f 9504 9505 9514
f 9504 9514 7791
f 9505 9512 9515
f 9505 9515 9514
f 9512 9510 9520
f 9512 9520 9515
f 9510 9509 9518
f 9510 9518 9520
f 9506 3680 3679
f 9508 9509 9510
f 9508 3678 3677
f 9508 3677 3664
f 9507 7803 9506
f 9507 9506 3679
f 9507 7806 7805
f 9507 7805 7803
f 9507 3679 3678
f 9506 7801 9491
f 9506 9490 3680
f 9506 7803 7801
f 9508 9503 9509
f 9506 9495 9490
f 9506 9494 9495
f 9506 9491 9494
f 7808 7809 9504
f 7809 7807 9504
f 9504 7807 9505
f 7801 7799 9491
f 7799 7797 9492
f 7799 9492 9491
f 9503 3664 3665
f 7797 7795 9492
f 7792 9514 9515
f 9516 3478 3477
f 9516 3477 3476
f 9516 9518 9517
f 9516 9517 9513
f 7794 7796 9498
f 7796 7798 9498
f 7798 7800 9498
f 9498 7800 9499
f 9497 3470 9496
f 9497 3475 3470
f 7792 7791 9514
f 9516 3464 3478
f 9496 3470 3469
f 9513 3465 3464
f 9511 9507 9508
f 9511 9505 7807
f 9511 7806 9507
f 9511 9508 9510
f 9511 7807 7806
f 9511 9510 9512
f 9511 9512 9505
f 9508 9507 3678
f 9508 3664 9503
f 7757 7756 9544
f 9551 773 787
f 9551 787 786
f 9551 9540 9539
f 9551 9541 9540
f 7759 7761 9549
f 7761 7763 9549
f 7763 7765 9549
f 9549 7765 9550
f 9548 777 9547
f 9548 778 777
f 7757 9544 9543
f 9551 774 773
f 9547 777 776
f 9539 713 774
f 9546 9527 235
f 9546 235 9545
f 9546 228 9524
f 9546 9545 228
f 9546 9532 9527
f 9546 9531 9532
f 9546 9524 9531
f 9545 235 242
f 9545 242 241
f 9554 9555 9550
f 9558 231 230
f 9557 232 5390
f 9557 230 232
f 9554 9550 7765
f 9554 778 9548
f 9554 7769 9553
f 9554 9553 786
f 9554 7765 7767
f 9554 7767 7769
f 9554 9548 9556
f 9554 9556 9555
f 9545 241 228
f 9554 786 778
f 9553 9552 9551
f 9553 7755 9552
f 9553 9551 786
f 9553 7769 7755
f 9552 7757 9543
f 9552 9541 9551
f 9552 7755 7757
f 9552 9542 9541
f 9552 9543 9542
f 9551 9539 774
f 9534 9526 9535
f 9526 714 9539
f 714 713 9539
f 9537 9533 9534
f 9537 9529 7772
f 9537 7771 9533
f 9537 9534 9536
f 9537 7772 7771
f 9537 9536 9538
f 9537 9538 9529
f 9534 9533 731
f 9534 721 9526
f 9535 9539 9540
f 9534 9535 9536
f 9534 731 722
f 9534 722 721
f 9533 7768 9530
f 9533 9530 732
f 9533 7771 7770
f 9533 7770 7768
f 9533 732 731
f 9530 7766 9527
f 9530 9524 725
f 9530 7768 7766
f 4498 225 227
f 7760 7758 9525
f 9525 7758 9527
f 7758 235 9527
f 7758 7753 235
f 7753 236 233
f 7753 233 235
f 9524 4497 9523
f 9524 228 4497
f 9523 4497 726
f 4497 228 4498
f 228 225 4498
f 9530 725 732
f 7773 9528 9544
f 7773 9544 7756
f 9528 9529 9544
f 9529 9538 9542
f 9529 9542 9543
f 9529 9543 9544
f 9538 9536 9541
f 9538 9541 9542
f 9536 9535 9540
f 9536 9540 9541
f 9535 9526 9539
f 9444 9443 4522
f 9467 9451 9452
f 9467 9446 9451
f 5343 7838 9466
f 9466 7838 9465
f 7838 7836 9465
f 9464 4512 9463
f 9464 4514 4512
f 7832 7830 9446
f 9463 4512 4511
f 7830 9445 9446
f 7830 7828 9445
f 4520 9444 4522
f 9467 9452 9444
f 4522 9443 739
f 9462 9460 9461
f 9462 9439 7811
f 9462 7813 9460
f 9462 9461 9435
f 9462 7811 7813
f 9462 9437 9439
f 9462 9435 9437
f 9461 756 9431
f 9461 9460 770
f 9461 770 769
f 3508 9470 3510
f 7827 7829 9455
f 9455 7829 9456
f 7829 7831 9456
f 9454 3500 9453
f 9454 3501 3500
f 7835 7837 9473
f 9453 3500 761
f 7837 5342 9472
f 7837 9472 9473
f 3506 9471 3508
f 9471 9470 3508
f 9461 769 756
f 9467 9465 7836
f 9467 7832 9446
f 9467 4514 9464
f 9467 9444 4520
f 9467 7836 7834
f 9467 7834 7832
f 9467 9464 9469
f 9467 9469 9468
f 9467 9468 9465
f 9467 4520 4517
f 9467 4517 4514
f 9449 9448 9447
f 9453 761 762
f 9450 9446 7822
f 9450 745 9444
f 9450 7818 9449
f 9450 9449 746
f 9450 7822 7820
f 9450 7820 7818
f 9450 9444 9452
f 9450 9452 9451
f 9450 9451 9446
f 9450 746 745
f 772 9453 762
f 9449 7815 9448
f 9449 9447 746
f 9449 7818 7815
f 9448 7817 9440
f 9448 9436 9447
f 9448 7815 7817
f 9448 9438 9436
f 9448 9440 9438
f 9447 9432 734
f 9447 734 748
f 9447 748 747
f 9457 9459 9458
f 9461 9433 9435
f 9461 9431 9433
f 9460 7819 9457
f 9460 9457 771
f 9460 771 770
f 9460 7813 7816
f 9460 7816 7819
f 9457 7821 9456
f 9457 9454 772
f 9457 772 771
f 9457 9456 9459
f 9474 9454 9458
f 9457 9458 9454
f 9457 7819 7821
f 7810 7812 9441
f 7812 7811 9441
f 9441 7811 9439
f 7821 7823 9456
f 7823 7825 9455
f 7823 9455 9456
f 9431 756 757
f 7825 7827 9455
f 9454 9453 772
f 9493 9495 9494
f 7789 9498 9499
f 3490 9497 3489
f 9497 9496 3489
f 3489 9496 3469
f 9493 9491 7788
f 9493 7784 9481
f 9493 4501 9490
f 9493 9478 4505
f 9493 7788 7785
f 9493 7785 7784
f 9493 9490 9495
f 7789 7794 9498
f 9493 9494 9491
f 9493 4505 4503
f 9493 4503 4501
f 9493 9479 9478
f 9493 9480 9479
f 9493 9481 9480
f 7795 7793 9492
f 9492 7793 9491
f 7793 7788 9491
f 9490 4502 9489
f 9490 4501 4502
f 9500 7783 7786
f 3680 9489 3670
f 9489 3669 3670
f 9500 9487 7783
f 9500 7787 9499
f 9500 3494 9484
f 9500 9497 3490
f 9500 3490 3492
f 9500 3492 3494
f 9500 9499 9502
f 9500 9502 9501
f 9500 9501 9497
f 7784 7782 9481
f 9500 7786 7787
f 9500 9486 9487
f 9500 9485 9486
f 9500 9484 9485
f 5345 7781 9488
f 9488 7781 9487
f 7781 7783 9487
f 9484 3496 9483
f 9484 3494 3496
f 7787 7789 9499
f 9483 3496 3498
f 9474 7835 9473
f 9465 9468 9480
f 9465 9480 9481
f 9468 9469 9479
f 9468 9479 9480
f 9469 9464 9478
f 9469 9478 9479
f 9464 9463 9477
f 9464 9477 9478
f 9463 4509 9477
f 9463 4511 4509
f 9474 9456 7831
f 9466 9481 9482
f 9474 3501 9454
f 9474 9471 3506
f 9474 3506 3504
f 9474 3504 3501
f 9474 9473 9476
f 9474 9476 9475
f 9474 9475 9471
f 9474 7831 7833
f 9474 7833 7835
f 9474 9459 9456
f 9474 9458 9459
f 9487 9476 9473
f 9489 4502 3669
f 7782 9482 9481
f 7782 5344 9482
f 4505 9478 4507
f 9478 9477 4507
f 4507 9477 4509
f 5345 9488 9472
f 5345 9472 5342
f 9488 9487 9473
f 9488 9473 9472
f 9487 9486 9476
f 9490 9489 3680
f 9486 9485 9475
f 9486 9475 9476
f 9485 9484 9471
f 9485 9471 9475
f 9484 9483 9470
f 9484 9470 9471
f 9483 3498 3510
f 9483 3510 9470
f 5343 9466 9482
f 5343 9482 5344
f 9466 9465 9481
f 9648 822 820
f 9654 822 9648
f 9653 9647 9652
f 9652 9646 9645
f 9652 9645 9651
f 9652 9647 9646
f 9651 9645 9644
f 9651 9644 9650
f 9650 9644 9643
f 9650 9643 9649
f 9649 9643 6891
f 9649 6891 6898
f 9648 820 9642
f 9654 828 822
f 9648 9642 9647
f 9647 9642 9641
f 9647 9641 9640
f 9647 9640 9646
f 9646 9640 9639
f 9646 9639 9645
f 9645 9639 9638
f 9645 9638 9644
f 9644 9637 9643
f 9644 9638 9637
f 9643 9637 6884
f 9659 9653 9652
f 9663 9657 9662
f 9662 9655 9661
f 9662 9657 9656
f 9662 9656 9655
f 9661 9655 6912
f 9660 9653 9659
f 9660 9654 9653
f 9660 840 834
f 9660 834 828
f 9660 828 9654
f 9659 9652 9658
f 9643 6884 6891
f 9658 9652 9651
f 9658 9651 9657
f 9657 9650 9656
f 9657 9651 9650
f 9656 9650 9649
f 9656 9649 9655
f 9655 9649 6898
f 9655 6898 6905
f 9655 6905 6912
f 9654 9648 9647
f 9654 9647 9653
f 9624 9614 9615
f 9627 9626 9625
f 9627 9628 9626
f 9625 6870 6879
f 9625 9626 6870
f 9624 9623 5385
f 9624 9615 3472
f 9624 5387 9612
f 9624 3482 9623
f 9624 5385 5386
f 9624 5386 5387
f 9624 3472 3482
f 9629 9630 9628
f 9624 9613 9614
f 9624 9612 9613
f 9623 3481 9622
f 9623 9622 5385
f 9623 3482 3481
f 9622 9621 5385
f 9622 3481 9621
f 9621 3480 9620
f 9621 9617 5382
f 9621 5382 5384
f 9621 5384 5385
f 9638 9627 9625
f 9642 9635 9633
f 9642 9633 9641
f 9642 816 9635
f 9642 820 816
f 9641 9633 9631
f 9641 9631 9640
f 9640 9629 9639
f 9640 9631 9629
f 9639 9627 9638
f 9639 9629 9627
f 9638 9625 9637
f 9664 9658 9657
f 9637 9625 6879
f 9637 6879 6884
f 9635 9634 9633
f 9635 807 9636
f 9635 9636 9634
f 9635 816 807
f 9633 9632 9631
f 9633 9634 9632
f 9631 9630 9629
f 9631 9632 9630
f 9629 9628 9627
f 9668 6933 9670
f 9692 9689 928
f 9692 928 927
f 9692 927 926
f 9692 9676 9674
f 9689 6876 9688
f 9689 9686 929
f 9689 929 928
f 9689 9688 9691
f 9689 9691 9690
f 9689 9690 9686
f 6926 6933 9668
f 9692 926 9676
f 6933 6932 9670
f 6876 6873 9688
f 9676 926 9678
f 6873 6875 9687
f 6873 9687 9688
f 9678 926 925
f 9678 925 811
f 6875 6874 9687
f 9686 9685 929
f 929 9685 930
f 9685 931 930
f 9679 808 933
f 9699 9680 9679
f 9699 9681 9680
f 6863 6868 9697
f 6868 6867 9697
f 6867 6866 9697
f 9697 6866 9698
f 9696 936 9695
f 9696 937 936
f 6869 9684 9683
f 6869 6871 9684
f 9695 936 935
f 6870 9626 6871
f 9694 9670 6932
f 9694 6876 9689
f 9694 9689 9693
f 9694 9693 9672
f 9694 6932 6931
f 9694 6931 6877
f 9694 6877 6876
f 9694 9672 9670
f 9693 9692 9674
f 9693 9689 9692
f 9693 9674 9672
f 9669 9667 9668
f 9675 9674 9676
f 9673 9671 9672
f 9673 9663 9671
f 9673 9664 9663
f 9673 9672 9674
f 9671 9669 9670
f 9671 9662 9669
f 9671 9663 9662
f 9671 9670 9672
f 9669 9661 9667
f 9669 9662 9661
f 9675 9665 9664
f 9669 9668 9670
f 9667 9661 6912
f 9667 6912 6919
f 9667 6919 6926
f 9667 6926 9668
f 9666 9659 9665
f 9666 9660 9659
f 9666 840 9660
f 9665 9659 9658
f 9665 9658 9664
f 9664 9657 9663
f 9636 808 9679
f 9626 9628 9684
f 9626 9684 6871
f 9628 9630 9683
f 9628 9683 9684
f 9630 9632 9682
f 9630 9682 9683
f 9632 9634 9680
f 9632 9680 9681
f 9632 9681 9682
f 9634 9636 9679
f 9634 9679 9680
f 9621 9618 9617
f 9636 807 808
f 9677 9675 9676
f 9677 9665 9675
f 9677 9666 9665
f 9677 840 9666
f 9677 811 810
f 9677 810 840
f 9677 9676 9678
f 9677 9678 811
f 9675 9673 9674
f 9675 9664 9673
f 9579 4504 4506
f 9566 9584 9571
f 9566 9583 9584
f 9570 9582 9567
f 9582 9581 9567
f 9567 9581 9568
f 9581 9580 9568
f 9568 9580 5391
f 9580 5392 5391
f 9579 9558 7780
f 9579 4506 9561
f 9579 9576 4504
f 9579 7778 9576
f 9565 9585 9583
f 9579 7780 7778
f 9579 9559 9558
f 9579 9560 9559
f 9579 9561 9560
f 9576 7776 9575
f 9576 9573 4499
f 9576 4499 4504
f 9576 9575 9578
f 9576 9578 9577
f 9576 9577 9573
f 9576 7778 7776
f 9574 5380 9588
f 4500 9572 9593
f 4500 9593 3667
f 9572 9573 9593
f 9573 9577 9592
f 9573 9592 9593
f 9577 9578 9591
f 9577 9591 9592
f 9578 9575 9590
f 9578 9590 9591
f 9575 9574 9589
f 9575 9589 9590
f 5390 7780 9557
f 9574 9588 9589
f 5380 5379 9588
f 9587 9571 9586
f 9587 9586 9570
f 9587 9570 9571
f 9586 9571 9584
f 9586 9582 9570
f 9586 9584 9582
f 3499 9585 9565
f 3499 3497 9585
f 9565 9583 9566
f 9564 238 9563
f 9566 3491 9565
f 9566 3488 3491
f 7752 7754 9550
f 9565 3491 3499
f 7754 9549 9550
f 7754 7759 9549
f 3484 9548 3483
f 9548 9547 3483
f 3483 9547 776
f 9564 9560 238
f 9564 239 9559
f 7749 7750 9567
f 9564 9563 239
f 9564 9559 9560
f 9563 238 239
f 4508 223 9562
f 223 222 9562
f 9562 222 9561
f 222 224 9561
f 9561 224 9560
f 224 238 9560
f 9559 231 9558
f 9559 239 231
f 9569 7750 7751
f 9557 7780 9558
f 7776 5380 9574
f 7776 9574 9575
f 9561 4506 9562
f 9562 4506 4508
f 9573 9572 4499
f 4499 9572 4500
f 9569 9567 7750
f 9569 7752 9550
f 9569 3488 9566
f 9569 9548 3484
f 3495 9585 3497
f 9569 7751 7752
f 9569 9566 9571
f 9569 9571 9570
f 9569 9570 9567
f 9569 3484 3486
f 9569 3486 3488
f 9569 9556 9548
f 9569 9555 9556
f 9569 9550 9555
f 5391 7749 9568
f 9568 7749 9567
f 9611 5389 9596
f 9616 9615 9595
f 9616 9595 9594
f 9615 9614 9601
f 9615 9601 9595
f 9614 9613 9600
f 9614 9600 9601
f 9613 9612 9600
f 9612 9611 9597
f 9612 9597 9600
f 9611 5388 5389
f 9611 9596 9597
f 3473 9594 3485
f 9608 9607 5373
f 9608 9603 3675
f 9608 3674 9607
f 9608 5372 9602
f 9608 3675 3674
f 9608 9602 9610
f 9608 9610 9609
f 9608 9609 9603
f 9608 5373 5372
f 9607 3673 9606
f 9607 9606 5374
f 9617 5381 5383
f 9621 9619 9618
f 9621 9620 9619
f 9621 3481 3480
f 3473 3471 9616
f 9616 3471 9615
f 3471 3472 9615
f 9612 5387 9611
f 9611 5387 5388
f 3480 3466 9620
f 3466 3467 9620
f 5382 9617 5383
f 9607 3674 3673
f 3663 9603 9620
f 3663 9620 3467
f 9603 9609 9620
f 9609 9610 9619
f 9609 9619 9620
f 9610 9602 9618
f 9610 9618 9619
f 9602 5370 9617
f 9602 9617 9618
f 5370 5381 9617
f 3473 9616 9594
f 9598 7777 7779
f 9599 9597 7775
f 9599 9598 3493
f 9599 3487 9595
f 9599 7777 9598
f 9599 7775 7777
f 9599 9595 9601
f 9599 9601 9600
f 9599 9600 9597
f 9599 3493 3487
f 9598 7779 9581
f 9598 9583 3495
f 9588 5379 5378
f 9598 3495 3493
f 9598 9584 9583
f 9598 9582 9584
f 9598 9581 9582
f 5389 7775 9596
f 9596 7775 9597
f 7779 9580 9581
f 7779 5392 9580
f 9595 3487 9594
f 9594 3487 3485
f 9583 9585 3495
f 9604 9590 9589
f 9607 5374 5373
f 9606 3673 9605
f 9606 9605 5374
f 9605 9604 5375
f 9605 3673 9604
f 9605 5375 5374
f 9604 3668 9592
f 9604 9589 5376
f 9604 3673 3672
f 9604 3672 3668
f 9604 5376 5375
f 9558 230 9557
f 9604 9591 9590
f 9604 9592 9591
f 3663 3662 9603
f 3662 3675 9603
f 9602 5372 5371
f 9602 5371 5370
f 3668 9593 9592
f 3668 3667 9593
f 5376 9589 5377
f 9589 9588 5377
f 5377 9588 5378
f 525 524 9273
f 9276 9275 5509
f 9275 9274 5507
f 9275 535 9274
f 9275 5507 5509
f 9274 530 9263
f 9274 9260 5504
f 9274 535 534
f 9274 534 530
f 9274 5504 5507
f 9274 9261 9260
f 9274 9262 9261
f 9274 9263 9262
f 9276 535 9275
f 524 537 9273
f 9272 5505 5506
f 9272 5506 5497
f 530 9264 9263
f 530 529 9264
f 5504 9260 5503
f 9260 9259 5503
f 5503 9259 5502
f 9259 5498 5502
f 9269 9253 9268
f 9269 9266 9254
f 9278 9273 537
f 9283 682 669
f 676 675 9267
f 9267 675 9268
f 675 673 9268
f 9266 5511 9265
f 9265 5511 5517
f 669 668 9282
f 668 665 9282
f 5515 9281 5516
f 9281 5510 5516
f 9278 9277 5508
f 9269 9268 9271
f 9278 536 9277
f 9278 5505 9272
f 9278 537 536
f 9278 9272 9280
f 9278 9280 9279
f 9278 9279 9273
f 9278 5508 5505
f 9277 535 9276
f 9277 9276 5509
f 9277 536 535
f 9277 5509 5508
f 9256 3992 3990
f 9246 5499 9259
f 9246 9259 9260
f 5499 5498 9259
f 9256 9254 6940
f 9256 6942 9238
f 9256 3982 9253
f 9256 9240 3992
f 9256 6940 6942
f 9256 9253 9258
f 9256 9258 9257
f 9256 9257 9254
f 9247 9260 9261
f 9256 3990 3982
f 9256 9241 9240
f 9256 9239 9241
f 9256 9238 9239
f 5518 6941 9255
f 9255 6941 9254
f 6941 6940 9254
f 6942 9237 9238
f 6942 5551 9237
f 9253 3982 9252
f 9252 3982 3980
f 9255 5517 5518
f 9269 9271 9270
f 9269 9270 9266
f 9269 9258 9253
f 9269 9257 9258
f 9269 9254 9257
f 3980 676 9252
f 9252 9267 9253
f 9252 676 9267
f 9253 9267 9268
f 9254 9265 9255
f 9254 9266 9265
f 9283 9284 9281
f 9255 9265 5517
f 4260 9244 9264
f 4260 9264 529
f 9244 9245 9264
f 9245 9249 9263
f 9245 9263 9264
f 9249 9250 9262
f 9249 9262 9263
f 9250 9247 9261
f 9250 9261 9262
f 9247 9246 9260
f 9304 632 9300
f 9308 637 9304
f 9308 9304 9303
f 9308 640 637
f 9307 9302 9306
f 9307 9303 9302
f 9306 9301 9305
f 9306 9302 9301
f 9305 9301 5532
f 9305 5532 5530
f 9304 9299 9303
f 9304 9300 9299
f 9308 9303 9307
f 9304 637 632
f 9303 9299 9298
f 9303 9298 9302
f 9302 9298 9297
f 9302 9297 9301
f 9301 9297 5534
f 9301 5534 5532
f 9300 9295 9299
f 9300 629 9296
f 9300 9296 9295
f 9300 632 629
f 9313 9309 5528
f 9318 9314 9313
f 9317 9313 5526
f 9317 5526 5524
f 9316 644 9312
f 9316 9311 9315
f 9316 9312 9311
f 9316 648 644
f 9315 9310 9314
f 9315 9311 9310
f 9314 9310 9309
f 9314 9309 9313
f 9299 9294 9298
f 9313 5528 5526
f 9312 640 9308
f 9312 9307 9311
f 9312 644 640
f 9312 9308 9307
f 9311 9306 9310
f 9311 9307 9306
f 9310 9306 9305
f 9310 9305 9309
f 9309 9305 5530
f 9309 5530 5528
f 9287 682 9286
f 9289 9273 9279
f 568 525 9273
f 9288 9287 5512
f 9288 9268 673
f 9288 5511 9266
f 9288 674 9287
f 9288 5512 5511
f 9288 673 674
f 9288 9271 9268
f 9288 9270 9271
f 9288 9266 9270
f 9289 568 9273
f 9287 9286 5513
f 9287 5513 5512
f 9287 674 682
f 9286 9283 5513
f 9286 682 9283
f 9283 669 9282
f 9283 9281 5515
f 9283 5515 5514
f 9283 5514 5513
f 9283 9282 9285
f 9283 9285 9284
f 9294 9291 9292
f 9299 9295 9294
f 9298 9293 9297
f 9298 9294 9293
f 9297 9293 5536
f 9297 5536 5534
f 9296 9290 9295
f 9296 629 9289
f 9296 9289 9290
f 9295 9291 9294
f 9295 9290 9291
f 9294 9292 9293
f 9240 9242 3992
f 9293 5501 5536
f 9293 9292 5501
f 665 661 9282
f 629 568 9289
f 5501 9292 5497
f 9292 9291 9272
f 9292 9272 5497
f 9291 9290 9280
f 9291 9280 9272
f 9290 9289 9279
f 9290 9279 9280
f 9209 4038 4037
f 9211 9206 9213
f 9211 9213 9212
f 9211 9212 9207
f 9211 4037 4035
f 9210 6986 9132
f 9210 9136 9209
f 9210 6981 6986
f 9210 9134 9136
f 9210 9132 9134
f 9209 9140 4032
f 9209 4032 4031
f 9209 4031 4038
f 9211 6979 6981
f 9209 9138 9140
f 9209 9136 9138
f 6980 6985 9208
f 6985 6984 9208
f 6984 6983 9208
f 9208 6983 9207
f 6983 6982 9207
f 9206 4034 9205
f 9206 4035 4034
f 6986 9130 9132
f 6986 6988 9130
f 9195 4272 4271
f 9218 7058 7059
f 9218 7059 7060
f 9218 9201 9198
f 9218 9200 9201
f 9218 9196 9200
f 7053 7054 9197
f 9197 7054 9198
f 7054 7058 9198
f 9196 4272 9195
f 9196 4273 4272
f 7060 7061 9217
f 9205 4034 3978
f 7061 5585 9216
f 7061 9216 9217
f 4276 9215 4269
f 9215 9214 4269
f 4269 9214 4268
f 9211 9210 9209
f 9211 9207 6982
f 9211 6981 9210
f 9211 4035 9206
f 9211 9209 4037
f 9211 6982 6979
f 4547 9195 4546
f 9199 9200 9196
f 9199 7051 7057
f 7047 7049 9128
f 7049 7048 9128
f 9128 7048 9126
f 7057 7056 9198
f 7056 7055 9197
f 7056 9197 9198
f 9118 4544 4527
f 7055 7053 9197
f 9196 9195 4547
f 9199 9201 9200
f 9195 4271 4546
f 9194 9187 9193
f 9194 9188 9187
f 9194 4387 9188
f 9194 9193 9119
f 9194 4388 4387
f 9194 9117 4388
f 9194 9119 9117
f 9193 9192 9119
f 9193 9187 9186
f 9193 9186 9192
f 9203 4545 4544
f 9140 4033 4032
f 9204 9202 9203
f 9204 9126 7048
f 9204 7052 9202
f 9204 9203 9122
f 9204 7048 7052
f 9204 9124 9126
f 9204 9122 9124
f 9203 4544 9118
f 9203 9202 4550
f 9203 4550 4545
f 9218 9219 9215
f 9203 9120 9122
f 9203 9118 9120
f 9202 7051 9199
f 9202 9199 4551
f 9202 4551 4550
f 9202 7052 7050
f 9202 7050 7051
f 9199 7057 9198
f 9199 9196 4547
f 9199 4547 4551
f 9199 9198 9201
f 9228 9239 9227
f 4261 9244 4260
f 9243 9225 9241
f 9243 9239 9228
f 9243 9241 9239
f 9243 9228 9225
f 3996 9242 9221
f 3996 3994 9242
f 9221 9240 9222
f 9221 9242 9240
f 9222 9241 9225
f 9222 9240 9241
f 9245 9244 4261
f 9239 9238 9227
f 9227 9238 9223
f 9238 9237 9223
f 9223 9237 5553
f 9237 5551 5553
f 9236 9232 9219
f 9236 9220 9231
f 9236 9219 9235
f 9236 9235 9220
f 9236 9231 9232
f 9235 9219 9220
f 9248 9245 4261
f 3992 9242 3994
f 9251 9230 6976
f 9251 4265 9233
f 9251 9248 4263
f 9251 6977 9248
f 9251 4263 4265
f 9251 6976 6977
f 9251 9231 9230
f 9251 9232 9231
f 9251 9233 9232
f 9248 6978 9247
f 4267 4268 9234
f 9248 4261 4263
f 9248 9247 9250
f 9248 9250 9249
f 9248 9249 9245
f 9248 6977 6978
f 5584 6976 9229
f 9229 6976 9230
f 6978 5499 9246
f 6978 9246 9247
f 9233 4265 9234
f 9234 4265 4267
f 6987 6980 9208
f 9224 3979 3981
f 9224 3981 3984
f 9224 9213 9206
f 9224 9212 9213
f 9224 9207 9212
f 5553 6992 9223
f 9222 3988 9221
f 9222 3984 3988
f 6989 6987 9207
f 9221 3988 3996
f 6987 9208 9207
f 9224 9222 9225
f 3979 9206 3977
f 9206 9205 3977
f 3977 9205 3978
f 9218 9198 7058
f 9218 7060 9217
f 9218 4273 9196
f 9218 9215 4276
f 9218 4276 4274
f 9218 4274 4273
f 9218 9217 9220
f 9218 9220 9219
f 9226 9223 6992
f 4268 9214 9234
f 9234 9214 9233
f 9214 9215 9233
f 9233 9215 9232
f 9215 9219 9232
f 9231 9217 9230
f 9231 9220 9217
f 9230 9216 9229
f 9230 9217 9216
f 9229 5585 5584
f 9229 9216 5585
f 9318 9315 9314
f 9226 6990 9224
f 9226 9224 9225
f 9226 6992 6991
f 9226 6991 6990
f 9226 9225 9228
f 9226 9228 9227
f 9226 9227 9223
f 9224 6989 9207
f 9224 3984 9222
f 9224 9206 3979
f 9224 6990 6989
f 9404 9388 9390
f 9405 4519 9401
f 9405 7842 9404
f 9405 7844 7842
f 9405 9401 9407
f 9405 9407 9406
f 9405 9406 9403
f 9405 4516 4519
f 9404 7840 9387
f 9404 9389 4513
f 9404 7842 7840
f 9404 4513 4516
f 9404 9390 9389
f 9405 9404 4516
f 9404 9387 9388
f 5347 7844 9402
f 9402 7844 9403
f 7840 9386 9387
f 7840 5366 9386
f 9401 4519 9400
f 9400 4519 4523
f 9389 9391 4513
f 4513 9391 4510
f 3502 9378 759
f 9378 9379 9399
f 9410 9398 9397
f 9412 9411 5365
f 9411 9410 5363
f 9411 765 9410
f 9411 5363 5365
f 9410 760 9398
f 9410 9395 5360
f 9410 765 764
f 9410 764 760
f 9410 5360 5363
f 9410 9396 9395
f 9410 9397 9396
f 9378 9399 759
f 755 754 9409
f 754 767 9409
f 9408 5361 5362
f 9408 5362 5356
f 760 9399 9398
f 760 759 9399
f 5360 9395 5359
f 9395 9394 5359
f 5359 9394 5357
f 9394 5358 5357
f 9405 9403 7844
f 9385 9364 9363
f 9388 9387 9373
f 9373 9387 9372
f 9387 9386 9372
f 9372 9386 5369
f 9386 5366 5369
f 9385 9363 7839
f 9385 3507 9366
f 9385 9382 3505
f 9385 7841 9382
f 9385 3505 3507
f 9385 7839 7841
f 9376 9388 9373
f 9385 9365 9364
f 9385 9366 9365
f 9382 7843 9381
f 9382 9379 3503
f 9382 3503 3505
f 9382 9381 9384
f 9382 9384 9383
f 9382 9383 9379
f 9382 7841 7843
f 5367 7839 9362
f 9362 7839 9363
f 9393 9377 9392
f 9379 9383 9398
f 9379 9398 9399
f 9383 9384 9397
f 9383 9397 9398
f 9384 9381 9396
f 9384 9396 9397
f 9381 9380 9394
f 9381 9394 9395
f 9381 9395 9396
f 9380 5358 9394
f 9380 5355 5358
f 9412 765 9411
f 9393 9392 9376
f 9393 9376 9377
f 9392 9377 9390
f 9392 9388 9376
f 9392 9390 9388
f 4515 9391 9370
f 4515 4510 9391
f 9370 9389 9371
f 9370 9391 9389
f 9371 9390 9377
f 9371 9389 9390
f 9430 9418 9419
f 9431 735 9432
f 9431 757 735
f 9430 9429 5351
f 9430 9421 742
f 9430 5349 9418
f 9430 752 9429
f 9430 5351 5350
f 9430 5350 5349
f 9430 742 752
f 9430 9420 9421
f 9430 9419 9420
f 9433 9432 9434
f 9429 751 9428
f 9429 9428 5351
f 9429 752 751
f 9428 9427 5351
f 9428 751 9427
f 9427 750 9423
f 9427 9426 5353
f 9427 5353 5352
f 9427 5352 5351
f 9427 9425 9426
f 9427 9424 9425
f 9432 735 734
f 9447 9434 9432
f 9447 9436 9434
f 7828 7826 9445
f 7826 7824 9445
f 7824 7822 9445
f 9445 7822 9446
f 9444 740 9443
f 9444 745 740
f 7817 9442 9440
f 7817 7814 9442
f 9443 740 739
f 9427 9423 9424
f 7810 9441 9442
f 7810 9442 7814
f 9441 9439 9440
f 9441 9440 9442
f 9439 9437 9438
f 9439 9438 9440
f 9437 9435 9436
f 9437 9436 9438
f 9435 9433 9434
f 9435 9434 9436
f 9433 9431 9432
f 9414 9409 767
f 9421 9420 9407
f 9421 9407 9401
f 9420 9419 9406
f 9420 9406 9407
f 9419 9418 9403
f 9419 9403 9406
f 9418 9417 9402
f 9418 9402 9403
f 9417 5348 5347
f 9417 5347 9402
f 9414 9413 5364
f 9422 9401 9400
f 9414 766 9413
f 9414 5361 9408
f 9414 767 766
f 9414 9408 9416
f 9414 9416 9415
f 9414 9415 9409
f 9414 5364 5361
f 9413 765 9412
f 9413 9412 5365
f 9413 766 765
f 9413 5365 5364
f 5346 9408 5356
f 9427 751 750
f 743 741 9422
f 9422 741 9421
f 741 742 9421
f 9418 5349 9417
f 9417 5349 5348
f 750 736 9423
f 736 737 9423
f 5353 9426 5354
f 9426 5346 5354
f 5346 9426 9408
f 7843 5355 9380
f 9426 9425 9416
f 9426 9416 9408
f 9425 9424 9415
f 9425 9415 9416
f 9424 9423 9409
f 9424 9409 9415
f 9423 737 755
f 9423 755 9409
f 743 9422 9400
f 743 9400 4523
f 9422 9421 9401
f 9340 3540 3535
f 9343 9339 9340
f 9343 9335 7846
f 9343 7848 9339
f 9343 9340 9342
f 9343 7846 7848
f 9343 9342 9344
f 9343 9344 9335
f 9340 9339 3540
f 9340 3534 9332
f 9340 9332 9341
f 9340 9341 9342
f 3381 3380 9345
f 9340 3535 3534
f 9339 7854 9336
f 9339 9336 3541
f 9339 7848 7851
f 9339 7851 7854
f 9339 3541 3540
f 9336 7856 9333
f 9336 9330 3537
f 9336 7854 7856
f 9336 3537 3541
f 9336 9333 9338
f 9334 9335 9350
f 7863 7864 9333
f 9330 3515 9329
f 9330 3516 3515
f 7867 7869 9354
f 9329 3515 3514
f 7869 5368 9353
f 7869 9353 9354
f 3519 9352 3512
f 9352 9351 3512
f 3512 9351 3511
f 7845 9334 7849
f 9336 9338 9337
f 9334 9350 7849
f 9335 9344 9349
f 9335 9349 9350
f 9344 9342 9348
f 9344 9348 9349
f 9342 9341 9347
f 9342 9347 9348
f 9341 9332 9346
f 9341 9346 9347
f 9332 3381 9345
f 9332 9345 9346
f 9323 9319 9318
f 9326 9325 9281
f 9326 9322 9321
f 9326 9281 9284
f 9325 9321 5522
f 9325 5522 5520
f 9325 5520 5510
f 9325 5510 9281
f 9324 9320 9319
f 9324 9319 9323
f 9324 656 9320
f 9323 9318 9322
f 9326 9323 9322
f 9322 9318 9321
f 9321 9317 5524
f 9321 9318 9317
f 9321 5524 5522
f 9320 9315 9319
f 9320 9316 9315
f 9320 648 9316
f 9320 656 652
f 9320 652 648
f 9319 9315 9318
f 9318 9313 9317
f 9329 3514 3536
f 9336 9337 9330
f 7845 7847 9334
f 7847 7846 9334
f 9334 7846 9335
f 7856 7858 9333
f 7858 7860 9331
f 7858 9331 9333
f 9332 3534 3381
f 7860 7862 9331
f 9330 9329 3537
f 3537 9329 3536
f 9331 7863 9333
f 9328 9282 661
f 9328 9323 9327
f 9328 9324 9323
f 9328 9327 9285
f 9328 656 9324
f 9328 661 656
f 9328 9285 9282
f 9327 9323 9326
f 9327 9326 9284
f 9327 9284 9285
f 9326 9321 9325
f 9367 9351 9366
f 9370 4518 4515
f 250 247 4521
f 4521 247 249
f 9369 9365 9356
f 9369 9357 9364
f 9369 9356 9368
f 9369 9368 9357
f 9369 9364 9365
f 9368 9356 9357
f 3509 3511 9367
f 3511 9351 9367
f 9371 4518 9370
f 9351 9352 9366
f 9366 9352 9365
f 9352 9356 9365
f 9364 9354 9363
f 9364 9357 9354
f 9363 9353 9362
f 9363 9354 9353
f 9362 5368 5367
f 9362 9353 5368
f 9361 254 7857
f 9361 3546 246
f 9375 9377 9376
f 7843 9380 9381
f 9366 3507 9367
f 9367 3507 3509
f 9379 9378 3503
f 3503 9378 3502
f 9375 9373 7868
f 9375 7866 9374
f 9375 4518 9371
f 9375 9374 4518
f 9375 7868 7866
f 9375 9371 9377
f 9361 7853 9360
f 9375 9376 9373
f 9374 7866 255
f 9374 250 4521
f 9374 4521 4518
f 9374 255 264
f 9374 264 263
f 9374 263 250
f 5369 7868 9372
f 9372 7868 9373
f 7866 258 257
f 7866 257 255
f 9355 9352 3519
f 7859 7857 253
f 253 7857 254
f 246 3545 244
f 246 3546 3545
f 7852 9350 9349
f 7852 7849 9350
f 244 3545 245
f 9345 3380 3543
f 9355 9333 7864
f 9355 7867 9354
f 9355 3516 9330
f 7861 7859 253
f 9355 3519 3517
f 9355 3517 3516
f 9355 9354 9357
f 9355 9357 9356
f 9355 9356 9352
f 9355 7864 7865
f 9355 7865 7867
f 9355 9338 9333
f 9355 9337 9338
f 9355 9330 9337
f 7862 7863 9331
f 9359 7852 9349
f 9361 9360 3549
f 9361 7857 7855
f 9361 7855 7853
f 9361 246 261
f 9361 261 260
f 9361 260 254
f 9361 3549 3546
f 9360 9359 9358
f 9360 7850 9359
f 9360 9358 3549
f 9360 7853 7850
f 9447 747 746
f 9359 9347 9358
f 9359 7850 7852
f 9359 9348 9347
f 9359 9349 9348
f 9358 9345 3543
f 9358 3543 3542
f 9358 3542 3550
f 9358 3550 3549
f 9358 9346 9345
f 9358 9347 9346
f 252 7861 253
f 10063 10062 10058
f 10069 10052 10053
f 10068 10054 10067
f 10068 10053 10054
f 10067 10055 10066
f 10067 10054 10055
f 10066 5177 5214
f 10066 10055 5177
f 853 852 10065
f 10064 5198 5188
f 857 856 10052
f 10063 10051 10060
f 10063 10058 10050
f 10069 857 10052
f 10063 10060 10062
f 10063 10050 10051
f 10062 10060 10058
f 3357 3359 10044
f 3359 10061 10044
f 10044 10061 10045
f 10061 10059 10045
f 10045 10059 10051
f 10059 10060 10051
f 10050 10057 10047
f 10050 10058 10057
f 10074 5212 5210
f 10078 10074 5210
f 10078 5210 5208
f 10077 860 10073
f 10077 10073 10072
f 10077 10072 10076
f 10077 864 860
f 10076 10071 10075
f 10076 10072 10071
f 10075 10070 10074
f 10075 10071 10070
f 10074 10070 5212
f 10047 10056 10046
f 10073 10069 10068
f 10073 857 10069
f 10073 10068 10072
f 10073 860 857
f 10072 10068 10067
f 10072 10067 10071
f 10071 10066 10070
f 10071 10067 10066
f 10070 10066 5214
f 10070 5214 5212
f 10069 10053 10068
f 10032 10034 3348
f 10048 6724 6726
f 10048 3348 3353
f 10048 10030 10032
f 10048 10028 10030
f 10048 10026 10028
f 5262 6722 10046
f 10046 6722 10047
f 6726 10024 10026
f 6726 5179 10024
f 10045 3355 10044
f 10044 3355 3357
f 10048 10032 3348
f 3348 10034 3349
f 10041 10040 5186
f 10041 10036 961
f 10041 960 10040
f 10041 5183 10035
f 10041 961 960
f 10041 10035 10043
f 10041 10043 10042
f 10041 10042 10036
f 10041 5186 5183
f 10040 959 10039
f 10052 856 893
f 10047 10057 10056
f 10046 5263 5262
f 10046 10056 5263
f 5177 10055 5175
f 10055 10054 10035
f 10055 10035 5175
f 10054 10053 10043
f 10054 10043 10035
f 10053 10052 10036
f 10053 10042 10043
f 10053 10036 10042
f 10078 10075 10074
f 10052 893 10036
f 10049 10047 6722
f 10049 10048 3353
f 10049 3355 10045
f 10049 6724 10048
f 10049 6722 6724
f 10049 10045 10051
f 10049 10051 10050
f 10049 10050 10047
f 10049 3353 3355
f 10048 6726 10026
f 10103 852 885
f 10104 3343 3213
f 6604 10056 10057
f 6604 5263 10056
f 3346 10059 3347
f 10059 10061 3347
f 3347 10061 3359
f 10103 10065 852
f 10103 10096 10102
f 10103 10102 10065
f 10103 10097 10096
f 10103 885 10097
f 6603 6604 10057
f 10102 10096 10100
f 10102 10100 10101
f 10102 10101 10065
f 10100 10094 10098
f 10100 10098 10099
f 10100 10096 10095
f 10100 10095 10094
f 10100 10099 10101
f 10098 5198 10064
f 10098 10094 5200
f 10098 10064 10099
f 10108 10110 10109
f 896 895 10065
f 895 853 10065
f 5193 10064 5194
f 10064 5188 5194
f 10108 10106 6601
f 10108 6603 10057
f 10108 3344 10105
f 10108 10059 3346
f 10108 6601 6602
f 10108 6602 6603
f 10108 10105 10110
f 10098 5200 5198
f 10108 10109 10106
f 10108 3346 3345
f 10108 3345 3344
f 10108 10060 10059
f 10108 10058 10060
f 10108 10057 10058
f 6597 6600 10107
f 10107 6600 10106
f 6600 6601 10106
f 10105 3343 10104
f 10105 3344 3343
f 10084 10080 10079
f 10088 10083 10087
f 10088 10084 10083
f 10087 10082 10086
f 10087 10083 10082
f 10086 10082 5206
f 10086 5206 5204
f 10085 868 10081
f 10085 872 868
f 10085 10080 10084
f 10085 10081 10080
f 10084 10079 10083
f 10089 10085 10084
f 10083 10079 10082
f 10082 10079 10078
f 10082 10078 5208
f 10082 5208 5206
f 10081 10077 10080
f 10081 864 10077
f 10081 868 864
f 10080 10075 10079
f 10080 10076 10075
f 10080 10077 10076
f 10079 10075 10078
f 10093 877 10089
f 10097 10092 10096
f 10097 10093 10092
f 10097 885 880
f 10097 880 10093
f 10096 10091 10095
f 10096 10092 10091
f 10095 10090 10094
f 10095 10091 10090
f 10094 10090 5202
f 10094 5202 5200
f 10093 10088 10092
f 10040 10039 5187
f 10093 880 877
f 10093 10089 10088
f 10092 10088 10091
f 10091 10086 10090
f 10091 10088 10087
f 10091 10087 10086
f 10090 10086 5204
f 10090 5204 5202
f 10089 877 872
f 10089 10084 10088
f 10089 872 10085
f 9989 9982 9988
f 9994 9988 6670
f 9994 6670 6668
f 9993 9986 9992
f 9993 9987 9986
f 9993 874 9987
f 9993 875 874
f 9992 9985 9991
f 9992 9986 9985
f 9991 9985 9990
f 9990 9984 9983
f 9990 9983 9989
f 9990 9985 9984
f 9995 9989 9988
f 9989 9983 9982
f 9988 6678 6670
f 9988 9982 6678
f 9987 9980 9986
f 9987 874 9981
f 9987 9981 9980
f 9986 9979 9985
f 9986 9980 9979
f 9985 9978 9984
f 9985 9979 9978
f 9984 9977 9983
f 10000 6668 6663
f 10005 870 9999
f 10005 866 870
f 10004 9998 9997
f 10004 9997 10003
f 10003 9996 10002
f 10003 9997 9996
f 10002 9996 10001
f 10001 9994 10000
f 10001 9996 9995
f 10001 9995 9994
f 10000 9994 6668
f 9984 9978 9977
f 9999 9992 9998
f 9999 9993 9992
f 9999 875 9993
f 9999 870 875
f 9998 9991 9997
f 9998 9992 9991
f 9997 9990 9996
f 9997 9991 9990
f 9996 9990 9995
f 9995 9988 9994
f 9995 9990 9989
f 9969 9944 9948
f 9974 9968 9967
f 9973 9966 9972
f 9973 9967 9966
f 9972 9966 9965
f 9972 9965 9971
f 9971 9964 9970
f 9971 9965 9964
f 9970 9964 6693
f 9970 6693 6688
f 9969 890 9944
f 9969 9948 9968
f 9974 9967 9973
f 9968 9949 9967
f 9968 9948 9949
f 9967 9951 9966
f 9967 9949 9951
f 9966 9946 9965
f 9966 9951 9946
f 9965 9945 9964
f 9965 9946 9945
f 9964 6704 6693
f 9964 9945 6704
f 9963 6651 6653
f 9979 9973 9972
f 9983 9977 9982
f 9982 9977 9976
f 9982 9976 6683
f 9982 6683 6678
f 9981 874 883
f 9981 883 882
f 9981 9975 9980
f 9981 882 9975
f 9980 9973 9979
f 9980 9975 9974
f 9980 9974 9973
f 10005 9999 9998
f 9979 9972 9978
f 9978 9972 9977
f 9977 9972 9971
f 9977 9971 9970
f 9977 9970 9976
f 9976 9970 6688
f 9976 6688 6683
f 9975 890 9969
f 9975 9969 9968
f 9975 9968 9974
f 9975 882 890
f 10026 10025 10027
f 10023 5178 5180
f 3349 10034 953
f 10034 10032 10033
f 10034 10033 953
f 10032 10030 10031
f 10032 10031 10033
f 10030 10028 10029
f 10030 10029 10031
f 10028 10026 10027
f 10028 10027 10029
f 10026 10024 10025
f 5181 10023 5180
f 10024 5179 10023
f 10024 10023 10025
f 5179 5178 10023
f 6721 9954 9963
f 6721 9963 6653
f 9954 9955 10014
f 9954 10014 9963
f 9955 9962 10016
f 9955 10016 10014
f 9962 9960 10018
f 9962 10018 10016
f 10037 5182 5185
f 10040 960 959
f 10040 5187 5186
f 10039 959 10038
f 10039 10038 5187
f 10038 10037 5185
f 10038 959 10037
f 10038 5185 5187
f 10037 954 10031
f 10037 10025 5182
f 10037 959 958
f 10037 958 954
f 9960 9959 10019
f 10037 10027 10025
f 10037 10029 10027
f 10037 10031 10029
f 893 950 10036
f 950 961 10036
f 10035 5183 5184
f 10035 5184 5175
f 954 10033 10031
f 954 953 10033
f 5182 10025 5181
f 10025 10023 5181
f 10011 10004 10010
f 10015 10009 10008
f 10013 10012 9963
f 10013 10007 10006
f 10013 9963 10014
f 10013 10006 10012
f 10012 6651 9963
f 10012 10006 6659
f 10012 6659 6651
f 10011 10005 10004
f 10011 866 10005
f 10011 862 866
f 10015 10013 10014
f 10010 10003 10009
f 10010 10004 10003
f 10009 10003 10008
f 10008 10003 10002
f 10008 10002 10001
f 10008 10001 10007
f 10007 10001 10006
f 10006 10001 10000
f 10006 10000 6663
f 10006 6663 6659
f 10005 9998 10004
f 10021 10022 849
f 9960 10019 10018
f 9959 9953 10022
f 9959 10022 10019
f 9953 849 10022
f 9953 891 849
f 10021 862 10011
f 10021 849 848
f 10021 848 862
f 10021 10020 10019
f 10021 10011 10020
f 10021 10019 10022
f 10111 5189 5195
f 10020 10011 10010
f 10020 10017 10019
f 10020 10009 10017
f 10020 10010 10009
f 10017 10009 10015
f 10017 10016 10018
f 10017 10018 10019
f 10017 10015 10016
f 10015 10008 10007
f 10015 10014 10016
f 10015 10007 10013
f 10213 10142 10141
f 10216 10209 10215
f 10216 10139 10138
f 10215 10214 10140
f 10215 10208 10214
f 10215 10209 10208
f 10215 10140 10139
f 10214 10213 10141
f 10214 10208 10207
f 10214 10141 10140
f 10214 10207 10213
f 10213 10212 10142
f 10213 10207 10212
f 10216 10138 4554
f 10212 10206 10205
f 10212 10205 10211
f 10212 10211 10143
f 10212 10207 10206
f 10212 10143 10142
f 10211 10205 6579
f 10211 6579 6535
f 10211 6535 6537
f 10211 6537 10143
f 10210 10203 10209
f 10210 4560 10204
f 10220 10149 10221
f 6528 6530 10152
f 10224 3625 3565
f 10162 3624 3623
f 10223 10221 10149
f 10223 10150 10219
f 10223 10219 10221
f 10223 10149 10150
f 3583 10144 10222
f 3583 3581 10144
f 10222 10145 10220
f 10222 10144 10145
f 10210 4557 4560
f 10220 10145 10149
f 10219 10150 10218
f 10150 10147 10218
f 10218 10147 10217
f 10147 10146 10217
f 10217 10146 5231
f 10146 5229 5231
f 10216 10215 10139
f 10216 10210 10209
f 10216 4554 4557
f 10216 4557 10210
f 10194 10188 10193
f 10199 6569 6574
f 10198 10191 10197
f 10198 10192 10191
f 10198 4566 10192
f 10198 4563 4566
f 10197 10190 10196
f 10197 10191 10190
f 10196 10190 10189
f 10196 10189 10195
f 10195 10188 10194
f 10195 10189 10188
f 10199 10193 6569
f 10193 10187 6564
f 10193 10188 10187
f 10193 6564 6569
f 10192 10185 10191
f 10192 10186 10185
f 10192 4570 10186
f 10192 4566 4570
f 10191 10184 10190
f 10191 10185 10184
f 10190 10184 10189
f 10189 10183 10188
f 10204 10198 10197
f 10210 10204 10203
f 10209 10203 10208
f 10208 10202 10201
f 10208 10201 10207
f 10208 10203 10202
f 10207 10200 10206
f 10207 10201 10200
f 10206 10200 10205
f 10205 10200 10199
f 10205 10199 6574
f 10205 6574 6579
f 6528 10152 10154
f 10204 4563 10198
f 10204 4560 4563
f 10204 10197 10203
f 10203 10197 10196
f 10203 10196 10202
f 10202 10195 10201
f 10202 10196 10195
f 10201 10194 10200
f 10201 10195 10194
f 10200 10193 10199
f 10200 10194 10193
f 5761 10236 10237
f 10238 2267 2277
f 10238 2277 2276
f 10238 10240 10239
f 10238 10239 10235
f 208 5768 209
f 5768 5767 209
f 5767 5766 209
f 209 5766 210
f 202 2269 200
f 202 2270 2269
f 5761 5763 10236
f 10238 2268 2267
f 200 2269 201
f 10235 2113 2268
f 10234 10217 6534
f 10234 6532 10233
f 10234 10233 10221
f 10234 6534 6533
f 10234 6533 6532
f 10234 10218 10217
f 10234 10219 10218
f 10234 10221 10219
f 10233 6531 10226
f 10244 217 216
f 10236 5763 10245
f 10236 10245 10246
f 5763 5709 10245
f 10244 10243 2276
f 10244 210 5766
f 10244 2270 202
f 10244 5764 10243
f 10244 2276 2270
f 10244 5766 5765
f 10244 5765 5764
f 10244 202 217
f 10233 3571 10220
f 10244 216 210
f 10243 10238 2276
f 10243 5762 10241
f 10243 10241 10238
f 10243 5764 5762
f 10241 10240 10238
f 10241 5761 10237
f 10241 10237 10242
f 10241 10242 10240
f 10241 5762 5761
f 10238 10235 2268
f 10228 3623 3622
f 10230 6521 6523
f 10230 10225 10232
f 10230 10232 10231
f 10230 10231 10226
f 10230 3628 3626
f 10229 6528 10154
f 10229 10158 10228
f 10229 6523 6528
f 10229 10156 10158
f 10229 10154 10156
f 10228 10162 3623
f 10230 6524 6521
f 10228 3622 3629
f 10228 3629 3628
f 10228 10160 10162
f 10228 10158 10160
f 6522 6527 10227
f 6527 6526 10227
f 6526 6525 10227
f 10227 6525 10226
f 6525 6524 10226
f 10225 3625 10224
f 10225 3626 3625
f 6531 6529 10226
f 10233 10225 3566
f 10233 3566 3568
f 10233 3568 3571
f 10233 10232 10225
f 10233 10231 10232
f 10233 10226 10231
f 10233 6532 6531
f 10233 10220 10221
f 5231 6534 10217
f 10220 3575 10222
f 10220 3571 3575
f 10189 10184 10183
f 10222 3575 3583
f 6529 10227 10226
f 6529 6522 10227
f 3566 10225 3564
f 10225 10224 3564
f 3564 10224 3565
f 10230 10229 10228
f 10230 10226 6524
f 10230 6523 10229
f 10230 3626 10225
f 10230 10228 3628
f 10129 10126 10128
f 3567 903 10134
f 10134 10114 10133
f 10134 903 10114
f 10133 10114 10113
f 10132 10111 10131
f 10132 10112 10111
f 10131 5195 5196
f 10131 10111 5195
f 10129 10125 10126
f 10129 10123 6591
f 10129 6595 10125
f 10135 10113 10119
f 10129 6591 6595
f 10129 10128 10130
f 10129 10130 10123
f 10126 10125 3216
f 10126 3206 10121
f 10126 10121 10127
f 10126 10127 10128
f 10126 3216 3209
f 10126 3209 3206
f 10125 6594 10124
f 10125 10124 3217
f 10127 10121 10139
f 10145 10144 3579
f 3579 10144 3581
f 6590 10122 6537
f 10122 10123 10143
f 10122 10143 6537
f 10123 10130 10142
f 10123 10142 10143
f 10130 10128 10141
f 10130 10141 10142
f 10128 10127 10140
f 10128 10140 10141
f 10125 6595 6593
f 10127 10139 10140
f 10121 3208 10138
f 10121 10138 10139
f 3208 3681 10138
f 10135 10133 10113
f 10135 10112 10132
f 10135 10132 10137
f 10135 10137 10136
f 10135 10136 10133
f 10135 10120 10112
f 10135 10119 10120
f 10115 896 10065
f 10118 900 901
f 10118 10112 10120
f 10118 10120 10119
f 10118 10119 10113
f 10118 5190 5189
f 10117 909 10116
f 10117 10116 5191
f 10117 901 909
f 10117 5191 5190
f 10116 909 10115
f 10116 10115 5191
f 10118 10117 5190
f 10115 10064 5193
f 10115 909 896
f 10115 5193 5192
f 10115 5192 5191
f 10115 10099 10064
f 10115 10101 10099
f 10115 10065 10101
f 903 902 10114
f 10114 902 10113
f 902 900 10113
f 10112 5189 10111
f 10122 6591 10123
f 10125 6593 6594
f 10125 3217 3216
f 10124 6599 10106
f 10124 10105 3212
f 10124 6594 6599
f 10124 3212 3217
f 10124 10110 10105
f 10124 10109 10110
f 10124 10106 10109
f 6590 6592 10122
f 6592 6591 10122
f 10134 3569 3567
f 6599 6598 10106
f 6598 6596 10107
f 6598 10107 10106
f 10121 3206 3208
f 6596 6597 10107
f 10105 10104 3212
f 3212 10104 3210
f 10104 3213 3210
f 10118 10113 900
f 10118 5189 10112
f 10118 901 10117
f 10174 4573 4576
f 10178 10172 10177
f 10177 10171 10170
f 10177 10170 10176
f 10177 10172 10171
f 10176 10170 10175
f 10175 10170 10169
f 10175 10169 6554
f 10175 6554 6559
f 10174 4576 10168
f 10174 10168 10167
f 10174 10167 10173
f 10179 10173 10172
f 10173 10167 10166
f 10173 10166 10172
f 10172 10165 10171
f 10172 10166 10165
f 10171 10165 10170
f 10170 10164 10163
f 10170 10163 10169
f 10170 10165 10164
f 10169 10163 6544
f 10169 6544 6549
f 10169 6549 6554
f 10184 10178 10177
f 10188 10181 10187
f 10188 10183 10182
f 10188 10182 10181
f 10187 10181 6559
f 10187 6559 6564
f 10186 10179 10185
f 10186 10180 10179
f 10186 4569 10180
f 10186 4570 4569
f 10185 10178 10184
f 10185 10179 10178
f 10168 10159 10167
f 10184 10177 10183
f 10183 10176 10182
f 10183 10177 10176
f 10182 10175 10181
f 10182 10176 10175
f 10181 10175 6559
f 10180 10174 10173
f 10180 4573 10174
f 10180 10173 10179
f 10180 4569 4573
f 10179 10172 10178
f 10148 10150 10149
f 10153 10152 10151
f 10151 6530 6540
f 10151 10152 6530
f 3681 4554 10138
f 10148 10132 6728
f 10148 6730 10147
f 10148 3569 10133
f 10148 10145 3579
f 10148 3579 3577
f 10148 3577 3569
f 10148 10147 10150
f 10153 10154 10152
f 10148 10149 10145
f 10148 6728 6730
f 10148 10137 10132
f 10148 10136 10137
f 10148 10133 10136
f 5196 6729 10131
f 10131 6729 10132
f 6729 6728 10132
f 6730 5229 10146
f 6730 10146 10147
f 10133 3569 10134
f 10163 10151 6540
f 10168 10161 10159
f 10168 4581 10161
f 10168 4576 4581
f 10167 10157 10166
f 10167 10159 10157
f 10166 10157 10155
f 10166 10155 10165
f 10165 10155 10153
f 10165 10153 10164
f 10164 10153 10151
f 10164 10151 10163
f 890 889 9944
f 10163 6540 6544
f 10161 10160 10159
f 10161 3624 10162
f 10161 10162 10160
f 10161 4581 3624
f 10159 10158 10157
f 10159 10160 10158
f 10157 10156 10155
f 10157 10158 10156
f 10155 10154 10153
f 10155 10156 10154
f 9780 3237 9779
f 9785 3607 9765
f 9784 9771 9783
f 9784 9765 9771
f 9783 9772 9782
f 9783 9771 9772
f 9782 9764 5280
f 9782 9772 9764
f 4588 4590 9781
f 5280 9764 5282
f 9780 9779 5297
f 9780 9762 3227
f 9780 5299 9759
f 9785 4614 3607
f 9780 5297 5298
f 9780 5298 5299
f 9780 3227 3237
f 9780 9761 9762
f 9780 9760 9761
f 9780 9759 9760
f 9779 3236 9778
f 9779 9778 5297
f 9779 3237 3236
f 9778 9775 5297
f 9778 3236 9775
f 9790 5278 5276
f 9794 9791 9790
f 9794 5276 5274
f 9793 4615 9789
f 9793 9789 9788
f 9793 9788 9792
f 9793 4610 4615
f 9792 9788 9791
f 9791 9787 9786
f 9791 9786 9790
f 9791 9788 9787
f 9790 9786 5278
f 9775 3235 9774
f 9789 9785 9784
f 9789 4614 9785
f 9789 9784 9788
f 9789 4615 4614
f 9788 9783 9787
f 9788 9784 9783
f 9787 9783 9782
f 9787 9782 9786
f 9786 9782 5280
f 9786 5280 5278
f 9785 9765 9784
f 9766 3610 9753
f 9770 5291 5289
f 9769 3618 9768
f 9769 9768 5292
f 9769 3619 3618
f 9769 5292 5291
f 9768 3618 9767
f 9768 9767 5292
f 9767 9766 5290
f 9767 3617 9766
f 9767 3618 3617
f 9767 5290 5292
f 9770 9771 9765
f 9766 9752 5287
f 9766 3617 3610
f 9766 5287 5290
f 9766 9757 9752
f 9766 9756 9757
f 9766 9753 9756
f 3607 3606 9765
f 3606 3620 9765
f 9764 5289 5288
f 9764 5288 5282
f 3610 9754 9753
f 9758 5299 5300
f 9775 9773 5294
f 9775 5294 5296
f 9775 5296 5297
f 9775 9774 9777
f 9775 9777 9776
f 9775 9776 9773
f 9775 3236 3235
f 3228 3226 9763
f 9763 3226 9762
f 3226 3227 9762
f 9759 5299 9758
f 9794 9790 5276
f 3235 3221 9774
f 3221 3222 9774
f 5294 9773 5295
f 9773 5293 5295
f 9770 9765 3620
f 9770 3619 9769
f 9770 9769 5291
f 9770 5289 9764
f 9770 3620 3619
f 9770 9764 9772
f 9770 9772 9771
f 9813 9776 9777
f 9821 9822 9820
f 9819 6778 6791
f 9819 9820 6778
f 3609 4582 9818
f 4586 4585 9817
f 4588 9781 3222
f 9781 9814 9774
f 9781 9774 3222
f 9814 9813 9777
f 9814 9777 9774
f 9813 9811 9776
f 9821 9820 9819
f 9811 5264 9773
f 9811 9773 9776
f 5264 5293 9773
f 9816 9781 4590
f 9816 9815 9814
f 9816 9809 9808
f 9816 4594 9809
f 9816 9808 9815
f 9816 4590 4594
f 9816 9814 9781
f 9815 9807 9812
f 9831 9821 9819
f 9835 4586 9829
f 9835 9829 9827
f 9835 9827 9834
f 9835 4592 4586
f 9834 9827 9825
f 9834 9825 9833
f 9833 9823 9832
f 9833 9825 9823
f 9832 9823 9821
f 9832 9821 9831
f 9831 9819 9830
f 9815 9812 9814
f 9830 9819 6791
f 9830 6791 6798
f 9829 9828 9827
f 9829 4586 9817
f 9829 9817 9828
f 9827 9826 9825
f 9827 9828 9826
f 9825 9824 9823
f 9825 9826 9824
f 9823 9822 9821
f 9823 9824 9822
f 9799 9795 9794
f 9804 9799 9803
f 9804 9800 9799
f 9803 9799 9798
f 9803 9798 9802
f 9802 9798 5270
f 9801 4606 9797
f 9801 9796 9800
f 9801 4602 4606
f 9801 9797 9796
f 9800 9796 9795
f 9800 9795 9799
f 9805 9800 9804
f 9799 9794 9798
f 9798 9794 5274
f 9798 5274 5272
f 9798 5272 5270
f 9797 9792 9796
f 9797 9793 9792
f 9797 4610 9793
f 9797 4606 4610
f 9796 9791 9795
f 9796 9792 9791
f 9795 9791 9794
f 9809 4598 9805
f 9815 9808 9807
f 9812 9810 9811
f 9812 9806 9810
f 9812 9807 9806
f 9812 9811 9813
f 9812 9813 9814
f 9810 5264 9811
f 9810 9806 5265
f 9810 5265 5264
f 9809 9804 9808
f 9809 4594 4598
f 3610 3589 9754
f 9809 9805 9804
f 9808 9803 9807
f 9808 9804 9803
f 9807 9802 9806
f 9807 9803 9802
f 9806 9802 5270
f 9806 5270 5268
f 9806 5268 5265
f 9805 9801 9800
f 9805 4598 4602
f 9805 4602 9801
f 9715 3369 3366
f 9718 9715 9720
f 9718 9720 9719
f 9718 9719 9716
f 9718 3375 3372
f 9718 3372 3369
f 9718 9704 9696
f 9718 9703 9704
f 9718 9698 9703
f 5304 6853 9717
f 9717 6853 9716
f 6853 6855 9716
f 9715 3366 9714
f 9718 6857 6859
f 6859 6861 9698
f 9714 3366 3365
f 6861 9697 9698
f 6861 6863 9697
f 3375 9696 3376
f 9696 9695 3376
f 3376 9695 935
f 9713 9711 9709
f 9713 9712 6934
f 9713 6937 9708
f 9713 9709 9712
f 9724 9706 9710
f 9717 9728 5304
f 9728 5305 5304
f 9727 9725 9710
f 9727 9711 9723
f 9727 9723 9725
f 9727 9710 9711
f 3596 9705 9726
f 3596 3598 9705
f 9726 9706 9724
f 9726 9705 9706
f 9724 9710 9725
f 9713 9708 9711
f 9723 9711 9722
f 9711 9708 9722
f 9722 9708 9721
f 9708 9707 9721
f 9721 9707 5315
f 9707 5313 5315
f 9718 9716 6855
f 9718 6859 9698
f 9718 3369 9715
f 9718 9696 3375
f 9718 6855 6857
f 9701 9700 9699
f 3599 9705 3598
f 9702 9698 6866
f 9702 937 9696
f 9702 6865 9701
f 9702 9701 945
f 9702 6866 6864
f 9702 6864 6865
f 9702 9696 9704
f 9702 9704 9703
f 9702 9703 9698
f 9702 945 937
f 9706 9705 3599
f 9701 6872 9700
f 9701 9699 945
f 9701 6865 6872
f 9700 6869 9683
f 9700 9681 9699
f 9700 6872 6869
f 9700 9682 9681
f 9700 9683 9682
f 9699 9679 933
f 9699 933 932
f 9699 932 946
f 9709 3599 3603
f 9713 6934 6936
f 9713 6936 6939
f 9713 6939 6937
f 9712 9709 3602
f 9712 9688 6934
f 9712 3601 9686
f 9712 3602 3601
f 9712 9691 9688
f 9712 9690 9691
f 9712 9686 9690
f 9709 9706 3599
f 9729 9728 9717
f 9709 3603 3602
f 9709 9711 9710
f 9709 9710 9706
f 6874 6930 9687
f 9687 6930 9688
f 6930 6934 9688
f 9686 3600 9685
f 9686 3601 3600
f 9685 3600 931
f 6937 5313 9707
f 6937 9707 9708
f 9748 9747 3367
f 9755 9741 9742
f 9755 9737 9741
f 3589 3588 9754
f 9754 9736 9753
f 9754 3588 9736
f 9753 9736 9737
f 9752 9738 9751
f 9752 9739 9738
f 9751 5283 5284
f 9751 9738 5283
f 9748 9746 6635
f 9755 9742 9739
f 9748 3370 9744
f 9748 6636 9747
f 9748 6635 6636
f 9748 9744 9750
f 9748 9750 9749
f 9748 9749 9746
f 9748 3367 3370
f 9747 6637 9729
f 9747 9731 3363
f 9747 6636 6637
f 9747 3363 3367
f 9761 9749 9750
f 5287 9752 5286
f 9752 9751 5286
f 5286 9751 5285
f 9751 5284 5285
f 3228 9763 3374
f 9763 9762 9744
f 9763 9743 3374
f 9763 9744 9743
f 9762 9761 9750
f 9762 9750 9744
f 9761 9760 9749
f 9747 9732 9731
f 9760 9759 9746
f 9760 9746 9749
f 9759 9758 9745
f 9759 9745 9746
f 9758 5300 5301
f 9758 5301 9745
f 9755 9753 9737
f 9755 9739 9752
f 9755 9752 9757
f 9755 9757 9756
f 9755 9756 9753
f 9734 9720 9732
f 9721 6610 9722
f 6610 6608 9722
f 6606 5283 9738
f 6606 9738 9739
f 9724 3594 9726
f 9726 3594 3596
f 9737 9736 3590
f 3590 9736 3588
f 9735 9720 9734
f 9735 9734 9719
f 9735 9719 9720
f 5315 6610 9721
f 9734 9730 9719
f 9734 9732 9730
f 3365 9733 9714
f 3365 3360 9733
f 9714 9731 9715
f 9714 9733 9731
f 9715 9732 9720
f 9715 9731 9732
f 9719 9730 9716
f 9730 9729 9716
f 9716 9729 9717
f 9740 6606 9739
f 9747 9730 9732
f 9747 9729 9730
f 5301 6635 9745
f 9745 6635 9746
f 6637 9728 9729
f 6637 5305 9728
f 9744 3370 9743
f 9743 3370 3374
f 9731 9733 3363
f 3363 9733 3360
f 9740 9722 6608
f 9836 6798 6804
f 9740 3594 9724
f 9740 9737 3590
f 9740 3590 3592
f 9740 3592 3594
f 9740 9739 9742
f 9740 9742 9741
f 9740 9741 9737
f 9740 6608 6606
f 9740 9723 9722
f 9740 9725 9723
f 9740 9724 9725
f 9912 9924 9925
f 3572 9930 898
f 5173 9914 9929
f 5173 9929 5174
f 9914 9913 9928
f 9914 9928 9929
f 9913 9916 9927
f 9913 9927 9928
f 9916 9917 9926
f 9916 9926 9927
f 9917 9912 9925
f 9917 9925 9926
f 9912 9911 9924
f 9931 9930 3572
f 9911 3358 9924
f 9911 3361 3358
f 5169 9923 9904
f 5169 9904 5170
f 9923 9922 9908
f 9923 9908 9904
f 9922 9921 9906
f 9922 9906 9908
f 9921 9920 9907
f 9921 9907 9906
f 9920 9919 9903
f 9934 9920 9921
f 9934 6700 9933
f 9934 3578 9919
f 9934 9931 3573
f 9934 3573 3576
f 9934 3576 3578
f 9934 9933 9936
f 9934 9936 9935
f 9934 9935 9931
f 9934 6696 6697
f 9934 6697 6700
f 9934 9921 9922
f 9920 9903 9907
f 9934 9919 9920
f 5169 6698 9923
f 9923 6698 9922
f 6698 6696 9922
f 9919 3580 9918
f 9919 3578 3580
f 6700 6702 9933
f 9918 3580 3582
f 6702 6638 9932
f 6702 9932 9933
f 3573 9931 3572
f 9910 9886 9885
f 9911 3362 3361
f 6769 9894 9895
f 6769 6771 9894
f 3371 9893 3373
f 9893 9892 3373
f 3373 9892 3224
f 9910 9885 6843
f 9910 9909 9888
f 9910 6849 9909
f 9910 6843 6847
f 9910 6847 6849
f 6767 6769 9895
f 9910 9889 9886
f 9910 9888 9889
f 9909 6849 9905
f 9909 3587 9884
f 9909 9905 9907
f 9909 9903 3593
f 9909 3593 3591
f 9909 3591 3587
f 9909 9907 9903
f 9909 9884 9888
f 9905 6789 9904
f 9915 9917 9916
f 9919 9918 9902
f 9919 9902 9903
f 9918 3597 9902
f 9918 3582 3597
f 9915 9913 6763
f 9915 6767 9895
f 9915 3364 9912
f 9915 9893 3371
f 9915 6763 6765
f 9915 6765 6767
f 9915 9912 9917
f 9934 9922 6696
f 9915 9916 9913
f 9915 3371 3368
f 9915 3368 3364
f 9915 9901 9893
f 9915 9900 9901
f 9915 9895 9900
f 5173 6761 9914
f 9914 6761 9913
f 6761 6763 9913
f 9912 3362 9911
f 9912 3364 3362
f 9937 955 956
f 9956 9939 9942
f 6721 6720 9954
f 6720 6719 9954
f 9954 6719 9955
f 6715 6714 9939
f 6714 6713 9940
f 6714 9940 9939
f 9953 951 891
f 6713 6712 9940
f 9938 9937 966
f 966 9937 956
f 9956 9942 9943
f 9952 9947 906
f 9952 9933 6643
f 9952 905 9931
f 9952 6706 9950
f 9952 9950 9947
f 9952 906 905
f 9952 6643 6642
f 9952 6642 6706
f 9952 9936 9933
f 9952 9935 9936
f 9952 9931 9935
f 9958 964 963
f 9961 9957 9958
f 9961 9955 6719
f 9961 6718 9957
f 9961 9958 9960
f 9961 6719 6718
f 9961 9960 9962
f 9961 9962 9955
f 9958 9957 964
f 9958 951 9953
f 9958 9953 9959
f 9958 9959 9960
f 9950 9949 9947
f 9958 963 951
f 9957 6716 9956
f 9957 9956 965
f 9957 6718 6717
f 9957 6717 6716
f 9957 965 964
f 9956 6715 9939
f 9956 9938 966
f 9956 6716 6715
f 9956 966 965
f 9956 9943 9938
f 6712 6711 9940
f 9941 9925 3354
f 9941 6710 6709
f 9941 6709 6708
f 9941 9938 9943
f 9941 9943 9942
f 9941 9942 9939
f 9941 3354 3352
f 9941 3352 3350
f 9941 9926 9925
f 9941 9927 9926
f 9941 9928 9927
f 9941 3350 9938
f 9940 6711 9939
f 6711 6710 9939
f 9938 3351 9937
f 9938 3350 3351
f 6708 6707 9928
f 9937 3351 955
f 6707 9929 9928
f 6707 5174 9929
f 3354 9925 3356
f 9925 9924 3356
f 3356 9924 3358
f 6640 6639 9932
f 9950 6705 9946
f 9950 9946 9951
f 9950 9951 9949
f 9950 6706 6705
f 9947 9944 894
f 9947 894 908
f 9947 908 907
f 9947 907 906
f 9947 9949 9948
f 9947 9948 9944
f 6638 6640 9932
f 9905 9904 9908
f 6639 6641 9932
f 9932 6641 9933
f 6641 6643 9933
f 9931 899 9930
f 9931 905 899
f 6705 6704 9945
f 6705 9945 9946
f 9930 899 898
f 9944 889 894
f 9941 9939 6710
f 9941 6708 9928
f 9862 9857 9856
f 9866 6781 9867
f 9866 9867 9868
f 9865 9858 9864
f 9865 9859 9858
f 9865 4608 9859
f 9865 4612 4608
f 9864 9857 9863
f 9864 9858 9857
f 9863 9857 9862
f 9862 9855 9861
f 9862 9856 9855
f 9866 6782 6781
f 9861 9854 9860
f 9861 9855 9854
f 9860 9854 6823
f 9860 6823 6830
f 9859 9852 9858
f 9859 9853 9852
f 9859 4604 9853
f 9859 4608 4604
f 9858 9851 9857
f 9858 9852 9851
f 9857 9851 9856
f 9872 9863 9862
f 9876 9818 4582
f 9876 9865 9864
f 9876 9875 9874
f 9876 4612 9865
f 9876 4582 4612
f 9876 9874 9818
f 9875 9864 9872
f 9875 9872 9874
f 9872 9870 9871
f 9872 9862 9870
f 9872 9864 9863
f 9856 9849 9855
f 9872 9871 9873
f 9872 9873 9874
f 9870 9861 9869
f 9870 9869 9868
f 9870 9862 9861
f 9870 9868 9871
f 9869 9861 9866
f 9869 9866 9868
f 9866 9860 6830
f 9866 9861 9860
f 9866 6830 6782
f 9841 9835 9834
f 9846 9839 9845
f 9846 9840 9839
f 9845 9839 9838
f 9845 9838 9844
f 9844 9838 9837
f 9844 9837 9843
f 9843 9836 9842
f 9843 9837 9836
f 9842 9836 6804
f 9842 6804 6810
f 9841 4592 9835
f 9847 4596 9841
f 9841 9834 9840
f 9841 4596 4592
f 9840 9834 9833
f 9840 9833 9839
f 9839 9833 9832
f 9839 9832 9838
f 9838 9831 9837
f 9838 9832 9831
f 9837 9830 9836
f 9837 9831 9830
f 9836 9830 6798
f 9851 9844 9850
f 9856 9851 9850
f 9856 9850 9849
f 9855 9849 9854
f 9854 9849 9848
f 9854 9848 6816
f 9854 6816 6823
f 9853 9846 9852
f 9853 4600 9847
f 9853 9847 9846
f 9853 4604 4600
f 9852 9846 9851
f 9876 9864 9875
f 9851 9846 9845
f 9851 9845 9844
f 9850 9843 9849
f 9850 9844 9843
f 9849 9842 9848
f 9849 9843 9842
f 9848 9842 6810
f 9848 6810 6816
f 9847 9840 9846
f 9847 9841 9840
f 9847 4600 4596
f 9896 9878 9877
f 9898 9896 3231
f 9898 6773 6780
f 9897 6777 9881
f 9897 9879 9896
f 9897 6780 6777
f 9897 9880 9879
f 9897 9881 9880
f 9896 9877 3219
f 9896 3219 3233
f 9896 3233 3232
f 9896 3232 3231
f 9898 6780 9897
f 9896 9879 9878
f 6771 6776 9894
f 6776 6775 9894
f 6775 6774 9894
f 9894 6774 9895
f 9893 3225 9892
f 9893 3230 3225
f 6777 9882 9881
f 6777 6779 9882
f 9892 3225 3224
f 9877 3220 3219
f 3595 9902 3597
f 9905 9908 9906
f 9905 9906 9907
f 9905 6849 6851
f 9905 6851 6789
f 6784 6843 9885
f 9884 3586 9883
f 9884 3587 3586
f 9883 3586 3585
f 6789 5170 9904
f 3593 9903 3595
f 9903 9902 3595
f 9891 9868 6845
f 9899 9895 6774
f 9899 3230 9893
f 9899 6773 9898
f 9899 9898 3231
f 9899 6774 6772
f 9899 6772 6773
f 9899 9893 9901
f 9899 9901 9900
f 9899 9900 9895
f 9899 3231 3230
f 9898 9897 9896
f 9820 9882 6779
f 6786 6783 9886
f 6783 6785 9885
f 6783 9885 9886
f 9818 3611 3608
f 9818 3608 3609
f 6785 6784 9885
f 9884 9883 3613
f 3613 9883 3615
f 9883 3585 3615
f 6778 9820 6779
f 9820 9822 9882
f 9874 3611 9818
f 9822 9824 9881
f 9822 9881 9882
f 9824 9826 9880
f 9824 9880 9881
f 9826 9828 9879
f 9826 9879 9880
f 9828 9817 9878
f 9828 9878 9879
f 9817 4585 9877
f 9817 9877 9878
f 4585 3220 9877
f 9890 6844 6788
f 9891 3611 9874
f 9891 6844 9890
f 9891 9890 3612
f 9891 3612 3611
f 9891 6845 6844
f 9891 9871 9868
f 9891 9873 9871
f 9891 9874 9873
f 9890 6787 9887
f 9890 9887 3614
f 9890 3614 3612
f 9699 946 945
f 9890 6788 6787
f 9887 6786 9886
f 9887 9884 3613
f 9887 3613 3614
f 9887 9886 9889
f 9887 9889 9888
f 9887 9888 9884
f 9887 6787 6786
f 6781 6846 9867
f 6846 6845 9867
f 9867 6845 9868
f 8447 8468 8466
f 8458 8471 8472
f 8457 5623 8471
f 8457 5624 5623
f 8470 8454 8469
f 8470 8469 8453
f 8470 8453 8454
f 8469 8454 8467
f 8469 8465 8453
f 8469 8467 8465
f 4314 8468 8447
f 4314 4309 8468
f 8447 8466 8448
f 8458 8457 8471
f 8448 8467 8454
f 8448 8466 8467
f 8453 8465 8450
f 8465 8464 8450
f 8450 8464 8449
f 8464 8463 8449
f 8449 8463 5634
f 8463 5635 5634
f 8462 8440 8015
f 8462 3868 8443
f 8462 8459 3866
f 8466 8468 4312
f 8481 8018 8016
f 8481 4312 4315
f 8481 8467 8466
f 8481 8465 8467
f 8481 8464 8465
f 5633 8020 8479
f 8479 8020 8480
f 8016 8463 8464
f 8016 5635 8463
f 8478 4318 8477
f 8477 4318 4322
f 8462 8017 8459
f 4312 8468 4309
f 3863 8455 8476
f 3863 8476 509
f 8455 8456 8475
f 8455 8475 8476
f 8456 8460 8474
f 8456 8474 8475
f 8460 8461 8473
f 8460 8473 8474
f 8461 8458 8472
f 8461 8472 8473
f 8449 8013 8450
f 8452 8013 8011
f 8452 8448 8454
f 8452 8454 8453
f 8452 8453 8450
f 8451 8011 299
f 8451 294 4320
f 8451 4320 4317
f 8451 299 308
f 8451 308 307
f 8451 307 294
f 5634 8013 8449
f 8452 8451 4317
f 8011 302 301
f 8011 301 299
f 8448 4317 8447
f 8447 4317 4314
f 294 291 4320
f 4320 291 293
f 8446 8442 8433
f 8446 8434 8441
f 8446 8433 8445
f 8446 8445 8434
f 8446 8441 8442
f 8459 8017 8019
f 8462 3866 3868
f 8462 8015 8017
f 8462 8441 8440
f 8462 8442 8441
f 8462 8443 8442
f 8459 8019 8458
f 8459 8456 3864
f 8459 3864 3866
f 8459 8458 8461
f 8459 8461 8460
f 8459 8460 8456
f 8481 8466 4312
f 5636 8015 8439
f 8439 8015 8440
f 8019 5624 8457
f 8019 8457 8458
f 8443 3868 8444
f 8444 3868 3870
f 8456 8455 3864
f 3864 8455 3863
f 8452 8450 8013
f 8452 8011 8451
f 8452 4317 8448
f 493 8499 4322
f 8503 5627 5626
f 5627 8503 8485
f 5627 8485 5614
f 8503 8502 8493
f 8503 8493 8485
f 8502 8501 8492
f 8502 8492 8493
f 8501 8500 8486
f 8501 8486 8492
f 8500 487 505
f 8500 505 8486
f 5625 8503 5626
f 8499 8498 8477
f 8499 8477 4322
f 8498 8497 8478
f 8498 8478 8477
f 8497 8496 8484
f 8497 8484 8478
f 8496 8495 8483
f 8496 8483 8484
f 8495 8494 8480
f 8495 8480 8483
f 8494 5632 5633
f 8504 5628 5629
f 8507 8497 8498
f 8507 8496 8497
f 8507 8495 8496
f 8506 501 8505
f 8506 8505 5629
f 8506 502 501
f 8505 8504 5629
f 8505 501 8504
f 8504 500 8500
f 8504 8503 5625
f 8504 5625 5628
f 8494 8479 8480
f 8504 8502 8503
f 8504 8501 8502
f 8504 8500 8501
f 8504 501 500
f 493 491 8499
f 8499 491 8498
f 491 492 8498
f 8495 5631 8494
f 8494 5631 5632
f 500 486 8500
f 486 487 8500
f 5621 8471 5622
f 8487 8473 8472
f 8487 8474 8473
f 8487 8475 8474
f 505 506 8486
f 506 517 8486
f 8485 5616 5615
f 8485 5615 5614
f 510 8476 8475
f 510 509 8476
f 5620 8472 5621
f 8472 8471 5621
f 8487 5620 5619
f 8471 5623 5622
f 8482 8480 8020
f 8482 8481 4315
f 8482 4318 8478
f 8482 8018 8481
f 8482 8020 8018
f 8482 8478 8484
f 8482 8484 8483
f 8482 8483 8480
f 8482 4315 4318
f 8481 8016 8464
f 8490 8489 5618
f 8494 5633 8479
f 8491 8490 5617
f 8491 8486 517
f 8491 516 8490
f 8491 5616 8485
f 8491 517 516
f 8491 8485 8493
f 8491 8493 8492
f 8491 8492 8486
f 8491 5617 5616
f 8490 515 8489
f 8445 8433 8434
f 8490 516 515
f 8490 5618 5617
f 8489 515 8488
f 8489 8488 5618
f 8488 8487 5619
f 8488 515 8487
f 8488 5619 5618
f 8487 510 8475
f 8487 8472 5620
f 8487 515 514
f 8487 514 510
f 3688 3087 8398
f 8407 8406 3894
f 3894 8406 3893
f 8406 3875 3893
f 5638 8389 5647
f 8389 8392 8397
f 8389 8397 5647
f 8392 8393 8405
f 8392 8405 8397
f 8393 8390 8404
f 8393 8404 8405
f 8390 3688 8398
f 8390 8398 8404
f 8005 8007 8408
f 8403 8402 5656
f 8403 8398 3096
f 8403 3095 8402
f 8403 5653 8397
f 8403 3096 3095
f 8403 8397 8405
f 8403 8405 8404
f 8403 8404 8398
f 8403 5656 5653
f 8402 3094 8401
f 8402 8401 5657
f 8413 7999 8001
f 8417 8409 8418
f 8417 8418 8419
f 8417 3897 3892
f 8417 3892 3889
f 8416 7999 8413
f 8416 8413 3898
f 8416 7993 7996
f 8416 7996 7999
f 8416 3898 3897
f 8413 8001 8410
f 8413 8407 3894
f 8402 3095 3094
f 8413 3894 3898
f 8413 8410 8415
f 8413 8415 8414
f 8413 8414 8407
f 7990 7992 8411
f 7992 7991 8411
f 8411 7991 8412
f 8001 8003 8410
f 8003 8005 8408
f 8003 8408 8410
f 8409 3889 3891
f 8395 8394 5643
f 8396 8395 5643
f 8396 8381 3693
f 8396 5641 8378
f 8396 3703 8395
f 8396 5643 5642
f 8396 5642 5641
f 8396 3693 3703
f 8396 8380 8381
f 8396 8379 8380
f 8396 8378 8379
f 8395 3702 8394
f 8383 5649 5650
f 8395 3703 3702
f 8394 8391 5643
f 8394 3702 8391
f 8391 3701 8390
f 8391 8389 5645
f 8391 5645 5644
f 8391 5644 5643
f 8391 8390 8393
f 8391 8393 8392
f 8391 8392 8389
f 8391 3702 3701
f 8399 8385 8384
f 8402 5657 5656
f 8401 3094 8400
f 8401 8400 5657
f 8400 8399 5655
f 8400 3094 8399
f 8400 5655 5657
f 8399 3090 8387
f 8399 8384 5652
f 8399 3094 3093
f 8399 3093 3090
f 8399 5652 5655
f 8417 3889 8409
f 8399 8386 8385
f 8399 8387 8386
f 3087 3086 8398
f 3086 3096 8398
f 8397 5653 5654
f 8397 5654 5647
f 3090 8388 8387
f 3090 3030 8388
f 5652 8384 5651
f 8384 8383 5651
f 5651 8383 5650
f 8435 8423 8422
f 8437 8435 3909
f 8437 7998 7995
f 8436 7997 8426
f 8436 8424 8435
f 8436 7995 7997
f 8436 8425 8424
f 8436 8426 8425
f 8435 8422 3903
f 8435 3903 3902
f 8435 3902 3910
f 8435 3910 3909
f 8437 7995 8436
f 8435 8424 8423
f 296 8006 297
f 8006 8004 297
f 8004 8002 297
f 297 8002 298
f 290 3905 288
f 290 3906 3905
f 7997 8427 8426
f 7997 7994 8427
f 288 3905 289
f 8422 3900 3903
f 8439 8430 5637
f 3870 3872 8444
f 3872 8428 8444
f 8444 8428 8443
f 8428 8429 8443
f 8443 8429 8442
f 8429 8433 8442
f 8441 8431 8440
f 8441 8434 8431
f 8440 8430 8439
f 8440 8431 8430
f 8439 5637 5636
f 8432 8410 8009
f 8438 298 8002
f 8438 3906 290
f 8438 7998 8437
f 8438 8437 3909
f 8438 8002 8000
f 8438 8000 7998
f 8438 290 305
f 8438 305 304
f 8438 304 298
f 8438 3909 3906
f 8437 8436 8435
f 8418 8409 8422
f 3873 8428 3872
f 7990 8411 8427
f 7990 8427 7994
f 8411 8412 8426
f 8411 8426 8427
f 8412 8421 8425
f 8412 8425 8426
f 8421 8419 8424
f 8421 8424 8425
f 8419 8418 8423
f 8419 8423 8424
f 8429 8428 3873
f 8418 8422 8423
f 8409 3891 8422
f 3891 3900 8422
f 8420 8416 8417
f 8420 8412 7991
f 8420 7993 8416
f 8420 8417 8419
f 8420 7991 7993
f 8420 8419 8421
f 8420 8421 8412
f 8417 8416 3897
f 8432 8414 8415
f 8432 8012 8431
f 8432 3877 8407
f 8432 8429 3880
f 8432 3880 3878
f 8432 3878 3877
f 8432 8431 8434
f 8432 8434 8433
f 8432 8433 8429
f 8432 8009 8010
f 8432 8010 8012
f 8432 8415 8410
f 8507 492 502
f 8432 8407 8414
f 8007 8008 8408
f 8408 8008 8410
f 8008 8009 8410
f 8407 3876 8406
f 8407 3877 3876
f 8012 8014 8431
f 8406 3876 3875
f 8014 5637 8430
f 8014 8430 8431
f 3880 8429 3873
f 8585 8584 3929
f 8574 3941 3937
f 8038 8037 8591
f 8038 8591 8592
f 8573 3937 3851
f 8590 3932 3935
f 8588 8584 8585
f 8588 8582 8053
f 8588 8052 8584
f 8588 8585 8587
f 8588 8053 8052
f 8588 8587 8589
f 8588 8589 8582
f 8574 3937 8573
f 8585 3915 8580
f 8585 8580 8586
f 8585 8586 8587
f 8585 3929 3928
f 8585 3928 3915
f 8584 8049 8583
f 8584 8583 3930
f 8584 8052 8051
f 8584 8051 8049
f 8584 3930 3929
f 8583 8047 8568
f 8596 8597 8595
f 8599 8048 8050
f 8599 8579 8576
f 8599 8578 8579
f 8599 8574 8578
f 8598 8593 3942
f 8598 8036 8596
f 8598 8596 8593
f 8598 8050 8036
f 8596 8595 8593
f 8596 8038 8592
f 8596 8592 8597
f 8583 8567 3931
f 8596 8036 8038
f 8593 8590 3935
f 8593 3935 3944
f 8593 3944 3943
f 8593 3943 3942
f 8593 8595 8594
f 8593 8594 8590
f 8040 8042 8575
f 8042 8044 8575
f 8044 8046 8575
f 8575 8046 8576
f 8033 8035 8576
f 8577 8578 8574
f 8577 8029 8031
f 8577 8031 8033
f 8577 8563 8564
f 8577 8562 8563
f 8577 8561 8562
f 5587 8027 8565
f 8565 8027 8564
f 8027 8029 8564
f 8561 3858 8560
f 8561 3856 3858
f 8577 8579 8578
f 8560 3858 3860
f 8035 8040 8575
f 8035 8575 8576
f 3852 8574 3850
f 8574 8573 3850
f 3850 8573 3851
f 8570 8568 8034
f 8570 8030 8558
f 8570 4299 8567
f 8570 8555 4303
f 8570 8034 8032
f 8580 3915 3916
f 8583 8049 8047
f 8583 3931 3930
f 8583 8572 8567
f 8583 8571 8572
f 8583 8568 8571
f 8054 8055 8581
f 8055 8053 8581
f 8581 8053 8582
f 8047 8045 8568
f 8045 8043 8569
f 8045 8569 8568
f 8599 8046 8048
f 8043 8041 8569
f 8567 8566 3931
f 3931 8566 3921
f 8566 3920 3921
f 8577 8564 8029
f 8577 8033 8576
f 8577 3856 8561
f 8577 8574 3852
f 8577 3852 3854
f 8577 3854 3856
f 8577 8576 8579
f 8618 3926 3925
f 8620 5593 8619
f 8619 5593 5592
f 3946 3936 8600
f 3936 3934 8600
f 5597 8606 5598
f 8606 5590 5598
f 8618 8601 3926
f 8618 8617 5608
f 8618 3925 8617
f 8618 5605 8607
f 8618 5608 5605
f 3938 3939 8621
f 8618 8603 8601
f 8618 8605 8603
f 8618 8607 8605
f 8617 8616 5609
f 8617 3924 8616
f 8617 5609 5608
f 8617 3925 3924
f 8616 3924 8615
f 8616 8615 5609
f 8615 3924 8612
f 8615 8612 5607
f 8624 3947 8623
f 8626 5593 8620
f 8626 8625 5595
f 8626 3939 3948
f 8626 8620 8628
f 8626 8628 8627
f 8626 8627 8621
f 8626 5595 5594
f 8626 5594 5593
f 8625 3947 8624
f 8625 8624 5595
f 8625 3948 3947
f 8615 5607 5609
f 8624 8623 5595
f 8623 3946 8600
f 8623 8606 5597
f 8623 3947 3946
f 8623 5597 5596
f 8623 5596 5595
f 8623 8604 8606
f 8623 8602 8604
f 8623 8600 8602
f 3845 3938 8622
f 8622 3938 8621
f 8587 8586 8595
f 8602 8600 8601
f 8602 8601 8603
f 8600 3914 8601
f 8600 3934 3914
f 8054 8581 8037
f 8581 8582 8591
f 8581 8591 8037
f 8582 8589 8592
f 8582 8592 8591
f 8589 8587 8597
f 8589 8597 8592
f 8604 8603 8605
f 8587 8595 8597
f 8586 8580 8594
f 8586 8594 8595
f 8580 3916 8590
f 8580 8590 8594
f 3916 3932 8590
f 8599 8598 3942
f 8599 8576 8046
f 8599 3941 8574
f 8599 8050 8598
f 8599 3942 3941
f 8607 5606 5600
f 8612 3919 8611
f 8612 8609 5604
f 8612 5604 5607
f 8612 8611 8614
f 8612 8614 8613
f 8612 8613 8609
f 8612 3924 3923
f 8612 3923 3919
f 3914 3913 8601
f 3913 3926 8601
f 8607 5605 5606
f 8570 8032 8030
f 3919 3918 8610
f 3919 8610 8611
f 5604 8609 5603
f 8609 8608 5603
f 5603 8608 5602
f 8608 5601 5602
f 5590 8606 8607
f 5590 8607 5600
f 8606 8604 8605
f 8606 8605 8607
f 8604 8602 8603
f 8508 507 503
f 8534 522 521
f 8534 8533 8536
f 8534 8536 8535
f 8534 8535 8531
f 8534 8065 8067
f 8056 8058 8519
f 8058 8057 8519
f 8519 8057 8517
f 8067 8069 8533
f 8069 8071 8532
f 8069 8532 8533
f 8534 8531 522
f 8071 8073 8532
f 8531 8530 522
f 522 8530 512
f 8530 511 512
f 8527 8523 8068
f 8527 495 8521
f 8527 8064 8526
f 8527 8526 496
f 8527 8068 8066
f 8527 8066 8064
f 8527 8521 8529
f 8538 507 8508
f 8075 8074 8522
f 4319 8521 4321
f 8521 8520 4321
f 4321 8520 489
f 8539 8537 8538
f 8539 8517 8057
f 8539 8059 8537
f 8539 8538 8513
f 8539 8057 8059
f 8539 8515 8517
f 8539 8513 8515
f 8527 8529 8528
f 8538 8537 520
f 8538 520 519
f 8538 519 507
f 8538 8510 8513
f 8538 8508 8510
f 8537 8065 8534
f 8537 8534 521
f 8537 521 520
f 8537 8059 8062
f 8537 8062 8065
f 8534 8067 8533
f 8513 8512 8514
f 8063 8060 8518
f 8520 490 489
f 8509 485 484
f 8056 8519 8060
f 8519 8517 8518
f 8519 8518 8060
f 8517 8515 8516
f 8517 8516 8518
f 8515 8513 8514
f 8515 8514 8516
f 8513 8510 8512
f 8063 8518 8516
f 8510 8508 8509
f 8510 8509 8511
f 8510 8511 8512
f 8508 485 8509
f 8508 503 485
f 8507 8506 5629
f 8507 8498 492
f 8507 5631 8495
f 8507 502 8506
f 8507 5629 5630
f 8507 5630 5631
f 8524 8509 484
f 8527 8528 8523
f 8527 496 495
f 8526 8525 8524
f 8526 8061 8525
f 8526 8524 496
f 8526 8064 8061
f 8525 8063 8516
f 8525 8512 8524
f 8525 8061 8063
f 8525 8514 8512
f 8525 8516 8514
f 8075 8522 8523
f 8524 484 498
f 8524 498 497
f 8524 497 496
f 8524 8511 8509
f 8524 8512 8511
f 8074 8072 8522
f 8072 8070 8522
f 8070 8068 8522
f 8522 8068 8523
f 8521 490 8520
f 8521 495 490
f 5589 8559 5586
f 8564 8563 8553
f 8564 8553 8550
f 8563 8562 8552
f 8563 8552 8553
f 8562 8561 8548
f 8562 8548 8552
f 8561 8560 8547
f 8561 8547 8548
f 8560 3860 3871
f 8560 3871 8547
f 5589 8543 8559
f 8565 8550 8549
f 8543 8542 8558
f 8543 8558 8559
f 8542 8545 8557
f 8542 8557 8558
f 8545 8546 8556
f 8545 8556 8557
f 8546 8541 8555
f 8546 8555 8556
f 8541 8540 8554
f 8541 8554 8555
f 8540 4307 8554
f 8567 4300 8566
f 8570 8567 8572
f 8570 8572 8571
f 8570 8571 8568
f 8570 4303 4301
f 8570 4301 4299
f 8570 8556 8555
f 8570 8557 8556
f 8570 8558 8557
f 8041 8039 8569
f 8569 8039 8568
f 8039 8034 8568
f 8540 4310 4307
f 8567 4299 4300
f 8030 8028 8558
f 8566 4300 3920
f 8028 8559 8558
f 8028 5586 8559
f 4303 8555 4305
f 8555 8554 4305
f 4305 8554 4307
f 5587 8565 8549
f 5587 8549 5588
f 8565 8564 8550
f 8544 4319 4316
f 8548 8547 3869
f 3869 8547 3871
f 8544 8542 8081
f 8544 8077 8523
f 8544 4313 8541
f 8544 8521 4319
f 8544 8081 8079
f 8544 8079 8077
f 8544 8541 8546
f 8544 8546 8545
f 8544 8545 8542
f 3867 8548 3869
f 8544 4316 4313
f 8544 8529 8521
f 8544 8528 8529
f 8544 8523 8528
f 5589 8083 8543
f 8543 8083 8542
f 8083 8081 8542
f 8541 4311 8540
f 8541 4313 4311
f 8077 8075 8523
f 8540 4311 4310
f 8551 8536 8533
f 8551 8533 8078
f 8551 8082 8550
f 8551 3862 8531
f 8551 8548 3867
f 8551 3867 3865
f 8551 3865 3862
f 8551 8550 8553
f 8551 8553 8552
f 8551 8552 8548
f 8551 8078 8080
f 8551 8080 8082
f 3694 3692 8382
f 8551 8535 8536
f 8551 8531 8535
f 8073 8076 8532
f 8532 8076 8533
f 8076 8078 8533
f 8531 3861 8530
f 8531 3862 3861
f 8082 8084 8550
f 8530 3861 511
f 8084 5588 8549
f 8084 8549 8550
f 8230 7906 8229
f 8234 364 365
f 8231 8227 7913
f 8231 430 8225
f 8231 7909 8230
f 8231 8230 431
f 8231 7913 7911
f 8231 7911 7909
f 8231 8225 8233
f 8231 8233 8232
f 8231 8232 8227
f 8231 431 430
f 8230 8229 8228
f 375 8234 365
f 8230 8228 431
f 8230 7909 7906
f 8229 7908 8220
f 8229 8216 8228
f 8229 7906 7908
f 8229 8218 8216
f 8229 8220 8218
f 8228 8213 421
f 8228 421 433
f 8228 433 432
f 8228 432 431
f 8238 8240 8239
f 8242 8214 8217
f 8242 8212 8214
f 8241 7910 8238
f 8241 8238 374
f 8241 374 373
f 8241 7904 7907
f 8241 7907 7910
f 8238 7912 8237
f 8238 8235 375
f 8238 375 374
f 8238 8237 8240
f 8228 8215 8213
f 8238 8239 8235
f 8238 7910 7912
f 7901 7903 8223
f 7903 7902 8223
f 8223 7902 8221
f 7912 7914 8237
f 7914 7916 8236
f 7914 8236 8237
f 8212 360 355
f 7916 7918 8236
f 8235 8234 375
f 8210 436 8209
f 8212 355 354
f 8211 8210 5681
f 8211 8202 427
f 8211 5683 8199
f 8211 437 8210
f 8211 5681 5682
f 8211 5682 5683
f 8211 427 437
f 8211 8201 8202
f 8211 8200 8201
f 8211 8199 8200
f 8212 354 8213
f 8210 8209 5681
f 8210 437 436
f 8209 8208 5681
f 8209 436 8208
f 8208 435 8204
f 8208 8207 5678
f 8208 5678 5680
f 8208 5680 5681
f 8208 8206 8207
f 8208 8205 8206
f 8208 8204 8205
f 7901 8223 7905
f 8228 8216 8215
f 7919 7917 8226
f 7917 7915 8226
f 7915 7913 8226
f 8226 7913 8227
f 8225 425 8224
f 8225 430 425
f 7908 8222 8220
f 7908 7905 8222
f 8224 425 424
f 8213 354 421
f 8242 372 360
f 8223 8221 8222
f 8223 8222 7905
f 8221 8219 8220
f 8221 8220 8222
f 8219 8217 8218
f 8219 8218 8220
f 8217 8214 8216
f 8217 8216 8218
f 8214 8212 8213
f 8214 8213 8215
f 8214 8215 8216
f 8255 4471 8235
f 8246 8261 8262
f 8249 8250 8260
f 8249 8260 8261
f 8250 8245 8259
f 8250 8259 8260
f 8245 8244 8258
f 8245 8258 8259
f 8244 3040 8258
f 8244 3044 3040
f 8255 8237 7922
f 8255 7926 8254
f 8246 8249 8261
f 8255 8252 4476
f 8255 4476 4474
f 8255 4474 4471
f 8255 8254 8257
f 8255 8257 8256
f 8255 8256 8252
f 8255 7922 7924
f 8255 7924 7926
f 8255 8240 8237
f 8255 8239 8240
f 8255 8235 8239
f 8267 8266 8256
f 7931 8263 8262
f 7931 5663 8263
f 3036 8259 3038
f 8259 8258 3038
f 3038 8258 3040
f 5664 8269 8253
f 5664 8253 5665
f 8269 8268 8254
f 8269 8254 8253
f 8268 8267 8257
f 8268 8257 8254
f 7918 7920 8236
f 8267 8256 8257
f 8266 8265 8252
f 8266 8252 8256
f 8265 8264 8251
f 8265 8251 8252
f 8264 4468 4480
f 8264 4480 8251
f 5662 8247 8263
f 5662 8263 5663
f 8247 8246 8262
f 8247 8262 8263
f 8225 8224 3056
f 8248 8227 8232
f 5662 7929 8247
f 8247 7929 8246
f 7929 7927 8246
f 8245 3045 8244
f 8245 3047 3045
f 7923 7921 8227
f 8244 3045 3044
f 7921 8226 8227
f 7921 7919 8226
f 3054 8225 3056
f 8248 8232 8233
f 3056 8224 424
f 8243 8241 8242
f 8243 8221 7902
f 8243 7904 8241
f 8243 8242 8217
f 8243 7902 7904
f 8243 8219 8221
f 8243 8217 8219
f 8242 360 8212
f 8242 8241 373
f 8242 373 372
f 8248 8246 7927
f 8236 7920 8237
f 7920 7922 8237
f 8235 4470 8234
f 8235 4471 4470
f 7926 7928 8254
f 8234 4470 364
f 7928 5665 8253
f 7928 8253 8254
f 4476 8252 4478
f 8252 8251 4478
f 4478 8251 4480
f 8208 436 435
f 8248 7923 8227
f 8248 3047 8245
f 8248 8225 3054
f 8248 7927 7925
f 8248 7925 7923
f 8248 8245 8250
f 8248 8250 8249
f 8248 8249 8246
f 8248 3054 3050
f 8248 3050 3047
f 8248 8233 8225
f 8166 8146 8145
f 8169 8168 8154
f 8154 8168 8153
f 8168 8167 8153
f 8153 8167 5686
f 8167 5687 5686
f 8166 8144 7895
f 8166 4477 8147
f 8166 8163 4475
f 8166 7897 8163
f 8166 4475 4477
f 8166 7895 7897
f 8166 8145 8144
f 8157 8169 8154
f 8166 8147 8146
f 8163 7899 8162
f 8163 8160 4473
f 8163 4473 4475
f 8163 8162 8165
f 8163 8165 8164
f 8163 8164 8160
f 8163 7897 7899
f 5688 7895 8143
f 8143 7895 8144
f 7899 5676 8161
f 8174 8158 8173
f 8159 8179 8180
f 8160 8164 8178
f 8160 8178 8179
f 8164 8165 8177
f 8164 8177 8178
f 8165 8162 8176
f 8165 8176 8177
f 8162 8161 8175
f 8162 8175 8176
f 8161 5675 8175
f 8161 5676 5675
f 7899 8161 8162
f 8174 8173 8157
f 8174 8157 8158
f 8173 8158 8171
f 8173 8169 8157
f 8173 8171 8169
f 3048 8172 8151
f 3048 3043 8172
f 8151 8170 8152
f 8151 8172 8170
f 8152 8171 8158
f 8152 8170 8171
f 8132 8133 8147
f 338 335 3055
f 3055 335 337
f 8150 8146 8137
f 8150 8138 8145
f 8150 8137 8149
f 8150 8149 8138
f 8150 8145 8146
f 8149 8137 8138
f 4479 4481 8148
f 4481 8132 8148
f 8148 8132 8147
f 8151 3051 3048
f 8147 8133 8146
f 8133 8137 8146
f 8145 8135 8144
f 8145 8138 8135
f 8144 8134 8143
f 8144 8135 8134
f 8143 5689 5688
f 8143 8134 5689
f 8142 342 7882
f 8142 3079 334
f 8142 7878 8141
f 8156 8157 8154
f 8147 4477 8148
f 8148 4477 4479
f 8160 8159 4473
f 4473 8159 4472
f 8156 8154 7893
f 8156 7891 8155
f 8156 3051 8152
f 8156 8155 3051
f 8156 7893 7891
f 8156 8152 8158
f 8156 8158 8157
f 8159 8160 8179
f 8155 7891 343
f 8155 338 3055
f 8155 3055 3051
f 8155 343 352
f 8155 352 351
f 8155 351 338
f 5686 7893 8153
f 8153 7893 8154
f 7891 346 345
f 7891 345 343
f 8152 3051 8151
f 8195 369 8194
f 8201 8200 8188
f 8201 8188 8182
f 8200 8199 8187
f 8200 8187 8188
f 8199 8198 8184
f 8199 8184 8187
f 8198 5684 5685
f 8198 8183 8184
f 8198 5685 8183
f 8195 8194 5669
f 8195 8190 370
f 8202 8182 8181
f 8195 5668 8189
f 8195 370 369
f 8195 8189 8197
f 8195 8197 8196
f 8195 8196 8190
f 8195 5669 5668
f 8194 368 8193
f 8194 8193 5670
f 8194 369 368
f 8194 5670 5669
f 8193 368 8192
f 8207 8189 5666
f 428 426 8203
f 8203 426 8202
f 426 427 8202
f 8199 5683 8198
f 8198 5683 5684
f 435 422 8204
f 422 358 8204
f 5678 8207 5679
f 8207 5677 5679
f 5677 8207 5666
f 8207 8206 8197
f 8193 8192 5670
f 8207 8197 8189
f 8206 8205 8196
f 8206 8196 8197
f 8205 8204 8190
f 8205 8190 8196
f 8204 358 357
f 8204 357 8190
f 428 8203 8181
f 428 8181 3057
f 8203 8202 8181
f 8202 8201 8182
f 8185 8169 8171
f 8186 7898 8185
f 8186 7900 7898
f 8186 8182 8188
f 8186 8188 8187
f 8186 8187 8184
f 8186 3049 3053
f 8185 7896 8168
f 8185 8170 3046
f 8185 7898 7896
f 8185 3046 3049
f 8185 8171 8170
f 8186 3053 8182
f 8185 8168 8169
f 5685 7900 8183
f 8183 7900 8184
f 7896 8167 8168
f 7896 5687 8167
f 8182 3053 8181
f 8181 3053 3057
f 8170 8172 3046
f 3046 8172 3043
f 4472 8159 8180
f 4472 8180 362
f 357 359 8190
f 8192 8191 5671
f 8192 368 8191
f 8192 5671 5670
f 8191 363 8179
f 8191 8176 5672
f 8191 368 367
f 8191 367 363
f 8191 5672 5671
f 8191 8177 8176
f 8191 8178 8177
f 8191 8179 8178
f 8270 3032 3035
f 359 370 8190
f 8189 5668 5667
f 8189 5667 5666
f 363 8180 8179
f 363 362 8180
f 5672 8176 5673
f 8176 8175 5673
f 5673 8175 5674
f 8175 5675 5674
f 8186 8184 7900
f 8186 8185 3049
f 8342 8325 8326
f 8342 8323 7984
f 8342 7987 8341
f 8342 3023 8321
f 8342 8339 3025
f 8342 3025 3024
f 8342 3024 3023
f 8342 8341 8344
f 8342 8344 8343
f 8342 8343 8339
f 8342 7984 7985
f 8342 7985 7987
f 8342 8326 8323
f 8345 5659 5658
f 8342 8321 8325
f 7982 7983 8322
f 8322 7983 8323
f 7983 7984 8323
f 8321 3022 8320
f 8321 3023 3022
f 7987 7989 8341
f 8320 3022 414
f 7989 5661 8340
f 7989 8340 8341
f 3025 8339 3026
f 8351 8349 8347
f 8355 8341 8354
f 8355 8344 8341
f 8354 8340 8353
f 8354 8341 8340
f 8353 5661 5660
f 8353 8340 5661
f 8352 8337 8351
f 8352 8351 8336
f 8352 8336 8337
f 8351 8337 8349
f 8351 8347 8336
f 8339 8338 3026
f 4469 8350 8330
f 4469 4467 8350
f 8330 8348 8331
f 8330 8350 8348
f 8331 8349 8337
f 8331 8348 8349
f 8336 8347 8333
f 8347 8346 8333
f 8333 8346 8332
f 8346 8345 8332
f 8332 8345 5658
f 8328 8304 8306
f 8329 8312 7966
f 8329 7968 8327
f 8329 8328 8308
f 8329 7966 7968
f 8329 8310 8312
f 8329 8308 8310
f 8328 409 8304
f 8328 8327 419
f 8328 419 410
f 8328 410 409
f 8328 8306 8308
f 8329 8327 8328
f 8327 7974 8324
f 8327 8324 420
f 8327 420 419
f 8327 7968 7971
f 8327 7971 7974
f 8324 7976 8323
f 8324 8321 413
f 8324 413 420
f 8324 8323 8326
f 8324 8326 8325
f 8324 8325 8321
f 8334 4457 4460
f 3026 8338 3041
f 8335 8333 7988
f 8335 7986 8334
f 8335 4460 8331
f 8335 8334 4460
f 8335 7988 7986
f 8335 8331 8337
f 8335 8337 8336
f 8335 8336 8333
f 8334 7986 321
f 8334 316 4457
f 8339 8343 8356
f 8334 321 330
f 8334 330 329
f 8334 329 316
f 5658 7988 8332
f 8332 7988 8333
f 7986 324 323
f 7986 323 321
f 8331 4460 8330
f 8330 4460 4469
f 316 313 4457
f 4457 313 315
f 8377 5639 8363
f 8382 8361 4456
f 8381 8380 8362
f 8381 8362 8361
f 8380 8379 8368
f 8380 8368 8362
f 8379 8378 8367
f 8379 8367 8368
f 8378 8377 8363
f 8378 8364 8367
f 8378 8363 8364
f 8377 5640 5639
f 8382 8381 8361
f 8376 8354 7959
f 8376 3037 8357
f 8376 8373 3034
f 8376 7961 8373
f 8376 3034 3037
f 8376 7959 7961
f 8376 8355 8354
f 8376 8356 8355
f 8376 8357 8356
f 8373 7963 8372
f 8373 8370 3028
f 8369 8387 8388
f 8382 3692 8381
f 3692 3693 8381
f 8378 5641 8377
f 8377 5641 5640
f 3701 3687 8390
f 3687 3688 8390
f 5645 8389 5646
f 8389 5638 5646
f 3029 8369 8388
f 3029 8388 3030
f 8369 8370 8387
f 8373 3028 3034
f 8370 8374 8386
f 8370 8386 8387
f 8374 8375 8385
f 8374 8385 8386
f 8375 8372 8384
f 8375 8384 8385
f 8372 8371 8383
f 8372 8383 8384
f 8371 5649 8383
f 8371 5648 5649
f 3694 8382 4456
f 4465 8350 4467
f 8365 4465 4463
f 8365 8349 8348
f 8365 8347 8349
f 8365 8346 8347
f 5639 7964 8363
f 8363 7964 8364
f 7960 8345 8346
f 7960 5659 8345
f 8362 4458 8361
f 8361 4458 4456
f 8348 8350 4465
f 8365 7962 7960
f 8360 8356 8343
f 8360 8344 8355
f 8360 8343 8359
f 8360 8359 8344
f 8360 8355 8356
f 8359 8343 8344
f 3039 3041 8358
f 3041 8338 8358
f 8358 8338 8357
f 8338 8339 8357
f 8357 8339 8356
f 3028 8369 3029
f 8373 8372 8375
f 8373 8375 8374
f 8373 8374 8370
f 8373 7961 7963
f 5660 7959 8353
f 8353 7959 8354
f 7963 5648 8371
f 7963 8371 8372
f 8357 3037 8358
f 8358 3037 3039
f 8370 8369 3028
f 8324 7974 7976
f 8366 8364 7964
f 8366 8365 4463
f 8366 4458 8362
f 8366 7962 8365
f 8366 7964 7962
f 8366 8362 8368
f 8366 8368 8367
f 8366 8367 8364
f 8366 4463 4458
f 8365 7960 8346
f 8365 8348 4465
f 8287 8276 8271
f 8289 3099 3098
f 8289 3098 3088
f 8288 7952 8287
f 8288 8287 3100
f 8288 7955 7954
f 8288 7954 7952
f 8288 3100 3099
f 8287 7950 8272
f 8287 8271 3101
f 8287 7952 7950
f 8287 3101 3100
f 8289 8290 8291
f 8287 8275 8276
f 8287 8272 8275
f 7957 7958 8285
f 7958 7956 8285
f 8285 7956 8286
f 7950 7948 8272
f 7948 7946 8273
f 7948 8273 8272
f 8284 3088 3089
f 7946 7943 8273
f 8271 8270 3101
f 8277 3691 3690
f 8297 3698 3697
f 8297 8299 8298
f 8297 8298 8294
f 7944 7945 8279
f 7945 7947 8279
f 7947 7949 8279
f 8279 7949 8280
f 8278 3691 8277
f 8278 3696 3691
f 7940 7939 8295
f 7940 8295 8296
f 3101 8270 3091
f 8294 3686 3685
f 8292 8288 8289
f 8292 8286 7956
f 8292 7955 8288
f 8292 8289 8291
f 8292 7956 7955
f 8292 8291 8293
f 8292 8293 8286
f 8289 8288 3099
f 8289 3088 8284
f 8289 8284 8290
f 8274 8275 8272
f 4461 8278 4459
f 8278 8277 4459
f 4459 8277 3690
f 8274 8272 7936
f 8274 7933 8262
f 8274 3031 8271
f 8274 8259 3036
f 8274 7936 7934
f 8274 7934 7933
f 8274 8271 8276
f 8274 8276 8275
f 7942 8279 8280
f 8274 3036 3033
f 8274 3033 3031
f 8274 8260 8259
f 8274 8261 8260
f 8274 8262 8261
f 7943 7941 8273
f 8273 7941 8272
f 7941 7936 8272
f 8271 3032 8270
f 8271 3031 3032
f 7933 7931 8262
f 8281 7935 7937
f 8270 3035 3091
f 8281 8268 7932
f 8281 7937 8280
f 8281 4464 8265
f 8281 8278 4461
f 8281 4461 4462
f 8281 4462 4464
f 8281 8280 8283
f 8281 8283 8282
f 8281 8282 8278
f 8281 7932 7935
f 8297 3699 3698
f 8281 8267 8268
f 8281 8266 8267
f 8281 8265 8266
f 5664 7930 8269
f 8269 7930 8268
f 7930 7932 8268
f 8265 4466 8264
f 8265 4464 4466
f 7937 7942 8280
f 8264 4466 4468
f 7942 7944 8279
f 8316 8309 8307
f 8318 7973 7970
f 8317 7972 8313
f 8317 8309 8316
f 8317 7970 7972
f 8317 8311 8309
f 8317 8313 8311
f 8316 8305 387
f 8316 387 386
f 8316 386 399
f 8316 399 398
f 8316 8307 8305
f 8318 8316 398
f 318 7981 319
f 7981 7979 319
f 7979 7977 319
f 319 7977 320
f 312 389 310
f 312 390 389
f 7972 8315 8313
f 7972 7969 8315
f 310 389 311
f 8305 377 387
f 7965 8314 8315
f 8319 320 7977
f 7965 7967 8314
f 7967 7966 8314
f 8314 7966 8312
f 7976 7978 8323
f 7978 7980 8322
f 7978 8322 8323
f 8304 409 378
f 7980 7982 8322
f 8321 8320 413
f 413 8320 411
f 8320 414 411
f 7965 8315 7969
f 8319 390 312
f 8319 7973 8318
f 8319 8318 398
f 8319 7977 7975
f 8319 7975 7973
f 8319 312 327
f 8319 327 326
f 8319 326 320
f 8319 398 390
f 8318 8317 8316
f 8318 7970 8317
f 8303 8278 8282
f 8284 8294 8298
f 3089 3686 8294
f 8303 8302 3697
f 8303 8280 7949
f 8303 3696 8278
f 8303 7953 8302
f 8303 3697 3696
f 8303 7949 7951
f 8303 7951 7953
f 8303 8283 8280
f 8303 8282 8283
f 8284 3089 8294
f 8302 8297 3697
f 8302 7938 8300
f 8302 8300 8297
f 8302 7953 7938
f 8300 8299 8297
f 8300 7940 8296
f 8300 8296 8301
f 8300 8301 8299
f 8300 7938 7940
f 8297 8294 3685
f 8297 3685 3699
f 8304 378 377
f 8314 8312 8313
f 8314 8313 8315
f 8312 8310 8311
f 8312 8311 8313
f 8310 8308 8309
f 8310 8309 8311
f 8308 8306 8307
f 8308 8307 8309
f 8306 8304 8305
f 8306 8305 8307
f 8304 377 8305
f 8626 8621 3939
f 7957 8285 7939
f 8285 8286 8295
f 8285 8295 7939
f 8286 8293 8296
f 8286 8296 8295
f 8293 8291 8301
f 8293 8301 8296
f 8291 8290 8299
f 8291 8299 8301
f 8290 8284 8298
f 8290 8298 8299
f 8990 8989 8928
f 8992 8921 4423
f 8992 8986 8985
f 8992 8991 8922
f 8992 4450 8986
f 8992 4423 4450
f 8992 8922 8921
f 8991 8984 8990
f 8991 8990 8929
f 8991 8985 8984
f 8991 8929 8922
f 8990 8983 8989
f 8990 8984 8983
f 8992 8985 8991
f 8990 8928 8929
f 8989 8988 8924
f 8989 8983 8982
f 8989 8982 8988
f 8989 8924 8928
f 8988 8981 8987
f 8988 8987 8923
f 8988 8982 8981
f 8988 8923 8924
f 8987 8981 7119
f 8987 7119 7129
f 8997 8996 8931
f 9003 9001 8999
f 9003 8999 9004
f 9002 8935 8937
f 9001 9000 8932
f 9001 8937 9000
f 9001 8932 8997
f 9001 8997 8999
f 9000 8937 8932
f 8997 8994 8995
f 8997 8931 8994
f 8997 8932 8996
f 8987 7129 7134
f 8997 8995 8998
f 8997 8998 8999
f 8996 8932 8931
f 8994 8931 8993
f 8994 8993 7334
f 8994 7274 8995
f 8994 7334 7318
f 8994 7318 7274
f 8993 7336 7334
f 8993 8931 7336
f 626 625 8930
f 8972 8966 8971
f 8977 8970 8976
f 8976 8969 8975
f 8976 8970 8969
f 8975 8969 7100
f 8975 7100 7110
f 8974 8967 8973
f 8974 4438 8968
f 8974 8968 8967
f 8974 4442 4438
f 8973 8966 8972
f 8973 8967 8966
f 8977 8971 8970
f 8971 8964 8970
f 8971 8966 8965
f 8971 8965 8964
f 8970 8964 8963
f 8970 8963 8969
f 8969 8963 7093
f 8969 7093 7100
f 8968 8961 8967
f 8968 8962 8961
f 8968 4438 4434
f 8968 4434 8962
f 8982 8977 8976
f 8987 7134 8923
f 8986 8979 8985
f 8986 8980 8979
f 8986 4446 8980
f 8986 4450 4446
f 8985 8979 8978
f 8985 8978 8984
f 8984 8977 8983
f 8984 8978 8977
f 8983 8977 8982
f 8982 8976 8981
f 9003 8935 9002
f 8981 8975 7110
f 8981 8976 8975
f 8981 7110 7119
f 8980 4442 8974
f 8980 8973 8979
f 8980 8974 8973
f 8980 4446 4442
f 8979 8973 8978
f 8978 8972 8977
f 8978 8973 8972
f 8977 8972 8971
f 9029 658 9023
f 9034 9028 9027
f 9034 9027 9033
f 9033 9027 9026
f 9033 9026 9032
f 9032 9026 9025
f 9032 9025 9031
f 9031 9025 9024
f 9031 9024 9030
f 9030 9024 7283
f 9030 7283 7289
f 9029 9022 9028
f 9035 9028 9034
f 9029 9023 9022
f 9029 659 658
f 9028 9021 9027
f 9028 9022 9021
f 9027 9020 9026
f 9027 9021 9020
f 9026 9019 9025
f 9026 9020 9019
f 9025 9019 9018
f 9025 9018 9024
f 9024 9018 7271
f 9039 9033 9038
f 9044 9037 9043
f 9044 9038 9037
f 9043 9037 9036
f 9043 9036 9042
f 9042 7272 7297
f 9042 9036 7272
f 9041 9034 9040
f 9041 650 9035
f 9041 9035 9034
f 9040 9034 9033
f 9040 9033 9039
f 9024 7271 7283
f 9038 9032 9031
f 9038 9031 9037
f 9038 9033 9032
f 9037 9031 9030
f 9037 9030 9036
f 9036 7289 7272
f 9036 9030 7289
f 9035 9029 9028
f 9035 659 9029
f 9035 650 654
f 9035 654 659
f 9009 9010 664
f 8949 8939 9012
f 8949 9012 9013
f 8939 4426 9011
f 8939 9011 9012
f 4426 4526 9011
f 9009 9006 9007
f 9009 666 9008
f 9009 9008 8934
f 9009 8934 9006
f 9009 664 666
f 9009 9007 9010
f 8947 9013 9014
f 9008 626 8930
f 9008 666 626
f 9008 8930 8934
f 9006 9003 9004
f 9006 9005 8935
f 9006 8935 9003
f 9006 8934 9005
f 9006 9004 9007
f 9005 8934 8935
f 9003 9002 8937
f 9003 8937 9001
f 9018 8995 7274
f 9023 9010 9022
f 9023 664 9010
f 9023 658 664
f 9022 9007 9021
f 9022 9010 9007
f 9021 8999 9020
f 9021 9004 8999
f 9021 9007 9004
f 9020 8998 9019
f 9020 8999 8998
f 9019 8998 9018
f 8967 8960 8966
f 9018 8998 8995
f 9018 7274 7271
f 566 624 9017
f 7072 8941 7159
f 8941 8943 9016
f 8941 9016 7159
f 8943 8945 9015
f 8943 9015 9016
f 8945 8947 9014
f 8945 9014 9015
f 8947 8949 9013
f 8918 8897 8899
f 8918 7328 8917
f 8918 3991 8897
f 8918 8915 3986
f 8918 3986 3989
f 8918 3989 3991
f 8918 8917 8920
f 8918 8920 8919
f 8918 8919 8915
f 8918 7323 7330
f 8918 7330 7328
f 8918 8901 8903
f 8918 8899 8901
f 8918 8903 7323
f 5394 7317 8905
f 8905 7317 8903
f 7317 7323 8903
f 8897 3993 8895
f 8897 3991 3993
f 7328 7341 8917
f 8895 3993 3995
f 7341 7348 8916
f 7341 8916 8917
f 3986 8915 3985
f 8915 8914 3985
f 7139 7138 8923
f 8926 7137 7067
f 8926 7067 7066
f 8926 3967 3965
f 8925 7065 8912
f 8925 8907 3966
f 8925 7066 7065
f 8925 3966 3967
f 8925 8910 8907
f 8925 8913 8910
f 8925 8912 8913
f 7134 7139 8923
f 3985 8914 671
f 8923 7138 8924
f 8922 3964 8921
f 7065 7062 8912
f 7062 7064 8908
f 7062 8908 8912
f 8921 3964 3959
f 8921 3959 3960
f 7064 7063 8908
f 8907 8906 3966
f 3966 8906 3968
f 8906 3969 3968
f 8899 8897 8898
f 7068 5395 8904
f 4003 8896 4005
f 8896 8894 4005
f 4005 8894 4007
f 5394 8905 5395
f 8905 8903 8904
f 8905 8904 5395
f 8903 8901 8902
f 8903 8902 8904
f 8901 8899 8900
f 8901 8900 8902
f 7068 8904 8902
f 8899 8898 8900
f 8897 8895 8896
f 8897 8896 8898
f 8895 3995 8894
f 8895 8894 8896
f 3995 4007 8894
f 8893 8876 7235
f 8893 7237 8886
f 8893 4244 8878
f 8893 8884 4238
f 8893 4238 4242
f 8909 7143 7145
f 8911 8908 7140
f 8911 7143 8909
f 8911 8909 8910
f 8911 7140 7142
f 8911 7142 7143
f 8911 8910 8913
f 8911 8913 8912
f 8911 8912 8908
f 8909 7145 8902
f 8909 3998 8907
f 8909 8896 4003
f 8926 8925 3967
f 8909 8907 8910
f 8909 4003 4001
f 8909 4001 3998
f 8909 8898 8896
f 8909 8900 8898
f 8909 8902 8900
f 7063 7140 8908
f 8907 3997 8906
f 8907 3998 3997
f 7145 7068 8902
f 8906 3997 3969
f 8951 8940 7073
f 8956 8950 8948
f 8956 8948 8955
f 8956 4430 4427
f 8955 8948 8946
f 8955 8946 8954
f 8954 8944 8953
f 8954 8946 8944
f 8953 8944 8942
f 8953 8942 8952
f 8952 8940 8951
f 8952 8942 8940
f 8956 4427 8950
f 8951 7073 7081
f 8950 8949 8948
f 8950 4427 8939
f 8950 8939 8949
f 8948 8947 8946
f 8948 8949 8947
f 8946 8945 8944
f 8946 8947 8945
f 8944 8943 8942
f 8944 8945 8943
f 8942 8941 8940
f 8962 4434 4430
f 8967 8961 8960
f 8966 8960 8959
f 8966 8959 8965
f 8965 8959 8958
f 8965 8958 8964
f 8964 8957 8963
f 8964 8958 8957
f 8963 8957 7093
f 8962 4430 8956
f 8962 8956 8955
f 8962 8955 8961
f 8942 8943 8941
f 8961 8955 8954
f 8961 8954 8960
f 8960 8954 8953
f 8960 8953 8959
f 8959 8952 8958
f 8959 8953 8952
f 8958 8951 8957
f 8958 8952 8951
f 8957 8951 7081
f 8957 7081 7086
f 8957 7086 7093
f 8914 672 671
f 8933 8935 8934
f 8933 8934 8930
f 7348 7351 8916
f 7351 7350 8916
f 7350 7349 8916
f 8916 7349 8917
f 7349 7346 8917
f 8915 672 8914
f 8915 678 672
f 7337 7336 8931
f 7337 8931 8932
f 8933 680 679
f 8930 625 667
f 8927 8924 7138
f 8927 7137 8926
f 8927 3964 8922
f 8927 8926 3965
f 8927 7138 7137
f 8927 8922 8929
f 8927 8929 8928
f 8927 8928 8924
f 8927 3965 3964
f 8926 7066 8925
f 8938 7344 7342
f 8940 7072 7073
f 8940 8941 7072
f 3960 4423 8921
f 4427 4426 8939
f 8938 8933 679
f 8938 8917 7346
f 8938 678 8915
f 8938 7342 8936
f 8938 8936 8933
f 8938 679 678
f 8938 7346 7344
f 9045 9039 9038
f 8938 8920 8917
f 8938 8919 8920
f 8938 8915 8919
f 8936 8935 8933
f 8936 7337 8932
f 8936 8932 8937
f 8936 8937 8935
f 8936 7342 7337
f 8933 8930 667
f 8933 667 681
f 8933 681 680
f 9137 9136 9135
f 9144 9135 9133
f 9144 9133 9143
f 9143 9133 9131
f 9143 9131 9142
f 9142 9131 9129
f 9142 9129 9141
f 9141 9129 6998
f 9141 6998 7002
f 9139 9138 9137
f 9139 4033 9140
f 9139 9140 9138
f 9139 4416 4033
f 9145 9137 9135
f 9137 9138 9136
f 9135 9134 9133
f 9135 9136 9134
f 9133 9132 9131
f 9133 9134 9132
f 9131 9132 9130
f 9131 9130 9129
f 9129 6988 6998
f 9129 9130 6988
f 9127 6993 6995
f 7047 9128 9127
f 9150 9144 9143
f 9154 9147 9153
f 9154 9149 9148
f 9153 9147 7006
f 9153 7006 7011
f 9152 4417 9146
f 9152 9146 9151
f 9152 4413 4417
f 9151 9145 9144
f 9151 9146 9145
f 9151 9144 9150
f 9150 9143 9149
f 7047 9127 6995
f 9149 9142 9148
f 9149 9143 9142
f 9148 9142 9147
f 9147 9142 9141
f 9147 9141 7002
f 9147 7002 7006
f 9146 9137 9145
f 9146 9139 9137
f 9146 4416 9139
f 9146 4417 4416
f 9145 9135 9144
f 4264 9111 4266
f 9116 9105 9106
f 9116 9101 9105
f 7257 7260 9102
f 9102 7260 9103
f 7260 7262 9103
f 9101 4258 9100
f 9101 4259 4258
f 7266 7268 9114
f 9100 4258 531
f 7268 9115 9114
f 7268 5412 9115
f 9116 9106 9103
f 9111 9110 4266
f 4266 9110 4257
f 5413 9096 5412
f 9096 9095 9115
f 9096 9115 5412
f 9095 9098 9114
f 9095 9114 9115
f 9098 9099 9113
f 9098 9113 9114
f 9099 9094 9112
f 9099 9112 9113
f 4527 4388 9117
f 9128 9126 9127
f 9126 9124 9125
f 9126 9125 9127
f 9124 9122 9123
f 9124 9123 9125
f 9122 9120 9121
f 9122 9121 9123
f 9120 9118 9119
f 9120 9119 9121
f 9118 4527 9117
f 9118 9117 9119
f 9154 9148 9147
f 9116 9103 7262
f 9116 7266 9114
f 9116 4259 9101
f 9116 9111 4264
f 9116 4264 4262
f 9116 4262 4259
f 9116 9112 9111
f 9116 9113 9112
f 9116 9114 9113
f 9116 7262 7264
f 9116 7264 7266
f 9180 9175 9174
f 9185 9178 9184
f 9184 9178 9177
f 9184 9177 9183
f 9183 9177 7031
f 9183 7031 7036
f 9182 9176 9175
f 9182 4398 9176
f 9182 4395 4398
f 9182 9175 9181
f 9181 9175 9180
f 9180 9173 9179
f 9185 9179 9178
f 9180 9174 9173
f 9179 9172 9178
f 9179 9173 9172
f 9178 9172 9177
f 9177 9172 9171
f 9177 9171 7026
f 9177 7026 7031
f 9176 9169 9175
f 9176 9170 9169
f 9176 4401 9170
f 9176 4398 4401
f 9189 6993 9127
f 9192 9191 9123
f 9192 9186 9185
f 9192 9121 9119
f 9192 9123 9121
f 9191 9185 9190
f 9191 9190 9125
f 9191 9125 9123
f 9190 9185 9184
f 9190 9189 9127
f 9190 9184 9189
f 9190 9127 9125
f 9175 9169 9168
f 9189 9183 7036
f 9189 7036 6993
f 9189 9184 9183
f 9188 9181 9187
f 9188 4387 4395
f 9188 4395 9182
f 9188 9182 9181
f 9187 9180 9186
f 9187 9181 9180
f 9186 9179 9185
f 9186 9180 9179
f 9160 9153 9159
f 9164 9157 9163
f 9164 4410 9158
f 9164 9158 9157
f 9164 4407 4410
f 9163 9157 9156
f 9163 9156 9162
f 9162 9156 9155
f 9162 9155 9161
f 9161 9154 9160
f 9161 9155 9154
f 9160 9154 9153
f 9165 7016 7021
f 9159 9153 7011
f 9159 7011 7016
f 9158 9152 9157
f 9158 4413 9152
f 9158 4410 4413
f 9157 9152 9151
f 9157 9151 9150
f 9157 9150 9156
f 9156 9149 9155
f 9156 9150 9149
f 9155 9149 9154
f 9170 4401 4404
f 9175 9168 9174
f 9174 9167 9173
f 9174 9168 9167
f 9173 9167 9166
f 9173 9166 9172
f 9172 9165 9171
f 9172 9166 9165
f 9171 9165 7021
f 9171 7021 7026
f 9170 9164 9169
f 9170 4407 9164
f 9094 9093 9111
f 9170 4404 4407
f 9169 9162 9168
f 9169 9164 9163
f 9169 9163 9162
f 9168 9162 9167
f 9167 9161 9166
f 9167 9162 9161
f 9166 9159 9165
f 9166 9161 9160
f 9166 9160 9159
f 9165 9159 7016
f 9070 9061 9068
f 9076 9064 9074
f 9076 9017 624
f 9074 9063 9072
f 9074 9072 9073
f 9074 9073 9075
f 9074 9064 9063
f 9072 9062 9070
f 9072 9070 9071
f 9072 9071 9073
f 9072 9063 9062
f 9070 9062 9061
f 9076 9075 9017
f 9070 9069 9071
f 9070 9068 9069
f 9068 9066 9067
f 9068 9067 9069
f 9068 9061 9066
f 9066 9061 9060
f 9066 9060 7309
f 9066 7252 9067
f 9066 7309 7273
f 9066 7273 7252
f 9065 9059 9058
f 7156 7155 9079
f 9082 7160 7158
f 9082 9014 9013
f 9082 9015 9014
f 9081 9011 4530
f 9081 4530 4539
f 9081 4539 4538
f 9081 4538 4537
f 9081 9012 9011
f 9081 9013 9012
f 7152 7157 9079
f 7157 7156 9079
f 9065 634 9059
f 9079 7155 9080
f 9078 4532 9077
f 9078 4536 4532
f 7158 9016 9015
f 7158 7159 9016
f 9077 4532 4246
f 9011 4526 4530
f 9076 9065 9064
f 9076 624 635
f 9076 635 9065
f 9076 9074 9075
f 9050 9044 9043
f 9054 7301 7305
f 9053 9046 9052
f 9053 9047 9046
f 9053 646 9047
f 9053 634 642
f 9053 642 646
f 9052 9045 9051
f 9052 9046 9045
f 9051 9045 9050
f 9050 9043 9049
f 9050 9045 9044
f 9054 9048 7301
f 9049 9042 9048
f 9049 9043 9042
f 9048 9042 7297
f 9048 7297 7301
f 9047 9040 9046
f 9047 9041 9040
f 9047 650 9041
f 9047 646 650
f 9046 9040 9045
f 9045 9038 9044
f 9045 9040 9039
f 9060 7305 7309
f 9065 635 634
f 9065 9058 9064
f 9064 9057 9063
f 9064 9058 9057
f 9063 9057 9062
f 9062 9055 9061
f 9062 9057 9056
f 9062 9056 9055
f 9061 9054 9060
f 9061 9055 9054
f 9060 9054 7305
f 9082 9013 9081
f 9059 9052 9058
f 9059 9053 9052
f 9059 634 9053
f 9058 9051 9057
f 9058 9052 9051
f 9057 9050 9056
f 9057 9051 9050
f 9056 9050 9055
f 9055 9048 9054
f 9055 9050 9049
f 9055 9049 9048
f 9087 526 527
f 9104 542 541
f 9104 9103 9106
f 9104 9106 9105
f 9104 9105 9101
f 9104 7253 7259
f 7248 7250 9092
f 7250 7249 9092
f 9092 7249 9091
f 7259 7258 9103
f 7258 7255 9102
f 7258 9102 9103
f 9104 9101 542
f 7255 7257 9102
f 9101 9100 542
f 542 9100 532
f 9100 531 532
f 9097 9095 7148
f 9097 7150 9080
f 9097 4251 9094
f 9097 9078 4248
f 9097 7148 7149
f 9097 7149 7150
f 9097 9094 9099
f 9108 526 9087
f 9094 9111 9112
f 9093 4255 9110
f 9093 9110 9111
f 4255 4257 9110
f 9109 9107 9108
f 9109 9091 7249
f 9109 7254 9107
f 9109 9108 9089
f 9109 7249 7254
f 9109 9090 9091
f 9109 9089 9090
f 9097 9099 9098
f 9108 9107 540
f 9108 540 539
f 9108 539 526
f 9108 9088 9089
f 9108 9087 9088
f 9107 7253 9104
f 9107 9104 541
f 9107 541 540
f 9107 7254 7251
f 9107 7251 7253
f 9104 7259 9103
f 9084 9083 4537
f 9090 9071 9069
f 9089 9088 9073
f 9089 9073 9071
f 9088 9087 9075
f 9088 9075 9073
f 9087 527 9017
f 9087 9017 9075
f 527 566 9017
f 9084 9080 7155
f 9084 4536 9078
f 9084 7154 9083
f 9090 9089 9071
f 9084 7155 7153
f 9084 7153 7154
f 9084 9078 9086
f 9084 9086 9085
f 9084 9085 9080
f 9084 4537 4536
f 9083 9082 9081
f 9083 7160 9082
f 9083 9081 4537
f 9083 7154 7160
f 9082 7158 9015
f 7150 7151 9080
f 9097 9098 9095
f 9097 4248 4249
f 9097 4249 4251
f 9097 9086 9078
f 9097 9085 9086
f 9097 9080 9085
f 5413 7147 9096
f 9096 7147 9095
f 7147 7148 9095
f 9094 4253 9093
f 9094 4251 4253
f 8893 4242 4244
f 9093 4253 4255
f 7151 9079 9080
f 7151 7152 9079
f 4248 9078 4245
f 9078 9077 4245
f 4245 9077 4246
f 7248 9092 7252
f 9092 9091 9067
f 9092 9067 7252
f 9091 9090 9069
f 9091 9069 9067
f 8709 8707 8706
f 8704 8702 5441
f 5441 8702 5440
f 8702 5439 5440
f 8710 8705 8704
f 8710 8706 8708
f 8710 8704 8714
f 8710 8714 8713
f 8710 8713 8706
f 8710 8708 8712
f 8710 8712 8711
f 8710 8711 8705
f 3962 3999 8709
f 5442 8704 5441
f 8709 3999 8707
f 8706 8707 8708
f 8704 8703 8702
f 8704 8705 8703
f 8702 5438 5439
f 8702 8703 5438
f 8085 8683 8693
f 8085 8693 8089
f 8683 8684 8694
f 8683 8694 8693
f 8684 8691 8699
f 8717 8704 5442
f 8720 3972 8719
f 8720 8719 5447
f 8720 3973 3972
f 8720 5447 5446
f 8719 3972 8718
f 8719 8718 5447
f 8718 8717 5445
f 8718 3971 8717
f 8718 3972 3971
f 8718 5445 5447
f 8717 3963 8706
f 8684 8699 8694
f 8717 3971 3963
f 8717 5442 5445
f 8717 8714 8704
f 8717 8713 8714
f 8717 8706 8713
f 3958 3957 8716
f 3957 3974 8716
f 8715 5444 5443
f 8715 5443 5437
f 3963 8709 8706
f 3963 3962 8709
f 8099 8097 274
f 8698 8694 8699
f 8698 8699 8697
f 8698 8090 8092
f 8695 8692 440
f 8695 440 439
f 8695 439 455
f 8695 455 454
f 8695 8697 8696
f 8695 8696 8692
f 276 8101 274
f 8101 8099 274
f 8698 8092 8694
f 274 8097 275
f 268 443 266
f 268 444 443
f 8092 8089 8693
f 8092 8693 8694
f 266 443 267
f 8692 441 440
f 8690 8686 8687
f 8690 8684 8086
f 8690 8088 8686
f 8690 8687 8689
f 8701 8093 8700
f 8691 8689 8697
f 8691 8697 8699
f 8689 8688 8696
f 8689 8696 8697
f 8688 8682 8692
f 8688 8692 8696
f 8682 441 8692
f 8682 459 441
f 8701 8700 454
f 8701 275 8097
f 8701 444 268
f 8721 5446 5444
f 8701 454 444
f 8701 8097 8095
f 8701 8095 8093
f 8701 283 275
f 8701 282 283
f 8701 268 282
f 8700 8695 454
f 8700 8090 8698
f 8700 8698 8695
f 8700 8093 8090
f 8698 8697 8695
f 8743 4452 8739
f 8747 8742 8746
f 8747 8743 8742
f 8747 4448 8743
f 8747 4444 4448
f 8746 8741 8745
f 8746 8742 8741
f 8745 8740 8744
f 8745 8741 8740
f 8744 8740 5431
f 8744 5431 5429
f 8743 8739 8738
f 8748 5429 5427
f 8743 8738 8742
f 8743 4448 4452
f 8742 8738 8737
f 8742 8737 8741
f 8741 8737 8736
f 8741 8736 8740
f 8740 8736 5433
f 8740 5433 5431
f 8739 8734 8738
f 8739 8735 8734
f 8739 4455 8735
f 8753 8750 8749
f 8757 8753 8756
f 8756 8752 5425
f 8756 5425 5423
f 8756 8753 8752
f 8755 4440 8751
f 8755 8750 8754
f 8755 4436 4440
f 8755 8751 8750
f 8754 8750 8753
f 8753 8749 8748
f 8753 8748 8752
f 8739 4452 4455
f 8752 8748 5427
f 8752 5427 5425
f 8751 8747 8746
f 8751 4444 8747
f 8751 4440 4444
f 8751 8746 8750
f 8750 8746 8745
f 8750 8745 8749
f 8749 8745 8748
f 8748 8745 8744
f 8748 8744 5429
f 8725 4004 8724
f 8728 8729 8726
f 8728 4000 4002
f 8728 4002 4004
f 8728 8712 8708
f 8728 8711 8712
f 8728 8705 8711
f 5470 7362 8727
f 8727 7362 8726
f 7362 7360 8726
f 7358 8703 8705
f 7358 5438 8703
f 8728 8730 8729
f 8724 4004 4006
f 8708 8707 4000
f 4000 8707 3999
f 8721 8716 3974
f 8721 3973 8720
f 8721 8720 5446
f 8721 5444 8715
f 8721 3974 3973
f 8721 8715 8723
f 8721 8723 8722
f 8721 8722 8716
f 8733 8715 8732
f 8738 8734 8733
f 8738 8733 8737
f 8737 8733 8732
f 8737 8732 8736
f 8736 8732 5435
f 8736 5435 5433
f 8735 8722 8734
f 8735 4455 8716
f 8735 8716 8722
f 8734 8723 8733
f 8734 8722 8723
f 8690 8086 8088
f 8733 8723 8715
f 8732 5437 5435
f 8732 8715 5437
f 4421 4420 8731
f 4455 3958 8716
f 8728 8726 7360
f 8728 7358 8705
f 8728 4004 8725
f 8728 8708 4000
f 8728 7360 7358
f 8728 8725 8730
f 8635 8026 8636
f 8656 8026 8024
f 8656 8637 8636
f 8656 8638 8637
f 8656 8639 8638
f 8653 8022 8652
f 8653 8650 3857
f 8653 3857 3855
f 8653 8652 8655
f 8653 8655 8654
f 8653 8654 8650
f 8653 8024 8022
f 5591 8026 8635
f 8656 3855 3848
f 8022 5610 8651
f 8022 8651 8652
f 8639 3848 8640
f 8640 3848 3846
f 8650 8649 3857
f 3857 8649 3859
f 8646 8644 8021
f 8646 8645 4302
f 8646 4304 8642
f 8646 8023 8645
f 8646 8021 8023
f 8642 8660 8648
f 8651 5610 5613
f 8664 8648 8661
f 8664 8659 8647
f 8664 8663 8659
f 8664 8661 8663
f 8664 8647 8648
f 8663 8661 8659
f 4306 4308 8641
f 4308 8662 8641
f 8641 8662 8642
f 8662 8660 8642
f 8646 8642 8648
f 8660 8661 8648
f 8647 8658 8644
f 8647 8659 8658
f 8644 8657 8643
f 8644 8658 8657
f 8643 5612 5611
f 8643 8657 5612
f 8656 8636 8026
f 8656 3848 8639
f 8656 8653 3855
f 8656 8024 8653
f 8634 8611 8610
f 8627 8638 8639
f 8628 8620 8637
f 8628 8637 8638
f 8620 8619 8636
f 8620 8636 8637
f 8619 5592 8635
f 8619 8635 8636
f 5592 5591 8635
f 4298 8634 8610
f 4298 8610 3918
f 8634 8633 8611
f 8627 8628 8638
f 8633 8632 8614
f 8633 8614 8611
f 8632 8631 8613
f 8632 8613 8614
f 8631 8630 8609
f 8631 8609 8613
f 8630 8629 8608
f 8630 8608 8609
f 8629 5599 5601
f 8629 5601 8608
f 8626 3948 8625
f 8643 8021 8644
f 8646 8648 8647
f 8646 8647 8644
f 8646 4302 4304
f 8645 8025 8630
f 8645 8633 4297
f 8645 8023 8025
f 8645 4297 4302
f 8645 8632 8633
f 8645 8631 8632
f 8645 8630 8631
f 5611 8021 8643
f 8665 8651 5613
f 8025 8629 8630
f 8025 5599 8629
f 8642 4304 8641
f 8641 4304 4306
f 8633 8634 4297
f 4297 8634 4298
f 3845 8622 3846
f 8622 8621 8640
f 8622 8640 3846
f 8621 8627 8639
f 8621 8639 8640
f 8681 8108 8106
f 8098 8100 8676
f 8098 8676 8675
f 8682 471 459
f 8100 8102 8676
f 8674 8673 475
f 475 8673 473
f 8673 476 473
f 8681 8666 8108
f 8681 8106 8680
f 8681 3849 8668
f 8681 8680 3849
f 8096 8098 8675
f 8681 8667 8666
f 8681 8669 8667
f 8681 8668 8669
f 8680 8106 277
f 8680 272 3847
f 8680 3847 3849
f 8680 277 286
f 8680 286 285
f 8680 285 272
f 5613 8108 8665
f 8665 8108 8666
f 8686 8091 8094
f 8690 8689 8691
f 8690 8691 8684
f 8687 8686 481
f 8687 471 8682
f 8687 8682 8688
f 8687 8688 8689
f 8687 481 472
f 8687 472 471
f 8686 8094 8685
f 8686 8685 482
f 8686 8088 8091
f 8106 280 279
f 8686 482 481
f 8685 8096 8675
f 8685 8674 475
f 8685 8094 8096
f 8685 475 482
f 8685 8679 8674
f 8685 8678 8679
f 8685 8675 8678
f 8085 8087 8683
f 8087 8086 8683
f 8683 8086 8684
f 8671 8655 8667
f 8107 8109 8658
f 8673 4292 476
f 8109 8657 8658
f 8109 5612 8657
f 4295 8660 4296
f 8660 8662 4296
f 4296 8662 4308
f 8672 8671 8667
f 8672 8669 8671
f 8672 8667 8669
f 8671 8669 8654
f 8674 4293 4292
f 8671 8654 8655
f 3853 8649 8670
f 3853 3859 8649
f 8670 8650 8668
f 8670 8649 8650
f 8668 8654 8669
f 8668 8650 8654
f 8667 8655 8666
f 8655 8652 8666
f 8666 8652 8665
f 8652 8651 8665
f 8677 8674 8679
f 8106 279 277
f 8668 3849 8670
f 8670 3849 3853
f 272 269 3847
f 3847 269 271
f 8677 8675 8104
f 8677 8107 8658
f 8677 4293 8674
f 8677 8660 4295
f 8677 8104 8105
f 8677 8105 8107
f 8758 8754 8753
f 8677 8679 8678
f 8677 8678 8675
f 8677 4295 4294
f 8677 4294 4293
f 8677 8661 8660
f 8677 8659 8661
f 8677 8658 8659
f 8102 8103 8676
f 8676 8103 8675
f 8103 8104 8675
f 8674 4292 8673
f 8856 8850 8849
f 8859 8853 8852
f 8859 8803 8798
f 8858 8852 8857
f 8858 8857 8805
f 8858 8805 8803
f 8857 8850 8856
f 8857 8856 8799
f 8857 8852 8851
f 8857 8851 8850
f 8857 8799 8805
f 8856 8849 8855
f 8856 8855 8800
f 8859 8858 8803
f 8856 8800 8799
f 8855 8849 7206
f 8855 7206 7213
f 8855 7213 7220
f 8855 7220 8800
f 8854 8848 8853
f 8854 616 8848
f 8853 8847 8852
f 8853 8848 8847
f 8852 8847 8846
f 8852 8846 8845
f 8811 4243 8812
f 8865 7356 8864
f 8865 8862 4252
f 8865 4252 4250
f 8865 8864 8867
f 8865 8867 8866
f 8865 8866 8862
f 8865 7354 7356
f 5456 7352 8807
f 8807 7352 8808
f 7356 5460 8863
f 7356 8863 8864
f 8852 8845 8851
f 8812 4243 4241
f 8862 8861 4252
f 4252 8861 4254
f 8860 8797 586
f 8860 8853 8859
f 8860 8859 8798
f 8860 8854 8853
f 8860 616 8854
f 8860 586 616
f 8860 8798 8797
f 8859 8852 8858
f 8836 598 8830
f 8841 8835 8840
f 8840 8834 8833
f 8840 8833 8839
f 8840 8835 8834
f 8839 8833 8832
f 8839 8832 8838
f 8838 8832 8831
f 8838 8831 8837
f 8837 8831 7185
f 8837 7185 7192
f 8837 7192 7199
f 8842 8836 8835
f 8836 8830 8835
f 8835 8830 8829
f 8835 8829 8828
f 8835 8828 8834
f 8834 8828 8827
f 8834 8827 8833
f 8833 8827 8826
f 8833 8826 8832
f 8832 8825 8831
f 8832 8826 8825
f 8831 8825 7178
f 8847 8840 8846
f 8851 8844 8850
f 8851 8845 8844
f 8850 8843 8849
f 8850 8844 8843
f 8849 8843 7199
f 8849 7199 7206
f 8848 8841 8847
f 8848 8842 8841
f 8848 604 8842
f 8848 616 610
f 8848 610 604
f 8868 8811 8810
f 8847 8841 8840
f 8846 8839 8845
f 8846 8840 8839
f 8845 8838 8844
f 8845 8839 8838
f 8844 8838 8837
f 8844 8837 8843
f 8843 8837 7199
f 8842 8835 8841
f 8842 604 598
f 8842 598 8836
f 8888 8871 8887
f 8890 7242 7240
f 8890 7240 7241
f 8890 8884 8892
f 8890 8892 8891
f 8890 8891 8886
f 8890 560 550
f 8889 8888 8887
f 8889 7247 8888
f 8889 8887 560
f 8889 7241 7247
f 8888 7245 8873
f 8890 8889 560
f 8888 7247 7245
f 8888 8872 8871
f 8888 8873 8872
f 8887 8869 545
f 8887 545 544
f 8887 544 561
f 8887 561 560
f 8887 8870 8869
f 8887 8871 8870
f 7239 7244 8885
f 7244 7243 8885
f 8878 4247 8880
f 8893 8892 8884
f 8893 8891 8892
f 8893 8886 8891
f 8893 7235 7236
f 8893 7236 7237
f 8893 8877 8876
f 8893 8879 8877
f 8893 8878 8879
f 5459 7234 8875
f 8875 7234 8876
f 7234 7235 8876
f 7243 7242 8885
f 8878 4244 4247
f 7237 7238 8886
f 8880 4247 4256
f 7238 8885 8886
f 7238 7239 8885
f 4238 8884 4237
f 8884 8883 4237
f 4237 8883 548
f 8890 8886 7242
f 8890 550 8884
f 8890 7241 8889
f 8822 8824 8869
f 8863 5460 5459
f 7169 8814 8874
f 7169 8874 7246
f 8814 8816 8873
f 8814 8873 8874
f 8816 8818 8872
f 8816 8872 8873
f 8818 8820 8871
f 8818 8871 8872
f 8820 8822 8870
f 8820 8870 8871
f 8875 8863 5459
f 8822 8869 8870
f 8824 546 8869
f 8824 584 546
f 8868 8808 7352
f 8868 4243 8811
f 8868 8865 4250
f 8868 7354 8865
f 8868 4250 4243
f 8868 7352 7354
f 8868 8809 8808
f 8868 8810 8809
f 8881 8867 8877
f 8885 7242 8886
f 8884 549 8883
f 8884 550 549
f 7245 8874 8873
f 7245 7246 8874
f 8883 549 548
f 8869 546 545
f 8882 8881 8877
f 8882 8879 8881
f 8882 8877 8879
f 8881 8879 8866
f 8831 7178 7185
f 8881 8866 8867
f 4256 8861 8880
f 4256 4254 8861
f 8880 8862 8878
f 8880 8861 8862
f 8878 8866 8879
f 8878 8862 8866
f 8877 8867 8876
f 8867 8864 8876
f 8876 8864 8875
f 8864 8863 8875
f 7162 7227 8781
f 8783 4011 8779
f 8783 8782 4012
f 8783 8779 8785
f 8783 8785 8784
f 8783 8784 8780
f 8783 4012 4011
f 8782 8770 4009
f 8782 4009 4013
f 8782 4013 4012
f 8782 8771 8770
f 8782 8769 8771
f 8783 8780 7229
f 8781 7227 8780
f 7227 7229 8780
f 8779 4010 8778
f 8779 4011 4010
f 8778 4010 704
f 7232 8767 8768
f 7232 5468 8767
f 8770 8772 4009
f 4009 8772 4008
f 4421 8731 8777
f 4421 8777 4524
f 4541 4531 8777
f 8791 4542 4541
f 8791 5449 5451
f 8791 5451 5452
f 8791 8775 8774
f 8791 8776 8775
f 8791 8777 8776
f 4240 4533 8790
f 8790 4533 8789
f 4533 4534 8789
f 8788 5454 8787
f 8787 5454 5455
f 8731 8764 8776
f 4531 4524 8777
f 5449 8774 5450
f 8774 5448 5450
f 8786 8782 8783
f 8786 8783 7229
f 8786 7232 8768
f 8786 8769 8782
f 8786 7229 7230
f 8786 7230 7233
f 8786 7233 7232
f 8786 8768 8769
f 8762 8757 8756
f 8766 8758 8765
f 8766 8765 8731
f 8766 8759 8758
f 8766 4432 8759
f 8766 4420 4432
f 8765 8758 8762
f 8765 8762 8764
f 8765 8764 8731
f 8762 8760 8761
f 8762 8756 8760
f 8762 8758 8757
f 8766 8731 4420
f 8762 8761 8763
f 8762 8763 8764
f 8760 8756 5423
f 8760 5422 8761
f 8760 5423 5420
f 8760 5420 5422
f 8759 8754 8758
f 8759 4432 4436
f 8759 4436 8755
f 8759 8755 8754
f 8758 8753 8757
f 4006 8772 8724
f 8731 8776 8777
f 8764 8763 8775
f 8764 8775 8776
f 8763 8761 8775
f 8761 5422 8774
f 8761 8774 8775
f 5422 5448 8774
f 8773 8730 8771
f 8773 8769 8729
f 8773 8771 8769
f 8773 8729 8730
f 8791 8774 5449
f 4006 4008 8772
f 8724 8770 8725
f 8724 8772 8770
f 8725 8771 8730
f 8725 8770 8771
f 8729 8769 8726
f 8769 8768 8726
f 8726 8768 8727
f 8768 8767 8727
f 8727 8767 5470
f 8767 5468 5470
f 8789 8810 8811
f 8817 8818 8816
f 8815 8814 8813
f 8815 8816 8814
f 8813 7169 7170
f 8813 8814 7169
f 587 586 8797
f 4240 8790 4241
f 8790 8789 8811
f 8790 8811 8812
f 8790 8812 4241
f 8789 8795 8810
f 8817 8816 8815
f 8795 8796 8809
f 8795 8809 8810
f 8796 8788 8808
f 8796 8808 8809
f 8788 8787 8807
f 8788 8807 8808
f 8787 5456 8807
f 8787 5455 5456
f 8806 8801 8804
f 8806 8799 7225
f 8806 7164 8801
f 8826 8813 8825
f 8830 8823 8821
f 8830 8821 8829
f 8830 592 8823
f 8830 598 596
f 8830 596 592
f 8829 8821 8819
f 8829 8819 8828
f 8828 8817 8827
f 8828 8819 8817
f 8827 8815 8826
f 8827 8817 8815
f 8806 8804 8805
f 8826 8815 8813
f 8825 8813 7170
f 8825 7170 7178
f 8823 8822 8821
f 8823 584 8824
f 8823 8824 8822
f 8823 592 584
f 8821 8820 8819
f 8821 8822 8820
f 8819 8818 8817
f 8819 8820 8818
f 8794 4534 4543
f 7161 8781 8780
f 8797 699 698
f 8797 698 587
f 7163 7162 8781
f 8779 8778 702
f 702 8778 703
f 8778 704 703
f 8794 4543 8793
f 8794 8789 4534
f 8794 5454 8788
f 8794 8793 5452
f 7161 7163 8781
f 8794 8788 8796
f 8794 8796 8795
f 8794 8795 8789
f 8794 5452 5453
f 8794 5453 5454
f 8793 4542 8792
f 8793 8792 5452
f 8793 4543 4542
f 8792 4542 8791
f 8792 8791 5452
f 8791 4541 8777
f 8802 700 699
f 8806 7225 7223
f 8806 7223 7165
f 8806 7165 7164
f 8806 8805 8799
f 8804 8801 8802
f 8804 8802 8803
f 8804 8803 8805
f 8802 699 8798
f 8802 8801 701
f 8802 8798 8803
f 8802 701 700
f 9192 9185 9191
f 8801 7164 8780
f 8801 8779 702
f 8801 702 701
f 8801 8785 8779
f 8801 8784 8785
f 8801 8780 8784
f 7220 7226 8800
f 8800 7226 8799
f 7226 7225 8799
f 7164 7161 8780
f 8798 699 8797
f 11618 7464 7466
f 7461 11605 11604
f 11619 1414 1415
f 7459 7457 11605
f 11603 11602 1430
f 1430 11602 1420
f 11602 1419 1420
f 11618 11617 1540
f 11618 11598 7462
f 11618 1539 11596
f 11618 7466 11617
f 11618 1540 1539
f 11618 7462 7464
f 7461 7459 11605
f 11618 11601 11598
f 11618 11600 11601
f 11618 11596 11600
f 11617 11612 1540
f 11617 7468 11615
f 11617 11615 11612
f 11617 7466 7468
f 11615 11614 11612
f 11615 7470 11611
f 11615 11611 11616
f 11615 11616 11614
f 11623 1429 1428
f 11627 11628 11621
f 11624 11623 1428
f 11624 1414 11619
f 11624 11619 11625
f 11624 11625 11626
f 11624 1428 1427
f 11624 1427 1414
f 11623 7465 11622
f 11623 11622 1429
f 11623 7469 7467
f 11623 7467 7465
f 11615 7468 7470
f 11622 7463 11604
f 11622 11603 1430
f 11622 7465 7463
f 11622 1430 1429
f 11622 11608 11603
f 11622 11607 11608
f 11622 11604 11607
f 7474 7473 11620
f 7473 7471 11620
f 11620 7471 11621
f 7463 7461 11604
f 7448 7447 11593
f 11606 11607 11604
f 11606 1441 1439
f 11606 1439 1437
f 11606 11591 11590
f 11606 11592 11591
f 11606 11593 11592
f 7457 7455 11605
f 11605 7455 11604
f 7455 7453 11604
f 11603 1438 11602
f 11603 1437 1438
f 11606 11608 11607
f 11602 1438 1419
f 7447 11594 11593
f 7447 4910 11594
f 1441 11590 1443
f 11590 11589 1443
f 1443 11589 1445
f 11599 11587 7449
f 11599 7452 11598
f 11599 1558 11584
f 11599 11596 1554
f 11599 1554 1556
f 11596 1539 1534
f 11612 11609 1528
f 11612 1528 1542
f 11612 1542 1541
f 11612 1541 1540
f 11612 11614 11613
f 11612 11613 11609
f 7456 7458 11597
f 7458 7460 11597
f 7460 7462 11597
f 11597 7462 11598
f 11596 1534 11595
f 11627 11626 11628
f 7470 7472 11610
f 7470 11610 11611
f 11595 1534 1533
f 11609 1529 1528
f 11606 11604 7453
f 11606 7448 11593
f 11606 1437 11603
f 11606 11590 1441
f 11606 7453 7450
f 11606 7450 7448
f 11606 11603 11608
f 11640 11632 11646
f 1548 11633 1547
f 11633 11630 1547
f 1547 11630 1510
f 1508 11629 11650
f 1508 11650 1399
f 11629 11637 11649
f 11629 11649 11650
f 11637 11638 11648
f 11637 11648 11649
f 11638 11640 11647
f 11638 11647 11648
f 7480 7482 11634
f 11640 11646 11647
f 11632 11631 11645
f 11632 11645 11646
f 11631 7498 11645
f 7498 7500 11645
f 11642 11641 1522
f 11642 11635 7488
f 11642 1512 11633
f 11642 7492 11641
f 11642 1522 1512
f 11642 7488 7490
f 11655 1550 1552
f 11658 1404 1401
f 11655 11653 7476
f 11655 7478 11635
f 11655 1552 11652
f 11655 11633 1548
f 11655 7476 7477
f 11655 7477 7478
f 11655 11652 11657
f 11655 11657 11656
f 11655 11656 11653
f 11655 1548 1550
f 11642 7490 7492
f 11655 11644 11633
f 11655 11643 11644
f 11655 11635 11643
f 4958 7475 11654
f 11654 7475 11653
f 7475 7476 11653
f 11652 1555 11651
f 11652 1552 1555
f 7478 7480 11635
f 11651 1555 1563
f 7480 11634 11635
f 11614 11628 11626
f 7496 7498 11631
f 7496 11631 11632
f 11630 1511 1510
f 11629 1508 1507
f 1529 11609 11619
f 1529 11619 1415
f 11609 11613 11625
f 11609 11625 11619
f 11613 11614 11626
f 11613 11626 11625
f 11614 11616 11628
f 11633 1512 1511
f 11616 11611 11621
f 11616 11621 11628
f 11611 11610 11620
f 11611 11620 11621
f 11610 7474 11620
f 11610 7472 7474
f 11627 11623 11624
f 11627 11621 7471
f 11627 7469 11623
f 11627 11624 11626
f 11627 7471 7469
f 11639 7494 7496
f 11642 11633 11644
f 11642 11644 11643
f 11642 11643 11635
f 11641 11636 1522
f 11641 7494 11639
f 11641 11639 11636
f 11641 7492 7494
f 11639 11638 11636
f 11639 7496 11632
f 11639 11632 11640
f 11639 11640 11638
f 11599 1556 1558
f 11636 11629 1507
f 11636 1507 1506
f 11636 1506 1523
f 11636 1523 1522
f 11636 11638 11637
f 11636 11637 11629
f 7482 7484 11634
f 7484 7486 11634
f 7486 7488 11634
f 11634 7488 11635
f 11633 1511 11630
f 7421 7420 11537
f 11563 1589 1598
f 11563 1598 1597
f 11563 1597 1596
f 11563 11545 11547
f 11563 11543 11545
f 7435 7433 11561
f 7433 7431 11561
f 7431 7429 11561
f 11561 7429 11562
f 11560 1591 11559
f 11560 1595 1591
f 7421 11537 11539
f 11563 11547 1589
f 11559 1591 1463
f 11547 1368 1589
f 11558 11556 11557
f 11558 11540 7418
f 11558 7422 11556
f 11558 11557 11544
f 11558 7418 7422
f 11558 11542 11540
f 11558 11544 11542
f 11557 1471 11548
f 11557 11556 1484
f 11566 11568 11567
f 7445 11571 11572
f 1571 11570 1573
f 11570 11569 1573
f 1573 11569 1564
f 11566 11562 7429
f 11566 1595 11560
f 11566 7425 11565
f 11566 11565 1596
f 11566 7429 7427
f 11566 7427 7425
f 11566 11560 11568
f 11557 1484 1483
f 11566 11567 11562
f 11566 1596 1595
f 11565 11564 11563
f 11565 7423 11564
f 11565 11563 1596
f 11565 7425 7423
f 11564 7421 11539
f 11564 11543 11563
f 11564 7423 7421
f 11564 11541 11543
f 11564 11539 11541
f 11541 11540 11542
f 1486 11549 1476
f 11549 1475 1476
f 1368 11547 11548
f 1368 11548 1370
f 11547 11545 11546
f 11547 11546 11548
f 11545 11543 11544
f 11545 11544 11546
f 11543 11541 11542
f 11543 11542 11544
f 11541 11539 11540
f 11550 11549 1486
f 11539 11537 11538
f 11539 11538 11540
f 11537 7417 11538
f 11537 7420 7417
f 11536 11535 4932
f 11536 11531 1481
f 11536 1480 11535
f 11536 4929 11528
f 11536 1481 1480
f 11536 11530 11531
f 11536 11529 11530
f 11553 11552 11555
f 11557 1483 1471
f 11557 11546 11544
f 11557 11548 11546
f 11556 7426 11553
f 11556 11553 1485
f 11556 1485 1484
f 11556 7422 7424
f 11556 7424 7426
f 11553 7428 11552
f 11553 11550 1486
f 11553 1486 1485
f 7445 4911 11571
f 11553 11555 11554
f 11553 11554 11550
f 11553 7426 7428
f 7417 7419 11538
f 7419 7418 11538
f 11538 7418 11540
f 7428 7430 11552
f 7430 7432 11551
f 7430 11551 11552
f 11548 1471 1370
f 7432 7434 11551
f 4913 11571 4911
f 11578 11581 11592
f 11578 11592 11593
f 11581 11582 11591
f 11581 11591 11592
f 11582 11577 11590
f 11582 11590 11591
f 11577 11576 11589
f 11577 11589 11590
f 11576 1445 11589
f 11576 1446 1445
f 4913 11588 11571
f 11579 11593 11594
f 11588 11587 11572
f 11588 11572 11571
f 11587 11586 11575
f 11587 11575 11572
f 11586 11585 11574
f 11586 11574 11575
f 11585 11584 11570
f 11585 11570 11574
f 11584 11583 11569
f 11584 11569 11570
f 11583 1562 1564
f 11584 1560 11583
f 11599 11598 11601
f 11599 11601 11600
f 11599 11600 11596
f 11599 7449 7451
f 11599 7451 7452
f 11599 11586 11587
f 11599 11585 11586
f 11599 11584 11585
f 4913 7446 11588
f 11588 7446 11587
f 7446 7449 11587
f 11583 1564 11569
f 11584 1558 1560
f 7452 7454 11598
f 11583 1560 1562
f 7454 7456 11597
f 7454 11597 11598
f 1554 11596 1553
f 11596 11595 1553
f 1553 11595 1533
f 4912 11579 11594
f 4912 11594 4910
f 11579 11578 11593
f 11573 7439 7441
f 11560 11559 1462
f 1462 11559 1463
f 11573 11552 7439
f 11573 7443 11572
f 11573 1566 11550
f 11573 11570 1571
f 11573 1571 1569
f 11573 1569 1566
f 11573 11572 11575
f 11573 11575 11574
f 11573 11574 11570
f 1459 11560 1462
f 11573 7441 7443
f 11573 11555 11552
f 11573 11554 11555
f 11573 11550 11554
f 7434 7437 11551
f 11551 7437 11552
f 7437 7439 11552
f 11550 1565 11549
f 11550 1566 1565
f 7443 7445 11572
f 11549 1565 1475
f 11580 11568 11560
f 11580 11578 7442
f 11580 7438 11562
f 11580 1451 11577
f 11580 11560 1459
f 11580 7442 7440
f 11580 7440 7438
f 11580 11577 11582
f 11580 11582 11581
f 11580 11581 11578
f 11580 1459 1455
f 11580 1455 1451
f 1403 11658 1401
f 11580 11567 11568
f 11580 11562 11567
f 4912 7444 11579
f 11579 7444 11578
f 7444 7442 11578
f 11577 1449 11576
f 11577 1451 1449
f 7438 7436 11562
f 11576 1449 1446
f 7436 11561 11562
f 7436 7435 11561
f 11735 1340 11732
f 11741 11734 11742
f 11741 11742 11740
f 11738 11731 1338
f 11738 1338 1337
f 11738 1337 1343
f 11738 1343 1342
f 11738 11740 11739
f 11738 11739 11731
f 6120 6122 11737
f 6122 6121 11737
f 11737 6121 11736
f 6121 6125 11736
f 11741 6185 11734
f 6185 6174 11733
f 6185 11733 11734
f 11732 1340 1339
f 11732 1339 1336
f 11731 1107 1338
f 11730 11729 4940
f 11730 11725 1425
f 11730 1424 11729
f 11730 4939 11722
f 11730 1425 1424
f 11730 11724 11725
f 11746 11735 11748
f 11751 11752 11750
f 11749 1102 1101
f 11749 11750 1102
f 11731 1108 1107
f 11746 11743 1340
f 11746 11736 6125
f 11746 6124 11745
f 11746 1340 11735
f 11746 11745 11744
f 11746 11744 11743
f 11746 6125 6124
f 11730 11723 11724
f 11746 11748 11747
f 11746 11747 11736
f 11745 11741 11744
f 11745 6185 11741
f 11745 6124 6123
f 11745 6123 6185
f 11744 11741 11743
f 11743 11738 1342
f 11743 11741 11738
f 11743 1342 1340
f 11741 11740 11738
f 11723 11711 11712
f 1418 1417 11716
f 4943 11720 4944
f 11720 11721 4944
f 4944 11721 4945
f 11721 4946 4945
f 1413 11725 1531
f 11725 11724 11709
f 11725 11709 1531
f 11724 11723 11712
f 11724 11712 11709
f 11723 11722 11711
f 1418 11716 11717
f 11722 4937 11708
f 11722 11708 11711
f 4937 4950 11708
f 4946 11721 11702
f 4946 11702 4947
f 11721 11720 11703
f 11721 11703 11702
f 11720 11719 11706
f 11720 11706 11703
f 11719 11718 11705
f 11719 11705 11706
f 11726 1418 11717
f 11730 11722 11723
f 11730 4940 4939
f 11729 1423 11728
f 11729 11728 4941
f 11729 1424 1423
f 11729 4941 4940
f 11728 1423 11727
f 11728 11727 4941
f 11727 11726 4942
f 11727 1423 11726
f 11727 4942 4941
f 11751 11750 11749
f 11726 11720 4943
f 11726 1423 1422
f 11726 1422 1418
f 11726 4943 4942
f 11726 11719 11720
f 11726 11718 11719
f 11726 11717 11718
f 1413 1412 11725
f 1412 1425 11725
f 11722 4939 4938
f 11722 4938 4937
f 11782 11776 11775
f 11786 11779 11785
f 11786 11780 11779
f 11786 11781 11780
f 11785 11779 1135
f 11785 1135 1140
f 11784 11778 11777
f 11784 11777 11783
f 11784 6147 11778
f 11784 6154 6147
f 11783 11776 11782
f 11783 11777 11776
f 11787 11782 11781
f 11782 11775 11781
f 11781 11774 11780
f 11781 11775 11774
f 11780 11773 11779
f 11780 11774 11773
f 11779 11773 1129
f 11779 1129 1135
f 11778 11772 11771
f 11778 11771 11777
f 11778 6147 11772
f 11777 11771 11776
f 11792 11731 11739
f 11794 11793 11740
f 11794 11787 11793
f 11794 11788 11787
f 11794 11740 11742
f 11793 11792 11739
f 11793 11787 11786
f 11793 11786 11792
f 11793 11739 11740
f 11792 11785 11791
f 11792 11791 11731
f 11792 11786 11785
f 11776 11770 11769
f 11791 1108 11731
f 11791 11785 1140
f 11791 1140 1108
f 11790 11783 11789
f 11790 11784 11783
f 11790 6154 11784
f 11790 6160 6154
f 11789 11782 11788
f 11789 11783 11782
f 11788 11782 11787
f 11787 11781 11786
f 11761 11749 1101
f 11766 11757 11765
f 11766 6128 11759
f 11766 6132 6128
f 11765 11757 11755
f 11765 11755 11764
f 11764 11753 11763
f 11764 11755 11753
f 11763 11751 11762
f 11763 11753 11751
f 11762 11749 11761
f 11762 11751 11749
f 11766 11759 11757
f 11761 1101 1115
f 11759 11758 11757
f 11759 6114 11760
f 11759 11760 11758
f 11759 6128 6114
f 11757 11756 11755
f 11757 11758 11756
f 11755 11754 11753
f 11755 11756 11754
f 11753 11752 11751
f 11753 11754 11752
f 11772 11766 11771
f 11776 11771 11770
f 11776 11769 11775
f 11775 11769 11768
f 11775 11768 11774
f 11774 11768 11773
f 11773 11767 1121
f 11773 11768 11767
f 11773 1121 1129
f 11772 6132 11766
f 11772 6147 6139
f 11772 6139 6132
f 11718 11717 11701
f 11771 11766 11765
f 11771 11765 11764
f 11771 11764 11770
f 11770 11763 11769
f 11770 11764 11763
f 11769 11762 11768
f 11769 11763 11762
f 11768 11761 11767
f 11768 11762 11761
f 11767 11761 1115
f 11767 1115 1121
f 7479 60 57
f 11677 11676 52
f 11677 11664 11661
f 11677 11663 11664
f 11677 11659 11663
f 11676 59 66
f 11676 66 65
f 11676 65 52
f 7483 7481 11660
f 11660 7481 11661
f 7481 59 11661
f 7481 7479 59
f 11677 52 11659
f 7479 57 59
f 11659 1431 11658
f 11659 52 1431
f 11658 1431 1404
f 1431 52 1432
f 52 49 1432
f 1432 49 51
f 11675 11657 11674
f 11675 11674 11656
f 11675 11656 11657
f 11674 11657 11672
f 11682 11670 11672
f 11683 7503 11682
f 11683 7501 7503
f 11683 11679 11685
f 11683 11685 11684
f 11683 11684 11681
f 11683 1557 1551
f 11682 7505 11669
f 11682 11671 1559
f 11682 7503 7505
f 11682 1559 1557
f 11682 11672 11671
f 11674 11670 11656
f 11682 11669 11670
f 4956 7501 11680
f 11680 7501 11681
f 7505 11668 11669
f 7505 4959 11668
f 11679 1551 11678
f 11678 1551 1549
f 11671 11673 1559
f 1559 11673 1561
f 11677 11661 59
f 11677 59 11676
f 11662 11664 11663
f 11666 11649 11648
f 11666 11650 11649
f 11665 7491 11662
f 11665 11662 1410
f 11665 1410 1409
f 11665 7495 7493
f 11665 7493 7491
f 11662 7489 11661
f 11662 11659 1403
f 11662 1403 1410
f 11662 11661 11664
f 11666 1400 1397
f 11662 11663 11659
f 11662 7491 7489
f 7500 7499 11645
f 7499 7497 11645
f 11645 7497 11646
f 7489 7487 11661
f 7487 7485 11660
f 7487 11660 11661
f 11650 1397 1399
f 7485 7483 11660
f 11659 11658 1403
f 11654 11668 4958
f 11674 11672 11670
f 1563 11673 11651
f 1563 1561 11673
f 11651 11671 11652
f 11651 11673 11671
f 11652 11672 11657
f 11652 11671 11672
f 11656 11670 11653
f 11670 11669 11653
f 11653 11669 11654
f 11669 11668 11654
f 11683 1551 11679
f 11668 4959 4958
f 11667 11665 11666
f 11667 11646 7497
f 11667 7495 11665
f 11667 11666 11648
f 11667 7497 7495
f 11667 11647 11646
f 11667 11648 11647
f 11666 1397 11650
f 11666 11665 1409
f 11666 1409 1400
f 4948 11708 4949
f 11710 11709 11712
f 11710 11712 11711
f 11710 11711 11708
f 11710 1545 1544
f 1537 1535 11694
f 11694 1535 11695
f 1535 1536 11695
f 11698 4954 11699
f 11699 4954 4955
f 1544 1530 11709
f 1530 1531 11709
f 11710 4951 4952
f 11708 4950 4949
f 11707 11687 7506
f 11707 1442 11690
f 11707 11704 1440
f 11707 7504 11704
f 11707 1440 1442
f 11707 7506 7504
f 11707 11688 11687
f 11707 11689 11688
f 11707 11690 11689
f 11704 7502 11703
f 11715 1536 1546
f 11718 11701 11705
f 11717 11716 11700
f 11717 11700 11701
f 11716 1417 1436
f 11716 1436 11700
f 11715 11714 4952
f 11715 11695 1536
f 11715 4954 11698
f 11715 1546 11714
f 11715 4952 4953
f 11715 4953 4954
f 11704 11701 1435
f 11715 11696 11695
f 11715 11697 11696
f 11715 11698 11697
f 11714 1545 11713
f 11714 11713 4952
f 11714 1546 1545
f 11713 11710 4952
f 11713 1545 11710
f 11710 1544 11709
f 11710 11708 4948
f 11710 4948 4951
f 11691 46 11690
f 11679 11694 11695
f 11678 1549 11694
f 1549 1537 11694
f 11693 11689 62
f 11693 63 11688
f 11693 62 11692
f 11693 11692 63
f 11693 11688 11689
f 11692 62 63
f 1444 47 11691
f 47 46 11691
f 11679 11678 11694
f 46 48 11690
f 11690 48 11689
f 48 62 11689
f 11688 55 11687
f 11688 63 55
f 11687 54 11686
f 11687 55 54
f 11686 56 4957
f 11686 54 56
f 11683 11681 7501
f 11683 11682 1557
f 11701 11700 1435
f 11704 1435 1440
f 11704 11703 11706
f 11704 11706 11705
f 11704 11705 11701
f 11704 7504 7502
f 4957 7506 11686
f 11686 7506 11687
f 7502 4947 11702
f 7502 11702 11703
f 11690 1442 11691
f 11691 1442 1444
f 11536 11528 11529
f 1435 11700 1436
f 4956 11680 11699
f 4956 11699 4955
f 11680 11681 11698
f 11680 11698 11699
f 11681 11684 11697
f 11681 11697 11698
f 11684 11685 11696
f 11684 11696 11697
f 11685 11679 11695
f 11685 11695 11696
f 11378 7537 11377
f 11382 1971 1973
f 11369 11368 1964
f 1964 11368 1965
f 11381 11363 7533
f 11381 1860 11366
f 11381 11378 1868
f 11381 7535 11378
f 11381 1868 1860
f 11381 7533 7535
f 11381 11364 11363
f 11381 11365 11364
f 11381 11366 11365
f 11383 1971 11382
f 11378 11375 1870
f 11378 1870 1868
f 11378 11377 11380
f 11378 11380 11379
f 11378 11379 11375
f 11378 7535 7537
f 4816 7533 11362
f 11362 7533 11363
f 7537 4813 11376
f 7537 11376 11377
f 11366 1860 11367
f 11387 1969 1971
f 11377 11376 11390
f 11390 11376 4812
f 11376 4813 4812
f 11387 11385 7538
f 11387 11386 1969
f 11387 1971 11383
f 11387 7536 11386
f 11387 7538 7536
f 11387 11383 11389
f 11387 11389 11388
f 11387 11388 11385
f 11367 1860 1857
f 11386 7534 11372
f 11386 11369 1964
f 11386 7536 7534
f 11386 1964 1969
f 11386 11370 11369
f 11386 11371 11370
f 11386 11372 11371
f 4814 7538 11384
f 11384 7538 11385
f 7534 11373 11372
f 7534 4825 11373
f 11361 1954 1953
f 11350 11364 11365
f 11342 11341 11363
f 11342 11363 11364
f 11341 4817 11362
f 11341 11362 11363
f 4817 4816 11362
f 11361 11340 1954
f 11361 11360 4833
f 11361 1953 11360
f 11361 4830 11334
f 11361 4833 4830
f 11350 11342 11364
f 11361 11338 11340
f 11361 11336 11338
f 11361 11334 11336
f 11360 11359 4834
f 11360 1952 11359
f 11360 4834 4833
f 11360 1953 1952
f 11359 1952 11358
f 11359 11358 4834
f 11358 1952 11355
f 11358 11355 4832
f 11357 11369 11370
f 11375 11374 1870
f 1870 11374 1872
f 4827 11351 4825
f 11351 11352 11372
f 11351 11372 11373
f 11351 11373 4825
f 11352 11356 11371
f 11352 11371 11372
f 11356 11357 11370
f 11356 11370 11371
f 11357 11354 11369
f 11391 11377 11390
f 11354 11353 11368
f 11354 11368 11369
f 11353 1965 11368
f 11353 1946 1965
f 1856 11344 1857
f 11344 11343 11367
f 11344 11367 1857
f 11343 11349 11366
f 11343 11366 11367
f 11349 11350 11365
f 11349 11365 11366
f 96 93 1961
f 11411 109 96
f 7515 7513 11410
f 11410 7513 11409
f 7513 103 11409
f 7513 7511 103
f 7511 104 101
f 7511 101 103
f 11408 1960 11407
f 11408 96 1960
f 11407 1960 1936
f 1960 96 1961
f 11411 110 109
f 1961 93 95
f 11404 11391 7508
f 11404 7510 11403
f 11404 1861 11393
f 11404 11401 1854
f 11404 1854 1858
f 11404 1858 1861
f 11404 11403 11406
f 11404 11406 11405
f 11404 11405 11401
f 11404 7508 7509
f 7528 7532 11416
f 11418 2078 2077
f 11418 2077 2087
f 11418 2087 2086
f 11418 11420 11419
f 11418 11419 11415
f 7514 7516 11402
f 7516 7518 11402
f 7518 7520 11402
f 11402 7520 11403
f 11401 2079 11400
f 11401 2080 2079
f 11404 7509 7510
f 7528 11416 11417
f 11400 2079 1853
f 11415 1918 2078
f 11412 11409 103
f 11412 103 11411
f 11412 96 11408
f 11412 11411 96
f 11412 11408 11414
f 11412 11414 11413
f 11412 11413 11409
f 11411 103 110
f 11397 11392 11394
f 90 92 11383
f 11383 92 11389
f 92 107 11389
f 11388 100 11385
f 11388 106 100
f 11385 99 11384
f 11385 100 99
f 11384 98 4814
f 11384 99 98
f 11397 11394 11396
f 11397 11396 11392
f 11382 90 11383
f 11396 11394 11379
f 11396 11380 11392
f 11396 11379 11380
f 1874 11374 11395
f 1874 1872 11374
f 11395 11375 11393
f 11395 11374 11375
f 11393 11379 11394
f 11393 11375 11379
f 11392 11380 11391
f 11380 11377 11391
f 7512 11402 11403
f 11404 11392 11391
f 11404 11394 11392
f 11404 11393 11394
f 4812 7507 11390
f 11390 7507 11391
f 7507 7508 11391
f 11393 1865 11395
f 11393 1861 1865
f 7510 7512 11403
f 11395 1865 1874
f 7512 7514 11402
f 11358 4832 4834
f 1854 11401 1852
f 11401 11400 1852
f 1852 11400 1853
f 11399 11389 107
f 11399 106 11388
f 11399 11398 106
f 11399 107 11398
f 11399 11388 11389
f 11398 107 106
f 1973 91 11382
f 91 90 11382
f 11316 2006 2005
f 11321 11316 2005
f 11321 7574 11319
f 11321 11319 11316
f 11321 7576 7574
f 11319 11318 11316
f 11319 7572 11315
f 11319 11315 11320
f 11319 11320 11318
f 11319 7574 7572
f 11316 11313 1996
f 11316 1996 2007
f 11316 2007 2006
f 11322 11300 11304
f 11316 11318 11317
f 11316 11317 11313
f 7586 7584 11301
f 7584 7582 11301
f 7582 7580 11301
f 11301 7580 11302
f 11300 2000 11299
f 11300 2004 2000
f 7572 7571 11314
f 7572 11314 11315
f 11299 2000 1991
f 11307 11306 2062
f 11326 11312 11307
f 11326 11311 11312
f 11326 11308 11311
f 7568 7570 11324
f 7570 7569 11324
f 11324 7569 11325
f 7579 7581 11308
f 7581 7583 11309
f 7581 11309 11308
f 11323 2050 2030
f 7583 7585 11309
f 11313 1997 1996
f 2062 11306 2052
f 11306 1877 2052
f 11322 11321 2005
f 11322 11302 7580
f 11322 2004 11300
f 11322 7576 11321
f 11322 2005 2004
f 11322 7580 7578
f 11322 7578 7576
f 11322 11305 11302
f 11322 11304 11305
f 11303 7594 7592
f 11297 11298 1887
f 1887 11298 1875
f 11303 11291 7594
f 11303 7590 11302
f 11303 1980 11288
f 11303 11300 1987
f 11303 1987 1983
f 11303 1983 1980
f 11303 11302 11305
f 11303 11305 11304
f 11303 11304 11300
f 1885 11297 1887
f 11303 7592 7590
f 11303 11290 11291
f 11303 11289 11290
f 11303 11288 11289
f 4809 7596 11292
f 11292 7596 11291
f 7596 7594 11291
f 11288 1978 11287
f 11288 1980 1978
f 7590 7588 11302
f 11287 1978 1975
f 11310 11296 11297
f 11310 11308 7589
f 11310 7593 11294
f 11310 1879 11307
f 11310 11297 1885
f 11310 7589 7591
f 11310 7591 7593
f 11310 11307 11312
f 11310 11312 11311
f 11310 11311 11308
f 11310 1885 1883
f 11310 1883 1879
f 11326 2062 2061
f 11310 11295 11296
f 11310 11294 11295
f 7585 7587 11309
f 11309 7587 11308
f 7587 7589 11308
f 11307 1878 11306
f 11307 1879 1878
f 7593 7595 11294
f 11306 1878 1877
f 7595 11293 11294
f 7595 4808 11293
f 11345 2103 2102
f 11348 11350 11349
f 11348 11349 11343
f 11348 4820 4819
f 11348 4819 4818
f 11347 2103 11346
f 11347 11346 4820
f 11347 2104 2103
f 11346 2103 11345
f 11346 11345 4820
f 11345 2102 11339
f 11345 11333 4822
f 11348 11342 11350
f 11345 4822 4821
f 11345 4821 4820
f 11345 11335 11333
f 11345 11337 11335
f 11345 11339 11337
f 1856 2094 11344
f 11344 2094 11343
f 2094 2095 11343
f 11342 4818 11341
f 11341 4818 4817
f 2102 2092 11339
f 11334 4831 4824
f 11355 1947 11354
f 11355 11352 4829
f 11355 4829 4832
f 11355 11354 11357
f 11355 11357 11356
f 11355 11356 11352
f 11355 1952 1951
f 11355 1951 1947
f 1919 1943 11340
f 1943 1954 11340
f 11334 4830 4831
f 2092 1920 11339
f 1947 1946 11353
f 1947 11353 11354
f 4829 11352 4828
f 11352 11351 4828
f 4828 11351 4826
f 11351 4827 4826
f 11348 2104 11347
f 11348 11343 2095
f 11348 4818 11342
f 11348 11347 4820
f 11348 2095 2104
f 11328 11323 11329
f 11314 11324 11325
f 7571 7568 11324
f 11331 11327 11328
f 11331 11325 7569
f 11331 7573 11327
f 11331 11328 11330
f 11331 7569 7573
f 11331 11330 11332
f 11331 11332 11325
f 11328 11327 2060
f 11328 2050 11323
f 11314 7571 11324
f 11328 11329 11330
f 11328 2060 2059
f 11328 2059 2050
f 11327 7577 11326
f 11327 11326 2061
f 11327 7573 7575
f 11327 7575 7577
f 11327 2061 2060
f 11326 7579 11308
f 11326 11307 2062
f 11326 7577 7579
f 4824 4815 11333
f 4822 11333 4823
f 11333 4815 4823
f 1919 11340 1920
f 11340 11338 11339
f 11340 11339 1920
f 11338 11336 11337
f 11338 11337 11339
f 11336 11334 11335
f 11336 11335 11337
f 11334 4824 11333
f 11334 11333 11335
f 11418 11415 2078
f 1997 11313 11323
f 1997 11323 2030
f 11313 11317 11329
f 11313 11329 11323
f 11317 11318 11330
f 11317 11330 11329
f 11318 11320 11332
f 11318 11332 11330
f 11320 11315 11325
f 11320 11325 11332
f 11315 11314 11325
f 11496 70 11495
f 11484 1464 11500
f 1464 1467 11500
f 11499 11495 84
f 11499 85 11494
f 11499 84 11498
f 11499 11498 85
f 11499 11494 11495
f 11498 84 85
f 1574 69 11497
f 69 68 11497
f 11497 68 11496
f 68 70 11496
f 11485 11500 11501
f 70 84 11495
f 11494 77 11493
f 11494 85 77
f 11493 76 11492
f 11493 77 76
f 11492 78 4934
f 11492 76 78
f 11489 11487 7411
f 11489 11488 1454
f 11489 1458 11485
f 11489 7413 11488
f 1568 11506 1567
f 11510 11509 11512
f 11510 11512 11511
f 11510 11511 11507
f 11510 7414 7412
f 4934 7416 11492
f 11492 7416 11493
f 7412 4925 11508
f 7412 11508 11509
f 11496 1572 11497
f 11497 1572 1574
f 11507 11506 1568
f 11489 7411 7413
f 4915 11486 11505
f 4915 11505 4916
f 11486 11487 11504
f 11486 11504 11505
f 11487 11490 11503
f 11487 11503 11504
f 11490 11491 11503
f 11491 11485 11501
f 11491 11501 11502
f 11491 11502 11503
f 11485 11484 11500
f 11465 1575 11464
f 11483 11469 11470
f 11483 11465 11469
f 11482 81 88
f 11482 88 87
f 11482 87 74
f 7393 7391 11466
f 11466 7391 11467
f 7391 81 11467
f 7391 7389 81
f 7389 82 79
f 7389 79 81
f 11483 11470 11467
f 11465 74 1575
f 11464 1575 1498
f 1575 74 1576
f 74 71 1576
f 1576 71 73
f 11481 11463 11480
f 11481 11480 11462
f 11481 11462 11463
f 11480 11463 11478
f 11480 11476 11462
f 11480 11478 11476
f 4915 7411 11486
f 11489 11485 11491
f 11489 11491 11490
f 11489 11490 11487
f 11489 1454 1458
f 11488 7415 11475
f 11488 11477 1450
f 11488 7413 7415
f 11488 1450 1454
f 11488 11478 11477
f 11488 11476 11478
f 11488 11475 11476
f 11510 1568 1570
f 11486 7411 11487
f 7415 11474 11475
f 7415 4936 11474
f 11485 1458 11484
f 11484 1458 1464
f 11477 11479 1450
f 1450 11479 1448
f 11483 11467 81
f 11483 81 11482
f 11483 74 11465
f 11483 11482 74
f 11529 11514 11517
f 4928 11526 4927
f 11526 11527 4927
f 4927 11527 4926
f 11527 4924 4926
f 1369 11531 11515
f 1369 11515 1366
f 11531 11530 11518
f 11531 11518 11515
f 11530 11529 11517
f 11530 11517 11518
f 11529 11528 11514
f 1474 1473 11522
f 11528 4923 4914
f 11528 4914 11514
f 4924 11527 11508
f 4924 11508 4925
f 11527 11526 11508
f 11526 11525 11509
f 11526 11509 11508
f 11525 11524 11511
f 11525 11512 11509
f 11525 11511 11512
f 11524 11523 11507
f 11532 11526 4928
f 11536 4932 4929
f 11535 1479 11534
f 11535 11534 4933
f 11535 1480 1479
f 11535 4933 4932
f 11534 1479 11533
f 11534 11533 4933
f 11533 11532 4931
f 11533 1479 11532
f 11533 4931 4933
f 11532 1474 11523
f 11524 11507 11511
f 11532 1479 1478
f 11532 1478 1474
f 11532 4928 4931
f 11532 11525 11526
f 11532 11524 11525
f 11532 11523 11524
f 1369 1470 11531
f 1470 1481 11531
f 11528 4929 4930
f 11528 4930 4923
f 1474 11522 11523
f 11514 4914 4922
f 11516 11518 11517
f 11516 11517 11514
f 11516 1601 1600
f 1467 1592 11500
f 11500 1592 11501
f 1592 1593 11501
f 11504 4917 11505
f 11505 4917 4916
f 1600 1590 11515
f 1590 1366 11515
f 4921 11514 4922
f 11516 11515 11518
f 11513 11493 7416
f 11513 1572 11496
f 11513 11510 1570
f 11513 7414 11510
f 11513 1570 1572
f 11513 7416 7414
f 11513 11494 11493
f 11513 11495 11494
f 11513 11496 11495
f 11510 7412 11509
f 11510 11507 1568
f 11521 11502 11501
f 11523 11522 11506
f 11523 11506 11507
f 11522 1473 1567
f 11522 1567 11506
f 11521 11520 4919
f 11521 11501 1593
f 11521 4917 11504
f 11521 1602 11520
f 11521 4919 4918
f 11521 4918 4917
f 11521 1593 1602
f 1452 11479 11457
f 11521 11503 11502
f 11521 11504 11503
f 11520 1601 11519
f 11520 11519 4919
f 11520 1602 1601
f 11519 11516 4919
f 11519 1601 11516
f 11516 1600 11515
f 11516 11514 4921
f 11516 4921 4920
f 11516 4920 4919
f 11417 11416 11427
f 11436 1605 1469
f 11435 1387 1604
f 1918 11415 1917
f 11415 11419 11425
f 11415 11425 1917
f 11419 11420 11431
f 11419 11431 11425
f 11420 11422 11432
f 11420 11432 11431
f 11422 11417 11434
f 11422 11434 11432
f 7406 11437 11438
f 11417 11427 11434
f 11416 7532 11426
f 11416 11426 11427
f 7532 7531 11426
f 11433 11429 11430
f 11433 11427 7529
f 11433 7527 11429
f 11433 11430 11432
f 11433 7529 7527
f 11433 11432 11434
f 11433 11434 11427
f 11442 1604 1603
f 11448 11449 11441
f 11447 11442 1612
f 11447 7404 11445
f 11447 11445 11442
f 11447 7402 7404
f 11445 11444 11442
f 11445 7406 11438
f 11445 11438 11446
f 11445 11446 11444
f 11445 7404 7406
f 11442 11435 1604
f 11430 11429 1941
f 11442 1603 1613
f 11442 1613 1612
f 11442 11444 11443
f 11442 11443 11435
f 7392 7394 11440
f 7394 7396 11440
f 7396 7398 11440
f 11440 7398 11441
f 11439 1605 11436
f 11439 1606 1605
f 7406 7408 11437
f 11424 11406 11403
f 7517 7515 11410
f 11408 11407 1935
f 1935 11407 1933
f 11407 1936 1933
f 11424 11423 2086
f 11424 11403 7520
f 11424 2080 11401
f 11424 7524 11423
f 11424 2086 2080
f 11424 7520 7522
f 11424 7522 7524
f 11425 1931 1917
f 11424 11405 11406
f 11424 11401 11405
f 11423 11418 2086
f 11423 7526 11421
f 11423 11421 11418
f 11423 7524 7526
f 11421 11420 11418
f 11421 7528 11417
f 11421 11417 11422
f 11421 11422 11420
f 11421 7526 7528
f 11428 11408 1935
f 11430 1931 11425
f 11430 11425 11431
f 11430 11431 11432
f 11430 1941 1932
f 11430 1932 1931
f 11429 7523 11428
f 11429 11428 1942
f 11429 7527 7525
f 11429 7525 7523
f 11429 1942 1941
f 11428 7521 11409
f 11448 11450 11449
f 11428 7523 7521
f 11428 1935 1942
f 11428 11414 11408
f 11428 11413 11414
f 11428 11409 11413
f 7531 7530 11426
f 7530 7529 11426
f 11426 7529 11427
f 7521 7519 11409
f 7519 7517 11410
f 7519 11410 11409
f 11468 7401 7399
f 11471 7401 11468
f 11471 11468 1504
f 11471 1504 1503
f 11471 7405 7403
f 11471 7403 7401
f 11468 7399 11467
f 11468 11465 1497
f 11468 1497 1504
f 11468 11467 11470
f 11468 11470 11469
f 11468 11469 11465
f 11472 11456 11455
f 7410 7409 11451
f 7409 7407 11451
f 11451 7407 11452
f 7399 7397 11467
f 7397 7395 11466
f 7397 11466 11467
f 11456 1493 1388
f 7395 7393 11466
f 11465 11464 1497
f 1497 11464 1495
f 11464 1498 1495
f 11473 11471 11472
f 1452 1448 11479
f 11457 11477 11458
f 11457 11479 11477
f 11458 11478 11463
f 11458 11477 11478
f 11462 11476 11459
f 11476 11475 11459
f 11459 11475 11460
f 11475 11474 11460
f 11460 11474 4935
f 11474 4936 4935
f 11461 11459 7386
f 11473 11452 7407
f 11473 7405 11471
f 11473 11472 11454
f 11473 7407 7405
f 11473 11453 11452
f 11473 11454 11453
f 11472 1493 11456
f 11472 11471 1503
f 11472 1503 1494
f 11472 1494 1493
f 11472 11455 11454
f 11438 11437 11451
f 1468 11436 1469
f 1387 11435 11456
f 1387 11456 1388
f 11435 11443 11455
f 11435 11455 11456
f 11443 11444 11454
f 11443 11454 11455
f 11444 11446 11453
f 11444 11453 11454
f 11446 11438 11452
f 11446 11452 11453
f 11439 11436 1468
f 11438 11451 11452
f 11437 7410 11451
f 11437 7408 7410
f 11448 11447 1612
f 11448 11441 7398
f 11448 1606 11439
f 11448 7402 11447
f 11448 1612 1606
f 11448 7398 7400
f 11448 7400 7402
f 11448 11439 11450
f 11461 11449 11450
f 11461 7388 11441
f 11461 1456 11458
f 11461 11439 1466
f 11461 7386 7387
f 11461 7387 7388
f 11461 11458 11463
f 11461 11463 11462
f 11461 11462 11459
f 11461 1466 1460
f 11461 1460 1456
f 11461 11450 11439
f 11795 11742 11734
f 11461 11441 11449
f 4935 7385 11460
f 11460 7385 11459
f 7385 7386 11459
f 11458 1453 11457
f 11458 1456 1453
f 7388 7390 11441
f 11457 1453 1452
f 7390 11440 11441
f 7390 7392 11440
f 1466 11439 1468
f 12157 12154 12153
f 12162 5092 12158
f 12162 5094 5092
f 12161 12157 12156
f 12161 12156 12160
f 12160 12156 12159
f 12159 12156 12155
f 12159 12155 1014
f 12159 1014 1018
f 12158 12154 12157
f 12158 5090 12154
f 12158 5092 5090
f 12157 12152 12156
f 12162 12158 12157
f 12157 12153 12152
f 12156 12152 12155
f 12155 1010 1014
f 12155 12151 1010
f 12155 12152 12151
f 12154 12149 12153
f 12154 5088 12150
f 12154 5090 5088
f 12154 12150 12149
f 12153 12148 12152
f 12153 12149 12148
f 12167 12165 12166
f 12170 972 12128
f 12170 12128 12130
f 972 973 12128
f 12169 12126 5096
f 12169 12161 12167
f 12169 12162 12161
f 12169 5094 12162
f 12169 12167 12168
f 12169 5096 5094
f 12169 12168 12126
f 12167 12160 12165
f 12152 12147 12151
f 12167 12161 12160
f 12167 12166 12168
f 12165 12159 12163
f 12165 12163 12164
f 12165 12160 12159
f 12165 12164 12166
f 12163 12159 1018
f 12163 1018 985
f 12163 985 984
f 12163 984 12164
f 12162 12157 12161
f 12138 12133 12131
f 12142 5082 12138
f 12142 12137 12141
f 12142 5084 5082
f 12141 12137 12136
f 12141 12136 12140
f 12140 12136 12135
f 12140 12135 12139
f 12139 12135 994
f 12139 994 998
f 12138 12131 12137
f 12138 5080 12133
f 12142 12138 12137
f 12138 5082 5080
f 12137 12131 12129
f 12137 12129 12136
f 12136 12127 12135
f 12136 12129 12127
f 12135 12127 990
f 12135 990 994
f 12133 12132 12131
f 12133 5069 12134
f 12133 12134 12132
f 12133 5080 5069
f 12147 12143 1002
f 12152 12148 12147
f 12151 12147 1007
f 12151 1007 1010
f 12150 5086 12146
f 12150 5088 5086
f 12150 12146 12149
f 12149 12146 12145
f 12149 12145 12144
f 12149 12144 12148
f 12148 12144 12143
f 12148 12143 12147
f 12171 12130 12132
f 12147 1002 1007
f 12146 5084 12142
f 12146 12142 12141
f 12146 5086 5084
f 12146 12141 12145
f 12145 12141 12140
f 12145 12140 12144
f 12144 12139 12143
f 12144 12140 12139
f 12143 12139 998
f 12143 998 1002
f 12190 1082 12189
f 12192 5076 12186
f 12192 12191 5074
f 12192 1073 1083
f 12192 12186 12194
f 12192 12194 12193
f 12192 12193 12187
f 12192 5074 5075
f 12192 5075 5076
f 12191 1082 12190
f 12191 12190 5074
f 12191 1083 1082
f 12192 12187 1073
f 12190 12189 5074
f 12189 1081 12170
f 12189 12173 5071
f 12189 1082 1081
f 12189 5071 5073
f 12189 5073 5074
f 12189 12172 12173
f 12189 12171 12172
f 12189 12170 12171
f 1074 1072 12188
f 12188 1072 12187
f 12199 12180 12177
f 12194 12186 12203
f 12194 12203 12204
f 12186 12185 12202
f 12186 12202 12203
f 12185 5078 12202
f 12185 5077 5078
f 12199 12177 12198
f 12199 12196 12175
f 12199 12198 12201
f 12199 12201 12200
f 12199 12200 12196
f 1072 1073 12187
f 12199 12179 12180
f 12199 12175 12179
f 1257 12197 12176
f 1257 1302 12197
f 12176 12198 12177
f 12176 12197 12198
f 12175 12196 12174
f 12174 12195 5106
f 12174 12196 12195
f 5106 12195 5107
f 12192 1083 12191
f 12126 5100 5098
f 12181 1267 1266
f 12178 1258 12177
f 12178 12175 5104
f 12178 5104 5103
f 12178 12177 12180
f 12178 12180 12179
f 12178 12179 12175
f 12178 1266 1258
f 984 1254 12164
f 1254 1269 12164
f 12126 5099 5100
f 12181 5103 5102
f 1258 1257 12176
f 1258 12176 12177
f 12175 12174 5104
f 5104 12174 5105
f 12174 5106 5105
f 5068 12173 5069
f 12173 12172 12134
f 12173 12134 5069
f 12172 12171 12132
f 12172 12132 12134
f 12171 12170 12130
f 12184 1269 1268
f 12186 5076 12185
f 12185 5076 5077
f 1081 1068 12170
f 1068 972 12170
f 5071 12173 5072
f 12173 5068 5072
f 12184 12164 1269
f 12184 1268 12183
f 12184 12183 5101
f 12184 5099 12126
f 12184 5101 5099
f 12131 12130 12129
f 12184 12166 12164
f 12184 12168 12166
f 12184 12126 12168
f 12183 12182 5102
f 12183 1267 12182
f 12183 5102 5101
f 12183 1268 1267
f 12182 1267 12181
f 12182 12181 5102
f 12181 1266 12178
f 12181 12178 5103
f 12079 12072 12078
f 12084 12078 12077
f 12084 12077 12083
f 12083 12077 12076
f 12083 12076 12082
f 12082 12075 12081
f 12082 12076 12075
f 12081 12074 12080
f 12081 12075 12074
f 12080 12074 1016
f 12080 1016 1012
f 12079 12073 12072
f 12079 6385 12073
f 12085 12078 12084
f 12079 6380 6385
f 12078 12071 12077
f 12078 12072 12071
f 12077 12071 12070
f 12077 12070 12076
f 12076 12070 12069
f 12076 12069 12075
f 12075 12068 12074
f 12075 12069 12068
f 12074 12068 1020
f 12074 1020 1016
f 12090 12083 12089
f 12094 12088 12087
f 12094 12087 12093
f 12093 12087 12086
f 12093 12086 12092
f 12092 12086 1005
f 12092 1005 1004
f 12091 6375 12085
f 12091 12084 12090
f 12091 6370 6375
f 12091 12085 12084
f 12090 12084 12083
f 12073 6385 12045
f 12089 12083 12088
f 12088 12082 12081
f 12088 12081 12087
f 12088 12083 12082
f 12087 12081 12086
f 12086 12080 1012
f 12086 1012 1005
f 12086 12081 12080
f 12085 12079 12078
f 12085 6380 12079
f 12085 6375 6380
f 12059 1067 1079
f 12065 12038 12042
f 12064 12059 1077
f 12064 6319 12062
f 12064 12062 12059
f 12064 6322 6319
f 12062 12061 12059
f 12062 6318 12058
f 12062 12058 12063
f 12062 12063 12061
f 12062 6319 6318
f 12059 12056 1067
f 12065 12042 12043
f 12059 1079 1078
f 12059 1078 1077
f 12059 12061 12060
f 12059 12060 12056
f 6328 6327 12039
f 6327 6326 12039
f 6326 6325 12039
f 12039 6325 12040
f 12038 1071 12037
f 12038 1076 1071
f 6318 6320 12057
f 12068 12044 1021
f 12073 12046 12072
f 12073 12045 12046
f 12072 12055 12071
f 12072 12046 12055
f 12071 12051 12070
f 12071 12055 12051
f 12070 12050 12069
f 12070 12051 12050
f 12069 12044 12068
f 12069 12050 12044
f 12068 1021 1020
f 12095 12089 12088
f 6321 6338 12067
f 12066 988 968
f 6385 6390 12045
f 12065 12064 1077
f 12065 12040 6325
f 12065 1076 12038
f 12065 6322 12064
f 12065 1077 1076
f 12065 6325 6324
f 12065 6324 6322
f 12065 12043 12040
f 12120 12117 12119
f 12123 12114 12121
f 12123 12122 12124
f 12123 12124 12067
f 12123 12121 12122
f 12123 12115 12114
f 12121 12113 12112
f 12121 12119 12122
f 12121 12112 12120
f 12121 12120 12119
f 12121 12114 12113
f 12120 12112 12117
f 12125 12067 6338
f 12117 12116 12066
f 12117 12112 12111
f 12117 12111 12116
f 12117 12066 12118
f 12117 12118 12119
f 12116 988 12066
f 12116 12110 992
f 12116 12111 12110
f 12116 992 988
f 12115 12109 12108
f 12115 6354 12109
f 12060 12119 12118
f 12131 12132 12130
f 12129 12128 12127
f 12129 12130 12128
f 12127 973 990
f 12127 12128 973
f 5098 5096 12126
f 967 12056 12066
f 967 12066 968
f 12056 12060 12118
f 12056 12118 12066
f 12060 12061 12119
f 12115 6338 6349
f 12061 12063 12122
f 12061 12122 12119
f 12063 12058 12124
f 12063 12124 12122
f 12058 12057 12067
f 12058 12067 12124
f 12057 6321 12067
f 12057 6320 6321
f 12125 12123 12067
f 12125 12115 12123
f 12125 6338 12115
f 12099 12092 12098
f 12104 12098 1000
f 12104 1000 996
f 12103 12097 12102
f 12103 6365 12097
f 12103 6359 6365
f 12102 12097 12096
f 12102 12096 12095
f 12102 12095 12101
f 12101 12095 12094
f 12101 12094 12100
f 12100 12094 12099
f 12105 12099 12098
f 12099 12094 12093
f 12099 12093 12092
f 12098 12092 1004
f 12098 1004 1000
f 12097 12091 12096
f 12097 6365 6370
f 12097 6370 12091
f 12096 12089 12095
f 12096 12091 12090
f 12096 12090 12089
f 12095 12088 12094
f 12110 996 992
f 12115 6349 6354
f 12115 12108 12114
f 12114 12108 12107
f 12114 12107 12113
f 12113 12107 12106
f 12113 12106 12112
f 12112 12105 12111
f 12112 12106 12105
f 12111 12104 12110
f 12111 12105 12104
f 12110 12104 996
f 12193 12204 12205
f 12109 12102 12108
f 12109 12103 12102
f 12109 6359 12103
f 12109 6354 6359
f 12108 12101 12107
f 12108 12102 12101
f 12107 12101 12106
f 12106 12099 12105
f 12106 12101 12100
f 12106 12100 12099
f 12105 12098 12104
f 12288 12281 12287
f 12293 12287 12286
f 12292 12285 12291
f 12292 12286 12285
f 12291 12285 1052
f 12291 1052 1051
f 12290 12283 12289
f 12290 6479 12284
f 12290 12284 12283
f 12290 6484 6479
f 12289 12283 12288
f 12288 12282 12281
f 12288 12283 12282
f 12293 12286 12292
f 12287 12281 12280
f 12287 12280 12286
f 12286 12279 12285
f 12286 12280 12279
f 12285 12279 1059
f 12285 1059 1052
f 12284 12278 12277
f 12284 12277 12283
f 12284 6474 12278
f 12284 6479 6474
f 12283 12276 12282
f 12298 12292 12291
f 12303 1047 1040
f 12302 12296 12295
f 12302 6495 12296
f 12302 12295 12301
f 12301 12294 12300
f 12301 12295 12294
f 12300 12293 12299
f 12300 12294 12293
f 12299 12292 12298
f 12299 12293 12292
f 12298 12291 12297
f 12283 12277 12276
f 12297 12291 1051
f 12297 1051 1047
f 12296 6484 12290
f 12296 6495 6489
f 12296 6489 6484
f 12296 12290 12289
f 12296 12289 12295
f 12295 12289 12288
f 12295 12288 12294
f 12294 12287 12293
f 12294 12288 12287
f 12270 12268 12265
f 12271 11 6447
f 12271 1088 4
f 12271 6444 12270
f 12271 1096 1088
f 12271 6447 6446
f 12271 6446 6444
f 12271 19 11
f 12271 18 19
f 12271 4 18
f 12270 12265 1096
f 12270 6441 12268
f 12271 12270 1096
f 12270 6444 6441
f 12268 12267 12265
f 12268 6440 12264
f 12268 12264 12269
f 12268 12269 12267
f 12268 6441 6440
f 12265 12262 1085
f 12265 1085 1084
f 12265 1084 1097
f 12265 1097 1096
f 12265 12267 12266
f 12278 6467 12249
f 12282 12275 12281
f 12282 12276 12275
f 12281 12275 12274
f 12281 12274 12280
f 12280 12273 12279
f 12280 12274 12273
f 12279 12273 1060
f 12279 1060 1059
f 12278 6474 6467
f 12278 12250 12277
f 12278 12249 12250
f 12303 12297 1047
f 12277 12261 12276
f 12277 12250 12261
f 12276 12261 12258
f 12276 12258 12275
f 12275 12257 12274
f 12275 12258 12257
f 12274 12248 12273
f 12274 12257 12248
f 12273 1064 1060
f 12273 12248 1064
f 12272 1027 976
f 12328 12272 12329
f 12334 12333 12335
f 12334 12332 12333
f 12332 12331 12330
f 12332 12323 12331
f 12332 12330 12333
f 12332 12324 12323
f 12331 12323 12328
f 12331 12328 12330
f 12328 12322 12321
f 12328 12321 12327
f 12328 12327 12272
f 12334 12325 12324
f 12328 12329 12330
f 12328 12323 12322
f 12327 12321 1031
f 12327 1027 12272
f 12327 1031 1027
f 12326 6515 6510
f 12326 12319 12325
f 12326 6510 12320
f 12326 12320 12319
f 12325 12319 12324
f 12324 12317 12323
f 975 12272 976
f 12263 12337 12335
f 12263 6442 12337
f 12264 12335 12333
f 12264 12263 12335
f 12269 12264 12333
f 12267 12333 12330
f 12267 12269 12333
f 12266 12330 12329
f 12266 12267 12330
f 12262 12329 12272
f 12262 12266 12329
f 12324 12319 12318
f 975 12262 12272
f 6442 6443 12337
f 12336 12325 12334
f 12336 6443 6471
f 12336 6471 6515
f 12336 6515 12326
f 12336 12326 12325
f 12336 12334 12335
f 12336 12335 12337
f 12336 12337 6443
f 12334 12324 12332
f 12308 12301 12307
f 12314 6505 6500
f 12313 12307 12306
f 12313 12306 12312
f 12312 12305 12311
f 12312 12306 12305
f 12311 12304 12310
f 12311 12305 12304
f 12310 12303 12309
f 12310 12304 12303
f 12309 12303 1040
f 12309 1040 1039
f 12314 6500 12308
f 12308 12302 12301
f 12308 6495 12302
f 12308 6500 6495
f 12307 12300 12306
f 12307 12301 12300
f 12306 12299 12305
f 12306 12300 12299
f 12305 12298 12304
f 12305 12299 12298
f 12304 12297 12303
f 12304 12298 12297
f 12319 12313 12318
f 12324 12318 12317
f 12323 12317 12322
f 12322 12316 12315
f 12322 12317 12316
f 12322 12315 12321
f 12321 12315 1035
f 12321 1035 1031
f 12320 12314 12313
f 12320 6505 12314
f 12320 6510 6505
f 12320 12313 12319
f 12265 12266 12262
f 12318 12313 12312
f 12318 12312 12311
f 12318 12311 12317
f 12317 12311 12310
f 12317 12310 12316
f 12316 12310 12315
f 12315 12309 1039
f 12315 12310 12309
f 12315 1039 1035
f 12314 12307 12313
f 12314 12308 12307
f 12226 12227 12214
f 12230 12217 5066
f 12217 5062 5066
f 12229 12214 12227
f 12229 12225 12213
f 12229 12227 12225
f 12229 12213 12214
f 1310 1312 12208
f 1312 12228 12208
f 12208 12228 12209
f 12228 12226 12209
f 12209 12226 12214
f 12218 12217 12230
f 12213 12224 12210
f 12213 12225 12224
f 12210 12223 12211
f 12210 12224 12223
f 12211 5123 5121
f 12211 12223 5123
f 12222 12203 6406
f 12222 1249 12206
f 12222 12219 1246
f 12222 6404 12219
f 12222 1246 1249
f 12236 12234 12220
f 12239 1295 1294
f 6468 6466 12224
f 12238 1294 1270
f 6466 12223 12224
f 6466 5123 12223
f 1297 12226 1298
f 12226 12228 1298
f 1298 12228 1312
f 12237 12234 12236
f 12237 12236 12232
f 12237 12232 12234
f 12222 6406 6404
f 12236 12221 12232
f 12236 12220 12221
f 1245 12215 12235
f 1245 1241 12215
f 12235 12216 12233
f 12235 12215 12216
f 12233 12220 12234
f 12233 12216 12220
f 12232 12221 12231
f 12221 12218 12231
f 12231 12218 12230
f 6409 5107 12195
f 12212 12214 12213
f 12212 12213 12210
f 12212 1301 1306
f 12212 1306 1308
f 12212 12201 12198
f 12212 12200 12201
f 12212 12196 12200
f 5121 6407 12211
f 12211 6407 12210
f 6407 6408 12210
f 6409 12195 12196
f 12212 12209 12214
f 12209 1308 12208
f 12208 1308 1310
f 12198 12197 1301
f 1301 12197 1302
f 1074 12188 12207
f 1074 12207 1253
f 12188 12187 12206
f 12188 12206 12207
f 12187 12193 12205
f 12187 12205 12206
f 12193 12194 12204
f 12202 6406 12203
f 12222 12204 12203
f 12222 12205 12204
f 12222 12206 12205
f 12219 6402 12218
f 12219 12216 1243
f 12219 1243 1246
f 12219 12218 12221
f 12219 12221 12220
f 12219 12220 12216
f 12219 6404 6402
f 5078 6406 12202
f 12239 1294 12238
f 6402 5062 12217
f 6402 12217 12218
f 12206 1249 12207
f 12207 1249 1253
f 12216 12215 1243
f 1243 12215 1241
f 12212 12210 6408
f 12212 6409 12196
f 12212 1308 12209
f 12212 12198 1301
f 12212 6408 6409
f 12252 12251 1293
f 12259 6460 6459
f 12256 12252 1291
f 12256 1289 12248
f 12256 12255 12252
f 12256 12248 12257
f 12256 12257 12258
f 12256 1291 1290
f 12256 1290 1289
f 12255 12254 12252
f 12254 12253 12252
f 12253 12251 12252
f 12259 6461 6460
f 12252 1293 1292
f 12252 1292 1291
f 12251 6459 12244
f 12251 12239 1293
f 12251 12242 12239
f 12251 12245 12242
f 12251 12244 12245
f 6467 6465 12249
f 6465 6464 12249
f 12249 6464 12250
f 6459 6457 12244
f 12260 12255 12256
f 12 6449 10
f 6449 6448 10
f 6448 6447 10
f 10 6447 11
f 4 1087 2
f 4 1088 1087
f 6440 6442 12263
f 6440 12263 12264
f 2 1087 3
f 12262 975 1085
f 12260 12250 6464
f 12248 1289 1064
f 12260 12256 12258
f 12260 6464 12259
f 12260 12259 12255
f 12260 12258 12261
f 12260 12261 12250
f 12259 12253 12254
f 12259 12251 12253
f 12259 12254 12255
f 12259 6459 12251
f 12259 6464 6462
f 12259 6462 6461
f 12243 12244 12240
f 12233 1248 12235
f 12235 1248 1245
f 8 5 1251
f 1251 5 7
f 12243 12240 6463
f 12243 6469 12241
f 12243 12241 12242
f 12243 6463 6470
f 12243 6470 6469
f 12243 12242 12245
f 12243 12245 12244
f 6452 15 13
f 12241 6468 12224
f 12241 1295 12239
f 12241 12226 1297
f 12241 6469 6468
f 12241 12239 12242
f 12241 1297 1296
f 12241 1296 1295
f 12241 12227 12226
f 12241 12225 12227
f 12241 12224 12225
f 6458 6463 12240
f 12247 12232 12231
f 6457 6456 12240
f 6457 12240 12244
f 6456 6458 12240
f 12239 12238 1293
f 1293 12238 1272
f 12238 1270 1272
f 12247 12231 6454
f 12247 6452 12246
f 12247 1248 12233
f 12247 12246 1248
f 12247 6454 6452
f 6318 12057 12058
f 12247 12234 12232
f 12247 12233 12234
f 12246 6452 13
f 12246 8 1251
f 12246 1251 1248
f 12246 13 22
f 12246 22 21
f 12246 21 8
f 5066 6454 12230
f 12230 6454 12231
f 6452 16 15
f 11874 11870 11869
f 11879 5004 5002
f 11878 11874 11877
f 11877 11874 11873
f 11877 11873 11872
f 11877 11872 11876
f 11876 11872 1176
f 11876 1176 1172
f 11875 5000 11871
f 11875 11870 11874
f 11875 11871 11870
f 11875 5002 5000
f 11874 11869 11873
f 11879 5002 11875
f 11873 11868 11872
f 11873 11869 11868
f 11872 11868 1180
f 11872 1180 1176
f 11871 11854 11870
f 11871 5000 11851
f 11871 11851 11854
f 11870 11855 11869
f 11870 11854 11855
f 11869 11852 11868
f 11869 11855 11852
f 11883 11878 11882
f 11888 1164 1160
f 11887 11883 11882
f 11887 5006 11883
f 11887 5008 5006
f 11887 11882 11886
f 11886 11882 11881
f 11886 11881 11885
f 11885 11881 11880
f 11885 11880 11884
f 11884 11880 1168
f 11884 1168 1164
f 11868 1181 1180
f 11883 11879 11878
f 11883 5004 11879
f 11883 5006 5004
f 11882 11877 11881
f 11882 11878 11877
f 11881 11876 11880
f 11881 11877 11876
f 11880 11876 1172
f 11880 1172 1168
f 11879 11875 11874
f 11879 11874 11878
f 11858 11841 11842
f 11848 1236 1238
f 11860 11859 1229
f 1229 11859 1230
f 11858 11839 1356
f 11858 4990 11837
f 11858 11857 4994
f 11858 1357 11857
f 11858 4994 4993
f 11858 4993 4990
f 11858 1356 1357
f 11858 11842 11839
f 11847 1236 11848
f 11858 11837 11841
f 11857 1360 11856
f 11857 11856 4994
f 11857 1357 1360
f 11856 1360 11853
f 11856 11853 4995
f 11856 4995 4994
f 11853 1354 11852
f 11853 11851 4996
f 11853 4996 4995
f 11853 11852 11855
f 11866 11847 11846
f 11868 11852 1181
f 5016 5014 11867
f 5000 4991 11851
f 11866 11844 6191
f 11866 1236 11847
f 11866 11863 1234
f 11866 6189 11863
f 11866 1234 1236
f 11866 6191 6189
f 11866 11845 11844
f 11866 11846 11845
f 11888 11884 1164
f 11863 6187 11862
f 11863 11860 1229
f 11863 1229 1234
f 11863 11862 11865
f 11863 11865 11864
f 11863 11864 11860
f 11863 6189 6187
f 4987 6191 11843
f 11843 6191 11844
f 6187 5020 11861
f 6187 11861 11862
f 1189 11897 1152
f 1189 1210 11912
f 1210 1221 11912
f 11909 5023 5024
f 11909 5024 5017
f 1214 11908 11907
f 1214 1213 11908
f 5022 11904 5021
f 11904 11903 5021
f 5021 11903 5018
f 11903 5019 5018
f 1189 11912 11897
f 11913 11907 11906
f 11912 11911 11899
f 11912 11899 11897
f 11911 11910 11901
f 11911 11901 11899
f 11910 11909 11867
f 11910 11867 11901
f 11909 5017 5016
f 11909 5016 11867
f 1230 11859 11908
f 1230 11908 1213
f 11859 11860 11907
f 11915 1219 11914
f 11917 1220 11916
f 11917 5023 11909
f 11917 1221 1220
f 11917 11911 11912
f 11917 11910 11911
f 11917 11909 11910
f 11917 5026 5023
f 11916 1219 11915
f 11916 11915 5027
f 11916 1220 1219
f 11916 5027 5026
f 11859 11907 11908
f 11915 11914 5027
f 11914 11913 5025
f 11914 1219 11913
f 11914 5025 5027
f 11913 1214 11907
f 11913 11904 5022
f 11913 1219 1218
f 11913 1218 1214
f 11913 5022 5025
f 11913 11905 11904
f 11913 11906 11905
f 11893 11888 11892
f 11898 11897 11899
f 11896 1152 11897
f 11896 11892 1156
f 11896 1156 1153
f 11896 1153 1152
f 11895 11891 11894
f 11895 5012 11891
f 11894 11889 11893
f 11894 11890 11889
f 11894 11891 11890
f 11893 11889 11888
f 11898 11894 11893
f 11892 11888 1160
f 11892 1160 1156
f 11891 5008 11887
f 11891 11886 11890
f 11891 5012 5010
f 11891 5010 5008
f 11891 11887 11886
f 11890 11886 11889
f 11889 11884 11888
f 11889 11886 11885
f 11889 11885 11884
f 11902 11900 11901
f 11860 11864 11906
f 11860 11906 11907
f 11864 11865 11905
f 11864 11905 11906
f 11865 11862 11904
f 11865 11904 11905
f 11862 11861 11903
f 11862 11903 11904
f 11861 5019 11903
f 11861 5020 5019
f 11902 11867 5014
f 11853 11855 11854
f 11902 11894 11900
f 11902 11895 11894
f 11902 5012 11895
f 11902 5014 5012
f 11902 11901 11867
f 11900 11894 11898
f 11900 11898 11899
f 11900 11899 11901
f 11898 11892 11896
f 11898 11896 11897
f 11898 11893 11892
f 11815 11813 11798
f 11809 1198 1188
f 6110 6109 11819
f 11818 11817 1202
f 1202 11817 1200
f 11817 1203 1200
f 11816 11803 11814
f 11816 11812 11802
f 11816 11814 11812
f 11816 11802 11803
f 1319 1314 11797
f 1314 11815 11797
f 11797 11815 11798
f 6111 11819 11820
f 11798 11813 11803
f 11813 11814 11803
f 11802 11811 11799
f 11802 11812 11811
f 11799 11810 11800
f 11799 11811 11810
f 11800 5035 5033
f 11800 11810 5035
f 1102 11750 1188
f 11750 11752 11809
f 11750 11809 1188
f 11821 6112 11820
f 11825 1198 11809
f 11825 11824 1208
f 11825 1208 1199
f 11825 1199 1198
f 11825 11808 11807
f 11825 11809 11808
f 11824 6113 11821
f 11824 11821 1209
f 11824 1209 1208
f 11824 6116 6115
f 11824 6115 6113
f 11752 11754 11808
f 11821 11818 1202
f 11821 1202 1209
f 11821 11820 11823
f 11821 11823 11822
f 11821 11822 11818
f 11821 6113 6112
f 6118 6119 11804
f 6119 6117 11804
f 11804 6117 11805
f 6112 6111 11820
f 6111 6110 11819
f 1335 11732 1336
f 5033 6179 11800
f 11800 6179 11799
f 6179 6177 11799
f 11798 1320 11797
f 11798 1323 1320
f 6181 6183 11736
f 11797 1320 1319
f 6183 11737 11736
f 6183 6120 11737
f 1333 11735 1335
f 11735 11732 1335
f 11801 11736 11747
f 11796 11789 11795
f 11796 11795 11734
f 11796 11790 11789
f 11796 6160 11790
f 11796 6174 6167
f 11796 6167 6160
f 11796 11733 6174
f 11796 11734 11733
f 11795 11794 11742
f 11795 11789 11788
f 11795 11788 11794
f 11801 6181 11736
f 11752 11808 11809
f 11754 11756 11807
f 11754 11807 11808
f 11756 11758 11806
f 11756 11806 11807
f 11758 11760 11805
f 11758 11805 11806
f 11760 6114 11804
f 11760 11804 11805
f 6114 6118 11804
f 11801 11799 6177
f 11826 11807 11806
f 11801 1323 11798
f 11801 11735 1333
f 11801 6177 6178
f 11801 6178 6181
f 11801 11798 11803
f 11801 11803 11802
f 11801 11802 11799
f 11801 1333 1327
f 11801 1327 1323
f 11801 11748 11735
f 11801 11747 11748
f 11840 11832 11833
f 11845 41 33
f 11844 32 11843
f 11844 33 32
f 11843 34 4987
f 11843 32 34
f 11840 11828 11839
f 11840 11837 11829
f 11840 11839 11842
f 11840 11842 11841
f 11840 11841 11837
f 11840 11833 11828
f 11845 33 11844
f 11840 11829 11832
f 1331 11838 11827
f 1331 1334 11838
f 11827 11839 11828
f 11827 11838 11839
f 11829 11837 11830
f 11830 11836 4998
f 11830 11837 11836
f 4998 11836 4992
f 11835 11820 37
f 11835 37 11834
f 11850 11846 40
f 11853 11854 11851
f 11853 1360 1354
f 1334 1358 11838
f 11838 1358 11839
f 1358 1356 11839
f 11837 4990 11836
f 11836 4990 4992
f 1354 1353 11852
f 1353 1181 11852
f 4996 11851 4997
f 11851 4991 4997
f 11835 30 11818
f 11850 41 11845
f 11850 40 11849
f 11850 11849 41
f 11850 11845 11846
f 11849 40 41
f 1238 25 11848
f 25 24 11848
f 11848 24 11847
f 24 26 11847
f 11847 26 11846
f 26 40 11846
f 6192 11810 11811
f 11831 11828 11833
f 11831 11833 11832
f 11831 11832 11829
f 11831 1317 1321
f 11831 1321 1325
f 11831 11814 11813
f 11831 11812 11814
f 11831 11811 11812
f 4998 6197 11830
f 11830 6197 11829
f 6197 6194 11829
f 11831 6194 6192
f 6192 5035 11810
f 11828 1325 11827
f 11827 1325 1331
f 11813 11815 1317
f 1317 11815 1314
f 11826 11824 11825
f 11826 11805 6117
f 11826 6116 11824
f 11826 11825 11807
f 11826 6117 6116
f 11826 11806 11805
f 6105 38 35
f 11835 11834 30
f 11835 11823 11820
f 11835 11822 11823
f 11835 11818 11822
f 11834 37 44
f 11834 44 43
f 11834 43 30
f 6109 6107 11819
f 11819 6107 11820
f 6107 37 11820
f 6107 6105 37
f 11917 11912 1221
f 6105 35 37
f 11818 1227 11817
f 11818 30 1227
f 11817 1227 1203
f 1227 30 1228
f 30 27 1228
f 1228 27 29
f 11831 11829 6194
f 11831 6192 11811
f 11831 1325 11828
f 11831 11813 1317
f 12015 11999 12000
f 12015 11997 6225
f 12015 6221 12014
f 12015 1231 11995
f 12015 12012 1235
f 12015 1235 1233
f 12015 1233 1231
f 12015 12014 12017
f 12015 12017 12016
f 12015 12016 12012
f 12015 6225 6223
f 12015 6223 6221
f 12015 12000 11997
f 12004 1315 1311
f 12015 11995 11999
f 6229 6227 11996
f 11996 6227 11997
f 6227 6225 11997
f 11995 1232 11994
f 11995 1231 1232
f 6221 6219 12014
f 11994 1232 1215
f 6219 4975 12013
f 6219 12013 12014
f 1235 12012 1237
f 4962 12023 4960
f 12012 12016 12027
f 12012 12027 12028
f 12016 12017 12026
f 12016 12026 12027
f 12017 12014 12026
f 12014 12013 12025
f 12014 12025 12026
f 12013 4974 12024
f 12013 12024 12025
f 12013 4975 4974
f 4962 12007 12023
f 12012 12011 1237
f 12007 12006 12022
f 12007 12022 12023
f 12006 12009 12021
f 12006 12021 12022
f 12009 12010 12020
f 12009 12020 12021
f 12010 12005 12019
f 12010 12019 12020
f 12005 12004 12018
f 12005 12018 12019
f 12004 1311 12018
f 12002 12001 1224
f 1326 11985 1329
f 11985 11984 1329
f 1329 11984 1330
f 12003 12001 12002
f 12003 11979 6237
f 12003 6236 12001
f 12003 12002 11981
f 12003 6237 6236
f 12003 11980 11979
f 12003 11981 11980
f 12002 1211 11983
f 6312 6241 11987
f 12002 1224 1223
f 12002 1223 1211
f 12002 11982 11981
f 12002 11983 11982
f 12001 6233 11998
f 12001 11998 1225
f 12001 1225 1224
f 12001 6236 6235
f 12001 6235 6233
f 11998 6232 11997
f 11998 11995 1226
f 12008 1322 1318
f 1237 12011 1239
f 12008 12006 6308
f 12008 6311 11986
f 12008 1318 12005
f 12008 11985 1326
f 12008 6308 6310
f 12008 6310 6311
f 12008 12005 12010
f 12008 12010 12009
f 12008 12009 12006
f 12008 1326 1322
f 12011 12028 12029
f 12008 11993 11985
f 12008 11992 11993
f 12008 11986 11992
f 4962 6240 12007
f 12007 6240 12006
f 6240 6308 12006
f 12005 1316 12004
f 12005 1318 1316
f 6311 6312 11986
f 12004 1316 1315
f 6312 11987 11986
f 12044 1255 1021
f 12048 12032 12035
f 12047 12030 1263
f 12047 1263 1261
f 12047 1261 1262
f 12047 1262 1260
f 12047 12031 12030
f 12047 12036 12031
f 12047 12035 12036
f 6390 6392 12045
f 12045 6392 12046
f 6342 6339 12032
f 12048 12047 1260
f 6339 6341 12033
f 6339 12033 12032
f 6341 6340 12033
f 12030 1264 1263
f 12041 12025 6335
f 12041 6331 12040
f 12041 1244 12028
f 12041 12038 1250
f 12041 1250 1247
f 12041 1247 1244
f 12041 12040 12043
f 12053 12048 12052
f 12037 1071 1070
f 12056 967 1067
f 12054 12046 6392
f 12054 6392 12053
f 12054 12049 12051
f 12054 12052 12049
f 12054 12053 12052
f 12054 12051 12055
f 12054 12055 12046
f 12053 12032 12048
f 12053 6342 12032
f 12041 12043 12042
f 12053 6392 6391
f 12053 6391 6343
f 12053 6343 6342
f 12052 12048 1260
f 12052 1260 12049
f 12049 1255 12044
f 12049 12044 12050
f 12049 12050 12051
f 12049 1260 1259
f 12049 1259 1255
f 12048 12035 12047
f 12031 1304 12030
f 12034 12031 12036
f 12034 12036 12035
f 12034 12035 12032
f 12034 1307 1305
f 12034 1305 1303
f 12034 12020 12019
f 12034 12021 12020
f 12034 12022 12021
f 6340 6393 12033
f 12033 6393 12032
f 6393 6395 12032
f 12034 6396 6398
f 12031 1303 1304
f 6398 6400 12022
f 12030 1304 1264
f 6400 12023 12022
f 6400 4960 12023
f 1307 12019 1309
f 12019 12018 1309
f 1309 12018 1311
f 1239 12011 12029
f 1239 12029 1240
f 12011 12012 12028
f 6331 6329 12040
f 12041 12042 12038
f 12041 6335 6333
f 12041 6333 6331
f 12041 12026 12025
f 12041 12027 12026
f 12041 12028 12027
f 4974 6337 12024
f 12024 6337 12025
f 6337 6335 12025
f 12028 1242 12029
f 12028 1244 1242
f 11998 1226 1225
f 12029 1242 1240
f 6329 6328 12039
f 6329 12039 12040
f 1250 12038 1252
f 12038 12037 1252
f 1252 12037 1070
f 12034 12032 6395
f 12034 6398 12022
f 12034 1303 12031
f 12034 12019 1307
f 12034 6395 6396
f 11950 1166 1170
f 11955 11949 11948
f 11955 6282 6275
f 11954 11947 11953
f 11954 11948 11947
f 11953 11946 11952
f 11953 11947 11946
f 11952 11945 11951
f 11952 11946 11945
f 11951 11944 11950
f 11951 11945 11944
f 11950 11944 1166
f 11955 6275 11949
f 11949 11942 11948
f 11949 6263 11943
f 11949 6275 6263
f 11949 11943 11942
f 11948 11942 11941
f 11948 11941 11947
f 11947 11940 11946
f 11947 11941 11940
f 11946 11940 11939
f 11946 11939 11945
f 11945 11939 11938
f 11960 11955 11954
f 11965 11959 11958
f 11964 11958 11963
f 11963 11956 11962
f 11963 11958 11957
f 11963 11957 11956
f 11962 11956 1174
f 11962 1174 1178
f 11961 11955 11960
f 11961 6282 11955
f 11961 6296 6289
f 11961 6289 6282
f 11945 11938 11944
f 11960 11954 11953
f 11960 11953 11959
f 11959 11952 11958
f 11959 11953 11952
f 11958 11952 11957
f 11957 11950 11956
f 11957 11952 11951
f 11957 11951 11950
f 11956 11950 1170
f 11956 1170 1174
f 11955 11948 11954
f 11928 11929 11927
f 11934 11924 11922
f 11934 11922 11933
f 11933 11920 11932
f 11933 11922 11920
f 11932 11920 1144
f 11932 1144 1158
f 11930 11929 11928
f 11930 6234 11931
f 11930 11931 11929
f 11930 6250 6234
f 11928 11927 11926
f 11935 11926 11924
f 11926 11925 11924
f 11926 11927 11925
f 11924 11923 11922
f 11924 11925 11923
f 11922 11921 11920
f 11922 11923 11921
f 11920 1145 1144
f 11920 11921 1145
f 6316 6306 11919
f 11918 1148 1147
f 11917 11916 5026
f 11940 11933 11939
f 11944 11938 1162
f 11944 1162 1166
f 11943 6258 11937
f 11943 11937 11942
f 11943 6263 6258
f 11942 11935 11941
f 11942 11937 11936
f 11942 11936 11935
f 11941 11935 11934
f 11941 11934 11940
f 11940 11934 11933
f 11965 11958 11964
f 11939 11932 11938
f 11939 11933 11932
f 11938 11932 1158
f 11938 1158 1162
f 11937 6250 11930
f 11937 11928 11936
f 11937 11930 11928
f 11937 6258 6250
f 11936 11928 11926
f 11936 11926 11935
f 11935 11924 11934
f 11988 1364 1363
f 11990 11989 11988
f 11990 6317 11989
f 11990 11988 1362
f 11990 6245 6317
f 11989 6315 11976
f 11989 11972 11988
f 11989 6317 6315
f 11989 11974 11972
f 11989 11976 11974
f 11988 11918 1352
f 11988 1352 1364
f 11991 1362 1361
f 11988 1363 1362
f 11988 11970 11918
f 11988 11972 11970
f 6241 6243 11987
f 6243 6242 11987
f 6242 6244 11987
f 11987 6244 11986
f 6244 6246 11986
f 11985 1355 11984
f 11985 1361 1355
f 6315 11919 11976
f 6230 6229 11996
f 11998 11997 12000
f 11998 12000 11999
f 11998 11999 11995
f 11998 6233 6232
f 6238 6239 11978
f 6239 6237 11978
f 11978 6237 11979
f 6232 6231 11997
f 6231 6230 11996
f 6231 11996 11997
f 11983 1211 1191
f 6315 6316 11919
f 11995 11994 1226
f 1226 11994 1216
f 11994 1215 1216
f 11991 11990 1362
f 11991 11986 6246
f 11991 1361 11985
f 11991 6245 11990
f 11991 6246 6245
f 11991 11985 11993
f 11991 11993 11992
f 11991 11992 11986
f 11969 11962 11968
f 11975 11973 11974
f 11975 11974 11976
f 11973 11971 11972
f 11973 11964 11971
f 11973 11966 11965
f 11973 11965 11964
f 11973 11972 11974
f 11971 11969 11970
f 11971 11964 11963
f 11971 11963 11969
f 11971 11970 11972
f 11975 11966 11973
f 11969 11963 11962
f 11969 11968 11918
f 11969 11918 11970
f 11968 1148 11918
f 11968 11962 1178
f 11968 1178 1148
f 11967 11961 11966
f 11967 6296 11961
f 11966 11959 11965
f 11966 11961 11960
f 11966 11960 11959
f 11929 11931 11979
f 11984 1355 1330
f 11918 1147 1352
f 1145 11921 1191
f 11921 11923 11983
f 11921 11983 1191
f 11923 11925 11982
f 11923 11982 11983
f 11925 11927 11981
f 11925 11981 11982
f 11927 11929 11980
f 11927 11980 11981
f 7588 7586 11301
f 11929 11979 11980
f 11931 6234 11978
f 11931 11978 11979
f 6234 6238 11978
f 11977 11966 11975
f 11977 11919 6306
f 11977 11975 11976
f 11977 11967 11966
f 11977 6296 11967
f 11977 6306 6296
f 11977 11976 11919
f 10621 10614 10620
f 10626 10620 2183
f 10626 2183 2187
f 10625 5905 10619
f 10625 10619 10618
f 10625 10618 10624
f 10625 5912 5905
f 10624 10618 10617
f 10624 10617 10623
f 10623 10617 10616
f 10623 10616 10622
f 10622 10616 10615
f 10622 10615 10621
f 10627 10620 10626
f 10621 10615 10614
f 10620 10614 2179
f 10620 2179 2183
f 10619 10613 10612
f 10619 10612 10618
f 10619 5899 10613
f 10619 5905 5899
f 10618 10612 10611
f 10618 10611 10617
f 10617 10610 10616
f 10617 10611 10610
f 10631 5912 10625
f 10636 10629 10635
f 10636 10631 10630
f 10636 10630 10629
f 10635 10628 10634
f 10635 10629 10628
f 10634 10627 10633
f 10634 10628 10627
f 10633 10626 10632
f 10633 10627 10626
f 10632 10626 2187
f 10632 2187 2192
f 10616 10610 10609
f 10631 10624 10630
f 10631 5926 5919
f 10631 5919 5912
f 10631 10625 10624
f 10630 10624 10629
f 10629 10623 10622
f 10629 10622 10628
f 10629 10624 10623
f 10628 10622 10621
f 10628 10621 10627
f 10627 10621 10620
f 10601 2425 10575
f 10606 10588 10582
f 10605 10604 10589
f 10605 10589 10588
f 10604 10603 10591
f 10604 10591 10589
f 10603 10602 10584
f 10603 10584 10591
f 10602 5901 10583
f 10602 10583 10584
f 5901 5967 10583
f 10601 10577 5893
f 10606 10605 10588
f 10601 10600 2426
f 10601 5892 10600
f 10601 2426 2425
f 10601 5893 5892
f 10601 10580 10577
f 10601 10579 10580
f 10601 10575 10579
f 10600 10595 2426
f 10600 5964 10598
f 10600 10598 10595
f 10600 5892 5964
f 10611 10605 10610
f 10616 10609 10615
f 10615 10608 10614
f 10615 10609 10608
f 10614 10608 2165
f 10614 2165 2179
f 10613 10603 10612
f 10613 10602 10603
f 10613 5901 10602
f 10613 5899 5901
f 10612 10604 10611
f 10612 10603 10604
f 10637 5933 5926
f 10611 10604 10605
f 10610 10606 10609
f 10610 10605 10606
f 10609 10607 10608
f 10609 10606 10607
f 10608 2166 2165
f 10608 10607 2166
f 10592 2169 2168
f 2166 10607 2212
f 10607 10606 10582
f 10607 10582 2212
f 10659 10658 10660
f 10667 10668 10666
f 10665 2201 2202
f 10665 10666 2201
f 10663 2174 2173
f 4746 4737 10664
f 2210 10662 10663
f 2210 10663 2173
f 10662 10661 10660
f 10662 10660 10663
f 10661 10659 10660
f 10659 10657 10658
f 10667 10666 10665
f 10657 4763 10656
f 10657 10656 10658
f 4763 4762 10656
f 10655 10648 10654
f 10655 10654 10593
f 10655 10649 10648
f 10655 5940 10649
f 10655 5955 5947
f 10655 5947 5940
f 10655 10593 5955
f 10654 10647 10653
f 10675 4748 4746
f 10679 4748 10675
f 10679 4750 4748
f 10678 10674 10673
f 10678 10673 10677
f 10677 10673 10672
f 10677 10672 10676
f 10676 10672 2197
f 10676 2197 2190
f 10675 10669 10674
f 10675 4746 10671
f 10675 10671 10669
f 10654 10653 10599
f 10674 10669 10667
f 10674 10667 10673
f 10673 10665 10672
f 10673 10667 10665
f 10672 10665 2202
f 10672 2202 2197
f 10671 10670 10669
f 10671 4746 10664
f 10671 10664 10670
f 10669 10668 10667
f 10669 10670 10668
f 10642 10636 10635
f 10646 10640 10645
f 10646 10641 10640
f 10645 10638 10644
f 10645 10640 10639
f 10645 10639 10638
f 10644 10638 2195
f 10644 2195 2199
f 10643 10636 10642
f 10643 10637 10636
f 10643 5933 10637
f 10643 5940 5933
f 10647 10641 10646
f 10642 10635 10641
f 10641 10635 10640
f 10640 10633 10639
f 10640 10635 10634
f 10640 10634 10633
f 10639 10632 10638
f 10639 10633 10632
f 10638 10632 2192
f 10638 2192 2195
f 10637 10631 10636
f 10637 5926 10631
f 10651 10644 10650
f 10654 10648 10647
f 10654 10594 10593
f 10654 10599 10594
f 10653 10652 10597
f 10653 10647 10646
f 10653 10646 10652
f 10653 10597 10599
f 10652 10651 10596
f 10652 10645 10651
f 10652 10646 10645
f 10652 10596 10597
f 10598 10597 10595
f 10651 10645 10644
f 10651 10650 10592
f 10651 10592 10596
f 10650 2169 10592
f 10650 10644 2199
f 10650 2199 2169
f 10649 10642 10648
f 10649 10643 10642
f 10649 5940 10643
f 10648 10641 10647
f 10648 10642 10641
f 10558 10546 10547
f 10563 10549 10553
f 10562 10561 10548
f 10562 10548 10549
f 10561 2487 10548
f 10561 2489 2487
f 2233 10560 2231
f 10560 10559 10542
f 10560 10541 2231
f 10560 10542 10541
f 10559 10558 10542
f 10558 10557 10546
f 10558 10547 10542
f 10563 10562 10549
f 10557 10556 10546
f 10556 10555 10544
f 10556 10543 10546
f 10556 10544 10543
f 10555 4642 10544
f 4642 4641 10544
f 10552 10531 5813
f 10552 2479 10533
f 10552 5811 10551
f 10552 10549 2483
f 10552 2483 2481
f 5981 4642 10555
f 10571 10558 10559
f 10571 10557 10558
f 10571 10556 10557
f 5974 5977 10570
f 10570 5977 10569
f 5977 5978 10569
f 10568 2236 10567
f 10568 2237 2236
f 5980 5981 10556
f 10567 2236 2235
f 5981 10555 10556
f 10552 2481 2479
f 2243 10559 2245
f 10559 10560 2245
f 2245 10560 2233
f 4637 10566 10550
f 4637 10550 4638
f 10566 10565 10551
f 10566 10551 10550
f 10565 10564 10554
f 10565 10554 10551
f 10564 10563 10553
f 10564 10553 10554
f 10544 5886 10543
f 10545 5885 5884
f 10545 5884 5883
f 10545 10542 10547
f 10545 10547 10546
f 10545 10546 10543
f 10545 2224 2225
f 10545 2225 2227
f 10545 10528 10520
f 10545 10527 10528
f 10545 10522 10527
f 4641 5886 10544
f 10545 10520 2224
f 5886 5885 10543
f 10542 2229 10541
f 10542 2227 2229
f 5883 5882 10522
f 10541 2229 2231
f 5882 10521 10522
f 5882 5881 10521
f 2224 10520 2220
f 10520 10519 2220
f 2220 10519 2221
f 10540 10469 5821
f 10533 2480 10529
f 10552 10551 10554
f 10552 10554 10553
f 10552 10553 10549
f 10552 5813 5812
f 10552 5812 5811
f 10552 10535 10531
f 10552 10534 10535
f 10552 10533 10534
f 5816 5820 10530
f 10530 5820 10531
f 5820 5813 10531
f 10571 2241 2237
f 10533 2479 2480
f 5811 5810 10551
f 10529 2480 2440
f 5810 4638 10550
f 5810 10550 10551
f 2483 10549 2485
f 10549 10548 2485
f 2485 10548 2487
f 10545 10543 5885
f 10545 5883 10522
f 10545 2227 10542
f 10586 10585 2307
f 10590 10587 10589
f 10590 5968 5970
f 10590 10589 10591
f 10590 10591 10584
f 10587 10586 2306
f 10587 2296 10582
f 10587 10582 10588
f 10587 10588 10589
f 10587 2306 2305
f 10587 2305 2296
f 10586 5972 10585
f 10590 5970 10586
f 10586 5970 5971
f 10586 5971 5972
f 10586 2307 2306
f 10585 5976 10569
f 10585 10568 2308
f 10585 5972 5976
f 10585 2308 2307
f 10585 10573 10568
f 10585 10572 10573
f 10585 10569 10572
f 5967 5969 10583
f 5890 5889 10576
f 10598 5966 10594
f 10598 10594 10599
f 10598 10599 10597
f 10598 5964 5966
f 10595 10592 2414
f 10595 2414 2428
f 10595 2428 2427
f 10595 2427 2426
f 10595 10597 10596
f 10595 10596 10592
f 5888 5890 10576
f 5969 5968 10583
f 5889 5891 10576
f 10576 5891 10577
f 5891 5893 10577
f 10575 2419 10574
f 10575 2425 2419
f 5966 5955 10593
f 5966 10593 10594
f 10574 2419 2418
f 10592 2168 2414
f 10590 10586 10587
f 10590 10584 5968
f 10575 10574 2502
f 10578 10579 10575
f 10578 5958 5961
f 10578 10562 10563
f 4637 5959 10566
f 10562 2491 10561
f 10562 2493 2491
f 5961 5963 10577
f 10561 2491 2489
f 5963 5888 10576
f 5963 10576 10577
f 2500 10575 2502
f 10578 10580 10579
f 2502 10574 2418
f 10571 10569 5978
f 10571 5980 10556
f 10571 2237 10568
f 10571 10559 2243
f 10571 5978 5979
f 10571 5979 5980
f 10571 10568 10573
f 10571 10573 10572
f 10571 10572 10569
f 10571 2243 2241
f 10581 10578 10563
f 10583 5968 10584
f 5976 5975 10569
f 5975 5973 10570
f 5975 10570 10569
f 10582 2296 2212
f 5973 5974 10570
f 10568 10567 2308
f 2308 10567 2298
f 10567 2235 2298
f 10581 10566 5959
f 10581 5958 10578
f 10679 10674 10678
f 10581 5959 5957
f 10581 5957 5958
f 10581 10565 10566
f 10581 10564 10565
f 10581 10563 10564
f 10578 5961 10577
f 10578 2493 10562
f 10578 10575 2500
f 10578 2500 2497
f 10578 2497 2493
f 10578 10577 10580
f 10762 198 197
f 6086 10768 10769
f 2504 10767 2505
f 10767 10766 2505
f 2505 10766 2396
f 10763 10760 191
f 10763 10762 184
f 10763 191 10762
f 10763 184 10759
f 10763 10759 10765
f 10763 10765 10764
f 10763 10764 10760
f 10762 191 198
f 6086 6015 10768
f 10762 197 184
f 6092 6091 10761
f 10761 6091 10760
f 6091 191 10760
f 6091 6090 191
f 6090 192 189
f 6090 189 191
f 10759 2249 10758
f 10759 184 2249
f 10758 2249 2248
f 2249 184 2250
f 10770 6081 6082
f 2288 10758 2287
f 10758 2248 2287
f 10770 10752 6081
f 10770 6084 10769
f 10770 2498 10755
f 10770 10767 2504
f 10770 2504 2501
f 10770 2501 2498
f 10770 10769 10772
f 10770 10772 10771
f 10770 10771 10767
f 184 181 2250
f 10770 6082 6084
f 10770 10753 10752
f 10770 10754 10753
f 10770 10755 10754
f 4779 6080 10751
f 10751 6080 10752
f 6080 6081 10752
f 10755 2495 10756
f 10755 2498 2495
f 6084 6086 10769
f 10756 2495 2494
f 10746 10728 5985
f 179 178 10734
f 10734 178 10735
f 178 180 10735
f 10735 180 10741
f 180 195 10741
f 10740 188 10737
f 10740 194 188
f 10737 187 10736
f 10737 188 187
f 10736 186 4733
f 10736 187 186
f 2246 179 10734
f 10746 5983 10745
f 10746 2499 10730
f 10746 10743 2492
f 10746 2492 2496
f 10746 2496 2499
f 10746 10745 10748
f 10746 10748 10747
f 10746 10747 10743
f 10746 5985 5983
f 10746 10733 10728
f 10746 10732 10733
f 10753 10745 10752
f 2250 181 183
f 10757 10754 10747
f 10757 10748 10753
f 10757 10753 10754
f 10757 10747 10748
f 2494 2490 10756
f 2490 10742 10756
f 10756 10742 10755
f 10742 10743 10755
f 10755 10743 10754
f 10743 10747 10754
f 10759 10758 2288
f 10753 10748 10745
f 10752 10744 10751
f 10752 10745 10744
f 10751 4781 4779
f 10751 10744 4781
f 10750 10741 195
f 10750 194 10740
f 10750 10749 194
f 10750 195 10749
f 10750 10740 10741
f 10749 195 194
f 10793 6088 10789
f 10794 10791 2398
f 10794 10769 6019
f 10794 6018 10793
f 10794 10793 10792
f 10794 2398 10767
f 10794 10792 10791
f 10794 6019 6018
f 10794 10772 10769
f 10794 10771 10772
f 10794 10767 10771
f 10793 10789 10792
f 10795 6100 10774
f 10793 6018 6089
f 10793 6089 6088
f 10792 10789 10791
f 10791 10786 2399
f 10791 10789 10786
f 10791 2399 2398
f 10789 10788 10786
f 10789 6088 10785
f 10789 10785 10790
f 10789 10790 10788
f 10786 10783 2402
f 2134 10773 2209
f 10805 10796 10797
f 10804 10798 10803
f 10804 10797 10798
f 10803 10799 10802
f 10803 10798 10799
f 10802 10800 10801
f 10802 10799 10800
f 10801 2134 2133
f 10801 10800 2134
f 6025 6030 10795
f 2134 10800 10773
f 10786 2402 2401
f 10800 10799 10779
f 10800 10779 10773
f 10799 10798 10780
f 10799 10780 10779
f 10798 10797 10782
f 10798 10782 10780
f 10797 10796 10775
f 10797 10775 10782
f 10796 10795 10774
f 10796 10774 10775
f 10795 6030 6100
f 10776 2288 2294
f 10778 10779 10780
f 10778 2293 2286
f 10778 2286 2285
f 10777 6096 10776
f 10777 10776 2294
f 10777 6098 6097
f 10777 6097 6096
f 10777 2294 2293
f 10776 6095 10760
f 10776 10759 2288
f 10776 6096 6095
f 10778 10773 10779
f 10776 10765 10759
f 10776 10764 10765
f 10776 10760 10764
f 6100 6101 10774
f 6101 6099 10774
f 10774 6099 10775
f 6095 6094 10760
f 6094 6093 10761
f 6094 10761 10760
f 10773 2285 2209
f 6093 6092 10761
f 10766 2398 2397
f 10786 2401 2400
f 10786 2400 2399
f 10786 10788 10787
f 10786 10787 10783
f 6015 6017 10768
f 6017 6016 10768
f 10768 6016 10769
f 6016 6019 10769
f 10767 2398 10766
f 6088 6077 10784
f 6088 10784 10785
f 10746 10730 10732
f 10766 2397 2396
f 10783 2125 2402
f 10781 10777 10778
f 10781 10775 6099
f 10781 6098 10777
f 10781 10778 10780
f 10781 6099 6098
f 10781 10780 10782
f 10781 10782 10775
f 10778 10777 2293
f 10778 2285 10773
f 10699 10694 10698
f 10704 2300 2297
f 2210 2295 10662
f 2295 2303 10662
f 10657 4769 4770
f 10657 4770 4763
f 2297 2239 10702
f 2297 10702 10703
f 4768 10701 4767
f 10701 10700 4767
f 4767 10700 4766
f 10700 4764 4766
f 10704 2301 2300
f 10699 10698 10658
f 10699 10695 10694
f 10699 4758 10695
f 10699 4762 4760
f 10699 4760 4758
f 10699 10656 4762
f 10699 10658 10656
f 10698 10697 10660
f 10698 10694 10693
f 10698 10693 10697
f 10698 10660 10658
f 10709 2302 2301
f 10710 10709 4772
f 10710 2302 10709
f 10710 4769 10657
f 10710 4772 4769
f 10710 2303 2302
f 10710 10661 10662
f 10710 10659 10661
f 10710 10657 10659
f 10709 10708 4773
f 10709 2301 10708
f 10709 4773 4772
f 10697 10692 10696
f 10708 2301 10707
f 10708 10707 4773
f 10707 2301 10704
f 10707 10704 4771
f 10707 4771 4773
f 10704 2297 10703
f 10704 10701 4768
f 10704 4768 4771
f 10704 10703 10706
f 10704 10706 10705
f 10704 10705 10701
f 10684 2189 2185
f 10688 2185 2181
f 10688 10685 10684
f 10687 10683 10682
f 10687 4752 10683
f 10687 4754 4752
f 10687 10682 10686
f 10686 10682 10681
f 10686 10681 10685
f 10685 10681 10680
f 10685 10680 10684
f 10684 10680 2189
f 10688 10684 2185
f 10683 10678 10682
f 10683 10679 10678
f 10683 4750 10679
f 10683 4752 4750
f 10682 10677 10681
f 10682 10678 10677
f 10681 10676 10680
f 10681 10677 10676
f 10680 10676 2190
f 10680 2190 2189
f 10679 10675 10674
f 10693 10690 10689
f 10697 10696 10663
f 10697 10693 10692
f 10697 10663 10660
f 10696 2174 10663
f 10696 10692 2177
f 10696 2177 2174
f 10695 10690 10694
f 10695 10691 10690
f 10695 4756 10691
f 10695 4758 4756
f 10694 10690 10693
f 10710 10662 2303
f 10693 10689 10688
f 10693 10688 10692
f 10692 2181 2177
f 10692 10688 2181
f 10691 10687 10690
f 10691 4754 10687
f 10691 4756 4754
f 10690 10685 10689
f 10690 10687 10686
f 10690 10686 10685
f 10689 10685 10688
f 10731 10728 10733
f 10738 10722 10723
f 4733 6014 10736
f 10736 6014 10737
f 6012 10721 10722
f 6012 4765 10721
f 10735 2244 10734
f 10734 2244 2246
f 10725 10726 2240
f 2240 10726 2238
f 10731 10730 10713
f 10731 10712 10728
f 10738 10723 10724
f 10731 10733 10732
f 10731 10732 10730
f 10731 10720 10712
f 10731 10719 10720
f 10731 10713 10719
f 2503 10714 10729
f 2503 2423 10714
f 10729 10713 10730
f 10729 10714 10713
f 10728 10712 10727
f 10727 10711 4744
f 10739 2244 10735
f 4744 5988 10727
f 10727 5988 10728
f 5988 5985 10728
f 5983 4781 10744
f 5983 10744 10745
f 10730 2499 10729
f 10729 2499 2503
f 10743 10742 2492
f 2492 10742 2490
f 10739 10737 6014
f 10739 10738 2242
f 10727 10712 10711
f 10739 6013 10738
f 10739 6014 6013
f 10739 10735 10741
f 10739 10741 10740
f 10739 10740 10737
f 10739 2242 2244
f 10738 6012 10722
f 10738 10725 2240
f 10738 6013 6012
f 10738 2240 2242
f 10738 10724 10725
f 10715 10670 10664
f 10718 4739 4736
f 10717 2429 10716
f 10717 10716 4740
f 10717 2421 2429
f 10716 2429 10715
f 10716 10715 4741
f 10716 4741 4740
f 10715 2416 10666
f 10715 10664 4742
f 10715 2429 2416
f 10715 4742 4741
f 10718 4740 4739
f 10715 10668 10670
f 10715 10666 10668
f 2423 2422 10714
f 10714 2422 10713
f 2422 2420 10713
f 10712 4736 10711
f 10711 4736 4738
f 2416 2415 10666
f 2415 2201 10666
f 4742 10664 4743
f 10664 4737 4743
f 10722 10721 10700
f 4744 10711 4738
f 2238 10726 2239
f 10726 10725 10703
f 10726 10702 2239
f 10726 10703 10702
f 10725 10724 10706
f 10725 10706 10703
f 10724 10723 10705
f 10724 10705 10706
f 10723 10722 10701
f 10723 10701 10705
f 10540 5821 10539
f 10722 10700 10701
f 10721 4765 4764
f 10721 4764 10700
f 10718 2421 10717
f 10718 10713 2420
f 10718 4736 10712
f 10718 10717 4740
f 10718 2420 2421
f 10718 10712 10720
f 10718 10720 10719
f 10718 10719 10713
f 5807 4643 10325
f 10352 10353 10350
f 10352 2226 2219
f 10351 5807 10326
f 10351 10328 2228
f 10351 5808 5807
f 10351 2228 2226
f 10351 10329 10328
f 10351 10327 10329
f 10351 10326 10327
f 4659 5809 10349
f 10349 5809 10350
f 5807 10325 10326
f 10352 10354 10353
f 10348 2219 10347
f 10347 2219 2216
f 10328 10330 2228
f 2228 10330 2230
f 10346 10345 10343
f 10346 10268 5698
f 10346 10344 10264
f 10346 10343 10344
f 10346 5698 10345
f 10346 10266 10268
f 10346 10264 10266
f 10333 2470 2446
f 10359 2473 2472
f 10359 2472 2471
f 10359 10358 10361
f 10359 10361 10360
f 10359 10360 10356
f 10359 5703 5702
f 10359 10334 10338
f 5692 5697 10335
f 10334 2470 10333
f 10334 2471 2470
f 5702 5700 10358
f 10345 10342 10343
f 5700 4704 10357
f 5700 10357 10358
f 2473 10356 2474
f 10356 10355 2474
f 2474 10355 2488
f 10352 10350 5809
f 10352 10351 2226
f 10352 2219 10348
f 10352 5808 10351
f 10352 5809 5808
f 10352 10348 10354
f 10333 2446 2448
f 10337 10338 10334
f 5701 5699 10270
f 5699 5698 10270
f 10270 5698 10268
f 5693 5691 10336
f 10260 2465 2389
f 5691 5690 10335
f 5691 10335 10336
f 5690 5692 10335
f 10334 10333 2469
f 2469 10333 2448
f 10337 10339 10338
f 10332 10258 10331
f 10332 10331 10257
f 10332 10257 10258
f 10331 10258 10329
f 10331 10327 10257
f 10331 10329 10327
f 2232 10330 10251
f 2232 2230 10330
f 10251 10328 10252
f 10251 10330 10328
f 10252 10329 10258
f 10344 2466 2465
f 10345 5693 10337
f 10345 10341 10342
f 10345 10337 10341
f 10345 5698 5696
f 10345 5696 5695
f 10345 5695 5694
f 10345 5694 5693
f 10344 10343 10340
f 10344 2465 10260
f 10344 10340 2467
f 10344 2467 2466
f 10359 10356 2473
f 10344 10262 10264
f 10344 10260 10262
f 10343 10342 10340
f 10342 10341 10340
f 10341 10337 10340
f 10340 10337 2469
f 10340 2469 2468
f 10340 2468 2467
f 10337 5693 10336
f 10337 10334 2469
f 10337 10336 10339
f 10382 2266 2265
f 10383 10367 2257
f 10383 4657 10364
f 10383 2266 10382
f 10383 4655 4656
f 10383 4656 4657
f 10383 2257 2266
f 10383 10366 10367
f 10383 10365 10366
f 10383 10364 10365
f 10382 2265 10381
f 10382 10381 4655
f 10383 10382 4655
f 10381 10378 4655
f 10381 2265 10378
f 10378 2264 10377
f 10378 10376 4652
f 10378 4652 4654
f 10378 4654 4655
f 10378 10377 10380
f 10378 10380 10379
f 10378 10379 10376
f 10378 2265 2264
f 2215 2256 10368
f 10388 10371 10370
f 2110 2111 10391
f 10388 10370 5773
f 10388 5774 10387
f 10388 2484 10373
f 10388 10385 2477
f 10388 2477 2482
f 10388 2482 2484
f 10388 10387 10390
f 10388 10390 10389
f 10388 10389 10385
f 10388 5773 5774
f 10368 2256 10367
f 10388 10372 10371
f 10388 10373 10372
f 4702 5772 10369
f 10369 5772 10370
f 5772 5773 10370
f 5774 4688 10386
f 5774 10386 10387
f 10373 2484 10374
f 10374 2484 2486
f 10385 10384 2477
f 2477 10384 2478
f 10363 10349 10350
f 10368 10367 10347
f 10368 10347 2216
f 10367 10366 10348
f 10367 10348 10347
f 10366 10365 10354
f 10366 10354 10348
f 10365 10364 10353
f 10365 10353 10354
f 10364 10363 10350
f 10364 10350 10353
f 10363 4658 4659
f 2215 10368 2216
f 10363 4659 10349
f 10362 10335 5697
f 10362 5703 10359
f 10362 10359 10338
f 10362 5697 5704
f 10362 5704 5703
f 10362 10336 10335
f 10362 10339 10336
f 10362 10338 10339
f 10359 5702 10358
f 10359 2471 10334
f 2486 2488 10374
f 2256 2257 10367
f 10364 4657 10363
f 10363 4657 4658
f 2264 2254 10377
f 2254 2110 10377
f 4652 10376 4653
f 10376 4649 4653
f 10375 10372 10360
f 10375 10361 10371
f 10375 10371 10372
f 10375 10360 10361
f 10252 10328 10329
f 2488 10355 10374
f 10374 10355 10373
f 10355 10356 10373
f 10373 10356 10372
f 10356 10360 10372
f 10371 10358 10370
f 10371 10361 10358
f 10370 10357 10369
f 10370 10358 10357
f 10369 4704 4702
f 10369 10357 4704
f 10276 10269 10267
f 10282 5727 5722
f 10282 5722 5717
f 10281 10275 10274
f 10281 10274 10280
f 10280 10273 10279
f 10280 10274 10273
f 10279 10272 10278
f 10279 10273 10272
f 10278 10272 10271
f 10278 10271 10277
f 10277 10271 2384
f 10277 2384 2380
f 10282 10275 10281
f 10276 5712 10269
f 10276 10267 10275
f 10276 5717 5712
f 10275 10267 10265
f 10275 10265 10274
f 10274 10265 10263
f 10274 10263 10273
f 10273 10263 10261
f 10273 10261 10272
f 10272 10259 10271
f 10272 10261 10259
f 10287 10280 10286
f 10291 10284 10290
f 10291 10285 10284
f 10291 10286 10285
f 10290 10284 10283
f 10290 10283 10289
f 10289 10283 2376
f 10289 2376 2369
f 10288 5727 10282
f 10288 10281 10287
f 10288 10282 10281
f 10288 5732 5727
f 10271 10259 2388
f 10287 10281 10280
f 10286 10279 10285
f 10286 10280 10279
f 10285 10279 10278
f 10285 10278 10284
f 10284 10278 10277
f 10284 10277 10283
f 10283 10277 2380
f 10283 2380 2376
f 10282 5717 10276
f 10282 10276 10275
f 206 203 2217
f 10255 206 2217
f 10255 2217 2223
f 10255 211 220
f 10255 220 219
f 10255 219 206
f 4647 5770 10253
f 10253 5770 10254
f 5769 214 213
f 5769 213 211
f 10252 2223 10251
f 10251 2223 2232
f 10255 5769 211
f 2217 203 205
f 2113 10235 2114
f 10235 10239 10250
f 10235 10250 2114
f 10239 10240 10249
f 10239 10249 10250
f 10240 10242 10248
f 10240 10248 10249
f 10242 10237 10247
f 10242 10247 10248
f 10237 10236 10246
f 10261 10262 10260
f 10271 2388 2384
f 10269 10268 10267
f 10269 5701 10270
f 10269 10270 10268
f 10269 5712 5701
f 10267 10266 10265
f 10267 10268 10266
f 10265 10264 10263
f 10265 10266 10264
f 10263 10262 10261
f 10263 10264 10262
f 10292 10286 10291
f 10261 10260 10259
f 10259 2389 2388
f 10259 10260 2389
f 10256 10254 5770
f 10256 5769 10255
f 10256 2223 10252
f 10256 10255 2223
f 10256 5770 5769
f 10256 10252 10258
f 10256 10258 10257
f 10256 10257 10254
f 10318 5706 5753
f 10321 10315 10314
f 10320 10313 10319
f 10320 10319 10249
f 10320 10314 10313
f 10319 10313 2356
f 10319 2356 2352
f 10319 2352 2114
f 10319 10250 10249
f 10319 2114 10250
f 10318 5748 10312
f 10318 10311 10317
f 10321 10314 10320
f 10318 5753 5748
f 10318 10312 10311
f 10317 10310 10316
f 10317 10311 10310
f 10316 10309 10315
f 10316 10310 10309
f 10315 10309 10308
f 10315 10308 10314
f 10314 10308 10307
f 10314 10307 10313
f 10313 10307 2360
f 10324 10245 5709
f 10257 10327 10254
f 10327 10326 10254
f 10254 10326 10253
f 10326 10325 10253
f 10253 10325 4647
f 10325 4643 4647
f 10324 10317 10323
f 10324 10323 10245
f 10324 10318 10317
f 10324 5706 10318
f 10324 5709 5706
f 10313 2360 2356
f 10323 10322 10247
f 10323 10317 10316
f 10323 10316 10322
f 10323 10246 10245
f 10323 10247 10246
f 10322 10315 10321
f 10322 10321 10247
f 10322 10316 10315
f 10321 10320 10249
f 10321 10248 10247
f 10321 10249 10248
f 10297 10292 10291
f 10302 10295 10301
f 10302 10296 10295
f 10301 10295 2368
f 10301 2368 2364
f 10300 10293 10299
f 10300 10294 10293
f 10300 5738 10294
f 10299 10292 10298
f 10299 10293 10292
f 10298 10292 10297
f 10297 10290 10296
f 10303 10296 10302
f 10297 10291 10290
f 10296 10289 10295
f 10296 10290 10289
f 10295 10289 2369
f 10295 2369 2368
f 10294 10287 10293
f 10294 10288 10287
f 10294 5732 10288
f 10294 5738 5732
f 10293 10286 10292
f 10293 10287 10286
f 10307 10302 10301
f 10312 10306 10305
f 10312 5743 10306
f 10312 5748 5743
f 10312 10305 10311
f 10311 10305 10310
f 10310 10305 10304
f 10310 10304 10303
f 10310 10303 10309
f 10309 10302 10308
f 10309 10303 10302
f 10308 10302 10307
f 10377 10391 10392
f 10307 10301 2364
f 10307 2364 2360
f 10306 10299 10305
f 10306 10300 10299
f 10306 5738 10300
f 10306 5743 5738
f 10305 10298 10304
f 10305 10299 10298
f 10304 10297 10303
f 10304 10298 10297
f 10303 10297 10296
f 10497 10492 10491
f 10503 10496 10502
f 10502 10495 10501
f 10502 10496 10495
f 10501 10495 2325
f 10501 2325 2321
f 10500 10493 10499
f 10500 10494 10493
f 10500 5858 10494
f 10499 10492 10498
f 10499 10493 10492
f 10498 10492 10497
f 10497 10490 10496
f 10503 10497 10496
f 10497 10491 10490
f 10496 10490 10495
f 10495 10490 10489
f 10495 10489 2329
f 10495 2329 2325
f 10494 10487 10493
f 10494 10488 10487
f 10494 5850 10488
f 10494 5858 5854
f 10494 5854 5850
f 10493 10486 10492
f 10508 10501 10507
f 10513 2317 2313
f 10512 10506 10505
f 10512 5823 10506
f 10512 5824 5823
f 10512 10505 10511
f 10511 10504 10510
f 10511 10505 10504
f 10510 10503 10509
f 10510 10504 10503
f 10509 10502 10508
f 10509 10503 10502
f 10493 10487 10486
f 10508 10502 10501
f 10507 10501 2321
f 10507 2321 2317
f 10506 10499 10505
f 10506 10500 10499
f 10506 5858 10500
f 10506 5823 5858
f 10505 10498 10504
f 10505 10499 10498
f 10504 10498 10503
f 10503 10498 10497
f 10477 2338 2337
f 10482 10475 10481
f 10482 5846 5840
f 10481 10475 10474
f 10481 10474 10480
f 10480 10473 10479
f 10480 10474 10473
f 10479 10472 10478
f 10479 10473 10472
f 10478 10472 10471
f 10478 10471 10477
f 10477 10471 2338
f 10482 10476 10475
f 10476 10468 10475
f 10476 5835 10470
f 10476 10470 10468
f 10476 5840 5835
f 10475 10466 10474
f 10475 10468 10466
f 10474 10464 10473
f 10474 10466 10464
f 10473 10464 10462
f 10473 10462 10472
f 10472 10460 10471
f 10488 5850 5846
f 10492 10485 10491
f 10492 10486 10485
f 10491 10484 10490
f 10491 10485 10484
f 10490 10483 10489
f 10490 10484 10483
f 10489 2333 2329
f 10489 10483 2333
f 10488 5846 10482
f 10488 10481 10487
f 10488 10482 10481
f 10513 10507 2317
f 10487 10481 10486
f 10486 10481 10480
f 10486 10480 10479
f 10486 10479 10485
f 10485 10479 10478
f 10485 10478 10484
f 10484 10477 10483
f 10484 10478 10477
f 10483 10477 2337
f 10483 2337 2333
f 10482 5840 10476
f 10529 2440 2439
f 10532 2438 2436
f 10532 10535 10534
f 10532 10534 10533
f 10532 10533 10529
f 5822 5821 10459
f 10459 5821 10469
f 5817 5815 10531
f 10461 2431 2346
f 5815 5814 10530
f 5815 10530 10531
f 5814 5816 10530
f 10532 2437 2438
f 10526 10522 5878
f 10526 2259 10520
f 10526 5876 10525
f 10526 10525 2260
f 10526 5878 5877
f 10526 5877 5876
f 10526 10520 10528
f 10526 10528 10527
f 10526 10527 10522
f 10526 2260 2259
f 10525 10524 10523
f 10538 2436 10537
f 10540 10539 10538
f 10540 10538 10537
f 10540 10537 10465
f 10540 10467 10469
f 10540 10465 10467
f 10539 5817 10531
f 10539 10536 10538
f 10539 10531 10536
f 10539 5821 5819
f 10539 5819 5818
f 10539 5818 5817
f 10525 5874 10524
f 10538 10536 2436
f 10537 2431 10461
f 10537 2436 2435
f 10537 2435 2431
f 10537 10463 10465
f 10537 10461 10463
f 10536 10532 2436
f 10536 10535 10532
f 10536 10531 10535
f 10532 10529 2439
f 10532 2439 2437
f 10516 10509 10515
f 10518 10511 10517
f 10518 5824 10512
f 10518 10517 10450
f 10518 5830 5824
f 10518 10450 10448
f 10518 10448 5830
f 10517 10510 10516
f 10517 10452 10450
f 10517 10511 10510
f 10517 10516 10452
f 10516 10515 10454
f 10518 10512 10511
f 10516 10454 10452
f 10516 10510 10509
f 10515 10514 10456
f 10515 10509 10514
f 10515 10456 10454
f 10514 10509 10508
f 10514 10513 10458
f 10514 10508 10513
f 10514 10458 10456
f 10513 10508 10507
f 10513 2313 10458
f 10523 10455 10457
f 10525 10523 2260
f 10525 5876 5874
f 10524 5873 10449
f 10524 10453 10523
f 10524 5874 5873
f 10524 10451 10453
f 10524 10449 10451
f 10523 10457 2253
f 10523 2253 2262
f 10523 2262 2261
f 10523 2261 2260
f 10472 10462 10460
f 10523 10453 10455
f 5881 5880 10521
f 5880 5879 10521
f 5879 5878 10521
f 10521 5878 10522
f 10520 2255 10519
f 10520 2259 2255
f 5873 10447 10449
f 5873 5875 10447
f 10519 2255 2221
f 10457 2105 2253
f 10417 10412 10416
f 10422 10418 10417
f 10421 10417 10416
f 10421 10416 10420
f 10420 10416 2327
f 10420 2327 2331
f 10419 10414 10418
f 10419 10415 10414
f 10419 4665 10415
f 10419 4667 4665
f 10418 10413 10417
f 10418 10414 10413
f 10422 10417 10421
f 10417 10413 10412
f 10416 10412 2323
f 10416 2323 2327
f 10415 10411 10410
f 10415 4663 10411
f 10415 10410 10414
f 10415 4665 4663
f 10414 10409 10413
f 10414 10410 10409
f 10413 10409 10408
f 10413 10408 10412
f 10427 10422 10426
f 10431 4671 10427
f 10431 4673 4671
f 10431 10427 10426
f 10430 10425 10429
f 10430 10426 10425
f 10429 10425 10424
f 10429 10424 10428
f 10428 2335 2340
f 10428 10424 2335
f 10427 10423 10422
f 10427 4671 4669
f 10412 10408 2319
f 10427 4669 10423
f 10426 10422 10425
f 10425 10421 10424
f 10425 10422 10421
f 10424 10421 10420
f 10424 10420 2331
f 10424 2331 2335
f 10423 4667 10419
f 10423 4669 4667
f 10423 10418 10422
f 10423 10419 10418
f 10396 10387 10395
f 10399 10387 10396
f 10399 10396 10401
f 10399 10401 10400
f 10399 10400 10398
f 10399 10390 10387
f 10399 10389 10390
f 10399 10385 10389
f 2433 10384 10397
f 2433 2478 10384
f 10397 10385 10398
f 10397 10384 10385
f 10399 10398 10385
f 10395 10386 4687
f 10395 10387 10386
f 4687 10386 4688
f 4649 10376 4650
f 10376 10379 10394
f 10376 10394 4650
f 10379 10380 10393
f 10379 10393 10394
f 10380 10377 10392
f 10380 10392 10393
f 10377 2110 10391
f 10407 10393 10406
f 10412 2319 2323
f 10411 10407 10406
f 10411 4661 10407
f 10411 10406 10410
f 10411 4663 4661
f 10410 10406 10405
f 10410 10405 10409
f 10409 10404 10408
f 10409 10405 10404
f 10408 10404 2315
f 10408 2315 2319
f 10431 10426 10430
f 10407 4661 4650
f 10407 10394 10393
f 10407 4650 10394
f 10406 10392 10405
f 10406 10393 10392
f 10405 10391 10404
f 10405 10392 10391
f 10404 2111 2315
f 10404 10391 2111
f 4679 4677 10403
f 10402 2310 2309
f 10446 4680 10403
f 10453 10451 10452
f 10453 10452 10454
f 10451 10449 10450
f 10451 10450 10452
f 10449 10447 10448
f 10449 10448 10450
f 10447 5831 10448
f 10447 5875 5831
f 10446 10402 2445
f 10446 10445 4682
f 10446 2444 10445
f 10455 10454 10456
f 10446 2445 2444
f 10446 10438 10402
f 10446 10440 10438
f 10446 10403 10440
f 10446 4682 4680
f 10445 2443 10444
f 10445 10444 4683
f 10445 2444 2443
f 10445 4683 4682
f 10444 10443 4683
f 10444 2443 10443
f 10462 10461 10460
f 10471 10460 2345
f 10471 2345 2338
f 10470 5835 10459
f 10470 10469 10468
f 10470 10459 10469
f 10468 10467 10466
f 10468 10469 10467
f 10466 10465 10464
f 10466 10467 10465
f 10464 10463 10462
f 10464 10465 10463
f 10443 10442 4684
f 10462 10463 10461
f 10460 2346 2345
f 10460 10461 2346
f 5831 5830 10448
f 10458 2313 2106
f 5835 5822 10459
f 2105 10457 10458
f 2105 10458 2106
f 10457 10455 10456
f 10457 10456 10458
f 10455 10453 10454
f 10436 2343 2310
f 10441 10440 10403
f 10439 10433 10437
f 10439 10437 10438
f 10439 10434 10433
f 10439 10438 10440
f 10437 10436 10402
f 10437 10432 10436
f 10437 10433 10432
f 10437 10402 10438
f 10436 2310 10402
f 10436 10432 2343
f 10441 10434 10439
f 10435 10430 10434
f 10435 10431 10430
f 10435 4677 4675
f 10435 4675 4673
f 10435 4673 10431
f 10434 10430 10429
f 10434 10429 10433
f 10433 10428 10432
f 10433 10429 10428
f 10432 10428 2340
f 10432 2340 2343
f 2430 2445 10402
f 10443 2442 10442
f 10443 2443 2442
f 10443 4684 4683
f 10442 2434 10398
f 10442 10396 4685
f 10442 2442 2434
f 10442 4685 4684
f 10442 10401 10396
f 10442 10400 10401
f 10442 10398 10400
f 2309 2430 10402
f 10805 10797 10804
f 10403 4680 4681
f 10403 4681 4679
f 2434 10397 10398
f 2434 2433 10397
f 10396 10395 4685
f 4685 10395 4686
f 10395 4687 4686
f 10441 10403 4677
f 10441 10439 10440
f 10441 10435 10434
f 10441 4677 10435
f 11134 1807 1800
f 11120 7728 7724
f 11137 11133 11134
f 11137 11131 7725
f 11137 7727 11133
f 11137 11134 11136
f 11137 7725 7727
f 11137 11136 11138
f 11137 11138 11131
f 11134 11133 1807
f 11134 1799 11129
f 11134 11129 11135
f 11134 11135 11136
f 11120 7724 11130
f 11134 1800 1799
f 11133 7733 11132
f 11133 11132 1808
f 11133 7727 7730
f 11133 7730 7733
f 11133 1808 1807
f 11132 7735 11114
f 11132 11113 1802
f 11132 7733 7735
f 11132 1802 1808
f 11132 11118 11113
f 1751 11119 11129
f 11142 11143 11139
f 120 7619 121
f 7619 7617 121
f 7617 7615 121
f 121 7615 122
f 114 2016 112
f 114 2017 2016
f 7607 7606 11140
f 7607 11140 11141
f 112 2016 113
f 11139 2015 2014
f 11132 11117 11118
f 1751 11129 1752
f 11119 11123 11135
f 11119 11135 11129
f 11123 11124 11136
f 11123 11136 11135
f 11124 11126 11138
f 11124 11138 11136
f 11126 11121 11131
f 11126 11131 11138
f 11121 11120 11130
f 11121 11130 11131
f 11122 11124 11123
f 11127 11125 11122
f 11127 7732 7729
f 11125 11124 11122
f 11125 7731 11121
f 11125 11121 11126
f 11125 11126 11124
f 11125 7729 7731
f 11122 11119 1768
f 11122 1768 1767
f 11122 1767 1777
f 11122 1777 1776
f 11127 7729 11125
f 11122 11123 11119
f 144 7740 142
f 7740 7738 142
f 7738 7736 142
f 142 7736 143
f 136 1769 134
f 136 1770 1769
f 7731 7728 11120
f 7731 11120 11121
f 134 1769 135
f 11119 1751 1768
f 11112 1619 1801
f 11132 11114 11117
f 7724 7726 11130
f 7726 7725 11130
f 11130 7725 11131
f 7735 7737 11114
f 7737 7739 11115
f 7737 11115 11114
f 11129 1799 1752
f 7739 7741 11115
f 11113 11112 1802
f 1802 11112 1801
f 11142 11144 11143
f 11128 11127 1776
f 11128 143 7736
f 11128 1770 136
f 11128 7732 11127
f 11128 1776 1770
f 11128 7736 7734
f 11128 7734 7732
f 11128 151 143
f 11128 150 151
f 11128 136 150
f 11127 11122 1776
f 11163 1892 2069
f 11167 7612 7614
f 7603 7605 11149
f 7605 7604 11149
f 11149 7604 11150
f 7614 7616 11166
f 7616 7618 11165
f 7616 11165 11166
f 11154 2067 2033
f 7618 7620 11165
f 11164 11163 2070
f 2070 11163 2069
f 11167 11168 11164
f 11160 11158 7626
f 11160 7624 11159
f 11160 1984 11156
f 11160 11159 1984
f 11160 7626 7624
f 11160 11156 11162
f 11160 11162 11161
f 11160 11161 11158
f 11159 7624 123
f 11159 118 1988
f 11159 1988 1984
f 11171 11153 11152
f 11172 11170 11171
f 11172 11150 7604
f 11172 7608 11170
f 11172 11171 11152
f 11172 7604 7608
f 11172 11151 11150
f 11172 11152 11151
f 11171 2067 11154
f 11171 11170 2075
f 11171 2075 2068
f 11171 2068 2067
f 11159 123 132
f 11171 11154 11153
f 11170 7612 11167
f 11170 11167 2076
f 11170 2076 2075
f 11170 7608 7610
f 11170 7610 7612
f 11167 7614 11166
f 11167 11164 2070
f 11167 2070 2076
f 11167 11166 11169
f 11167 11169 11168
f 11147 7609 11145
f 11148 11147 2025
f 11148 122 7615
f 11148 2017 114
f 11148 7611 11147
f 11148 2025 2017
f 11148 7615 7613
f 11148 7613 7611
f 11148 114 129
f 11148 129 128
f 11148 128 122
f 11147 11142 2025
f 7606 7603 11149
f 11147 11145 11142
f 11147 7611 7609
f 11145 11144 11142
f 11145 7607 11141
f 11145 11141 11146
f 11145 11146 11144
f 11145 7609 7607
f 11142 11139 2014
f 11142 2014 2013
f 11142 2013 2026
f 11142 2026 2025
f 2015 11154 2033
f 11159 132 131
f 11159 131 118
f 4838 7626 11157
f 11157 7626 11158
f 7624 126 125
f 7624 125 123
f 11156 1984 11155
f 11155 1984 1981
f 118 115 1988
f 1988 115 117
f 2015 11139 11154
f 11116 11114 7743
f 11139 11143 11153
f 11139 11153 11154
f 11143 11144 11152
f 11143 11152 11153
f 11144 11146 11151
f 11144 11151 11152
f 11146 11141 11150
f 11146 11150 11151
f 11141 11140 11149
f 11141 11149 11150
f 11140 7606 11149
f 1628 11057 1629
f 11082 11084 11083
f 11082 11083 11079
f 11082 7721 7719
f 4909 7723 11071
f 11071 7723 11070
f 7719 4887 11080
f 7719 11080 11081
f 11067 1721 11066
f 11066 1721 1719
f 11079 11078 1732
f 1732 11078 1734
f 1628 11077 11057
f 11082 11081 11084
f 11077 11076 11058
f 11077 11058 11057
f 11076 11075 11061
f 11076 11061 11058
f 11075 11074 11060
f 11075 11060 11061
f 11074 11073 11056
f 11074 11056 11060
f 11073 11072 11055
f 11073 11055 11056
f 11072 4900 11055
f 11085 11070 7723
f 11090 11075 11076
f 11090 11074 11075
f 11090 11073 11074
f 4888 7718 11088
f 11088 7718 11089
f 7722 11072 11073
f 7722 4900 11072
f 11087 1636 11086
f 11086 1636 1638
f 11076 11077 1627
f 1627 11077 1628
f 4900 4899 11055
f 11085 1721 11067
f 11085 11082 1730
f 11085 7721 11082
f 11085 1730 1721
f 11085 7723 7721
f 11085 11069 11070
f 11085 11068 11069
f 11085 11067 11068
f 11082 7719 11081
f 11082 11079 1732
f 11082 1732 1730
f 11059 11058 11061
f 11064 1815 11063
f 11064 4894 4893
f 11064 1816 1815
f 11063 1815 11062
f 11063 11062 4894
f 11062 1815 11059
f 11062 11059 4895
f 11062 4895 4894
f 11059 1811 11058
f 11059 11056 4896
f 11059 4896 4895
f 11064 11063 4894
f 11059 11061 11060
f 11059 11060 11056
f 11059 1815 1814
f 11059 1814 1811
f 1766 1809 11037
f 1809 1817 11037
f 11043 4892 4891
f 11043 4891 4890
f 1811 1629 11057
f 1811 11057 11058
f 4896 11056 4897
f 11066 1719 11048
f 4909 11071 4908
f 11071 11070 11045
f 11071 11045 4908
f 11070 11069 11046
f 11070 11046 11045
f 11069 11068 11054
f 11069 11054 11046
f 11068 11067 11053
f 11068 11053 11054
f 11067 11066 11047
f 11067 11047 11053
f 11090 1627 1633
f 11066 11048 11047
f 1719 1718 11048
f 11065 11037 1817
f 11065 11064 4893
f 11065 1816 11064
f 11065 4892 11043
f 11065 4893 4892
f 11065 1817 1816
f 11065 11039 11037
f 11065 11041 11039
f 11065 11043 11041
f 11110 1720 1723
f 1625 11107 1640
f 11111 11095 7747
f 11111 7745 11110
f 11111 1723 11097
f 11111 11110 1723
f 11111 7747 7745
f 11111 11096 11095
f 11111 11098 11096
f 11111 11097 11098
f 11110 7745 145
f 11110 140 1720
f 11105 11107 1625
f 11110 145 154
f 11110 154 153
f 11110 153 140
f 4886 7747 11094
f 11094 7747 11095
f 7745 148 147
f 7745 147 145
f 11097 1723 11099
f 11099 1723 1728
f 140 137 1720
f 1720 137 139
f 11116 11104 11106
f 11116 7746 11103
f 11116 1620 11113
f 11116 11105 1623
f 11116 7743 7744
f 11116 7744 7746
f 11116 11113 11118
f 11116 11118 11117
f 11116 11117 11114
f 11116 1623 1621
f 11116 1621 1620
f 11116 11106 11105
f 11109 11093 11106
f 11116 11103 11104
f 7741 7742 11115
f 11115 7742 11114
f 7742 7743 11114
f 11113 1617 11112
f 11113 1620 1617
f 7746 7748 11103
f 11112 1617 1619
f 7748 11102 11103
f 7748 4889 11102
f 1623 11105 1625
f 11091 11089 7718
f 1728 1734 11078
f 11099 11079 11097
f 11099 11078 11079
f 11097 11083 11098
f 11097 11079 11083
f 11096 11084 11095
f 11084 11081 11095
f 11095 11081 11094
f 11081 11080 11094
f 11094 11080 4886
f 11080 4887 4886
f 1728 11078 11099
f 11091 11090 1633
f 11091 1636 11087
f 11091 7720 11090
f 11091 7718 7720
f 11091 11087 11093
f 11091 11093 11092
f 11091 11092 11089
f 11091 1633 1636
f 11090 7722 11073
f 11090 11076 1627
f 11090 7720 7722
f 11092 11103 11089
f 11109 11104 11092
f 11109 11108 11104
f 11109 11106 11108
f 11109 11092 11093
f 11108 11106 11104
f 1638 1640 11086
f 1640 11107 11086
f 11086 11107 11087
f 11107 11105 11087
f 11087 11105 11093
f 11105 11106 11093
f 11173 4835 4838
f 11092 11104 11103
f 11089 11102 11088
f 11089 11103 11102
f 11088 4889 4888
f 11088 11102 4889
f 11101 11098 11100
f 11101 11100 11096
f 11101 11096 11098
f 11100 11098 11083
f 11100 11084 11096
f 11100 11083 11084
f 11260 7558 11257
f 11262 11244 7564
f 11262 7562 11260
f 11262 11261 11247
f 11262 7564 7562
f 11262 11246 11244
f 11262 11247 11246
f 11261 1944 11251
f 11261 11260 1957
f 11261 1957 1956
f 11261 1956 1944
f 11261 11249 11247
f 11261 11251 11249
f 11262 11260 11261
f 11260 11257 1958
f 11260 1958 1957
f 11260 7562 7560
f 11260 7560 7558
f 11257 7556 11256
f 11257 11254 1959
f 11257 1959 1958
f 11257 11256 11259
f 11257 11259 11258
f 11257 11258 11254
f 11257 7558 7556
f 11267 11250 11252
f 11269 11267 2098
f 11269 7559 7561
f 11268 7563 11243
f 11268 11248 11267
f 11268 7561 7563
f 11268 11245 11248
f 11268 11243 11245
f 11267 11252 2091
f 11267 2091 2100
f 11267 2100 2099
f 11267 2099 2098
f 7565 7567 11242
f 11267 11248 11250
f 7550 7551 11265
f 7551 7553 11265
f 7553 7555 11265
f 11265 7555 11266
f 11264 2093 11263
f 11264 2097 2093
f 7563 11241 11243
f 7563 7566 11241
f 11263 2093 1863
f 11252 1923 2091
f 11239 2056 2055
f 11240 11239 4842
f 11240 11232 2057
f 11240 2056 11239
f 11240 4841 11235
f 11240 2057 2056
f 11240 11233 11232
f 11240 11234 11233
f 11240 11235 11234
f 11240 4842 4841
f 11239 2055 11238
f 11239 11238 4843
f 11241 7566 7565
f 11239 4843 4842
f 11238 2055 11237
f 11238 11237 4843
f 11237 11236 4844
f 11237 2055 11236
f 11237 4844 4843
f 11236 2051 11230
f 11236 11227 4845
f 11236 2055 2054
f 11236 2054 2051
f 11236 4845 4844
f 11252 11250 11251
f 7567 7564 11242
f 11242 7564 11244
f 7556 7554 11256
f 7554 7552 11255
f 7554 11255 11256
f 11251 1944 1924
f 7552 7549 11255
f 11254 11253 1959
f 1959 11253 1949
f 11253 1948 1949
f 1923 11252 1924
f 11269 7561 11268
f 11252 11251 1924
f 11250 11248 11249
f 11250 11249 11251
f 11248 11245 11247
f 11248 11247 11249
f 11245 11243 11244
f 11245 11244 11246
f 11245 11246 11247
f 11243 11241 11242
f 11243 11242 11244
f 11241 7565 11242
f 11284 11264 1866
f 11290 11289 11278
f 11290 11278 11279
f 11289 11288 11274
f 11289 11274 11278
f 11288 11287 11273
f 11288 11273 11274
f 11287 1975 11273
f 1975 1974 11273
f 11284 11282 7541
f 11284 7545 11266
f 11284 1869 11281
f 11291 11279 11276
f 11284 7541 7543
f 11284 7543 7545
f 11284 11281 11286
f 11284 11286 11285
f 11284 11285 11282
f 11284 1866 1867
f 11284 1867 1869
f 11284 11272 11264
f 11284 11271 11272
f 11284 11266 11271
f 4810 7540 11283
f 11296 11285 11286
f 7588 11301 11302
f 1987 11300 1990
f 11300 11299 1990
f 1990 11299 1991
f 1875 11298 11280
f 1875 11280 1873
f 11298 11297 11281
f 11298 11281 11280
f 11297 11296 11286
f 11297 11286 11281
f 11296 11295 11285
f 11283 7540 11282
f 11295 11294 11282
f 11295 11282 11285
f 11294 11293 11283
f 11294 11283 11282
f 11293 4808 4810
f 11293 4810 11283
f 4809 11292 4811
f 11292 11291 11276
f 11292 11275 4811
f 11292 11276 11275
f 11291 11290 11279
f 1972 11273 1974
f 7549 7547 11255
f 11255 7547 11256
f 7547 7546 11256
f 11254 1967 11253
f 11254 1966 1967
f 7542 7539 11276
f 11253 1967 1948
f 7539 4811 11275
f 7539 11275 11276
f 1970 11274 1972
f 11274 11273 1972
f 11277 11254 11258
f 11270 11266 7555
f 11270 2097 11264
f 11270 7559 11269
f 11270 11269 2098
f 11270 7555 7557
f 11270 7557 7559
f 11270 11264 11272
f 11270 11272 11271
f 11270 11271 11266
f 11270 2098 2097
f 11269 11268 11267
f 11277 7542 11276
f 7540 7541 11282
f 11281 1871 11280
f 11281 1869 1871
f 7545 7548 11266
f 11280 1871 1873
f 7548 11265 11266
f 7548 7550 11265
f 1866 11264 1862
f 11264 11263 1862
f 1862 11263 1863
f 11277 11256 7546
f 11236 11228 11227
f 11277 1966 11254
f 11277 11274 1970
f 11277 1970 1968
f 11277 1968 1966
f 11277 11276 11279
f 11277 11279 11278
f 11277 11278 11274
f 11277 7546 7544
f 11277 7544 7542
f 11277 11259 11256
f 11277 11258 11259
f 11193 11194 11191
f 11197 11183 11196
f 11197 11184 11183
f 11196 4837 4836
f 11196 11183 4837
f 11193 11191 7602
f 11193 11192 1982
f 11193 1986 11189
f 11193 7600 11192
f 11193 7602 7600
f 11193 11189 11195
f 11193 11195 11194
f 11198 11187 11184
f 11193 1982 1986
f 11192 7598 11174
f 11192 11176 1979
f 11192 7600 7598
f 11192 1979 1982
f 11192 11177 11176
f 11192 11175 11177
f 11192 11174 11175
f 4858 7602 11190
f 11190 7602 11191
f 7598 11173 11174
f 11203 11187 11198
f 11191 11194 11207
f 11191 11207 11208
f 11194 11195 11206
f 11194 11206 11207
f 11195 11189 11205
f 11195 11205 11206
f 11189 11188 11204
f 11189 11204 11205
f 11188 1994 11204
f 11188 1992 1994
f 11203 11199 11186
f 7598 4835 11173
f 11203 11186 11202
f 11203 11202 11187
f 11203 11198 11199
f 11202 11186 11187
f 1888 1889 11201
f 1889 11181 11201
f 11201 11181 11200
f 11181 11182 11200
f 11200 11182 11199
f 11182 11186 11199
f 11198 11184 11197
f 11179 11177 11175
f 11163 1893 1892
f 7627 4837 11183
f 7627 11183 11184
f 1897 11182 1890
f 11182 11181 1890
f 1890 11181 1889
f 11180 11162 11179
f 11180 11179 11161
f 11180 11161 11162
f 11179 11162 11177
f 11179 11175 11161
f 7625 7627 11184
f 1981 11178 11155
f 1981 1977 11178
f 11155 11176 11156
f 11155 11178 11176
f 11156 11177 11162
f 11156 11176 11177
f 11161 11175 11158
f 11175 11174 11158
f 11158 11174 11157
f 11174 11173 11157
f 11157 11173 4838
f 11185 11187 11186
f 11189 1986 11188
f 11188 1986 1992
f 11176 11178 1979
f 1979 11178 1977
f 11185 11166 7622
f 11185 7625 11184
f 11185 1894 11164
f 11185 11182 1897
f 11185 1897 1895
f 11185 1895 1894
f 11185 11184 11187
f 11190 11208 11209
f 11185 11186 11182
f 11185 7622 7623
f 11185 7623 7625
f 11185 11169 11166
f 11185 11168 11169
f 11185 11164 11168
f 7620 7621 11165
f 11165 7621 11166
f 7621 7622 11166
f 11164 1893 11163
f 11164 1894 1893
f 4849 4848 11226
f 11210 11211 11231
f 11211 11215 11230
f 11211 11230 11231
f 11215 11216 11229
f 11215 11229 11230
f 11216 11213 11228
f 11216 11228 11229
f 11213 11212 11227
f 11213 11227 11228
f 11212 4849 11226
f 11212 11226 11227
f 1880 11231 1881
f 11225 11224 4854
f 11225 11205 2002
f 11225 4856 11208
f 11225 2011 11224
f 11225 4854 4855
f 11225 4855 4856
f 11225 2002 2011
f 11225 11206 11205
f 11225 11207 11206
f 11225 11208 11207
f 11224 2010 11223
f 11226 4848 4847
f 11236 11229 11228
f 11236 11230 11229
f 2032 2049 11232
f 2049 2057 11232
f 11235 4841 4840
f 11235 4840 4839
f 2051 11231 11230
f 2051 1881 11231
f 4845 11227 4846
f 11227 11226 4846
f 4846 11226 4847
f 11224 11223 4854
f 4850 11218 11235
f 4850 11235 4839
f 11218 11221 11235
f 11221 11222 11233
f 11221 11233 11234
f 11221 11234 11235
f 11222 11219 11233
f 11219 1999 11232
f 11219 11232 11233
f 1999 2032 11232
f 1880 11210 11231
f 11214 7599 7601
f 11217 1884 1886
f 11217 7597 7599
f 11217 11198 11197
f 11217 11199 11198
f 11217 11200 11199
f 11214 7601 11213
f 11214 11211 1882
f 11214 1882 1884
f 11214 11213 11216
f 11214 11216 11215
f 11214 11215 11211
f 11217 7599 11214
f 4836 7597 11196
f 11196 7597 11197
f 7601 4849 11212
f 7601 11212 11213
f 11200 1886 11201
f 11201 1886 1888
f 11211 11210 1882
f 1882 11210 1880
f 4858 11190 11209
f 4858 11209 4857
f 11190 11191 11208
f 1994 2001 11204
f 11224 2011 2010
f 11223 11220 4854
f 11223 2010 11220
f 11220 2009 11219
f 11220 11218 4851
f 11220 4851 4853
f 11220 4853 4854
f 11220 11219 11222
f 11220 11222 11221
f 11220 11221 11218
f 11220 2010 2009
f 11056 11055 4897
f 11204 2001 11205
f 2001 2002 11205
f 11208 4856 11209
f 11209 4856 4857
f 2009 1998 11219
f 1998 1999 11219
f 4851 11218 4852
f 11218 4850 4852
f 11217 11197 7597
f 11217 1886 11200
f 11217 11214 1884
f 1645 10887 1643
f 10896 7656 7658
f 10896 1645 1649
f 10896 10886 10885
f 10896 10884 10886
f 10896 10883 10884
f 4867 7654 10894
f 10894 7654 10895
f 7658 10882 10883
f 7658 4865 10882
f 10893 1652 10892
f 10892 1652 1659
f 10885 10887 1645
f 10896 10885 1645
f 10891 10875 169
f 10891 169 10890
f 10891 162 10873
f 10891 10890 162
f 10891 10878 10875
f 10891 10877 10878
f 10891 10873 10877
f 10890 169 176
f 10890 176 175
f 10890 175 162
f 7639 7637 10874
f 10900 166 4863
f 10906 172 173
f 1746 157 10905
f 157 156 10905
f 10905 156 10904
f 156 158 10904
f 10904 158 10903
f 158 172 10903
f 10902 165 10901
f 10902 173 165
f 10901 164 10900
f 10901 165 164
f 10874 7637 10875
f 10900 164 166
f 10897 10895 7654
f 10897 10896 1649
f 10897 1652 10893
f 10897 7656 10896
f 10897 7654 7656
f 10897 10893 10899
f 10897 10899 10898
f 10897 10898 10895
f 10897 1649 1652
f 10896 7658 10883
f 10880 1704 10864
f 10867 10883 10868
f 10883 10882 10868
f 10868 10882 4864
f 10882 4865 4864
f 10881 10879 10880
f 10881 10860 7651
f 10881 7650 10879
f 10881 10880 10862
f 10881 7651 7650
f 10881 10861 10860
f 10881 10862 10861
f 10884 10883 10867
f 10880 10879 1714
f 10880 1714 1705
f 10880 1705 1704
f 10880 10863 10862
f 10880 10864 10863
f 10879 7647 10876
f 10879 10876 1715
f 10879 1715 1714
f 10879 7650 7649
f 10879 7649 7647
f 10876 7645 10875
f 10889 10888 10870
f 7637 169 10875
f 7637 7632 169
f 7632 170 167
f 7632 167 169
f 10873 1747 10872
f 10873 162 1747
f 10872 1747 1709
f 1747 162 1748
f 162 159 1748
f 1748 159 161
f 10889 10871 10888
f 10907 10902 10903
f 10889 10870 10871
f 10888 10871 10886
f 10888 10884 10870
f 10888 10886 10884
f 1647 10887 10865
f 1647 1643 10887
f 10865 10885 10866
f 10865 10887 10885
f 10866 10886 10871
f 10866 10885 10886
f 10870 10884 10867
f 10927 1835 10924
f 10929 1836 10928
f 10929 4871 4870
f 10929 4870 4869
f 10929 1827 1836
f 10929 10911 10912
f 10929 10910 10911
f 10929 10909 10910
f 10928 1835 10927
f 10928 10927 4871
f 10928 1836 1835
f 10927 10924 4871
f 10929 4869 10909
f 10924 1834 10923
f 10924 10922 4873
f 10924 4873 4872
f 10924 4872 4871
f 10924 10923 10926
f 10924 10926 10925
f 10924 10925 10922
f 10924 1835 1834
f 1662 1826 10913
f 10913 1826 10912
f 1826 1827 10912
f 10934 10933 10920
f 10939 10926 10923
f 10938 10937 10926
f 10937 10936 10922
f 10937 10925 10926
f 10937 10922 10925
f 10936 4876 10922
f 4876 4866 10922
f 4877 10935 4875
f 10935 10934 10917
f 10935 10916 4875
f 10935 10917 10916
f 10909 4869 10908
f 10934 10920 10917
f 10933 10932 10919
f 10933 10919 10920
f 10932 10931 10915
f 10932 10915 10919
f 10931 10930 10914
f 10931 10914 10915
f 10930 1684 1739
f 10930 1739 10914
f 10929 10928 4871
f 10929 10912 1827
f 10911 10899 10893
f 7655 10916 10917
f 10904 1744 10905
f 10905 1744 1746
f 10915 10914 1740
f 1740 10914 1739
f 1662 10913 1659
f 10913 10912 10892
f 10913 10892 1659
f 10912 10911 10893
f 10912 10893 10892
f 10911 10910 10899
f 7655 4875 10916
f 10910 10909 10898
f 10910 10898 10899
f 10909 10908 10895
f 10909 10895 10898
f 10908 4868 4867
f 10908 10894 10895
f 10908 4867 10894
f 10907 10903 172
f 10907 173 10902
f 10907 172 10906
f 10907 10906 173
f 10921 10902 10901
f 10908 4869 4868
f 1834 1824 10923
f 1824 1666 10923
f 4873 10922 4874
f 10922 4866 4874
f 10921 10901 7659
f 10921 1744 10904
f 10921 10918 1742
f 10921 7657 10918
f 10921 1742 1744
f 10921 7659 7657
f 10876 10873 1708
f 10921 10903 10902
f 10921 10904 10903
f 10918 7655 10917
f 10918 10915 1740
f 10918 1740 1742
f 10918 10917 10920
f 10918 10920 10919
f 10918 10919 10915
f 10918 7657 7655
f 4863 7659 10900
f 10900 7659 10901
f 10831 2156 2161
f 10836 10830 10829
f 10836 6056 10830
f 10836 6062 6056
f 10835 10829 10828
f 10835 10828 10834
f 10834 10828 10833
f 10833 10827 10832
f 10833 10828 10827
f 10832 10827 10826
f 10832 10825 10831
f 10832 10826 10825
f 10831 10825 2156
f 10836 10829 10835
f 10830 10823 10829
f 10830 6050 10824
f 10830 6056 6050
f 10830 10824 10823
f 10829 10823 10822
f 10829 10822 10828
f 10828 10821 10827
f 10828 10822 10821
f 10827 10820 10826
f 10827 10821 10820
f 10826 10820 10819
f 10839 10838 10787
f 10842 6069 6062
f 10842 10784 6077
f 10842 10785 10784
f 10841 10840 10785
f 10841 10834 10840
f 10841 10835 10834
f 10840 10833 10839
f 10840 10839 10790
f 10840 10834 10833
f 10840 10790 10785
f 10839 10833 10838
f 10826 10819 10825
f 10839 10788 10790
f 10839 10787 10788
f 10838 10831 10837
f 10838 10833 10832
f 10838 10837 10787
f 10838 10832 10831
f 10837 10831 2161
f 10837 2161 2126
f 10837 2126 2125
f 10837 10783 10787
f 10837 2125 10783
f 10811 10805 10804
f 10815 10808 10814
f 10815 10809 10808
f 10814 10807 10813
f 10814 10808 10807
f 10813 10807 2140
f 10813 2140 2142
f 10812 10806 10805
f 10812 6025 10806
f 10812 10805 10811
f 10812 6034 6025
f 10811 10804 10810
f 10816 10810 10809
f 10810 10803 10809
f 10810 10804 10803
f 10809 10803 10802
f 10809 10802 10808
f 10808 10802 10801
f 10808 10801 10807
f 10807 10801 2133
f 10807 2133 2140
f 10806 10796 10805
f 10806 6025 10795
f 10806 10795 10796
f 10821 10815 10814
f 10825 10819 2150
f 10825 2150 2156
f 10824 6042 10818
f 10824 6050 6042
f 10824 10818 10823
f 10823 10817 10822
f 10823 10818 10817
f 10822 10816 10815
f 10822 10817 10816
f 10822 10815 10821
f 10821 10814 10820
f 10842 6077 6069
f 10820 10814 10813
f 10820 10813 10819
f 10819 10813 2142
f 10819 2142 2150
f 10818 6034 10812
f 10818 10812 10811
f 10818 6042 6034
f 10818 10811 10817
f 10817 10811 10810
f 10817 10810 10816
f 10816 10809 10815
f 7631 7633 10849
f 10869 10870 10867
f 10869 1661 1655
f 10869 1655 1651
f 10869 10858 10847
f 10869 10857 10858
f 10869 10849 10857
f 4864 7628 10868
f 10868 7628 10867
f 7628 7629 10867
f 10866 1648 10865
f 10866 1651 1648
f 10869 10871 10870
f 10865 1648 1647
f 7633 10848 10849
f 7633 7638 10848
f 1661 10847 1663
f 10847 10844 1663
f 1663 10844 1664
f 1680 10843 1679
f 10843 10851 10864
f 10843 10864 1679
f 10851 10852 10863
f 10851 10863 10864
f 10864 1704 1679
f 10876 1708 1715
f 10876 10875 10878
f 10876 10878 10877
f 10876 10877 10873
f 10876 7647 7645
f 7652 7653 10859
f 7653 7651 10859
f 10859 7651 10860
f 7645 7643 10875
f 7643 7641 10874
f 7643 10874 10875
f 10852 10854 10862
f 7641 7639 10874
f 10873 10872 1708
f 1708 10872 1706
f 10872 1709 1706
f 10869 10867 7629
f 10869 7631 10849
f 10869 1651 10866
f 10869 10847 1661
f 10869 7629 7630
f 10869 7630 7631
f 10869 10866 10871
f 7642 7644 10848
f 10853 10846 10854
f 10853 10854 10852
f 10853 7634 7636
f 10850 10843 1838
f 10850 1838 1837
f 10850 1837 1847
f 10850 1847 1846
f 10850 10852 10851
f 10850 10851 10843
f 7638 7640 10848
f 7640 7642 10848
f 10853 7636 10846
f 10848 7644 10849
f 10847 1839 10844
f 10847 1840 1839
f 7636 7635 10845
f 7636 10845 10846
f 10844 1839 1664
f 10843 1680 1838
f 10842 10841 10785
f 10842 10835 10841
f 10842 10836 10835
f 10842 6062 10836
f 10856 7648 10855
f 10852 10862 10863
f 10854 10846 10861
f 10854 10861 10862
f 10846 10845 10860
f 10846 10860 10861
f 10845 7635 10859
f 10845 10859 10860
f 7635 7652 10859
f 10856 10855 1846
f 10856 10849 7644
f 10856 1840 10847
f 10939 10923 1666
f 10856 1846 1840
f 10856 7644 7646
f 10856 7646 7648
f 10856 10847 10858
f 10856 10858 10857
f 10856 10857 10849
f 10855 10850 1846
f 10855 7634 10853
f 10855 10853 10850
f 10855 7648 7634
f 10853 10852 10850
f 11014 11001 1635
f 7705 7703 11005
f 7703 7701 11005
f 11005 7701 11006
f 11004 1783 11003
f 11004 1787 1783
f 7696 7693 11018
f 7696 11018 11019
f 11003 1783 1725
f 11017 1762 1781
f 11014 11012 7711
f 11014 7715 10998
f 11014 1630 11011
f 7707 7705 11005
f 11014 7711 7713
f 11014 7713 7715
f 11014 11011 11016
f 11014 11016 11015
f 11014 11015 11012
f 11014 1635 1632
f 11014 1632 1630
f 11014 11000 11001
f 11014 10999 11000
f 11014 10998 10999
f 7706 7709 11013
f 11025 7697 7694
f 11026 1787 11004
f 11026 7697 11025
f 11026 1788 1787
f 11026 7701 7699
f 11026 7699 7697
f 11026 11009 11006
f 11026 11008 11009
f 11026 11004 11008
f 11025 11020 1788
f 11025 7694 11023
f 11025 11023 11020
f 11013 7709 11012
f 11023 11022 11020
f 11023 7696 11019
f 11023 11019 11024
f 11023 11024 11022
f 11023 7694 7696
f 11020 11017 1781
f 11020 1781 1790
f 11020 1790 1789
f 11020 1789 1788
f 11020 11022 11021
f 11020 11021 11017
f 1724 11003 1725
f 4862 7716 10996
f 10996 7716 10995
f 7716 7714 10995
f 10992 1733 10991
f 10992 1731 1733
f 7710 7708 11006
f 10991 1733 1735
f 7708 7707 11005
f 7708 11005 11006
f 1726 11004 1724
f 11004 11003 1724
f 11007 10992 10993
f 1639 11002 10984
f 1639 10984 1641
f 11002 11001 10985
f 11002 10985 10984
f 11001 11000 10990
f 11001 10990 10985
f 11000 10999 10989
f 11000 10989 10990
f 10999 10998 10986
f 10999 10986 10989
f 10998 10997 10987
f 11007 7710 11006
f 7709 7711 11012
f 11011 1631 11010
f 11011 1630 1631
f 7715 7717 10998
f 11010 1631 1634
f 7717 10997 10998
f 7717 4859 10997
f 1635 11001 1637
f 11001 11002 1637
f 1637 11002 1639
f 11007 10995 7714
f 11026 11006 7701
f 11007 1731 10992
f 11007 11004 1726
f 11007 1726 1729
f 11007 1729 1731
f 11007 11006 11009
f 11007 11009 11008
f 11007 11008 11004
f 11007 7714 7712
f 11007 7712 7710
f 11007 10994 10995
f 11007 10993 10994
f 11044 11042 11043
f 11049 11038 11040
f 1718 1784 11048
f 11048 1784 11047
f 1784 1785 11047
f 11046 4907 11045
f 11045 4907 4908
f 1792 1782 11038
f 1782 1765 11038
f 4902 11044 4903
f 11044 4901 4903
f 4901 11044 4890
f 11049 11040 11042
f 11044 11043 4890
f 11042 11040 11041
f 11042 11041 11043
f 11040 11038 11039
f 11040 11039 11041
f 11038 1765 11037
f 11038 11037 11039
f 1765 1766 11037
f 1762 11017 1763
f 11017 11021 11027
f 11017 11027 1763
f 11052 4906 4907
f 4897 11055 4898
f 11055 4899 4898
f 11052 1794 11051
f 11052 11047 1785
f 11052 4907 11046
f 11052 11051 4905
f 11052 1785 1794
f 11052 11046 11054
f 11052 11054 11053
f 11052 11053 11047
f 11052 4905 4906
f 11021 11022 11033
f 11051 1793 11050
f 11051 11050 4905
f 11051 1794 1793
f 11050 1793 11049
f 11050 11049 4905
f 11049 1792 11038
f 11049 11044 4902
f 11049 1793 1792
f 11049 4902 4904
f 11049 4904 4905
f 11049 11042 11044
f 7689 7691 11028
f 11031 11030 1821
f 11031 7692 7695
f 11031 7695 7698
f 11031 1821 1820
f 11030 7700 11012
f 11030 11011 1822
f 11030 7698 7700
f 11030 1822 1821
f 11030 11016 11011
f 11030 11015 11016
f 11030 11012 11015
f 11031 7698 11030
f 7691 7690 11028
f 11028 7690 11029
f 7700 7702 11012
f 7702 7704 11013
f 7702 11013 11012
f 11027 1810 1763
f 7704 7706 11013
f 11011 11010 1822
f 1822 11010 1812
f 11010 1634 1812
f 11026 11025 1788
f 11035 11029 7690
f 11021 11033 11027
f 11022 11024 11034
f 11022 11034 11033
f 11024 11019 11036
f 11024 11036 11034
f 11019 11018 11029
f 11019 11029 11036
f 11018 7693 11028
f 11018 11028 11029
f 7693 7689 11028
f 11035 11031 11032
f 10998 10987 10986
f 11035 7692 11031
f 11035 11032 11034
f 11035 7690 7692
f 11035 11034 11036
f 11035 11036 11029
f 11032 11031 1820
f 11032 1810 11027
f 11032 11027 11033
f 11032 11033 11034
f 11032 1820 1819
f 11032 1819 1810
f 7671 7673 10960
f 10964 7667 7669
f 10961 7671 10960
f 10961 10958 1697
f 10961 1697 1696
f 10961 10960 10963
f 10961 10963 10962
f 10961 10962 10958
f 10961 7669 7671
f 7660 7662 10946
f 7662 7661 10946
f 10946 7661 10948
f 10964 7663 7667
f 7673 7675 10959
f 7673 10959 10960
f 10955 1682 1670
f 7675 7677 10959
f 10958 10957 1697
f 1697 10957 1687
f 10957 1686 1687
f 1668 10956 1670
f 10956 10954 10955
f 10956 10955 1670
f 10954 10951 10953
f 10966 7661 7663
f 10969 7672 10970
f 10968 1825 10967
f 10968 1829 1825
f 7664 10945 10947
f 7664 7666 10945
f 10967 1825 1658
f 10956 1668 1823
f 10966 10964 10965
f 10966 10948 7661
f 10966 7663 10964
f 10966 10965 10952
f 10954 10953 10955
f 10966 10950 10948
f 10966 10952 10950
f 10965 1682 10955
f 10965 10964 1695
f 10965 1695 1694
f 10965 1694 1682
f 10965 10953 10952
f 10965 10955 10953
f 10964 7669 10961
f 10964 10961 1696
f 10964 1696 1695
f 1669 1681 10939
f 10941 10940 4883
f 10941 1690 10940
f 10941 4883 4885
f 10940 1685 10931
f 10940 10934 4880
f 10940 1690 1689
f 10940 1689 1685
f 10940 4880 4883
f 10940 10933 10934
f 10940 10932 10933
f 10940 10931 10932
f 10942 10941 4885
f 1681 1692 10939
f 10936 4881 4882
f 10936 4882 4876
f 1685 10930 10931
f 1685 1684 10930
f 4880 10934 4879
f 10934 10935 4879
f 4879 10935 4878
f 10935 4877 4878
f 1669 10939 1666
f 10939 10938 10926
f 10944 1691 10943
f 10951 10949 10950
f 10951 10950 10952
f 10951 10952 10953
f 10949 10947 10948
f 10949 10948 10950
f 10947 10945 10946
f 10947 10946 10948
f 10945 7660 10946
f 10945 7666 7660
f 10944 10943 4884
f 10944 10939 1692
f 7674 7672 10969
f 10944 4881 10936
f 10944 1692 1691
f 10944 10938 10939
f 10944 10937 10938
f 10944 10936 10937
f 10944 4884 4881
f 10943 1690 10942
f 10943 10942 4885
f 10943 1691 1690
f 10943 4885 4884
f 10942 1690 10941
f 7682 7680 10970
f 10988 10989 10986
f 10988 1653 1650
f 10988 1650 1646
f 10988 10976 10968
f 10988 10975 10976
f 10988 10970 10975
f 4861 7687 10987
f 10987 7687 10986
f 7687 7686 10986
f 10985 1644 10984
f 10985 1646 1644
f 10988 10990 10989
f 10984 1644 1641
f 7680 10969 10970
f 7680 7678 10969
f 1653 10968 1657
f 10968 10967 1657
f 1657 10967 1658
f 10981 10960 7681
f 10981 7685 10980
f 10981 1738 10958
f 10981 10978 1743
f 10981 1743 1741
f 10993 10978 10982
f 10997 4859 4861
f 10997 4861 10987
f 4862 10996 10979
f 4862 10979 4860
f 10996 10995 10980
f 10996 10980 10979
f 10995 10994 10983
f 10995 10983 10980
f 10994 10993 10983
f 10993 10992 10978
f 10993 10982 10983
f 10981 1741 1738
f 10992 10991 10977
f 10992 10977 10978
f 10991 1735 1736
f 10991 1736 10977
f 10988 10986 7686
f 10988 7682 10970
f 10988 1646 10985
f 10988 10968 1653
f 10988 7686 7684
f 10988 7684 7682
f 10988 10985 10990
f 10972 10951 10971
f 10974 7672 7670
f 10974 7670 7668
f 10974 10968 10976
f 10974 10976 10975
f 10974 10975 10970
f 10974 1830 1829
f 10973 10972 10971
f 10973 7665 10972
f 10973 10971 1830
f 10973 7668 7665
f 10972 7664 10947
f 10974 10973 1830
f 10972 7665 7664
f 10972 10949 10951
f 10972 10947 10949
f 10971 10956 1823
f 10971 1823 1832
f 10971 1832 1831
f 10971 1831 1830
f 10971 10954 10956
f 10971 10951 10954
f 7678 7676 10969
f 7676 7674 10969
f 10958 1737 10957
f 10981 10980 10983
f 10981 10983 10982
f 10981 10982 10978
f 10981 7681 7683
f 10981 7683 7685
f 10981 10963 10960
f 10981 10962 10963
f 10981 10958 10962
f 7677 7679 10959
f 10959 7679 10960
f 7679 7681 10960
f 10237 10246 10247
f 10958 1738 1737
f 7685 7688 10980
f 10957 1737 1686
f 7688 4860 10979
f 7688 10979 10980
f 1743 10978 1745
f 10978 10977 1745
f 1745 10977 1736
f 10974 10970 7672
f 10974 1829 10968
f 10974 7668 10973
f 3084 3069 3070
f 3092 3095 3096
f 3092 3094 3095
f 3092 3093 3094
f 3092 3090 3093
f 3035 3027 3091
f 3027 3030 3090
f 3088 3085 3089
f 3085 3086 3087
f 3084 3072 3052
f 3084 3080 3069
f 3084 3081 3074
f 3084 3058 3081
f 3092 3096 3086
f 3084 3070 3071
f 3084 3071 3072
f 3084 3074 3080
f 3084 3052 3058
f 3081 3058 3079
f 3081 3075 3074
f 3081 3083 3075
f 3081 3082 3083
f 3081 3079 3082
f 3042 3052 3073
f 3073 3052 3072
f 406 1578 3102
f 403 417 3107
f 403 3107 3108
f 417 416 3106
f 417 3106 3107
f 416 408 3105
f 416 3105 3106
f 408 407 3104
f 408 3104 3105
f 407 406 3102
f 407 3102 3103
f 407 3103 3104
f 3069 3080 3068
f 3097 3091 3027
f 3097 3085 3088
f 3097 3027 3092
f 3097 3092 3085
f 3097 3101 3091
f 3097 3100 3101
f 3097 3099 3100
f 3097 3098 3099
f 3097 3088 3098
f 3092 3027 3090
f 3092 3086 3085
f 333 3058 331
f 3065 3064 1501
f 3065 1501 1491
f 3064 3063 1500
f 3064 1500 1501
f 3063 3062 1488
f 3063 1488 1500
f 3062 3061 1487
f 3062 1487 1488
f 3061 3059 1487
f 3059 3060 1378
f 3059 1378 1487
f 3066 1491 1490
f 331 3058 336
f 428 3057 423
f 3058 3052 3055
f 3058 337 336
f 3058 3055 337
f 3057 3053 423
f 423 3056 424
f 423 3054 3056
f 423 3053 3054
f 3055 3052 3051
f 3053 3050 3054
f 3071 3064 3065
f 3068 3080 3067
f 3058 3078 3079
f 3058 333 3078
f 3074 3076 3077
f 3074 3075 3076
f 3042 3073 1577
f 3073 3072 3066
f 3073 3066 1577
f 3072 3071 3065
f 3072 3065 3066
f 3071 3070 3064
f 404 3108 2903
f 3070 3069 3063
f 3070 3063 3064
f 3069 3068 3062
f 3069 3062 3063
f 3068 3067 3059
f 3068 3059 3061
f 3068 3061 3062
f 3067 3060 3059
f 1577 3066 1490
f 1577 1490 1492
f 3066 3065 1491
f 3129 3146 3131
f 3150 3151 3139
f 3141 3151 3142
f 3139 3151 3141
f 3149 3150 3137
f 3137 3150 3139
f 3148 3149 3135
f 3135 3149 3137
f 3147 3148 3133
f 3133 3148 3135
f 3146 3147 3131
f 3131 3147 3133
f 3142 3152 3144
f 3145 3146 3129
f 3142 3144 3143
f 3141 3142 3140
f 3140 3142 3143
f 3139 3141 3140
f 3137 3139 3138
f 3138 3139 3140
f 3135 3137 3136
f 3136 3137 3138
f 3133 3135 3134
f 3134 3135 3136
f 3160 3164 3165
f 3150 3166 3162
f 3157 3166 3147
f 3164 3166 3154
f 3159 3166 3164
f 3162 3166 3159
f 3149 3166 3150
f 3148 3166 3149
f 3147 3166 3148
f 3154 3166 3157
f 3159 3164 3160
f 3156 3164 3154
f 3131 3133 3132
f 3165 3164 3163
f 3163 3164 3156
f 3162 3152 3151
f 3162 3151 3150
f 3161 3159 3158
f 3158 3159 3160
f 3157 3147 3146
f 3157 3146 3145
f 3153 3156 3154
f 3153 3154 3155
f 3151 3152 3142
f 3107 1525 1516
f 2588 3118 2043
f 3114 3117 3115
f 3114 3115 3116
f 3113 3112 3109
f 3112 3110 3109
f 3109 3110 3111
f 2903 3108 1513
f 2903 1513 1515
f 3108 3107 1516
f 3108 1516 1513
f 3107 3106 1525
f 3119 3114 3116
f 3106 3105 1526
f 3106 1526 1525
f 3105 3104 1519
f 3105 1519 1526
f 3104 3103 1517
f 3104 1517 1519
f 3103 3102 1517
f 3102 1520 1517
f 3102 1578 1520
f 383 404 2903
f 404 403 3108
f 3123 3126 3125
f 3132 3133 3134
f 3129 3131 3130
f 3130 3131 3132
f 3128 3129 3130
f 3123 2586 3122
f 3123 3119 3116
f 3123 3120 2587
f 3123 3112 3113
f 3123 3113 3127
f 3123 3127 3120
f 3123 3116 3126
f 3053 3049 3050
f 3123 3125 3112
f 3123 3122 3124
f 3123 3124 3119
f 3123 2591 2586
f 3123 2590 2591
f 3123 2587 2590
f 2585 3121 2584
f 2584 3121 2586
f 3121 3122 2586
f 2587 3118 2588
f 2587 3120 3118
f 2975 2976 2968
f 2984 2963 2983
f 464 2982 447
f 2983 2963 2981
f 2982 2980 2962
f 2982 2962 447
f 2981 2963 2980
f 2980 2963 2962
f 2978 2979 2971
f 2977 2978 2970
f 2970 2978 2971
f 2976 2977 2969
f 2969 2977 2970
f 2985 2963 2984
f 2968 2976 2969
f 2974 2975 2967
f 2967 2975 2968
f 2973 2974 2966
f 2966 2974 2967
f 2972 2973 2964
f 2964 2973 2965
f 2965 2973 2966
f 2963 2972 2964
f 2970 2971 2940
f 2940 2971 2941
f 2954 2993 2956
f 2995 2983 2981
f 2995 2981 2980
f 2995 2990 2998
f 2995 2998 2997
f 2995 2997 2987
f 2995 2994 2996
f 2995 2996 2992
f 2995 2961 2956
f 2995 2960 2961
f 2995 2957 2960
f 2955 2993 2954
f 2969 2970 2942
f 2993 2994 2956
f 2957 2982 2958
f 2957 2980 2982
f 2992 2988 2990
f 2958 2982 464
f 2988 2991 2989
f 2988 2989 2990
f 2983 2987 2984
f 2987 2986 2984
f 2984 2986 2985
f 2972 2963 2985
f 468 470 2952
f 2959 466 478
f 464 463 2958
f 2958 465 2957
f 2958 463 465
f 463 462 465
f 2957 465 466
f 2956 468 2954
f 2956 469 468
f 2954 468 2953
f 2954 2953 2955
f 2953 468 2952
f 2959 478 479
f 2946 2949 2944
f 2943 2949 2948
f 2939 2949 2942
f 2948 2949 2938
f 2942 2949 2951
f 2951 2949 2950
f 2950 2949 2946
f 2938 2949 2939
f 2944 2949 2943
f 2943 2948 2713
f 2711 2948 2938
f 2963 2964 2947
f 2942 2970 2940
f 2968 2969 2951
f 2951 2969 2942
f 2967 2968 2950
f 2950 2968 2951
f 2966 2967 2946
f 2946 2967 2950
f 2965 2966 2945
f 2945 2966 2946
f 2964 2965 2945
f 2947 2964 2945
f 2995 2987 2983
f 2963 2947 2962
f 2947 2944 1391
f 2947 1391 2962
f 2944 2943 1391
f 2943 1585 1391
f 2959 2957 466
f 2959 469 2956
f 2959 2956 2961
f 2959 2961 2960
f 2959 2960 2957
f 2959 479 469
f 2985 2986 2972
f 3031 3028 3027
f 3027 3029 3030
f 3027 3028 3029
f 1577 1578 406
f 3026 406 3025
f 3025 405 3024
f 3025 406 405
f 3024 412 3023
f 3024 405 412
f 3023 412 3022
f 3022 412 414
f 3032 3031 3027
f 2986 2987 3003
f 2986 3003 2972
f 2987 2997 3000
f 2987 3000 3003
f 2997 2998 3001
f 2997 3001 3000
f 2998 2990 3015
f 2998 3015 3001
f 2990 2989 3016
f 2990 3016 3015
f 2989 2991 3013
f 3043 3044 3045
f 3051 3042 3048
f 3051 3052 3042
f 3049 3047 3050
f 3049 3046 3047
f 3048 3042 3026
f 3048 3040 3044
f 3048 3026 3041
f 3048 3044 3043
f 3048 3041 3040
f 3046 3045 3047
f 3046 3043 3045
f 2989 3013 3016
f 3042 406 3026
f 3042 1577 406
f 3040 3041 3039
f 3040 3039 3038
f 3038 3037 3036
f 3038 3039 3037
f 3036 3034 3033
f 3036 3037 3034
f 3035 3032 3027
f 3033 3028 3031
f 3033 3034 3028
f 3006 3008 3009
f 3003 3011 2974
f 3008 3011 3000
f 2974 3011 2975
f 2975 3011 2976
f 2976 3011 2977
f 3000 3011 3003
f 3007 3011 3004
f 3004 3008 3006
f 3002 3008 3000
f 3010 3008 3002
f 3009 3008 3010
f 3004 3011 3008
f 3007 2979 2978
f 3007 2978 2977
f 3005 3004 3006
f 577 3004 3005
f 3003 2974 2973
f 3003 2973 2972
f 2999 3002 3000
f 2999 3000 3001
f 2995 2956 2994
f 2995 2992 2990
f 2995 2980 2957
f 3019 3018 3020
f 2991 3014 3013
f 3006 3018 578
f 580 3018 3017
f 3016 3018 3002
f 3012 3018 3013
f 3002 3018 3010
f 3010 3018 3009
f 3009 3018 3006
f 3013 3018 3016
f 3021 3018 3012
f 3020 3018 3021
f 3145 3167 3168
f 3017 3018 3019
f 579 3018 580
f 578 3018 579
f 578 577 3005
f 578 3005 3006
f 582 580 3017
f 3015 3002 2999
f 3016 3002 3015
f 3015 2999 3001
f 3012 3013 3014
f 2977 3011 3007
f 3267 3293 3265
f 3273 3286 3276
f 3288 3287 3273
f 3289 3288 3275
f 3275 3288 3273
f 3290 3289 3282
f 3282 3289 3275
f 3291 3290 3281
f 3281 3290 3282
f 3292 3291 3268
f 3268 3291 3281
f 3293 3292 3265
f 3265 3292 3268
f 3287 3286 3273
f 3292 3293 3258
f 3258 3293 3256
f 3291 3292 3259
f 3259 3292 3258
f 3290 3291 3262
f 3262 3291 3259
f 3289 3290 3263
f 3263 3290 3262
f 3288 3289 3255
f 3255 3289 3263
f 3287 3288 3254
f 3301 3299 3302
f 3296 3295 3304
f 3272 3299 3298
f 794 3299 3279
f 3296 3299 3297
f 3294 3299 795
f 3279 3299 3285
f 3285 3299 3284
f 3284 3299 3272
f 795 3299 794
f 3303 3299 3294
f 3302 3299 3303
f 3254 3288 3255
f 3297 3299 3301
f 3300 3299 3296
f 3298 3299 3300
f 3298 3271 3270
f 3298 3270 3272
f 3295 3296 3297
f 794 3279 3278
f 791 3278 792
f 794 3278 791
f 3294 795 797
f 3286 3246 3276
f 3263 3261 3255
f 3265 3266 3267
f 3248 3264 3260
f 2646 3264 3250
f 3260 3264 3261
f 3261 3264 2646
f 3250 3264 3253
f 3253 3264 3252
f 3252 3264 3248
f 3257 3261 3259
f 3255 3261 2648
f 2648 3261 2646
f 3265 3268 3266
f 3262 3261 3263
f 3259 3261 3262
f 3260 3261 3257
f 3260 2048 3247
f 3260 3247 3248
f 3258 3257 3259
f 3256 3257 3258
f 2646 3250 3249
f 2646 3249 2644
f 3254 3255 2648
f 3254 2648 2650
f 3274 3280 3275
f 3286 3287 3254
f 2650 3286 3254
f 3246 3286 2650
f 3279 3283 3277
f 3269 3283 3272
f 3280 3283 3269
f 3277 3283 3280
f 3285 3283 3279
f 3284 3283 3285
f 3272 3283 3284
f 3268 3280 3266
f 3296 3304 3305
f 3275 3280 3282
f 3282 3280 3281
f 3281 3280 3268
f 3277 3280 3274
f 3266 3280 3269
f 3277 792 3278
f 3277 3278 3279
f 3276 3274 3273
f 3273 3274 3275
f 3269 3272 3270
f 3269 3270 3271
f 3345 3205 3211
f 3352 3348 3350
f 3352 3353 3348
f 3351 3350 952
f 3350 3348 952
f 952 3349 953
f 952 3348 3349
f 1749 1750 3197
f 3347 3197 3346
f 3346 3205 3345
f 3346 3197 3205
f 3345 3211 3344
f 955 3351 952
f 3344 3211 3343
f 3343 3211 3213
f 3340 3319 3336
f 3340 3334 3315
f 3340 3336 3342
f 3340 3342 3341
f 3340 3341 3334
f 3340 3329 3319
f 3340 3328 3329
f 3340 3315 3328
f 3320 3339 3318
f 3365 3361 3360
f 3370 3368 3371
f 3370 3367 3368
f 3369 943 3366
f 3369 941 943
f 3367 3364 3368
f 3367 3363 3364
f 3366 3197 3347
f 3366 3347 3359
f 3366 943 3197
f 3366 3359 3365
f 3365 3358 3361
f 3339 3337 3318
f 3365 3359 3358
f 3363 3362 3364
f 3363 3360 3362
f 3360 3361 3362
f 943 1749 3197
f 3358 3359 3357
f 3358 3357 3356
f 3356 3355 3354
f 3356 3357 3355
f 3354 3353 3352
f 3354 3355 3353
f 3267 3266 3310
f 3305 3324 3306
f 3324 3325 3306
f 3309 3321 3310
f 3309 3323 3321
f 3322 3317 3319
f 3310 3321 3311
f 3317 3320 3318
f 3317 3318 3319
f 3316 3315 3312
f 3315 3313 3312
f 3312 3313 3314
f 3304 3324 3305
f 3267 3310 3311
f 3266 3269 3309
f 3266 3309 3310
f 3269 3271 3308
f 3269 3308 3309
f 3271 3298 3307
f 3271 3307 3308
f 3298 3300 3306
f 3298 3306 3307
f 3300 3296 3305
f 3300 3305 3306
f 3326 3323 3309
f 3318 3335 3319
f 3318 3337 3335
f 3337 3338 3335
f 3319 3335 3336
f 3315 3332 3313
f 3315 3334 3332
f 3313 3332 3331
f 3313 3331 3314
f 3331 3332 3333
f 3326 3306 3325
f 3326 3322 3319
f 3250 3251 2642
f 3326 3315 3316
f 3326 3316 3330
f 3326 3330 3323
f 3326 3319 3329
f 3326 3329 3328
f 3326 3328 3315
f 3326 3325 3327
f 3326 3327 3322
f 3326 3307 3306
f 3326 3308 3307
f 3326 3309 3308
f 2824 2606 2043
f 3195 3194 1779
f 3195 1779 1772
f 3194 3193 1780
f 3194 1780 1779
f 3193 3192 1774
f 3193 1774 1780
f 3192 3191 1773
f 3192 1773 1774
f 3191 3190 1773
f 3190 1727 1773
f 3190 1750 1727
f 3196 1772 1771
f 2824 3118 3144
f 2824 2043 3118
f 2606 2603 2043
f 2603 2600 2043
f 2600 2042 2043
f 3144 3109 3111
f 3144 3113 3109
f 3144 3127 3113
f 3144 3120 3127
f 3144 3118 3120
f 3144 3111 3143
f 3201 3194 3195
f 3206 3207 3208
f 3205 3198 3199
f 3205 3197 3198
f 3204 3203 2904
f 3204 3202 3203
f 2904 3203 2902
f 3203 3202 3196
f 3203 3196 2902
f 3202 3201 3195
f 3202 3195 3196
f 3201 3200 3194
f 3060 3184 3129
f 3200 3199 3193
f 3200 3193 3194
f 3199 3198 3192
f 3199 3192 3193
f 3198 3197 3190
f 3198 3190 3191
f 3198 3191 3192
f 3197 1750 3190
f 2902 3196 1771
f 2902 1771 1758
f 3196 3195 1772
f 3176 3174 3175
f 3185 3186 2512
f 2514 3182 2519
f 2514 3184 3182
f 3183 3181 3173
f 2519 3182 2520
f 3181 3177 3175
f 3181 3175 3173
f 3180 3169 3179
f 3169 3168 3179
f 3179 3168 3167
f 3178 3176 3177
f 2510 3185 2512
f 3176 3175 3177
f 3174 3172 3173
f 3174 3173 3175
f 3172 3155 3171
f 3172 3171 3173
f 3155 3154 3170
f 3155 3170 3171
f 3154 3157 3169
f 3154 3169 3170
f 3157 3145 3168
f 3157 3168 3169
f 3187 3169 3180
f 3060 3067 3182
f 3060 3182 3184
f 3067 2520 3182
f 3129 3167 3145
f 3129 3179 3167
f 3129 3180 3179
f 3129 3189 3180
f 3129 3184 3189
f 3187 2512 3186
f 3187 3183 3173
f 3187 3184 2514
f 3209 3207 3206
f 3187 3180 3189
f 3187 3189 3184
f 3187 3173 3171
f 3187 3171 3170
f 3187 3170 3169
f 3187 3186 3188
f 3187 3188 3183
f 3187 2525 2512
f 3187 2524 2525
f 3187 2514 2524
f 2511 3185 2510
f 3243 3242 1711
f 2655 3246 2669
f 2669 3246 2662
f 2662 3246 2660
f 2660 3246 2651
f 2651 3246 2650
f 1749 3245 1701
f 1749 1701 1703
f 3245 3244 1702
f 3245 1702 1701
f 3244 3243 1712
f 3244 1712 1702
f 3238 2655 2652
f 3243 1711 1712
f 3242 3241 1699
f 3242 1699 1711
f 3241 3240 1698
f 3241 1698 1699
f 3240 3239 1698
f 3239 3238 1671
f 3239 1671 1698
f 943 940 1749
f 940 942 3245
f 940 3245 1749
f 3248 3251 3252
f 2046 3251 3248
f 2637 3251 2632
f 2636 3251 2045
f 2632 3251 2633
f 2633 3251 2634
f 2634 3251 2635
f 2635 3251 2636
f 2640 3251 2637
f 2642 3251 2640
f 3253 3251 3250
f 3252 3251 3253
f 942 948 3244
f 2045 3251 2046
f 2642 2644 3249
f 2642 3249 3250
f 2631 2637 2632
f 2046 3248 3247
f 2047 3247 2048
f 2046 3247 2047
f 2636 2045 2044
f 1671 3238 2652
f 1671 2652 1672
f 3238 3246 2655
f 3215 3217 3212
f 3229 3230 3231
f 3229 3225 3230
f 3228 3223 3226
f 3226 3223 3227
f 3223 3224 3225
f 3221 3218 3222
f 3218 3219 3220
f 3215 3212 3211
f 3215 3207 3209
f 3215 3214 3207
f 3215 3211 3214
f 3229 3231 3232
f 3215 3216 3217
f 3215 3209 3216
f 3214 3202 3204
f 3214 3205 3199
f 3214 3201 3202
f 3214 3200 3201
f 3214 3199 3200
f 3214 3211 3205
f 3214 3204 3207
f 3213 3211 3210
f 3210 3211 3212
f 3234 3227 3223
f 942 3244 3245
f 948 949 3243
f 948 3243 3244
f 949 939 3242
f 949 3242 3243
f 939 938 3241
f 939 3241 3242
f 938 793 3239
f 938 3239 3240
f 938 3240 3241
f 793 3238 3239
f 2716 2948 2711
f 3234 3218 3221
f 3234 3223 3229
f 3234 3229 3218
f 3234 3237 3227
f 3234 3236 3237
f 3234 3235 3236
f 3234 3221 3235
f 3229 3223 3225
f 3229 3219 3218
f 3229 3233 3219
f 3229 3232 3233
f 2658 1843 1844
f 2672 1842 2654
f 2672 1844 1850
f 2672 1850 1849
f 2672 1849 1842
f 2672 2668 2658
f 2672 2667 2668
f 2672 2654 2667
f 2659 2671 2657
f 2671 2670 2657
f 2657 1843 2658
f 2657 2670 1843
f 2670 1642 1843
f 2672 2658 1844
f 2654 1841 2653
f 2654 1842 1841
f 2653 1841 1673
f 2653 1673 1672
f 1673 1841 1674
f 2665 2641 2664
f 2665 2661 2658
f 2665 2662 2647
f 2665 2654 2655
f 2665 2655 2669
f 2665 2669 2662
f 2680 1796 1804
f 1581 2685 2684
f 1579 2684 1580
f 1581 2684 1579
f 2683 1582 1583
f 2680 2678 1796
f 2680 1798 2677
f 2680 2677 2682
f 2680 2682 2681
f 2680 2681 2678
f 2680 1805 1798
f 2680 1804 1805
f 2665 2658 2668
f 1760 1759 2679
f 2679 1795 2678
f 2679 1759 1795
f 1759 1757 1795
f 2678 1795 1796
f 2677 1797 2675
f 2677 1798 1797
f 2675 1797 2674
f 2675 2674 2676
f 2674 1797 2673
f 1797 1624 2673
f 2620 2636 2618
f 2646 2645 2647
f 2644 2642 2643
f 2644 2643 2645
f 2642 2640 2641
f 2642 2641 2643
f 2640 2637 2639
f 2640 2639 2641
f 2637 2638 2639
f 2637 2631 2638
f 2636 2044 2036
f 2635 2636 2620
f 2646 2644 2645
f 2618 2636 2036
f 2634 2635 2620
f 2633 2634 2621
f 2621 2634 2620
f 2632 2633 2622
f 2622 2633 2621
f 2631 2632 2613
f 2613 2632 2622
f 2615 2631 2613
f 2615 2614 2630
f 2614 2617 2629
f 2647 2662 2660
f 2665 2668 2667
f 2665 2667 2654
f 2665 2664 2666
f 2665 2666 2661
f 2665 2643 2641
f 2665 2645 2643
f 2665 2647 2645
f 2638 2663 2639
f 2639 2663 2641
f 2663 2664 2641
f 2647 2660 2649
f 2686 2687 2688
f 2661 2656 2658
f 2649 2660 2651
f 2656 2659 2657
f 2656 2657 2658
f 2655 2654 2652
f 2654 2653 2652
f 2652 2653 1672
f 2650 2648 2649
f 2650 2649 2651
f 2648 2646 2647
f 2648 2647 2649
f 2734 2733 2720
f 2731 2736 2729
f 2721 2736 2724
f 2733 2736 2721
f 2729 2736 2733
f 2738 2736 2731
f 2737 2736 2738
f 2724 2736 2737
f 2720 2733 2718
f 2726 2733 2727
f 2727 2733 2735
f 2735 2733 2734
f 2739 2740 2741
f 2729 2733 2726
f 2718 2733 2721
f 2729 2732 2730
f 2729 2730 2731
f 2728 2726 2725
f 2725 2726 2727
f 2721 2724 2722
f 2721 2722 2723
f 2717 2720 2718
f 2717 2718 2719
f 2713 2714 1586
f 2740 2749 2743
f 2753 2746 2754
f 2744 2746 2753
f 2685 2752 2748
f 2743 2752 2691
f 2748 2752 2749
f 2749 2752 2743
f 2691 2752 2695
f 2695 2752 2694
f 2694 2752 2685
f 2745 2749 2747
f 2742 2749 2740
f 1588 2714 2700
f 2751 2749 2742
f 2750 2749 2751
f 2747 2749 2750
f 2748 2749 2745
f 2748 1580 2684
f 2748 2684 2685
f 2746 2745 2747
f 2744 2745 2746
f 2743 2691 2690
f 2743 2690 2692
f 2739 2742 2740
f 2688 2693 2699
f 2701 2702 2697
f 2698 2702 2699
f 2697 2702 2698
f 2700 2701 2683
f 2683 2701 2697
f 1583 2700 2683
f 1584 2700 1583
f 2691 2693 2689
f 1581 2693 2685
f 2687 2693 2688
f 2683 2693 1582
f 2699 2703 2688
f 2699 2693 2698
f 2698 2693 2697
f 2697 2693 2683
f 2696 2693 2687
f 2689 2693 2696
f 2695 2693 2691
f 2694 2693 2695
f 2685 2693 2694
f 1582 2693 1581
f 2689 2692 2690
f 2689 2690 2691
f 1586 2714 1587
f 2710 2714 2711
f 2704 2714 2706
f 2711 2714 2716
f 2716 2714 2715
f 2715 2714 2713
f 2706 2714 2710
f 2703 2714 2704
f 2702 2714 2703
f 2701 2714 2702
f 2700 2714 2701
f 1587 2714 1588
f 2614 2629 2630
f 1586 1585 2712
f 1586 2712 2713
f 1584 1588 2700
f 2707 2711 2708
f 2710 2711 2707
f 2707 2708 2709
f 2704 2706 2705
f 2704 2705 2688
f 2688 2705 2686
f 2703 2704 2688
f 2702 2703 2699
f 2549 2548 2550
f 2547 2548 1910
f 2530 2548 2544
f 1912 2548 2545
f 2542 2548 2528
f 2545 2548 2553
f 2553 2548 2552
f 2552 2548 2551
f 2551 2548 2542
f 1911 2548 1912
f 1910 2548 1911
f 2550 2548 2547
f 1914 2545 1906
f 2544 2548 2549
f 2528 2548 2530
f 1910 1909 2546
f 1910 2546 2547
f 1914 1912 2545
f 2532 2544 2543
f 2530 2544 2532
f 2532 2543 2534
f 2542 2528 2527
f 2541 2539 2540
f 2539 2537 2538
f 2560 2561 2562
f 2572 2570 2571
f 2572 2571 2573
f 2570 2568 2569
f 2570 2569 2571
f 2568 2566 2567
f 2568 2567 2569
f 2566 2564 2565
f 2566 2565 2567
f 2564 2560 2563
f 2564 2563 2565
f 2560 2562 2563
f 2539 2538 2540
f 2542 2527 2559
f 2551 2542 2557
f 2557 2542 2558
f 2558 2542 2559
f 2552 2551 2556
f 2556 2551 2557
f 2553 2552 2555
f 2555 2552 2556
f 2545 2553 2554
f 2554 2553 2555
f 1906 2545 2554
f 2503 2499 2417
f 2512 2506 2510
f 2512 2513 2506
f 2510 2506 2509
f 2510 2509 2511
f 2509 2506 2508
f 2506 2507 2508
f 2396 2394 2505
f 2505 2394 2504
f 2423 2503 2417
f 2394 2393 2501
f 2394 2501 2504
f 2514 2515 2516
f 2417 2502 2418
f 2417 2500 2502
f 2417 2499 2500
f 2501 2393 2498
f 2499 2496 2497
f 2499 2497 2500
f 2498 2393 2408
f 2498 2408 2495
f 2496 2493 2497
f 2496 2492 2493
f 2495 2456 2474
f 2521 2514 2516
f 2537 2535 2536
f 2537 2536 2538
f 2535 2533 2534
f 2535 2534 2536
f 2533 2531 2532
f 2533 2532 2534
f 2531 2529 2530
f 2531 2530 2532
f 2529 2526 2528
f 2529 2528 2530
f 2526 2527 2528
f 2574 2573 2559
f 2521 2513 2512
f 2521 2512 2525
f 2521 2525 2524
f 2521 2524 2514
f 2521 2523 2513
f 2521 2522 2523
f 2521 2516 2522
f 2520 2517 2519
f 2519 2515 2514
f 2519 2517 2515
f 2517 2518 2515
f 2607 2610 2593
f 2041 2619 2039
f 2041 2042 2601
f 2041 2601 2602
f 2036 2038 2618
f 2616 2595 2592
f 2617 2595 2616
f 2616 2592 2594
f 2613 2614 2615
f 2605 2610 2603
f 2600 2610 2607
f 2596 2610 2599
f 2039 2619 2038
f 2599 2610 2612
f 2612 2610 2611
f 2611 2610 2605
f 2593 2610 2596
f 2603 2610 2600
f 2600 2607 2602
f 2595 2607 2593
f 2609 2607 2595
f 2608 2607 2609
f 2602 2607 2608
f 2603 2606 2604
f 2602 2619 2041
f 2617 2616 2628
f 2617 2628 2629
f 2616 2594 2627
f 2616 2627 2628
f 2594 2593 2626
f 2594 2626 2627
f 2593 2596 2625
f 2593 2625 2626
f 2596 2598 2624
f 2596 2624 2625
f 2598 2623 2624
f 2603 2604 2605
f 2038 2619 2618
f 2617 2619 2595
f 2613 2619 2614
f 2595 2619 2609
f 2609 2619 2608
f 2608 2619 2602
f 2614 2619 2617
f 2622 2619 2613
f 2621 2619 2622
f 2620 2619 2621
f 2618 2619 2620
f 2557 2579 2556
f 2065 1898 2582
f 2578 2579 2569
f 1903 2579 2576
f 2573 2579 2558
f 2554 2579 1904
f 2576 2579 2581
f 2581 2579 2580
f 2580 2579 2578
f 1904 2579 1903
f 2555 2579 2554
f 2556 2579 2555
f 2583 2065 2582
f 2558 2579 2557
f 2571 2579 2573
f 2569 2579 2571
f 2569 2567 2577
f 2569 2577 2578
f 2559 2573 2558
f 1903 2576 2575
f 1899 2575 1900
f 1903 2575 1899
f 2554 1904 1906
f 2574 2572 2573
f 2589 2073 2066
f 2601 2600 2602
f 2042 2600 2601
f 2596 2599 2597
f 2596 2597 2598
f 2592 2595 2593
f 2592 2593 2594
f 2589 2587 2064
f 2589 2066 2586
f 2589 2586 2591
f 2589 2591 2590
f 2589 2590 2587
f 2754 2747 2755
f 2589 2072 2073
f 2589 2064 2072
f 2043 2040 2588
f 2588 2063 2587
f 2588 2040 2063
f 2040 2037 2063
f 2587 2063 2064
f 2586 2065 2584
f 2586 2066 2065
f 2584 2065 2583
f 2584 2583 2585
f 2888 2869 2854
f 2900 2887 2878
f 2899 2898 2880
f 2899 2880 2887
f 2898 2897 2883
f 2898 2883 2880
f 2897 2895 2896
f 2897 2896 2883
f 2895 2891 2894
f 2895 2894 2896
f 2891 2893 2894
f 2891 2892 2893
f 2869 2871 2852
f 2900 2899 2887
f 2854 2869 2852
f 2889 2888 2858
f 2858 2888 2854
f 2890 2889 2859
f 2859 2889 2858
f 2879 2890 2860
f 2860 2890 2859
f 2877 2879 2847
f 2847 2879 2860
f 2849 2877 2847
f 2882 2884 2880
f 1515 1580 2748
f 2903 2753 2787
f 2903 2787 2784
f 2787 2753 2801
f 2801 2753 2794
f 2794 2753 2792
f 2792 2753 2783
f 2783 2753 2719
f 2903 1515 2744
f 2903 2744 2753
f 1515 2745 2744
f 1515 2748 2745
f 2872 2884 2876
f 2902 2810 2816
f 2902 1758 2808
f 2902 2808 2810
f 1758 1760 2808
f 2816 2623 2598
f 2816 2805 2623
f 2816 2806 2805
f 2816 2815 2806
f 2816 2810 2815
f 2901 2900 2878
f 2901 2878 2877
f 2851 2856 2836
f 2865 2864 2835
f 2865 2835 2834
f 2864 2863 2850
f 2864 2850 2835
f 2863 2862 2851
f 2863 2851 2850
f 2862 2861 2848
f 2862 2848 2851
f 2861 2849 2848
f 2841 2856 2855
f 2853 2856 2854
f 2866 2834 2837
f 2847 2856 2848
f 2836 2856 2845
f 2845 2856 2844
f 2844 2856 2841
f 2848 2856 2851
f 2860 2856 2847
f 2859 2856 2860
f 2858 2856 2859
f 2854 2856 2858
f 2857 2856 2853
f 2855 2856 2857
f 2870 2884 2872
f 2878 2884 2879
f 2869 2884 2870
f 2879 2884 2890
f 2890 2884 2889
f 2889 2884 2888
f 2888 2884 2869
f 2887 2884 2878
f 2880 2884 2887
f 2886 2884 2882
f 2885 2884 2886
f 2876 2884 2885
f 383 2784 385
f 2880 2883 2881
f 2880 2881 2882
f 2877 2878 2879
f 2872 2876 2873
f 2874 2873 2875
f 2872 2873 2874
f 2869 2870 2871
f 2868 2867 2825
f 2867 2866 2837
f 2867 2837 2825
f 2866 2865 2834
f 2922 2921 2932
f 2935 1900 2575
f 2935 2575 2576
f 2933 2934 2932
f 2932 2934 2931
f 2565 2578 2577
f 2565 2577 2567
f 2927 2928 2563
f 2927 2563 2562
f 2920 2919 2933
f 2921 2920 2932
f 2932 2920 2933
f 2563 2936 2565
f 2923 2922 2931
f 2931 2922 2932
f 2924 2923 2930
f 2930 2923 2931
f 2925 2924 2929
f 2929 2924 2930
f 2926 2925 2928
f 2928 2925 2929
f 2916 2926 2927
f 2927 2926 2928
f 2562 2916 2927
f 2565 2937 2578
f 2715 2948 2716
f 2713 2948 2715
f 2944 2947 2945
f 2944 2945 2946
f 2712 2943 2713
f 1585 2943 2712
f 2939 2942 2940
f 2939 2940 2941
f 2708 2711 2938
f 2708 2938 2709
f 2576 2937 2935
f 2926 2916 2909
f 2936 2937 2565
f 2935 2937 2936
f 2581 2937 2576
f 2580 2937 2581
f 2578 2937 2580
f 2928 2936 2563
f 2934 2936 2931
f 2931 2936 2930
f 2930 2936 2929
f 2929 2936 2928
f 2935 2936 2934
f 2909 2908 2910
f 2886 2915 2885
f 2885 2915 2876
f 2908 2912 2910
f 2906 2912 2894
f 2894 2912 2896
f 2914 2912 2906
f 2913 2912 2914
f 2910 2912 2913
f 2911 2912 2908
f 2911 2875 2873
f 2911 2873 2876
f 2882 2915 2886
f 2907 2908 2909
f 2896 2882 2881
f 2896 2881 2883
f 2905 2906 2894
f 2905 2894 2893
f 2904 2902 2832
f 2904 2839 2838
f 2904 2842 2839
f 2904 2832 2842
f 2902 2816 2832
f 383 2903 2784
f 2920 2921 2905
f 2909 2916 2907
f 2925 2926 2910
f 2910 2926 2909
f 2924 2925 2913
f 2913 2925 2910
f 2923 2924 2914
f 2914 2924 2913
f 2922 2923 2906
f 2906 2923 2914
f 2921 2922 2905
f 2905 2922 2906
f 2855 2838 2840
f 2893 2920 2905
f 2919 2920 2893
f 2875 2911 2918
f 2911 2908 2918
f 2908 2907 2918
f 2907 2917 2918
f 2907 2916 2917
f 2876 2915 2911
f 2896 2915 2882
f 2911 2915 2912
f 2912 2915 2896
f 2718 2721 2781
f 2781 2792 2782
f 2781 2794 2792
f 2793 2788 2790
f 2782 2792 2783
f 2788 2791 2789
f 2788 2789 2790
f 2787 2786 2784
f 2786 2785 2784
f 2784 2785 385
f 2719 2718 2782
f 2719 2782 2783
f 2795 2796 2778
f 2718 2781 2782
f 2721 2723 2780
f 2721 2780 2781
f 2723 2770 2779
f 2723 2779 2780
f 2770 2772 2778
f 2770 2778 2779
f 2772 2768 2777
f 2772 2777 2778
f 2768 2776 2777
f 2768 2767 2776
f 2797 2787 2801
f 2802 396 393
f 2790 393 395
f 2786 391 2785
f 2786 392 391
f 2785 391 384
f 2785 384 385
f 384 391 382
f 2797 2778 2796
f 2797 2793 2790
f 2797 2794 2781
f 2797 2786 2787
f 2724 2771 2770
f 2797 2801 2794
f 2797 2790 2800
f 2797 2800 2799
f 2797 2799 2786
f 2797 2796 2798
f 2797 2798 2793
f 2797 2779 2778
f 2797 2780 2779
f 2797 2781 2780
f 2776 2795 2777
f 2777 2795 2778
f 2739 2741 2760
f 2757 2758 2727
f 2727 2758 2725
f 2756 2757 2735
f 2735 2757 2727
f 2755 2756 2734
f 2734 2756 2735
f 2754 2755 2720
f 2720 2755 2734
f 2753 2754 2717
f 2717 2754 2720
f 2719 2753 2717
f 2758 2759 2725
f 2760 2741 2761
f 2742 2739 2758
f 2759 2739 2760
f 2758 2739 2759
f 2751 2742 2757
f 2757 2742 2758
f 2750 2751 2756
f 2756 2751 2757
f 2747 2750 2755
f 2755 2750 2756
f 2746 2747 2754
f 2772 2771 2768
f 2765 2771 2731
f 2768 2771 2769
f 2762 2771 2763
f 2731 2771 2738
f 2738 2771 2737
f 2737 2771 2724
f 2763 2771 2765
f 2775 2771 2762
f 2774 2771 2775
f 2773 2771 2774
f 2769 2771 2773
f 2789 2802 393
f 2770 2771 2772
f 2770 2723 2722
f 2770 2722 2724
f 2767 2768 2769
f 2765 2731 2730
f 2766 2730 2732
f 2765 2730 2766
f 2762 2763 2764
f 2760 2761 2728
f 2759 2760 2725
f 2725 2760 2728
f 2828 2829 2821
f 2837 2827 2826
f 2837 2826 2825
f 2833 2836 2834
f 2833 2834 2835
f 2831 2832 2817
f 2817 2832 2816
f 2830 2831 2819
f 2818 2831 2817
f 2819 2831 2818
f 2829 2830 2820
f 2820 2830 2819
f 2838 2839 2840
f 2821 2829 2820
f 2827 2828 2822
f 2822 2828 2821
f 2826 2827 2823
f 2823 2827 2822
f 2824 2826 2823
f 2825 2826 2824
f 2604 2606 2824
f 2605 2604 2823
f 2823 2604 2824
f 2611 2605 2822
f 2828 2846 2829
f 2855 2840 2841
f 2852 2853 2854
f 2850 2836 2833
f 2851 2836 2850
f 2850 2833 2835
f 2847 2848 2849
f 2830 2846 2842
f 2839 2846 2843
f 2837 2846 2827
f 2843 2846 2834
f 2827 2846 2828
f 2822 2605 2823
f 2829 2846 2830
f 2834 2846 2837
f 2842 2846 2839
f 2839 2843 2841
f 2836 2843 2834
f 2845 2843 2836
f 2844 2843 2845
f 2841 2843 2844
f 2842 2832 2831
f 2842 2831 2830
f 2840 2839 2841
f 2805 2624 2623
f 2676 2811 2675
f 2675 2811 2677
f 2811 2812 2677
f 2678 2808 2679
f 2678 2810 2808
f 2809 2807 2628
f 2679 2808 1760
f 2807 2630 2629
f 2807 2629 2628
f 2806 2625 2805
f 2625 2624 2805
f 2813 2678 2681
f 2804 2790 395
f 2804 392 2786
f 2804 395 402
f 2804 402 401
f 2804 401 392
f 2804 2800 2790
f 2804 2799 2800
f 2804 2786 2799
f 2791 2803 2789
f 2803 2802 2789
f 2789 393 2790
f 2813 2809 2628
f 2612 2611 2821
f 2821 2611 2822
f 2599 2612 2820
f 2820 2612 2821
f 2597 2599 2819
f 2819 2599 2820
f 2598 2597 2817
f 2817 2597 2818
f 2818 2597 2819
f 2816 2598 2817
f 2813 2677 2812
f 3372 941 3369
f 2813 2810 2678
f 2813 2625 2806
f 2813 2806 2815
f 2813 2815 2810
f 2813 2628 2627
f 2813 2627 2626
f 2813 2626 2625
f 2813 2812 2814
f 2813 2814 2809
f 2813 2682 2677
f 2813 2681 2682
f 3968 3961 3966
f 3975 1299 3951
f 3970 3967 3961
f 3970 3956 3965
f 3970 3961 3963
f 3970 3957 3956
f 3970 3965 3967
f 3970 3974 3957
f 3970 3973 3974
f 3970 3972 3973
f 3970 3971 3972
f 3970 3963 3971
f 3969 3961 3968
f 3975 3951 3952
f 3966 3961 3967
f 3965 3956 3964
f 3964 3956 3959
f 3961 3962 3963
f 3959 3956 3960
f 3956 3957 3958
f 3949 1299 1313
f 3949 3950 3955
f 3949 3955 3954
f 3949 3954 3953
f 3949 3953 3952
f 3975 685 1299
f 3987 3988 3984
f 3986 3985 670
f 3986 670 3982
f 3985 671 670
f 3983 3981 3976
f 3983 3984 3981
f 3982 670 3980
f 3981 3979 3976
f 670 676 3980
f 3979 3977 3976
f 3976 3977 3978
f 3949 3952 3951
f 3975 690 685
f 3975 689 690
f 3975 688 689
f 3975 687 688
f 3975 686 687
f 3975 588 686
f 3975 3950 588
f 3975 3955 3950
f 3975 3954 3955
f 3975 3953 3954
f 3975 3952 3953
f 3927 3922 3912
f 3938 3844 3939
f 3844 3851 3937
f 3936 3933 3934
f 3933 3935 3932
f 3934 3933 3912
f 3934 3912 3914
f 3933 3932 3912
f 3932 3916 3912
f 3927 3921 3917
f 3927 3912 3915
f 3927 3917 3922
f 3845 3844 3938
f 3927 3931 3921
f 3927 3930 3931
f 3927 3929 3930
f 3927 3928 3929
f 3927 3915 3928
f 3922 3917 3919
f 3922 3913 3912
f 3922 3926 3913
f 3922 3925 3926
f 3922 3924 3925
f 3922 3923 3924
f 3945 3940 3933
f 3949 3951 1299
f 3949 1106 3950
f 3949 1351 1106
f 3949 1350 1351
f 3949 1349 1350
f 3949 1348 1349
f 3949 1347 1348
f 3949 1313 1347
f 3945 3939 3844
f 3945 3844 3940
f 3945 3933 3936
f 3987 3984 3983
f 3945 3948 3939
f 3945 3947 3948
f 3945 3946 3947
f 3945 3936 3946
f 3940 3844 3937
f 3940 3935 3933
f 3940 3944 3935
f 3940 3943 3944
f 3940 3942 3943
f 3940 3941 3942
f 3940 3937 3941
f 4022 1300 3987
f 3976 3978 4034
f 4030 4032 4033
f 4030 4031 4032
f 4022 4024 4016
f 4022 3987 4029
f 4022 4029 4028
f 4022 4028 4027
f 4022 4027 4026
f 4022 4026 4025
f 4022 4025 4023
f 4022 4023 4024
f 3976 4034 4035
f 4022 4021 1300
f 4022 4020 4021
f 4022 4019 4020
f 4022 4018 4019
f 4022 4017 4018
f 4022 4015 4017
f 4022 4016 4015
f 4014 1280 1300
f 4014 1023 1277
f 4014 1277 1276
f 4014 1276 1275
f 4042 4040 4024
f 4043 4041 4040
f 4043 4040 4042
f 4043 4042 4027
f 4043 4029 3987
f 4043 4028 4029
f 4043 4027 4028
f 4043 3987 3983
f 4042 4026 4027
f 4042 4025 4026
f 4042 4023 4025
f 4042 4024 4023
f 4014 1275 1274
f 4041 4039 4040
f 4041 3983 4039
f 4039 3976 4036
f 4039 4036 4030
f 4039 4030 4040
f 4039 3983 3976
f 4036 3976 4035
f 4036 4031 4030
f 4036 4038 4031
f 4036 4037 4038
f 4036 4035 4037
f 4000 3999 3961
f 4008 3996 3988
f 4008 4006 4007
f 4008 4007 3995
f 4006 4005 4007
f 4006 4004 4005
f 4004 4003 4005
f 4004 4002 4003
f 4002 4000 4001
f 4002 4001 4003
f 4000 3961 3998
f 4000 3998 4001
f 4008 3995 3996
f 3999 3962 3961
f 3961 3997 3998
f 3961 3969 3997
f 3995 3993 3994
f 3995 3994 3996
f 3993 3991 3992
f 3993 3992 3994
f 3991 3989 3990
f 3991 3990 3992
f 3989 3986 3982
f 3989 3982 3990
f 1299 685 3987
f 4014 1274 1282
f 4014 1282 1281
f 4014 1281 1280
f 4014 4016 1023
f 4014 1300 4021
f 4014 4021 4020
f 4014 4020 4019
f 4014 4019 4018
f 4014 4018 4017
f 4014 4017 4015
f 4014 4015 4016
f 3922 3919 3923
f 1299 3987 1300
f 685 684 4013
f 685 4013 4009
f 685 4009 3987
f 684 695 4012
f 684 4012 4013
f 695 4011 4012
f 695 4010 4011
f 695 704 4010
f 4009 3988 3987
f 4009 4008 3988
f 271 270 442
f 3854 3848 3855
f 452 3849 450
f 452 3853 3849
f 3852 3850 3844
f 3852 3844 3848
f 3850 3851 3844
f 450 3847 442
f 450 3849 3847
f 3848 3844 3846
f 3847 271 442
f 3844 3845 3846
f 3854 3852 3848
f 270 265 442
f 442 265 267
f 3828 3843 3829
f 3843 3842 3836
f 3843 3836 3829
f 3842 3841 3835
f 3842 3835 3836
f 3841 3840 3834
f 3841 3834 3835
f 3840 3839 3833
f 3840 3833 3834
f 3864 3862 3865
f 3873 3853 452
f 3873 3872 3853
f 3872 3860 3853
f 3872 3871 3860
f 3872 3870 3871
f 3870 3868 3869
f 3870 3869 3871
f 3868 3867 3869
f 3868 3866 3867
f 3866 3865 3867
f 3866 3864 3865
f 3839 3838 3832
f 3864 3863 508
f 3864 508 3862
f 3863 509 508
f 508 3861 3862
f 508 511 3861
f 3860 3858 3859
f 3860 3859 3853
f 3858 3856 3857
f 3858 3857 3859
f 3856 3854 3855
f 3856 3855 3857
f 3825 3792 3802
f 3749 3806 3820
f 3749 3764 3806
f 3818 3817 3829
f 3817 3828 3829
f 3817 3789 3828
f 3825 3811 3824
f 3825 3821 3792
f 3825 3822 3807
f 3825 3790 3818
f 3825 3818 3827
f 3825 3827 3822
f 3749 3820 3822
f 3825 3802 3801
f 3825 3801 3790
f 3825 3824 3826
f 3825 3826 3821
f 3825 3809 3811
f 3825 3808 3809
f 3825 3807 3808
f 3815 3823 3813
f 3813 3823 3811
f 3823 3824 3811
f 3807 3820 3805
f 3834 3833 1616
f 3839 3832 3833
f 3838 3837 3830
f 3838 3830 3831
f 3838 3831 3832
f 3837 1433 3830
f 3829 3836 1607
f 3829 1607 1373
f 3836 3835 1608
f 3836 1608 1607
f 3835 3834 1615
f 3835 1615 1608
f 3874 3875 3876
f 3834 1616 1615
f 3833 3832 1610
f 3833 1610 1616
f 3832 3831 1609
f 3832 1609 1610
f 3831 3830 1609
f 3830 1447 1609
f 3830 1433 1447
f 3749 3818 3829
f 3749 3827 3818
f 3749 3822 3827
f 3896 3890 3892
f 3899 3903 3900
f 3899 3902 3903
f 3789 3785 3828
f 3785 3787 3828
f 3787 3901 3888
f 3787 3888 3828
f 3901 3899 3890
f 3901 3890 3888
f 3899 3891 3890
f 3899 3900 3891
f 3896 3894 3874
f 3904 289 3905
f 3896 3895 3890
f 3896 3874 3895
f 3896 3898 3894
f 3896 3897 3898
f 3896 3892 3897
f 3895 3842 3888
f 3895 3879 3839
f 3895 3841 3842
f 3895 3840 3841
f 3895 3839 3840
f 3895 3874 3879
f 3911 3899 3901
f 3920 3917 3921
f 3917 3918 3919
f 3915 3912 3916
f 3912 3913 3914
f 3911 3794 3907
f 3911 3908 3899
f 3911 3901 3791
f 3911 3904 3908
f 3911 3804 3794
f 3911 3803 3804
f 3911 3791 3803
f 3895 3888 3890
f 3911 3907 3904
f 3908 3904 3906
f 3908 3902 3899
f 3908 3910 3902
f 3908 3909 3910
f 3908 3906 3909
f 3796 3907 3793
f 3793 3907 3794
f 3791 3901 3786
f 3786 3901 3787
f 3904 3905 3906
f 3882 3881 1390
f 1434 1394 1396
f 3887 3886 1395
f 3887 1395 1394
f 3886 3885 1407
f 3886 1407 1395
f 3885 3884 1406
f 3885 1406 1407
f 3884 3883 1392
f 3884 1392 1406
f 3883 3882 1390
f 3883 1390 1392
f 1434 3887 1394
f 3881 2962 1391
f 3881 1391 1390
f 1433 3837 1434
f 3837 452 1434
f 3837 3879 3880
f 3837 3873 452
f 3837 3880 3873
f 3879 3874 3878
f 3879 3878 3880
f 3874 3877 3878
f 3874 3876 3877
f 451 457 3886
f 3875 3874 3893
f 3893 3874 3894
f 3892 3890 3889
f 3889 3890 3891
f 3879 3838 3839
f 3879 3837 3838
f 3888 3843 3828
f 3888 3842 3843
f 452 449 1434
f 449 451 3887
f 449 3887 1434
f 4043 3983 4041
f 451 3886 3887
f 457 458 3885
f 457 3885 3886
f 458 448 3884
f 458 3884 3885
f 448 445 3883
f 448 3883 3884
f 445 447 3881
f 445 3881 3882
f 445 3882 3883
f 447 2962 3881
f 1184 1183 4123
f 4139 4142 4132
f 1094 4141 4138
f 4138 4141 4139
f 1197 1094 4138
f 4140 4126 1193
f 4140 1196 4130
f 4140 4130 4135
f 4140 4135 4134
f 4140 4134 4126
f 4140 1206 1196
f 4140 1205 1206
f 4140 1193 1205
f 4141 4142 4139
f 4123 1192 4126
f 4123 1183 1192
f 1183 1185 1192
f 4126 1192 1193
f 4130 1195 4131
f 4130 1196 1195
f 4131 1195 4139
f 4131 4139 4132
f 4139 1195 4138
f 1195 1197 4138
f 4133 4130 4129
f 4122 4119 4118
f 4108 4151 4107
f 4107 4151 4103
f 4150 3128 3130
f 4150 3130 3132
f 1379 4149 4104
f 4104 4149 4105
f 4110 3138 3140
f 4110 3140 3143
f 4100 4103 4109
f 4100 4109 4101
f 4148 4119 4122
f 4133 4125 4116
f 4147 4148 4125
f 4125 4148 4122
f 4146 4147 4136
f 4136 4147 4125
f 4145 4146 4129
f 4129 4146 4136
f 4144 4145 4128
f 4128 4145 4129
f 4143 4144 4132
f 4132 4144 4128
f 4142 4143 4132
f 2938 2939 4113
f 4118 2686 2705
f 4119 2686 4118
f 2705 2706 4118
f 2706 2710 4117
f 2706 4117 4118
f 2710 2707 4116
f 2710 4116 4117
f 2707 2709 4115
f 2707 4115 4116
f 2709 2938 4114
f 2709 4114 4115
f 4120 4112 4111
f 2938 4113 4114
f 2939 2941 4112
f 2939 4112 4113
f 2941 4111 4112
f 3111 3110 3143
f 3110 3112 4110
f 3110 4110 3143
f 3112 3125 4109
f 3112 4109 4110
f 3125 3126 4101
f 3125 4101 4109
f 4133 4126 4134
f 4133 4127 4126
f 4133 4113 4121
f 4133 4121 4137
f 4133 4137 4127
f 4133 4116 4115
f 4133 4115 4114
f 4133 4114 4113
f 4133 4129 4136
f 4133 4136 4125
f 4133 4135 4130
f 4133 4134 4135
f 4105 4151 4108
f 4132 4128 4131
f 4131 4128 4130
f 4128 4129 4130
f 4126 4124 4123
f 4126 4127 4124
f 4125 4122 4116
f 4123 4124 1184
f 4122 4118 4117
f 4122 4117 4116
f 4121 4113 4120
f 4113 4112 4120
f 4171 4170 4169
f 4182 2895 2897
f 2901 4180 2900
f 2900 4180 2899
f 4180 4181 2899
f 2895 4177 2891
f 2895 4179 4177
f 4178 4173 4175
f 2891 4177 2892
f 4173 4176 4174
f 4173 4174 4175
f 4172 4171 4169
f 4182 2897 2898
f 4169 4170 571
f 3416 4165 801
f 3429 4165 3412
f 803 4165 4164
f 4163 4165 3431
f 4164 4165 4168
f 4168 4165 4167
f 4167 4165 4166
f 4166 4165 4163
f 802 4165 803
f 801 4165 802
f 4182 2899 4181
f 4176 4188 4174
f 4188 4187 4174
f 4174 555 4175
f 4174 4187 555
f 4187 558 555
f 4175 555 557
f 4171 551 4170
f 4171 554 551
f 4170 551 572
f 4170 572 571
f 572 551 553
f 3420 4165 3416
f 4182 4178 4175
f 4182 4179 2895
f 4182 4171 4172
f 4182 4172 4186
f 4182 4186 4179
f 4182 4175 4185
f 4182 4185 4184
f 4182 4184 4171
f 4182 4181 4183
f 4182 4183 4178
f 4182 2898 2899
f 4153 3176 3178
f 4157 4158 4159
f 3165 4158 3160
f 3163 4158 3165
f 3156 4158 3163
f 3176 4158 3174
f 4157 3161 3158
f 4157 3158 3160
f 4154 4155 4156
f 3172 3156 3153
f 3174 3156 3172
f 3172 3153 3155
f 4159 4158 4155
f 3132 4152 4150
f 4110 4152 3138
f 4151 4152 4109
f 4149 4152 4151
f 4150 4152 4149
f 3134 4152 3132
f 3136 4152 3134
f 3138 4152 3136
f 4109 4152 4110
f 4149 4151 4105
f 4103 4151 4109
f 1378 4149 1379
f 3418 4165 3420
f 3412 4165 3418
f 3431 4165 3429
f 801 800 3414
f 801 3414 3416
f 798 803 4164
f 3427 3412 3409
f 3429 3412 3427
f 3427 3409 3411
f 4163 3431 3433
f 1378 3060 3128
f 3126 3116 4099
f 1378 4150 4149
f 1378 3128 4150
f 3060 3129 3128
f 3160 4158 4157
f 3174 4158 3156
f 4155 4158 4156
f 4153 4158 3176
f 4156 4158 4162
f 4162 4158 4161
f 4161 4158 4160
f 4160 4158 4153
f 4072 4073 4074
f 4077 4071 4069
f 4077 4069 4067
f 4076 4066 4075
f 4066 4065 4075
f 4075 4065 2121
f 4072 4067 2274
f 4072 2272 4066
f 4072 2274 2280
f 4072 2280 2279
f 4072 2279 2272
f 4072 4074 4067
f 2560 4078 2561
f 4072 4066 4073
f 4071 4070 4069
f 4070 4068 4069
f 4069 2273 4067
f 4069 4068 2273
f 4068 2222 2273
f 4067 2273 2274
f 4066 2271 4065
f 4066 2272 2271
f 4065 2271 2120
f 4065 2120 2121
f 4083 4073 4066
f 2252 2222 4044
f 2559 2527 2574
f 2574 2527 2526
f 4083 2570 4082
f 4083 4079 4067
f 4083 4080 2564
f 4083 4066 4076
f 4083 4076 4085
f 4083 4085 4080
f 4083 4067 4074
f 4083 4074 4073
f 2120 2271 2118
f 4083 4082 4084
f 4083 4084 4079
f 4083 2568 2570
f 4083 2566 2568
f 4083 2564 2566
f 2574 4081 2572
f 2572 4081 2570
f 4081 4082 2570
f 2564 4078 2560
f 2564 4080 4078
f 4079 4077 4067
f 4050 2281 4049
f 2537 2539 4054
f 4054 2539 2541
f 4051 4049 2282
f 4051 2284 4048
f 4051 4048 4053
f 4051 4053 4052
f 4051 4052 4049
f 4051 2291 2284
f 4051 2290 2291
f 4051 2282 2290
f 2205 2204 4050
f 4055 2537 4054
f 4050 2204 2281
f 2204 2206 2281
f 4049 2281 2282
f 4048 2283 4046
f 4048 2284 2283
f 4046 2283 4045
f 4046 4045 4047
f 4045 2283 4044
f 2283 2252 4044
f 3178 2776 2767
f 3177 2776 3178
f 4062 4053 4048
f 4062 4048 4061
f 4062 4058 2531
f 4062 4059 4049
f 4062 2537 4055
f 4062 4055 4064
f 4062 4064 4059
f 4062 2531 2533
f 4062 2533 2535
f 4062 2535 2537
f 4062 4061 4063
f 4062 4063 4058
f 4044 4068 4045
f 4062 4052 4053
f 4062 4049 4052
f 4047 4060 4046
f 4046 4060 4048
f 4060 4061 4048
f 4049 4057 4050
f 4049 4059 4057
f 4058 4056 2531
f 4050 4057 2205
f 4056 2526 2529
f 4056 2529 2531
f 4090 4091 4092
f 4102 4103 4099
f 4099 4100 4101
f 4096 4098 4086
f 4096 4086 4097
f 4097 4086 4087
f 4095 4096 4094
f 4094 4096 4097
f 4093 4095 4094
f 4091 4093 4092
f 4092 4093 4094
f 4089 4091 4090
f 4099 4103 4100
f 1385 4089 4088
f 4088 4089 4090
f 1377 1385 4088
f 4087 3117 3741
f 4086 3117 4087
f 3737 3741 3114
f 3114 3741 3117
f 3738 3737 3119
f 3119 3737 3114
f 3745 3738 3119
f 3734 3745 3122
f 4091 4106 4093
f 3126 4099 4101
f 3116 3115 4102
f 3116 4102 4099
f 3115 3117 4098
f 3115 4098 4102
f 3117 4086 4098
f 4105 4106 1380
f 4102 4106 4103
f 1382 4106 4089
f 4096 4106 4098
f 4089 4106 4091
f 3122 3745 3124
f 4093 4106 4095
f 4095 4106 4096
f 1381 4106 1382
f 1380 4106 1381
f 4108 4106 4105
f 4107 4106 4108
f 4103 4106 4107
f 4098 4106 4102
f 1380 1379 4104
f 1380 4104 4105
f 1385 1382 4089
f 4084 4082 4063
f 2670 2671 2674
f 2674 2671 2676
f 1642 2670 2673
f 2673 2670 2674
f 1624 1642 2673
f 2615 2638 2631
f 2630 2638 2615
f 4081 2574 4056
f 4056 2574 2526
f 4082 4081 4058
f 4058 4081 4056
f 2676 2659 2811
f 4063 4082 4058
f 4079 4084 4061
f 4061 4084 4063
f 4077 4079 4060
f 4060 4079 4061
f 4071 4077 4047
f 4047 4077 4060
f 4070 4071 4047
f 4068 4070 4045
f 4045 4070 4047
f 2222 4068 4044
f 2663 2638 2630
f 3124 3745 3119
f 3730 3734 3122
f 3724 3730 3121
f 3121 3730 3122
f 3723 3724 2585
f 2585 3724 3121
f 3721 3723 2583
f 2583 3723 2585
f 1864 3721 2582
f 2582 3721 2583
f 1898 1864 2582
f 3807 3822 3820
f 2664 2663 2809
f 2809 2663 2807
f 2807 2663 2630
f 2666 2664 2814
f 2814 2664 2809
f 2661 2666 2812
f 2812 2666 2814
f 2656 2661 2812
f 2659 2656 2811
f 2811 2656 2812
f 2671 2659 2676
f 3529 3528 3521
f 3384 3533 3378
f 3378 3533 3527
f 3378 3527 3377
f 3533 3532 3525
f 3533 3526 3527
f 3533 3525 3526
f 3532 3531 3524
f 3532 3524 3525
f 3531 3530 3523
f 3531 3523 3524
f 3530 3529 3522
f 3530 3522 3523
f 3384 3532 3533
f 3529 3521 3522
f 3528 3520 1962
f 3528 1962 3521
f 3377 3527 2020
f 3527 3526 2018
f 3527 2018 2020
f 3526 3525 2018
f 3525 3524 2021
f 3525 2021 2018
f 3524 3523 2029
f 3524 2029 2021
f 3538 3532 3384
f 3544 245 3545
f 3379 3543 3380
f 3379 3542 3543
f 3539 3537 3513
f 3539 3382 3535
f 3539 3538 3382
f 3539 3513 3538
f 3539 3541 3537
f 3539 3540 3541
f 3539 3535 3540
f 3538 3518 3529
f 3523 3522 2028
f 3538 3529 3530
f 3538 3530 3531
f 3538 3531 3532
f 3538 3513 3518
f 3538 3384 3382
f 3514 3513 3536
f 3536 3513 3537
f 3535 3382 3534
f 3534 3382 3381
f 3518 3520 3528
f 3518 3528 3529
f 3498 3497 3499
f 3507 3506 3508
f 3507 3505 3506
f 3505 3504 3506
f 3505 3503 3504
f 3503 3501 3504
f 3503 3502 758
f 3503 758 3501
f 3502 759 758
f 758 3500 3501
f 758 761 3500
f 3498 3496 3497
f 3509 3508 3510
f 3496 3494 3495
f 3496 3495 3497
f 3494 3492 3493
f 3494 3493 3495
f 3492 3490 3487
f 3492 3487 3493
f 784 3488 782
f 784 3491 3488
f 3490 3489 3468
f 3490 3468 3487
f 3489 3469 3468
f 3518 3513 3517
f 3523 2028 2029
f 3522 3521 2023
f 3522 2023 2028
f 3521 1962 2022
f 3521 2022 2023
f 1962 1976 2022
f 1962 3520 1963
f 3520 784 1963
f 3520 3518 3519
f 3520 3512 784
f 3520 3519 3512
f 3544 3545 3546
f 3518 3517 3519
f 3513 3516 3517
f 3513 3515 3516
f 3513 3514 3515
f 3512 3491 784
f 3512 3499 3491
f 3512 3511 3499
f 3511 3498 3499
f 3511 3510 3498
f 3511 3509 3510
f 3509 3507 3508
f 3457 3456 1925
f 3455 3392 3558
f 1963 3462 1928
f 3462 3461 1929
f 3462 1929 1928
f 3461 3460 1929
f 3460 3459 1930
f 3460 1930 1929
f 3459 3458 1938
f 3459 1938 1930
f 3458 3457 1939
f 3458 1939 1938
f 1908 3558 3560
f 3457 1925 1939
f 3456 3455 1926
f 3456 1926 1925
f 3455 1908 1926
f 3556 3562 3560
f 2538 3562 3553
f 3561 3562 2536
f 3559 3562 3561
f 3560 3562 3559
f 3555 3562 3556
f 3554 3562 3555
f 3573 897 3569
f 3582 3580 3581
f 3582 3581 3583
f 3580 3578 3579
f 3580 3579 3581
f 3578 3576 3577
f 3578 3577 3579
f 3576 3573 3569
f 3576 3569 3577
f 3574 3571 3570
f 3574 3575 3571
f 3573 3572 897
f 3553 3562 3554
f 3572 898 897
f 3570 3568 3563
f 3570 3571 3568
f 3569 897 3567
f 3568 3566 3563
f 897 903 3567
f 3566 3564 3563
f 3563 3564 3565
f 1908 3455 3558
f 1908 3559 1909
f 1908 3560 3559
f 3551 3334 3341
f 3403 3554 3401
f 3552 3553 3405
f 3405 3553 3403
f 3407 3552 3405
f 2540 3552 3407
f 3551 3336 3547
f 3551 3548 3379
f 3551 3383 3334
f 3551 3544 3548
f 3551 3342 3336
f 3551 3341 3342
f 3553 3554 3403
f 3551 3379 3383
f 3551 3547 3544
f 3548 3544 3546
f 3548 3542 3379
f 3548 3550 3542
f 3548 3549 3550
f 3548 3546 3549
f 3338 3547 3335
f 3335 3547 3336
f 3334 3383 3332
f 3332 3383 3333
f 2538 3552 2540
f 2536 3562 2538
f 3559 3561 2547
f 2544 3561 2536
f 2547 3561 2550
f 2550 3561 2549
f 2549 3561 2544
f 3560 3558 3557
f 3560 3557 3556
f 1909 3559 2546
f 2546 3559 2547
f 2538 3553 3552
f 782 3486 775
f 2543 2544 2536
f 2543 2536 2534
f 3557 3558 3394
f 3394 3558 3392
f 3556 3557 3397
f 3395 3557 3394
f 3397 3557 3395
f 3555 3556 3399
f 3399 3556 3397
f 3554 3555 3401
f 3401 3555 3399
f 3406 3408 3407
f 3416 3419 3420
f 3420 3419 3418
f 3418 3419 3412
f 3417 3408 3406
f 3417 3406 3404
f 800 3415 3414
f 3414 3415 3416
f 3413 3398 3396
f 3413 3396 3393
f 3409 3412 3410
f 3409 3410 3411
f 3412 3419 3410
f 3404 3406 3405
f 3405 3406 3407
f 3402 3404 3403
f 3403 3404 3405
f 3400 3402 3401
f 3401 3402 3403
f 3398 3400 3399
f 3399 3400 3401
f 3396 3398 3397
f 3397 3398 3399
f 3393 3396 3394
f 3413 3423 3424
f 3431 3429 3430
f 3431 3430 3432
f 3429 3427 3428
f 3429 3428 3430
f 3427 3411 3426
f 3427 3426 3428
f 3411 3410 3425
f 3411 3425 3426
f 3410 3413 3424
f 3410 3424 3425
f 3413 3393 3423
f 3394 3396 3395
f 3393 3422 3423
f 3404 3421 3417
f 3413 3421 3398
f 3419 3421 3410
f 3415 3421 3419
f 3417 3421 3415
f 3402 3421 3404
f 3400 3421 3402
f 3398 3421 3400
f 3410 3421 3413
f 3415 3419 3416
f 3323 3293 3321
f 3333 3384 3378
f 3383 3379 3382
f 3383 3382 3384
f 3379 3381 3382
f 3379 3380 3381
f 3378 3377 3312
f 3378 3312 3314
f 3377 3293 3316
f 3377 3316 3312
f 3316 3293 3330
f 3330 3293 3323
f 3333 3383 3384
f 3321 3293 3311
f 3311 3293 3267
f 935 934 3376
f 3376 934 3375
f 3228 3374 3223
f 934 941 3372
f 934 3372 3375
f 3374 3370 3223
f 3223 3373 3224
f 3223 3371 3373
f 3223 3370 3371
f 3385 3390 3391
f 3395 3396 3397
f 3392 3393 3394
f 3385 2124 3386
f 3385 2408 2413
f 3385 2413 2412
f 3385 2412 2411
f 3385 2411 2410
f 3385 2410 2409
f 3385 2409 2124
f 3385 2475 2408
f 3385 3391 2475
f 3433 3431 3432
f 3385 3389 3390
f 3385 3388 3389
f 3385 3387 3388
f 3385 3386 3387
f 3377 2020 3256
f 3377 3256 3293
f 2020 3257 3256
f 2020 3260 3257
f 2020 2048 3260
f 3314 3331 3378
f 3331 3333 3378
f 789 780 3457
f 3466 3463 3467
f 3463 3464 3465
f 784 781 3462
f 784 3462 1963
f 781 783 3460
f 781 3461 3462
f 781 3460 3461
f 783 790 3459
f 783 3459 3460
f 790 789 3458
f 790 3458 3459
f 3468 3469 3470
f 789 3457 3458
f 780 779 3456
f 780 3456 3457
f 779 707 3455
f 779 3455 3456
f 3455 3441 3392
f 3455 707 3438
f 3455 3438 3441
f 707 706 3438
f 3392 3422 3393
f 3392 3434 3422
f 3479 3481 3482
f 782 3488 3486
f 3487 3468 3485
f 3486 3484 775
f 3468 3473 3485
f 3484 3483 775
f 775 3483 776
f 3479 3472 3468
f 3479 3468 3474
f 3479 3463 3466
f 3479 3474 3463
f 3479 3482 3472
f 3392 3435 3434
f 3479 3480 3481
f 3479 3466 3480
f 3474 3468 3470
f 3474 3464 3463
f 3474 3478 3464
f 3474 3477 3478
f 3474 3476 3477
f 3474 3475 3476
f 3474 3470 3475
f 3473 3468 3471
f 3471 3468 3472
f 3446 3442 3445
f 3447 3424 3435
f 3447 3435 3451
f 3447 3451 3441
f 3447 3428 3426
f 3447 3426 3425
f 3447 3425 3424
f 3447 3443 3450
f 3447 3450 3439
f 3447 3449 3444
f 3447 3448 3449
f 3447 3440 3448
f 3447 3441 3440
f 3445 3442 3444
f 3442 3443 3444
f 3440 3438 3437
f 3440 3441 3438
f 3439 3436 3428
f 3437 3438 706
f 3436 3432 3430
f 3436 3430 3428
f 3435 3424 3434
f 3424 3423 3434
f 3434 3423 3422
f 3437 715 3440
f 3392 3451 3435
f 3392 3441 3451
f 3454 3440 716
f 3454 719 3444
f 3454 3444 3449
f 3454 3449 3448
f 3454 3448 3440
f 3454 729 719
f 3454 728 729
f 3454 716 728
f 706 705 3437
f 3584 3585 3586
f 3437 705 715
f 705 708 715
f 3440 715 716
f 3444 718 3445
f 3444 719 718
f 3445 718 3453
f 3445 3453 3446
f 3453 718 3452
f 718 720 3452
f 3447 3444 3443
f 3447 3439 3428
f 3725 2084 2090
f 3737 3738 3739
f 3735 3732 3731
f 3735 3736 3732
f 3734 3730 3720
f 3731 3732 3733
f 3730 3724 3722
f 3730 3722 3720
f 3729 3719 3728
f 3719 3718 3728
f 3728 3718 1901
f 3725 3720 2084
f 3725 2082 3719
f 3740 3737 3739
f 3725 2090 2089
f 3725 2089 2082
f 3725 3727 3720
f 3725 3726 3727
f 3725 3719 3726
f 3724 3723 3722
f 3723 3721 3722
f 3722 2083 3720
f 3722 3721 2083
f 3721 1864 2083
f 3720 2083 2084
f 3742 3719 3729
f 2919 3747 3728
f 2919 3728 1901
f 3728 3747 3729
f 3729 3747 3746
f 3746 3747 3736
f 3736 3747 3732
f 3732 3747 3733
f 3733 3747 3748
f 3742 3739 3738
f 3742 3734 3720
f 3742 3736 3735
f 3719 2081 3718
f 3742 3729 3746
f 3742 3746 3736
f 3742 3720 3727
f 3742 3727 3726
f 3742 3726 3719
f 3742 3738 3745
f 3742 3745 3734
f 3742 3744 3739
f 3742 3743 3744
f 3742 3735 3743
f 3741 3737 3740
f 3688 3085 3087
f 3714 3711 3705
f 3714 3704 3707
f 3713 3711 3710
f 3710 3711 3712
f 3709 3707 3706
f 3706 3707 3708
f 3705 2507 2506
f 3705 2506 2513
f 3704 2516 2515
f 3704 2515 2518
f 3688 3684 3085
f 3714 2522 2516
f 3684 3686 3085
f 3686 3089 3085
f 3700 3693 3689
f 3700 3689 3695
f 3700 3684 3687
f 3700 3695 3684
f 3700 3703 3693
f 3700 3702 3703
f 3700 3701 3702
f 3700 3687 3701
f 3695 3689 3691
f 3077 3708 3707
f 3719 2082 2081
f 3718 2081 1902
f 3718 1902 1901
f 1902 2081 1905
f 3067 3080 2518
f 3067 2517 2520
f 3067 2518 2517
f 3080 3074 3704
f 3080 3704 2518
f 3074 3077 3707
f 3074 3707 3704
f 2933 2919 1901
f 3715 3712 3711
f 3715 3707 3709
f 3715 3714 3707
f 3715 3711 3714
f 3715 3717 3712
f 3715 3716 3717
f 3715 3709 3716
f 3714 2516 3704
f 3714 3705 2513
f 3714 2513 2523
f 3714 2523 2522
f 3790 3786 3788
f 3800 3804 3803
f 3800 3803 3791
f 3800 3802 3792
f 3800 3801 3802
f 3800 3790 3801
f 3799 3798 3797
f 3798 3795 3797
f 3797 3793 3792
f 3797 3795 3793
f 3795 3796 3793
f 3792 3793 3794
f 3800 3794 3804
f 3790 3791 3786
f 3788 3786 3785
f 3788 3785 3789
f 3785 3786 3787
f 3780 3783 3778
f 3773 3783 3776
f 3778 3783 3781
f 3781 3783 3773
f 3776 3783 3784
f 3784 3783 3782
f 3782 3783 3780
f 3811 3809 3810
f 3821 3819 3792
f 3805 3820 3806
f 3819 3799 3797
f 3819 3797 3792
f 3818 3790 3817
f 3790 3788 3817
f 3817 3788 3789
f 3815 3813 3814
f 3815 3814 3816
f 3813 3811 3812
f 3813 3812 3814
f 3777 3781 3769
f 3811 3810 3812
f 3809 3808 3775
f 3809 3775 3810
f 3808 3807 3773
f 3808 3773 3775
f 3807 3805 3772
f 3807 3772 3773
f 3805 3764 3772
f 3805 3806 3764
f 3800 3792 3794
f 3800 3791 3790
f 3758 3759 3760
f 3752 3754 3765
f 3765 3754 3766
f 3751 3752 3765
f 3764 3751 3765
f 3749 3751 3764
f 3763 3748 3747
f 3761 3763 3762
f 3762 3763 3747
f 3759 3761 3760
f 3760 3761 3762
f 3757 3759 3758
f 3766 3756 3767
f 3755 3757 3756
f 3756 3757 3758
f 3753 3755 3754
f 3754 3755 3756
f 3750 3753 3751
f 3751 3753 3752
f 3752 3753 3754
f 3749 3750 3751
f 1900 2935 1901
f 2935 2934 1901
f 2934 2933 1901
f 3773 3774 3775
f 3766 3781 3772
f 3772 3781 3773
f 3767 3781 3766
f 3768 3781 3767
f 3769 3781 3768
f 3778 3781 3777
f 3778 570 3779
f 3778 3779 3780
f 3770 3777 3769
f 3771 3777 3770
f 3773 3776 3774
f 3695 3685 3684
f 3765 3766 3772
f 3765 3772 3764
f 3762 3747 3770
f 3770 3747 3771
f 3760 3762 3769
f 3769 3762 3770
f 3758 3760 3768
f 3768 3760 3769
f 3756 3758 3767
f 3767 3758 3768
f 3754 3756 3766
f 3621 3622 3623
f 3630 3627 3621
f 3630 3621 3631
f 3630 3570 3563
f 3627 3563 3626
f 3627 3622 3621
f 3627 3629 3622
f 3627 3628 3629
f 3627 3626 3628
f 3563 3625 3626
f 3563 3565 3625
f 3621 3623 3624
f 3630 3563 3627
f 3616 3614 3584
f 3616 3605 3612
f 3616 3584 3610
f 3616 3606 3605
f 3616 3612 3614
f 3616 3620 3606
f 3616 3619 3620
f 3616 3618 3619
f 3616 3617 3618
f 3616 3610 3617
f 3585 3584 3615
f 3639 3633 3636
f 3642 2456 2476
f 3642 2458 2456
f 3642 2457 2458
f 3642 2453 2457
f 3642 2452 2453
f 3642 2451 2452
f 3642 2450 2451
f 3642 2348 2450
f 3639 3631 3633
f 3639 3632 3631
f 3639 3570 3632
f 3615 3584 3613
f 3639 3636 3641
f 3639 3641 3640
f 3639 3640 3574
f 3639 3574 3570
f 3633 3634 3638
f 3633 3638 3637
f 3633 3637 3635
f 3633 3635 3636
f 3633 3631 3634
f 3632 3630 3631
f 3632 3570 3630
f 3598 3596 3597
f 912 3603 3599
f 911 922 3602
f 911 3602 3603
f 922 3601 3602
f 922 3600 3601
f 922 931 3600
f 3599 3575 3574
f 3599 3598 3575
f 3598 3582 3583
f 3598 3583 3575
f 3598 3597 3582
f 912 3599 3574
f 3596 3595 3597
f 3596 3594 3595
f 3594 3593 3595
f 3594 3592 3593
f 3592 3591 3593
f 3592 3590 3591
f 3590 3587 3591
f 3590 3588 3584
f 3590 3584 3587
f 3588 3589 3584
f 3584 3586 3587
f 3604 3388 3387
f 3613 3584 3614
f 3612 3605 3611
f 3611 3605 3608
f 3584 3589 3610
f 3608 3605 3609
f 3605 3606 3607
f 3604 3386 812
f 3604 2475 3391
f 3604 3391 3390
f 3604 3390 3389
f 3604 3389 3388
f 3642 2476 3643
f 3604 3387 3386
f 3604 912 2475
f 3604 812 917
f 3604 917 916
f 3604 916 915
f 3604 915 914
f 3604 914 913
f 3604 913 912
f 2475 912 3574
f 2475 3574 2476
f 912 911 3603
f 3676 3679 3680
f 3682 3681 3207
f 3681 3208 3207
f 3665 3661 3465
f 3661 3663 3467
f 3661 3463 3465
f 3661 3467 3463
f 3676 3670 3666
f 3676 3661 3664
f 3676 3666 3671
f 3676 3671 3661
f 3676 3680 3670
f 2853 3204 2904
f 3676 3678 3679
f 3676 3677 3678
f 3676 3664 3677
f 3671 3666 3668
f 3671 3662 3661
f 3671 3675 3662
f 3671 3674 3675
f 3671 3673 3674
f 3671 3672 3673
f 3671 3668 3672
f 3669 3666 3670
f 2918 2874 2875
f 3695 3699 3685
f 3695 3698 3699
f 3695 3697 3698
f 3695 3696 3697
f 3695 3691 3696
f 3694 3689 3692
f 3692 3689 3693
f 3689 3690 3691
f 3687 3684 3688
f 3684 3685 3686
f 2918 3683 2870
f 3666 3667 3668
f 2918 2872 2874
f 2918 2870 2872
f 2870 3683 2871
f 2871 3683 3204
f 2871 3204 2852
f 3683 3682 3207
f 3683 3207 3204
f 2838 2855 2904
f 2855 2857 2904
f 2857 2853 2904
f 2853 2852 3204
f 3651 3650 2358
f 3657 2382 2386
f 3656 3655 2378
f 3656 2378 2382
f 3655 3654 2374
f 3655 2374 2378
f 3654 3653 2371
f 3654 2371 2374
f 3653 3652 2366
f 3653 2366 2371
f 3652 3651 2362
f 3652 2362 2366
f 3657 3656 2382
f 3651 2358 2362
f 3650 2917 2354
f 3650 2354 2358
f 2917 2119 2354
f 3642 3649 2348
f 3642 3648 3649
f 3642 3647 3648
f 3642 3646 3647
f 3642 3645 3646
f 3642 3644 3645
f 3642 3643 3644
f 3660 3638 3634
f 3664 3661 3665
f 3661 3662 3663
f 3660 2476 3574
f 3660 3649 3648
f 3660 3648 3647
f 3660 3647 3646
f 3660 3646 3645
f 3660 3645 3644
f 3660 3644 3643
f 3660 3643 2476
f 3660 3634 3649
f 2495 2474 2494
f 3660 3637 3638
f 3660 3635 3637
f 3660 3636 3635
f 3660 3641 3636
f 3660 3640 3641
f 3660 3574 3640
f 3649 3659 2348
f 3659 3658 2349
f 3659 2349 2348
f 3658 3657 2386
f 3658 2386 2349
f 855 892 893
f 904 906 907
f 904 905 906
f 904 899 905
f 903 897 902
f 902 897 900
f 900 897 901
f 897 898 899
f 896 851 895
f 895 851 853
f 851 894 889
f 856 855 893
f 855 850 892
f 904 907 908
f 850 891 892
f 850 849 891
f 888 887 851
f 888 886 884
f 888 882 886
f 888 884 887
f 888 890 882
f 888 889 890
f 888 851 889
f 887 852 851
f 887 884 885
f 910 914 915
f 921 922 911
f 920 911 918
f 920 919 809
f 920 918 919
f 919 918 814
f 919 814 809
f 918 911 910
f 918 910 814
f 910 917 812
f 910 916 917
f 910 915 916
f 887 885 852
f 910 913 914
f 910 912 913
f 910 911 912
f 910 812 814
f 904 901 897
f 904 851 896
f 904 897 899
f 904 894 851
f 904 909 901
f 904 896 909
f 904 908 894
f 863 860 864
f 869 866 865
f 869 863 867
f 869 865 863
f 869 870 866
f 867 863 864
f 867 864 868
f 865 862 861
f 865 859 863
f 865 861 859
f 865 866 862
f 863 859 860
f 871 868 872
f 861 854 859
f 861 848 858
f 861 858 854
f 861 862 848
f 859 854 857
f 859 857 860
f 858 855 854
f 858 848 850
f 858 850 855
f 854 856 857
f 854 855 856
f 879 877 880
f 886 879 884
f 886 881 879
f 886 882 881
f 884 879 880
f 884 880 885
f 881 876 879
f 881 878 876
f 881 874 878
f 881 883 874
f 881 882 883
f 879 876 877
f 921 911 920
f 878 871 876
f 878 874 873
f 878 873 871
f 876 871 872
f 876 872 877
f 873 869 867
f 873 870 869
f 873 867 871
f 873 875 870
f 873 874 875
f 871 867 868
f 972 971 973
f 987 969 968
f 984 985 986
f 983 982 981
f 982 980 981
f 980 978 979
f 980 979 981
f 978 974 977
f 978 977 979
f 974 976 977
f 974 975 976
f 972 970 971
f 987 968 988
f 970 967 969
f 970 969 971
f 967 968 969
f 962 956 952
f 962 892 951
f 962 952 957
f 962 957 892
f 962 966 956
f 962 965 966
f 962 964 965
f 962 963 964
f 995 991 992
f 1003 1000 1004
f 1001 998 997
f 1001 997 999
f 1001 1002 998
f 999 995 996
f 999 997 995
f 999 996 1000
f 997 991 995
f 997 993 991
f 997 994 993
f 997 998 994
f 962 951 963
f 995 992 996
f 993 989 987
f 993 990 989
f 993 987 991
f 993 994 990
f 991 987 988
f 991 988 992
f 989 969 987
f 989 990 973
f 989 971 969
f 989 973 971
f 924 931 922
f 944 937 945
f 943 941 940
f 940 941 942
f 939 796 938
f 938 796 793
f 934 936 937
f 934 935 936
f 805 933 808
f 805 932 933
f 924 922 923
f 924 923 809
f 944 945 946
f 924 930 931
f 924 929 930
f 924 928 929
f 924 927 928
f 924 926 927
f 924 925 926
f 924 811 925
f 924 809 811
f 923 922 921
f 923 920 809
f 923 921 920
f 947 942 941
f 957 952 954
f 957 950 892
f 957 961 950
f 957 960 961
f 957 959 960
f 957 958 959
f 957 954 958
f 955 952 956
f 952 953 954
f 951 892 891
f 892 950 893
f 851 852 853
f 947 796 939
f 947 944 805
f 947 934 944
f 947 939 949
f 947 949 948
f 947 948 942
f 947 805 796
f 947 941 934
f 944 934 937
f 944 932 805
f 944 946 932
f 749 750 751
f 763 764 765
f 763 760 764
f 761 758 762
f 758 759 760
f 756 753 757
f 753 754 755
f 749 742 738
f 749 733 736
f 749 738 744
f 749 744 733
f 749 752 742
f 749 751 752
f 763 765 766
f 749 736 750
f 744 738 740
f 744 734 733
f 744 748 734
f 744 747 748
f 744 746 747
f 744 745 746
f 744 740 745
f 743 738 741
f 741 738 742
f 738 739 740
f 768 753 756
f 785 786 787
f 785 778 786
f 784 782 781
f 781 782 783
f 780 709 779
f 779 709 707
f 775 777 778
f 775 776 777
f 711 774 713
f 711 773 774
f 768 762 758
f 736 733 737
f 768 758 763
f 768 763 753
f 768 772 762
f 768 771 772
f 768 770 771
f 768 769 770
f 768 756 769
f 763 758 760
f 763 754 753
f 763 767 754
f 763 766 767
f 697 702 703
f 712 710 711
f 712 711 713
f 710 708 709
f 710 709 711
f 708 705 707
f 708 707 709
f 705 706 707
f 697 695 696
f 697 696 585
f 697 704 695
f 697 703 704
f 714 712 713
f 697 701 702
f 697 700 701
f 697 699 700
f 697 698 699
f 697 587 698
f 697 585 587
f 696 695 694
f 696 693 585
f 696 694 693
f 694 684 693
f 694 695 684
f 727 729 728
f 733 734 735
f 730 725 724
f 730 712 722
f 730 727 712
f 730 724 727
f 730 732 725
f 730 731 732
f 730 722 731
f 727 716 710
f 727 717 719
f 727 719 729
f 785 787 773
f 727 728 716
f 727 724 717
f 727 710 712
f 726 724 723
f 723 724 725
f 722 712 721
f 721 712 714
f 717 720 718
f 717 718 719
f 710 716 715
f 710 715 708
f 832 829 827
f 838 835 831
f 838 831 833
f 838 836 835
f 837 833 834
f 835 832 827
f 835 827 831
f 835 830 832
f 835 836 830
f 833 831 828
f 833 828 834
f 832 830 829
f 839 834 840
f 831 827 828
f 829 825 821
f 829 826 827
f 829 824 825
f 829 821 826
f 829 830 824
f 827 826 822
f 827 822 828
f 826 821 822
f 825 824 823
f 825 823 821
f 845 842 844
f 848 849 850
f 847 843 846
f 847 845 843
f 847 813 845
f 847 814 813
f 847 846 814
f 846 843 840
f 846 810 809
f 846 809 814
f 846 840 810
f 845 844 843
f 823 818 817
f 845 813 842
f 844 839 843
f 844 841 837
f 844 842 841
f 844 837 839
f 843 839 840
f 841 838 833
f 841 833 837
f 841 836 838
f 841 842 836
f 839 837 834
f 735 757 753
f 799 801 802
f 799 800 801
f 798 797 796
f 796 795 793
f 796 797 795
f 795 794 793
f 794 791 793
f 791 792 793
f 737 733 753
f 737 753 755
f 733 735 753
f 799 802 803
f 788 783 782
f 788 709 780
f 788 785 711
f 788 775 785
f 788 790 783
f 788 789 790
f 788 780 789
f 788 711 709
f 788 782 775
f 785 775 778
f 785 773 711
f 817 799 804
f 823 819 821
f 823 817 815
f 823 815 819
f 823 824 818
f 821 819 820
f 821 820 822
f 819 815 816
f 819 816 820
f 817 806 815
f 817 818 799
f 817 804 806
f 1003 1004 1005
f 815 807 816
f 815 806 807
f 812 813 814
f 809 810 811
f 807 806 805
f 807 805 808
f 806 804 805
f 804 799 803
f 804 798 796
f 804 803 798
f 804 796 805
f 1182 1177 1175
f 1188 1187 1102
f 1187 1186 1103
f 1187 1103 1102
f 1186 1185 1111
f 1186 1111 1103
f 1185 1183 1112
f 1185 1112 1111
f 1183 1184 1112
f 1182 1175 1179
f 1182 1178 1177
f 1182 1149 1148
f 1182 1179 1149
f 1189 1152 1151
f 1182 1148 1178
f 1179 1175 1176
f 1179 1181 1149
f 1179 1180 1181
f 1179 1176 1180
f 1177 1171 1175
f 1177 1173 1171
f 1177 1174 1173
f 1177 1178 1174
f 1175 1171 1172
f 1175 1172 1176
f 1203 1201 1200
f 1207 1201 1204
f 1207 1209 1202
f 1207 1208 1209
f 1207 1199 1208
f 1204 1193 1186
f 1204 1194 1196
f 1204 1196 1206
f 1204 1206 1205
f 1204 1205 1193
f 1204 1201 1194
f 1204 1186 1187
f 1173 1167 1171
f 1200 1201 1202
f 1199 1187 1198
f 1198 1187 1188
f 1194 1197 1195
f 1194 1195 1196
f 1186 1193 1192
f 1186 1192 1185
f 1191 1190 1146
f 1191 1146 1145
f 1190 1189 1151
f 1190 1151 1146
f 1144 1145 1146
f 1157 1154 1150
f 1157 1150 1155
f 1157 1158 1144
f 1155 1150 1153
f 1155 1153 1156
f 1154 1144 1146
f 1154 1151 1150
f 1154 1146 1151
f 1150 1152 1153
f 1150 1151 1152
f 1147 1148 1149
f 1157 1144 1154
f 1143 1141 1138
f 1143 1140 1141
f 1143 1142 1104
f 1143 1109 1108
f 1143 1108 1140
f 1143 1104 1109
f 1143 1138 1142
f 1142 1138 1105
f 1142 1105 1104
f 1141 1139 1138
f 1141 1140 1139
f 1165 1161 1163
f 1173 1170 1169
f 1173 1169 1167
f 1173 1174 1170
f 1171 1167 1168
f 1171 1168 1172
f 1169 1165 1167
f 1169 1166 1165
f 1169 1170 1166
f 1167 1163 1164
f 1167 1165 1163
f 1167 1164 1168
f 1207 1204 1187
f 1165 1162 1161
f 1165 1166 1162
f 1163 1159 1160
f 1163 1161 1159
f 1163 1160 1164
f 1161 1155 1159
f 1161 1157 1155
f 1161 1158 1157
f 1161 1162 1158
f 1159 1155 1156
f 1159 1156 1160
f 1069 1252 1070
f 1256 1257 1258
f 1255 986 1021
f 986 1254 984
f 3 1086 1
f 1 1086 6
f 1074 1253 1069
f 1086 7 6
f 1086 1092 1251
f 1086 1251 7
f 1253 1249 1069
f 1069 1249 1250
f 1259 986 1255
f 1069 1250 1252
f 1251 1094 1248
f 1251 1092 1094
f 1249 1246 1247
f 1249 1247 1250
f 1248 23 25
f 1248 1094 23
f 1248 25 1245
f 1246 1244 1247
f 1246 1243 1244
f 1245 1240 1241
f 1265 1256 1258
f 1278 1281 1282
f 1278 1280 1281
f 1278 1279 1280
f 1273 1277 1023
f 1273 1276 1277
f 1273 1275 1276
f 1273 1274 1275
f 1273 1023 1025
f 1270 1271 1272
f 1265 1262 1256
f 1265 986 1260
f 1245 25 1240
f 1265 1254 986
f 1265 1269 1254
f 1265 1268 1269
f 1265 1267 1268
f 1265 1266 1267
f 1265 1258 1266
f 1265 1260 1262
f 1264 1256 1263
f 1263 1256 1261
f 1261 1256 1262
f 1260 986 1259
f 1217 1210 1190
f 1227 1201 1203
f 1222 1216 1212
f 1222 1190 1211
f 1222 1212 1217
f 1222 1217 1190
f 1222 1226 1216
f 1222 1225 1226
f 1222 1224 1225
f 1222 1223 1224
f 1222 1211 1223
f 1217 1212 1214
f 1228 1201 1227
f 1217 1221 1210
f 1217 1220 1221
f 1217 1219 1220
f 1217 1218 1219
f 1217 1214 1218
f 1215 1212 1216
f 1212 1213 1214
f 1211 1190 1191
f 1190 1210 1189
f 1207 1202 1201
f 1207 1187 1199
f 1215 1232 1212
f 1243 1242 1244
f 1243 1241 1242
f 1241 1240 1242
f 1094 1197 23
f 1240 25 1239
f 1239 1238 1237
f 1239 25 1238
f 1237 1236 1235
f 1237 1238 1236
f 1235 1234 1233
f 1235 1236 1234
f 1139 1136 1138
f 1233 1229 1231
f 1233 1234 1229
f 1232 1231 1212
f 1231 1229 1212
f 1212 1230 1213
f 1212 1229 1230
f 23 1197 28
f 28 1201 29
f 28 1194 1201
f 28 1197 1194
f 29 1201 1228
f 1044 1045 1042
f 1050 1051 1052
f 1050 1047 1051
f 1048 1044 1046
f 1048 1045 1044
f 1048 1049 1045
f 1046 1044 1043
f 1046 1043 1040
f 1046 1040 1047
f 1044 1038 1043
f 1044 1042 1041
f 1044 1041 1038
f 1050 1046 1047
f 1043 1038 1040
f 1041 1034 1038
f 1041 1036 1034
f 1041 1037 1036
f 1041 1042 1037
f 1038 1034 1035
f 1038 1039 1040
f 1038 1035 1039
f 1036 1033 1032
f 1036 1032 1034
f 1036 1037 1033
f 1058 1055 1052
f 1066 1024 1062
f 1066 1065 1025
f 1066 1063 1065
f 1066 1061 1058
f 1063 1058 1060
f 1063 1064 1065
f 1063 1060 1064
f 1061 1057 1056
f 1061 1056 1055
f 1061 1062 1057
f 1061 1055 1058
f 1034 1032 1030
f 1058 1059 1060
f 1058 1052 1059
f 1056 1050 1055
f 1056 1053 1050
f 1056 1054 1053
f 1056 1057 1054
f 1055 1050 1052
f 1053 1046 1050
f 1053 1049 1048
f 1053 1048 1046
f 1053 1054 1049
f 1011 1008 1005
f 1019 1016 1020
f 1017 1011 1015
f 1017 1013 1011
f 1017 1014 1013
f 1017 1018 1014
f 1015 1011 1012
f 1015 1012 1016
f 1013 1009 1011
f 1013 1010 1009
f 1013 1014 1010
f 1011 1009 1008
f 1019 1020 1021
f 1011 1005 1012
f 1009 1003 1008
f 1009 1006 1003
f 1009 1007 1006
f 1009 1010 1007
f 1008 1003 1005
f 1006 1002 1001
f 1006 999 1003
f 1006 1001 999
f 1006 1007 1002
f 1003 999 1000
f 1028 981 979
f 1034 1030 1031
f 1034 1031 1035
f 1032 1028 1026
f 1032 1029 1028
f 1032 1026 1030
f 1032 1033 1029
f 1030 1026 1027
f 1030 1027 1031
f 1028 977 1026
f 1028 1029 981
f 1028 979 977
f 1066 1062 1061
f 1026 976 1027
f 1026 977 976
f 1023 1024 1025
f 1022 1015 1019
f 1022 1017 1015
f 1022 1018 1017
f 1022 986 985
f 1022 1019 986
f 1022 985 1018
f 1019 1015 1016
f 1019 1021 986
f 1119 1114 1110
f 1126 1124 1123
f 1126 1123 1127
f 1125 1120 1118
f 1125 1118 1122
f 1125 1121 1120
f 1124 1122 1123
f 1122 1118 1117
f 1122 1117 1123
f 1120 1115 1119
f 1120 1119 1118
f 1120 1121 1115
f 1128 1129 1121
f 1119 1115 1114
f 1119 1116 1118
f 1119 1110 1116
f 1118 1116 1117
f 1116 1110 1113
f 1116 1113 1117
f 1114 1111 1110
f 1114 1101 1103
f 1114 1103 1111
f 1114 1115 1101
f 1110 1112 1113
f 1134 1126 1130
f 1139 1137 1132
f 1139 1132 1136
f 1139 1135 1137
f 1139 1140 1135
f 1138 1136 1133
f 1138 1133 1105
f 1137 1134 1132
f 1137 1135 1134
f 1136 1132 1133
f 1134 1130 1132
f 1134 1131 1126
f 1110 1111 1112
f 1134 1129 1131
f 1134 1135 1129
f 1132 1130 1127
f 1132 1127 1133
f 1131 1128 1124
f 1131 1124 1126
f 1131 1129 1128
f 1130 1126 1127
f 1128 1121 1125
f 1128 1122 1124
f 1128 1125 1122
f 1075 1079 1067
f 974 1084 1085
f 1080 1073 1069
f 1080 1069 1075
f 1080 970 1068
f 1080 1075 970
f 1080 1083 1073
f 1080 1082 1083
f 1080 1081 1082
f 1080 1068 1081
f 1075 1069 1071
f 1075 1067 970
f 974 1085 975
f 1075 1078 1079
f 1075 1077 1078
f 1075 1076 1077
f 1075 1071 1076
f 1074 1069 1072
f 1072 1069 1073
f 1069 1070 1071
f 1068 970 972
f 970 1067 967
f 1066 1025 1024
f 1066 1058 1063
f 1098 1092 1086
f 1107 1108 1109
f 1104 1105 1106
f 1101 1102 1103
f 1098 1093 1092
f 1098 1095 974
f 1098 978 1090
f 1098 1086 1095
f 1098 1100 1093
f 1098 1099 1100
f 1098 1090 1099
f 1098 974 978
f 693 692 585
f 1095 1086 1088
f 1095 1084 974
f 1095 1097 1084
f 1095 1096 1097
f 1095 1088 1096
f 1094 1092 1091
f 1091 1092 1093
f 1090 978 1089
f 1089 978 980
f 1086 1087 1088
f 1086 3 1087
f 255 251 254
f 262 255 259
f 262 264 255
f 262 263 264
f 262 250 263
f 259 255 254
f 259 246 250
f 259 261 246
f 259 260 261
f 259 254 260
f 258 256 257
f 257 256 255
f 256 251 255
f 262 259 250
f 251 253 254
f 251 252 253
f 250 248 247
f 250 246 243
f 250 243 248
f 247 248 249
f 246 244 243
f 243 244 245
f 240 235 234
f 240 226 228
f 240 237 221
f 280 278 279
f 287 288 289
f 284 281 272
f 284 277 281
f 284 286 277
f 284 285 286
f 284 272 285
f 281 277 275
f 281 268 272
f 281 275 283
f 281 283 282
f 281 282 268
f 240 234 237
f 279 278 277
f 278 273 277
f 277 273 275
f 273 276 274
f 273 274 275
f 272 270 269
f 272 268 265
f 272 265 270
f 269 270 271
f 268 266 265
f 265 266 267
f 206 202 199
f 215 202 206
f 215 217 202
f 215 216 217
f 215 210 216
f 214 212 213
f 213 212 211
f 212 207 211
f 211 207 210
f 207 209 210
f 207 208 209
f 206 204 203
f 215 211 210
f 206 199 204
f 203 204 205
f 202 200 199
f 199 200 201
f 196 191 190
f 196 182 184
f 196 193 177
f 196 190 193
f 196 198 191
f 196 197 198
f 196 184 197
f 233 234 235
f 240 242 235
f 240 241 242
f 240 228 241
f 240 221 226
f 237 229 231
f 237 224 221
f 237 231 239
f 237 239 238
f 237 238 224
f 237 234 229
f 236 234 233
f 290 288 287
f 229 232 230
f 229 230 231
f 228 226 225
f 225 226 227
f 224 222 221
f 221 222 223
f 218 215 206
f 218 211 215
f 218 220 211
f 218 219 220
f 218 206 219
f 350 338 351
f 361 362 363
f 360 356 355
f 356 359 357
f 358 353 357
f 353 356 357
f 353 355 356
f 353 354 355
f 350 347 338
f 350 343 347
f 350 352 343
f 350 351 352
f 364 361 365
f 347 343 342
f 347 334 338
f 347 349 334
f 347 348 349
f 347 342 348
f 346 344 345
f 345 344 343
f 344 339 343
f 343 339 342
f 339 341 342
f 339 340 341
f 371 375 365
f 384 382 383
f 382 380 381
f 382 381 383
f 380 376 379
f 380 379 381
f 376 378 379
f 376 377 378
f 371 365 361
f 371 356 360
f 371 361 366
f 371 366 356
f 338 336 335
f 371 374 375
f 371 373 374
f 371 372 373
f 371 360 372
f 366 361 363
f 366 359 356
f 366 370 359
f 366 369 370
f 366 368 369
f 366 367 368
f 366 363 367
f 303 304 305
f 313 314 315
f 312 310 309
f 309 310 311
f 306 303 294
f 306 299 303
f 306 308 299
f 306 307 308
f 306 294 307
f 303 299 298
f 303 290 294
f 303 305 290
f 316 309 314
f 303 298 304
f 302 300 301
f 301 300 299
f 300 295 299
f 299 295 298
f 295 297 298
f 295 296 297
f 294 292 291
f 294 290 287
f 294 287 292
f 291 292 293
f 325 312 316
f 338 334 331
f 338 331 336
f 335 336 337
f 334 332 331
f 331 332 333
f 328 325 316
f 328 321 325
f 328 330 321
f 328 329 330
f 328 316 329
f 325 321 320
f 196 177 182
f 325 327 312
f 325 326 327
f 325 320 326
f 324 322 323
f 323 322 321
f 322 317 321
f 321 317 320
f 317 319 320
f 317 318 319
f 316 314 313
f 316 312 309
f 64 45 50
f 74 72 71
f 71 72 73
f 70 68 67
f 67 68 69
f 64 59 58
f 64 50 52
f 64 61 45
f 64 58 61
f 64 66 59
f 64 65 66
f 64 52 65
f 75 76 77
f 61 53 55
f 61 48 45
f 61 55 63
f 61 63 62
f 61 62 48
f 61 58 53
f 60 58 57
f 57 58 59
f 53 56 54
f 53 54 55
f 52 50 49
f 86 87 88
f 97 99 100
f 97 98 99
f 96 94 93
f 93 94 95
f 92 90 89
f 89 90 91
f 86 81 80
f 86 72 74
f 86 83 67
f 86 80 83
f 86 88 81
f 49 50 51
f 86 74 87
f 86 67 72
f 83 75 77
f 83 70 67
f 83 77 85
f 83 85 84
f 83 84 70
f 83 80 75
f 82 80 79
f 79 80 81
f 75 78 76
f 15 14 13
f 20 17 8
f 20 13 17
f 20 22 13
f 20 21 22
f 20 8 21
f 17 13 11
f 17 4 8
f 17 11 19
f 17 19 18
f 17 18 4
f 16 14 15
f 23 24 25
f 14 9 13
f 13 9 11
f 9 12 10
f 9 10 11
f 8 6 5
f 8 4 1
f 8 1 6
f 5 6 7
f 4 2 1
f 1 2 3
f 8142 8141 3082
f 39 26 23
f 48 46 45
f 45 46 47
f 42 37 36
f 42 28 30
f 42 39 23
f 42 36 39
f 42 44 37
f 42 43 44
f 42 30 43
f 42 23 28
f 39 31 33
f 101 102 103
f 39 33 41
f 39 41 40
f 39 40 26
f 39 36 31
f 38 36 35
f 35 36 37
f 31 34 32
f 31 32 33
f 30 28 27
f 27 28 29
f 26 24 23
f 155 156 157
f 171 165 173
f 171 173 172
f 171 172 158
f 171 168 163
f 170 168 167
f 167 168 169
f 163 166 164
f 163 164 165
f 162 160 159
f 159 160 161
f 158 156 155
f 171 158 155
f 152 149 140
f 152 145 149
f 152 154 145
f 152 153 154
f 152 140 153
f 149 145 143
f 149 136 140
f 149 143 151
f 149 151 150
f 149 150 136
f 148 146 147
f 181 182 183
f 193 185 188
f 193 180 177
f 193 195 180
f 193 194 195
f 193 188 194
f 193 190 185
f 192 190 189
f 189 190 191
f 185 187 188
f 185 186 187
f 184 182 181
f 147 146 145
f 180 178 177
f 177 178 179
f 174 169 168
f 174 160 162
f 174 171 155
f 174 168 171
f 174 176 169
f 174 175 176
f 174 162 175
f 174 155 160
f 171 163 165
f 108 102 105
f 119 121 122
f 119 120 121
f 118 116 115
f 118 114 111
f 118 111 116
f 115 116 117
f 114 112 111
f 111 112 113
f 108 103 102
f 108 94 96
f 108 105 89
f 123 119 122
f 108 110 103
f 108 109 110
f 108 96 109
f 108 89 94
f 105 97 100
f 105 92 89
f 105 107 92
f 105 106 107
f 105 100 106
f 105 102 97
f 104 102 101
f 130 123 127
f 146 141 145
f 145 141 143
f 141 144 142
f 141 142 143
f 140 138 137
f 140 136 133
f 140 133 138
f 137 138 139
f 136 134 133
f 133 134 135
f 130 127 118
f 385 384 383
f 130 132 123
f 130 131 132
f 130 118 131
f 127 123 122
f 127 114 118
f 127 129 114
f 127 128 129
f 127 122 128
f 126 124 125
f 125 124 123
f 124 119 123
f 607 603 604
f 614 607 609
f 614 612 611
f 613 609 610
f 611 608 603
f 611 603 607
f 611 606 608
f 611 612 606
f 609 607 604
f 609 604 610
f 608 606 605
f 608 605 602
f 608 602 603
f 614 611 607
f 605 601 597
f 605 600 601
f 605 597 602
f 605 606 600
f 603 602 598
f 603 598 604
f 602 597 598
f 601 600 599
f 601 599 597
f 599 594 593
f 599 595 597
f 621 618 620
f 623 619 622
f 623 589 621
f 623 621 619
f 623 590 589
f 623 622 590
f 622 619 616
f 622 586 585
f 622 585 590
f 622 616 586
f 621 620 615
f 621 615 619
f 599 593 591
f 621 589 618
f 620 617 613
f 620 618 617
f 620 613 615
f 619 615 616
f 617 614 609
f 617 609 613
f 617 612 614
f 617 618 612
f 615 613 610
f 615 610 616
f 565 527 523
f 576 577 578
f 552 575 553
f 575 574 553
f 574 573 572
f 574 572 553
f 573 569 572
f 569 571 572
f 569 570 571
f 568 567 525
f 567 565 523
f 567 523 525
f 576 578 579
f 565 566 527
f 562 557 556
f 562 559 543
f 562 552 554
f 562 547 559
f 562 564 557
f 562 563 564
f 562 554 563
f 562 543 552
f 562 556 547
f 559 547 550
f 591 583 584
f 599 591 595
f 599 600 594
f 597 595 596
f 597 596 598
f 595 591 592
f 595 592 596
f 593 583 591
f 593 594 576
f 593 581 583
f 593 576 581
f 591 584 592
f 624 566 565
f 588 589 590
f 585 586 587
f 584 583 543
f 584 543 546
f 583 581 552
f 583 552 543
f 581 576 580
f 581 575 552
f 581 582 575
f 581 580 582
f 576 579 580
f 663 665 627
f 677 672 678
f 676 670 675
f 675 670 673
f 673 670 674
f 670 671 672
f 669 627 668
f 668 627 665
f 627 667 625
f 663 627 626
f 663 666 664
f 663 626 666
f 677 678 679
f 663 661 665
f 663 662 660
f 663 658 662
f 663 660 661
f 663 664 658
f 662 655 660
f 662 658 657
f 662 657 655
f 660 655 656
f 660 656 661
f 657 653 655
f 683 686 588
f 693 684 691
f 693 691 692
f 692 691 590
f 692 590 585
f 691 684 683
f 691 683 590
f 683 685 690
f 683 690 689
f 683 689 688
f 683 688 687
f 683 687 686
f 657 654 653
f 683 684 685
f 683 588 590
f 677 674 670
f 677 627 669
f 677 670 672
f 677 667 627
f 677 682 674
f 677 669 682
f 677 681 667
f 677 680 681
f 677 679 680
f 633 624 630
f 641 634 638
f 641 642 634
f 639 638 636
f 639 636 637
f 639 637 640
f 638 631 636
f 638 634 633
f 638 633 631
f 636 631 632
f 636 632 637
f 633 628 631
f 641 638 639
f 633 630 628
f 633 635 624
f 633 634 635
f 631 628 629
f 631 629 632
f 630 567 628
f 630 624 565
f 630 565 567
f 628 568 629
f 628 567 568
f 625 626 627
f 649 646 645
f 657 659 654
f 657 658 659
f 655 653 651
f 655 651 652
f 655 652 656
f 653 647 651
f 653 649 647
f 653 650 649
f 653 654 650
f 651 647 648
f 651 648 652
f 559 544 543
f 649 643 647
f 649 645 643
f 649 650 646
f 647 643 644
f 647 644 648
f 645 639 643
f 645 641 639
f 645 642 641
f 645 646 642
f 643 639 640
f 643 640 644
f 434 437 427
f 449 450 451
f 448 446 445
f 445 446 447
f 442 443 444
f 442 267 443
f 438 440 441
f 438 439 440
f 434 427 423
f 434 353 422
f 434 423 429
f 434 429 353
f 452 450 449
f 434 436 437
f 434 435 436
f 434 422 435
f 429 423 425
f 429 421 353
f 429 433 421
f 429 432 433
f 429 431 432
f 429 430 431
f 429 425 430
f 428 423 426
f 456 453 438
f 461 465 462
f 447 446 462
f 447 463 464
f 447 462 463
f 446 438 461
f 446 461 462
f 438 441 460
f 438 460 461
f 441 459 460
f 456 451 450
f 456 446 448
f 426 423 427
f 456 442 453
f 456 448 458
f 456 458 457
f 456 457 451
f 456 438 446
f 456 450 442
f 453 442 444
f 453 439 438
f 453 455 439
f 453 454 455
f 453 444 454
f 397 386 376
f 381 403 404
f 400 395 394
f 400 397 376
f 400 380 392
f 400 388 397
f 400 402 395
f 400 401 402
f 400 392 401
f 400 376 380
f 400 394 388
f 397 388 390
f 381 404 383
f 397 399 386
f 397 398 399
f 397 390 398
f 396 394 393
f 393 394 395
f 392 380 391
f 391 380 382
f 388 389 390
f 388 311 389
f 376 387 377
f 376 386 387
f 415 405 408
f 423 424 425
f 422 353 358
f 353 421 354
f 418 413 412
f 418 379 410
f 418 415 379
f 418 412 415
f 418 420 413
f 418 419 420
f 418 410 419
f 415 403 381
f 461 466 465
f 415 417 403
f 415 416 417
f 415 408 416
f 415 412 405
f 415 381 379
f 414 412 411
f 411 412 413
f 410 379 409
f 409 379 378
f 405 407 408
f 405 406 407
f 518 522 512
f 533 535 536
f 533 534 535
f 533 530 534
f 531 528 532
f 528 529 530
f 526 523 527
f 523 524 525
f 518 512 508
f 518 504 507
f 518 508 513
f 518 513 504
f 533 536 537
f 518 521 522
f 518 520 521
f 518 519 520
f 518 507 519
f 513 508 510
f 513 506 504
f 513 517 506
f 513 516 517
f 513 515 516
f 513 514 515
f 513 510 514
f 538 532 528
f 559 561 544
f 559 560 561
f 559 550 560
f 558 556 555
f 555 556 557
f 554 552 551
f 551 552 553
f 547 549 550
f 547 548 549
f 543 545 546
f 543 544 545
f 511 508 512
f 538 523 526
f 538 528 533
f 538 533 523
f 538 542 532
f 538 541 542
f 538 540 541
f 538 539 540
f 538 526 539
f 533 528 530
f 533 524 523
f 533 537 524
f 477 467 469
f 488 489 490
f 486 483 487
f 483 484 485
f 480 475 474
f 480 460 472
f 480 477 460
f 480 474 477
f 480 482 475
f 480 481 482
f 480 472 481
f 477 466 461
f 491 488 492
f 477 469 479
f 477 479 478
f 477 478 466
f 477 474 467
f 477 461 460
f 476 474 473
f 473 474 475
f 472 460 471
f 471 460 459
f 467 470 468
f 467 468 469
f 499 502 492
f 508 509 510
f 507 504 503
f 504 506 505
f 487 483 504
f 487 504 505
f 483 485 504
f 485 503 504
f 499 492 488
f 499 483 486
f 499 488 494
f 499 494 483
f 1278 1282 1274
f 499 501 502
f 499 500 501
f 499 486 500
f 494 488 490
f 494 484 483
f 494 498 484
f 494 497 498
f 494 496 497
f 494 495 496
f 494 490 495
f 493 488 491
f 2118 2116 2117
f 2136 2128 2131
f 2136 2131 2137
f 2132 2129 2128
f 2132 2134 2135
f 2132 2135 2129
f 2132 2133 2134
f 2128 2130 2131
f 2128 2129 2130
f 2125 2126 2127
f 2122 2123 2124
f 2121 2120 2119
f 2120 2118 2119
f 2138 2136 2137
f 2118 2117 2119
f 2116 2112 2115
f 2116 2115 2117
f 2112 2114 2115
f 2112 2113 2114
f 2110 2108 2109
f 2110 2109 2111
f 2108 2105 2107
f 2108 2107 2109
f 2105 2106 2107
f 2101 2095 1855
f 2146 2141 2138
f 2152 2145 2147
f 2152 2150 2149
f 2151 2147 2148
f 2149 2142 2146
f 2149 2146 2145
f 2149 2150 2142
f 2147 2145 2144
f 2147 2144 2148
f 2146 2142 2141
f 2146 2143 2145
f 2146 2138 2143
f 2101 1855 2096
f 2145 2143 2144
f 2143 2138 2137
f 2143 2137 2144
f 2141 2140 2139
f 2141 2136 2138
f 2141 2139 2136
f 2141 2142 2140
f 2139 2132 2128
f 2139 2133 2132
f 2139 2128 2136
f 2139 2140 2133
f 2081 1907 1905
f 2088 2082 2089
f 2088 1916 1907
f 2088 1859 1851
f 2085 1851 2080
f 2085 2077 1916
f 2085 2087 2077
f 2085 2086 2087
f 2085 2080 2086
f 1864 1859 2083
f 2083 1859 2084
f 2082 1907 2081
f 2088 2089 2090
f 1851 2079 2080
f 1851 1853 2079
f 1916 2078 1918
f 1916 2077 2078
f 2074 2070 1891
f 2074 2034 2068
f 2074 2071 2034
f 2074 1891 2071
f 2074 2076 2070
f 2074 2075 2076
f 2074 2068 2075
f 2096 2097 2098
f 2101 1921 2092
f 2101 2096 1921
f 2101 2104 2095
f 2101 2103 2104
f 2101 2102 2103
f 2101 2092 2102
f 2096 1855 2093
f 2096 2091 1921
f 2096 2100 2091
f 2096 2099 2100
f 2096 2098 2099
f 2152 2149 2145
f 2096 2093 2097
f 1856 1855 2094
f 2094 1855 2095
f 1855 1863 2093
f 2092 1921 1920
f 1921 2091 1923
f 2088 2084 1859
f 2088 2085 1916
f 2088 1907 2082
f 2088 1851 2085
f 2088 2090 2084
f 2191 2187 2186
f 2198 2193 2196
f 2198 2194 2193
f 2198 2195 2194
f 2198 2199 2195
f 2196 2193 2190
f 2196 2190 2197
f 2194 2191 2193
f 2194 2192 2191
f 2194 2195 2192
f 2193 2188 2190
f 2193 2191 2188
f 2200 2201 2170
f 2191 2184 2188
f 2191 2186 2184
f 2191 2192 2187
f 2188 2184 2185
f 2188 2189 2190
f 2188 2185 2189
f 2186 2183 2182
f 2186 2180 2184
f 2186 2182 2180
f 2186 2187 2183
f 2184 2180 2181
f 2206 2204 2130
f 2213 199 201
f 2212 2211 2167
f 2212 2167 2166
f 2211 2210 2172
f 2211 2172 2167
f 2210 2173 2172
f 2209 2208 2134
f 2208 2207 2135
f 2208 2135 2134
f 2207 2206 2129
f 2207 2129 2135
f 2184 2181 2185
f 2206 2130 2129
f 2204 2205 2130
f 2203 2196 2200
f 2203 2198 2196
f 2203 2199 2198
f 2203 2200 2170
f 2203 2170 2169
f 2203 2169 2199
f 2200 2196 2197
f 2200 2202 2201
f 2200 2197 2202
f 2159 2157 2154
f 2164 2122 2127
f 2164 2159 2163
f 2163 2159 2123
f 2163 2123 2122
f 2162 2160 2157
f 2162 2157 2159
f 2162 2161 2160
f 2160 2158 2153
f 2160 2153 2157
f 2160 2156 2158
f 2160 2161 2156
f 2164 2126 2161
f 2159 2154 2123
f 2158 2155 2151
f 2158 2151 2153
f 2158 2156 2155
f 2157 2153 2154
f 2155 2152 2151
f 2155 2150 2152
f 2155 2156 2150
f 2153 2151 2148
f 2153 2148 2154
f 2152 2147 2151
f 2176 2174 2177
f 2182 2176 2180
f 2182 2178 2176
f 2182 2179 2178
f 2182 2183 2179
f 2180 2176 2177
f 2180 2177 2181
f 2178 2171 2176
f 2178 2165 2175
f 2178 2175 2171
f 2178 2179 2165
f 2176 2171 2174
f 2071 2064 2035
f 2175 2172 2171
f 2175 2165 2167
f 2175 2167 2172
f 2171 2173 2174
f 2171 2172 2173
f 2168 2169 2170
f 2165 2166 2167
f 2164 2162 2159
f 2164 2163 2122
f 2164 2161 2162
f 2164 2127 2126
f 1968 1964 1966
f 1977 1975 1978
f 1976 1928 91
f 1976 1962 1928
f 1975 91 1974
f 1974 91 1973
f 1974 1973 1972
f 1972 1971 1970
f 1972 1973 1971
f 1970 1969 1968
f 1970 1971 1969
f 1948 1967 1945
f 1979 1978 1980
f 1968 1969 1964
f 1967 1966 1945
f 1966 1964 1945
f 1945 1965 1946
f 1945 1964 1965
f 1962 1963 1928
f 91 1928 89
f 89 1927 94
f 89 1928 1927
f 94 1934 95
f 94 1927 1934
f 1989 1986 1987
f 1998 1995 1999
f 1995 1996 1997
f 113 1993 111
f 111 1993 116
f 1994 1992 1989
f 1993 1985 1988
f 1993 117 116
f 1993 1988 117
f 1992 1986 1989
f 1989 1990 1991
f 1989 1987 1990
f 95 1934 1961
f 1988 1985 1984
f 1986 1983 1987
f 1986 1982 1983
f 1984 1976 1981
f 1984 1985 1976
f 1982 1980 1983
f 1982 1979 1980
f 1981 1975 1977
f 1981 1976 91
f 1981 91 1975
f 1979 1977 1978
f 1937 1913 1915
f 1940 1937 1915
f 1940 1934 1937
f 1940 1942 1935
f 1940 1941 1942
f 1940 1932 1941
f 1937 1925 1913
f 1937 1927 1930
f 1937 1939 1925
f 1937 1938 1939
f 1937 1930 1938
f 1937 1934 1927
f 1940 1915 1932
f 1936 1934 1933
f 1933 1934 1935
f 1932 1915 1931
f 1931 1915 1917
f 1927 1929 1930
f 1927 1928 1929
f 1913 1926 1908
f 1913 1925 1926
f 1924 1922 1923
f 1922 1919 1921
f 1922 1921 1923
f 1950 1945 1947
f 1961 1934 1960
f 1960 1934 1936
f 1955 1949 1945
f 1955 1922 1944
f 1955 1945 1950
f 1955 1950 1922
f 1955 1959 1949
f 1955 1958 1959
f 1955 1957 1958
f 1955 1956 1957
f 1955 1944 1956
f 1989 1991 2000
f 1950 1943 1922
f 1950 1954 1943
f 1950 1953 1954
f 1950 1952 1953
f 1950 1951 1952
f 1950 1947 1951
f 1948 1945 1949
f 1945 1946 1947
f 1944 1922 1924
f 1922 1943 1919
f 1940 1935 1934
f 2020 2047 2048
f 2053 2049 2031
f 2053 2057 2049
f 2053 2056 2057
f 2053 2055 2056
f 2053 2054 2055
f 2053 2051 2054
f 1877 1876 2052
f 1876 1881 2051
f 2050 2031 2030
f 2031 2049 2032
f 2020 2019 2045
f 2053 1876 2051
f 2020 2046 2047
f 2020 2045 2046
f 2045 2019 2044
f 2044 2019 2036
f 2042 2041 2040
f 2042 2040 2043
f 2019 2035 2036
f 2019 2012 2035
f 2041 2039 2040
f 2039 2038 2037
f 2039 2037 2040
f 1896 2065 2066
f 2071 1896 2066
f 2071 2066 2073
f 2071 2073 2072
f 2071 2072 2064
f 2071 1891 1896
f 2071 2035 2034
f 1892 1891 2069
f 2069 1891 2070
f 2068 2034 2067
f 2067 2034 2033
f 1896 1898 2065
f 2038 2036 2037
f 2035 2064 2063
f 2035 2063 2037
f 2058 2052 1876
f 2058 2031 2050
f 2058 1876 2053
f 2058 2053 2031
f 2058 2062 2052
f 2058 2061 2062
f 2058 2060 2061
f 2058 2059 2060
f 2058 2050 2059
f 2008 2010 2011
f 2021 2019 2018
f 2018 2019 2020
f 1993 2016 2017
f 1993 113 2016
f 2012 2014 2015
f 2012 2013 2014
f 2008 2002 1989
f 2008 1995 1998
f 2008 1989 2003
f 2008 2003 1995
f 2008 2011 2002
f 2022 1985 2023
f 2008 2009 2010
f 2008 1998 2009
f 2003 1989 2000
f 2003 1996 1995
f 2003 2007 1996
f 2003 2006 2007
f 2003 2005 2006
f 2003 2004 2005
f 2003 2000 2004
f 1994 1989 2001
f 2001 1989 2002
f 2027 1993 2024
f 2036 2035 2037
f 2012 2015 2034
f 2012 2034 2035
f 2015 2033 2034
f 1999 1995 2031
f 1999 2031 2032
f 1995 2030 2031
f 1995 1997 2030
f 2027 2023 1985
f 2027 2019 2021
f 2027 2024 2012
f 204 199 2213
f 2027 2021 2029
f 2027 2029 2028
f 2027 2028 2023
f 2027 2012 2019
f 2027 1985 1993
f 2024 1993 2017
f 2024 2013 2012
f 2024 2026 2013
f 2024 2025 2026
f 2024 2017 2025
f 1976 1985 2022
f 2391 2385 2383
f 2395 2125 2127
f 2395 2402 2125
f 2395 2401 2402
f 2395 2400 2401
f 2395 2399 2400
f 2395 2398 2399
f 2395 2397 2398
f 2395 2396 2397
f 2395 2394 2396
f 2392 2127 2122
f 2392 2393 2394
f 2391 2350 2349
f 2403 2394 2395
f 2391 2386 2385
f 2391 2349 2386
f 2391 2390 2350
f 2391 2383 2387
f 2391 2387 2390
f 2387 2383 2384
f 2387 2389 2390
f 2387 2388 2389
f 2387 2384 2388
f 2385 2382 2381
f 2385 2386 2382
f 2407 2124 2409
f 2417 2418 2419
f 2416 2170 2415
f 2415 2170 2201
f 2170 2414 2168
f 2407 2393 2406
f 2407 2406 2122
f 2407 2413 2408
f 2407 2412 2413
f 2407 2411 2412
f 2407 2410 2411
f 2407 2409 2410
f 2385 2381 2383
f 2407 2122 2124
f 2407 2408 2393
f 2406 2393 2405
f 2406 2405 2122
f 2405 2392 2122
f 2405 2393 2392
f 2404 2127 2392
f 2404 2392 2394
f 2404 2403 2127
f 2404 2394 2403
f 2403 2395 2127
f 2361 2358 2357
f 2367 2363 2364
f 2367 2368 2369
f 2367 2364 2368
f 2365 2361 2363
f 2365 2362 2361
f 2365 2366 2362
f 2363 2361 2359
f 2363 2359 2360
f 2363 2360 2364
f 2361 2355 2359
f 2361 2357 2355
f 2370 2371 2366
f 2361 2362 2358
f 2359 2355 2356
f 2359 2356 2360
f 2357 2353 2351
f 2357 2354 2353
f 2357 2351 2355
f 2357 2358 2354
f 2355 2351 2352
f 2355 2352 2356
f 2353 2115 2351
f 2353 2354 2119
f 2377 2378 2374
f 2383 2379 2380
f 2383 2381 2379
f 2383 2380 2384
f 2381 2375 2379
f 2381 2377 2375
f 2381 2378 2377
f 2381 2382 2378
f 2379 2375 2376
f 2379 2376 2380
f 2377 2373 2375
f 2377 2374 2373
f 2420 2417 2421
f 2375 2372 2369
f 2375 2373 2372
f 2375 2369 2376
f 2373 2371 2370
f 2373 2367 2372
f 2373 2370 2367
f 2373 2374 2371
f 2372 2367 2369
f 2370 2366 2365
f 2370 2363 2367
f 2370 2365 2363
f 2464 2467 2468
f 2473 2455 2472
f 2473 2456 2455
f 2472 2447 2471
f 2472 2455 2447
f 2471 2447 2470
f 2470 2447 2446
f 2464 2448 2447
f 2464 2463 2390
f 2464 2447 2463
f 2464 2469 2448
f 2464 2468 2469
f 2474 2456 2473
f 2464 2466 2467
f 2464 2465 2466
f 2464 2389 2465
f 2464 2390 2389
f 2463 2462 2461
f 2463 2461 2390
f 2463 2447 2462
f 2462 2455 2461
f 2462 2447 2455
f 2461 2459 2460
f 2461 2460 2390
f 2485 2484 2483
f 2495 2408 2456
f 2494 2474 2488
f 2494 2489 2490
f 2494 2488 2489
f 2492 2490 2491
f 2492 2491 2493
f 2490 2489 2491
f 2408 2475 2456
f 2489 2488 2487
f 2487 2488 2486
f 2487 2486 2485
f 2461 2455 2459
f 2485 2486 2484
f 2483 2482 2481
f 2483 2484 2482
f 2440 2480 2432
f 2481 2477 2479
f 2481 2482 2477
f 2480 2479 2432
f 2479 2477 2432
f 2432 2478 2433
f 2432 2477 2478
f 2475 2476 2456
f 2424 2170 2416
f 2441 2442 2443
f 2441 2434 2442
f 2440 2432 2439
f 2439 2432 2437
f 2437 2432 2438
f 2436 2311 2435
f 2435 2311 2431
f 2432 2433 2434
f 2431 2311 2346
f 2311 2430 2309
f 2424 2421 2417
f 2441 2443 2444
f 2424 2417 2419
f 2424 2414 2170
f 2424 2429 2421
f 2424 2416 2429
f 2424 2428 2414
f 2424 2427 2428
f 2424 2426 2427
f 2424 2425 2426
f 2424 2419 2425
f 2423 2417 2422
f 2422 2417 2420
f 2449 2452 2451
f 2460 2459 2350
f 2460 2350 2390
f 2459 2455 2454
f 2459 2454 2350
f 2454 2453 2449
f 2454 2449 2350
f 2454 2456 2458
f 2454 2458 2457
f 2454 2457 2453
f 2454 2455 2456
f 2449 2453 2452
f 2353 2119 2117
f 2449 2451 2450
f 2449 2450 2348
f 2449 2348 2350
f 2446 2447 2448
f 2441 2438 2432
f 2441 2311 2436
f 2441 2432 2434
f 2441 2430 2311
f 2441 2436 2438
f 2441 2445 2430
f 2441 2444 2445
f 2263 2266 2257
f 2273 2218 2274
f 2272 2116 2271
f 2271 2116 2118
f 2213 2269 2270
f 2213 201 2269
f 2112 2268 2113
f 2112 2267 2268
f 2263 2257 2214
f 2263 2108 2254
f 2263 2214 2258
f 2263 2258 2108
f 2222 2218 2273
f 2263 2265 2266
f 2263 2264 2265
f 2263 2254 2264
f 2258 2214 2255
f 2258 2253 2108
f 2258 2262 2253
f 2258 2261 2262
f 2258 2260 2261
f 2258 2259 2260
f 2258 2255 2259
f 2215 2214 2256
f 2278 2116 2272
f 2289 2207 2208
f 2248 2247 2287
f 2287 2247 2288
f 2286 2208 2285
f 2285 2208 2209
f 2251 2252 2283
f 2251 2283 2284
f 2207 2282 2281
f 2207 2281 2206
f 2278 2274 2218
f 2278 2275 2112
f 2256 2214 2257
f 2278 2213 2275
f 2278 2280 2274
f 2278 2279 2280
f 2278 2272 2279
f 2278 2112 2116
f 2278 2218 2213
f 2275 2213 2270
f 2275 2267 2112
f 2275 2277 2267
f 2275 2276 2277
f 2275 2270 2276
f 2225 2224 2219
f 2240 2234 2237
f 2238 2239 2234
f 2234 2236 2237
f 2234 2235 2236
f 2233 2231 2232
f 2231 2229 2230
f 2231 2230 2232
f 2229 2227 2228
f 2229 2228 2230
f 2227 2225 2226
f 2227 2226 2228
f 2240 2238 2234
f 2225 2219 2226
f 2224 2220 2214
f 2224 2214 2219
f 2222 2217 2218
f 2222 2223 2217
f 2220 2221 2214
f 2219 2214 2216
f 2218 2217 2213
f 2217 205 2213
f 2214 2215 2216
f 205 204 2213
f 2247 2248 2249
f 2214 2221 2255
f 2254 2108 2110
f 2108 2253 2105
f 2252 2223 2222
f 2252 2251 182
f 2252 177 2223
f 2252 182 177
f 2251 2247 182
f 2247 183 182
f 2247 2250 183
f 2247 2249 2250
f 2289 2247 2251
f 177 179 2232
f 177 2232 2223
f 179 2233 2232
f 179 2246 2233
f 2246 2245 2233
f 2246 2244 2245
f 2244 2243 2245
f 2244 2242 2243
f 2242 2241 2243
f 2242 2240 2241
f 2240 2237 2241
f 2330 2331 2327
f 2336 2337 2338
f 2336 2333 2337
f 2334 2328 2332
f 2334 2330 2328
f 2334 2331 2330
f 2334 2335 2331
f 2332 2328 2329
f 2332 2329 2333
f 2330 2327 2326
f 2330 2324 2328
f 2330 2326 2324
f 2336 2332 2333
f 2328 2324 2325
f 2328 2325 2329
f 2326 2320 2324
f 2326 2323 2322
f 2326 2322 2320
f 2326 2327 2323
f 2324 2320 2321
f 2324 2321 2325
f 2322 2316 2320
f 2322 2318 2316
f 2322 2319 2318
f 2344 2346 2311
f 2353 2117 2115
f 2351 2114 2352
f 2351 2115 2114
f 2348 2349 2350
f 2347 2341 2344
f 2347 2342 2341
f 2347 2311 2310
f 2347 2344 2311
f 2347 2343 2342
f 2347 2310 2343
f 2344 2341 2338
f 2322 2323 2319
f 2344 2345 2346
f 2344 2338 2345
f 2342 2339 2341
f 2342 2340 2339
f 2342 2343 2340
f 2341 2339 2336
f 2341 2336 2338
f 2339 2334 2336
f 2339 2335 2334
f 2339 2340 2335
f 2336 2334 2332
f 2292 2288 2247
f 2299 2234 2297
f 2299 2295 2211
f 2299 2303 2295
f 2299 2302 2303
f 2299 2301 2302
f 2299 2300 2301
f 2299 2297 2300
f 2235 2234 2298
f 2234 2239 2297
f 2296 2211 2212
f 2211 2295 2210
f 2304 2296 2305
f 2292 2208 2286
f 2292 2289 2208
f 2292 2247 2289
f 2292 2294 2288
f 2292 2293 2294
f 2292 2286 2293
f 2289 2282 2207
f 2289 2251 2284
f 2289 2284 2291
f 2289 2291 2290
f 2289 2290 2282
f 2314 2109 2107
f 2320 2316 2317
f 2320 2317 2321
f 2318 2314 2312
f 2318 2315 2314
f 2318 2312 2316
f 2318 2319 2315
f 2316 2312 2313
f 2316 2313 2317
f 2314 2107 2312
f 2314 2315 2111
f 2314 2111 2109
f 1919 1920 1921
f 2312 2106 2313
f 2312 2107 2106
f 2309 2310 2311
f 2304 2298 2234
f 2304 2211 2296
f 2304 2234 2299
f 2304 2299 2211
f 2304 2308 2298
f 2304 2307 2308
f 2304 2306 2307
f 2304 2305 2306
f 1495 1496 1497
f 1502 1496 1499
f 1502 1504 1497
f 1502 1503 1504
f 1502 1494 1503
f 1499 1489 1491
f 1499 1488 1383
f 1499 1491 1501
f 1499 1501 1500
f 1499 1500 1488
f 1499 1496 1489
f 1499 1383 1386
f 1498 1496 1495
f 1502 1499 1386
f 1494 1386 1493
f 1493 1386 1388
f 1489 1492 1490
f 1489 1490 1491
f 1383 1488 1487
f 1383 1487 1378
f 1482 1476 1472
f 1482 1365 1471
f 1482 1472 1477
f 1482 1477 1365
f 1482 1486 1476
f 1521 1522 1523
f 1524 1514 1516
f 1524 1521 1505
f 1524 1509 1521
f 1524 1526 1519
f 1524 1525 1526
f 1524 1516 1525
f 1524 1505 1514
f 1524 1518 1509
f 1521 1509 1512
f 1521 1506 1505
f 1521 1523 1506
f 1482 1485 1486
f 1521 1512 1522
f 1520 1518 1517
f 1517 1518 1519
f 1516 1514 1513
f 1513 1514 1515
f 1509 1511 1512
f 1509 1510 1511
f 1505 1507 1508
f 1505 1506 1507
f 1502 1497 1496
f 1502 1386 1494
f 1450 1448 1449
f 1458 1455 1459
f 1458 1454 1455
f 1456 1447 1453
f 1456 1457 1447
f 1454 1451 1455
f 1454 1450 1451
f 1453 1396 47
f 1453 47 1452
f 1453 1447 1396
f 1452 1446 1448
f 1452 47 1446
f 1460 1457 1456
f 1450 1449 1451
f 1448 1446 1449
f 1447 1433 1396
f 1446 47 1445
f 1445 47 1444
f 1445 1444 1443
f 1443 1442 1441
f 1443 1444 1442
f 1441 1440 1439
f 1441 1442 1440
f 1419 1438 1416
f 1472 1473 1474
f 1482 1484 1485
f 1482 1483 1484
f 1482 1471 1483
f 1477 1472 1474
f 1477 1470 1365
f 1477 1481 1470
f 1477 1480 1481
f 1477 1479 1480
f 1477 1478 1479
f 1477 1474 1478
f 1475 1472 1476
f 1524 1519 1518
f 1471 1365 1370
f 1365 1470 1369
f 1469 1465 1468
f 1468 1465 1466
f 1467 1464 1461
f 1465 1457 1460
f 1465 1460 1466
f 1464 1458 1461
f 1461 1462 1463
f 1461 1459 1462
f 1461 1458 1459
f 1496 73 72
f 1582 1581 1515
f 1581 1579 1515
f 1579 1580 1515
f 1577 1492 1520
f 1577 1520 1578
f 1492 1555 1520
f 1492 67 69
f 1492 1489 67
f 1492 69 1555
f 1489 72 67
f 1489 1496 72
f 1514 1583 1582
f 1496 1576 73
f 1496 1575 1576
f 1496 1498 1575
f 69 1563 1555
f 69 1574 1564
f 69 1564 1563
f 1574 1572 1573
f 1574 1573 1564
f 1572 1571 1573
f 1572 1570 1571
f 1570 1568 1569
f 1399 1398 1505
f 1594 1595 1596
f 1594 1591 1595
f 1467 1461 1592
f 1592 1461 1593
f 1461 1463 1591
f 1590 1367 1366
f 1367 1589 1368
f 1415 1411 1527
f 1415 1527 1529
f 1411 1413 1531
f 1411 1531 1527
f 1570 1569 1571
f 1399 1505 1508
f 1398 1389 1514
f 1398 1514 1505
f 1389 1391 1588
f 1389 1584 1514
f 1389 1588 1584
f 1391 1587 1588
f 1391 1586 1587
f 1391 1585 1586
f 1584 1583 1514
f 1514 1582 1515
f 1538 1532 1534
f 1532 1537 1549
f 1548 1547 1509
f 1509 1547 1510
f 1543 1536 1532
f 1543 1532 1538
f 1543 1527 1530
f 1543 1538 1527
f 1543 1546 1536
f 1543 1545 1546
f 1543 1544 1545
f 1543 1530 1544
f 1550 1548 1509
f 1538 1528 1527
f 1538 1542 1528
f 1538 1541 1542
f 1538 1540 1541
f 1538 1539 1540
f 1538 1534 1539
f 1537 1532 1535
f 1535 1532 1536
f 1532 1533 1534
f 1530 1527 1531
f 1527 1528 1529
f 1558 1556 1557
f 1568 1567 1472
f 1568 1566 1569
f 1568 1472 1566
f 1567 1473 1472
f 1472 1565 1566
f 1472 1475 1565
f 1564 1562 1563
f 1562 1560 1561
f 1562 1561 1563
f 1560 1558 1559
f 1560 1559 1561
f 1439 1435 1437
f 1558 1557 1559
f 1556 1554 1551
f 1556 1551 1557
f 1520 1552 1518
f 1520 1555 1552
f 1554 1553 1532
f 1554 1532 1551
f 1553 1533 1532
f 1518 1550 1509
f 1518 1552 1550
f 1551 1532 1549
f 1323 1313 1320
f 1335 1332 1333
f 1334 1331 1328
f 1332 1324 1327
f 1332 1327 1333
f 1331 1325 1328
f 1328 1329 1330
f 1328 1326 1329
f 1328 1325 1326
f 1327 1324 1323
f 1325 1322 1326
f 1325 1321 1322
f 1336 1332 1335
f 1323 1324 1313
f 1321 1318 1322
f 1321 1317 1318
f 1320 1280 1298
f 1320 1298 1319
f 1320 1313 1280
f 1319 1311 1315
f 1319 1298 1312
f 1319 1315 1314
f 1319 1312 1311
f 1317 1314 1316
f 1344 1341 1109
f 1346 1106 1351
f 1346 1351 1350
f 1346 1350 1349
f 1346 1349 1348
f 1346 1348 1347
f 1346 1347 1313
f 1346 1104 1106
f 1346 1313 1324
f 1345 1344 1104
f 1345 1324 1344
f 1344 1332 1341
f 1317 1316 1318
f 1344 1109 1104
f 1344 1324 1332
f 1341 1332 1340
f 1341 1337 1109
f 1341 1343 1337
f 1341 1342 1343
f 1341 1340 1342
f 1332 1339 1340
f 1332 1336 1339
f 1109 1338 1107
f 1109 1337 1338
f 1287 1271 1286
f 1288 1287 1065
f 1288 1271 1287
f 1288 1293 1272
f 1288 1292 1293
f 1288 1291 1292
f 1288 1290 1291
f 1288 1289 1290
f 1288 1064 1289
f 1288 1065 1064
f 1287 1286 1285
f 1287 1285 1065
f 1288 1272 1271
f 1286 1279 1285
f 1286 1271 1279
f 1285 1283 1284
f 1285 1284 1065
f 1285 1279 1283
f 1284 1283 1025
f 1284 1025 1065
f 1283 1279 1278
f 1283 1278 1025
f 1278 1274 1273
f 1278 1273 1025
f 1304 1303 1256
f 1314 1315 1316
f 1313 1299 1280
f 1311 1312 1310
f 1311 1310 1309
f 1309 1308 1307
f 1309 1310 1308
f 1307 1306 1305
f 1307 1308 1306
f 1264 1304 1256
f 1305 1301 1303
f 1305 1306 1301
f 1346 1345 1104
f 1303 1301 1256
f 1256 1302 1257
f 1256 1301 1302
f 1299 1300 1280
f 1298 1280 1297
f 1297 1279 1296
f 1297 1280 1279
f 1296 1271 1295
f 1296 1279 1271
f 1295 1271 1294
f 1294 1271 1270
f 1408 1398 1400
f 1421 1412 1411
f 1421 1425 1412
f 1421 1424 1425
f 1421 1423 1424
f 1421 1422 1423
f 1421 1418 1422
f 1419 1416 1420
f 1416 1417 1418
f 1414 1411 1415
f 1411 1412 1413
f 1408 1403 1402
f 1421 1416 1418
f 1408 1405 1398
f 1408 1402 1405
f 1408 1410 1403
f 1408 1409 1410
f 1408 1400 1409
f 1405 1393 1395
f 1405 1392 1389
f 1405 1395 1407
f 1405 1407 1406
f 1405 1406 1392
f 1405 1402 1393
f 51 1402 1432
f 1439 1440 1435
f 1438 1437 1416
f 1437 1435 1416
f 1416 1436 1417
f 1416 1435 1436
f 1433 1434 1396
f 47 1396 45
f 45 1393 50
f 45 1396 1393
f 50 1402 51
f 50 1393 1402
f 1405 1389 1398
f 1432 1402 1431
f 1431 1402 1404
f 1426 1420 1416
f 1426 1411 1414
f 1426 1416 1421
f 1426 1421 1411
f 1426 1430 1420
f 1426 1429 1430
f 1426 1428 1429
f 1426 1427 1428
f 1426 1414 1427
f 1359 1361 1362
f 1370 1365 1368
f 1365 1369 1366
f 1365 1367 1368
f 1365 1366 1367
f 1359 1357 1328
f 1359 1149 1354
f 1359 1328 1355
f 1359 1352 1149
f 1359 1364 1352
f 1359 1363 1364
f 1359 1362 1363
f 1371 1372 1373
f 1359 1355 1361
f 1359 1360 1357
f 1359 1354 1360
f 1334 1328 1358
f 1358 1328 1356
f 1356 1328 1357
f 1328 1330 1355
f 1354 1149 1353
f 1353 1149 1181
f 1149 1352 1147
f 1346 1324 1345
f 1383 1378 1382
f 1404 1402 1401
f 1401 1402 1403
f 1400 1398 1397
f 1397 1398 1399
f 1393 1396 1394
f 1393 1394 1395
f 1389 1392 1390
f 1389 1390 1391
f 1388 1386 1387
f 1386 1383 1384
f 1386 1384 1387
f 1594 1596 1597
f 1383 1377 1376
f 1383 1385 1377
f 1383 1382 1385
f 1383 1376 1384
f 1378 1381 1382
f 1378 1380 1381
f 1378 1379 1380
f 1376 1375 1373
f 1376 1377 1375
f 1375 1374 1373
f 1374 1371 1373
f 1806 1800 1807
f 1813 1814 1815
f 1813 1811 1814
f 1634 1626 1812
f 1626 1629 1811
f 1810 1764 1763
f 1764 1809 1766
f 1806 1802 1618
f 1806 1753 1800
f 1806 1803 1753
f 1806 1618 1803
f 1806 1808 1802
f 1806 1807 1808
f 1813 1815 1816
f 1803 1796 1755
f 1803 1622 1798
f 1803 1798 1805
f 1803 1805 1804
f 1803 1804 1796
f 1803 1618 1622
f 1803 1755 1753
f 1619 1618 1801
f 1801 1618 1802
f 1800 1753 1799
f 1799 1753 1752
f 1818 1764 1810
f 1828 1832 1823
f 1828 1831 1832
f 1828 1830 1831
f 1828 1829 1830
f 1828 1825 1829
f 1662 1656 1826
f 1826 1656 1827
f 1656 1658 1825
f 1824 1667 1666
f 1667 1823 1668
f 1818 1812 1626
f 1622 1624 1797
f 1818 1626 1813
f 1818 1813 1764
f 1818 1822 1812
f 1818 1821 1822
f 1818 1820 1821
f 1818 1819 1820
f 1818 1810 1819
f 1813 1626 1811
f 1813 1809 1764
f 1813 1817 1809
f 1813 1816 1817
f 1775 1776 1777
f 1778 1756 1772
f 1778 1775 1754
f 1778 1716 1775
f 1778 1780 1774
f 1778 1779 1780
f 1778 1772 1779
f 1778 1754 1756
f 1778 1722 1716
f 1775 1716 1770
f 1775 1767 1754
f 1775 1777 1767
f 1778 1774 1722
f 1775 1770 1776
f 1727 1722 1773
f 1773 1722 1774
f 1772 1756 1771
f 1771 1756 1758
f 1716 1769 1770
f 1716 135 1769
f 1754 1768 1751
f 1754 1767 1768
f 1765 1761 1764
f 1765 1764 1766
f 1786 1717 1783
f 1622 1797 1798
f 1755 1796 1795
f 1755 1795 1757
f 1791 1785 1717
f 1791 1717 1786
f 1791 1761 1782
f 1791 1786 1761
f 1791 1794 1785
f 1791 1793 1794
f 1791 1792 1793
f 1791 1782 1792
f 1828 1823 1667
f 1786 1781 1761
f 1786 1790 1781
f 1786 1789 1790
f 1786 1788 1789
f 1786 1787 1788
f 1786 1783 1787
f 1718 1717 1784
f 1784 1717 1785
f 1717 1725 1783
f 1782 1761 1765
f 1761 1781 1762
f 1884 1883 1885
f 1891 1894 1895
f 1891 1893 1894
f 1891 1892 1893
f 1890 1889 1865
f 1889 1875 1874
f 1889 1874 1865
f 1889 1888 1875
f 1888 1886 1887
f 1888 1887 1875
f 1886 1884 1885
f 1886 1885 1887
f 1896 1891 1895
f 1884 1882 1883
f 1882 1880 1876
f 1882 1879 1883
f 1882 1876 1879
f 1880 1881 1876
f 1876 1878 1879
f 1876 1877 1878
f 1875 1873 1874
f 1873 1871 1872
f 1873 1872 1874
f 1871 1869 1870
f 1907 1906 1905
f 1917 1915 1916
f 1917 1916 1918
f 1915 1913 1907
f 1915 1907 1916
f 1913 1908 1912
f 1913 1906 1907
f 1913 1914 1906
f 1913 1912 1914
f 1908 1911 1912
f 1908 1910 1911
f 1908 1909 1910
f 1871 1870 1872
f 1906 1904 1905
f 1904 1903 1902
f 1904 1902 1905
f 1903 1899 1902
f 1899 1901 1902
f 1899 1900 1901
f 1898 1865 1864
f 1898 1897 1890
f 1898 1896 1897
f 1898 1890 1865
f 1896 1895 1897
f 1660 1664 1839
f 1848 1654 1660
f 1845 1660 1840
f 1845 1837 1678
f 1845 1847 1837
f 1845 1846 1847
f 1845 1840 1846
f 1642 1654 1843
f 1843 1654 1844
f 1842 1676 1841
f 1841 1676 1674
f 1660 1839 1840
f 1848 1678 1676
f 1678 1838 1680
f 1678 1837 1838
f 1833 1827 1656
f 1833 1667 1824
f 1833 1656 1828
f 1833 1828 1667
f 1833 1836 1827
f 1833 1835 1836
f 1833 1834 1835
f 1833 1824 1834
f 1828 1656 1825
f 1859 1858 1851
f 1869 1867 1868
f 1869 1868 1870
f 1867 1866 1860
f 1867 1860 1868
f 1866 1862 1855
f 1866 1855 1860
f 1864 1861 1859
f 1864 1865 1861
f 1862 1863 1855
f 1861 1858 1859
f 1860 1855 1857
f 1761 1763 1764
f 1858 1854 1851
f 1855 1856 1857
f 1854 1852 1851
f 1851 1852 1853
f 1848 1844 1654
f 1848 1845 1678
f 1848 1676 1842
f 1848 1660 1845
f 1848 1850 1844
f 1848 1849 1850
f 1848 1842 1849
f 1647 1640 1641
f 1655 1654 1651
f 1654 1642 1651
f 1652 1649 1650
f 1652 1650 1653
f 1651 1642 1648
f 1649 1646 1650
f 1649 1645 1646
f 1648 1625 1647
f 1648 1642 1625
f 1647 1625 1640
f 1647 1641 1643
f 1656 1652 1653
f 1645 1644 1646
f 1645 1643 1644
f 1643 1641 1644
f 1642 1624 1625
f 1641 1640 1639
f 1639 1638 1637
f 1639 1640 1638
f 1637 1636 1635
f 1637 1638 1636
f 1635 1633 1632
f 1635 1636 1633
f 1670 1665 1668
f 1683 1684 1685
f 1682 1665 1670
f 1665 1681 1669
f 1679 1677 1678
f 1679 1678 1680
f 1677 1675 1676
f 1677 1676 1678
f 1675 1671 1674
f 1675 1674 1676
f 1671 1673 1674
f 1671 1672 1673
f 1634 1631 1626
f 1665 1669 1666
f 1665 1667 1668
f 1665 1666 1667
f 1664 1660 1663
f 1663 1660 1661
f 1662 1659 1656
f 1660 1654 1655
f 1660 1655 1661
f 1659 1652 1656
f 1656 1657 1658
f 1656 1653 1657
f 1599 1593 1461
f 1611 1613 1603
f 1611 1612 1613
f 1611 1606 1612
f 1447 1457 1609
f 1609 1457 1610
f 1608 1376 1607
f 1607 1376 1373
f 1465 1605 1606
f 1465 1469 1605
f 1384 1604 1387
f 1384 1603 1604
f 1611 1603 1384
f 1599 1367 1590
f 1599 1461 1594
f 1599 1594 1367
f 1599 1602 1593
f 1599 1601 1602
f 1599 1600 1601
f 1599 1590 1600
f 1594 1461 1591
f 1594 1589 1367
f 1594 1598 1589
f 1594 1597 1598
f 1620 1618 1617
f 1632 1627 1630
f 1632 1633 1627
f 1631 1630 1626
f 1630 1627 1626
f 1626 1628 1629
f 1626 1627 1628
f 1625 1624 1623
f 1623 1622 1621
f 1623 1624 1622
f 1621 1618 1620
f 1621 1622 1618
f 1686 1683 1687
f 1617 1618 1619
f 1614 1610 1457
f 1614 1376 1608
f 1614 1611 1384
f 1614 1465 1611
f 1614 1616 1610
f 1614 1615 1616
f 1614 1608 1615
f 1614 1384 1376
f 1614 1457 1465
f 1611 1465 1606
f 1736 1735 1728
f 1746 1745 1736
f 1744 1743 1745
f 1744 1742 1743
f 1742 1740 1741
f 1742 1741 1743
f 1740 1739 1683
f 1740 1738 1741
f 1740 1683 1738
f 1739 1684 1683
f 1683 1737 1738
f 1683 1686 1737
f 1746 1744 1745
f 1735 1733 1734
f 1735 1734 1728
f 1733 1731 1732
f 1733 1732 1734
f 1731 1729 1730
f 1731 1730 1732
f 1729 1726 1721
f 1729 1721 1730
f 1727 1723 1722
f 1727 1728 1723
f 1726 1724 1717
f 1703 1728 1727
f 1761 1762 1763
f 1758 1756 1757
f 1758 1759 1760
f 1758 1757 1759
f 1756 1754 1755
f 1756 1755 1757
f 1754 1751 1753
f 1754 1753 1755
f 1751 1752 1753
f 1749 1703 1727
f 1749 1727 1750
f 1726 1717 1721
f 1703 155 157
f 1703 1700 155
f 1703 157 1728
f 1700 160 155
f 1700 1707 160
f 1707 161 160
f 1707 1748 161
f 1707 1747 1748
f 1707 1709 1747
f 157 1746 1736
f 157 1736 1728
f 1693 1697 1687
f 1706 1707 1708
f 1705 1677 1704
f 1704 1677 1679
f 1700 1703 1701
f 1700 1701 1702
f 1675 1699 1698
f 1675 1698 1671
f 1693 1687 1683
f 1693 1665 1682
f 1693 1683 1688
f 1693 1688 1665
f 1709 1707 1706
f 1693 1696 1697
f 1693 1695 1696
f 1693 1694 1695
f 1693 1682 1694
f 1688 1683 1685
f 1688 1681 1665
f 1688 1692 1681
f 1688 1691 1692
f 1688 1690 1691
f 1688 1689 1690
f 1688 1685 1689
f 1713 1710 1677
f 1724 1725 1717
f 1722 1720 1716
f 1722 1723 1720
f 1721 1717 1719
f 1720 139 1716
f 1717 1718 1719
f 139 138 1716
f 138 133 1716
f 1716 133 135
f 1713 1708 1707
f 1713 1677 1705
f 8142 7882 7880
f 1713 1707 1710
f 1713 1715 1708
f 1713 1714 1715
f 1713 1705 1714
f 1710 1700 1702
f 1710 1699 1675
f 1710 1702 1712
f 1710 1712 1711
f 1710 1711 1699
f 1710 1707 1700
f 1710 1675 1677
f 6740 6743 5209
f 6745 6748 6747
f 6744 6747 6743
f 6743 6747 6746
f 6745 6747 6744
f 6743 6746 5207
f 5207 6746 5205
f 6741 6745 6744
f 5217 6745 6742
f 6742 6745 6741
f 5216 6745 5217
f 6741 6744 6743
f 6741 6743 6740
f 6747 6748 5219
f 5209 6743 5207
f 5247 6742 6739
f 6739 6742 6738
f 6738 6742 6741
f 5217 6742 5247
f 6738 6741 6737
f 6737 6741 6740
f 6737 6740 5211
f 5211 6740 5209
f 5243 6739 6736
f 6736 6739 6735
f 6749 6752 5203
f 6752 6756 6755
f 5223 6756 6753
f 6753 6756 6752
f 6752 6755 5201
f 5201 6755 5199
f 6753 6754 5223
f 5221 6754 6753
f 5223 6754 5221
f 6749 6753 6752
f 5221 6753 6750
f 6750 6753 6749
f 6735 6739 6738
f 5203 6752 5201
f 5221 6751 5219
f 6750 6751 5221
f 5219 6751 6750
f 6747 6750 6749
f 5219 6750 6747
f 6747 6749 6746
f 6746 6749 5205
f 5205 6749 5203
f 5216 6748 6745
f 5219 6748 5216
f 6717 6718 6653
f 6727 5176 5179
f 6725 6727 6726
f 6726 6727 5179
f 6723 6725 6724
f 6724 6725 6726
f 5238 6723 6722
f 6722 6723 6724
f 5262 5238 6722
f 6719 6721 6653
f 6720 6721 6719
f 6718 6719 6653
f 5227 6728 6729
f 6716 6717 6653
f 6715 6716 6654
f 6654 6716 6653
f 6714 6715 6654
f 6713 6714 6654
f 6712 6713 6654
f 6711 6712 6654
f 6710 6711 6649
f 6649 6711 6654
f 6709 6710 6647
f 6647 6710 6649
f 6731 6734 5215
f 5247 6739 5243
f 6734 6738 6737
f 6735 6738 6734
f 6734 6737 5213
f 5213 6737 5211
f 6732 6736 6735
f 5237 6736 6733
f 6733 6736 6732
f 5243 6736 5237
f 6732 6735 6731
f 6731 6735 6734
f 5225 6757 5223
f 5215 6734 5213
f 6725 6733 6732
f 5237 6733 5238
f 5238 6733 6723
f 6723 6733 6725
f 6727 6732 6731
f 6725 6732 6727
f 5176 6731 5215
f 6727 6731 5176
f 5227 5229 6730
f 5227 6730 6728
f 6796 6797 6795
f 6801 6803 6800
f 6798 6803 6804
f 6797 6802 6801
f 5162 6802 6799
f 6799 6802 6797
f 5158 6802 5162
f 6797 6801 6800
f 6797 6800 6798
f 5162 6799 6796
f 6796 6799 6797
f 6795 6797 6794
f 6800 6803 6798
f 6794 6797 6791
f 6791 6797 6798
f 6792 6796 6790
f 6793 6796 6792
f 5166 6796 6793
f 5162 6796 5166
f 6790 6796 6795
f 6790 6795 6794
f 6790 6794 6791
f 6762 6793 6792
f 5172 6793 6762
f 6804 6809 6810
f 6812 6815 6810
f 6810 6815 6816
f 6809 6814 6813
f 5154 6814 6811
f 6811 6814 6809
f 5153 6814 5154
f 6809 6813 6812
f 6809 6812 6810
f 6808 6811 6809
f 5154 6811 6808
f 6806 6809 6804
f 5166 6793 5172
f 6808 6809 6807
f 6807 6809 6806
f 6803 6808 6807
f 5158 6808 6805
f 6805 6808 6803
f 5154 6808 5158
f 6803 6807 6806
f 6803 6806 6804
f 6802 6805 6803
f 5158 6805 6802
f 6802 6803 6801
f 5227 6760 5225
f 6766 6768 6767
f 6767 6768 6769
f 6764 6766 6765
f 6765 6766 6767
f 6762 6764 6763
f 6763 6764 6765
f 5172 6762 6761
f 6761 6762 6763
f 5173 5172 6761
f 5225 6760 6759
f 6759 6760 5227
f 6769 6770 6771
f 6729 6759 5227
f 6755 6759 6758
f 6758 6759 6729
f 5225 6759 6756
f 6756 6759 6755
f 6755 6758 5199
f 5196 6758 6729
f 5197 6758 5196
f 5199 6758 5197
f 5223 6757 6756
f 6756 6757 5225
f 6783 6784 6785
f 6762 6792 6764
f 6764 6792 6766
f 6766 6792 6790
f 6778 6790 6791
f 6766 6790 6768
f 6768 6790 6770
f 6770 6790 6778
f 5168 5170 6789
f 6788 6784 6787
f 6787 6784 6786
f 6786 6784 6783
f 6708 6709 6644
f 5164 6781 6782
f 6770 6778 6773
f 6773 6778 6780
f 6780 6778 6777
f 6777 6778 6779
f 6768 6770 6769
f 6771 6770 6776
f 6776 6770 6775
f 6775 6770 6774
f 6774 6770 6772
f 6772 6770 6773
f 6605 6634 5317
f 6642 6643 6638
f 6638 6641 6639
f 6638 6639 6640
f 6605 5307 5305
f 6632 6605 6637
f 6637 6605 5305
f 6631 6632 6636
f 6636 6632 6637
f 5266 6631 6635
f 6635 6631 6636
f 5301 5266 6635
f 5321 6634 6629
f 6638 6643 6641
f 6633 6634 6632
f 6628 6634 6633
f 6629 6634 6628
f 5317 6634 5321
f 6632 6634 6605
f 6628 6633 6630
f 6630 6633 6632
f 6628 6630 6627
f 5267 6630 5266
f 5269 6630 5267
f 6627 6630 5269
f 5167 6655 5163
f 5163 6660 5159
f 6652 6658 6650
f 6650 6658 6657
f 6659 6658 6651
f 6651 6658 6652
f 6650 6657 6648
f 6648 6657 6656
f 6648 6656 6645
f 6655 6656 5163
f 6645 6656 6655
f 6645 6655 5167
f 6631 6630 6632
f 6649 6652 6650
f 6654 6652 6649
f 6653 6652 6654
f 6651 6652 6653
f 6647 6650 6648
f 6649 6650 6647
f 6644 6648 6645
f 6647 6648 6644
f 5171 6645 5167
f 6646 6645 5171
f 6644 6645 6646
f 6613 6617 6616
f 5275 6621 5273
f 6616 6620 6619
f 5310 6620 6617
f 6617 6620 6616
f 5333 6620 5310
f 6616 6619 6615
f 6615 6619 6618
f 6615 6618 5277
f 5277 6618 5275
f 5312 6617 6614
f 6614 6617 6613
f 6619 6621 6618
f 5310 6617 5312
f 6612 6616 6615
f 6613 6616 6612
f 6612 6615 5279
f 5279 6615 5277
f 6611 6614 6609
f 5314 6614 6611
f 6609 6614 6613
f 5312 6614 5314
f 6607 6613 6612
f 6609 6613 6607
f 5329 6626 6623
f 5266 6630 6631
f 5325 6629 6626
f 6626 6629 6628
f 5321 6629 5325
f 6625 6628 6627
f 6626 6628 6625
f 6625 6627 6624
f 6624 6627 5271
f 5271 6627 5269
f 6623 6626 6622
f 6622 6626 6625
f 6656 6661 5163
f 5325 6626 5329
f 6621 6625 6624
f 6622 6625 6621
f 6621 6624 5273
f 5273 6624 5271
f 6619 6623 6622
f 6620 6623 6619
f 5333 6623 6620
f 5329 6623 5333
f 6619 6622 6621
f 6618 6621 5275
f 6682 6689 6687
f 5165 6695 5169
f 6688 6694 6689
f 5161 6694 6692
f 6692 6694 5165
f 6689 6694 5161
f 6693 6694 6688
f 6691 6692 5165
f 5161 6692 6691
f 6690 6691 5165
f 5161 6691 6690
f 5161 6690 5165
f 6696 6695 6697
f 6687 6689 5161
f 6684 6689 6682
f 6683 6689 6684
f 6688 6689 6683
f 6686 6687 5161
f 5157 6687 6686
f 6682 6687 5157
f 6685 6686 5161
f 5157 6686 6685
f 5157 6685 5161
f 6677 6684 6682
f 6638 6703 6642
f 6644 6709 6647
f 6707 6708 6646
f 6646 6708 6644
f 5171 6707 6646
f 5174 6707 5171
f 6693 6703 6694
f 6694 6703 5165
f 6642 6703 6706
f 6706 6703 6705
f 6705 6703 6704
f 6702 6703 6638
f 6679 6684 6677
f 6704 6703 6693
f 6701 6703 6702
f 5165 6703 6701
f 6699 6701 6700
f 6700 6701 6702
f 5165 6701 6699
f 6695 6699 6697
f 6697 6699 6700
f 5165 6699 6695
f 5169 6695 6698
f 6698 6695 6696
f 6661 6666 5159
f 6666 6672 5155
f 6667 6672 6666
f 6671 6672 5151
f 5155 6671 5151
f 6662 6669 6667
f 6663 6669 6664
f 6664 6669 6662
f 6670 6669 6668
f 6668 6669 6663
f 6661 6667 6666
f 6662 6667 6661
f 5155 6672 6671
f 5159 6666 6665
f 6665 6666 5155
f 5159 6665 5155
f 6658 6664 6657
f 6659 6664 6658
f 6657 6664 6662
f 6663 6664 6659
f 6657 6662 6656
f 6656 6662 6661
f 5163 6661 6660
f 6660 6661 5159
f 6678 6679 6670
f 6678 6684 6679
f 6683 6684 6678
f 6681 6682 5157
f 5152 6682 6681
f 6677 6682 5152
f 6680 6681 5157
f 5152 6681 6680
f 5152 6680 5157
f 6673 6679 6677
f 6674 6679 6673
f 6670 6679 6674
f 6813 6815 6812
f 6676 6677 5152
f 5151 6677 6676
f 6673 6677 5151
f 5151 6676 6675
f 6675 6676 5152
f 5151 6675 5152
f 6670 6674 6669
f 6667 6674 6673
f 6669 6674 6667
f 6672 6673 5151
f 6667 6673 6672
f 6953 6956 6952
f 5539 6960 6957
f 5538 6960 5539
f 6956 6959 6958
f 6957 6959 6956
f 6956 6958 6955
f 6955 6958 5531
f 5531 6958 5529
f 6954 6957 6953
f 5565 6957 6954
f 6953 6957 6956
f 5539 6957 5565
f 6952 6956 6955
f 6957 6960 6959
f 6952 6955 5531
f 5566 6954 6951
f 6950 6954 6953
f 6951 6954 6950
f 5565 6954 5566
f 6949 6953 6952
f 6950 6953 6949
f 6949 6952 5535
f 5533 6952 5531
f 5535 6952 5533
f 6946 6951 6950
f 5541 6965 6962
f 5543 6968 6965
f 6964 6968 6967
f 6965 6968 6964
f 6964 6967 5525
f 5523 6967 5521
f 5525 6967 5523
f 5543 6966 5541
f 6965 6966 5543
f 5541 6966 6965
f 6962 6965 6961
f 6961 6965 6964
f 5559 6951 6947
f 6961 6964 5527
f 5527 6964 5525
f 5538 6963 6960
f 5541 6963 5538
f 6962 6963 5541
f 6960 6963 6962
f 6959 6962 6958
f 6958 6962 6961
f 6960 6962 6959
f 6958 6961 5529
f 5529 6961 5527
f 6931 6929 6877
f 6939 6938 6937
f 6937 6938 5313
f 6925 6935 6929
f 6929 6935 6930
f 6930 6935 6934
f 6934 6935 6936
f 6877 6929 6874
f 6925 6929 6926
f 6926 6929 6933
f 6933 6929 6932
f 6932 6929 6931
f 6936 6938 6939
f 6874 6929 6930
f 6924 6928 6927
f 5311 6928 6924
f 6923 6927 6925
f 6924 6927 6923
f 6923 6925 6922
f 6922 6925 6919
f 6919 6925 6926
f 6920 6924 6923
f 6921 6924 6920
f 5308 6924 6921
f 6945 6946 6943
f 6947 6951 6946
f 5566 6951 5559
f 6946 6950 6944
f 6944 6950 6949
f 6944 6949 5537
f 5537 6949 5535
f 6945 6947 6946
f 5559 6947 5560
f 6948 6947 6945
f 5560 6947 6948
f 6943 6946 6944
f 5543 6969 6968
f 5500 6944 5537
f 6943 6944 5500
f 5549 5551 6942
f 5549 6942 6940
f 5549 6940 6941
f 6928 6938 6927
f 5311 6938 6928
f 6927 6938 6925
f 6935 6938 6936
f 5313 6938 5311
f 6925 6938 6935
f 7002 7005 7006
f 7010 7012 7011
f 7006 7012 7010
f 7006 7010 7011
f 7004 7009 7002
f 5550 7009 7004
f 7002 7009 7008
f 5548 7009 5550
f 7007 7008 7006
f 7002 7008 7007
f 7002 7007 7005
f 7005 7007 7006
f 7008 7013 7006
f 7003 7004 7002
f 5552 7004 7000
f 5550 7004 5552
f 7000 7004 6998
f 6998 7004 7003
f 7001 7003 7002
f 6998 7003 7001
f 6998 7001 7002
f 6999 7000 6998
f 6988 7000 6999
f 5553 7000 6988
f 7017 7018 7016
f 5540 7024 5542
f 7016 7023 7022
f 7022 7023 7021
f 7018 7023 7016
f 7020 7022 7021
f 7016 7022 7020
f 7016 7020 7021
f 7013 7019 7018
f 5544 7019 7014
f 7014 7019 7013
f 7011 7018 7017
f 5552 7000 5553
f 7013 7018 7011
f 7011 7017 7015
f 7015 7017 7016
f 7011 7015 7016
f 7009 7014 7008
f 5548 7014 7009
f 5546 7014 5548
f 5544 7014 5546
f 7008 7014 7013
f 7012 7013 7011
f 7006 7013 7012
f 5518 6973 6941
f 6976 6948 6977
f 5584 5560 6976
f 6974 6975 5549
f 5547 6975 6974
f 5549 6975 5547
f 6941 6974 5549
f 6973 6974 6941
f 6970 6974 6973
f 6971 6974 6970
f 5547 6974 6971
f 6970 6973 5521
f 5560 6948 6976
f 5519 6973 5518
f 5521 6973 5519
f 5545 6972 6971
f 6971 6972 5547
f 5547 6972 5545
f 6967 6971 6970
f 6968 6971 6967
f 5545 6971 6968
f 6967 6970 5521
f 6968 6969 5545
f 5545 6969 5543
f 6981 6987 6986
f 6988 6999 6997
f 6997 6999 6998
f 6988 6997 6998
f 6993 6996 6994
f 6993 6994 6995
f 6992 5553 6988
f 6991 6992 6988
f 6990 6991 6988
f 6989 6990 6988
f 6987 6989 6988
f 6980 6987 6981
f 5311 6924 5308
f 6986 6987 6988
f 6985 6980 6984
f 6984 6980 6983
f 6983 6980 6982
f 6982 6980 6979
f 6979 6980 6981
f 6943 5500 5499
f 6945 6943 6978
f 6978 6943 5499
f 6948 6945 6977
f 6977 6945 6978
f 6846 6842 6845
f 6851 6852 6789
f 5164 6850 6848
f 6848 6850 6849
f 6849 6850 6851
f 6842 6848 6843
f 5164 6848 6842
f 6843 6848 6847
f 6847 6848 6849
f 6788 6842 6784
f 5164 6842 6781
f 6781 6842 6846
f 5168 6852 5164
f 6845 6842 6844
f 6844 6842 6788
f 6784 6842 6843
f 6837 6841 6840
f 5160 6841 6838
f 5164 6841 5160
f 6840 6841 5164
f 6838 6841 6837
f 6839 6840 5164
f 6837 6840 6836
f 6836 6840 6839
f 6858 6860 6859
f 6862 6870 6865
f 6865 6870 6872
f 6872 6870 6869
f 6869 6870 6871
f 6860 6862 6861
f 6863 6862 6868
f 6868 6862 6867
f 6867 6862 6866
f 6866 6862 6864
f 6864 6862 6865
f 6861 6862 6863
f 6782 6839 5164
f 6859 6860 6861
f 6856 6858 6857
f 6857 6858 6859
f 6854 6856 6855
f 6855 6856 6857
f 5303 6854 6853
f 6853 6854 6855
f 5304 5303 6853
f 6789 6852 5168
f 5164 6852 6850
f 6850 6852 6851
f 6816 6822 6823
f 6824 6828 6822
f 5150 6828 6825
f 5156 6828 5150
f 6822 6827 6826
f 6822 6826 6823
f 6821 6825 6824
f 5150 6825 6821
f 6820 6824 6822
f 6821 6824 6820
f 6820 6822 6819
f 6819 6822 6816
f 6825 6828 6824
f 6815 6821 6820
f 6818 6821 6817
f 6817 6821 6815
f 5153 6821 6818
f 5150 6821 5153
f 6815 6820 6819
f 6815 6819 6816
f 6814 6818 6817
f 5153 6818 6814
f 6814 6817 6815
f 6814 6815 6813
f 5160 6835 5156
f 6836 6839 6782
f 6835 6838 6837
f 5160 6838 6835
f 6834 6837 6836
f 6835 6837 6834
f 6834 6836 6833
f 6833 6836 6830
f 6830 6836 6782
f 6831 6835 6834
f 6832 6835 6831
f 5156 6835 6832
f 6873 6874 6875
f 6829 6834 6833
f 6831 6834 6829
f 6829 6833 6830
f 6828 6832 6831
f 5156 6832 6828
f 6827 6831 6829
f 6828 6831 6827
f 6827 6829 6826
f 6826 6829 6823
f 6823 6829 6830
f 6822 6828 6827
f 6902 6904 6901
f 6906 6910 6909
f 6907 6910 6906
f 5335 6910 6907
f 5309 6910 5335
f 6904 6909 6908
f 6906 6909 6904
f 6904 6908 6905
f 6903 6907 6906
f 5335 6907 6903
f 6902 6906 6904
f 6903 6906 6902
f 6905 6911 6912
f 6901 6904 6898
f 6898 6904 6905
f 6897 6903 6902
f 5331 6903 6900
f 6900 6903 6899
f 6899 6903 6897
f 5335 6903 5331
f 6897 6902 6901
f 6897 6901 6898
f 5331 6900 6896
f 6896 6900 6899
f 6914 6917 6913
f 6918 6923 6922
f 6920 6923 6918
f 6918 6922 6919
f 6917 6921 6920
f 5308 6921 6917
f 6916 6920 6918
f 6917 6920 6916
f 6916 6918 6915
f 6915 6918 6912
f 6912 6918 6919
f 6911 6917 6916
f 6895 6899 6897
f 6913 6917 6911
f 5309 6917 6914
f 5308 6917 5309
f 6911 6916 6915
f 6911 6915 6912
f 6910 6914 6913
f 5309 6914 6910
f 6910 6913 6911
f 6910 6911 6909
f 6909 6911 6908
f 6908 6911 6905
f 6858 6881 6880
f 6881 6887 6886
f 5319 6887 6882
f 6882 6887 6881
f 5323 6887 5319
f 6879 6886 6883
f 6881 6886 6879
f 6883 6885 6884
f 6879 6883 6884
f 6854 6882 6881
f 5303 6882 6854
f 5319 6882 5303
f 6883 6888 6885
f 6880 6881 6879
f 6854 6881 6856
f 6856 6881 6858
f 6878 6880 6879
f 6858 6880 6860
f 6860 6880 6878
f 6870 6878 6879
f 6860 6878 6862
f 6862 6878 6870
f 6877 6874 6876
f 6876 6874 6873
f 5327 6893 6889
f 6896 6899 6895
f 6895 6897 6894
f 6894 6897 6891
f 6891 6897 6898
f 5327 6896 6893
f 6893 6896 6892
f 6892 6896 6895
f 5331 6896 5327
f 6892 6895 6890
f 6890 6895 6894
f 6890 6894 6891
f 6607 6612 5281
f 6889 6893 6892
f 6888 6892 6890
f 6889 6892 6888
f 6885 6890 6884
f 6884 6890 6891
f 6888 6890 6885
f 6883 6889 6888
f 6887 6889 6886
f 5323 6889 6887
f 6886 6889 6883
f 5327 6889 5323
f 6324 6325 6323
f 6336 6337 4976
f 6333 6335 6334
f 6334 6335 6336
f 6331 6333 6332
f 6332 6333 6334
f 6329 6331 6330
f 6330 6331 6332
f 6328 6329 6323
f 6323 6329 6330
f 6327 6328 6323
f 6326 6327 6323
f 6325 6326 6323
f 6335 6337 6336
f 6322 6324 6323
f 6319 6322 6321
f 6321 6322 6323
f 6320 6319 6321
f 6318 6319 6320
f 6313 6314 6241
f 6316 6314 6306
f 6306 6314 6305
f 6305 6314 6304
f 6245 6314 6317
f 6317 6314 6315
f 6332 6346 6345
f 6346 6351 6345
f 6345 6351 6350
f 4980 6351 6346
f 6344 6350 6348
f 6345 6350 6344
f 6344 6348 6338
f 6338 6348 6349
f 6336 6347 6346
f 4980 6347 4976
f 6346 6347 4980
f 4976 6347 6336
f 6315 6314 6316
f 6336 6346 6334
f 6334 6346 6332
f 6330 6345 6344
f 6332 6345 6330
f 6323 6344 6338
f 6330 6344 6323
f 6343 6340 6342
f 6342 6340 6339
f 6339 6340 6341
f 6323 6338 6321
f 6337 4974 4976
f 6291 6297 6295
f 6297 6301 6300
f 6296 6301 6297
f 6299 6300 4966
f 6297 6300 6295
f 6295 6300 6299
f 6295 6299 6294
f 6294 6299 6298
f 6298 6299 4966
f 6294 6298 4968
f 4968 6298 4966
f 6293 6297 6292
f 4966 6302 4964
f 6292 6297 6291
f 6289 6297 6293
f 6296 6297 6289
f 6291 6295 6294
f 6291 6294 4968
f 6290 6293 6292
f 6289 6293 6290
f 6290 6292 6291
f 6290 6291 6288
f 6288 6291 6287
f 6287 6291 4982
f 6240 6307 6308
f 6241 6314 6245
f 6304 6314 6313
f 6309 6313 6311
f 4964 6313 6309
f 6304 6313 4964
f 6311 6313 6312
f 6312 6313 6241
f 6307 6309 6308
f 6308 6309 6310
f 6310 6309 6311
f 4964 6309 6307
f 4970 6352 4980
f 4964 6307 4961
f 4961 6307 6240
f 6306 6305 6296
f 6301 6305 6304
f 6296 6305 6301
f 4966 6304 6303
f 6303 6304 4964
f 6301 6304 6300
f 6300 6304 4966
f 6302 6303 4964
f 4966 6303 6302
f 6381 6382 4965
f 4965 6387 6386
f 6386 6387 4963
f 4965 6386 6384
f 6384 6386 4963
f 6379 6384 6380
f 4965 6384 6379
f 6380 6384 6385
f 4967 6383 6382
f 6382 6383 4965
f 4965 6383 4967
f 4967 6382 6381
f 4963 6388 4965
f 4967 6381 6379
f 6379 6381 4965
f 4967 6379 6374
f 6374 6379 6375
f 6375 6379 6380
f 4969 6378 6377
f 6377 6378 4967
f 4967 6378 4969
f 4969 6377 6376
f 6376 6377 4967
f 6374 6376 4967
f 6395 6394 6396
f 5063 5062 6401
f 4963 6399 6397
f 4960 6399 4963
f 6398 6399 6400
f 6400 6399 4960
f 6397 6399 6398
f 4963 6397 6394
f 6394 6397 6396
f 6396 6397 6398
f 4963 6394 6389
f 6393 6394 6395
f 6369 6376 6374
f 6389 6394 6393
f 6343 6389 6340
f 6384 6389 6385
f 4963 6389 6384
f 6340 6389 6393
f 6390 6389 6392
f 6392 6389 6391
f 6391 6389 6343
f 6385 6389 6390
f 4965 6388 6387
f 6387 6388 4963
f 4970 6357 6356
f 6361 6363 6362
f 4978 6363 6361
f 6362 6363 4978
f 6360 6361 6362
f 4978 6361 6360
f 6355 6360 6353
f 6353 6360 6358
f 4978 6360 6355
f 6353 6358 6354
f 6354 6358 6359
f 6356 6357 4978
f 6359 6364 6365
f 4978 6357 4970
f 6350 6356 6355
f 6351 6356 6350
f 4970 6356 6351
f 6355 6356 4978
f 6348 6355 6353
f 6350 6355 6348
f 6348 6353 6349
f 6349 6353 6354
f 6351 6352 4970
f 4980 6352 6351
f 4983 6371 6366
f 4969 6376 6371
f 6371 6376 6369
f 6369 6374 6370
f 6370 6374 6375
f 4983 6373 6372
f 6372 6373 4969
f 4969 6373 4983
f 6371 6372 4969
f 4983 6372 6371
f 6366 6371 6364
f 6364 6371 6369
f 4982 6291 4968
f 6364 6369 6365
f 6365 6369 6370
f 4983 6368 6362
f 6362 6368 6367
f 6367 6368 4983
f 6362 6367 6366
f 6366 6367 4983
f 6362 6366 6360
f 6360 6366 6364
f 6360 6364 6358
f 6358 6364 6359
f 6211 6215 6214
f 5015 6218 5013
f 6188 6218 6186
f 6186 6218 5015
f 6216 6217 6188
f 6214 6217 6216
f 6214 6216 6213
f 5039 6216 6190
f 6213 6216 5043
f 5043 6216 5039
f 6190 6216 6188
f 5009 6215 6212
f 6215 6218 6214
f 5011 6215 5009
f 5013 6215 5011
f 6212 6215 6211
f 6211 6214 6210
f 6210 6214 6213
f 6210 6213 5047
f 5047 6213 5043
f 6209 6212 6211
f 5007 6212 6209
f 5009 6212 5007
f 6207 6211 6210
f 6226 6227 6228
f 6239 6238 6237
f 6237 6238 6236
f 6235 6236 6234
f 6233 6235 6234
f 6232 6233 6228
f 6228 6233 6234
f 6231 6232 6228
f 6230 6231 6228
f 6229 6230 6228
f 6227 6229 6228
f 6225 6227 6226
f 6209 6211 6208
f 6223 6225 6224
f 6224 6225 6226
f 6221 6223 6222
f 6222 6223 6224
f 6219 6221 6220
f 6220 6221 6222
f 4975 6219 4973
f 4973 6219 6220
f 5013 6218 6215
f 6214 6218 6217
f 6217 6218 6188
f 6194 6196 6195
f 6198 6202 6201
f 6198 6201 5032
f 5032 6201 5029
f 6196 6200 6195
f 6195 6200 6199
f 4999 6200 6196
f 5001 6200 4999
f 6193 6199 6198
f 6195 6199 6193
f 6193 6198 5034
f 5034 6198 5032
f 6199 6202 6198
f 4998 6196 6197
f 6197 6196 6194
f 4999 6196 4998
f 6192 6195 6193
f 6194 6195 6192
f 5035 6193 5034
f 6192 6193 5035
f 5039 6190 4989
f 6191 4987 4989
f 6189 6191 6190
f 6190 6191 4989
f 6202 6206 6205
f 6208 6211 6207
f 6207 6210 5051
f 5051 6210 5047
f 6206 6209 6205
f 5005 6209 6206
f 6205 6209 6208
f 5007 6209 5005
f 6204 6208 6207
f 6205 6208 6204
f 6204 6207 5055
f 5055 6207 5051
f 6236 6238 6234
f 6203 6206 6202
f 5003 6206 6203
f 5005 6206 5003
f 6201 6205 6204
f 6202 6205 6201
f 6201 6204 5029
f 5029 6204 5055
f 5001 6203 6200
f 6199 6203 6202
f 6200 6203 6199
f 5003 6203 5001
f 6269 6273 6268
f 6273 6278 6277
f 6274 6278 6273
f 6273 6277 6271
f 6271 6277 6272
f 6272 6277 4984
f 6263 6276 6270
f 6270 6276 6274
f 6275 6276 6263
f 6269 6274 6273
f 6270 6274 6269
f 6268 6273 6271
f 6274 6279 6278
f 6268 6271 4977
f 4977 6271 6272
f 6266 6270 6265
f 6265 6270 6269
f 6263 6270 6267
f 6267 6270 6266
f 6265 6269 6264
f 6264 6269 6268
f 6264 6268 4977
f 6263 6267 6262
f 6262 6267 6266
f 6281 6284 6280
f 6285 6290 6288
f 6286 6290 6285
f 6282 6290 6286
f 6289 6290 6282
f 6284 6288 6287
f 6285 6288 6284
f 6284 6287 4982
f 6283 6286 6285
f 6282 6286 6283
f 6281 6285 6284
f 6283 6285 6281
f 6262 6266 6261
f 6280 6284 4984
f 4984 6284 4982
f 6277 6283 6281
f 6275 6283 6279
f 6279 6283 6278
f 6278 6283 6277
f 6282 6283 6275
f 6277 6281 6280
f 6277 6280 4984
f 6275 6279 6276
f 6276 6279 6274
f 6250 6249 6234
f 6248 6253 6252
f 6252 6253 4971
f 6249 6253 6248
f 6247 6252 6251
f 6251 6252 4971
f 6248 6252 6247
f 6247 6251 4981
f 4981 6251 4971
f 6234 6249 6228
f 6228 6249 6226
f 6226 6249 6224
f 6249 6254 6253
f 6224 6249 6248
f 6222 6248 6247
f 6224 6248 6222
f 6220 6247 4981
f 6222 6247 6220
f 6241 6246 6244
f 6245 6246 6241
f 6241 6244 6242
f 6241 6242 6243
f 4961 6240 4962
f 6220 4981 4973
f 4972 6260 4979
f 6261 6266 6265
f 6261 6265 6264
f 6260 6264 4979
f 4979 6264 4977
f 6261 6264 6260
f 6257 6262 4972
f 6258 6262 6259
f 6263 6262 6258
f 4972 6262 6261
f 6259 6262 6257
f 4972 6261 6260
f 6401 6402 6403
f 6253 6259 6257
f 6250 6259 6254
f 6254 6259 6253
f 6258 6259 6250
f 6256 6257 4972
f 4971 6257 6256
f 6253 6257 4971
f 6255 6256 4972
f 4971 6256 6255
f 4971 6255 4972
f 6250 6254 6249
f 6539 6541 6540
f 5228 6547 5230
f 6542 6547 6540
f 6540 6546 6545
f 6545 6546 6544
f 6543 6545 6544
f 6540 6545 6543
f 6540 6543 6544
f 6541 6542 6540
f 6530 6542 6541
f 5231 6542 6530
f 5230 6542 5231
f 6530 6541 6539
f 5230 6547 6542
f 6530 6539 6540
f 6535 6538 6536
f 6535 6536 6537
f 6534 5231 6530
f 6533 6534 6530
f 6532 6533 6530
f 6531 6532 6530
f 6529 6531 6530
f 6522 6529 6523
f 6523 6529 6528
f 6528 6529 6530
f 6549 6553 6554
f 6558 6560 6559
f 6554 6558 6559
f 5226 6557 6552
f 6552 6557 6551
f 5224 6557 5226
f 6551 6557 6556
f 6549 6556 6555
f 6555 6556 6554
f 6551 6556 6549
f 6553 6555 6554
f 6549 6555 6553
f 6527 6522 6526
f 5228 6552 6547
f 6547 6552 6544
f 6544 6552 6551
f 5226 6552 5228
f 6550 6551 6549
f 6544 6551 6550
f 6544 6550 6548
f 6548 6550 6549
f 6544 6548 6549
f 6546 6547 6544
f 6540 6547 6546
f 6508 6509 6510
f 6515 6516 6510
f 6510 6514 6513
f 6510 6513 6508
f 6507 6513 6512
f 6508 6513 6507
f 6507 6512 5135
f 5135 6512 5131
f 6505 6511 6509
f 6509 6511 6510
f 6510 6511 6505
f 6505 6509 6508
f 6514 6516 6515
f 6502 6508 6507
f 6505 6508 6503
f 6503 6508 6502
f 6502 6507 5109
f 5109 6507 5135
f 6500 6506 6504
f 6504 6506 6505
f 6505 6506 6500
f 6500 6504 6503
f 6503 6504 6505
f 6500 6503 6498
f 6513 6519 6518
f 6526 6522 6525
f 6525 6522 6524
f 6524 6522 6521
f 6521 6522 6523
f 6515 6520 6519
f 6519 6520 6471
f 6471 6520 6515
f 6514 6519 6513
f 6515 6519 6514
f 6450 6519 6471
f 6518 6519 6451
f 6554 6560 6558
f 6451 6519 6450
f 6512 6518 6517
f 6517 6518 6453
f 6513 6518 6512
f 6453 6518 6451
f 6512 6517 5131
f 5127 6517 5067
f 5131 6517 5127
f 5067 6517 6455
f 6455 6517 6453
f 6510 6516 6514
f 6588 6589 5233
f 6598 6536 6596
f 6596 6536 6597
f 6590 6537 6591
f 6591 6537 6595
f 6595 6537 6593
f 6593 6537 6594
f 6590 6591 6592
f 6586 6589 6588
f 5241 6589 6582
f 5234 6589 5241
f 5233 6589 5234
f 6599 6536 6598
f 6581 6589 6586
f 6582 6589 6581
f 6580 6586 6584
f 6581 6586 6580
f 6584 6586 6585
f 6587 6586 6588
f 6585 6586 6587
f 6579 6584 6583
f 6583 6584 6538
f 6538 6584 6585
f 6580 6584 6579
f 6604 5233 5263
f 5281 6612 5279
f 6610 6611 6609
f 5315 6611 6610
f 5314 6611 5315
f 6606 6609 6607
f 6610 6609 6608
f 6608 6609 6606
f 5283 6607 5281
f 6606 6607 5283
f 5317 5307 6605
f 6588 5233 6604
f 6535 6583 6538
f 6587 6588 6603
f 6603 6588 6604
f 6585 6587 6602
f 6602 6587 6603
f 6538 6585 6601
f 6601 6585 6602
f 6536 6538 6600
f 6600 6538 6601
f 6537 6536 6594
f 6597 6536 6600
f 6594 6536 6599
f 6565 6566 6564
f 5245 6572 5218
f 6564 6571 6570
f 6566 6571 6564
f 6568 6570 6569
f 6564 6570 6568
f 6564 6568 6569
f 5222 6567 6562
f 6561 6567 6566
f 6562 6567 6561
f 5220 6567 5222
f 6559 6566 6565
f 5218 6572 5220
f 6561 6566 6559
f 6563 6565 6564
f 6559 6565 6563
f 6559 6563 6564
f 5224 6562 6557
f 6557 6562 6556
f 6556 6562 6561
f 5222 6562 5224
f 6556 6561 6554
f 6560 6561 6559
f 6554 6561 6560
f 5245 6577 6572
f 6579 6583 6535
f 5245 6582 6577
f 6577 6582 6576
f 5241 6582 5245
f 6576 6582 6581
f 6575 6581 6580
f 6576 6581 6575
f 6578 6580 6579
f 6575 6580 6574
f 6574 6580 6578
f 6574 6578 6579
f 6498 6503 6497
f 6571 6577 6576
f 6572 6577 6571
f 6570 6576 6575
f 6571 6576 6570
f 6573 6575 6574
f 6569 6575 6573
f 6570 6575 6569
f 6569 6573 6574
f 5220 6572 6567
f 6566 6572 6571
f 6567 6572 6566
f 6428 6429 5113
f 6430 6433 6429
f 5113 6432 6431
f 6431 6432 5115
f 6429 6432 5113
f 5113 6431 5115
f 6427 6430 6426
f 5091 6430 5089
f 6426 6430 6429
f 5089 6430 6427
f 6426 6429 5111
f 5111 6429 6428
f 5091 6433 6430
f 5111 6428 5113
f 5087 6427 6424
f 5089 6427 5087
f 6423 6427 6426
f 6424 6427 6423
f 6423 6426 5108
f 5108 6426 6425
f 6425 6426 5111
f 5108 6425 5111
f 6421 6424 6423
f 5085 6424 6421
f 6437 6438 5119
f 6440 6441 6442
f 6438 6439 6409
f 6436 6439 6438
f 5095 6439 6436
f 5097 6439 5095
f 5107 6439 5097
f 6409 6439 5107
f 5119 6438 6409
f 5117 6438 6437
f 6436 6438 6435
f 6435 6438 5117
f 5087 6424 5085
f 5117 6437 5119
f 6432 6436 6435
f 5095 6436 6433
f 6433 6436 6432
f 5115 6435 6434
f 6434 6435 5117
f 6432 6435 5115
f 5115 6434 5117
f 5093 6433 5091
f 5095 6433 5093
f 6429 6433 6432
f 5063 6410 5125
f 6412 6415 6411
f 5081 6415 5079
f 6411 6414 6410
f 6410 6414 6413
f 6410 6413 5125
f 5125 6413 5129
f 6403 6412 6411
f 5079 6412 6405
f 6405 6412 6403
f 6401 6411 6410
f 6403 6411 6401
f 5079 6415 6412
f 6401 6410 5063
f 5119 6409 6408
f 5119 6408 6407
f 5119 6407 5121
f 5070 5079 6405
f 6406 5078 5070
f 6404 6406 6405
f 6405 6406 5070
f 6402 6404 6403
f 6403 6404 6405
f 5062 6402 6401
f 6417 6419 6416
f 6420 6423 5110
f 5110 6423 6422
f 6421 6423 6420
f 6422 6423 5108
f 5110 6422 5108
f 6417 6421 6420
f 6418 6421 6417
f 5083 6421 6418
f 5085 6421 5083
f 6419 6420 5110
f 6417 6420 6419
f 6442 6441 6443
f 6416 6419 5133
f 5133 6419 5110
f 5081 6418 6415
f 6415 6418 6414
f 6414 6418 6417
f 5083 6418 5081
f 6413 6417 6416
f 6414 6417 6413
f 6413 6416 5129
f 5129 6416 5133
f 6411 6415 6414
f 6479 6485 6483
f 6489 6491 6484
f 6484 6490 6488
f 6488 6490 6489
f 6484 6488 6487
f 6487 6488 6489
f 6482 6487 5118
f 6484 6487 6482
f 5118 6487 5116
f 6485 6486 6484
f 6479 6486 6485
f 6484 6486 6479
f 6490 6491 6489
f 6483 6485 6484
f 6479 6483 6482
f 6482 6483 6484
f 6477 6482 5120
f 5120 6482 5118
f 6479 6482 6477
f 6474 6481 6480
f 6480 6481 6479
f 6479 6481 6474
f 6474 6480 6478
f 6478 6480 6479
f 5114 6497 5112
f 6497 6503 6502
f 6497 6502 5112
f 5112 6502 5109
f 6495 6501 6499
f 6499 6501 6500
f 6500 6501 6495
f 6498 6499 6500
f 6495 6499 6498
f 6492 6498 6497
f 6493 6498 6492
f 6495 6498 6493
f 6474 6478 6477
f 6492 6497 5114
f 6489 6496 6494
f 6494 6496 6495
f 6495 6496 6489
f 6489 6494 6493
f 6493 6494 6495
f 6489 6493 6492
f 6487 6492 5116
f 6489 6492 6487
f 5116 6492 5114
f 6484 6491 6490
f 14 16 6451
f 6458 6462 6463
f 6460 6461 6458
f 6459 6460 6458
f 6457 6459 6458
f 6456 6457 6458
f 6454 5066 6455
f 6455 5066 5067
f 6452 6454 6453
f 6453 6454 6455
f 16 6452 6451
f 6451 6452 6453
f 6461 6462 6458
f 9 14 6450
f 6450 14 6451
f 12 9 6445
f 6445 9 6450
f 6449 12 6445
f 6448 6449 6445
f 6447 6448 6445
f 6446 6447 6445
f 6444 6446 6445
f 6441 6444 6443
f 6443 6444 6445
f 6467 6472 5123
f 6477 6478 6479
f 5122 6477 5120
f 6474 6477 6472
f 6472 6477 5122
f 6467 6476 6475
f 6475 6476 6474
f 6474 6476 6467
f 6467 6475 6473
f 6473 6475 6474
f 6472 6473 6474
f 6467 6473 6472
f 5542 7024 5544
f 5123 6472 5122
f 6471 6443 6445
f 6471 6445 6450
f 6465 6467 6463
f 6463 6467 6470
f 6470 6467 6469
f 6469 6467 6468
f 6468 6467 6466
f 6466 6467 5123
f 6464 6465 6463
f 6462 6464 6463
f 7739 7740 7741
f 7745 7747 7746
f 7746 7747 7748
f 148 7745 7744
f 7744 7745 7746
f 146 148 7743
f 7743 148 7744
f 141 146 7742
f 7742 146 7743
f 144 141 7741
f 7741 141 7742
f 7740 144 7741
f 7738 7740 7739
f 7748 4886 4889
f 7736 7738 7737
f 7737 7738 7739
f 7734 7736 7735
f 7735 7736 7737
f 7732 7734 7733
f 7733 7734 7735
f 7729 7732 7730
f 7730 7732 7733
f 7724 7729 7727
f 7731 7729 7728
f 7727 7729 7730
f 7754 7758 7759
f 7766 7768 7767
f 7767 7768 7769
f 7764 7766 7765
f 7765 7766 7767
f 7762 7764 7763
f 7763 7764 7765
f 7760 7762 7761
f 7761 7762 7763
f 7758 7760 7759
f 7759 7760 7761
f 7753 7758 7754
f 7728 7729 7724
f 7755 7756 7757
f 236 7753 7752
f 7752 7753 7754
f 234 236 7751
f 7751 236 7752
f 229 234 7750
f 7750 234 7751
f 232 229 7749
f 7749 229 7750
f 5391 232 7749
f 7747 4886 7748
f 7692 7694 7695
f 7704 7705 7706
f 7701 7703 7702
f 7702 7703 7704
f 7699 7701 7700
f 7700 7701 7702
f 7697 7699 7698
f 7698 7699 7700
f 7694 7697 7695
f 7695 7697 7698
f 7689 7694 7692
f 7696 7694 7693
f 7703 7705 7704
f 7693 7694 7689
f 7689 7692 7690
f 7689 7690 7691
f 7687 4861 7688
f 7688 4861 4860
f 7686 7687 7685
f 7685 7687 7688
f 7684 7686 7685
f 7682 7684 7683
f 7683 7684 7685
f 7680 7682 7681
f 7717 4862 4859
f 7724 7727 7725
f 7724 7725 7726
f 7723 4909 4900
f 7721 7723 7722
f 7722 7723 4900
f 7719 7721 7720
f 7720 7721 7722
f 4887 7719 7718
f 7718 7719 7720
f 4888 4887 7718
f 7716 4862 7717
f 7769 7770 7755
f 7714 7716 7715
f 7715 7716 7717
f 7712 7714 7713
f 7713 7714 7715
f 7710 7712 7711
f 7711 7712 7713
f 7708 7710 7709
f 7709 7710 7711
f 7707 7708 7706
f 7706 7708 7709
f 7705 7707 7706
f 7827 7828 7829
f 7836 7838 7837
f 7837 7838 5342
f 7834 7836 7835
f 7835 7836 7837
f 7832 7834 7833
f 7833 7834 7835
f 7830 7832 7831
f 7831 7832 7833
f 7828 7830 7829
f 7829 7830 7831
f 7826 7828 7827
f 7838 5343 5342
f 7824 7826 7825
f 7825 7826 7827
f 7822 7824 7823
f 7823 7824 7825
f 7820 7822 7821
f 7821 7822 7823
f 7818 7820 7819
f 7819 7820 7821
f 7815 7818 7816
f 7816 7818 7819
f 7810 7815 7813
f 7848 7850 7851
f 7860 7861 7862
f 7857 7859 7858
f 7858 7859 7860
f 7855 7857 7856
f 7856 7857 7858
f 7853 7855 7854
f 7854 7855 7856
f 7850 7853 7851
f 7851 7853 7854
f 7845 7850 7848
f 7852 7850 7849
f 7817 7815 7814
f 7849 7850 7845
f 7845 7848 7846
f 7845 7846 7847
f 7844 5347 5355
f 7842 7844 7843
f 7843 7844 5355
f 7840 7842 7841
f 7841 7842 7843
f 5366 7840 7839
f 7839 7840 7841
f 5367 5366 7839
f 7779 7780 5392
f 7785 7788 7786
f 7786 7788 7787
f 7787 7788 7789
f 7784 7785 7783
f 7783 7785 7786
f 7782 7784 7783
f 5344 7782 5345
f 5345 7782 7781
f 7781 7782 7783
f 7780 5390 5392
f 7778 7780 7779
f 7790 7791 7792
f 7776 7778 7777
f 7777 7778 7779
f 5380 7776 7775
f 7775 7776 7777
f 5389 5380 7775
f 7771 7773 7755
f 7755 7773 7756
f 7774 7773 7772
f 7772 7773 7771
f 7770 7771 7755
f 7768 7770 7769
f 7801 7803 7802
f 7813 7815 7816
f 7814 7815 7810
f 7810 7813 7811
f 7810 7811 7812
f 7806 7808 7790
f 7790 7808 7791
f 7809 7808 7807
f 7807 7808 7806
f 7805 7806 7790
f 7803 7805 7804
f 7804 7805 7790
f 7681 7682 7683
f 7802 7803 7804
f 7799 7801 7800
f 7800 7801 7802
f 7797 7799 7798
f 7798 7799 7800
f 7795 7797 7796
f 7796 7797 7798
f 7793 7795 7794
f 7794 7795 7796
f 7788 7793 7789
f 7789 7793 7794
f 7556 7558 7557
f 7569 7572 7573
f 7571 7572 7568
f 7568 7569 7570
f 7564 7565 7563
f 7567 7565 7564
f 7563 7565 7566
f 7562 7564 7563
f 7560 7562 7561
f 7561 7562 7563
f 7558 7560 7559
f 7559 7560 7561
f 7568 7572 7569
f 7557 7558 7559
f 7554 7556 7555
f 7555 7556 7557
f 7552 7554 7553
f 7553 7554 7555
f 7549 7552 7551
f 7551 7552 7553
f 7547 7549 7548
f 7550 7549 7551
f 7548 7549 7550
f 7546 7547 7545
f 7582 7584 7583
f 7594 7596 7595
f 7592 7594 7593
f 7593 7594 7595
f 7590 7592 7591
f 7591 7592 7593
f 7588 7590 7589
f 7589 7590 7591
f 7586 7588 7587
f 7587 7588 7589
f 7584 7586 7585
f 7585 7586 7587
f 7545 7547 7548
f 7583 7584 7585
f 7580 7582 7581
f 7581 7582 7583
f 7578 7580 7579
f 7579 7580 7581
f 7576 7578 7577
f 7577 7578 7579
f 7574 7576 7575
f 7575 7576 7577
f 7572 7574 7573
f 7573 7574 7575
f 7512 7513 7514
f 7521 7523 7522
f 7522 7523 7524
f 7519 7521 7520
f 7520 7521 7522
f 7517 7519 7518
f 7518 7519 7520
f 7515 7517 7516
f 7516 7517 7518
f 7513 7515 7514
f 7514 7515 7516
f 7511 7513 7512
f 7524 7525 7526
f 104 7511 7510
f 7510 7511 7512
f 102 104 7509
f 7509 104 7510
f 97 102 7508
f 7508 102 7509
f 98 97 7507
f 7507 97 7508
f 4812 98 7507
f 7506 4957 4959
f 7504 7506 7505
f 7534 7536 7535
f 7544 7546 7545
f 7542 7544 7543
f 7543 7544 7545
f 7539 7542 7540
f 7540 7542 7541
f 7541 7542 7543
f 4811 7539 4810
f 4810 7539 7540
f 7538 4814 4813
f 7536 7538 7537
f 7537 7538 4813
f 7595 4809 4808
f 7535 7536 7537
f 4825 7534 7533
f 7533 7534 7535
f 4816 4825 7533
f 7529 7531 7528
f 7528 7531 7532
f 7530 7531 7529
f 7527 7529 7528
f 7525 7527 7526
f 7526 7527 7528
f 7523 7525 7524
f 7645 7647 7646
f 7656 7657 7658
f 4875 7655 7654
f 7654 7655 7656
f 4867 4875 7654
f 7650 7652 7634
f 7634 7652 7635
f 7653 7652 7651
f 7651 7652 7650
f 7649 7650 7634
f 7647 7649 7648
f 7648 7649 7634
f 7655 7657 7656
f 7646 7647 7648
f 7643 7645 7644
f 7644 7645 7646
f 7641 7643 7642
f 7642 7643 7644
f 7639 7641 7640
f 7640 7641 7642
f 7637 7639 7638
f 7638 7639 7640
f 7632 7637 7633
f 7633 7637 7638
f 7669 7670 7671
f 7678 7680 7677
f 7677 7680 7679
f 7679 7680 7681
f 7676 7678 7677
f 7674 7676 7675
f 7675 7676 7677
f 7672 7674 7673
f 7673 7674 7675
f 7670 7672 7671
f 7671 7672 7673
f 7668 7670 7669
f 7634 7635 7636
f 7665 7668 7667
f 7667 7668 7669
f 7660 7665 7663
f 7663 7665 7667
f 7666 7665 7660
f 7664 7665 7666
f 7660 7663 7661
f 7660 7661 7662
f 7659 4863 4865
f 7657 7659 7658
f 7658 7659 4865
f 7604 7607 7608
f 7615 7617 7616
f 7616 7617 7618
f 7613 7615 7614
f 7614 7615 7616
f 7611 7613 7612
f 7612 7613 7614
f 7609 7611 7610
f 7610 7611 7612
f 7607 7609 7608
f 7608 7609 7610
f 7603 7607 7604
f 7618 7619 7620
f 7606 7607 7603
f 7603 7604 7605
f 7602 4858 4849
f 7600 7602 7601
f 7601 7602 4849
f 7598 7600 7599
f 7599 7600 7601
f 4835 7598 7597
f 7597 7598 7599
f 4836 4835 7597
f 7596 4809 7595
f 7624 7626 7625
f 170 7632 7631
f 7631 7632 7633
f 168 170 7630
f 7630 170 7631
f 163 168 7629
f 7629 168 7630
f 166 163 7628
f 7628 163 7629
f 4864 166 7628
f 7626 4838 7627
f 7627 4838 4837
f 7859 7861 7860
f 7625 7626 7627
f 126 7624 7623
f 7623 7624 7625
f 124 126 7622
f 7622 126 7623
f 119 124 7621
f 7621 124 7622
f 120 119 7620
f 7620 119 7621
f 7619 120 7620
f 7617 7619 7618
f 8088 8090 8091
f 8099 8101 8100
f 8100 8101 8102
f 8097 8099 8098
f 8098 8099 8100
f 8095 8097 8096
f 8096 8097 8098
f 8093 8095 8094
f 8094 8095 8096
f 8090 8093 8091
f 8091 8093 8094
f 8085 8090 8088
f 8092 8090 8089
f 8101 276 8102
f 8089 8090 8085
f 8085 8088 8086
f 8085 8086 8087
f 8083 5589 8084
f 8084 5589 5588
f 8081 8083 8082
f 8082 8083 8084
f 8079 8081 8080
f 8080 8081 8082
f 8077 8079 8078
f 8078 8079 8080
f 8108 5613 8109
f 7870 7872 8115
f 7872 7871 8115
f 8115 7871 8116
f 7881 7883 8114
f 7883 7885 8112
f 7883 8112 8114
f 8113 3706 3708
f 7885 7887 8112
f 8111 8110 3712
f 3712 8110 3710
f 8110 3713 3710
f 8075 8077 8076
f 8109 5613 5612
f 8106 8108 8107
f 8107 8108 8109
f 280 8106 8105
f 8105 8106 8107
f 278 280 8104
f 8104 280 8105
f 273 278 8103
f 8103 278 8104
f 276 273 8102
f 8102 273 8103
f 8039 8041 8040
f 8051 8052 8036
f 8049 8051 8050
f 8050 8051 8036
f 8047 8049 8048
f 8048 8049 8050
f 8045 8047 8046
f 8046 8047 8048
f 8043 8045 8044
f 8044 8045 8046
f 8041 8043 8042
f 8042 8043 8044
f 8053 8054 8052
f 8040 8041 8042
f 8034 8039 8035
f 8035 8039 8040
f 8036 8037 8038
f 8032 8034 8033
f 8033 8034 8035
f 8030 8032 8031
f 8031 8032 8033
f 8028 8030 8029
f 8029 8030 8031
f 5586 8028 8027
f 8065 8066 8067
f 8076 8077 8078
f 8074 8075 8073
f 8073 8075 8076
f 8072 8074 8073
f 8070 8072 8071
f 8071 8072 8073
f 8068 8070 8069
f 8069 8070 8071
f 8066 8068 8067
f 8067 8068 8069
f 8064 8066 8065
f 8117 8118 8111
f 8061 8064 8062
f 8062 8064 8065
f 8056 8061 8059
f 8063 8061 8060
f 8059 8061 8062
f 8060 8061 8056
f 8056 8059 8057
f 8056 8057 8058
f 8052 8054 8036
f 8036 8054 8037
f 8055 8054 8053
f 8136 4486 4485
f 341 7882 342
f 334 3078 332
f 334 3079 3078
f 7877 8131 8130
f 7877 7874 8131
f 332 3078 333
f 8126 3077 3076
f 8136 8114 7889
f 8136 7892 8135
f 8136 4484 8111
f 8136 8133 4486
f 7884 7882 341
f 8136 4485 4484
f 8136 8135 8138
f 8136 8138 8137
f 8136 8137 8133
f 8136 7889 7890
f 8136 7890 7892
f 8136 8119 8114
f 8136 8118 8119
f 8136 8111 8118
f 7887 7888 8112
f 8112 7888 8114
f 8140 8128 8139
f 4189 4171 4184
f 8142 7880 7878
f 8142 334 349
f 8142 349 348
f 8142 348 342
f 8142 3082 3079
f 8141 8140 8139
f 8141 7875 8140
f 8141 8139 3082
f 8141 7878 7875
f 8140 7877 8130
f 7888 7889 8114
f 8140 7875 7877
f 8140 8129 8128
f 8140 8130 8129
f 8139 8126 3076
f 8139 3076 3075
f 8139 3075 3083
f 8139 3083 3082
f 8139 8127 8126
f 8139 8128 8127
f 340 7886 341
f 7886 7884 341
f 8121 3709 3706
f 8124 8116 7871
f 8124 7873 8120
f 8124 8121 8123
f 8124 7871 7873
f 8124 8123 8125
f 8124 8125 8116
f 8121 8120 3716
f 8121 3706 8113
f 8121 8113 8122
f 8121 8122 8123
f 8121 3716 3709
f 8124 8120 8121
f 8120 7879 8117
f 8120 8117 3717
f 8120 7873 7876
f 8120 7876 7879
f 8120 3717 3716
f 8117 7881 8114
f 8117 8111 3712
f 8117 7879 7881
f 8117 3712 3717
f 8117 8114 8119
f 8117 8119 8118
f 8115 8130 8131
f 8111 4483 8110
f 8111 4484 4483
f 7892 7894 8135
f 8110 4483 3713
f 7894 5689 8134
f 7894 8134 8135
f 4486 8133 4482
f 8133 8132 4482
f 4482 8132 4481
f 7870 8115 7874
f 8115 8116 8130
f 8027 8028 8029
f 8115 8131 7874
f 8116 8125 8129
f 8116 8129 8130
f 8125 8123 8128
f 8125 8128 8129
f 8123 8122 8127
f 8123 8127 8128
f 8122 8113 8126
f 8122 8126 8127
f 8113 3077 8126
f 8113 3708 3077
f 7909 7911 7910
f 7922 7923 7924
f 7919 7921 7920
f 7920 7921 7922
f 7917 7919 7918
f 7918 7919 7920
f 7915 7917 7916
f 7916 7917 7918
f 7913 7915 7914
f 7914 7915 7916
f 7911 7913 7912
f 7912 7913 7914
f 7921 7923 7922
f 7910 7911 7912
f 7906 7909 7907
f 7907 7909 7910
f 7901 7906 7904
f 7908 7906 7905
f 7904 7906 7907
f 7905 7906 7901
f 7901 7904 7902
f 7901 7902 7903
f 7900 5685 5676
f 7898 7900 7899
f 7932 7934 7935
f 7943 7946 7945
f 7945 7946 7947
f 7941 7943 7942
f 7944 7943 7945
f 7942 7943 7944
f 7936 7941 7937
f 7937 7941 7942
f 7938 7939 7940
f 7934 7936 7935
f 7935 7936 7937
f 7933 7934 7932
f 7899 7900 5676
f 7931 7933 7932
f 5663 7931 7930
f 7930 7931 7932
f 5664 5663 7930
f 7929 5662 5665
f 7927 7929 7928
f 7928 7929 5665
f 7925 7927 7926
f 7926 7927 7928
f 7923 7925 7924
f 7924 7925 7926
f 7869 5369 5368
f 7878 7880 7879
f 7879 7880 7881
f 7875 7878 7876
f 7876 7878 7879
f 7870 7875 7873
f 7877 7875 7874
f 7873 7875 7876
f 7874 7875 7870
f 7870 7873 7871
f 7870 7871 7872
f 7868 5369 7869
f 7881 7882 7883
f 7866 7868 7867
f 7867 7868 7869
f 258 7866 7865
f 7865 7866 7867
f 256 258 7864
f 7864 258 7865
f 251 256 7863
f 7863 256 7864
f 252 251 7862
f 7862 251 7863
f 7861 252 7862
f 344 346 7889
f 7896 7898 7897
f 7897 7898 7899
f 5687 7896 7895
f 7895 7896 7897
f 5688 5687 7895
f 7893 5686 7894
f 7894 5686 5689
f 7891 7893 7892
f 7892 7893 7894
f 346 7891 7890
f 7890 7891 7892
f 7947 7948 7949
f 7889 346 7890
f 339 344 7888
f 7888 344 7889
f 340 339 7887
f 7887 339 7888
f 7886 340 7887
f 7884 7886 7885
f 7885 7886 7887
f 7882 7884 7883
f 7883 7884 7885
f 7880 7882 7881
f 8001 8002 8003
f 8009 302 8010
f 295 300 8008
f 8008 300 8009
f 296 295 8007
f 8007 295 8008
f 8006 296 8007
f 8004 8006 8005
f 8005 8006 8007
f 8002 8004 8003
f 8003 8004 8005
f 8000 8002 8001
f 300 302 8009
f 7998 8000 7999
f 7999 8000 8001
f 7995 7998 7996
f 7996 7998 7999
f 7990 7995 7993
f 7997 7995 7994
f 7993 7995 7996
f 7994 7995 7990
f 7990 7993 7991
f 7990 7991 7992
f 7988 5658 7989
f 8019 8020 5624
f 5587 5586 8027
f 8026 5591 5599
f 8024 8026 8025
f 8025 8026 5599
f 8022 8024 8023
f 8023 8024 8025
f 5610 8022 8021
f 8021 8022 8023
f 5611 5610 8021
f 8020 5633 5624
f 8018 8020 8019
f 7989 5658 5661
f 8016 8018 8017
f 8017 8018 8019
f 5635 8016 8015
f 8015 8016 8017
f 5636 5635 8015
f 8013 5634 8014
f 8014 5634 5637
f 8011 8013 8012
f 8012 8013 8014
f 302 8011 8010
f 8010 8011 8012
f 7955 7957 7938
f 7969 7970 7965
f 7965 7968 7966
f 7965 7966 7967
f 7964 5639 5648
f 7962 7964 7963
f 7963 7964 5648
f 7960 7962 7961
f 7961 7962 7963
f 5659 7960 7959
f 7959 7960 7961
f 5660 5659 7959
f 7968 7970 7971
f 7938 7957 7939
f 7958 7957 7956
f 7956 7957 7955
f 7954 7955 7938
f 7952 7954 7953
f 7953 7954 7938
f 7950 7952 7951
f 7951 7952 7953
f 7948 7950 7949
f 7949 7950 7951
f 7946 7948 7947
f 7979 7981 7980
f 7986 7988 7987
f 7987 7988 7989
f 324 7986 7985
f 7985 7986 7987
f 322 324 7984
f 7984 324 7985
f 317 322 7983
f 7983 322 7984
f 318 317 7982
f 7982 317 7983
f 7981 318 7982
f 7505 7506 4959
f 7980 7981 7982
f 7977 7979 7978
f 7978 7979 7980
f 7975 7977 7976
f 7976 7977 7978
f 7973 7975 7974
f 7974 7975 7976
f 7970 7973 7971
f 7971 7973 7974
f 7965 7970 7968
f 7972 7970 7969
f 5474 7176 5458
f 5478 7183 5479
f 7180 7183 7177
f 7177 7182 7179
f 7176 7181 7174
f 7174 7181 7180
f 5479 7181 5474
f 5474 7181 7176
f 7170 7180 7177
f 7174 7180 7170
f 7177 7179 7178
f 7170 7177 7178
f 7173 7176 7174
f 7177 7183 7182
f 5458 7176 7173
f 7172 7174 7170
f 7171 7174 7172
f 7175 7174 7171
f 7173 7174 7175
f 7167 7172 7170
f 7166 7172 7167
f 7171 7172 7166
f 7169 7167 7170
f 7168 7167 7169
f 7166 7167 7168
f 7184 7190 7189
f 7190 7194 7193
f 5487 7194 7190
f 7189 7193 7191
f 7190 7193 7189
f 7188 7191 7185
f 7189 7191 7188
f 7185 7191 7192
f 7187 7190 7186
f 5478 7190 7187
f 5487 7190 5478
f 7186 7190 7184
f 7165 7162 7164
f 7184 7189 7188
f 7184 7188 7185
f 7183 7187 7186
f 5478 7187 7183
f 7183 7186 7182
f 7182 7186 7184
f 7179 7184 7178
f 7182 7184 7179
f 7178 7184 7185
f 5479 7183 7181
f 7181 7183 7180
f 7133 7141 7136
f 7068 7146 5397
f 7135 7146 7133
f 5415 7146 7135
f 7133 7146 7144
f 5397 7146 5415
f 7143 7144 7145
f 7141 7144 7143
f 7133 7144 7141
f 7140 7141 7142
f 7142 7141 7143
f 7136 7141 7140
f 7144 7146 7145
f 7063 7136 7140
f 7134 7136 7139
f 7139 7136 7138
f 7138 7136 7137
f 7137 7136 7067
f 7133 7136 7134
f 7067 7136 7063
f 7127 7135 7132
f 7131 7135 7133
f 7132 7135 7131
f 5415 7135 7127
f 7153 7071 7154
f 7164 7162 7161
f 7161 7162 7163
f 7071 7072 7154
f 7154 7072 7160
f 7160 7072 7158
f 7158 7072 7159
f 7069 7071 7151
f 7152 7071 7157
f 7157 7071 7156
f 7156 7071 7155
f 7155 7071 7153
f 7191 7195 7192
f 7151 7071 7152
f 7074 7069 7150
f 7150 7069 7151
f 7078 7074 7149
f 7149 7074 7150
f 7076 7078 7148
f 7148 7078 7149
f 5410 7076 7147
f 7147 7076 7148
f 5413 5410 7147
f 7145 7146 7068
f 7162 7224 7227
f 7230 7231 7233
f 7233 7231 7232
f 7232 7231 5468
f 7228 7231 7230
f 7219 7231 7228
f 7219 7228 7224
f 7227 7228 7229
f 7229 7228 7230
f 7224 7228 7227
f 7165 7224 7162
f 7219 7224 7220
f 5468 7231 5466
f 7220 7224 7226
f 7226 7224 7225
f 7225 7224 7223
f 7223 7224 7165
f 7218 7222 7221
f 5466 7222 7218
f 7217 7221 7219
f 7218 7221 7217
f 7217 7219 7216
f 7216 7219 7213
f 7213 7219 7220
f 7171 7166 7237
f 7168 7169 7241
f 7241 7169 7247
f 7247 7169 7245
f 7245 7169 7246
f 7166 7168 7238
f 7239 7168 7244
f 7244 7168 7243
f 7243 7168 7242
f 7242 7168 7240
f 7240 7168 7241
f 7238 7168 7239
f 7212 7218 7217
f 7237 7166 7238
f 7175 7171 7236
f 7236 7171 7237
f 7173 7175 7235
f 7235 7175 7236
f 5458 7173 7234
f 7234 7173 7235
f 5459 5458 7234
f 7222 7231 7221
f 5466 7231 7222
f 7221 7231 7219
f 5486 7201 7197
f 7203 7205 7202
f 7202 7205 7199
f 7199 7205 7206
f 7198 7204 7203
f 7201 7204 7200
f 5486 7204 7201
f 7200 7204 7198
f 5464 7204 5486
f 7198 7203 7202
f 7198 7202 7199
f 7197 7201 7200
f 7204 7205 7203
f 7197 7200 7198
f 7197 7198 7196
f 7196 7198 7195
f 7195 7198 7192
f 7192 7198 7199
f 5486 7197 5487
f 7191 7197 7196
f 7194 7197 7193
f 7193 7197 7191
f 5487 7197 7194
f 7191 7196 7195
f 7209 7212 7206
f 7215 7218 7214
f 7214 7218 7212
f 5463 7218 7215
f 5466 7218 5463
f 7212 7217 7216
f 7212 7216 7213
f 7211 7215 7214
f 5463 7215 7211
f 7210 7214 7212
f 7211 7214 7210
f 7210 7212 7209
f 7129 7133 7134
f 7206 7212 7213
f 7205 7211 7210
f 7208 7211 7207
f 5464 7211 7208
f 7207 7211 7205
f 5463 7211 5464
f 7205 7210 7209
f 7205 7209 7206
f 7204 7208 7207
f 5464 7208 7204
f 7204 7207 7205
f 6995 6994 7051
f 7062 7063 7064
f 7045 5555 7061
f 7061 5555 5585
f 7044 7045 7060
f 7060 7045 7061
f 7042 7044 7059
f 7059 7044 7060
f 6996 7042 7058
f 7058 7042 7059
f 6994 6996 7054
f 7054 6996 7058
f 7065 7063 7062
f 7051 6994 7057
f 7057 6994 7056
f 7056 6994 7055
f 7055 6994 7053
f 7053 6994 7054
f 7047 6995 7048
f 7048 6995 7052
f 7052 6995 7050
f 7050 6995 7051
f 7047 7048 7049
f 7043 7046 7045
f 7074 7077 7075
f 5404 7084 5406
f 5406 7084 5408
f 7077 7083 7075
f 7075 7083 7082
f 7080 7082 7081
f 7075 7082 7073
f 7073 7082 7080
f 7073 7080 7081
f 7076 7079 7077
f 5410 7079 7076
f 5408 7079 5410
f 5563 7046 7039
f 7078 7077 7074
f 7076 7077 7078
f 7070 7075 7073
f 7069 7075 7070
f 7074 7075 7069
f 7072 7070 7073
f 7071 7070 7072
f 7069 7070 7071
f 5397 5395 7068
f 7067 7063 7066
f 7066 7063 7065
f 7026 7030 7031
f 7031 7037 7035
f 7031 7035 7036
f 7029 7034 7028
f 7028 7034 7033
f 5540 7034 7029
f 5568 7034 5540
f 7027 7033 7032
f 7028 7033 7027
f 7030 7032 7031
f 7026 7032 7030
f 7027 7032 7026
f 7032 7037 7031
f 7024 7029 7028
f 5540 7029 7024
f 7021 7028 7027
f 7024 7028 7023
f 7023 7028 7021
f 7025 7027 7026
f 7021 7027 7025
f 7021 7025 7026
f 5544 7024 7019
f 7018 7024 7023
f 7019 7024 7018
f 7040 7041 6996
f 7038 7046 7043
f 5556 7046 5563
f 5555 7046 5556
f 7045 7046 5555
f 7039 7046 7038
f 7037 7043 7041
f 7038 7043 7037
f 7044 7043 7045
f 7042 7043 7044
f 7041 7043 7042
f 7036 7041 7040
f 7079 7084 7077
f 6996 7041 7042
f 7037 7041 7036
f 6993 7040 6996
f 7036 7040 6993
f 7034 7039 7033
f 5568 7039 7034
f 5563 7039 5568
f 7033 7039 7038
f 7032 7038 7037
f 7033 7038 7032
f 7035 7037 7036
f 7109 7114 7110
f 7117 7120 7115
f 7115 7118 7114
f 7114 7118 7110
f 7110 7118 7119
f 7112 7117 7111
f 7111 7117 7115
f 7113 7117 7112
f 5418 7117 7113
f 7116 7117 5418
f 7109 7115 7114
f 7111 7115 7109
f 7115 7120 7118
f 7108 7113 7112
f 5418 7113 7108
f 7108 7112 7107
f 7107 7112 7106
f 7106 7112 7111
f 7105 7111 7109
f 7106 7111 7105
f 7105 7109 7100
f 7100 7109 7110
f 7104 7108 7107
f 5400 7108 7104
f 7116 7125 7121
f 7131 7133 7130
f 7130 7133 7129
f 7125 7132 7124
f 7124 7132 7131
f 7127 7132 7125
f 7124 7131 7123
f 7123 7131 7130
f 7119 7130 7128
f 7123 7130 7119
f 7128 7130 7129
f 7119 7128 7129
f 5418 7108 5400
f 7127 7125 7126
f 7126 7125 7116
f 7121 7125 7124
f 7121 7124 7120
f 7120 7124 7118
f 7118 7124 7123
f 7118 7123 7122
f 7122 7123 7119
f 7118 7122 7119
f 7117 7121 7120
f 7116 7121 7117
f 7088 7091 7087
f 7091 7095 7094
f 5402 7095 7091
f 7091 7094 7090
f 7090 7094 7092
f 7089 7092 7086
f 7090 7092 7089
f 7086 7092 7093
f 7087 7091 7085
f 7085 7091 7090
f 5404 7091 7088
f 5402 7091 5404
f 7092 7096 7093
f 7085 7090 7089
f 7085 7089 7086
f 7083 7088 7087
f 5404 7088 7084
f 7084 7088 7083
f 7083 7087 7082
f 7082 7087 7085
f 7081 7085 7086
f 7082 7085 7081
f 5408 7084 7079
f 7077 7084 7083
f 7098 7101 7099
f 7103 7107 7106
f 7104 7107 7103
f 7102 7106 7105
f 7103 7106 7102
f 7102 7105 7100
f 7099 7104 7103
f 7101 7104 7099
f 5398 7104 7101
f 5400 7104 5398
f 7099 7103 7102
f 7099 7102 7100
f 7248 7249 7250
f 5398 7101 7098
f 7098 7099 7097
f 7097 7099 7096
f 7096 7099 7093
f 7093 7099 7100
f 5402 7098 7095
f 7094 7098 7092
f 7092 7098 7097
f 7095 7098 7094
f 5398 7098 5402
f 7092 7097 7096
f 7381 7384 7380
f 82 7389 7388
f 7388 7389 7390
f 80 82 7387
f 7387 82 7388
f 75 80 7386
f 7386 80 7387
f 78 75 7385
f 7385 75 7386
f 4935 78 7385
f 7357 7384 5472
f 7380 7384 7383
f 7383 7384 7355
f 7390 7391 7392
f 5476 7384 7381
f 5472 7384 5476
f 7355 7384 7357
f 7380 7383 7379
f 7382 7383 7353
f 7379 7383 7382
f 7353 7383 7355
f 5421 7382 5419
f 5424 7382 5421
f 5419 7382 7353
f 7379 7382 5424
f 7402 7403 7404
f 7413 7414 7415
f 4925 7412 7411
f 7411 7412 7413
f 4915 4925 7411
f 7407 7410 7408
f 7409 7410 7407
f 7405 7407 7406
f 7406 7407 7408
f 7403 7405 7404
f 7404 7405 7406
f 7401 7403 7402
f 5481 7381 7378
f 7399 7401 7400
f 7400 7401 7402
f 7397 7399 7398
f 7398 7399 7400
f 7395 7397 7396
f 7396 7397 7398
f 7393 7395 7394
f 7394 7395 7396
f 7391 7393 7392
f 7392 7393 7394
f 7389 7391 7390
f 7364 7368 7367
f 5465 7372 7369
f 7369 7372 7368
f 5489 7372 5465
f 7368 7371 7367
f 7367 7371 7370
f 7367 7370 5432
f 5432 7370 5430
f 5467 7369 7366
f 7366 7369 7365
f 7365 7369 7368
f 5465 7369 5467
f 7368 7372 7371
f 7365 7368 7364
f 7364 7367 5434
f 5434 7367 5432
f 7363 7366 7361
f 5469 7366 7363
f 7361 7366 7365
f 5467 7366 5469
f 7359 7365 7364
f 7361 7365 7359
f 7359 7364 5436
f 5436 7364 5434
f 7373 7377 7376
f 7377 7381 7380
f 5476 7381 5481
f 7378 7381 7377
f 7377 7380 7379
f 7377 7379 7376
f 7376 7379 5426
f 5426 7379 5424
f 7375 7378 7374
f 7374 7378 7377
f 5484 7378 7375
f 5481 7378 5484
f 7412 7414 7413
f 7374 7377 7373
f 7373 7376 5428
f 5428 7376 5426
f 7371 7375 7374
f 7372 7375 7371
f 5489 7375 7372
f 5484 7375 5489
f 7371 7374 7373
f 7370 7373 5430
f 7371 7373 7370
f 5430 7373 5428
f 7473 7474 7471
f 7480 7481 7482
f 60 7479 7478
f 7478 7479 7480
f 58 60 7477
f 7477 60 7478
f 53 58 7476
f 7476 58 7477
f 56 53 7475
f 7475 53 7476
f 4958 56 7475
f 7471 7474 7472
f 7479 7481 7480
f 7469 7471 7470
f 7470 7471 7472
f 7467 7469 7468
f 7468 7469 7470
f 7465 7467 7466
f 7466 7467 7468
f 7463 7465 7464
f 7464 7465 7466
f 7461 7463 7462
f 7462 7463 7464
f 7459 7461 7460
f 7491 7493 7492
f 7502 7504 7503
f 7503 7504 7505
f 4947 7502 7501
f 7501 7502 7503
f 4956 4947 7501
f 7497 7500 7498
f 7499 7500 7497
f 7495 7497 7496
f 7496 7497 7498
f 7493 7495 7494
f 7494 7495 7496
f 7460 7461 7462
f 7492 7493 7494
f 7489 7491 7490
f 7490 7491 7492
f 7487 7489 7488
f 7488 7489 7490
f 7485 7487 7486
f 7486 7487 7488
f 7483 7485 7484
f 7484 7485 7486
f 7481 7483 7482
f 7482 7483 7484
f 7426 7427 7428
f 7437 7438 7439
f 7435 7436 7434
f 7434 7436 7437
f 7433 7435 7434
f 7431 7433 7432
f 7432 7433 7434
f 7429 7431 7430
f 7430 7431 7432
f 7427 7429 7428
f 7428 7429 7430
f 7425 7427 7426
f 7436 7438 7437
f 7423 7425 7424
f 7424 7425 7426
f 7421 7423 7422
f 7422 7423 7424
f 7420 7421 7418
f 7418 7421 7422
f 7417 7420 7418
f 7417 7418 7419
f 7416 4934 4936
f 7414 7416 7415
f 7415 7416 4936
f 7447 7448 7446
f 7457 7459 7458
f 7458 7459 7460
f 7455 7457 7456
f 7456 7457 7458
f 7453 7455 7454
f 7454 7455 7456
f 7450 7453 7451
f 7451 7453 7452
f 7452 7453 7454
f 7448 7450 7449
f 7449 7450 7451
f 7362 7363 7361
f 7446 7448 7449
f 4910 7447 7446
f 4913 4910 7446
f 7444 4912 7445
f 7445 4912 4911
f 7442 7444 7443
f 7443 7444 7445
f 7440 7442 7441
f 7441 7442 7443
f 7438 7440 7439
f 7439 7440 7441
f 7293 7294 7272
f 5399 7299 7272
f 7298 7299 7297
f 7272 7299 7298
f 7296 7298 7297
f 7272 7298 7296
f 7272 7296 7297
f 7292 7295 7294
f 7294 7295 7272
f 7272 7295 5414
f 5414 7295 7292
f 7292 7294 7293
f 7297 7300 7301
f 7291 7293 7289
f 7292 7293 7291
f 7289 7293 7272
f 7286 7292 7290
f 7290 7292 7288
f 7288 7292 7291
f 5414 7292 7286
f 7288 7291 7289
f 7287 7290 7288
f 7286 7290 7287
f 7285 7288 7283
f 5403 7307 5401
f 5407 7313 5405
f 7308 7312 7311
f 7308 7311 7309
f 7306 7310 7308
f 7307 7310 7306
f 5403 7310 7307
f 5405 7310 5403
f 7306 7308 7305
f 7305 7308 7309
f 7301 7307 7306
f 5401 7307 7303
f 7287 7288 7285
f 7303 7307 7301
f 7304 7306 7305
f 7301 7306 7304
f 7301 7304 7305
f 5401 7303 5399
f 7302 7303 7301
f 7297 7303 7302
f 5399 7303 7299
f 7299 7303 7297
f 7300 7302 7301
f 7297 7302 7300
f 7256 7261 7260
f 5414 5399 7272
f 5416 7270 7271
f 5417 5416 7269
f 7267 5411 7268
f 7268 5411 5412
f 7265 7267 7266
f 7266 7267 7268
f 7263 7265 7264
f 7264 7265 7266
f 7261 7263 7262
f 7262 7263 7264
f 7273 7256 7252
f 7260 7261 7262
f 7252 7256 7253
f 7257 7256 7260
f 7253 7256 7259
f 7259 7256 7258
f 7258 7256 7255
f 7255 7256 7257
f 7248 7252 7249
f 7249 7252 7254
f 7254 7252 7251
f 7251 7252 7253
f 7271 7281 5416
f 7283 7288 7289
f 7270 7287 7284
f 7284 7287 7282
f 7282 7287 7285
f 7286 7287 7270
f 7282 7285 7283
f 7271 7284 7282
f 7270 7284 7271
f 7271 7282 7283
f 7279 7281 7271
f 5416 7281 7269
f 5405 7313 7310
f 7278 7281 7279
f 7269 7281 7278
f 7275 7279 7271
f 7276 7279 7275
f 7280 7279 7276
f 7278 7279 7280
f 7277 7275 7274
f 7276 7275 7277
f 7274 7275 7271
f 5409 5411 7267
f 5409 7267 7265
f 7328 7340 7341
f 7345 7347 7339
f 7343 7345 7333
f 7333 7345 7339
f 7342 7345 7343
f 7346 7345 7344
f 7344 7345 7342
f 7338 7343 7332
f 7337 7343 7338
f 7332 7343 7333
f 7342 7343 7337
f 7339 7340 7328
f 7341 7347 7348
f 7333 7339 7328
f 7335 7338 7329
f 7329 7338 7332
f 7336 7338 7335
f 7337 7338 7336
f 7277 7335 7329
f 7318 7335 7277
f 7336 7335 7334
f 7334 7335 7318
f 7326 7333 7328
f 7325 7333 7326
f 7353 7355 7354
f 5470 7363 7362
f 5469 7363 5470
f 7358 7361 7359
f 7362 7361 7360
f 7360 7361 7358
f 5438 7359 5436
f 7358 7359 5438
f 5472 5462 7357
f 7357 5462 5460
f 7355 7357 7356
f 7356 7357 5460
f 7332 7333 7325
f 7354 7355 7356
f 5419 7353 7352
f 7352 7353 7354
f 5456 5419 7352
f 7339 7347 7340
f 7346 7347 7345
f 7340 7347 7341
f 7348 7347 7351
f 7351 7347 7350
f 7350 7347 7349
f 7349 7347 7346
f 7312 7315 7314
f 7319 7320 5396
f 7278 7319 7269
f 7269 7319 5417
f 5417 7319 5396
f 7274 7318 7277
f 5393 7317 5394
f 7265 7316 5409
f 5407 7316 7315
f 7315 7316 7265
f 5409 7316 5407
f 7314 7315 7263
f 7278 7320 7319
f 5407 7315 7312
f 7263 7315 7265
f 7273 7314 7256
f 7311 7314 7309
f 7312 7314 7311
f 7256 7314 7261
f 7261 7314 7263
f 7309 7314 7273
f 7308 7313 7312
f 7312 7313 5407
f 7310 7313 7308
f 7325 7326 7320
f 7329 7332 7280
f 7280 7332 7325
f 7327 7331 7323
f 7328 7331 7327
f 7323 7331 7330
f 7330 7331 7328
f 7277 7329 7276
f 7276 7329 7280
f 7328 7327 7326
f 7326 7327 7323
f 7321 7326 7323
f 4189 4184 4185
f 7320 7326 7321
f 7278 7325 7320
f 7324 7325 7278
f 7280 7325 7324
f 7280 7324 7278
f 7323 7322 7321
f 7321 7322 5393
f 5393 7322 7317
f 7317 7322 7323
f 7320 7321 5396
f 5396 7321 5393
f 4616 4582 3605
f 4618 4619 4620
f 4585 4584 3220
f 4584 4589 3218
f 4584 3218 3220
f 4589 3222 3218
f 4589 4588 3222
f 4617 4616 3605
f 4617 4613 4611
f 4617 4614 4613
f 4617 4611 4616
f 4617 3607 4614
f 4617 3605 3607
f 4618 4621 4619
f 4616 4611 4612
f 4616 4612 4582
f 4613 4607 4611
f 4613 4609 4607
f 4613 4610 4609
f 4613 4615 4610
f 4613 4614 4615
f 4611 4607 4608
f 4611 4608 4612
f 4609 4603 4607
f 4609 4605 4603
f 4633 4635 4634
f 4643 4645 4646
f 4643 4644 4645
f 4629 4633 4630
f 4623 4629 4626
f 4641 4642 4640
f 4639 4641 4640
f 4635 4640 4634
f 4639 4640 4635
f 4632 4637 4636
f 4636 4637 4638
f 4632 4636 4631
f 4609 4606 4605
f 4633 4634 4630
f 4628 4632 4631
f 4628 4631 4627
f 4629 4630 4626
f 4625 4628 4627
f 4625 4627 4624
f 4623 4626 4622
f 4621 4625 4624
f 4621 4624 4619
f 4620 4623 4622
f 4620 4622 4618
f 4580 4578 4577
f 4593 4594 4590
f 4591 4583 4586
f 4591 4586 4592
f 4587 4584 4583
f 4587 4590 4588
f 4587 4589 4584
f 4587 4588 4589
f 4583 4585 4586
f 4583 4584 4585
f 3605 4582 3609
f 4580 4579 3621
f 4593 4583 4591
f 4580 4577 4579
f 4580 4581 4576
f 4580 4576 4578
f 4580 3624 4581
f 4580 3621 3624
f 4579 4487 3631
f 4579 4577 4488
f 4579 4488 4487
f 4579 3631 3621
f 4578 4575 4574
f 4578 4576 4575
f 4601 4598 4597
f 4609 4610 4606
f 4607 4603 4604
f 4607 4604 4608
f 4605 4601 4603
f 4605 4602 4601
f 4605 4606 4602
f 4603 4601 4599
f 4603 4599 4600
f 4603 4600 4604
f 4601 4595 4599
f 4601 4597 4595
f 4647 4646 4648
f 4601 4602 4598
f 4599 4595 4596
f 4599 4596 4600
f 4597 4591 4595
f 4597 4593 4591
f 4597 4594 4593
f 4597 4598 4594
f 4595 4591 4592
f 4595 4592 4596
f 4593 4590 4587
f 4593 4587 4583
f 4711 4707 4705
f 4718 4690 4716
f 4717 4691 4690
f 4717 4716 4713
f 4717 4713 4714
f 4717 4714 4691
f 4715 4712 4713
f 4715 4713 4716
f 4715 4716 4712
f 4713 4709 4710
f 4713 4712 4709
f 4713 4710 4714
f 4718 4716 4717
f 4711 4708 4707
f 4711 4709 4712
f 4711 4705 4709
f 4711 4712 4708
f 4709 4705 4706
f 4709 4706 4710
f 4707 4645 4705
f 4707 4648 4646
f 4707 4646 4645
f 4707 4708 4648
f 4705 4645 4644
f 4723 4695 4694
f 4727 4698 4701
f 4727 4699 4698
f 4726 4697 4725
f 4726 4725 4699
f 4726 4699 4697
f 4725 4696 4699
f 4725 4697 4696
f 4724 4695 4723
f 4724 4723 4697
f 4724 4697 4695
f 4723 4694 4697
f 4705 4644 4706
f 4722 4721 4695
f 4722 4693 4721
f 4722 4695 4693
f 4721 4692 4695
f 4721 4693 4692
f 4720 4690 4719
f 4720 4719 4693
f 4720 4693 4690
f 4719 4689 4693
f 4719 4690 4689
f 4718 4717 4690
f 4660 4650 4661
f 4672 4670 4671
f 4671 4670 4669
f 4670 4668 4669
f 4669 4668 4667
f 4668 4666 4667
f 4667 4666 4665
f 4666 4664 4665
f 4665 4664 4663
f 4664 4662 4663
f 4662 4660 4661
f 4662 4661 4663
f 4673 4672 4671
f 4660 4651 4650
f 4659 4658 4649
f 4659 4649 4651
f 4658 4657 4649
f 4657 4656 4649
f 4656 4655 4649
f 4655 4654 4649
f 4654 4652 4649
f 4652 4653 4649
f 4649 4650 4651
f 4647 4643 4646
f 4686 4679 4685
f 4704 4703 4702
f 4702 4703 4700
f 4700 4701 4698
f 4698 4699 4696
f 4696 4697 4694
f 4694 4695 4692
f 4692 4693 4689
f 4689 4690 4691
f 4688 4679 4687
f 4688 4678 4679
f 4687 4679 4686
f 4578 4574 4577
f 4685 4679 4684
f 4684 4679 4683
f 4683 4679 4682
f 4682 4679 4680
f 4680 4679 4681
f 4679 4678 4677
f 4678 4676 4677
f 4677 4676 4675
f 4676 4674 4675
f 4675 4674 4673
f 4674 4672 4673
f 4518 3338 720
f 3544 3547 4521
f 3544 249 248
f 3544 4521 249
f 4523 4519 738
f 738 4522 739
f 738 4520 4522
f 738 4519 4520
f 4521 3547 3338
f 4521 3338 4518
f 4519 4517 4520
f 4519 4516 4517
f 4518 720 221
f 743 4523 738
f 4518 221 4515
f 4516 4514 4517
f 4516 4513 4514
f 4515 223 4509
f 4515 4509 4511
f 4515 221 223
f 4515 4511 4510
f 4513 4510 4512
f 4513 4512 4514
f 4510 4511 4512
f 4509 4508 4507
f 4155 4154 4363
f 4344 2765 2766
f 4344 2763 2765
f 2763 4391 2764
f 2764 4391 4154
f 3161 4157 4362
f 3161 4362 4349
f 4391 4529 4154
f 4391 4389 4529
f 4157 4159 4362
f 4159 4155 4363
f 4159 4363 4362
f 4509 223 4508
f 4154 4529 4363
f 4389 4388 4528
f 4389 4528 4529
f 4388 4527 4528
f 4426 4425 4526
f 4425 4422 4525
f 4425 4525 4526
f 4422 4524 4525
f 4422 4421 4524
f 245 3544 243
f 243 3544 248
f 3657 4488 4489
f 3652 3653 4493
f 3652 4493 4494
f 3653 3654 4492
f 3653 4492 4493
f 3654 3655 4491
f 3654 4491 4492
f 3655 3656 4490
f 3655 4490 4491
f 3656 3657 4489
f 3656 4489 4490
f 3657 3658 4488
f 3651 4494 4495
f 3658 3659 4487
f 3658 4487 4488
f 3659 3634 4487
f 3659 3649 3634
f 2916 4076 2917
f 2916 4085 4076
f 2916 4080 4085
f 2916 4078 4080
f 2916 2561 4078
f 2916 2562 2561
f 4076 4075 2917
f 221 720 226
f 4507 4506 4505
f 4507 4508 4506
f 4505 4504 4503
f 4505 4506 4504
f 3669 4502 3666
f 4503 4499 4501
f 4503 4504 4499
f 4502 4501 3666
f 4501 4499 3666
f 3666 4500 3667
f 3666 4499 4500
f 4344 2766 2732
f 226 724 227
f 226 717 724
f 226 720 717
f 227 724 4498
f 4498 724 4497
f 4497 724 726
f 2917 3650 4496
f 2917 4496 2918
f 3650 3651 4495
f 3650 4495 4496
f 3651 3652 4494
f 4559 4556 4555
f 4565 4566 4563
f 4564 4561 4493
f 4564 4493 4492
f 4562 4559 4558
f 4562 4558 4561
f 4562 4560 4559
f 4562 4563 4560
f 4561 4558 4494
f 4561 4494 4493
f 4559 4555 4558
f 4559 4557 4556
f 4565 4562 4561
f 4559 4560 4557
f 4558 4555 4495
f 4558 4495 4494
f 4556 4554 4553
f 4556 4552 4555
f 4556 4553 4552
f 4556 4557 4554
f 4555 4552 4496
f 4555 4496 4495
f 4553 3683 4552
f 4553 3681 3682
f 4571 4568 4567
f 4577 4574 4489
f 4577 4489 4488
f 4575 4571 4574
f 4575 4572 4571
f 4575 4573 4572
f 4575 4576 4573
f 4574 4571 4490
f 4574 4490 4489
f 4572 4568 4571
f 4572 4569 4568
f 4572 4573 4569
f 4553 3682 3683
f 4571 4567 4491
f 4571 4491 4490
f 4568 4565 4564
f 4568 4566 4565
f 4568 4564 4567
f 4568 4570 4566
f 4568 4569 4570
f 4567 4564 4492
f 4567 4492 4491
f 4565 4563 4562
f 4565 4561 4564
f 4535 4530 4525
f 4529 4361 4360
f 4529 4360 4363
f 4540 4534 4239
f 4540 4525 4531
f 4540 4239 4535
f 4540 4535 4525
f 4540 4543 4534
f 4540 4542 4543
f 4540 4541 4542
f 4540 4531 4541
f 4535 4239 4532
f 4275 4358 4359
f 4535 4539 4530
f 4535 4538 4539
f 4535 4537 4538
f 4535 4536 4537
f 4535 4532 4536
f 4240 4239 4533
f 4533 4239 4534
f 4239 4246 4532
f 4531 4525 4524
f 4525 4530 4526
f 4344 4391 2763
f 4548 4361 4529
f 4553 4554 3681
f 4552 2918 4496
f 4552 3683 2918
f 3631 4487 3634
f 4549 4547 4270
f 4549 4528 4545
f 4549 4548 4528
f 4549 4270 4548
f 4549 4551 4547
f 4549 4550 4551
f 4549 4545 4550
f 4728 4701 4699
f 4548 4275 4359
f 4548 4359 4366
f 4548 4366 4365
f 4548 4365 4361
f 4548 4270 4275
f 4548 4529 4528
f 4271 4270 4546
f 4546 4270 4547
f 4545 4528 4544
f 4544 4528 4527
f 4275 4198 4358
f 4995 4991 4994
f 5006 5007 5005
f 5004 5006 5005
f 5004 5005 5003
f 5002 5004 5003
f 5002 5003 5001
f 5000 5002 5001
f 5000 5001 4999
f 4991 5000 4999
f 4991 4999 4998
f 4992 4991 4998
f 4997 4991 4996
f 4996 4991 4995
f 5006 5008 5007
f 4994 4991 4993
f 4993 4991 4990
f 4990 4991 4992
f 4987 34 4986
f 4987 4986 4988
f 4987 4988 4989
f 34 4985 4986
f 4982 4983 4984
f 4982 4969 4983
f 4982 4968 4969
f 4981 4976 4973
f 5017 5015 5016
f 5035 5034 5033
f 5033 5034 5031
f 5031 5032 5028
f 5028 5029 5030
f 5027 5017 5026
f 5027 5025 5017
f 5026 5017 5023
f 5025 5022 5017
f 5023 5017 5024
f 5022 5021 5017
f 5021 5018 5017
f 4970 4980 4971
f 5017 5020 5015
f 5017 5019 5020
f 5017 5018 5019
f 5014 5016 5015
f 5014 5015 5013
f 5012 5014 5013
f 5012 5013 5011
f 5010 5012 5011
f 5010 5011 5009
f 5008 5010 5009
f 5008 5009 5007
f 4934 78 4935
f 4948 4949 4950
f 4947 4937 4946
f 4946 4937 4945
f 4945 4937 4944
f 4937 4943 4944
f 4937 4942 4943
f 4937 4941 4942
f 4937 4940 4941
f 4937 4939 4940
f 4937 4938 4939
f 4934 4935 4936
f 4951 4948 4950
f 4933 4923 4932
f 4933 4931 4923
f 4932 4923 4929
f 4931 4928 4923
f 4929 4923 4930
f 4928 4927 4923
f 4927 4926 4923
f 4926 4924 4923
f 4923 4915 4914
f 4923 4925 4915
f 4923 4924 4925
f 4963 4964 4961
f 4978 4972 4979
f 4978 4970 4972
f 4977 4978 4979
f 4965 4967 4966
f 4963 4965 4964
f 4976 4974 4973
f 4973 4974 4975
f 4970 4971 4972
f 4967 4969 4968
f 4967 4968 4966
f 4965 4966 4964
f 5036 4985 5037
f 4960 4963 4961
f 4960 4961 4962
f 4957 4958 4959
f 4957 56 4958
f 4956 4955 4950
f 4956 4937 4947
f 4956 4950 4937
f 4955 4954 4950
f 4954 4953 4950
f 4953 4952 4950
f 4952 4951 4950
f 5078 5077 5068
f 5089 5087 5088
f 5088 5087 5086
f 5087 5085 5086
f 5086 5085 5084
f 5085 5083 5084
f 5084 5083 5082
f 5083 5081 5082
f 5081 5079 5080
f 5081 5080 5082
f 5079 5069 5080
f 5079 5070 5069
f 5090 5089 5088
f 5078 5068 5070
f 5077 5076 5068
f 5076 5075 5068
f 5075 5074 5068
f 5074 5073 5068
f 5073 5071 5068
f 5071 5072 5068
f 5068 5069 5070
f 5066 5062 5065
f 5066 5065 5067
f 5062 5064 5065
f 5103 5098 5102
f 5119 5120 5117
f 5117 5118 5115
f 5115 5116 5113
f 5113 5114 5111
f 5111 5112 5108
f 5108 5109 5110
f 5107 5098 5106
f 5107 5097 5098
f 5106 5098 5105
f 5105 5098 5104
f 5104 5098 5103
f 5062 5063 5064
f 5102 5098 5101
f 5101 5098 5099
f 5099 5098 5100
f 5098 5097 5096
f 5097 5095 5096
f 5096 5095 5094
f 5095 5093 5094
f 5094 5093 5092
f 5093 5091 5092
f 5092 5091 5090
f 5091 5089 5090
f 5042 5039 5038
f 5050 5048 5051
f 5050 5051 5047
f 5048 5044 5045
f 5048 5047 5044
f 5048 5045 5049
f 5046 5044 5047
f 5046 5043 5044
f 5046 5047 5043
f 5044 5040 5041
f 5044 5043 5040
f 5044 5041 5045
f 5050 5047 5048
f 5042 5038 5036
f 5042 5040 5043
f 5042 5036 5040
f 5042 5043 5039
f 5040 5036 5037
f 5040 5037 5041
f 5038 4986 5036
f 5038 4988 4986
f 5038 4989 4988
f 5038 5039 4989
f 5036 4986 4985
f 5057 5056 5029
f 5061 5032 5060
f 5061 5060 5034
f 5061 5034 5032
f 5060 5031 5034
f 5060 5032 5031
f 5059 5029 5058
f 5059 5058 5032
f 5059 5032 5029
f 5058 5028 5032
f 5058 5029 5028
f 5057 5055 5056
f 4914 4921 4922
f 5057 5029 5055
f 5056 5030 5029
f 5056 5055 5052
f 5056 5052 5053
f 5056 5053 5030
f 5054 5051 5052
f 5054 5052 5055
f 5054 5055 5051
f 5052 5048 5049
f 5052 5051 5048
f 5052 5049 5053
f 4788 4789 4785
f 4794 4791 4795
f 4792 4790 4793
f 4792 4789 4790
f 4792 4793 4789
f 4790 4786 4787
f 4790 4789 4786
f 4790 4787 4791
f 4788 4785 4784
f 4788 4784 4782
f 4788 4786 4789
f 4788 4782 4786
f 4794 4793 4790
f 4786 4782 4783
f 4786 4783 4787
f 4784 4732 4782
f 4784 4734 4732
f 4784 4735 4734
f 4784 4785 4735
f 4782 4732 4731
f 4782 4731 4783
f 4781 4780 4779
f 4779 4780 4777
f 4777 4778 4774
f 4802 4798 4799
f 4806 4778 4777
f 4805 4775 4804
f 4805 4804 4778
f 4805 4778 4775
f 4804 4774 4778
f 4804 4775 4774
f 4803 4801 4802
f 4803 4802 4775
f 4803 4775 4801
f 4802 4776 4775
f 4802 4801 4798
f 4774 4775 4776
f 4802 4799 4776
f 4800 4797 4798
f 4800 4798 4801
f 4800 4801 4797
f 4798 4794 4795
f 4798 4797 4794
f 4798 4795 4799
f 4796 4793 4794
f 4796 4794 4797
f 4796 4797 4793
f 4794 4790 4791
f 4736 4737 4738
f 4748 4749 4747
f 4746 4748 4747
f 4746 4747 4745
f 4737 4746 4745
f 4737 4745 4744
f 4738 4737 4744
f 4743 4737 4742
f 4742 4737 4741
f 4741 4737 4740
f 4740 4737 4739
f 4739 4737 4736
f 4748 4750 4749
f 4733 186 4732
f 4733 4732 4734
f 4733 4734 4735
f 186 4731 4732
f 4730 4703 4701
f 4730 4701 4729
f 4730 4729 4703
f 4729 4700 4703
f 4729 4701 4700
f 4728 4699 4727
f 4728 4727 4701
f 4760 4762 4761
f 4773 4763 4772
f 4773 4771 4763
f 4772 4763 4769
f 4771 4768 4763
f 4769 4763 4770
f 4768 4767 4763
f 4767 4766 4763
f 4766 4764 4763
f 4763 4765 4761
f 4763 4764 4765
f 4763 4761 4762
f 4806 4777 4780
f 4760 4761 4759
f 4758 4760 4759
f 4758 4759 4757
f 4756 4758 4757
f 4756 4757 4755
f 4754 4756 4755
f 4754 4755 4753
f 4752 4754 4753
f 4752 4753 4751
f 4750 4752 4751
f 4750 4751 4749
f 4878 4877 4876
f 4890 4892 4893
f 4890 4891 4892
f 4886 4888 4889
f 4886 4887 4888
f 4885 4876 4884
f 4885 4883 4876
f 4884 4876 4881
f 4883 4880 4876
f 4881 4876 4882
f 4880 4879 4876
f 4879 4878 4876
f 4890 4893 4894
f 4876 4875 4866
f 4876 4877 4875
f 4875 4867 4866
f 4866 4873 4874
f 4866 4872 4873
f 4866 4871 4872
f 4866 4870 4871
f 4866 4869 4870
f 4866 4868 4869
f 4866 4867 4868
f 4863 4864 4865
f 4907 4906 4901
f 4914 4920 4921
f 4914 4919 4920
f 4914 4918 4919
f 4914 4917 4918
f 4914 4916 4917
f 4914 4915 4916
f 4913 4911 4910
f 4910 4911 4912
f 4909 4908 4901
f 4909 4901 4900
f 4908 4907 4901
f 4863 166 4864
f 4906 4905 4901
f 4905 4904 4901
f 4904 4902 4901
f 4902 4903 4901
f 4901 4890 4900
f 4900 4890 4899
f 4899 4890 4898
f 4898 4890 4897
f 4890 4896 4897
f 4890 4895 4896
f 4890 4894 4895
f 4815 4820 4821
f 4833 4824 4830
f 4832 4829 4824
f 4830 4824 4831
f 4829 4828 4824
f 4828 4826 4824
f 4824 4816 4815
f 4824 4827 4825
f 4824 4826 4827
f 4824 4825 4816
f 4815 4822 4823
f 4815 4821 4822
f 4834 4832 4824
f 4815 4819 4820
f 4815 4818 4819
f 4815 4817 4818
f 4815 4816 4817
f 4814 98 4813
f 98 4812 4813
f 4810 4809 4811
f 4808 4809 4810
f 4807 4778 4806
f 4807 4806 4780
f 4807 4780 4778
f 4849 4839 4848
f 4862 4860 4859
f 4859 4860 4861
f 4858 4857 4850
f 4858 4850 4849
f 4857 4856 4850
f 4856 4855 4850
f 4855 4854 4850
f 4854 4853 4850
f 4853 4851 4850
f 4851 4852 4850
f 4850 4839 4849
f 4075 2119 2917
f 4848 4839 4847
f 4839 4846 4847
f 4839 4845 4846
f 4839 4844 4845
f 4839 4843 4844
f 4839 4842 4843
f 4839 4841 4842
f 4839 4840 4841
f 4838 4835 4837
f 4835 4836 4837
f 4834 4824 4833
f 4282 4286 4284
f 4281 4290 4279
f 824 4289 4288
f 4288 4289 4284
f 836 4289 830
f 830 4289 824
f 4283 4289 4281
f 4284 4289 4283
f 824 4288 818
f 818 4288 799
f 4287 4288 4284
f 4285 4288 4287
f 799 4288 4285
f 842 4290 836
f 2137 4286 4282
f 4284 4286 4287
f 4287 4286 4285
f 2130 4286 2131
f 2131 4286 2137
f 4285 4286 2130
f 2148 4282 4280
f 4280 4282 4281
f 4281 4282 4283
f 4283 4282 4284
f 2137 4282 2144
f 4057 4285 2130
f 3407 3408 4285
f 3408 3417 799
f 3408 799 4285
f 3417 3415 799
f 3415 800 799
f 2540 3407 2541
f 2541 3407 4054
f 4054 3407 4055
f 2205 4057 2130
f 4055 3407 4064
f 4057 4059 4285
f 2144 4282 2148
f 4064 3407 4059
f 4059 3407 4285
f 842 4291 4290
f 4290 4291 4279
f 812 4291 813
f 813 4291 842
f 3386 4291 812
f 4278 4291 3386
f 4279 4291 4278
f 4289 4290 4281
f 836 4290 4289
f 4255 4253 4254
f 4265 4264 4266
f 4265 4263 4264
f 4263 4262 4264
f 4263 4261 4262
f 4261 4259 4262
f 4261 4260 528
f 4261 528 4259
f 4260 529 528
f 528 4258 4259
f 528 531 4258
f 4257 4255 4256
f 4267 4265 4266
f 4255 4254 4256
f 4253 4251 4252
f 4253 4252 4254
f 4251 4249 4250
f 4251 4250 4252
f 4249 4248 4243
f 4249 4243 4250
f 4248 4245 4239
f 4248 4239 4243
f 558 4244 556
f 558 4247 4244
f 4198 4269 4247
f 4277 4280 4279
f 2154 4280 4277
f 4279 4280 4281
f 2148 4280 2154
f 3386 4277 4278
f 4278 4277 4279
f 2124 4277 3386
f 2154 4277 2123
f 2123 4277 2124
f 4198 4247 558
f 4198 4275 4276
f 793 792 3277
f 4198 4276 4269
f 4275 4270 4274
f 4275 4274 4276
f 4270 4273 4274
f 4270 4272 4273
f 4270 4271 4272
f 4269 4268 4247
f 4268 4257 4256
f 4268 4267 4257
f 4268 4256 4247
f 4267 4266 4257
f 2743 2692 4326
f 4145 4144 4335
f 4328 4336 4329
f 4144 4143 4334
f 4144 4334 4335
f 4333 4332 4330
f 4332 4331 4330
f 4330 4331 983
f 2741 2740 4328
f 2741 4328 4329
f 2740 2743 4327
f 2740 4327 4328
f 4327 4337 4336
f 2743 4326 4327
f 2692 2689 4325
f 2692 4325 4326
f 2689 2696 4324
f 2689 4324 4325
f 2696 2687 4323
f 2696 4323 4324
f 2687 4119 4323
f 2687 2686 4119
f 289 3904 287
f 287 3904 292
f 4338 4335 4340
f 4332 1089 4331
f 4332 1090 1089
f 4331 1089 982
f 4331 982 983
f 982 1089 980
f 4338 4324 4147
f 4338 4145 4335
f 4338 4337 4327
f 4338 4332 4333
f 4338 4333 4341
f 4338 4341 4337
f 493 4322 488
f 4338 4340 4339
f 4338 4339 4332
f 4338 4147 4146
f 4338 4146 4145
f 4338 4325 4324
f 4338 4326 4325
f 4338 4327 4326
f 4119 4148 4323
f 4323 4148 4324
f 4148 4147 4324
f 4327 4336 4328
f 3917 4297 4298
f 4307 4308 4306
f 4305 4304 4303
f 4305 4306 4304
f 4303 4302 4301
f 4303 4304 4302
f 3920 4300 3917
f 4301 4297 4299
f 4301 4302 4297
f 4300 4299 3917
f 4299 4297 3917
f 3917 4298 3918
f 4307 4306 4305
f 4296 470 4295
f 4295 467 4294
f 4295 470 467
f 4294 474 4293
f 4294 467 474
f 4293 474 4292
f 4292 474 476
f 3238 793 3276
f 3238 3276 3246
f 793 3274 3276
f 793 3277 3274
f 4317 4296 4314
f 3904 3907 4320
f 3904 293 292
f 3904 4320 293
f 4322 4318 488
f 488 4321 489
f 488 4319 4321
f 488 4318 4319
f 4320 3796 4317
f 4320 3907 3796
f 4318 4316 4319
f 4318 4315 4316
f 4245 4246 4239
f 4317 3796 4296
f 4315 4313 4316
f 4315 4312 4313
f 4314 4308 4307
f 4314 4307 4310
f 4314 4296 4308
f 4314 4310 4309
f 4312 4309 4311
f 4312 4311 4313
f 4309 4310 4311
f 3796 470 4296
f 1106 4199 3950
f 4202 4204 4203
f 4203 4204 4205
f 4205 4204 4206
f 1117 4204 1123
f 1123 4204 1127
f 4199 4202 4201
f 1133 4202 4199
f 4201 4202 4203
f 1127 4202 1133
f 3950 4199 4200
f 4200 4199 4201
f 1127 4204 4202
f 1133 4199 1105
f 1105 4199 1106
f 3433 3304 3295
f 3432 3304 3433
f 4163 3433 3297
f 3297 3433 3295
f 4166 4163 3301
f 3301 4163 3297
f 4167 4166 3302
f 3302 4166 3301
f 4168 4167 3303
f 600 4210 594
f 4201 4213 4200
f 4211 4212 4205
f 612 4212 4211
f 618 4212 612
f 4203 4212 4201
f 4205 4212 4203
f 600 4211 4210
f 4210 4211 4206
f 612 4211 606
f 606 4211 600
f 4206 4211 4205
f 3303 4167 3302
f 594 4210 576
f 4209 4210 4206
f 4207 4210 4209
f 576 4210 4207
f 4204 4208 4206
f 1117 4208 4204
f 4206 4208 4209
f 4209 4208 4207
f 1112 4208 1113
f 1113 4208 1117
f 4207 4208 1112
f 4181 4192 4183
f 4187 4197 558
f 4195 4196 4188
f 4188 4196 4187
f 4194 4195 4176
f 4176 4195 4188
f 4193 4194 4178
f 4178 4194 4173
f 4173 4194 4176
f 4192 4193 4183
f 4183 4193 4178
f 4191 4192 4181
f 4196 4197 4187
f 4190 4191 4180
f 4180 4191 4181
f 2861 4190 2901
f 2901 4190 4180
f 4189 4175 557
f 4189 554 4171
f 4189 557 564
f 4189 564 563
f 4189 563 554
f 4189 4185 4175
f 6187 6189 6188
f 3443 3327 3450
f 4164 4168 3294
f 3294 4168 3303
f 797 4164 3294
f 798 4164 797
f 3324 3304 3436
f 3436 3304 3432
f 3325 3324 3436
f 3327 3325 3450
f 3450 3325 3439
f 3439 3325 3436
f 3322 3327 3443
f 4200 4213 3950
f 3317 3322 3442
f 3442 3322 3443
f 3320 3317 3446
f 3446 3317 3442
f 3339 3320 3446
f 3337 3339 3453
f 3453 3339 3446
f 3338 3337 3452
f 3452 3337 3453
f 720 3338 3452
f 4197 4198 558
f 3740 3739 4222
f 3780 4233 3782
f 574 4233 573
f 3810 3775 3774
f 3810 3774 3776
f 3816 3814 4232
f 573 3780 3779
f 569 3779 570
f 573 3779 569
f 4231 574 575
f 3741 3740 4216
f 3741 4216 4087
f 3782 4233 3784
f 3740 4222 4216
f 3739 3744 4217
f 3739 4217 4222
f 3744 3743 4220
f 3744 4220 4217
f 3743 3735 4226
f 3743 4226 4220
f 3735 3731 4225
f 3735 4225 4226
f 3731 3748 4225
f 3731 3733 3748
f 3750 3749 3829
f 4244 4242 556
f 4243 4239 4241
f 556 4242 547
f 4242 4238 547
f 4239 4240 4241
f 4238 4237 547
f 547 4237 548
f 1372 4228 1373
f 4228 4227 1373
f 4227 3750 1373
f 3750 3829 1373
f 4215 4230 4228
f 3776 4233 3810
f 573 4233 3780
f 3814 4233 4232
f 4231 4233 574
f 4232 4233 4236
f 4236 4233 4235
f 4235 4233 4234
f 4234 4233 4231
f 3812 4233 3814
f 3810 4233 3812
f 3784 4233 3776
f 4217 4220 4218
f 4088 4221 1375
f 4215 4221 4224
f 4224 4221 4223
f 4223 4221 4219
f 1375 4221 1374
f 4090 4221 4088
f 4092 4221 4090
f 4094 4221 4092
f 4097 4221 4094
f 4222 4221 4216
f 4217 4221 4222
f 4216 4221 4097
f 4217 4218 4219
f 4087 4216 4097
f 1374 4215 4214
f 1371 4214 1372
f 1374 4214 1371
f 4088 1375 1377
f 618 4213 4212
f 4212 4213 4201
f 588 4213 589
f 589 4213 618
f 3950 4213 588
f 4228 4229 4227
f 4226 4230 4219
f 4229 4230 4226
f 4228 4230 4229
f 4224 4230 4215
f 4223 4230 4224
f 4219 4230 4223
f 3761 4229 4225
f 4227 4229 3755
f 3755 4229 3757
f 3757 4229 3759
f 3759 4229 3761
f 4335 1091 1093
f 4225 4229 4226
f 4228 1372 4214
f 4228 4214 4215
f 3750 4227 3753
f 3753 4227 3755
f 4226 4219 4218
f 4226 4218 4220
f 3763 3761 4225
f 3763 4225 3748
f 4219 4221 4217
f 1374 4221 4215
f 4453 4450 4423
f 4124 4207 1112
f 4137 2971 4127
f 4127 2971 4207
f 4454 4453 3956
f 4454 4451 4449
f 4454 4452 4451
f 4454 4449 4453
f 4454 4455 4452
f 4454 3958 4455
f 4454 3956 3958
f 4453 4423 3956
f 4453 4449 4450
f 4124 4127 4207
f 4451 4445 4449
f 4451 4447 4445
f 4451 4448 4447
f 4451 4452 4448
f 4449 4445 4446
f 4449 4446 4450
f 4447 4441 4445
f 4447 4444 4443
f 4447 4443 4441
f 4447 4448 4444
f 4445 4441 4442
f 575 3017 4231
f 3815 3014 2991
f 3012 3014 4232
f 4232 3014 3816
f 3021 3012 4236
f 4236 3012 4232
f 3020 3021 4235
f 4235 3021 4236
f 3019 3020 4234
f 4234 3020 4235
f 3017 3019 4231
f 4231 3019 4234
f 4445 4442 4446
f 582 3017 575
f 2971 2979 4207
f 2979 3007 576
f 2979 576 4207
f 3007 3004 576
f 3004 577 576
f 2941 2971 4111
f 4111 2971 4120
f 4120 2971 4121
f 1184 4124 1112
f 4121 2971 4137
f 4419 4033 4416
f 4428 4425 4424
f 4428 4420 4422
f 4428 4422 4425
f 4424 4426 4427
f 4424 4425 4426
f 3956 4423 3960
f 4420 4421 4422
f 4419 4418 4030
f 4419 4414 4418
f 4419 4416 4415
f 4419 4415 4414
f 4429 4427 4430
f 4419 4030 4033
f 4418 4368 4040
f 4418 4370 4368
f 4418 4040 4030
f 4418 4414 4370
f 4415 4413 4412
f 4415 4411 4414
f 4415 4417 4413
f 4415 4416 4417
f 4415 4412 4411
f 4414 4411 4372
f 4437 4434 4438
f 4443 4440 4439
f 4443 4439 4437
f 4443 4437 4441
f 4443 4444 4440
f 4441 4437 4438
f 4441 4438 4442
f 4439 4436 4435
f 4439 4433 4437
f 4439 4435 4433
f 4439 4440 4436
f 4437 4433 4434
f 3816 3014 3815
f 4435 4431 4429
f 4435 4429 4433
f 4435 4432 4431
f 4435 4436 4432
f 4433 4429 4430
f 4433 4430 4434
f 4431 4424 4429
f 4431 4420 4428
f 4431 4428 4424
f 4431 4432 4420
f 4429 4424 4427
f 4473 361 4471
f 4481 4468 4469
f 4481 4480 4468
f 4481 4479 4480
f 4479 4478 4480
f 4479 4477 4478
f 4477 4476 4478
f 4477 4475 4476
f 4475 4473 4474
f 4475 4474 4476
f 4473 4471 4474
f 4473 4472 361
f 4482 4481 4469
f 4472 362 361
f 361 4470 4471
f 361 364 4470
f 4468 4466 4467
f 4468 4467 4469
f 4466 4464 4465
f 4466 4465 4467
f 4464 4462 4463
f 4464 4463 4465
f 4462 4461 4458
f 4462 4458 4463
f 571 3778 3777
f 4075 2121 2119
f 2919 4169 3747
f 2919 4172 4169
f 2919 4186 4172
f 2919 4179 4186
f 2919 4177 4179
f 2919 2892 4177
f 2919 2893 2892
f 4169 571 3747
f 571 3771 3747
f 571 3777 3771
f 4461 4459 3689
f 571 570 3778
f 2507 3705 4486
f 2507 4482 396
f 2507 4486 4482
f 3705 3711 4485
f 3705 4485 4486
f 3711 4484 4485
f 3711 4483 4484
f 3711 3713 4483
f 4482 4460 396
f 4482 4469 4460
f 3799 2955 3798
f 2802 2803 2509
f 2509 2803 2511
f 396 2802 2508
f 2508 2802 2509
f 2507 396 2508
f 2952 470 3796
f 2953 2952 3795
f 3795 2952 3796
f 2955 2953 3798
f 3798 2953 3795
f 2993 2955 3819
f 2511 2791 3185
f 3819 2955 3799
f 2994 2993 3819
f 2996 2994 3821
f 3821 2994 3819
f 2992 2996 3826
f 3826 2996 3821
f 2988 2992 3824
f 3824 2992 3826
f 2991 2988 3823
f 3823 2988 3824
f 3815 2991 3823
f 2795 2776 3177
f 4461 3689 4458
f 396 4457 394
f 396 4460 4457
f 4459 3690 3689
f 4458 3689 4456
f 394 4457 388
f 4457 315 388
f 3689 3694 4456
f 315 314 388
f 314 309 388
f 388 309 311
f 4414 4372 4370
f 2796 2795 3181
f 3181 2795 3177
f 2798 2796 3183
f 3183 2796 3181
f 2793 2798 3188
f 3188 2798 3183
f 2788 2793 3186
f 3186 2793 3188
f 2791 2788 3185
f 3185 2788 3186
f 2803 2791 2511
f 4352 4347 4351
f 4355 2863 2864
f 4355 2864 2865
f 4355 2865 2866
f 4355 4193 4192
f 4355 4192 4191
f 4355 4357 4353
f 4355 4356 4357
f 4355 4352 4356
f 4195 4194 4354
f 4354 4194 4353
f 4194 4193 4353
f 4355 4345 4346
f 4352 4346 4347
f 4191 4190 2863
f 4351 4347 4349
f 4190 2861 2862
f 4190 2862 2863
f 4348 2866 4350
f 2866 2867 4350
f 4350 2867 2868
f 2825 2824 2868
f 2868 2824 4350
f 4350 2824 4348
f 4352 4360 4361
f 4364 4359 4353
f 4364 4353 4357
f 4364 4357 4356
f 4364 4356 4352
f 4364 4366 4359
f 4364 4365 4366
f 4364 4361 4365
f 4349 4362 4351
f 4351 4360 4352
f 4351 4362 4360
f 4362 4363 4360
f 4349 4347 3144
f 4353 4358 4354
f 4353 4359 4358
f 4354 4358 4196
f 4354 4196 4195
f 4196 4358 4197
f 4358 4198 4197
f 4355 4353 4193
f 4355 4191 2863
f 4355 4346 4352
f 4355 2866 4348
f 4355 4348 4345
f 4342 1090 4332
f 2728 2761 4343
f 2761 4333 4343
f 2761 4341 4333
f 2761 4337 4341
f 2761 4336 4337
f 2761 4329 4336
f 2761 2741 4329
f 4333 4330 4343
f 4330 981 4343
f 4330 983 981
f 4342 4335 1093
f 2728 4343 4344
f 4342 1093 1100
f 4342 1100 1099
f 4342 1099 1090
f 4342 4340 4335
f 4342 4339 4340
f 4342 4332 4339
f 4143 4142 4334
f 4142 4141 4334
f 4334 1091 4335
f 4334 4141 1091
f 4141 1094 1091
f 4162 2762 4156
f 4349 3159 3161
f 4349 3162 3159
f 4349 3152 3162
f 4349 3144 3152
f 4348 2824 4345
f 4347 4346 2824
f 4347 2824 3144
f 4345 2824 4346
f 2762 2764 4156
f 4156 2764 4154
f 2775 2762 4162
f 4364 4352 4361
f 2774 2775 4161
f 4161 2775 4162
f 2773 2774 4160
f 4160 2774 4161
f 2769 2773 4160
f 2767 2769 4153
f 4153 2769 4160
f 3178 2767 4153
f 2732 2729 4344
f 2729 2726 4344
f 2726 2728 4344
f 4396 4384 4382
f 4400 4398 4397
f 4400 4396 4399
f 4400 4397 4396
f 4400 4401 4398
f 4399 4396 4382
f 4399 4382 4380
f 4397 4393 4396
f 4397 4395 4394
f 4397 4394 4393
f 4397 4398 4395
f 4396 4393 4384
f 4402 4380 4378
f 4394 4390 4393
f 4394 4387 4392
f 4394 4392 4390
f 4394 4395 4387
f 4393 4390 4386
f 4393 4386 4384
f 4392 4391 4390
f 4392 4387 4389
f 4392 4389 4391
f 4390 4344 4386
f 4390 4391 4344
f 4408 4376 4374
f 4412 4409 4411
f 4412 4410 4409
f 4412 4413 4410
f 4411 4409 4408
f 4411 4408 4374
f 4411 4374 4372
f 4409 4405 4408
f 4409 4406 4405
f 4409 4407 4406
f 4409 4410 4407
f 4408 4405 4376
f 4040 4368 4024
f 4406 4404 4403
f 4406 4403 4402
f 4406 4402 4405
f 4406 4407 4404
f 4405 4402 4378
f 4405 4378 4376
f 4403 4401 4400
f 4403 4400 4402
f 4403 4404 4401
f 4402 4399 4380
f 4402 4400 4399
f 4375 4373 4374
f 4343 4386 4344
f 4385 4383 4384
f 4385 4384 4386
f 4383 4381 4382
f 4383 4382 4384
f 4381 4379 4380
f 4381 4380 4382
f 4379 4377 4378
f 4379 4378 4380
f 4377 4375 4376
f 4377 4376 4378
f 4343 4385 4386
f 4375 4374 4376
f 4373 4371 4372
f 4373 4372 4374
f 4371 4369 4370
f 4371 4370 4372
f 4369 4367 4368
f 4369 4368 4370
f 4367 4024 4368
f 4367 4016 4024
f 2877 2849 2901
f 2901 2849 2861
f 4375 1049 1054
f 4387 4388 4389
f 4016 4367 1023
f 4367 4369 1024
f 4367 1024 1023
f 4369 4371 1062
f 4369 1062 1024
f 4371 4373 1057
f 4371 1057 1062
f 4373 4375 1054
f 4373 1054 1057
f 4375 4377 1049
f 6188 6189 6190
f 4377 4379 1045
f 4377 1045 1049
f 4379 4381 1042
f 4379 1042 1045
f 4381 4383 1037
f 4381 1037 1042
f 4383 4385 1033
f 4383 1033 1037
f 4385 4343 1029
f 4385 1029 1033
f 4343 981 1029
f 5905 5909 5906
f 5913 5915 5911
f 5911 5915 5914
f 5911 5914 5910
f 5910 5914 4626
f 4626 5914 4622
f 5907 5913 5911
f 5905 5913 5909
f 5909 5913 5908
f 5908 5913 5907
f 5912 5913 5905
f 5907 5911 5910
f 5907 5910 4626
f 5912 5916 5913
f 5906 5909 5908
f 5906 5908 5907
f 5903 5907 4630
f 5904 5907 5903
f 5906 5907 5904
f 4630 5907 4626
f 5899 5906 5904
f 5905 5906 5899
f 5899 5904 5903
f 5899 5903 5895
f 5895 5903 4634
f 5918 5921 5917
f 4618 5928 4621
f 5921 5927 5925
f 5923 5927 5922
f 5922 5927 5921
f 5919 5927 5923
f 5926 5927 5919
f 5921 5925 5924
f 5921 5924 4618
f 5920 5923 5922
f 5919 5923 5920
f 5920 5922 5921
f 4634 5903 4630
f 5920 5921 5918
f 5917 5921 4622
f 4622 5921 4618
f 5914 5920 5918
f 5912 5920 5916
f 5915 5920 5914
f 5916 5920 5915
f 5919 5920 5912
f 5914 5918 5917
f 5914 5917 4622
f 5913 5916 5915
f 5873 5874 5875
f 5828 5883 5827
f 5881 5882 5829
f 5829 5882 5828
f 5880 5881 5829
f 5879 5880 5829
f 5878 5879 5829
f 5877 5878 5829
f 5876 5877 5829
f 5874 5876 5831
f 5831 5876 5829
f 5875 5874 5831
f 5882 5883 5828
f 5868 5872 5871
f 5871 5872 4635
f 5830 5872 5868
f 4635 5872 5830
f 5867 5871 5870
f 5870 5871 4635
f 5868 5871 5867
f 5867 5870 5865
f 5865 5870 5869
f 5869 5870 4635
f 4633 5869 4635
f 5888 5893 5891
f 5896 5900 5897
f 5897 5900 5899
f 5902 5900 5896
f 5901 5900 5902
f 5899 5900 5901
f 5894 5897 5895
f 5895 5897 5899
f 5898 5897 5894
f 5896 5897 5898
f 5887 5895 4634
f 5894 5895 5887
f 5924 5928 4618
f 5892 5893 5888
f 5888 5891 5889
f 5888 5889 5890
f 5887 4634 4640
f 5886 4641 4639
f 5885 5886 5825
f 5825 5886 4639
f 5884 5885 5826
f 5826 5885 5825
f 5883 5884 5827
f 5827 5884 5826
f 5952 5960 5956
f 5954 5965 5962
f 5960 5962 5961
f 5892 5962 5964
f 5954 5962 5953
f 5888 5962 5892
f 5961 5962 5963
f 5963 5962 5888
f 5953 5962 5960
f 5956 5960 5958
f 5958 5960 5961
f 5953 5960 5952
f 5966 5965 5955
f 5952 5956 4632
f 4637 5956 5959
f 5959 5956 5957
f 5957 5956 5958
f 4632 5956 4637
f 5955 5954 5947
f 5949 5954 5953
f 5947 5954 5951
f 5951 5954 5950
f 5950 5954 5949
f 5949 5953 5952
f 5972 5902 5976
f 5981 4640 4642
f 5894 5887 5980
f 5980 5887 5981
f 5898 5894 5979
f 5979 5894 5980
f 5896 5898 5978
f 5978 5898 5979
f 5902 5896 5977
f 5977 5896 5978
f 5901 5902 5972
f 5974 5902 5977
f 5949 5952 4632
f 5976 5902 5975
f 5975 5902 5973
f 5973 5902 5974
f 5967 5901 5970
f 5970 5901 5971
f 5971 5901 5972
f 5967 5970 5968
f 5967 5968 5969
f 5962 5965 5964
f 5964 5965 5966
f 5955 5965 5954
f 5928 5934 5932
f 5933 5941 5937
f 5940 5941 5933
f 5935 5939 5938
f 5935 5938 4625
f 5934 5937 5936
f 5933 5937 5934
f 5932 5936 5935
f 5934 5936 5932
f 5932 5935 5931
f 5931 5935 4621
f 4621 5935 4625
f 5936 5941 5935
f 5930 5934 5929
f 5929 5934 5928
f 5926 5934 5930
f 5933 5934 5926
f 5928 5932 5931
f 5928 5931 4621
f 5927 5930 5929
f 5926 5930 5927
f 5927 5929 5928
f 5927 5928 5925
f 5925 5928 5924
f 5942 5946 5945
f 5948 5951 5950
f 5947 5951 5948
f 5948 5950 5949
f 5948 5949 5946
f 5946 5949 5945
f 5945 5949 4628
f 4628 5949 4632
f 5943 5948 5946
f 5944 5948 5943
f 5940 5948 5944
f 5947 5948 5940
f 5865 5869 4633
f 5943 5946 5942
f 5942 5945 4628
f 5941 5944 5943
f 5940 5944 5941
f 5939 5943 5942
f 5941 5943 5939
f 5939 5942 5938
f 5938 5942 4625
f 4625 5942 4628
f 5935 5941 5939
f 5937 5941 5936
f 5794 5797 5796
f 4696 5802 5801
f 5799 5802 4696
f 5801 5802 4698
f 4696 5801 4698
f 5796 5800 5799
f 4674 5800 5797
f 5797 5800 5796
f 4694 5799 5798
f 5798 5799 4696
f 5796 5799 4694
f 4694 5798 4696
f 4678 5803 4676
f 4674 5797 4672
f 4672 5797 5794
f 5794 5796 5793
f 5793 5796 4692
f 4692 5796 5795
f 5795 5796 4694
f 4692 5795 4694
f 4668 5794 5791
f 4670 5794 4668
f 4672 5794 4670
f 5790 5794 5793
f 4678 5806 5803
f 5809 4659 4651
f 5808 5809 5771
f 5771 5809 4651
f 5807 5808 5777
f 5777 5808 5771
f 4643 5807 5775
f 5775 5807 5777
f 4644 4643 5775
f 5805 5806 5774
f 5802 5806 5805
f 5803 5806 5802
f 5791 5794 5790
f 4688 5806 4678
f 5774 5806 4688
f 4700 5805 5774
f 4698 5805 5804
f 5802 5805 4698
f 5804 5805 4700
f 4698 5804 4700
f 5799 5803 5802
f 5800 5803 5799
f 4674 5803 5800
f 4676 5803 4674
f 5776 5780 4706
f 4664 5785 4662
f 5780 5784 5783
f 5781 5784 5780
f 5780 5783 4710
f 4710 5783 4714
f 5778 5782 5781
f 4660 5782 5779
f 5779 5782 5778
f 4662 5782 4660
f 5778 5781 5776
f 5776 5781 5780
f 5781 5785 5784
f 4706 5780 4710
f 5777 5779 5778
f 4660 5779 5771
f 5771 5779 5777
f 5775 5778 5776
f 5777 5778 5775
f 4644 5776 4706
f 5775 5776 4644
f 4700 5774 5773
f 4700 5773 5772
f 4700 5772 4702
f 4691 5789 4689
f 5790 5793 4689
f 4689 5793 5792
f 5792 5793 4692
f 4689 5792 4692
f 5787 5791 5790
f 5788 5791 5787
f 4666 5791 5788
f 4668 5791 4666
f 5787 5790 4691
f 4691 5790 5789
f 5789 5790 4689
f 5810 4636 4638
f 5784 5788 5787
f 5785 5788 5784
f 4664 5788 5785
f 4666 5788 4664
f 5786 5787 4691
f 5784 5787 5783
f 5783 5787 5786
f 5783 5786 4714
f 4714 5786 4691
f 4662 5785 5782
f 5782 5785 5781
f 5852 5853 4620
f 5858 5859 5854
f 5856 5857 4623
f 4620 5857 5856
f 4620 5856 4623
f 5850 5855 5851
f 5853 5855 4620
f 5849 5855 5853
f 5851 5855 5849
f 5854 5855 5850
f 5848 5853 5852
f 5849 5853 5848
f 5854 5859 5855
f 4619 5852 4620
f 5848 5852 4619
f 5844 5851 5849
f 5846 5851 5845
f 5845 5851 5844
f 5850 5851 5846
f 5844 5849 5848
f 4624 5848 5847
f 5843 5848 4624
f 5847 5848 4619
f 5844 5848 5843
f 4623 5862 5861
f 5863 5868 5867
f 5866 5868 5864
f 5864 5868 5863
f 5824 5868 5866
f 5830 5868 5824
f 5863 5867 5865
f 4629 5866 5864
f 5824 5866 4629
f 5863 5865 4633
f 4629 5864 5863
f 4629 5863 4633
f 4624 5847 4619
f 4629 5862 5823
f 5858 5862 5859
f 5861 5862 4629
f 5859 5862 4623
f 5823 5862 5858
f 5860 5861 4629
f 4623 5861 5860
f 4623 5860 4629
f 5857 5859 4623
f 4620 5859 5857
f 5855 5859 4620
f 5821 5822 5820
f 4636 5834 5833
f 4636 5833 5832
f 4636 5832 4631
f 4635 5831 5829
f 5830 5831 4635
f 4635 5829 5828
f 4635 5828 5827
f 4635 5827 5826
f 4635 5826 5825
f 4635 5825 4639
f 5823 5824 4629
f 5822 5834 4636
f 5813 5822 4636
f 5820 5822 5813
f 5819 5821 5820
f 5818 5819 5816
f 5816 5819 5820
f 5817 5818 5816
f 5815 5817 5816
f 5814 5815 5816
f 5812 5813 4636
f 5811 5812 4636
f 5811 4636 5810
f 5835 5841 5836
f 5841 5845 5839
f 5840 5845 5841
f 5846 5845 5840
f 5839 5845 5844
f 5838 5844 5843
f 5839 5844 5838
f 4627 5843 5842
f 5842 5843 4624
f 5838 5843 4627
f 4627 5842 4624
f 5836 5841 5834
f 5887 4640 5981
f 5834 5841 5839
f 5840 5841 5835
f 5833 5839 5838
f 5834 5839 5833
f 5832 5838 5837
f 5833 5838 5832
f 5837 5838 4627
f 5832 5837 4631
f 4631 5837 4627
f 5822 5836 5834
f 5835 5836 5822
f 6117 6118 6116
f 6126 6127 6128
f 6106 6127 6104
f 6104 6127 6103
f 6102 6126 5037
f 6103 6126 6102
f 6120 6125 6121
f 6124 6125 6120
f 6123 6124 6120
f 6120 6121 6122
f 6102 5037 4985
f 6116 6118 6114
f 6119 6118 6117
f 6103 6127 6126
f 6115 6116 6114
f 6113 6115 6114
f 6112 6113 6108
f 6108 6113 6114
f 6111 6112 6108
f 6110 6111 6108
f 6109 6110 6108
f 6107 6109 6108
f 6105 6107 6106
f 6106 6107 6108
f 38 6105 6104
f 5041 6134 5045
f 6135 6140 6134
f 6136 6140 6135
f 6139 6140 6132
f 6134 6138 6137
f 6134 6137 5045
f 6133 6136 6135
f 6132 6136 6133
f 6133 6135 6131
f 6131 6135 6134
f 6130 6134 5041
f 6131 6134 6130
f 6104 6105 6106
f 6128 6133 6131
f 6132 6133 6128
f 6128 6131 6130
f 6128 6130 6126
f 6126 6130 5037
f 5037 6130 5041
f 6106 6129 6127
f 6127 6129 6128
f 6114 6129 6108
f 6108 6129 6106
f 6128 6129 6114
f 6076 6085 6075
f 186 185 6022
f 6022 185 6021
f 4731 186 6022
f 6077 6087 6078
f 6018 6087 6089
f 6089 6087 6088
f 6088 6087 6077
f 6085 6087 6015
f 6015 6087 6018
f 6076 6087 6085
f 6078 6087 6076
f 6021 190 6023
f 6084 6085 6086
f 6086 6085 6015
f 6075 6085 6083
f 6083 6085 6084
f 6075 6083 6073
f 6079 6083 6081
f 6073 6083 6079
f 6081 6083 6082
f 6082 6083 6084
f 6073 6079 4777
f 4779 6079 6080
f 6095 6096 6027
f 36 38 6104
f 31 36 6103
f 6103 36 6104
f 34 31 6102
f 6102 31 6103
f 4985 34 6102
f 6098 6100 6030
f 6101 6100 6099
f 6099 6100 6098
f 6097 6098 6030
f 6096 6097 6030
f 6134 6140 6138
f 6027 6096 6030
f 6094 6095 6027
f 6093 6094 6027
f 6092 6093 6027
f 6091 6092 6027
f 6090 6091 6028
f 6028 6091 6027
f 192 6090 6023
f 6023 6090 6028
f 190 192 6023
f 185 190 6021
f 6166 6169 6165
f 6170 6175 6173
f 6171 6175 6170
f 6167 6175 6171
f 6174 6175 6167
f 6169 6173 6172
f 6170 6173 6169
f 6169 6172 5031
f 6168 6171 6170
f 6167 6171 6168
f 6166 6170 6169
f 6168 6170 6166
f 5031 6176 5033
f 6165 6169 5028
f 5028 6169 5031
f 6163 6168 6166
f 6164 6168 6163
f 6160 6168 6164
f 6167 6168 6160
f 6162 6166 6165
f 6163 6166 6162
f 6162 6165 5028
f 6161 6164 6163
f 6160 6164 6161
f 6181 6182 6183
f 5121 5122 5119
f 5020 6187 6186
f 6186 6187 6188
f 5015 5020 6186
f 6182 6184 6123
f 6174 6184 6175
f 6123 6184 6185
f 6185 6184 6174
f 6175 6184 6182
f 6175 6182 6180
f 6180 6182 6181
f 6159 6163 6162
f 6183 6182 6120
f 6120 6182 6123
f 6173 6180 6176
f 6175 6180 6173
f 6176 6180 6178
f 6178 6180 6181
f 6173 6176 6172
f 6172 6176 5031
f 5033 6176 6179
f 6179 6176 6177
f 6177 6176 6178
f 6143 6146 6142
f 6148 6151 5053
f 6146 6150 6149
f 6147 6150 6146
f 6145 6149 6148
f 6146 6149 6145
f 6145 6148 6144
f 6144 6148 5049
f 5049 6148 5053
f 6142 6146 6141
f 6147 6146 6139
f 6141 6146 6145
f 6148 6152 6151
f 6139 6146 6143
f 6141 6145 6144
f 6141 6144 5049
f 6140 6143 6142
f 6139 6143 6140
f 6138 6142 6141
f 6140 6142 6138
f 6137 6141 5045
f 6138 6141 6137
f 5045 6141 5049
f 6132 6140 6136
f 6153 6157 6156
f 6161 6163 6159
f 6159 6162 6158
f 6158 6162 5030
f 5030 6162 5028
f 6155 6161 6159
f 6157 6161 6156
f 6154 6161 6157
f 6156 6161 6155
f 6160 6161 6154
f 6155 6159 6158
f 6155 6158 5030
f 6080 6079 6081
f 6154 6157 6153
f 6152 6156 6155
f 6153 6156 6152
f 6152 6155 6151
f 6151 6155 5053
f 5053 6155 5030
f 6148 6153 6152
f 6150 6153 6149
f 6147 6153 6150
f 6154 6153 6147
f 6149 6153 6148
f 4785 6007 5982
f 6008 6011 6010
f 4757 6011 6006
f 4759 6011 4757
f 4761 6011 4759
f 6010 6011 4761
f 6005 6008 6004
f 6004 6008 6007
f 6006 6008 6005
f 6007 6008 5982
f 6009 6008 6010
f 5982 6008 6009
f 6006 6011 6008
f 4789 6007 4785
f 6004 6007 4789
f 4757 6006 6003
f 6003 6006 6005
f 6002 6005 6001
f 6001 6005 6004
f 6003 6005 6002
f 6001 6004 4793
f 4793 6004 4789
f 5999 6003 6002
f 6000 6003 5999
f 4731 6020 4783
f 6030 6029 6027
f 6025 6029 6030
f 6024 6026 6025
f 6028 6026 6023
f 6027 6026 6028
f 6023 6026 6024
f 6021 6024 6020
f 6020 6024 6025
f 6023 6024 6021
f 6022 6020 4731
f 6021 6020 6022
f 4753 6003 6000
f 6015 6019 6016
f 6018 6019 6015
f 6015 6016 6017
f 6014 4733 4735
f 6013 6014 5982
f 5982 6014 4735
f 6012 6013 6009
f 6009 6013 5982
f 4765 6012 6010
f 6010 6012 6009
f 4761 4765 6010
f 5986 5990 5984
f 5991 5994 5990
f 4749 5994 4747
f 5990 5993 5989
f 5989 5993 5992
f 5989 5992 4778
f 4778 5992 4775
f 5987 5991 5986
f 5986 5991 5990
f 4745 5991 5987
f 4747 5991 4745
f 5984 5990 5989
f 5990 5994 5993
f 5984 5989 4780
f 4780 5989 4778
f 5985 5987 5986
f 4744 5987 5988
f 5988 5987 5985
f 4745 5987 4744
f 5983 5986 5984
f 5985 5986 5983
f 4781 5984 4780
f 5983 5984 4781
f 4785 5982 4735
f 5995 5998 4801
f 4755 6003 4753
f 4757 6003 4755
f 5998 6002 6001
f 5999 6002 5998
f 5998 6001 4797
f 4797 6001 4793
f 5996 6000 5999
f 5997 6000 5996
f 4751 6000 5997
f 4753 6000 4751
f 5996 5999 5998
f 6026 6029 6025
f 5996 5998 5995
f 4801 5998 4797
f 5993 5997 5996
f 5994 5997 5993
f 4749 5997 5994
f 4751 5997 4749
f 5992 5996 5995
f 5993 5996 5992
f 5992 5995 4775
f 4775 5995 4801
f 4747 5994 5991
f 6058 6060 4776
f 6062 6066 6063
f 6061 6065 6064
f 6063 6065 6061
f 6061 6064 6060
f 6060 6064 4776
f 4776 6064 4774
f 6058 6063 6061
f 6056 6063 6059
f 6059 6063 6058
f 6062 6063 6056
f 6058 6061 6060
f 6063 6066 6065
f 6057 6059 6058
f 6056 6059 6057
f 6057 6058 6055
f 6055 6058 6054
f 6054 6058 4799
f 4799 6058 4776
f 6051 6057 6055
f 6053 6057 6052
f 6050 6057 6053
f 6052 6057 6051
f 6056 6057 6050
f 6068 6072 6071
f 4777 6079 4779
f 6074 6078 6076
f 6069 6078 6074
f 6077 6078 6069
f 6071 6076 6075
f 6074 6076 6072
f 6072 6076 6071
f 6071 6075 6073
f 6070 6074 6072
f 6069 6074 6070
f 6071 6073 4777
f 6051 6055 6054
f 6070 6072 6068
f 6068 6071 6067
f 6067 6071 4774
f 4774 6071 4777
f 6064 6070 6068
f 6066 6070 6065
f 6065 6070 6064
f 6062 6070 6066
f 6069 6070 6062
f 6064 6068 6067
f 6064 6067 4774
f 6033 6037 6032
f 6037 6043 6041
f 6038 6043 6037
f 6042 6043 6034
f 6037 6041 6036
f 6036 6041 6040
f 6036 6040 6039
f 6036 6039 4791
f 6035 6038 6033
f 6034 6038 6035
f 6033 6038 6037
f 6032 6037 6036
f 6034 6043 6038
f 6031 6036 4787
f 6032 6036 6031
f 4787 6036 4791
f 6025 6035 6033
f 6034 6035 6025
f 6025 6033 6032
f 6025 6032 6031
f 6025 6031 6020
f 6020 6031 4783
f 4783 6031 4787
f 6027 6029 6026
f 6044 6049 6048
f 6051 6054 4799
f 6049 6053 6052
f 6050 6053 6049
f 6048 6052 6051
f 6049 6052 6048
f 6048 6051 6047
f 6047 6051 4795
f 4795 6051 4799
f 6050 6049 6042
f 6042 6049 6046
f 6046 6049 6045
f 5123 5122 5121
f 6045 6049 6044
f 6044 6048 6047
f 6044 6047 4795
f 6042 6046 6043
f 6043 6046 6045
f 6041 6045 6040
f 6040 6045 6044
f 6043 6045 6041
f 6040 6044 6039
f 6039 6044 4791
f 4791 6044 4795
f 5330 5331 5327
f 5334 5331 5330
f 5334 5332 5333
f 5334 5329 5332
f 5334 5330 5329
f 5334 5335 5331
f 5334 5309 5335
f 5332 5329 5333
f 5330 5326 5325
f 5330 5325 5328
f 5330 5327 5326
f 5330 5328 5329
f 5336 5333 5310
f 5328 5325 5329
f 5326 5324 5325
f 5326 5321 5324
f 5326 5322 5321
f 5326 5323 5322
f 5326 5327 5323
f 5324 5321 5325
f 5322 5319 5318
f 5322 5318 5316
f 5322 5320 5321
f 5322 5316 5320
f 5341 5311 5312
f 5346 5352 5353
f 5346 5351 5352
f 5346 5350 5351
f 5346 5349 5350
f 5346 5348 5349
f 5346 5347 5348
f 5342 5344 5345
f 5342 5343 5344
f 5341 5340 5314
f 5341 5312 5340
f 5341 5314 5311
f 5322 5323 5319
f 5340 5312 5314
f 5339 5338 5312
f 5339 5310 5338
f 5339 5312 5308
f 5339 5308 5310
f 5338 5310 5312
f 5337 5336 5310
f 5337 5333 5336
f 5337 5334 5333
f 5337 5310 5309
f 5337 5309 5334
f 5281 5282 5283
f 5293 5264 5266
f 5291 5292 5282
f 5282 5292 5290
f 5289 5291 5282
f 5282 5290 5287
f 5288 5289 5282
f 5282 5287 5286
f 5282 5286 5285
f 5280 5282 5281
f 5284 5282 5285
f 5283 5282 5284
f 5294 5295 5293
f 5278 5280 5279
f 5279 5280 5281
f 5276 5278 5277
f 5277 5278 5279
f 5274 5276 5275
f 5275 5276 5277
f 5272 5274 5273
f 5273 5274 5275
f 5270 5272 5271
f 5271 5272 5273
f 5268 5270 5269
f 5308 5309 5310
f 5320 5316 5317
f 5320 5317 5321
f 5318 5306 5316
f 5318 5302 5306
f 5318 5303 5302
f 5318 5319 5303
f 5316 5306 5307
f 5316 5307 5317
f 5313 5311 5314
f 5313 5314 5315
f 5311 5308 5312
f 5346 5353 5354
f 5307 5306 5305
f 5306 5302 5305
f 5302 5304 5305
f 5302 5303 5304
f 5301 5300 5293
f 5301 5293 5266
f 5300 5299 5293
f 5299 5298 5293
f 5298 5297 5293
f 5297 5296 5293
f 5296 5294 5293
f 5424 5425 5426
f 5433 5435 5434
f 5434 5435 5436
f 5431 5433 5432
f 5432 5433 5434
f 5429 5431 5430
f 5430 5431 5432
f 5427 5429 5428
f 5428 5429 5430
f 5425 5427 5426
f 5426 5427 5428
f 5423 5425 5424
f 5436 5437 5438
f 5420 5423 5421
f 5421 5423 5424
f 5422 5420 5419
f 5419 5420 5421
f 5418 5400 5414
f 5396 5416 5417
f 5397 5416 5396
f 5415 5416 5397
f 5399 5414 5400
f 5412 5411 5410
f 5412 5410 5413
f 5449 5450 5448
f 5462 5461 5460
f 5461 5457 5460
f 5457 5459 5460
f 5457 5458 5459
f 5456 5455 5448
f 5456 5448 5419
f 5455 5454 5448
f 5454 5453 5448
f 5453 5452 5448
f 5452 5451 5448
f 5451 5449 5448
f 5411 5409 5410
f 5448 5422 5419
f 5446 5447 5437
f 5437 5447 5445
f 5444 5446 5437
f 5437 5445 5442
f 5443 5444 5437
f 5437 5442 5441
f 5437 5441 5440
f 5435 5437 5436
f 5439 5437 5440
f 5438 5437 5439
f 5366 5367 5368
f 5381 5370 5380
f 5380 5370 5379
f 5379 5370 5378
f 5370 5377 5378
f 5370 5376 5377
f 5370 5375 5376
f 5370 5374 5375
f 5370 5373 5374
f 5370 5372 5373
f 5370 5371 5372
f 5369 5366 5368
f 5382 5383 5381
f 5365 5356 5364
f 5365 5363 5356
f 5364 5356 5361
f 5363 5360 5356
f 5361 5356 5362
f 5360 5359 5356
f 5359 5357 5356
f 5356 5355 5346
f 5356 5358 5355
f 5356 5357 5358
f 5355 5347 5346
f 5397 5396 5395
f 5410 5409 5408
f 5409 5407 5408
f 5408 5407 5406
f 5407 5405 5406
f 5406 5405 5404
f 5405 5403 5404
f 5404 5403 5402
f 5403 5401 5402
f 5401 5399 5398
f 5401 5398 5402
f 5398 5399 5400
f 5269 5270 5271
f 5396 5393 5395
f 5393 5394 5395
f 5390 5391 5392
f 5390 232 5391
f 5389 5388 5381
f 5389 5381 5380
f 5388 5387 5381
f 5387 5386 5381
f 5386 5385 5381
f 5385 5384 5381
f 5384 5382 5381
f 5154 5155 5153
f 5169 5168 5165
f 5168 5164 5165
f 5166 5167 5162
f 5165 5164 5161
f 5164 5160 5161
f 5162 5163 5158
f 5161 5160 5157
f 5160 5156 5157
f 5158 5159 5154
f 5157 5156 5152
f 5156 5150 5152
f 5170 5168 5169
f 5150 5153 5151
f 5150 5151 5152
f 5149 5122 5120
f 5149 5120 5148
f 5149 5148 5122
f 5148 5119 5122
f 5148 5120 5119
f 5147 5118 5146
f 5147 5146 5120
f 5147 5120 5118
f 5146 5117 5120
f 5180 5178 5175
f 5188 5192 5193
f 5188 5191 5192
f 5188 5190 5191
f 5188 5189 5190
f 5187 5175 5186
f 5187 5185 5175
f 5186 5175 5183
f 5185 5182 5175
f 5183 5175 5184
f 5182 5181 5175
f 5181 5180 5175
f 5146 5118 5117
f 5175 5179 5176
f 5175 5178 5179
f 5175 5176 5177
f 5155 5151 5153
f 5159 5155 5154
f 5163 5159 5158
f 5167 5163 5162
f 5173 5171 5172
f 5173 5174 5171
f 5172 5171 5166
f 5171 5167 5166
f 5130 5128 5131
f 5136 5135 5132
f 5136 5132 5133
f 5136 5133 5110
f 5134 5131 5132
f 5134 5132 5135
f 5134 5135 5131
f 5132 5128 5129
f 5132 5131 5128
f 5132 5129 5133
f 5130 5126 5124
f 5130 5127 5126
f 5136 5110 5109
f 5130 5124 5128
f 5130 5131 5127
f 5128 5124 5125
f 5128 5125 5129
f 5126 5064 5124
f 5126 5067 5065
f 5126 5065 5064
f 5126 5127 5067
f 5124 5064 5063
f 5124 5063 5125
f 4651 4660 5771
f 5141 5112 5140
f 5145 5116 5144
f 5145 5144 5118
f 5145 5118 5116
f 5144 5115 5118
f 5144 5116 5115
f 5143 5114 5142
f 5143 5142 5116
f 5143 5116 5114
f 5142 5113 5116
f 5142 5114 5113
f 5141 5140 5114
f 5188 5193 5194
f 5141 5114 5112
f 5140 5111 5114
f 5140 5112 5111
f 5139 5109 5138
f 5139 5138 5112
f 5139 5112 5109
f 5138 5108 5112
f 5138 5109 5108
f 5137 5136 5109
f 5137 5135 5136
f 5137 5109 5135
f 5251 5218 5250
f 5255 5222 5254
f 5255 5224 5221
f 5255 5221 5222
f 5254 5222 5224
f 5253 5222 5219
f 5253 5219 5220
f 5253 5220 5252
f 5253 5252 5222
f 5252 5220 5222
f 5251 5216 5218
f 5251 5220 5216
f 5255 5254 5224
f 5251 5250 5220
f 5250 5218 5220
f 5249 5247 5246
f 5249 5245 5248
f 5249 5218 5217
f 5249 5248 5218
f 5249 5246 5245
f 5249 5217 5247
f 5248 5245 5218
f 5246 5243 5242
f 5246 5242 5241
f 5261 5228 5260
f 5265 5268 5267
f 5267 5268 5269
f 5266 5265 5267
f 5264 5265 5266
f 5233 5235 5263
f 5235 5239 5262
f 5235 5262 5263
f 5239 5238 5262
f 5261 5230 5227
f 5261 5227 5228
f 5261 5260 5230
f 5246 5244 5245
f 5260 5228 5230
f 5259 5258 5228
f 5259 5226 5258
f 5259 5228 5225
f 5259 5225 5226
f 5258 5226 5228
f 5257 5256 5226
f 5257 5224 5256
f 5257 5226 5223
f 5257 5223 5224
f 5256 5224 5226
f 5206 5205 5204
f 5176 5215 5177
f 5177 5215 5214
f 5215 5213 5214
f 5214 5213 5212
f 5213 5211 5212
f 5212 5211 5210
f 5211 5209 5210
f 5210 5209 5208
f 5209 5207 5208
f 5208 5207 5206
f 5207 5205 5206
f 5216 5217 5218
f 5205 5203 5204
f 5204 5203 5202
f 5203 5201 5202
f 5202 5201 5200
f 5201 5199 5200
f 5200 5199 5198
f 5199 5197 5198
f 5197 5196 5188
f 5197 5188 5198
f 5196 5195 5188
f 5195 5189 5188
f 5236 5239 5235
f 5246 5241 5244
f 5246 5247 5243
f 5244 5241 5245
f 5242 5236 5232
f 5242 5237 5236
f 5242 5240 5241
f 5242 5232 5240
f 5242 5243 5237
f 5240 5232 5234
f 5240 5234 5241
f 5236 5235 5232
f 5770 4647 5705
f 5236 5238 5239
f 5236 5237 5238
f 5232 5235 5233
f 5232 5233 5234
f 5229 5227 5230
f 5229 5230 5231
f 5227 5225 5228
f 5225 5223 5226
f 5223 5221 5224
f 5221 5219 5222
f 5219 5216 5220
f 5700 5701 4704
f 5701 5711 5710
f 5710 5711 5712
f 5701 5710 4703
f 5706 5709 5707
f 5706 5707 5708
f 4708 5705 4648
f 5701 4703 4704
f 5699 5701 5697
f 5697 5701 5704
f 5704 5701 5703
f 5703 5701 5702
f 5702 5701 5700
f 5711 5713 5712
f 5698 5699 5697
f 5696 5698 5697
f 5695 5696 5692
f 5692 5696 5697
f 5694 5695 5692
f 5693 5694 5692
f 5691 5693 5692
f 5690 5691 5692
f 5686 5688 5689
f 5686 5687 5688
f 5685 5684 5677
f 5717 5719 5712
f 5717 5724 5723
f 5722 5724 5717
f 5721 5723 5722
f 5717 5723 5721
f 5720 5721 5722
f 5717 5721 5720
f 5715 5720 4701
f 4701 5720 4699
f 5717 5720 5715
f 5718 5719 5717
f 5712 5719 5718
f 5685 5677 5676
f 5712 5718 5716
f 5716 5718 5717
f 5712 5716 5715
f 5715 5716 5717
f 4703 5715 4701
f 5710 5715 4703
f 5712 5715 5710
f 5701 5714 5713
f 5713 5714 5712
f 5712 5714 5701
f 5701 5713 5711
f 5638 5641 5642
f 5653 5647 5654
f 5652 5651 5647
f 5651 5650 5647
f 5650 5649 5647
f 5647 5639 5638
f 5647 5649 5648
f 5647 5648 5639
f 5638 5645 5646
f 5638 5644 5645
f 5638 5643 5644
f 5638 5642 5643
f 5655 5652 5647
f 5638 5640 5641
f 5638 5639 5640
f 5634 5636 5637
f 5634 5635 5636
f 5633 5632 5627
f 5633 5614 5624
f 5633 5627 5614
f 5632 5631 5627
f 5631 5630 5627
f 5630 5629 5627
f 5629 5628 5627
f 5666 5671 5672
f 5684 5683 5677
f 5683 5682 5677
f 5682 5681 5677
f 5681 5680 5677
f 5680 5678 5677
f 5678 5679 5677
f 5677 5666 5676
f 5676 5666 5675
f 5675 5666 5674
f 5674 5666 5673
f 5666 5672 5673
f 5723 5724 5722
f 5666 5670 5671
f 5666 5669 5670
f 5666 5668 5669
f 5666 5667 5668
f 5662 5664 5665
f 5662 5663 5664
f 5658 5660 5661
f 5658 5659 5660
f 5657 5647 5656
f 5657 5655 5647
f 5656 5647 5653
f 4708 5755 5705
f 5752 5759 5751
f 5753 5759 5752
f 5708 5759 5706
f 5751 5759 5757
f 5750 5757 5755
f 5755 5757 5756
f 5751 5757 5750
f 5758 5757 5708
f 5756 5757 5758
f 5750 5755 4712
f 4712 5755 4708
f 5757 5759 5708
f 5705 5755 5756
f 5748 5754 5752
f 5752 5754 5753
f 5753 5754 5748
f 5748 5752 5751
f 5748 5751 5746
f 5745 5751 5750
f 5746 5751 5745
f 5745 5750 4716
f 4716 5750 4712
f 5743 5749 5747
f 5768 208 5707
f 5463 5464 5465
f 5705 4647 4648
f 5769 5770 5756
f 5756 5770 5705
f 214 5769 5758
f 5758 5769 5756
f 212 214 5758
f 207 212 5708
f 5708 212 5758
f 208 207 5707
f 5707 207 5708
f 5747 5749 5748
f 5767 5768 5707
f 5766 5767 5707
f 5765 5766 5707
f 5764 5765 5707
f 5762 5764 5709
f 5709 5764 5707
f 5763 5762 5709
f 5761 5762 5763
f 5753 5760 5759
f 5759 5760 5706
f 5706 5760 5753
f 5727 5730 5725
f 5732 5735 5730
f 4695 5735 4693
f 5730 5735 4695
f 5727 5734 5733
f 5733 5734 5732
f 5732 5734 5727
f 5727 5733 5731
f 5731 5733 5732
f 5727 5731 5730
f 5730 5731 5732
f 5725 5730 4695
f 5732 5736 5735
f 5722 5729 5728
f 5728 5729 5727
f 5727 5729 5722
f 5722 5728 5726
f 5726 5728 5727
f 5722 5726 5725
f 5725 5726 5727
f 5720 5725 4699
f 5722 5725 5720
f 4697 5725 4695
f 4699 5725 4697
f 5738 5742 5741
f 5748 5749 5743
f 5743 5747 5746
f 5746 5747 5748
f 5740 5746 5745
f 5743 5746 5741
f 5741 5746 5740
f 5740 5745 4690
f 4690 5745 4716
f 5738 5744 5742
f 5742 5744 5743
f 5743 5744 5738
f 5466 5463 5467
f 5741 5742 5743
f 5736 5741 5735
f 5735 5741 5740
f 5738 5741 5736
f 5735 5740 4693
f 4693 5740 4690
f 5732 5739 5737
f 5737 5739 5738
f 5738 5739 5732
f 5732 5737 5736
f 5736 5737 5738
f 5508 5497 5505
f 5519 5518 5510
f 5519 5510 5520
f 5518 5517 5510
f 5517 5511 5510
f 5510 5515 5516
f 5510 5514 5515
f 5510 5513 5514
f 5510 5512 5513
f 5510 5511 5512
f 5509 5497 5508
f 5509 5507 5497
f 5521 5519 5520
f 5507 5504 5497
f 5505 5497 5506
f 5504 5503 5497
f 5503 5502 5497
f 5502 5498 5497
f 5497 5500 5501
f 5497 5499 5500
f 5497 5498 5499
f 5496 5495 5469
f 5496 5467 5495
f 5496 5469 5466
f 5533 5531 5532
f 5547 5545 5548
f 5545 5543 5546
f 5543 5541 5544
f 5541 5538 5542
f 5538 5539 5540
f 5500 5537 5501
f 5501 5537 5536
f 5537 5535 5536
f 5536 5535 5534
f 5535 5533 5534
f 5534 5533 5532
f 5496 5466 5467
f 5532 5531 5530
f 5531 5529 5530
f 5530 5529 5528
f 5529 5527 5528
f 5528 5527 5526
f 5527 5525 5526
f 5526 5525 5524
f 5525 5523 5524
f 5524 5523 5522
f 5523 5521 5522
f 5522 5521 5520
f 5477 5478 5479
f 5483 5481 5484
f 5482 5480 5481
f 5482 5476 5480
f 5482 5477 5476
f 5482 5478 5477
f 5480 5476 5481
f 5477 5474 5473
f 5477 5473 5471
f 5477 5475 5476
f 5477 5471 5475
f 5477 5479 5474
f 5485 5486 5487
f 5475 5471 5472
f 5475 5472 5476
f 5473 5461 5471
f 5473 5458 5457
f 5473 5457 5461
f 5473 5474 5458
f 5471 5461 5462
f 5471 5462 5472
f 5468 5466 5469
f 5468 5469 5470
f 5628 5625 5627
f 5492 5464 5486
f 5495 5467 5469
f 5494 5493 5467
f 5494 5465 5493
f 5494 5467 5463
f 5494 5463 5465
f 5493 5465 5467
f 5492 5491 5465
f 5492 5489 5491
f 5492 5465 5464
f 5492 5490 5489
f 5492 5486 5490
f 5625 5626 5627
f 5491 5489 5465
f 5490 5485 5484
f 5490 5486 5485
f 5490 5484 5488
f 5490 5488 5489
f 5488 5484 5489
f 5485 5481 5483
f 5485 5483 5484
f 5485 5482 5481
f 5485 5478 5482
f 5485 5487 5478
f 5561 5560 5584
f 5590 5596 5597
f 5590 5595 5596
f 5590 5594 5595
f 5590 5593 5594
f 5590 5592 5593
f 5590 5591 5592
f 5589 5586 5588
f 5586 5587 5588
f 5555 5557 5585
f 5557 5561 5584
f 5557 5584 5585
f 5590 5597 5598
f 5583 5552 5549
f 5583 5549 5550
f 5583 5582 5552
f 5583 5550 5582
f 5582 5550 5552
f 5581 5580 5550
f 5581 5548 5580
f 5581 5550 5547
f 5581 5547 5548
f 5580 5548 5550
f 5579 5578 5548
f 5610 5611 5612
f 5549 5547 5550
f 5624 5614 5623
f 5623 5614 5622
f 5622 5614 5621
f 5614 5620 5621
f 5614 5619 5620
f 5614 5618 5619
f 5614 5617 5618
f 5614 5616 5617
f 5614 5615 5616
f 5613 5610 5612
f 5551 5552 5553
f 5609 5600 5608
f 5609 5607 5600
f 5608 5600 5605
f 5607 5604 5600
f 5605 5600 5606
f 5604 5603 5600
f 5603 5602 5600
f 5602 5601 5600
f 5600 5599 5590
f 5600 5601 5599
f 5599 5591 5590
f 5564 5566 5559
f 5571 5568 5570
f 5571 5539 5565
f 5570 5568 5540
f 5569 5565 5564
f 5569 5564 5563
f 5569 5567 5568
f 5569 5563 5567
f 5567 5563 5568
f 5564 5558 5554
f 5564 5559 5558
f 5564 5562 5563
f 5564 5554 5562
f 5579 5548 5545
f 5564 5565 5566
f 5562 5554 5556
f 5562 5556 5563
f 5558 5557 5554
f 5558 5561 5557
f 5558 5560 5561
f 5558 5559 5560
f 5554 5557 5555
f 5554 5555 5556
f 5551 5549 5552
f 5579 5546 5578
f 5571 5540 5539
f 5571 5569 5568
f 5579 5545 5546
f 5578 5546 5548
f 5577 5576 5546
f 5577 5544 5576
f 5577 5546 5543
f 5577 5543 5544
f 5576 5544 5546
f 5575 5544 5541
f 5575 5541 5542
f 5575 5574 5544
f 5575 5542 5574
f 5571 5570 5540
f 5571 5565 5569
f 5572 5540 5542
f 5573 5540 5572
f 5573 5572 5542
f 5573 5542 5538
f 5573 5538 5540
f 5574 5542 5544
f 4971 4980 4976
f 4976 4981 4971

