# https://github.com/mikedh/trimesh
v 41.80257416 3.18387485 39.82723236
v 41.81010818 3.26339626 39.77565002
v 41.80310059 3.21401405 39.75148010
v 41.82905579 3.31013680 39.79863739
v 41.80923462 3.21416497 39.98841476
v 41.80224991 3.16541219 39.90711975
v 41.80214310 3.15925789 39.98841476
v 41.82823563 3.26616526 39.98841476
v 42.05253601 3.41811514 39.90185165
v 41.99797821 3.42896485 39.85809708
v 41.94560623 3.41284943 39.84978104
v 42.05306244 3.43430090 39.86117172
v 41.94475937 3.38067508 39.98841476
v 42.05221176 3.40819979 39.94475555
v 41.99708557 3.39876485 39.98841476
v 42.05210495 3.40489483 39.98841476
v 41.87723923 3.34989119 39.87968063
v 41.85901642 3.35193825 39.81930161
v 41.89850998 3.38674617 39.83663559
v 41.87696838 3.33742476 39.93339539
v 41.85821152 3.31270885 39.98841476
v 41.89770126 3.35151315 39.98841476
v 41.80310059 3.21401572 43.36257172
v 41.81122208 3.32617664 43.29336548
v 41.80432892 3.28436065 43.25751114
v 41.83010101 3.36571598 43.32744980
v 41.80915451 3.20971537 43.60841370
v 41.80232620 3.16961026 43.48284912
v 41.80206680 3.15480828 43.60841370
v 41.82815552 3.26171565 43.60841370
v 42.05306244 3.43224192 43.47638702
v 41.99912643 3.46574163 43.41548538
v 41.94668198 3.45230579 43.40321732
v 42.05429077 3.47001958 43.41996765
v 41.99700546 3.39431524 43.60841370
v 42.05228806 3.40839434 43.54098129
v 41.94468307 3.37622571 43.60841370
v 42.05202866 3.40044522 43.60841370
v 41.87766647 3.36878514 43.44290924
v 41.86003113 3.40102887 43.35808563
v 41.89953995 3.43037462 43.38376236
v 41.87702179 3.33901882 43.52317810
v 41.85813522 3.30825925 43.60841370
v 41.89762115 3.34706354 43.60841370
v 39.57375717 3.21401572 49.28322983
v 39.50454712 3.32617664 49.27510834
v 39.46869659 3.28436065 49.28200150
v 39.53863144 3.36571598 49.25622940
v 39.81959915 3.20971537 49.27717209
v 39.69403076 3.16961026 49.28400421
v 39.81959915 3.15480828 49.28426361
v 39.81959915 3.26171565 49.25817490
v 39.68757248 3.43224192 49.03326797
v 39.62667084 3.46574163 49.08720398
v 39.61440277 3.45230579 49.13964844
v 39.63114929 3.47001958 49.03203964
v 39.81959915 3.39431524 49.08932495
v 39.75216293 3.40839434 49.03404236
v 39.81959915 3.37622571 49.14164734
v 39.81959915 3.40044522 49.03430176
v 39.65409470 3.36878514 49.20866394
v 39.56927109 3.40102887 49.22629929
v 39.59494781 3.43037462 49.18679047
v 39.73435974 3.33901882 49.20930862
v 39.81959915 3.30825925 49.22819519
v 39.81959915 3.34706354 49.18870926
v 36.44464111 3.21805739 34.30845261
v 36.51373672 3.32984662 34.31656647
v 36.54948425 3.28794265 34.30967331
v 36.47975159 3.36946964 34.33544540
v 36.19960022 3.21416497 34.31451416
v 36.32473755 3.17395782 34.30768204
v 36.19960022 3.15925789 34.30742645
v 36.19960022 3.26616526 34.33351517
v 36.33119583 3.43647242 34.55841446
v 36.39196777 3.46971345 34.50447083
v 36.40420151 3.45624661 34.45202637
v 36.38750076 3.47400331 34.55963516
v 36.19960022 3.39876485 34.50236511
v 36.26680374 3.41278911 34.55764389
v 36.19960022 3.38067508 34.45004272
v 36.19960022 3.40489483 34.55738831
v 36.36457062 3.37296033 34.38302231
v 36.44920349 3.40485787 34.36537933
v 36.42359924 3.43426681 34.40488815
v 36.28454208 3.34339643 34.38238144
v 36.19960022 3.31270885 34.36349487
v 36.19960022 3.35151315 34.40298080
v 15.31676960 3.21401572 43.36257172
v 15.32489109 3.32617664 43.29336548
v 15.31799793 3.28436065 43.25751114
v 15.34377003 3.36571598 43.32744980
v 15.32282543 3.20971537 43.60841370
v 15.31599426 3.16961026 43.48284912
v 15.31573582 3.15480828 43.60841370
v 15.34182549 3.26171565 43.60841370
v 15.56673145 3.43224192 43.47638702
v 15.56795979 3.47001958 43.41996765
v 15.51279449 3.46574163 43.41548538
v 15.46035004 3.45230579 43.40321732
v 15.51067543 3.39431524 43.60841370
v 15.56595612 3.40839434 43.54098129
v 15.45835209 3.37622571 43.60841370
v 15.56569862 3.40044522 43.60841370
v 15.39133644 3.36878514 43.44290924
v 15.41321087 3.43037462 43.38376236
v 15.37370110 3.40102887 43.35808563
v 15.39069271 3.33901882 43.52317810
v 15.37180424 3.30825925 43.60841370
v 15.41129208 3.34706354 43.60841370
v 15.31624317 3.18387485 39.82723236
v 15.32377625 3.26339626 39.77565002
v 15.31676960 3.21401405 39.75148010
v 15.34272480 3.31013680 39.79863739
v 15.32290363 3.21416497 39.98841476
v 15.31592178 3.16541219 39.90711975
v 15.31581402 3.15925789 39.98841476
v 15.34190369 3.26616526 39.98841476
v 15.56620598 3.41811514 39.90185165
v 15.56673145 3.43430090 39.86117172
v 15.51164913 3.42896485 39.85809708
v 15.45927429 3.41284943 39.84978104
v 15.45842934 3.38067508 39.98841476
v 15.56588364 3.40819979 39.94475555
v 15.51075363 3.39876485 39.98841476
v 15.56577587 3.40489483 39.98841476
v 15.39090919 3.34989119 39.87968063
v 15.41218090 3.38674617 39.83663559
v 15.37268448 3.35193825 39.81930161
v 15.39063931 3.33742476 39.93339539
v 15.37188244 3.31270885 39.98841476
v 15.41136932 3.35151315 39.98841476
v 24.77713013 3.17915845 34.30777359
v 24.82848358 3.25841904 34.31530380
v 24.85253143 3.20897746 34.30829620
v 24.80561638 3.30521607 34.33425140
v 24.61680222 3.20971537 34.31443787
v 24.69765663 3.16089582 34.30745697
v 24.61680222 3.15480828 34.30735016
v 24.61680222 3.26171565 34.33343887
v 24.70290375 3.41352224 34.55773544
v 24.74645805 3.42419171 34.50317383
v 24.75473022 3.40805507 34.45080185
v 24.74339867 3.42953610 34.55825806
v 24.61680222 3.37622571 34.44996262
v 24.66022491 3.40371442 34.55741882
v 24.61680222 3.39431524 34.50228882
v 24.61680222 3.40044522 34.55731201
v 24.72496033 3.34526110 34.38243866
v 24.78505516 3.34706831 34.36421204
v 24.76781082 3.38191891 34.40370560
v 24.67152405 3.33292890 34.38217545
v 24.61680222 3.30825925 34.36341858
v 24.61680222 3.34706354 34.40290451
v 21.24184608 3.21805739 34.30845261
v 21.31093979 3.32984662 34.31656647
v 21.34668732 3.28794265 34.30967331
v 21.27695465 3.36946964 34.33544540
v 20.99680328 3.21416497 34.31451416
v 21.12194061 3.17395782 34.30768204
v 20.99680328 3.15925789 34.30742645
v 20.99680328 3.26616526 34.33351517
v 21.12839890 3.43647242 34.55841446
v 21.18917274 3.46971345 34.50447083
v 21.20140648 3.45624661 34.45202637
v 21.18470383 3.47400331 34.55963516
v 20.99680328 3.39876485 34.50236511
v 21.06400681 3.41278911 34.55764389
v 20.99680328 3.38067508 34.45004272
v 20.99680328 3.40489483 34.55738831
v 21.16177368 3.37296033 34.38302231
v 21.24640656 3.40485787 34.36537933
v 21.22080421 3.43426681 34.40488815
v 21.08174706 3.34339643 34.38238144
v 20.99680328 3.31270885 34.36349487
v 20.99680328 3.35151315 34.40298080
v 21.24184608 3.21805739 45.59198761
v 21.31093979 3.32984662 45.60010147
v 21.34668732 3.28794265 45.59320831
v 21.27695465 3.36946964 45.61898041
v 20.99680328 3.21416497 45.59804916
v 21.12194061 3.17395782 45.59121704
v 20.99680328 3.15925789 45.59096146
v 20.99680328 3.26616526 45.61705017
v 21.12839890 3.43647242 45.84194946
v 21.18470383 3.47400331 45.84317017
v 21.18917274 3.46971345 45.78800583
v 21.20140648 3.45624661 45.73556137
v 20.99680328 3.39876485 45.78590012
v 21.06400681 3.41278911 45.84117889
v 20.99680328 3.38067508 45.73357773
v 20.99680328 3.40489483 45.84092331
v 21.16177368 3.37296033 45.66655350
v 21.22080421 3.43426681 45.68842316
v 21.24640656 3.40485787 45.64891434
v 21.08174706 3.34339643 45.66591644
v 20.99680328 3.31270885 45.64702988
v 20.99680328 3.35151315 45.68651581
v 24.77713013 3.17915845 45.59130859
v 24.82848358 3.25841904 45.59883499
v 24.85253143 3.20897746 45.59182739
v 24.80561638 3.30521607 45.61778641
v 24.61680222 3.20971537 45.59797287
v 24.69765663 3.16089582 45.59098816
v 24.61680222 3.15480828 45.59088135
v 24.61680222 3.26171565 45.61697388
v 24.70290375 3.41352224 45.84127045
v 24.74339867 3.42953610 45.84178925
v 24.74645805 3.42419171 45.78670883
v 24.75473022 3.40805507 45.73433304
v 24.61680222 3.37622571 45.73349762
v 24.66022491 3.40371442 45.84095001
v 24.61680222 3.39431524 45.78582382
v 24.61680222 3.40044522 45.84084320
v 24.72496033 3.34526110 45.66597366
v 24.76781082 3.38191891 45.68724060
v 24.78505516 3.34706831 45.64774323
v 24.67152405 3.33292890 45.66570663
v 24.61680222 3.30825925 45.64694977
v 24.61680222 3.34706354 45.68643951
v 19.00801277 -4.11805725 43.35815430
v 18.99989700 -4.22984648 43.28905869
v 19.00679207 -4.18794250 43.25331116
v 18.98101807 -4.26946974 43.32304382
v 19.00194931 -4.11416483 43.60319519
v 19.00878143 -4.07395792 43.47805786
v 19.00903893 -4.05925798 43.60319519
v 18.98295021 -4.16616535 43.60319519
v 18.75805092 -4.33647251 43.47159958
v 18.81199455 -4.36971331 43.41082764
v 18.86443901 -4.35624647 43.39859390
v 18.75683022 -4.37400341 43.41529465
v 18.81410027 -4.29876471 43.60319519
v 18.75881958 -4.31278896 43.53599167
v 18.86642265 -4.28067493 43.60319519
v 18.75907707 -4.30489492 43.60319519
v 18.93344498 -4.27296019 43.43822479
v 18.95108604 -4.30485773 43.35359192
v 18.91157722 -4.33426666 43.37919617
v 18.93408394 -4.24339628 43.51825333
v 18.95297050 -4.21270895 43.60319519
v 18.91348267 -4.25151300 43.60319519
v 19.00869179 -4.07915831 39.82286835
v 19.00116348 -4.15841913 39.77151871
v 19.00817108 -4.10897732 39.74746704
v 18.98221397 -4.20521593 39.79438400
v 19.00202751 -4.10971546 39.98319626
v 19.00901031 -4.06089592 39.90234375
v 19.00911713 -4.05480814 39.98319626
v 18.98302650 -4.16171551 39.98319626
v 18.75872993 -4.31352234 39.89709473
v 18.75820923 -4.32953596 39.85660172
v 18.81329155 -4.32419157 39.85354233
v 18.86566544 -4.30805492 39.84526825
v 18.86650085 -4.27622557 39.98319626
v 18.75904846 -4.30371428 39.93977356
v 18.81417656 -4.29431534 39.98319626
v 18.75915527 -4.30044508 39.98319626
v 18.93402481 -4.24526119 39.87504196
v 18.91275787 -4.28191900 39.83218765
v 18.95225525 -4.24706841 39.81494522
v 18.93429184 -4.23292875 39.92847824
v 18.95304871 -4.20825911 39.98319626
v 18.91356087 -4.24706364 39.98319626
v 39.97556305 -4.08387470 49.28375626
v 40.02714539 -4.16339636 49.27622223
v 40.05131531 -4.11401415 49.28322983
v 40.00415802 -4.21013689 49.25727463
v 39.81438065 -4.11416483 49.27709579
v 39.89567566 -4.06541204 49.28407669
v 39.81438065 -4.05925798 49.28418732
v 39.81438065 -4.16616535 49.25809479
v 39.90094376 -4.31811523 49.03379440
v 39.94469833 -4.32896471 49.08835220
v 39.95301437 -4.31284952 49.14072418
v 39.94162369 -4.33430099 49.03326797
v 39.81438065 -4.28067493 49.14157104
v 39.85803986 -4.30819988 49.03411484
v 39.81438065 -4.29876471 49.08924484
v 39.81438065 -4.30489492 49.03422546
v 39.92311478 -4.24989128 49.20909119
v 39.98349380 -4.25193834 49.22731400
v 39.96615982 -4.28674603 49.18782043
v 39.86940002 -4.23742485 49.20935822
v 39.81438065 -4.21270895 49.22811890
v 39.81438065 -4.25151300 49.18862915
v 36.03405380 -4.07915831 45.59130859
v 35.98270035 -4.15841913 45.59883499
v 35.95865250 -4.10897732 45.59182739
v 36.00556564 -4.20521593 45.61778641
v 36.19438171 -4.10971546 45.59797287
v 36.11352539 -4.06089592 45.59098816
v 36.19438171 -4.05480814 45.59088135
v 36.19438171 -4.16171551 45.61697388
v 36.10828018 -4.31352234 45.84127045
v 36.06778717 -4.32953596 45.84178925
v 36.06472397 -4.32419157 45.78670883
v 36.05645370 -4.30805492 45.73433304
v 36.19438171 -4.27622557 45.73349762
v 36.15095901 -4.30371428 45.84095001
v 36.19438171 -4.29431534 45.78582382
v 36.19438171 -4.30044508 45.84084320
v 36.08622360 -4.24526119 45.66597366
v 36.04337311 -4.28191900 45.68724060
v 36.02612686 -4.24706841 45.64774323
v 36.13965988 -4.23292875 45.66570663
v 36.19438171 -4.20825911 45.64694977
v 36.19438171 -4.24706364 45.68643951
v 39.97556305 -4.08387470 38.00022125
v 40.02714539 -4.16339636 37.99268723
v 40.05131531 -4.11401415 37.99969482
v 40.00415802 -4.21013689 37.97373962
v 39.81438065 -4.11416483 37.99356079
v 39.89567566 -4.06541204 38.00054550
v 39.81438065 -4.05925798 38.00065231
v 39.81438065 -4.16616535 37.97456360
v 39.90094376 -4.31811523 37.75025940
v 39.94162369 -4.33430099 37.74973297
v 39.94469833 -4.32896471 37.80481720
v 39.95301437 -4.31284952 37.85719299
v 39.81438065 -4.28067493 37.85803604
v 39.85803986 -4.30819988 37.75058365
v 39.81438065 -4.29876471 37.80571365
v 39.81438065 -4.30489492 37.75069046
v 39.92311478 -4.24989128 37.92555618
v 39.96615982 -4.28674603 37.90428543
v 39.98349380 -4.25193834 37.94378281
v 39.86940002 -4.23742485 37.92582703
v 39.81438065 -4.21270895 37.94458389
v 39.81438065 -4.25151300 37.90509415
v 36.03405380 -4.07915831 34.30777359
v 35.98270035 -4.15841913 34.31530380
v 35.95865250 -4.10897732 34.30829620
v 36.00556564 -4.20521593 34.33425140
v 36.19438171 -4.10971546 34.31443787
v 36.11352539 -4.06089592 34.30745697
v 36.19438171 -4.05480814 34.30735016
v 36.19438171 -4.16171551 34.33343887
v 36.10828018 -4.31352234 34.55773544
v 36.06778717 -4.32953596 34.55825806
v 36.06472397 -4.32419157 34.50317383
v 36.05645370 -4.30805492 34.45080185
v 36.19438171 -4.27622557 34.44996262
v 36.15095901 -4.30371428 34.55741882
v 36.19438171 -4.29431534 34.50228882
v 36.19438171 -4.30044508 34.55731201
v 36.08622360 -4.24526119 34.38243866
v 36.04337311 -4.28191900 34.40370560
v 36.02612686 -4.24706841 34.36421204
v 36.13965988 -4.23292875 34.38217545
v 36.19438171 -4.20825911 34.36341858
v 36.19438171 -4.24706364 34.40290451
v 37.02258682 -5.30209303 34.70290756
v 37.41361237 -5.40785980 34.70451736
v 37.41361237 -5.40785980 37.60355759
v 37.02258682 -5.30209303 37.60517120
v 36.64951324 -5.14427280 37.60757446
v 36.64951324 -5.14427280 34.70050430
v 36.65187454 -5.13715410 37.68198395
v 37.41574097 -5.39748955 37.69172287
v 37.11944962 -4.93999815 37.98527908
v 36.75979233 -4.77981806 37.98807526
v 36.73344803 -4.86456060 37.97644043
v 37.49916840 -5.04403543 37.98346329
v 37.48027039 -5.11511755 37.97487640
v 36.89468384 -5.13683367 37.87268448
v 36.70923615 -4.94408083 37.94537354
v 36.68796539 -5.01515245 37.89608765
v 36.67058563 -5.07397270 37.83045197
v 36.65815735 -5.11613274 37.75292206
v 37.16733170 -5.23418093 37.87106323
v 37.42175674 -5.36763191 37.77471542
v 37.43168259 -5.32027578 37.84837723
v 37.44555664 -5.25760412 37.90859985
v 37.46317291 -5.18318653 37.95237732
v 40.65669632 -3.87284350 37.62693787
v 40.35579300 -4.33502722 37.61989594
v 40.35579300 -4.33502722 34.68817902
v 40.69876480 -3.78978562 34.67987823
v 40.86869431 -3.35852242 37.63476944
v 40.91836166 -3.17606521 34.67052841
v 40.98087311 -2.81854582 37.64299393
v 40.99914551 -2.53700829 34.66079712
v 40.99345016 -2.67628860 37.65546799
v 40.99914551 -2.53700829 37.68891907
v 40.33245850 -4.31786442 37.76464844
v 40.34963608 -4.33084345 37.69387054
v 40.31712341 -3.70875406 38.00677109
v 40.12399673 -4.16436100 37.98817825
v 40.19152069 -4.21261501 37.95670700
v 40.97126389 -2.81893754 37.72743607
v 40.94324875 -2.81718230 37.80765152
v 40.68718338 -2.79192924 38.01326752
v 40.50436401 -3.25710034 38.01465225
v 40.76691055 -2.80041718 37.98508072
v 40.60326004 -2.78264523 38.02293396
v 40.55405426 -3.83031631 37.89442444
v 40.25067520 -4.25605106 37.90725708
v 40.29833221 -4.29190063 37.84201813
v 40.75956726 -3.33566546 37.90265656
v 40.89822769 -2.81336761 37.87963486
v 40.83845139 -2.80768442 37.93978119
v 40.96148300 -2.53922772 34.49597549
v 40.98959732 -2.53831697 34.57626724
v 40.54791260 -3.09795642 34.29064560
v 40.61920166 -2.53700829 34.28085709
v 40.70373154 -2.53831697 34.29040527
v 40.78402328 -2.53922772 34.31851578
v 40.34702682 -4.32889938 34.59967041
v 40.32257080 -4.31033182 34.51638794
v 40.11212158 -4.15601826 34.31652451
v 40.35401535 -3.63639784 34.30004501
v 40.16969681 -4.19686699 34.33872223
v 40.05131531 -4.11401415 34.30838394
v 40.80730057 -3.16127682 34.40251923
v 40.85605240 -2.53969479 34.36378860
v 40.91621017 -2.53969479 34.42394638
v 40.59498596 -3.74940300 34.41230774
v 40.28373718 -4.28085661 34.44255066
v 40.23194122 -4.24216890 34.38232040
v 37.41511154 -5.40065289 34.63084030
v 36.65286636 -5.13388586 34.61156845
v 37.11944962 -4.93999815 34.32279968
v 37.49916840 -5.04403543 34.32461548
v 37.47668076 -5.12909698 34.33665085
v 36.73769760 -4.85076666 34.32847214
v 36.71691132 -4.91872263 34.35071182
v 36.75979233 -4.77981806 34.32000351
v 37.16733170 -5.23418093 34.43701553
v 37.45689011 -5.20917940 34.36843109
v 37.44044876 -5.28018856 34.41799545
v 37.42790604 -5.33804703 34.48316956
v 37.41930008 -5.37971687 34.56032181
v 36.89468384 -5.13683367 34.43539429
v 36.66181183 -5.10375929 34.52806091
v 36.67586899 -5.05604839 34.45420837
v 36.69452286 -4.99313498 34.39414978
v 40.69876480 -3.78978562 48.91173553
v 40.33245850 -4.31786442 49.04817963
v 40.34963608 -4.33084345 48.97740555
v 40.35579300 -4.33502722 48.90343094
v 40.35401535 -3.63639784 49.29156494
v 40.12399673 -4.16436100 49.27171326
v 40.19152069 -4.21261501 49.24024200
v 40.98959732 -2.53831697 49.01534271
v 40.91836166 -3.17606521 48.92108154
v 40.99914551 -2.53700829 48.93081284
v 40.96148300 -2.53922772 49.09563446
v 40.70373154 -2.53831697 49.30120850
v 40.54791260 -3.09795642 49.30096436
v 40.78402328 -2.53922772 49.27309418
v 40.61920166 -2.53700829 49.31075668
v 40.59498596 -3.74940300 49.17930603
v 40.25067520 -4.25605106 49.19079208
v 40.29833221 -4.29190063 49.12555313
v 40.80730057 -3.16127682 49.18909073
v 40.85605240 -2.53969479 49.22782516
v 40.91621017 -2.53969479 49.16766739
v 40.35579300 -4.33502722 45.97171402
v 40.65669632 -3.87284350 45.96467590
v 40.86869431 -3.35852242 45.95684433
v 40.98087311 -2.81854582 45.94861984
v 40.99345398 -2.67628860 45.93615341
v 40.99914551 -2.53700829 45.90269470
v 40.97126389 -2.81893754 45.86417770
v 40.94324875 -2.81718230 45.78395844
v 40.50436401 -3.25710034 45.57695770
v 40.68718338 -2.79192924 45.57834625
v 40.76691055 -2.80041718 45.60653305
v 40.60326004 -2.78264523 45.56867599
v 40.34702682 -4.32889938 45.88320160
v 40.32257080 -4.31033182 45.79992294
v 40.11212158 -4.15601826 45.60005569
v 40.31712341 -3.70875406 45.58484268
v 40.16969681 -4.19686699 45.62225723
v 40.05131531 -4.11401415 45.59191513
v 40.75956726 -3.33566546 45.68895721
v 40.89822769 -2.81336761 45.71197891
v 40.83845139 -2.80768442 45.65183258
v 40.55405426 -3.83031631 45.69718552
v 40.28373718 -4.28085661 45.72608185
v 40.23194122 -4.24216890 45.66585541
v 37.02258682 -5.30209303 45.98644257
v 37.41511154 -5.40065289 45.91437149
v 37.41361237 -5.40785980 45.98805237
v 36.65286636 -5.13388586 45.89510345
v 36.64951324 -5.14427280 45.98403931
v 37.11944962 -4.93999815 45.60633469
v 37.49916840 -5.04403543 45.60815048
v 37.47668076 -5.12909698 45.62018204
v 36.73769760 -4.85076666 45.61200714
v 36.71691132 -4.91872263 45.63424301
v 36.75979233 -4.77981806 45.60353851
v 37.16733170 -5.23418093 45.72055054
v 37.45689011 -5.20917940 45.65196609
v 37.44044876 -5.28018856 45.70153046
v 37.42790604 -5.33804703 45.76670456
v 37.41930008 -5.37971687 45.84385681
v 36.89468384 -5.13683367 45.71892929
v 36.66181183 -5.10375929 45.81159592
v 36.67586899 -5.05604839 45.73773956
v 36.69452286 -4.99313498 45.67768478
v 37.41361237 -5.40785980 48.88709259
v 37.02258682 -5.30209303 48.88870239
v 36.64951324 -5.14427280 48.89110947
v 36.65187454 -5.13715410 48.96551895
v 37.41574097 -5.39748955 48.97525787
v 37.11944962 -4.93999815 49.26881409
v 36.75979233 -4.77981806 49.27160645
v 36.73344803 -4.86456060 49.25997543
v 37.49916840 -5.04403543 49.26699448
v 37.48027039 -5.11511755 49.25841141
v 36.89468384 -5.13683367 49.15621567
v 36.70923615 -4.94408083 49.22890472
v 36.68796539 -5.01515245 49.17962265
v 36.67058563 -5.07397270 49.11398697
v 36.65815735 -5.11613274 49.03645706
v 37.16733170 -5.23418093 49.15459824
v 37.42175674 -5.36763191 49.05825043
v 37.43168259 -5.32027578 49.13191223
v 37.44555664 -5.25760412 49.19213486
v 37.46317291 -5.18318653 49.23591232
v 26.99485970 -5.30403805 40.81705856
v 26.91806793 -5.14001179 40.44635391
v 26.99246979 -5.14713287 40.44400024
v 26.90829277 -5.39857435 41.21004105
v 26.99645805 -5.40894842 41.20793533
v 26.61475372 -4.94181061 40.91335678
v 26.61197472 -4.78261518 40.55381012
v 26.62361336 -4.86738396 40.52757263
v 26.61655426 -5.04496479 41.29279709
v 26.62513924 -5.11608171 41.27403259
v 26.72735596 -5.13918161 40.68917465
v 26.65469170 -4.94692945 40.50346375
v 26.70397949 -5.01801205 40.48228455
v 26.76960564 -5.07682705 40.46498108
v 26.84713173 -5.11898756 40.45261002
v 26.72896385 -5.23583984 40.96167755
v 26.82530212 -5.36870527 41.21600342
v 26.75163841 -5.32133055 41.22583771
v 26.69141769 -5.25863314 41.23958969
v 26.64763832 -5.18418217 41.25706482
v 26.97299767 -3.86847043 44.44781113
v 26.83526230 -4.31213427 44.12580490
v 26.90604019 -4.32507038 44.14301300
v 26.98001480 -4.32923841 44.14918137
v 26.59316444 -3.70494246 44.10795212
v 26.60021591 -4.10897732 43.84414291
v 26.61173058 -4.15914536 43.91695023
v 26.64320183 -4.20723295 43.98459625
v 26.87256622 -2.81893754 44.76008224
v 26.96519470 -3.35619164 44.65822601
v 26.95700645 -2.81854582 44.76968765
v 26.79234695 -2.81718230 44.73206711
v 26.58673286 -2.79192924 44.47600174
v 26.58531189 -3.25506687 44.29380417
v 26.61492157 -2.80041718 44.55572891
v 26.57706451 -2.78264523 44.39207840
v 26.70550537 -3.82613778 44.34508514
v 26.69265175 -4.25052309 44.04386139
v 26.75788879 -4.28625488 44.09160995
v 26.69730568 -3.33340144 44.54909134
v 26.72036552 -2.81336761 44.68704224
v 26.66022110 -2.80768442 44.62726593
v 45.60838699 -5.34490108 40.94572067
v 45.60838699 -5.40894842 41.20793533
v 45.60838699 -5.25739002 40.69038010
v 45.60838699 -5.14713287 40.44400024
v 34.91734314 -2.60909390 44.78585052
v 34.83111954 -2.53700829 44.78796005
v 26.91108131 -2.53700829 44.78796005
v 26.94453430 -2.67628860 44.78226852
v 35.01306152 -2.66709065 44.78286362
v 35.18422318 -2.73089266 44.77827835
v 35.38619995 -2.75551510 44.77611160
v 45.60838699 -2.53700829 44.78796005
v 41.18286133 -2.53700829 44.78796005
v 41.05243301 -2.63828301 44.78449631
v 40.90371704 -2.70872211 44.78000641
v 40.76805496 -2.74377227 44.77718735
v 45.60838699 -3.17617893 44.70714951
v 40.62777710 -2.75551510 44.77611160
v 45.60838699 -3.78304386 44.49085236
v 45.60838699 -4.32923841 44.14918137
v 50.49392700 -3.78383803 48.94345474
v 50.66016388 -4.32923841 47.97547913
v 50.83557892 -4.32923841 48.93008804
v 50.19744873 -2.53700829 48.96633148
v 50.00539398 -2.53700829 48.01465225
v 50.27733994 -3.17585301 48.95587158
v 46.51196671 -3.78377271 44.57441711
v 46.57482147 -4.32923841 44.23893356
v 46.47206879 -3.17617893 44.78736115
v 46.57385254 -2.53700829 44.89020920
v 47.38463593 -3.78377271 44.82329178
v 47.50819778 -4.32923841 44.50511932
v 47.61833191 -3.78377271 44.92106247
v 48.37659073 -4.32923841 44.93864059
v 47.30620956 -3.17617893 45.02524948
v 47.49648285 -2.53700829 45.19242096
v 47.52958679 -3.17617893 45.11870193
v 48.19655228 -3.78377271 45.22861481
v 48.51132965 -3.78377271 45.44136810
v 49.15030289 -4.32923841 45.52466202
v 48.08227539 -3.17617893 45.41267395
v 48.33534622 -2.53700829 45.68118286
v 48.91994095 -3.78377271 45.77652359
v 48.38315582 -3.17617893 45.61603165
v 49.27553558 -3.78377271 46.13718033
v 49.80286407 -4.32923841 46.24313736
v 48.77372360 -3.17617893 45.93638992
v 49.05322266 -2.53700829 46.33481216
v 49.53006363 -3.78377271 46.44827271
v 49.11361694 -3.17617893 46.28112030
v 49.87704086 -3.78377271 46.97763062
v 50.31195450 -4.32923841 47.06949997
v 49.35690689 -3.17617893 46.57847977
v 49.61825943 -2.53700829 47.12431335
v 50.00604248 -3.78377271 47.22089005
v 49.68856049 -3.17617893 47.08446121
v 49.81187057 -3.17617893 47.31698227
v 50.28915787 -3.78377271 47.92542648
v 50.08248520 -3.17617893 47.99041367
v 46.83512115 -5.40894842 41.30033875
v 53.78145981 -5.40894842 48.88246536
v 53.78071976 -5.40894842 48.87084961
v 54.17287445 -5.30388546 48.88127136
v 46.91264725 -5.25739002 40.78862000
v 46.95796204 -5.14713287 40.54629898
v 46.89366150 -5.30406237 40.91394043
v 48.18747711 -5.25739002 41.08112717
v 48.27669907 -5.14713287 40.85086060
v 48.14993286 -5.30406237 41.20219040
v 49.17847443 -5.40894842 42.02709198
v 48.03416824 -5.40894842 41.57545853
v 49.40410614 -5.25739002 41.56130219
v 49.53445435 -5.14713287 41.35072327
v 49.34884644 -5.30406237 41.67537689
v 50.53507614 -5.25739002 42.21830750
v 50.70249557 -5.14713287 42.03446579
v 50.46335220 -5.30406237 42.32281494
v 50.24221802 -5.40894842 42.64504242
v 51.55486679 -5.25739002 43.03731537
v 51.75412369 -5.14713287 42.88646317
v 51.46829987 -5.30406237 43.12989807
v 51.20139313 -5.40894842 43.41536331
v 52.44046783 -5.25739002 43.99984360
v 52.66530991 -5.14713287 43.88724136
v 52.34100723 -5.30406237 44.07841492
v 52.03434753 -5.40894842 44.32067871
v 53.17189026 -5.25739002 45.08417130
v 53.41522980 -5.14713287 45.01393509
v 53.06178284 -5.30406237 45.14696121
v 52.72229385 -5.40894842 45.34054947
v 53.73263168 -5.25739002 46.26583099
v 53.98674774 -5.14713287 46.24079514
v 53.61436081 -5.30406237 46.31141663
v 53.60467148 -5.40894842 47.62985229
v 53.24970245 -5.40894842 46.45196915
v 54.11003494 -5.25739002 47.51815414
v 54.36680222 -5.14713287 47.53978729
v 53.98627090 -5.30406237 47.54550934
v 54.16911697 -5.30406237 48.82138824
v 53.77919006 -5.40894842 48.84761810
v 54.54671097 -5.14713287 48.88122177
v 53.77996445 -5.40894842 48.85923386
v 53.78176498 -5.40218830 48.95678711
v 54.54581451 -5.13772154 48.97193146
v 54.53890991 -5.10790205 49.05742645
v 54.08357239 -4.93924809 49.26882553
v 53.70331573 -5.04369164 49.26700211
v 53.72583389 -5.12944365 49.25477982
v 54.48691559 -4.92052937 49.23989105
v 54.50879288 -4.99617386 49.19507980
v 54.46619415 -4.85134792 49.26287079
v 54.44386673 -4.77909660 49.27162170
v 54.03580475 -5.23583364 49.15221405
v 53.74526215 -5.21018314 49.22249985
v 53.76092529 -5.28170156 49.17220306
v 53.77223206 -5.33982182 49.10614777
v 53.77919388 -5.38148260 49.02805328
v 54.52641678 -5.05990267 49.13326263
v 50.35676575 -2.95216036 49.20476151
v 50.64653397 -3.09927917 49.30094147
v 50.57572556 -2.53700829 49.31075668
v 50.21752930 -2.53827929 49.05743790
v 50.25920486 -2.53907394 49.14090729
v 50.31996155 -2.53934431 49.21171570
v 50.39614105 -2.53907394 49.26558685
v 50.48314285 -2.53827929 49.29927826
v 50.39738083 -3.15443611 49.20121384
v 50.39220047 -3.36978173 49.12330246
v 50.48553467 -3.45121765 49.19582367
v 50.59714890 -3.52233195 49.25023651
v 50.83892059 -3.63398480 49.29160690
v 50.60634613 -3.73985362 49.19036865
v 50.69644165 -3.92429018 49.18042374
v 50.84922409 -4.32137585 49.01377106
v 50.87681198 -4.30219555 49.09156036
v 50.91707993 -4.27305651 49.15999603
v 50.96862793 -4.23550797 49.21556473
v 51.02906036 -4.19197845 49.25556183
v 51.08428574 -4.15284061 49.27582932
v 51.14228821 -4.11254072 49.28325653
v 18.66384697 -2.67628860 44.78226852
v 18.69730568 -2.53700829 44.78796005
v 15.66918468 -2.53700829 44.78796005
v 18.65138054 -2.81854582 44.76968765
v 15.67891788 -3.17606521 44.70717621
v 18.64315605 -3.35852242 44.65751266
v 15.68826389 -3.78978562 44.48758316
v 18.63532448 -3.87284350 44.44551468
v 15.69656754 -4.33502722 44.14460754
v 18.62828445 -4.33502722 44.14460754
v 18.73582268 -2.81893754 44.76008224
v 18.81604004 -2.81718230 44.73206711
v 19.02304077 -3.25710034 44.29317856
v 19.02165413 -2.79192924 44.47600174
v 18.99346733 -2.80041718 44.55572891
v 19.03132248 -2.78264523 44.39207840
v 18.71679688 -4.32889938 44.13584518
v 18.80007744 -4.31033182 44.11138916
v 18.99994278 -4.15601826 43.90093613
v 19.01515770 -3.70875406 44.10593796
v 18.97774315 -4.19686699 43.95851135
v 19.00808334 -4.11401415 43.84013367
v 18.91104317 -3.33566546 44.54838181
v 18.88802147 -2.81336761 44.68704224
v 18.94816589 -2.80768442 44.62726593
v 18.90281296 -3.83031631 44.34286880
v 18.87391663 -4.28085661 44.07255173
v 18.93414307 -4.24216890 44.02075577
v 18.61355782 -5.30209303 40.81140137
v 18.68562698 -5.40065289 41.20392609
v 18.61194611 -5.40785980 41.20243073
v 18.70489502 -5.13388586 40.44168091
v 18.61596107 -5.14427280 40.43833160
v 18.99366570 -4.93999815 40.90826797
v 18.99184990 -5.04403543 41.28798676
v 18.97981644 -5.12909698 41.26549911
v 18.98799133 -4.85076666 40.52651596
v 18.96575546 -4.91872263 40.50572968
v 18.99646187 -4.77981806 40.54861069
v 18.87944984 -5.23418093 40.95614624
v 18.94803429 -5.20917940 41.24570847
v 18.89846802 -5.28018856 41.22926331
v 18.83329773 -5.33804703 41.21672058
v 18.75614357 -5.37971687 41.20811844
v 18.88107109 -5.13683367 40.68350220
v 18.78840256 -5.10375929 40.45062637
v 18.86225891 -5.05604839 40.46468735
v 18.92231369 -4.99313498 40.48333740
v 15.71129513 -5.30209303 40.81140137
v 15.63448238 -5.13715410 40.44069290
v 15.70889187 -5.14427280 40.43833160
v 15.62474251 -5.39748955 41.20455551
v 15.71290588 -5.40785980 41.20243073
v 15.33118725 -4.93999815 40.90826797
v 15.32839108 -4.77981806 40.54861069
v 15.34002304 -4.86456060 40.52226257
v 15.33300304 -5.04403543 41.28798676
v 15.34158802 -5.11511755 41.26908493
v 15.44378281 -5.13683367 40.68350220
v 15.37109280 -4.94408083 40.49805450
v 15.42037773 -5.01515245 40.47678375
v 15.48601341 -5.07397270 40.45940018
v 15.56354332 -5.11613274 40.44697571
v 15.44540215 -5.23418093 40.95614624
v 15.54174995 -5.36763191 41.21057510
v 15.46808624 -5.32027578 41.22050095
v 15.40786552 -5.25760412 41.23437500
v 15.36408615 -5.18318653 41.25199127
v 15.55181885 -4.31786442 44.12127686
v 15.62259483 -4.33084345 44.13845444
v 15.30843258 -3.63639784 44.14283371
v 15.31676960 -4.11401415 43.84013367
v 15.32828712 -4.16436100 43.91281128
v 15.35975933 -4.21261501 43.98033524
v 15.58465576 -2.53831697 44.77841187
v 15.50436401 -2.53922772 44.75029755
v 15.29879093 -2.53831697 44.49254608
v 15.29903412 -3.09795642 44.33672714
v 15.32690525 -2.53922772 44.57283783
v 15.28924274 -2.53700829 44.40802002
v 15.42069340 -3.74940300 44.38380432
v 15.40920925 -4.25605106 44.03948975
v 15.47444725 -4.29190063 44.08714676
v 15.41090775 -3.16127682 44.59611893
v 15.43233395 -2.53969479 44.70502853
v 15.37217522 -2.53969479 44.64487076
v 19.81414795 -2.60909390 38.70616150
v 19.81203842 -2.53700829 38.61993408
v 19.81203842 -2.53700829 34.66079712
v 19.81713676 -2.66709065 38.80187988
v 19.82172203 -2.73089266 38.97304153
v 19.89225960 -3.17370152 34.67049408
v 19.82388878 -2.75551510 39.17501831
v 19.82388878 -2.75551510 44.41659546
v 19.81203842 -2.53700829 49.39720535
v 19.81203842 -2.53700829 44.97167587
v 19.81550407 -2.63828301 44.84124756
v 19.81999207 -2.70872211 44.69253159
v 19.82281113 -2.74377227 44.55687332
v 19.89284897 -3.17617893 49.39720535
v 20.11025620 -3.78533578 34.67980957
v 20.10914612 -3.78304386 49.39720535
v 20.45081902 -4.32923841 49.39720535
v 20.45081902 -4.32923841 34.68809128
v 15.65654469 -3.78383803 54.28274536
v 16.62451935 -4.32923841 54.44897842
v 15.66991138 -4.32923841 54.62439728
v 15.63366795 -2.53700829 53.98626328
v 16.58534813 -2.53700829 53.79420853
v 15.64412975 -3.17585301 54.06615448
v 20.02558327 -3.78377271 50.30078125
v 20.36106682 -4.32923841 50.36363602
v 19.81263924 -3.17617893 50.26088333
v 19.70978928 -2.53700829 50.36266708
v 19.77670670 -3.78377271 51.17345428
v 20.09487915 -4.32923841 51.29701233
v 19.67893791 -3.78377271 51.40715027
v 19.66135979 -4.32923841 52.16540909
v 19.57475090 -3.17617893 51.09502411
v 19.40757942 -2.53700829 51.28530121
v 19.48129845 -3.17617893 51.31840134
v 19.37138367 -3.78377271 51.98537064
v 19.15863228 -3.78377271 52.30014801
v 19.07533836 -4.32923841 52.93911743
v 19.18732452 -3.17617893 51.87108994
v 18.91881752 -2.53700829 52.12416077
v 18.82347679 -3.78377271 52.70875931
v 18.98396683 -3.17617893 52.17197037
v 18.46282005 -3.78377271 53.06435013
v 18.35686111 -4.32923841 53.59167862
v 18.66361046 -3.17617893 52.56254196
v 18.26518631 -2.53700829 52.84203720
v 18.15172577 -3.78377271 53.31887817
v 18.31887817 -3.17617893 52.90243149
v 17.62236977 -3.78377271 53.66585541
v 17.53049850 -4.32923841 54.10076904
v 18.02152061 -3.17617893 53.14572144
v 17.47568703 -2.53700829 53.40707779
v 17.37911034 -3.78377271 53.79486084
v 17.51553726 -3.17617893 53.47737885
v 17.28301811 -3.17617893 53.60068512
v 16.67457199 -3.78377271 54.07797241
v 16.60958672 -3.17617893 53.87129974
v 23.29913712 -5.40894842 50.62738800
v 23.39206314 -5.40894842 49.39720535
v 23.65427780 -5.34490108 49.39720535
v 15.71872902 -5.30388546 57.96169281
v 17.06021309 -5.14713287 58.15562057
v 15.71877670 -5.14713287 58.33552551
v 23.81082153 -5.25739002 50.70513535
v 23.90962029 -5.25739002 49.39720535
v 24.15599823 -5.14713287 49.39720535
v 24.05369949 -5.14713287 50.74678040
v 23.68551064 -5.30406237 50.68609619
v 23.51666832 -5.25739002 51.98338318
v 23.74913788 -5.14713287 52.06551361
v 23.39563751 -5.30406237 51.94573593
v 23.02246666 -5.40894842 51.82965469
v 23.03383446 -5.25739002 53.20294189
v 23.24927521 -5.14713287 53.32327271
v 22.91983223 -5.30406237 53.14754105
v 22.56833458 -5.40894842 52.97671890
v 22.37327766 -5.25739002 54.33612823
v 22.56553268 -5.14713287 54.49131012
v 22.26889229 -5.30406237 54.26422882
v 21.94704437 -5.40894842 54.04254532
v 21.54999161 -5.25739002 55.35723114
v 21.71353722 -5.14713287 55.54293823
v 21.45759201 -5.30406237 55.27046585
v 20.26286316 -5.40894842 55.83613205
v 21.17269516 -5.40894842 55.00294876
v 20.58265686 -5.25739002 56.24306870
v 20.71275902 -5.14713287 56.45412445
v 20.50433922 -5.30406237 56.14340973
v 19.49323082 -5.25739002 56.97354507
v 19.58606529 -5.14713287 57.20404816
v 19.43077087 -5.30406237 56.86325455
v 18.12194443 -5.40894842 57.04851913
v 19.23819351 -5.40894842 56.52318573
v 18.30643272 -5.25739002 57.53208160
v 18.35920525 -5.14713287 57.77556229
v 18.26125145 -5.30406237 57.41365814
v 17.04920006 -5.25739002 57.90599823
v 17.02232170 -5.30406237 57.78213120
v 15.71753311 -5.40894842 57.57027817
v 16.93944550 -5.40894842 57.40021133
v 23.39206314 -5.40894842 34.70453644
v 23.78293991 -5.30403805 34.70293808
v 24.15599823 -5.14713287 34.70054626
v 15.64321423 -5.40218830 57.57057953
v 15.62806988 -5.13772154 58.33462906
v 15.54257393 -5.10790205 58.32772827
v 15.33117390 -4.93924809 57.87238693
v 15.33299732 -5.04369164 57.49213028
v 15.34522152 -5.12944365 57.51464844
v 15.36010647 -4.92052937 58.27573013
v 15.40492153 -4.99617386 58.29761124
v 15.33712959 -4.85134792 58.25500870
v 15.32837868 -4.77909660 58.23268127
v 15.44778538 -5.23583364 57.82461929
v 15.37750053 -5.21018314 57.53408051
v 15.42779446 -5.28170156 57.54973984
v 15.49384975 -5.33982182 57.56104660
v 15.57194805 -5.38148260 57.56801224
v 15.46673679 -5.05990267 58.31523132
v 15.39523697 -2.95216036 54.14558029
v 15.29905701 -3.09927917 54.43534851
v 15.28924274 -2.53700829 54.36454010
v 15.30072117 -2.53827929 54.27195740
v 15.33441162 -2.53907394 54.18495560
v 15.38828468 -2.53934431 54.10877991
v 15.45909119 -2.53907394 54.04802322
v 15.54256248 -2.53827929 54.00634384
v 15.39878750 -3.15443611 54.18619537
v 15.47669697 -3.36978173 54.18101501
v 15.40417576 -3.45121765 54.27434921
v 15.34976387 -3.52233195 54.38596344
v 15.30839062 -3.63398480 54.62773895
v 15.40962982 -3.73985362 54.39516068
v 15.41957664 -3.92429018 54.48525620
v 15.58623028 -4.32137585 54.63803864
v 15.50843716 -4.30219555 54.66562653
v 15.44000244 -4.27305651 54.70589447
v 15.38443375 -4.23550797 54.75744247
v 15.34443951 -4.19197845 54.81787491
v 15.32417202 -4.15284061 54.87310028
v 15.31674385 -4.11254072 54.93110275
v 20.47419548 -4.31213427 34.54333878
v 20.45698547 -4.32507038 34.61411667
v 20.45526695 -3.63251877 34.29997635
v 20.75585556 -4.10897732 34.30829620
v 20.68305016 -4.15914536 34.31980896
v 20.61540413 -4.20723295 34.35128021
v 19.82158661 -2.53831697 34.57626724
v 19.84970093 -2.53922772 34.49597549
v 20.10745239 -2.53831697 34.29040527
v 20.26277733 -3.09589434 34.29061127
v 20.02716064 -2.53922772 34.31851578
v 20.19198036 -2.53700829 34.28085709
v 20.21411133 -3.74515939 34.41223526
v 20.55613899 -4.25052309 34.40073013
v 20.50839043 -4.28625488 34.46596527
v 20.00331688 -3.15897083 34.40248108
v 19.95512962 -2.53969479 34.36378860
v 19.89497185 -2.53969479 34.42394638
v 24.15364647 -5.14001179 34.62614441
v 23.38995743 -5.39857435 34.61637115
v 23.68664360 -4.94181108 34.32283020
v 24.04619026 -4.78261518 34.32005310
v 24.07242775 -4.86738396 34.33169174
v 23.30719948 -5.04496527 34.32463074
v 23.32596588 -5.11608219 34.33321762
v 23.91082573 -5.13918161 34.43543243
v 24.09653854 -4.94692945 34.36277008
v 24.11771774 -5.01801205 34.41205597
v 24.13501930 -5.07682705 34.47768402
v 24.14739227 -5.11898756 34.55521011
v 23.63832283 -5.23584032 34.43704224
v 23.38399696 -5.36870527 34.53337860
v 23.37416267 -5.32133055 34.45971680
v 23.36040878 -5.25863314 34.39949417
v 23.34293365 -5.18418264 34.35571671
v 42.19925308 4.50894880 41.20793915
v 45.60838699 4.50894880 41.20793915
v 45.60838699 4.44490147 40.94572067
v 42.19765472 4.40403843 40.81705856
v 45.60838699 4.35739040 40.69038010
v 42.19526672 4.24713326 40.44400024
v 45.60838699 4.24713326 40.44400024
v 42.17585754 2.97284341 39.14609909
v 42.18289948 3.43502736 39.44700241
v 45.60838699 3.43502736 39.44700241
v 45.60838699 2.88746905 39.10290527
v 42.16802597 2.45852232 38.93410110
v 45.60838699 2.27857065 38.88503265
v 42.15980148 1.91854572 38.82192230
v 45.60838699 1.63700819 38.80364990
v 42.14733124 1.77628851 38.80934525
v 42.11387634 1.63700819 38.80364990
v 54.54671097 4.24713326 48.88122177
v 54.36680222 4.24713326 47.53978729
v 54.17293930 4.40415764 48.88126373
v 46.87796021 4.44490147 41.04162216
v 46.83857346 4.50894880 41.30086517
v 46.91632080 4.35739040 40.78917694
v 46.95796204 4.24713326 40.54629898
v 48.11872482 4.44490147 41.32715225
v 48.04084015 4.50894880 41.57753372
v 48.19456863 4.35739040 41.08333206
v 48.27669907 4.24713326 40.85086060
v 49.30251694 4.44490147 41.79582596
v 49.18790054 4.50894880 42.03166580
v 49.41412735 4.35739040 41.56616592
v 49.53445435 4.24713326 41.35072327
v 50.40246964 4.44490147 42.43700790
v 50.25373077 4.50894880 42.65295410
v 50.54731369 4.35739040 42.22672272
v 50.70249557 4.24713326 42.03446579
v 51.39362335 4.44490147 43.23615265
v 51.21413422 4.50894880 43.42730331
v 52.04731750 4.50894880 44.33713531
v 51.56841278 4.35739040 43.05000687
v 51.75412369 4.24713326 42.88646317
v 52.25348663 4.44490147 44.17511749
v 52.45425415 4.35739040 44.01734161
v 52.66530991 4.24713326 43.88724136
v 52.96253967 4.44490147 45.23259354
v 52.73437119 4.50894880 45.36180496
v 53.18473053 4.35739040 45.10676956
v 53.41522980 4.24713326 45.01393509
v 53.50469589 4.44490147 46.38458633
v 53.25970459 4.50894880 46.47805405
v 53.74326706 4.35739040 46.29356766
v 53.98674774 4.24713326 46.24079514
v 53.86764526 4.44490147 47.60494995
v 53.61139679 4.50894880 47.66055298
v 53.78145981 4.50894880 48.88246536
v 54.11718369 4.35739040 47.55080032
v 56.19089127 1.63700819 48.91346359
v 56.02248383 1.63700819 47.45557022
v 56.10924911 2.27829838 48.90369797
v 47.02594757 2.88821816 39.20133972
v 46.97861099 3.43502736 39.54180145
v 47.05599976 2.27857065 38.98518372
v 47.07244873 1.63700819 38.90530777
v 48.41649246 2.88821816 39.49368668
v 48.32272339 3.43502736 39.82438660
v 48.47602844 2.27857065 39.28372955
v 48.50841522 1.63700819 39.20832825
v 49.75353622 2.88821816 39.97473907
v 49.61511993 3.43502736 40.28937531
v 49.84141541 2.27857065 39.77497864
v 49.88872147 1.63700819 39.70689392
v 51.01159286 2.88821816 40.63532639
v 50.83116913 3.43502736 40.92790604
v 51.94770050 3.43502736 41.72781372
v 51.12614441 2.27857065 40.44957352
v 51.18687820 1.63700819 40.39144135
v 52.16669846 2.88821816 41.46286774
v 52.30573654 2.27857065 41.29465866
v 52.37797165 1.63700819 41.24882507
v 53.19683838 2.88821816 42.44159317
v 52.94344330 3.43502736 42.67385483
v 53.35771561 2.27857065 42.29413223
v 53.43914413 1.63700819 42.26259613
v 54.08238602 2.88821816 43.55284882
v 53.79942322 3.43502736 43.74800491
v 54.49932480 3.43502736 44.92979813
v 54.26203918 2.27857065 43.42894745
v 54.35002518 1.63700819 43.41329575
v 54.80646896 2.88821816 44.77546692
v 55.00147247 2.27857065 44.67748642
v 55.09313202 1.63700819 44.67884064
v 55.35528564 2.88821816 46.08615112
v 55.02981567 3.43502736 46.19671249
v 55.38079071 3.43502736 47.52461243
v 55.56192398 2.27857065 46.01595688
v 55.65420914 1.63700819 46.03494263
v 55.71838760 2.88821816 47.45992279
v 55.54555893 3.43502736 48.88819122
v 55.89020920 2.88828492 48.89508820
v 55.93272018 2.27857065 47.41884995
v 42.12557220 4.50173903 41.20941925
v 42.10634232 4.23674536 40.44733810
v 41.81755066 4.04181147 40.91335678
v 41.81935120 4.14496565 41.29280090
v 41.83138275 4.23006868 41.27047348
v 41.82324219 3.95358443 40.53180695
v 41.84548187 4.02155924 40.51110840
v 41.81476974 3.88261533 40.55381012
v 41.93175888 4.33584070 40.96167755
v 41.86316681 4.31018782 41.25083542
v 41.91273117 4.38122702 41.23452759
v 41.97790527 4.43910933 41.22209167
v 42.05505753 4.48079538 41.21356964
v 41.93015289 4.23918200 40.68917465
v 42.02283859 4.20661879 40.45624542
v 41.94898605 4.15890694 40.47024155
v 41.88893127 4.09598732 40.48881149
v 42.03814697 3.41786432 39.47033691
v 42.10892487 3.43084335 39.45315933
v 41.79602432 2.80875397 39.48567200
v 41.81461716 3.26436090 39.67879868
v 41.84608841 3.31261516 39.61127472
v 42.07535934 1.91893744 38.83153152
v 41.99514389 1.91718221 38.85954666
v 41.78952789 1.89192915 39.11561203
v 41.78814316 2.35710025 39.29843140
v 41.81771851 1.90041709 39.03588486
v 41.77986145 1.88264513 39.19953537
v 41.90837097 2.93031621 39.24874115
v 41.89553833 3.35605121 39.55212021
v 41.96077728 3.39190054 39.50446320
v 41.90013885 2.43566537 39.04322815
v 41.92316055 1.91336751 38.90456772
v 41.86301804 1.90768433 38.96434402
v 46.57482147 3.42923832 44.23893356
v 45.60838699 3.42923832 44.14918137
v 45.60838699 2.88304377 44.49085236
v 50.27844238 2.27908301 48.95580292
v 50.00539398 1.63700819 48.01465225
v 50.19744873 1.63700819 48.96633148
v 50.83557892 3.42923832 48.93008804
v 50.66016388 3.42923832 47.97547913
v 50.49375534 2.88316154 48.94347000
v 46.47206879 2.27617884 44.78736115
v 45.60838699 2.27617884 44.70714951
v 45.60838699 1.63700819 44.78796005
v 46.57385254 1.63700819 44.89020920
v 46.51190186 2.88304377 44.57476425
v 47.50819778 3.42923832 44.50511932
v 47.30620956 2.27617884 45.02524948
v 47.49648285 1.63700819 45.19242096
v 47.52958679 2.27617884 45.11870193
v 47.38451004 2.88304377 44.82361984
v 47.61818695 2.88304377 44.92138290
v 48.37659073 3.42923832 44.93864059
v 48.08227539 2.27617884 45.41267395
v 48.33534622 1.63700819 45.68118286
v 48.38315582 2.27617884 45.61603165
v 48.19636536 2.88304377 45.22891617
v 48.77372360 2.27617884 45.93638992
v 49.05322266 1.63700819 46.33481216
v 48.51112366 2.88304377 45.44165039
v 49.15030289 3.42923832 45.52466202
v 49.11361694 2.27617884 46.28112030
v 48.91970444 2.88304377 45.77678299
v 49.35690689 2.27617884 46.57847977
v 49.61825943 1.63700819 47.12431335
v 49.27527237 2.88304377 46.13741302
v 49.80286407 3.42923832 46.24313736
v 49.68856049 2.27617884 47.08446121
v 49.52978134 2.88304377 46.44848633
v 49.81187057 2.27617884 47.31698227
v 49.87673187 2.88304377 46.97780228
v 50.31195450 3.42923832 47.06949997
v 50.00572968 2.88304377 47.22104645
v 50.08248520 2.27617884 47.99041367
v 50.28882217 2.88304377 47.92553329
v 46.76999664 4.50786018 42.48612213
v 45.60838699 4.50786018 42.38918304
v 45.60838699 4.44324923 42.65151215
v 52.59820557 4.50786018 48.89242935
v 52.41784668 4.50786018 47.74081802
v 52.20664978 4.40193701 48.89805603
v 46.67929077 4.35514545 42.99586868
v 45.60838699 4.35514545 42.90690994
v 45.60838699 4.24427319 43.15328217
v 46.63863754 4.24427319 43.23886490
v 46.70020294 4.40211391 42.87084579
v 47.72083282 4.35514545 43.26031113
v 47.64064407 4.24427319 43.49326706
v 47.76209259 4.40211391 43.14045334
v 47.89947128 4.50786018 42.77426529
v 48.70447159 4.35514545 43.69298172
v 48.58694458 4.24427319 43.90951157
v 48.76493835 4.40211391 43.58157349
v 48.96555710 4.50786018 43.24563599
v 49.60323334 4.35514545 44.28202057
v 49.45159149 4.24427319 44.47619247
v 49.68125534 4.40211391 44.18211746
v 49.93876648 4.50786018 43.88719559
v 50.39248657 4.35514545 45.01128387
v 50.21088028 4.24427319 45.17777252
v 50.48592377 4.40211391 44.92562485
v 50.79217148 4.50786018 44.68119431
v 51.05059052 4.35514545 45.86077881
v 50.84400558 4.24427319 45.99502182
v 51.15688324 4.40211391 45.79170990
v 51.50216293 4.50786018 45.60566711
v 51.55950928 4.35514545 46.80721664
v 51.33360672 4.24427319 46.90553284
v 51.67573929 4.40211391 46.75663376
v 52.04909897 4.50786018 46.63503265
v 51.90528870 4.35514545 47.82465363
v 51.66625977 4.24427319 47.88434982
v 51.83285141 4.24427319 48.90463638
v 52.02827454 4.40211391 47.79394150
v 42.14733505 1.77628851 44.78226852
v 42.11387634 1.63700819 44.78796005
v 42.15980148 1.91854572 44.76968765
v 42.16799164 2.45619154 44.65822601
v 42.17579269 2.96847034 44.44781113
v 42.18280792 3.42923832 44.14918137
v 42.19522095 4.24427319 43.15328217
v 42.19762421 4.40209341 42.78020859
v 42.19923782 4.50786018 42.38918304
v 42.07535934 1.91893744 44.76008224
v 41.99514389 1.91718221 44.73206711
v 41.78810883 2.35506678 44.29380417
v 41.78952789 1.89192915 44.47600174
v 41.81771851 1.90041709 44.55572891
v 41.77986145 1.88264513 44.39207840
v 42.09429550 3.42313313 44.14039993
v 42.01101303 3.40462613 44.11589432
v 41.81114960 3.25083160 43.90505600
v 41.79595947 2.80494237 44.10795212
v 41.83334732 3.29153872 43.96273422
v 41.80301285 3.20897746 43.84414291
v 41.90010071 2.43340135 44.54909134
v 41.92316055 1.91336751 44.68704224
v 41.86301804 1.90768433 44.62726593
v 41.90830231 2.92613769 44.34508514
v 41.93717575 3.37524700 44.07698441
v 41.87694550 3.33668733 44.02509308
v 42.12081146 4.23715448 43.15092087
v 42.11107254 4.49748993 42.38705444
v 41.81751633 4.03999853 42.68334579
v 41.81472015 3.87981820 43.04300308
v 41.82635498 3.96456075 43.06934738
v 41.81933212 4.14403582 42.30362701
v 41.82791901 4.21511793 42.32252502
v 41.93011475 4.23683405 42.90811157
v 41.85742188 4.04408121 43.09355927
v 41.90670776 4.11515284 43.11483002
v 41.97234344 4.17397308 43.13220978
v 42.04987335 4.21613312 43.14463806
v 41.93173218 4.33418131 42.63546371
v 42.02807999 4.46763229 42.38103867
v 41.95441818 4.42027617 42.37111282
v 41.89419556 4.35760450 42.35723877
v 41.85041809 4.28318691 42.33962250
v 41.80249023 3.17915845 43.76874161
v 41.80217361 3.16089582 43.68927002
v 41.80984116 3.60018849 43.05806351
v 41.81166077 3.70435786 43.04606247
v 41.81638336 3.97498536 42.18769455
v 41.81779099 4.05557203 42.25485611
v 41.81520844 3.90776753 42.10449219
v 41.80805969 3.49805737 43.09094238
v 41.81434631 3.85826850 42.00967026
v 41.80615616 3.38905811 43.15452576
v 41.81383133 3.82881141 41.90898895
v 41.80459595 3.29963541 43.23945236
v 41.81366730 3.81936288 41.80841446
v 41.81366730 3.81936288 41.78841400
v 41.80465698 3.30314660 40.35636520
v 41.81383133 3.82884002 41.68769073
v 41.80596161 3.37797308 40.43024063
v 41.81434631 3.85838962 41.58685684
v 41.80438995 3.28794265 40.33829880
v 41.80752945 3.46788239 40.48936462
v 41.81521606 3.90804553 41.49191284
v 41.80316925 3.21805739 40.23345947
v 41.80959702 3.58612895 40.53446960
v 41.81639099 3.97546935 41.40864563
v 41.80240250 3.17395782 40.11355209
v 41.81780243 4.05628395 41.34148788
v 41.81173706 3.70871902 40.55077362
v 54.54640579 4.24081516 48.95710754
v 53.78147507 4.49908829 48.97140884
v 54.08418274 4.03938437 49.26882172
v 54.44386673 3.87909675 49.27162170
v 54.47050858 3.96557689 49.25941467
v 53.77732849 4.46943283 49.05532074
v 53.76892090 4.42199755 49.12992096
v 53.73915100 4.28398561 49.23542023
v 53.75613022 4.35898066 49.19097900
v 53.72226715 4.21534681 49.25828171
v 53.70331573 4.14369202 49.26700211
v 54.31014633 4.23902464 49.15314484
v 54.49462128 4.04682589 49.22703552
v 54.51520157 4.11896944 49.17625809
v 54.53121948 4.17794752 49.10916901
v 54.54188919 4.22010279 49.02972412
v 55.24306870 3.21199870 49.28326416
v 55.54651260 2.73355222 49.29161453
v 55.30551910 3.25494170 49.27470398
v 56.13834763 1.96004868 49.07247543
v 56.05395889 1.63991141 49.22312546
v 56.11442947 1.63991141 49.15982819
v 56.15881729 1.63940549 49.08437729
v 56.18476105 1.63842010 49.00077820
v 56.03778839 2.05465102 49.19666672
v 55.73943710 2.19911647 49.30094528
v 55.81134415 1.63700819 49.31075668
v 55.89828491 1.63842010 49.30064774
v 55.98061371 1.63940549 49.27091217
v 56.00638580 2.25997066 49.18291855
v 56.00963974 2.47733927 49.09264755
v 55.91619110 2.55947232 49.17803192
v 55.80027771 2.62860870 49.24269104
v 55.79341888 2.84923649 49.17336273
v 55.70230103 3.03381205 49.16311264
v 55.53985214 3.43000603 48.97931671
v 55.51743317 3.41189933 49.06566238
v 55.47958755 3.38230896 49.14261627
v 55.42771149 3.34300494 49.20562363
v 55.36444855 3.29673123 49.25136566
v 55.14529037 3.17651486 49.28388596
v 55.04300308 3.16035652 49.28416824
v 54.93983841 3.16385055 49.28410721
v 54.83945847 3.18695521 49.28370285
v 54.74514389 3.22868276 49.28297424
v 50.54244614 -0.44999999 49.34718704
v 55.84940338 -0.44999999 49.34718704
v 54.45965958 3.60261798 49.27644730
v 54.44696808 3.70871902 49.27459335
v 53.58483124 3.97247338 49.26998901
v 53.65224075 4.05214834 49.26860046
v 53.50367355 3.90735555 49.27112579
v 54.49276733 3.50164795 49.27820969
v 53.41167450 3.85923457 49.27196884
v 54.55557251 3.39402461 49.28008652
v 53.31207275 3.82952189 49.27248764
v 54.64183426 3.30314660 49.28167343
v 53.20795441 3.81936288 49.27266312
v 54.65992737 3.28794265 49.28194046
v 50.57572556 1.63700819 49.31075668
v 51.75528717 3.29963541 49.28173447
v 53.18793106 3.81936288 49.27266312
v 53.08319855 3.82969117 49.27248383
v 51.82974243 3.37581396 49.28040695
v 52.98284912 3.85981202 49.27195740
v 51.73720932 3.28436065 49.28200150
v 51.64999771 3.22373986 49.28306198
v 51.88748550 3.46460986 49.27885437
v 52.89038849 3.90843034 49.27111053
v 51.55309677 3.18139744 49.28379822
v 50.64752960 2.20217180 49.30089188
v 51.93186569 3.58060670 49.27683258
v 52.80924606 3.97385192 49.26996613
v 51.45012665 3.15864015 49.28419495
v 52.31156158 4.04282284 49.26876450
v 52.74205780 4.05366230 49.26857376
v 52.69113922 4.14548492 49.26697159
v 51.94859314 3.70435786 49.27466965
v 50.83877945 2.73337841 49.29161835
v 51.34493256 3.15639830 49.28423691
v 51.95156097 3.88470054 49.27152252
v 51.24119949 3.17448711 49.28392029
v 51.14228821 3.21254086 49.28325653
v 50.86607742 3.40980983 49.06640244
v 50.84592819 3.42352366 49.00010681
v 51.07294083 3.26082468 49.27275848
v 51.00801849 3.30706120 49.24400711
v 50.60926056 2.84444165 49.19027328
v 50.95020676 3.34889483 49.19857025
v 50.90221405 3.38387489 49.13828278
v 50.45469666 2.45811343 49.19747925
v 50.39866638 2.25737405 49.20108414
v 50.35755539 2.05419064 49.20467758
v 50.48314285 1.63827920 49.29927826
v 50.39614105 1.63907385 49.26558685
v 50.31996155 1.63934422 49.21171570
v 50.25920486 1.63907385 49.14090729
v 50.21752930 1.63827920 49.05743790
v 52.60171127 4.50014782 48.96533203
v 51.83937836 4.23261356 48.99102402
v 51.85087585 4.20211792 49.07175064
v 52.66889191 4.22982311 49.25515366
v 51.90936279 4.02027607 49.24216080
v 51.88656235 4.09304523 49.20055008
v 51.93000793 3.95393682 49.26342010
v 52.36172485 4.33414984 49.15740967
v 51.86679077 4.15483713 49.14287949
v 52.64890289 4.30920792 49.22393036
v 52.63176346 4.37967873 49.17518616
v 52.61799240 4.43726873 49.11101532
v 52.60766220 4.47895432 49.03496170
v 37.02824402 4.40403843 34.70293808
v 36.65518570 4.24713326 48.89106369
v 37.02824402 4.40403843 48.88867569
v 37.41912079 4.50894880 48.88707733
v 36.65518570 4.24713326 34.70054626
v 37.41912079 4.50894880 34.70453644
v 35.01694489 1.70909381 44.88545227
v 35.01483536 1.63700819 44.97167587
v 35.01483536 1.63700819 48.93081284
v 35.01993179 1.76709056 44.78973389
v 35.02451706 1.83089256 44.61857224
v 35.09561920 2.27606511 48.92108154
v 35.02668381 1.85551500 44.41659546
v 35.01483536 1.63700819 34.66079712
v 35.01483536 1.63700819 38.61993408
v 35.01829910 1.73828292 38.75036240
v 35.02278900 1.80872202 38.89907837
v 35.02560806 1.84377217 39.03474045
v 35.09561920 2.27606511 34.67052841
v 35.31521225 2.88978553 48.91173553
v 35.02668381 1.85551500 39.17501831
v 35.31521225 2.88978553 34.67987823
v 35.65818787 3.43502736 48.90343094
v 35.65818787 3.43502736 34.68817902
v 40.91892242 2.27370143 48.92111969
v 40.98959732 1.63831687 49.01534271
v 40.99914551 1.63700819 48.93081284
v 40.96148300 1.63922763 49.09563446
v 40.54840469 2.19589424 49.30100250
v 40.70373154 1.63831687 49.30120850
v 40.78402328 1.63922763 49.27309418
v 40.61920166 1.63700819 49.31075668
v 40.35158539 3.42313313 48.99203491
v 40.70092773 2.88533568 48.91180420
v 40.36036301 3.42923832 48.90351868
v 40.32707977 3.40462613 49.07531738
v 40.11623764 3.25083160 49.27518082
v 40.35591507 2.73251867 49.29163361
v 40.17391586 3.29153872 49.25298309
v 40.05532837 3.20897746 49.28331757
v 40.80786514 2.25897074 49.18912888
v 40.91621017 1.63969469 49.16766739
v 40.85605240 1.63969469 49.22782516
v 40.59707260 2.84515929 49.17937851
v 40.28816986 3.37524700 49.14915466
v 40.23627472 3.33668733 49.20938110
v 38.99139404 4.40209341 48.88870239
v 39.36210251 4.23715448 48.96551895
v 39.36446381 4.24427319 48.89110947
v 38.59823990 4.49748993 48.97525787
v 38.60036469 4.50786018 48.88709259
v 38.89452744 4.03999853 49.26881409
v 39.25418472 3.87981820 49.27160645
v 39.28053284 3.96456075 49.25997543
v 38.51480865 4.14403582 49.26699448
v 38.53371048 4.21511793 49.25841141
v 39.11929321 4.23683405 49.15621567
v 39.30474091 4.04408121 49.22890472
v 39.32601166 4.11515284 49.17962265
v 39.34339523 4.17397308 49.11398697
v 39.35581970 4.21613312 49.03645706
v 38.84664917 4.33418131 49.15459824
v 38.59222031 4.46763229 49.05825043
v 38.58229446 4.42027617 49.13191223
v 38.56842041 4.35760450 49.19213486
v 38.55080795 4.28318691 49.23591232
v 39.97992706 3.17915845 49.28383636
v 39.90045166 3.16089582 49.28415680
v 35.35834885 -0.44999999 49.34718704
v 40.65563202 -0.44999999 49.34718704
v 39.26924896 3.60018849 49.27648926
v 39.25724792 3.70435786 49.27466965
v 38.39888000 3.97498536 49.26994705
v 38.46604156 4.05557203 49.26853943
v 38.31567383 3.90776753 49.27112198
v 39.30212784 3.49805737 49.27827072
v 38.22085571 3.85826850 49.27198410
v 39.36570740 3.38905811 49.28017426
v 38.12017059 3.82881141 49.27249908
v 39.45063782 3.29963541 49.28173447
v 38.01959991 3.81936288 49.27266312
v 37.99959946 3.81936288 49.27266312
v 35.39477539 1.63700819 49.31075668
v 36.56755066 3.30314660 49.28167343
v 37.89887619 3.82884002 49.27249908
v 36.64142609 3.37797308 49.28036880
v 37.79803848 3.85838962 49.27198410
v 36.54948425 3.28794265 49.28194046
v 36.46686554 3.23003650 49.28295135
v 36.70054626 3.46788239 49.27879715
v 37.70309830 3.90804553 49.27111435
v 36.37123108 3.18725967 49.28369522
v 35.46606827 2.19795632 49.30096436
v 36.74565506 3.58612895 49.27673340
v 37.61982727 3.97546935 49.26993942
v 36.26709366 3.16349292 49.28411102
v 37.12454224 4.04181147 49.26877975
v 37.55267334 4.05628395 49.26852798
v 37.50398254 4.14496565 49.26697922
v 36.76195526 3.70871902 49.27459335
v 35.65996170 2.73639774 49.29156494
v 36.16031647 3.16068840 49.28416061
v 36.76499176 3.88261533 49.27156067
v 36.05706406 3.17840886 49.28385162
v 35.96266174 3.21401405 49.28322983
v 36.65753555 4.24001217 34.62614441
v 37.42122650 4.49857473 34.61637115
v 37.12454224 4.04181147 34.32283020
v 36.76499176 3.88261533 34.32005310
v 36.73875427 3.96738410 34.33169174
v 37.50398254 4.14496565 34.32463074
v 37.48521805 4.21608257 34.33321762
v 36.90035629 4.23918200 34.43543243
v 36.71464539 4.04692984 34.36277008
v 36.69346619 4.11801243 34.41205597
v 36.67616272 4.17682743 34.47768402
v 36.66379166 4.21898794 34.55521011
v 37.17286301 4.33584070 34.43704224
v 37.42718506 4.46870565 34.53337860
v 37.43702316 4.42133093 34.45971680
v 37.45077515 4.35863352 34.39949417
v 37.46825027 4.28418303 34.35571671
v 35.02438354 1.63831687 34.57626724
v 35.05249786 1.63922763 34.49597549
v 35.46606827 2.19795632 34.29064560
v 35.31024933 1.63831687 34.29040527
v 35.22995758 1.63922763 34.31851578
v 35.39477539 1.63700819 34.28085709
v 35.66695023 3.42889953 34.59967041
v 35.69140625 3.41033173 34.51638794
v 35.90185928 3.25601816 34.31652451
v 35.65996170 2.73639774 34.30004501
v 35.84428406 3.29686713 34.33872223
v 35.96266174 3.21401405 34.30838394
v 35.20667648 2.26127672 34.40251923
v 35.09776688 1.63969469 34.42394638
v 35.15792465 1.63969469 34.36378860
v 35.41899109 2.84940290 34.41230774
v 35.73024368 3.38085651 34.44255066
v 35.78203964 3.34216905 34.38232040
v 40.70092773 2.88533568 34.67980957
v 40.33698654 3.41213441 34.54333878
v 40.35419846 3.42507052 34.61411667
v 40.36036301 3.42923832 34.68809128
v 40.35591507 2.73251867 34.29997635
v 40.05532837 3.20897746 34.30829620
v 40.12813568 3.25914526 34.31980896
v 40.19578171 3.30723310 34.35128021
v 40.98959732 1.63831687 34.57626724
v 40.91892242 2.27370143 34.67049408
v 40.99914551 1.63700819 34.66079712
v 40.96148300 1.63922763 34.49597549
v 40.70373154 1.63831687 34.29040527
v 40.54840469 2.19589424 34.29061127
v 40.78402328 1.63922763 34.31851578
v 40.61920166 1.63700819 34.28085709
v 40.59707260 2.84515929 34.41223526
v 40.25504303 3.35052323 34.40073013
v 40.30279160 3.38625503 34.46596527
v 40.80786514 2.25897074 34.40248108
v 40.91621017 1.63969469 34.42394638
v 40.85605240 1.63969469 34.36378860
v 38.99139404 4.40209341 34.70290756
v 38.59886932 4.50065327 34.63084030
v 38.60036469 4.50786018 34.70451736
v 39.36111450 4.23388624 34.61156845
v 39.36446381 4.24427319 34.70050430
v 38.89452744 4.03999853 34.32279968
v 38.51480865 4.14403582 34.32461548
v 38.53729630 4.22909737 34.33665085
v 39.27627945 3.95076680 34.32847214
v 39.29706573 4.01872301 34.35071182
v 39.25418472 3.87981820 34.32000351
v 38.84664917 4.33418131 34.43701553
v 38.55708694 4.30917978 34.36843109
v 38.57353210 4.38018894 34.41799545
v 38.58607483 4.43804741 34.48316956
v 38.59467697 4.47971725 34.56032181
v 39.11929321 4.23683405 34.43539429
v 39.35216904 4.20375967 34.52806091
v 39.33811188 4.15604877 34.45420837
v 39.31945801 4.09313536 34.39414978
v 39.96084213 3.17360711 34.30767822
v 39.85754395 3.15614319 34.30737305
v 39.25724792 3.70435786 34.31694031
v 39.75077438 3.15921235 34.30742645
v 39.27346420 3.58210397 34.31480789
v 39.64669800 3.18323708 34.30784607
v 38.46604156 4.05557203 34.32307053
v 38.39888000 3.97498536 34.32166672
v 39.55117035 3.22625041 34.30859756
v 38.31567383 3.90776753 34.32049179
v 39.31832504 3.46415830 34.31274796
v 38.22085571 3.85826850 34.31962967
v 39.37712860 3.37441516 34.31118393
v 38.12017059 3.82881141 34.31911469
v 39.45063782 3.29963541 34.30987549
v 38.01959991 3.81936288 34.31894684
v 39.46869659 3.28436065 34.30960846
v 37.99959946 3.81936288 34.31894684
v 37.55267334 4.05628395 34.32308578
v 37.61982727 3.97546935 34.32167435
v 36.76195526 3.70871902 34.31701660
v 36.74989319 3.60426307 34.31519318
v 37.70309830 3.90804553 34.32049561
v 36.71683502 3.50186157 34.31340790
v 37.79803848 3.85838962 34.31962967
v 36.65290451 3.39263701 34.31150055
v 37.89887619 3.82884002 34.31911469
v 36.56755066 3.30314660 34.30993652
v 36.03841400 3.18387485 34.30785751
v 36.11830521 3.16541219 34.30753326
v 35.35834885 -0.44999999 34.24442673
v 40.65563202 -0.44999999 34.24442673
v 40.99703598 1.70909381 38.70616150
v 40.99914551 1.63700819 38.61993408
v 40.99404526 1.76709056 38.80187988
v 40.98945999 1.83089256 38.97304153
v 40.98729324 1.85551500 39.17501831
v 40.98729324 1.85551500 44.41659546
v 40.99914551 1.63700819 44.97167587
v 40.99567795 1.73828292 44.84124756
v 40.99119186 1.80872202 44.69253159
v 40.98837280 1.84377217 44.55687332
v 37.42060471 4.50173903 48.96075821
v 36.65852356 4.23674536 48.97998810
v 37.48165512 4.23006868 49.25494766
v 36.74298859 3.95358443 49.26308823
v 36.72229004 4.02155924 49.24084473
v 37.17286301 4.33584070 49.15456772
v 37.46201706 4.31018782 49.22316360
v 37.44570923 4.38122702 49.17359924
v 37.43327713 4.43910933 49.10842514
v 37.42475128 4.48079538 49.03127289
v 36.90035629 4.23918200 49.15617752
v 36.66742706 4.20661879 49.06349182
v 36.68142319 4.15890694 49.13734436
v 36.69999695 4.09598732 49.19739914
v 35.68151855 3.41786432 49.04817963
v 35.66434097 3.43084335 48.97740555
v 35.88998413 3.26436090 49.27171326
v 35.82246017 3.31261516 49.24024200
v 35.02438354 1.63831687 49.01534271
v 35.05249786 1.63922763 49.09563446
v 35.31024933 1.63831687 49.30120850
v 35.22995758 1.63922763 49.27309418
v 35.41899109 2.84940290 49.17930603
v 35.76330566 3.35605121 49.19079208
v 35.71564865 3.39190054 49.12555313
v 35.20667648 2.26127672 49.18909073
v 35.09776688 1.63969469 49.16766739
v 35.15792465 1.63969469 49.22782516
v 24.75804520 3.17360711 38.00040054
v 25.11634064 2.80494237 38.00683594
v 24.85253143 3.20897746 37.99978256
v 24.65474701 3.15614319 38.00070572
v 24.54797745 3.15921235 38.00065231
v 25.30219269 2.35506678 38.01469040
v 24.44390106 3.18323708 38.00023270
v 25.40046501 1.88264513 38.02293396
v 24.34837532 3.22625041 37.99948120
v 23.69173241 4.03999853 37.98527908
v 24.06645203 3.60018849 37.99295425
v 24.05445099 3.70435786 37.99113846
v 24.05138969 3.87981820 37.98807526
v 23.19608307 3.97498536 37.98641205
v 23.26324463 4.05557203 37.98500443
v 23.11287880 3.90776753 37.98758698
v 24.09933090 3.49805737 37.99473953
v 23.31201363 4.14403582 37.98346329
v 23.01805878 3.85826850 37.98844910
v 24.16291428 3.38905811 37.99663925
v 22.91737556 3.82881141 37.98896408
v 24.24784088 3.29963541 37.99819946
v 22.81680298 3.81936288 37.98912811
v 24.26589966 3.28436065 37.99846649
v 22.79680252 3.81936288 37.98912811
v 20.20792198 1.88264513 38.02293396
v 21.36475372 3.30314660 37.99813843
v 22.69607925 3.82884002 37.98896408
v 21.43862915 3.37797308 37.99683380
v 22.59524536 3.85838962 37.98844910
v 21.34668732 3.28794265 37.99840546
v 21.26406860 3.23003650 37.99941635
v 21.49775124 3.46788239 37.99526596
v 22.50030136 3.90804553 37.98758316
v 21.16843605 3.18725967 38.00016403
v 21.54285812 3.58612895 37.99320221
v 22.41703224 3.97546935 37.98640442
v 20.30681992 2.35710025 38.01465225
v 21.06429863 3.16349292 38.00057602
v 21.92174530 4.04181147 37.98524475
v 22.34987640 4.05628395 37.98499298
v 22.30118752 4.14496565 37.98344421
v 21.55916214 3.70871902 37.99106216
v 20.49406242 2.80875397 38.00677109
v 20.95752144 3.16068840 38.00062561
v 21.56219673 3.88261533 37.98802567
v 20.85426712 3.17840886 38.00031662
v 20.75986671 3.21401405 37.99969482
v 21.82544708 4.40403843 34.70293808
v 21.45238876 4.24713326 37.60752869
v 21.82544708 4.40403843 37.60514069
v 22.21632576 4.50894880 37.60354233
v 21.45238876 4.24713326 34.70054626
v 22.21632576 4.50894880 34.70453644
v 19.81203842 1.63700819 34.66079712
v 19.81203842 1.63700819 37.68891907
v 19.81773186 1.77628851 37.65546799
v 19.83031082 1.91854572 37.64299393
v 19.89282227 2.27606511 34.67052841
v 19.94248772 2.45852232 37.63476944
v 20.11241722 2.88978553 34.67987823
v 20.15448570 2.97284341 37.62693787
v 20.45539093 3.43502736 34.68817902
v 20.45539093 3.43502736 37.61989594
v 21.45474052 4.24001217 34.62614441
v 22.21843147 4.49857473 34.61637115
v 21.92174530 4.04181147 34.32283020
v 21.56219673 3.88261533 34.32005310
v 21.53596115 3.96738410 34.33169174
v 22.30118752 4.14496565 34.32463074
v 22.28242111 4.21608257 34.33321762
v 21.69756317 4.23918200 34.43543243
v 21.51185036 4.04692984 34.36277008
v 21.49067116 4.11801243 34.41205597
v 21.47336769 4.17682743 34.47768402
v 21.46099663 4.21898794 34.55521011
v 21.97006607 4.33584070 34.43704224
v 22.22439003 4.46870565 34.53337860
v 22.23422623 4.42133093 34.45971680
v 22.24798012 4.35863352 34.39949417
v 22.26545525 4.28418303 34.35571671
v 19.82158661 1.63831687 34.57626724
v 19.84970093 1.63922763 34.49597549
v 20.26327133 2.19795632 34.29064560
v 20.10745239 1.63831687 34.29040527
v 20.02716064 1.63922763 34.31851578
v 20.19198036 1.63700819 34.28085709
v 20.46415520 3.42889953 34.59967041
v 20.48861122 3.41033173 34.51638794
v 20.69906235 3.25601816 34.31652451
v 20.45716667 2.73639774 34.30004501
v 20.64148712 3.29686713 34.33872223
v 20.75986671 3.21401405 34.30838394
v 20.00388145 2.26127672 34.40251923
v 19.89497185 1.63969469 34.42394638
v 19.95512962 1.63969469 34.36378860
v 20.21619606 2.84940290 34.41230774
v 20.52744675 3.38085651 34.44255066
v 20.57924271 3.34216905 34.38232040
v 25.15312004 2.73251867 34.29997635
v 23.69173241 4.03999853 34.32279968
v 24.05138969 3.87981820 34.32000351
v 24.05445099 3.70435786 34.31694031
v 24.49123573 3.16961026 34.30760574
v 24.07067108 3.58210397 34.31480789
v 25.34560966 2.19589424 34.29061127
v 24.37096024 3.21401572 34.30838394
v 23.26324463 4.05557203 34.32307053
v 23.31201363 4.14403582 34.32461548
v 23.19608307 3.97498536 34.32166672
v 25.41640663 1.63700819 34.28085709
v 24.26589966 3.28436065 34.30960846
v 23.11287880 3.90776753 34.32049179
v 24.11553001 3.46415830 34.31274796
v 23.01805878 3.85826850 34.31962967
v 24.17433357 3.37441516 34.31118393
v 22.91737556 3.82881141 34.31911469
v 24.24784088 3.29963541 34.30987549
v 22.81680298 3.81936288 34.31894684
v 22.79680252 3.81936288 34.31894684
v 22.34987640 4.05628395 34.32308578
v 22.41703224 3.97546935 34.32167435
v 21.55916214 3.70871902 34.31701660
v 21.54709816 3.60426307 34.31519318
v 22.50030136 3.90804553 34.32049561
v 21.51403809 3.50186157 34.31340790
v 22.59524536 3.85838962 34.31962967
v 21.45010948 3.39263701 34.31150055
v 22.69607925 3.82884002 34.31911469
v 21.36475372 3.30314660 34.30993652
v 20.83561897 3.18387485 34.30785751
v 20.91550827 3.16541219 34.30753326
v 20.15555191 -0.44999999 34.24442673
v 25.45283508 -0.44999999 34.24442673
v 25.15756798 3.42923832 34.68809128
v 25.15756798 3.42923832 37.61998749
v 25.45619774 2.96847034 37.62700272
v 25.49813271 2.88533568 34.67980957
v 25.66661453 2.45619154 37.63480377
v 25.71612740 2.27370143 34.67049408
v 25.77807617 1.91854572 37.64299393
v 25.79634857 1.63700819 34.66079712
v 25.79065895 1.77628851 37.65546036
v 25.79634857 1.63700819 37.68891907
v 23.78859901 4.40209341 34.70290756
v 23.39756966 4.50786018 34.70451736
v 23.39756966 4.50786018 37.60355759
v 23.78859901 4.40209341 37.60517120
v 24.16167068 4.24427319 34.70050430
v 24.16167068 4.24427319 37.60757446
v 25.13419151 3.41213441 34.54333878
v 25.15140152 3.42507052 34.61411667
v 24.92533875 3.25914526 34.31980896
v 24.99298477 3.30723310 34.35128021
v 25.78680038 1.63831687 34.57626724
v 25.75868607 1.63922763 34.49597549
v 25.50093460 1.63831687 34.29040527
v 25.58122826 1.63922763 34.31851578
v 25.39427567 2.84515929 34.41223526
v 25.05224800 3.35052323 34.40073013
v 25.09999657 3.38625503 34.46596527
v 25.60507011 2.25897074 34.40248108
v 25.71341515 1.63969469 34.42394638
v 25.65325737 1.63969469 34.36378860
v 23.39607239 4.50065327 34.63084030
v 24.15831757 4.23388624 34.61156845
v 23.33450127 4.22909737 34.33665085
v 24.07348442 3.95076680 34.32847214
v 24.09427071 4.01872301 34.35071182
v 23.64385223 4.33418131 34.43701553
v 23.35429192 4.30917978 34.36843109
v 23.37073517 4.38018894 34.41799545
v 23.38327789 4.43804741 34.48316956
v 23.39188194 4.47971725 34.56032181
v 23.91649818 4.23683405 34.43539429
v 24.14937210 4.20375967 34.52806091
v 24.13531494 4.15604877 34.45420837
v 24.11666107 4.09313536 34.39414978
v 25.76846886 1.91893744 37.72743607
v 25.74045372 1.91718221 37.80765152
v 25.48438835 1.89192915 38.01326752
v 25.56411552 1.90041709 37.98508072
v 25.14878845 3.42313313 37.70849991
v 25.12428474 3.40462613 37.79178238
v 24.91344261 3.25083160 37.99164581
v 24.97112083 3.29153872 37.96944809
v 25.55747795 2.43340135 37.90269470
v 25.69543076 1.91336751 37.87963486
v 25.63565636 1.90768433 37.93978119
v 25.35347366 2.92613769 37.89449310
v 25.08537292 3.37524700 37.86561966
v 25.03347969 3.33668733 37.92584991
v 24.15930939 4.23715448 37.68198395
v 23.39544296 4.49748993 37.69172287
v 24.07773590 3.96456075 37.97644043
v 23.33091354 4.21511793 37.97487640
v 23.91649818 4.23683405 37.87268448
v 24.10194588 4.04408121 37.94537354
v 24.12321663 4.11515284 37.89608765
v 24.14059830 4.17397308 37.83045197
v 24.15302467 4.21613312 37.75292206
v 23.64385223 4.33418131 37.87106323
v 23.38942528 4.46763229 37.77471542
v 23.37949944 4.42027617 37.84837723
v 23.36562729 4.35760450 37.90859985
v 23.34801102 4.28318691 37.95237732
v 22.21780777 4.50173903 37.67722321
v 21.45572662 4.23674536 37.69645691
v 22.27886009 4.23006868 37.97141266
v 21.54019356 3.95358443 37.97955322
v 21.51949501 4.02155924 37.95731354
v 21.97006607 4.33584070 37.87103653
v 22.25922203 4.31018782 37.93962860
v 22.24291420 4.38122702 37.89006424
v 22.23048210 4.43910933 37.82489014
v 22.22195625 4.48079538 37.74773788
v 21.69756317 4.23918200 37.87264252
v 21.46463203 4.20661879 37.77995682
v 21.47862816 4.15890694 37.85380936
v 21.49720001 4.09598732 37.91386414
v 20.47872353 3.41786432 37.76464844
v 20.46154594 3.43084335 37.69387054
v 20.68718719 3.26436090 37.98817825
v 20.61966324 3.31261516 37.95670700
v 19.83991814 1.91893744 37.72743607
v 19.86793327 1.91718221 37.80765152
v 20.12399864 1.89192915 38.01326752
v 20.04427147 1.90041709 37.98508072
v 20.25712967 2.93031621 37.89442444
v 20.56050873 3.35605121 37.90725708
v 20.51285172 3.39190054 37.84201813
v 20.05161667 2.43566537 37.90265656
v 19.91295624 1.91336751 37.87963486
v 19.97273254 1.90768433 37.93978119
v 34.21801758 2.80494237 44.10795212
v 34.21158600 3.17360711 43.74965668
v 34.21096802 3.20897746 43.84414291
v 34.21188736 3.15614319 43.64635849
v 34.19646072 4.03999853 42.68334579
v 34.19925690 3.87981820 43.04300308
v 34.20232010 3.70435786 43.04606247
v 34.21183395 3.15921235 43.53958893
v 34.22587204 2.35506678 44.29380417
v 34.20445251 3.58210397 43.06228256
v 34.21141434 3.18323708 43.43551254
v 34.19618988 4.05557203 42.25485611
v 34.19464493 4.14403582 42.30362701
v 34.23411942 1.88264513 44.39207840
v 34.21066666 3.22625041 43.33998871
v 34.19759750 3.97498536 42.18769455
v 34.19876862 3.90776753 42.10449219
v 34.20651245 3.46415830 43.10713959
v 34.19963455 3.85826850 42.00967026
v 34.20808029 3.37441516 43.16594696
v 34.20014572 3.82881141 41.90898895
v 34.20938492 3.29963541 43.23945236
v 34.20031357 3.81936288 41.80841446
v 34.20965195 3.28436065 43.25751114
v 34.20031357 3.81936288 41.78841400
v 34.19643021 4.04181147 40.91335678
v 34.19462967 4.14496565 41.29280090
v 34.19617844 4.05628395 41.34148788
v 34.19758606 3.97546935 41.40864563
v 34.20224380 3.70871902 40.55077362
v 34.19920731 3.88261533 40.55381012
v 34.20406723 3.60426307 40.53871155
v 34.19876480 3.90804553 41.49191284
v 34.20585632 3.50186157 40.50564957
v 34.19963074 3.85838962 41.58685684
v 34.20775986 3.39263701 40.44172287
v 34.20014572 3.82884002 41.68769073
v 34.20932388 3.30314660 40.35636520
v 34.20958710 3.28794265 40.33829880
v 34.21059799 3.23003650 40.25568008
v 34.21795273 2.80875397 39.48567200
v 34.21088028 3.21401405 39.75148010
v 34.21150208 3.17840886 39.84587860
v 34.21181107 3.16068840 39.94913483
v 34.21176147 3.16349292 40.05591202
v 34.22583771 2.35710025 39.29843140
v 34.21134567 3.18725967 40.16004944
v 34.23411942 1.88264513 39.19953537
v 25.89383888 1.70909381 44.78585052
v 25.98006630 1.63700819 44.78796005
v 33.90010071 1.63700819 44.78796005
v 33.86664963 1.77628851 44.78226852
v 25.79812050 1.76709056 44.78286362
v 25.62695885 1.83089256 44.77827835
v 33.85417557 1.91854572 44.76968765
v 25.42498207 1.85551500 44.77611160
v 33.84598923 2.45619154 44.65822601
v 15.66918468 1.63700819 44.78796005
v 19.62832260 1.63700819 44.78796005
v 19.75875092 1.73828292 44.78449631
v 19.90746689 1.80872202 44.78000641
v 20.04312706 1.84377217 44.77718735
v 15.67888165 2.27370143 44.70774078
v 20.18340492 1.85551500 44.77611160
v 15.68819618 2.88533568 44.48974228
v 33.83818817 2.96847034 44.44781113
v 15.69647980 3.42923832 44.14918137
v 33.83116913 3.42923832 44.14918137
v 15.70889187 4.24427319 43.15328217
v 33.81875610 4.24427319 43.15328217
v 33.81635284 4.40209341 42.78020859
v 15.71129513 4.40209341 42.78020859
v 33.81474304 4.50786018 42.38918304
v 15.71290588 4.50786018 42.38918304
v 15.50436401 1.63922763 44.75029755
v 15.58465576 1.63831687 44.77841187
v 15.29899788 2.19589424 44.33722305
v 15.28924274 1.63700819 44.40802002
v 15.29879093 1.63831687 44.49254608
v 15.32690525 1.63922763 44.57283783
v 15.60796642 3.42313313 44.14039993
v 15.52468300 3.40462613 44.11589432
v 15.32482052 3.25083160 43.90505600
v 15.30836487 2.73251867 44.14473343
v 15.34701729 3.29153872 43.96273422
v 15.31668186 3.20897746 43.84414291
v 15.41086864 2.25897074 44.59668350
v 15.37217522 1.63969469 44.64487076
v 15.43233395 1.63969469 44.70502853
v 15.42062283 2.84515929 44.38588715
v 15.45084476 3.37524700 44.07698441
v 15.39061737 3.33668733 44.02509308
v 15.63448238 4.23715448 43.15092087
v 15.62474251 4.49748993 42.38705444
v 15.33118725 4.03999853 42.68334579
v 15.32839108 3.87981820 43.04300308
v 15.34002304 3.96456075 43.06934738
v 15.33300304 4.14403582 42.30362701
v 15.34158802 4.21511793 42.32252502
v 15.44378281 4.23683405 42.90811157
v 15.37109280 4.04408121 43.09355927
v 15.42037773 4.11515284 43.11483002
v 15.48601341 4.17397308 43.13220978
v 15.56354332 4.21613312 43.14463806
v 15.44540215 4.33418131 42.63546371
v 15.54174995 4.46763229 42.38103867
v 15.46808624 4.42027617 42.37111282
v 15.40786552 4.35760450 42.35723877
v 15.36408615 4.28318691 42.33962250
v 15.31616116 3.17915845 43.76874161
v 15.31584263 3.16089582 43.68927002
v 15.25281429 -0.44999999 39.14716339
v 15.25281429 -0.44999999 44.44444656
v 15.32351017 3.60018849 43.05806351
v 15.32532883 3.70435786 43.04606247
v 15.33005238 3.97498536 42.18769455
v 15.33145905 4.05557203 42.25485611
v 15.32887936 3.90776753 42.10449219
v 15.32172775 3.49805737 43.09094238
v 15.32801533 3.85826850 42.00967026
v 15.31982517 3.38905811 43.15452576
v 15.32750130 3.82881141 41.90898895
v 15.31826401 3.29963541 43.23945236
v 15.32733631 3.81936288 41.80841446
v 15.32733631 3.81936288 41.78841400
v 15.28924274 1.63700819 39.18359375
v 15.31832504 3.30314660 40.35636520
v 15.32750130 3.82884002 41.68769073
v 15.31963158 3.37797308 40.43024063
v 15.32801723 3.85838962 41.58685684
v 15.31805992 3.28794265 40.33829880
v 15.32120132 3.46788239 40.48936462
v 15.32888412 3.90804553 41.49191284
v 15.31684017 3.21805739 40.23345947
v 15.29903412 2.19795632 39.25488281
v 15.32326508 3.58612895 40.53446960
v 15.33006096 3.97546935 41.40864563
v 15.31607056 3.17395782 40.11355209
v 15.33121872 4.04181147 40.91335678
v 15.33147144 4.05628395 41.34148788
v 15.33301926 4.14496565 41.29280090
v 15.32540512 3.70871902 40.55077362
v 15.30843258 2.73639774 39.44878006
v 15.32843971 3.88261533 40.55381012
v 15.71132469 4.40403843 40.81705856
v 15.63924313 4.50173903 41.20941925
v 15.71292210 4.50894880 41.20793915
v 15.62001038 4.23674536 40.44733810
v 15.70893574 4.24713326 40.44400024
v 15.34505367 4.23006868 41.27047348
v 15.33691216 3.95358443 40.53180695
v 15.35915279 4.02155924 40.51110840
v 15.44542980 4.33584070 40.96167755
v 15.37683582 4.31018782 41.25083542
v 15.42640209 4.38122702 41.23452759
v 15.49157333 4.43910933 41.22209167
v 15.56872559 4.48079538 41.21356964
v 15.44382191 4.23918200 40.68917465
v 15.53650856 4.20661879 40.45624542
v 15.46265602 4.15890694 40.47024155
v 15.40259933 4.09598732 40.48881149
v 15.68826389 2.88978553 39.10403061
v 15.55181885 3.41786432 39.47033691
v 15.62259483 3.43084335 39.45315933
v 15.69656754 3.43502736 39.44700241
v 15.32828712 3.26436090 39.67879868
v 15.35975933 3.31261516 39.61127472
v 15.58465576 1.63831687 38.81319809
v 15.67891788 2.27606511 38.88443375
v 15.66918468 1.63700819 38.80364990
v 15.50436401 1.63922763 38.84131241
v 15.29879093 1.63831687 39.09906387
v 15.32690525 1.63922763 39.01877213
v 15.42069340 2.84940290 39.20780945
v 15.40920925 3.35605121 39.55212021
v 15.47444725 3.39190054 39.50446320
v 15.41090775 2.26127672 38.99549484
v 15.37217522 1.63969469 38.94674301
v 15.43233395 1.63969469 38.88658524
v 33.81472778 4.50894880 41.20793915
v 33.81632233 4.40403843 40.81705856
v 33.81871414 4.24713326 40.44400024
v 33.83108139 3.43502736 39.44700241
v 33.83811951 2.97284341 39.14609909
v 33.84595108 2.45852232 38.93410110
v 25.42498207 1.85551500 38.81550217
v 33.85417557 1.91854572 38.82192230
v 25.56525993 1.84377217 38.81442261
v 25.70092010 1.80872202 38.81160355
v 33.86664200 1.77628851 38.80934143
v 25.84963608 1.73828292 38.80711746
v 25.98006630 1.63700819 38.80364990
v 33.90010071 1.63700819 38.80364990
v 20.18340492 1.85551500 38.81550217
v 19.98142815 1.83089256 38.81333542
v 19.81026649 1.76709056 38.80875015
v 19.71454811 1.70909381 38.80575943
v 19.62832260 1.63700819 38.80364990
v 33.89311600 4.24001217 40.44635391
v 33.90288925 4.49857473 41.21004486
v 34.18756866 3.96738410 40.52757263
v 34.18604279 4.21608257 41.27403259
v 34.08382797 4.23918200 40.68917465
v 34.15649033 4.04692984 40.50346375
v 34.10720444 4.11801243 40.48228455
v 34.04157639 4.17682743 40.46498108
v 33.96405029 4.21898794 40.45261002
v 34.08221817 4.33584070 40.96167755
v 33.98588181 4.46870565 41.21600342
v 34.05954361 4.42133093 41.22583771
v 34.11976624 4.35863352 41.23959351
v 34.16354370 4.28418303 41.25706863
v 33.93861771 1.91893744 38.83153152
v 34.01883698 1.91718221 38.85954666
v 34.22444916 1.89192915 39.11561203
v 34.19626236 1.90041709 39.03588486
v 33.91959381 3.42889953 39.45576859
v 34.00287247 3.41033173 39.48022461
v 34.20273972 3.25601816 39.69067383
v 34.18053818 3.29686713 39.63309860
v 34.11383820 2.43566537 39.04322815
v 34.09081650 1.91336751 38.90456772
v 34.15096283 1.90768433 38.96434402
v 34.10560989 2.93031621 39.24874115
v 34.07671356 3.38085651 39.51905823
v 34.13694000 3.34216905 39.57085419
v 33.97592163 3.41213441 44.12580490
v 33.90514374 3.42507052 44.14301300
v 34.19945145 3.25914526 43.91695023
v 34.16798019 3.30723310 43.98459625
v 33.93861771 1.91893744 44.76008224
v 34.01883698 1.91718221 44.73206711
v 34.22444916 1.89192915 44.47600174
v 34.19626236 1.90041709 44.55572891
v 34.10567856 2.92613769 44.34508514
v 34.11853409 3.35052323 44.04386139
v 34.05329514 3.38625503 44.09160995
v 34.11387634 2.43340135 44.54909134
v 34.09081650 1.91336751 44.68704224
v 34.15096283 1.90768433 44.62726593
v 33.88842392 4.50065327 42.38768387
v 33.90769196 4.23388624 43.14992905
v 34.18261337 4.22909737 42.32611465
v 34.19078827 3.95076680 43.06509781
v 34.16855240 4.01872301 43.08588409
v 34.08224487 4.33418131 42.63546371
v 34.15082932 4.30917978 42.34590530
v 34.10126495 4.38018894 42.36234665
v 34.03609085 4.43804741 42.37488937
v 33.95893860 4.47971725 42.38349533
v 34.08386612 4.23683405 42.90811157
v 33.99119949 4.20375967 43.14098358
v 34.06505585 4.15604877 43.12692642
v 34.12511063 4.09313536 43.10827255
v 23.39756966 4.50786018 45.98805237
v 23.39756966 4.50786018 49.39720535
v 23.65989876 4.44324923 49.39720535
v 23.78859901 4.40209341 45.98644257
v 23.91529846 4.35514545 49.39720535
v 24.16167068 4.24427319 45.98403931
v 24.16167068 4.24427319 49.39720535
v 25.45619774 2.96847034 45.96460724
v 25.15756798 3.42923832 45.97162628
v 25.15756798 3.42923832 49.39720535
v 25.49924278 2.88304377 49.39720535
v 25.66661453 2.45619154 45.95680618
v 25.71553802 2.27617884 49.39720535
v 25.77807617 1.91854572 45.94861984
v 25.79634857 1.63700819 49.39720535
v 25.79065704 1.77628851 45.93614578
v 25.79634857 1.63700819 45.90269470
v 15.64423943 2.28148484 54.06783295
v 16.58534813 1.63700819 53.79420853
v 15.63366795 1.63700819 53.98626328
v 15.67006588 3.43502736 54.62897491
v 16.62554550 3.43502736 54.45344162
v 15.65663052 2.88759041 54.28471756
v 19.81319427 2.27857065 50.26101685
v 19.89341927 2.27857065 49.39720535
v 19.81203842 1.63700819 49.39720535
v 19.70978928 1.63700819 50.36266708
v 20.02733994 2.88746905 50.30113983
v 20.36555481 3.43502736 50.36450958
v 20.45539093 3.43502736 49.39720535
v 20.11129189 2.88746905 49.39720535
v 19.57526398 2.27857065 51.09528351
v 19.40757942 1.63700819 51.28530121
v 19.48182106 2.27857065 51.31863785
v 19.77835655 2.88746905 51.17415619
v 20.09911728 3.43502736 51.29872513
v 19.68057442 2.88746905 51.40788269
v 19.66519547 3.43502736 52.16790009
v 19.18776512 2.27857065 51.87146378
v 18.91881752 1.63700819 52.12416077
v 18.98442841 2.27857065 52.17230988
v 19.37285995 2.88746905 51.98638916
v 18.66395569 2.27857065 52.56301117
v 18.26518631 1.63700819 52.84203720
v 19.16007805 2.88746905 52.30120850
v 19.07862854 3.43502736 52.94229889
v 18.31925774 2.27857065 52.90285873
v 18.82472038 2.88746905 52.71005630
v 18.02174950 2.27857065 53.14626312
v 17.47568703 1.63700819 53.40707779
v 18.46401024 2.88746905 53.06568909
v 18.35948181 3.43502736 53.59542847
v 17.51581764 2.27857065 53.47787476
v 18.15268517 2.88746905 53.32040024
v 17.28311920 2.27857065 53.60127258
v 17.62325478 2.88746905 53.66741562
v 17.53235626 3.43502736 54.10495377
v 17.37974548 2.88746905 53.79654694
v 16.60975838 2.27857065 53.87184525
v 16.67510986 2.88746905 54.07968521
v 22.11930084 4.50894880 50.55976105
v 22.21632576 4.50894880 49.39720535
v 21.95411110 4.44490147 49.39720535
v 15.70764256 4.50894880 56.39253998
v 16.86020088 4.50894880 56.21208572
v 15.70203495 4.40388680 56.00114441
v 21.60972214 4.35739040 50.46908188
v 21.69876671 4.35739040 49.39720535
v 21.45238876 4.24713326 49.39720535
v 21.36672211 4.24713326 50.42842484
v 21.73473740 4.40406322 50.48999405
v 21.34503365 4.35739040 51.51156998
v 21.11207199 4.24713326 51.43137741
v 21.46488380 4.40406322 51.55282974
v 21.83091545 4.50894880 51.69015503
v 20.91195297 4.35739040 52.49609756
v 20.69541740 4.24713326 52.37856293
v 21.02335358 4.40406322 52.55656433
v 21.35914421 4.50894880 52.75710678
v 20.32235718 4.35739040 53.39566803
v 20.12818336 4.24713326 53.24401474
v 20.42225266 4.40406322 53.47368622
v 20.71704292 4.50894880 53.73110199
v 19.59240913 4.35739040 54.18561935
v 19.42592049 4.24713326 54.00400543
v 18.60787964 4.24713326 54.63769913
v 19.67806053 4.40406322 54.27905273
v 19.92237663 4.50894880 54.58518600
v 18.74211884 4.35739040 54.84429550
v 18.81118011 4.40406322 54.95058441
v 18.99712944 4.50894880 55.29573059
v 17.79479790 4.35739040 55.35364151
v 17.69648933 4.24713326 55.12772751
v 17.84537506 4.40406322 55.46986771
v 17.96690369 4.50894880 55.84307861
v 16.77641678 4.35739040 55.69969177
v 15.69547272 4.24713326 55.62734604
v 16.71673393 4.24713326 55.46065140
v 16.80712318 4.40406322 55.82266617
v 19.81772995 1.77628851 45.93615341
v 19.81203842 1.63700819 45.90269470
v 19.83031082 1.91854572 45.94861984
v 19.94248772 2.45852232 45.95684433
v 20.15448570 2.97284341 45.96467590
v 20.45539093 3.43502736 45.97171402
v 21.45238876 4.24713326 45.98408127
v 21.82544708 4.40403843 45.98647308
v 22.21632576 4.50894880 45.98806763
v 25.11634064 2.80494237 45.58477783
v 23.69173241 4.03999853 45.60633469
v 24.05138969 3.87981820 45.60353851
v 24.05445099 3.70435786 45.60047531
v 24.49123573 3.16961026 45.59114075
v 25.30219269 2.35506678 45.57692337
v 24.07067108 3.58210397 45.59834290
v 23.26324463 4.05557203 45.60660553
v 23.31201363 4.14403582 45.60815048
v 25.40046501 1.88264513 45.56867599
v 24.37096024 3.21401572 45.59191513
v 23.19608307 3.97498536 45.60519791
v 23.11287880 3.90776753 45.60402679
v 24.11553001 3.46415830 45.59628296
v 23.01805878 3.85826850 45.60316086
v 24.17433357 3.37441516 45.59471512
v 22.91737556 3.82881141 45.60264587
v 24.24784088 3.29963541 45.59341049
v 22.81680298 3.81936288 45.60248184
v 24.26589966 3.28436065 45.59314346
v 22.79680252 3.81936288 45.60248184
v 21.92174530 4.04181147 45.60636520
v 22.30118752 4.14496565 45.60816574
v 22.34987640 4.05628395 45.60661697
v 22.41703224 3.97546935 45.60520935
v 21.55916214 3.70871902 45.60055161
v 21.56219673 3.88261533 45.60358810
v 21.54709816 3.60426307 45.59872818
v 22.50030136 3.90804553 45.60403061
v 21.51403809 3.50186157 45.59693909
v 22.59524536 3.85838962 45.60316467
v 21.45010948 3.39263701 45.59503555
v 22.69607925 3.82884002 45.60264969
v 21.36475372 3.30314660 45.59347153
v 20.49406242 2.80875397 45.58484268
v 20.75986671 3.21401405 45.59191513
v 20.83561897 3.18387485 45.59138870
v 20.91550827 3.16541219 45.59106827
v 20.30681992 2.35710025 45.57695770
v 20.20792198 1.88264513 45.56867599
v 23.39607239 4.50065327 45.91437149
v 24.15831757 4.23388624 45.89510345
v 23.33450127 4.22909737 45.62018204
v 24.07348442 3.95076680 45.61200714
v 24.09427071 4.01872301 45.63424301
v 23.64385223 4.33418131 45.72055054
v 23.35429192 4.30917978 45.65196609
v 23.37073517 4.38018894 45.70153046
v 23.38327789 4.43804741 45.76670456
v 23.39188194 4.47971725 45.84385681
v 23.91649818 4.23683405 45.71892929
v 24.14937210 4.20375967 45.81159592
v 24.13531494 4.15604877 45.73773956
v 24.11666107 4.09313536 45.67768478
v 25.13419151 3.41213441 45.82687378
v 25.15140152 3.42507052 45.89765167
v 24.92533875 3.25914526 45.60334396
v 24.99298477 3.30723310 45.63481522
v 25.76846886 1.91893744 45.86417770
v 25.74045372 1.91718221 45.78395844
v 25.48438835 1.89192915 45.57834625
v 25.56411552 1.90041709 45.60653305
v 25.35347366 2.92613769 45.69711685
v 25.05224800 3.35052323 45.68426132
v 25.09999657 3.38625503 45.74950027
v 25.55747795 2.43340135 45.68891907
v 25.69543076 1.91336751 45.71197891
v 25.63565636 1.90768433 45.65183258
v 19.83991814 1.91893744 45.86417770
v 19.86793327 1.91718221 45.78395844
v 20.12399864 1.89192915 45.57834625
v 20.04427147 1.90041709 45.60653305
v 20.46415520 3.42889953 45.88320160
v 20.48861122 3.41033173 45.79992294
v 20.69906235 3.25601816 45.60005569
v 20.64148712 3.29686713 45.62225723
v 20.05161667 2.43566537 45.68895721
v 19.91295624 1.91336751 45.71197891
v 19.97273254 1.90768433 45.65183258
v 20.25712967 2.93031621 45.69718552
v 20.52744675 3.38085651 45.72608185
v 20.57924271 3.34216905 45.66585541
v 21.45474052 4.24001217 45.90967941
v 22.21843147 4.49857473 45.89990616
v 21.53596115 3.96738410 45.61522675
v 22.28242111 4.21608257 45.61675262
v 21.69756317 4.23918200 45.71896744
v 21.51185036 4.04692984 45.64630508
v 21.49067116 4.11801243 45.69559097
v 21.47336769 4.17682743 45.76121902
v 21.46099663 4.21898794 45.83874512
v 21.97006607 4.33584070 45.72057724
v 22.22439003 4.46870565 45.81691360
v 22.23422623 4.42133093 45.74325180
v 22.24798012 4.35863352 45.68302917
v 22.26545525 4.28418303 45.63925171
v 15.71876907 4.24427319 58.34120560
v 17.06109428 4.24427319 58.16122818
v 15.71874428 4.40222168 57.96741867
v 23.56392860 4.44324923 50.66765594
v 23.30457687 4.50786018 50.62824631
v 23.81643105 4.35514545 50.70602417
v 24.05929947 4.24427319 50.74766541
v 23.27819633 4.44324923 51.90927505
v 23.02770805 4.50786018 51.83135223
v 23.52206993 4.35514545 51.98513794
v 23.75453186 4.24427319 52.06726837
v 22.80918694 4.44324923 53.09387970
v 22.57324600 4.50786018 52.97921371
v 23.03889656 4.35514545 53.20551682
v 23.25432777 4.24427319 53.32584763
v 22.16754532 4.44324923 54.19458389
v 21.95150757 4.50786018 54.04577637
v 22.37787628 4.35514545 54.33946228
v 22.57011986 4.24427319 54.49464798
v 21.36783218 4.44324923 55.18640900
v 21.17659950 4.50786018 55.00683594
v 21.55401230 4.35514545 55.36124039
v 21.71754646 4.24427319 55.54695511
v 20.42819977 4.44324923 56.04684448
v 20.26611328 4.50786018 55.84058380
v 20.58600426 4.35514545 56.24766159
v 20.71608925 4.24427319 56.45872116
v 19.36997223 4.44324923 56.75636292
v 19.24071121 4.50786018 56.52809143
v 18.12366676 4.50786018 57.05375671
v 19.49581909 4.35514545 56.97860718
v 19.58863640 4.24427319 57.20910645
v 18.21716881 4.44324923 57.29885864
v 18.30820084 4.35514545 57.53748322
v 18.36095238 4.24427319 57.78096390
v 16.99595070 4.44324923 57.66202164
v 16.94032860 4.50786018 57.40565491
v 15.71755791 4.50786018 57.57579422
v 17.05010414 4.35514545 57.91161346
v 15.68653488 1.63700819 59.97970581
v 17.14442825 1.63700819 59.81130219
v 15.69626808 2.27592731 59.89863205
v 25.40078735 2.88378453 50.81508636
v 25.06272316 3.42923832 50.76808167
v 25.61537743 2.27617884 50.84492111
v 25.69469261 1.63700819 50.86126709
v 25.10836792 2.88378453 52.20595169
v 24.77999878 3.42923832 52.11284256
v 25.31680489 2.27617884 52.26505280
v 25.39167213 1.63700819 52.29722977
v 24.62719727 2.88378453 53.54329681
v 24.31477928 3.42923832 53.40585327
v 24.82551003 2.27617884 53.63053894
v 24.89310455 1.63700819 53.67753601
v 23.96644402 2.88378453 54.80163574
v 23.67593002 3.42923832 54.62247849
v 24.15085411 2.27617884 54.91535950
v 24.20856094 1.63700819 54.97569656
v 23.13870049 2.88378453 55.95699310
v 22.87562370 3.42923832 55.73953629
v 21.92911339 3.42923832 56.73574066
v 23.30569077 2.27617884 56.09502792
v 23.35117531 1.63700819 56.16679001
v 22.15973663 2.88378453 56.98735428
v 22.30612755 2.27617884 57.14707184
v 22.33740234 1.63700819 57.22795868
v 21.04820633 2.88378453 57.87308502
v 20.85443115 3.42923832 57.59210968
v 21.17120934 2.27617884 58.05144119
v 21.18670273 1.63700819 58.13883972
v 19.82529449 2.88378453 58.59730911
v 19.67205811 3.42923832 58.29232407
v 19.92256355 2.27617884 58.79090118
v 19.92115784 1.63700819 58.88195038
v 18.51429939 2.88378453 59.14622116
v 18.40452194 3.42923832 58.82304382
v 18.58398056 2.27617884 59.35136414
v 18.56505775 1.63700819 59.44302750
v 17.14020348 2.88378453 59.50936890
v 17.07597733 3.42923832 59.17414856
v 15.71173954 3.42923832 59.33895874
v 15.70485115 2.88384748 59.68117523
v 17.18097115 2.27617884 59.72215271
v 15.40447140 2.56712437 54.28007126
v 15.29914474 2.20427418 54.43685532
v 15.30844784 2.73725176 54.62949371
v 15.40695572 3.02223253 54.50019073
v 15.31683159 3.21758628 54.93514633
v 15.32733440 3.26604557 54.86590958
v 15.35609531 3.31244516 54.80109787
v 15.40154171 3.35442257 54.74338913
v 15.46184158 3.38951898 54.69548035
v 15.53373432 3.41553855 54.65941238
v 15.60003757 3.42929578 54.63930130
v 15.40973473 2.84342146 54.39712143
v 15.40798283 2.75260901 54.35483932
v 15.40076828 2.36368513 54.21483994
v 15.39891624 2.25986409 54.18788147
v 15.39531231 2.05522537 54.14655685
v 15.28924274 1.63700819 54.36454010
v 15.54256248 1.63827920 54.00634384
v 15.45909119 1.63907385 54.04802322
v 15.38828468 1.63934422 54.10877991
v 15.33441162 1.63907385 54.18495560
v 15.30072117 1.63827920 54.27195740
v 15.63472843 4.50123882 56.39602280
v 15.60908031 4.23547745 55.63385391
v 15.52834606 4.20498180 55.64530182
v 15.33126831 4.04461765 56.10548019
v 15.33304501 4.14639997 56.48478699
v 15.34486580 4.23078775 56.46269608
v 15.35790062 4.02309799 55.70355606
v 15.39952469 4.09589148 55.68084717
v 15.33663082 3.95673251 55.72411346
v 15.32852459 3.88746715 55.74558258
v 15.44263744 4.33581877 56.15611267
v 15.37609291 4.31021547 56.44285202
v 15.42484760 4.38072205 56.42584610
v 15.48902702 4.43833780 56.41218185
v 15.56509113 4.48003960 56.40193176
v 15.45720673 4.15769625 55.66115570
v 15.64286900 4.23795748 58.34089661
v 15.62860870 4.49800777 57.57578659
v 15.33114529 4.03756809 57.87808228
v 15.32833004 3.87628293 58.23788834
v 15.34053516 3.96274447 58.26464462
v 15.54468632 4.46836567 57.57158279
v 15.47007656 4.42094803 57.56307983
v 15.36456585 4.28298759 57.53304672
v 15.40901279 4.35795450 57.55017090
v 15.34170341 4.21437597 57.51603317
v 15.33298111 4.14275217 57.49694443
v 15.44683170 4.23669386 58.10460281
v 15.37291050 4.04397869 58.28886032
v 15.42369175 4.11611319 58.30953217
v 15.49078274 4.17508888 58.32563019
v 15.57023811 4.21724510 58.33635330
v 15.31664658 3.20696974 59.03589249
v 15.30831623 2.72969222 59.33720779
v 15.32520485 3.24976015 59.09844971
v 15.52750492 1.95885086 59.92731476
v 15.59922123 1.63842010 59.97357559
v 15.51562119 1.63940549 59.94763184
v 15.44017029 1.63991141 59.90324783
v 15.37687302 1.63991141 59.84277725
v 15.40330887 2.05311275 59.82685852
v 15.29901886 2.19705272 59.52874756
v 15.28924274 1.63700819 59.60015869
v 15.32908821 1.63940549 59.76943207
v 15.29935265 1.63842010 59.68710327
v 15.41704178 2.25768685 59.79574966
v 15.50730419 2.47426653 59.79943848
v 15.42191219 2.55611348 59.70621872
v 15.35724926 2.62502527 59.59053421
v 15.42656898 2.84496570 59.58431244
v 15.43681335 3.02904630 59.49386978
v 15.62061119 3.42423773 59.33324051
v 15.53426075 3.40619135 59.31077194
v 15.45730019 3.37669754 59.27284622
v 15.39428997 3.33752298 59.22087097
v 15.34854412 3.29140520 59.15748978
v 15.31603146 3.17173052 58.93802643
v 15.31575394 3.15582705 58.83570099
v 15.31581974 3.15957737 58.73254776
v 15.31622696 3.18293047 58.63222885
v 15.31695938 3.22489071 58.53801727
v 15.25281429 -0.44999999 54.33126068
v 15.25281429 -0.44999999 59.63822174
v 15.32348156 3.59855437 58.25363922
v 15.32532883 3.70435786 58.24101639
v 15.32999992 3.97199893 57.37838364
v 15.33138752 4.05144691 57.44579697
v 15.32886696 3.90707994 57.29729080
v 15.32172394 3.49784303 58.28656387
v 15.32802963 3.85911059 57.20540619
v 15.31984901 3.39043570 58.34903717
v 15.32751274 3.82949090 57.10595322
v 15.31826401 3.29963541 58.43486404
v 15.32733631 3.81936288 57.00200272
v 15.31799793 3.28436065 58.45294952
v 15.32733631 3.81936288 56.98197174
v 15.31832504 3.30314660 55.54831314
v 15.32751656 3.82972360 56.87707520
v 15.31965637 3.37938166 55.62314224
v 15.32804394 3.85993838 56.77658081
v 15.31805992 3.28794265 55.53023148
v 15.31700611 3.22753906 55.44287109
v 15.32120895 3.46833897 55.68119431
v 15.32889557 3.90870643 56.68400955
v 15.31627083 3.18543673 55.34586716
v 15.32323837 3.58462214 55.72581863
v 15.33004093 3.97432065 56.60280609
v 15.31587791 3.16293335 55.24284363
v 15.33143806 4.05434847 56.53562546
v 15.32540512 3.70871902 55.74264145
v 15.31584358 3.16094947 55.13764572
v 15.31616402 3.17929173 55.03395844
v 35.32679367 -2.79192924 38.01326752
v 35.41071701 -2.78264523 38.02293396
v 35.40386581 -2.74853897 38.02508926
v 35.39891052 -2.71474910 38.03039551
v 35.31054688 -2.65949798 38.03623962
v 35.39477539 -2.66146421 38.04558945
v 35.23051071 -2.65110612 38.00960541
v 35.24706650 -2.80041718 37.98508072
v 35.05316544 -2.59301376 37.84312057
v 35.04271317 -2.81893754 37.72743607
v 35.07072830 -2.81718230 37.80765152
v 35.02052307 -2.67628860 37.65546036
v 35.03310776 -2.81854582 37.64299393
v 35.02479553 -2.56589484 37.76798630
v 35.01483536 -2.53700829 37.68891907
v 35.13621521 -2.74837685 37.91419983
v 35.11575317 -2.81336761 37.87963486
v 35.17552948 -2.80768442 37.93978119
v 35.09853745 -2.61701584 37.91058350
v 35.15864944 -2.63670659 37.96701431
v 20.18340492 1.51910245 45.19873428
v 20.18340492 1.51910245 45.14458466
v 20.09841728 1.50936568 45.14653778
v 20.09977150 1.50978470 45.19873428
v 20.01824379 1.48113763 45.15094757
v 20.02023888 1.48228848 45.19873428
v 19.95623016 1.44361115 45.15500259
v 19.94870758 1.43796229 45.19873428
v 19.90216255 1.39464641 45.15790558
v 19.88868713 1.37897968 45.19873428
v 19.84968567 1.32084692 45.16044617
v 19.84311867 1.30823350 45.19873428
v 19.81582069 1.23544240 45.16338730
v 19.81423950 1.22919297 45.19873428
v 19.80346298 1.14573431 45.16648102
v 19.80346298 1.14573431 45.19873428
v 20.18340492 1.53030014 45.05424500
v 19.89468956 1.40001094 45.07618332
v 19.87405586 1.41740239 44.99850082
v 20.18340492 1.76656675 44.79546356
v 19.68881416 1.58221984 44.79805756
v 19.74631691 1.53045726 44.82593155
v 20.04686165 1.59704041 44.89622879
v 19.84128380 1.44596148 44.92869186
v 19.79799271 1.48427737 44.87020493
v 20.18340492 1.56321526 44.96937561
v 20.18340492 1.61585593 44.89511108
v 20.18340492 1.68503547 44.83594513
v 25.42498207 1.76656675 44.79546356
v 25.42498207 1.68503547 44.83594513
v 25.42498207 1.61585593 44.89511108
v 25.42498207 1.56321526 44.96937561
v 25.42498207 1.53030014 45.05424500
v 25.42498207 1.51910245 45.14458466
v 25.79414749 1.22919297 45.19873428
v 25.80492401 1.14573431 45.19873428
v 25.80492401 1.14573431 45.16648102
v 25.79256630 1.23544240 45.16338730
v 25.76526833 1.30823350 45.19873428
v 25.75870132 1.32084692 45.16044617
v 25.71969986 1.37897968 45.19873428
v 25.70622444 1.39464641 45.15790558
v 25.65967941 1.43796229 45.19873428
v 25.64188576 1.45098472 45.15434265
v 25.58814812 1.48228848 45.19873428
v 25.56708717 1.49134195 45.14951706
v 25.50861549 1.50978470 45.19873428
v 25.49760246 1.51201046 45.14604187
v 25.42498207 1.51910245 45.19873428
v 25.91957283 1.58221984 44.79805756
v 25.86207008 1.53045726 44.82593155
v 25.71369743 1.40001094 45.07618332
v 25.73433113 1.41740239 44.99850082
v 25.56152534 1.59704041 44.89622879
v 25.76710320 1.44596148 44.92869186
v 25.81039619 1.48427737 44.87020493
v 34.23627090 1.84853888 39.19268417
v 34.24157715 1.81474900 39.18772888
v 34.24742508 1.75949788 39.09936523
v 34.25677490 1.76146412 39.18359375
v 34.22079086 1.75110602 39.01932907
v 34.05430603 1.69301367 38.84198380
v 33.97917175 1.66589475 38.81361008
v 34.12538528 1.84837675 38.92502975
v 34.12176514 1.71701574 38.88735199
v 34.17819595 1.73670650 38.94746780
v 25.71369743 1.40001094 38.51542664
v 25.75870132 1.32084692 38.43116379
v 25.70622444 1.39464641 38.43370819
v 25.73433113 1.41740239 38.59311295
v 25.79256630 1.23544240 38.42822266
v 25.81422043 1.14445996 38.50743866
v 25.80492401 1.14573431 38.42513275
v 25.84159470 1.14357316 38.58561707
v 26.08363914 1.49135137 38.80110931
v 25.91957283 1.58221984 38.79355240
v 25.86207008 1.53045726 38.76568222
v 26.15047836 1.32278967 38.79816818
v 26.09256363 1.14445996 38.78577805
v 26.01438332 1.14357316 38.75840378
v 26.17486763 1.14573431 38.79507446
v 25.85500336 1.36798811 38.69165421
v 25.81039619 1.48427737 38.72140884
v 25.76710320 1.44596148 38.66292191
v 25.89763069 1.25912344 38.68925095
v 25.94425011 1.14311838 38.71432495
v 25.88567352 1.14311838 38.65575027
v 25.42498207 1.53030014 38.53736496
v 25.50996971 1.50936568 38.44507217
v 25.42498207 1.51910245 38.44702911
v 25.65215683 1.44361115 38.43660736
v 25.59014320 1.48113763 38.44066238
v 25.42498207 1.76656675 38.79615021
v 25.56152534 1.59704041 38.69538116
v 25.42498207 1.68503547 38.75566483
v 25.42498207 1.61585593 38.69649887
v 25.42498207 1.56321526 38.62223434
v 25.80492401 1.14573431 38.39287949
v 25.79414749 1.22919297 38.39287949
v 25.76526833 1.30823350 38.39287949
v 25.71969986 1.37897968 38.39287949
v 25.65967941 1.43796229 38.39287949
v 25.58814812 1.48228848 38.39287949
v 25.50861549 1.50978470 38.39287949
v 25.42498207 1.51910245 38.39287949
v 20.18340492 1.51910245 38.44702911
v 20.18340492 1.53030014 38.53736496
v 20.18340492 1.56321526 38.62223434
v 20.18340492 1.61585593 38.69649887
v 20.18340492 1.68503547 38.75566483
v 20.18340492 1.76656675 38.79615021
v 20.11078453 1.51201046 38.44557190
v 20.18340492 1.51910245 38.39287949
v 20.09977150 1.50978470 38.39287949
v 20.04130173 1.49134195 38.44209671
v 20.02023888 1.48228848 38.39287949
v 19.96650124 1.45098472 38.43726730
v 19.94870758 1.43796229 38.39287949
v 19.90216255 1.39464641 38.43370819
v 19.88868713 1.37897968 38.39287949
v 19.84968567 1.32084692 38.43116379
v 19.84311867 1.30823350 38.39287949
v 19.81582069 1.23544240 38.42822266
v 19.81423950 1.22919297 38.39287949
v 19.80346298 1.14573431 38.42513275
v 19.80346298 1.14573431 38.39287949
v 19.80973244 1.50484717 37.75279617
v 19.82199860 1.66589475 37.76798630
v 19.85037041 1.69301367 37.84312057
v 19.80760574 1.38305879 37.84546280
v 20.18967438 1.69626474 38.07710266
v 20.10775375 1.75949788 38.03623962
v 20.02771568 1.75110602 38.00960541
v 20.19198036 1.76146412 38.04558945
v 19.80371475 1.16009879 38.24679565
v 20.18754768 1.63618255 38.12282181
v 19.80449867 1.20506549 38.10051346
v 20.18365669 1.52618885 38.32081223
v 20.18444061 1.54837239 38.24864578
v 19.91900444 1.49750841 38.11634827
v 20.18576050 1.58568335 38.18112946
v 19.89574242 1.71701574 37.91058350
v 19.95585442 1.73670650 37.96701431
v 19.80581856 1.28069580 37.96366119
v 20.19787025 1.82822037 38.02788544
v 20.19402695 1.79465628 38.03511047
v 19.93341827 1.84837675 37.91419983
v 25.40731621 1.84853888 38.02508926
v 25.41227150 1.81474900 38.03039551
v 25.50063515 1.75949788 38.03623962
v 25.41640663 1.76146412 38.04558945
v 25.58067131 1.75110602 38.00960541
v 25.75801659 1.69301367 37.84312057
v 25.78638840 1.66589475 37.76798630
v 25.67496872 1.84837675 37.91419983
v 25.71264648 1.71701574 37.91058350
v 25.65253448 1.73670650 37.96701431
v 41.00664520 1.76656675 39.17501831
v 41.00924301 1.58221984 38.68042755
v 41.03711319 1.53045726 38.73793030
v 41.35576630 1.51910245 39.17501831
v 41.35722351 1.51201046 39.10239792
v 41.26543045 1.53030014 39.17501831
v 41.36552811 1.45098472 38.95811462
v 41.28736877 1.40001094 38.88630295
v 41.20968246 1.41740239 38.86566925
v 41.36908722 1.39464641 38.89377594
v 41.10741425 1.59704041 39.03847504
v 41.08138657 1.48427737 38.78960419
v 41.13987350 1.44596148 38.83289719
v 41.36069870 1.49134195 39.03291321
v 41.04713058 1.68503547 39.17501831
v 41.10629654 1.61585593 39.17501831
v 41.18056107 1.56321526 39.17501831
v 41.00664520 1.76656675 44.41659546
v 41.04713058 1.68503547 44.41659546
v 41.10629654 1.61585593 44.41659546
v 41.18056107 1.56321526 44.41659546
v 41.26543045 1.53030014 44.41659546
v 41.35576630 1.51910245 44.41659546
v 41.35772324 1.50936568 44.50158310
v 41.36618805 1.44361115 44.64376831
v 41.28736877 1.40001094 44.70531082
v 41.36908722 1.39464641 44.69783783
v 41.36213303 1.48113763 44.58175659
v 41.20968246 1.41740239 44.72594452
v 41.00924301 1.58221984 44.91118622
v 41.03711319 1.53045726 44.85368347
v 41.10741425 1.59704041 44.55313873
v 41.08138657 1.48427737 44.80200958
v 41.13987350 1.44596148 44.75871658
v 41.01701736 -2.04446006 38.50743866
v 40.99536133 -2.13544250 38.42822266
v 41.00772095 -2.04573441 38.42513275
v 41.04439163 -2.04357314 38.58561707
v 40.96149826 -2.22084689 38.43116379
v 40.91649246 -2.30001092 38.51542664
v 40.90901947 -2.29464650 38.43370819
v 40.93712616 -2.31740236 38.59311295
v 41.29536057 -2.04446006 38.78577805
v 41.35327530 -2.22278976 38.79816818
v 41.21717834 -2.04357314 38.75840378
v 41.37766266 -2.04573441 38.79507446
v 41.28643417 -2.39135146 38.80110931
v 41.12236786 -2.48221993 38.79355240
v 41.06486511 -2.43045735 38.76568222
v 41.18286133 -2.53700829 38.80364990
v 41.10042572 -2.15912342 38.68925095
v 41.08847046 -2.04311848 38.65575027
v 41.14704514 -2.04311848 38.71432495
v 41.05780029 -2.26798820 38.69165421
v 40.96989822 -2.34596157 38.66292191
v 41.01319122 -2.38427734 38.72140884
v 41.29536057 1.14445996 38.78577805
v 41.37457275 1.23544240 38.80743408
v 41.37766266 1.14573431 38.79507446
v 41.21717834 1.14357316 38.75840378
v 41.37163162 1.32084692 38.84129715
v 41.00772095 1.14573431 38.42513275
v 41.00463104 1.32278967 38.44952011
v 41.01701736 1.14445996 38.50743866
v 41.04439163 1.14357316 38.58561707
v 41.00168610 1.49135137 38.51636124
v 41.11354828 1.25912344 38.70236969
v 41.08847046 1.14311838 38.65575027
v 41.14704514 1.14311838 38.71432495
v 41.11114120 1.36798811 38.74499512
v 41.03557205 -0.44999999 38.39727783
v 41.04676056 -0.44999999 38.48757172
v 41.07805252 -0.44999999 38.56941605
v 41.12384415 -0.44999999 38.63712311
v 41.18397141 -0.44999999 38.69356155
v 41.25392151 -0.44999999 38.73474121
v 41.32809830 -0.44999999 38.75903320
v 41.36731720 -0.44999999 38.76524353
v 41.40551758 -0.44999999 38.76722336
v 40.62777710 -2.66656685 38.79615021
v 40.82975388 -2.73089266 38.81333542
v 40.62777710 -2.75551510 38.81550217
v 41.00091553 -2.66709065 38.80875015
v 41.09663391 -2.60909390 38.80575943
v 40.62777710 -2.41910243 38.44702911
v 40.70039749 -2.41201043 38.44557190
v 40.62777710 -2.43030024 38.53736496
v 40.84468079 -2.35098481 38.43726730
v 40.76432037 -2.49704051 38.69538116
v 40.76988220 -2.39134192 38.44209671
v 40.62777710 -2.46321535 38.62223434
v 40.62777710 -2.51585603 38.69649887
v 40.62777710 -2.58503556 38.75566483
v 40.62777710 -2.41910243 38.39287949
v 40.71141052 -2.40978479 38.39287949
v 40.79094315 -2.38228846 38.39287949
v 40.86247635 -2.33796239 38.39287949
v 40.92249680 -2.27897978 38.39287949
v 40.96806335 -2.20823359 38.39287949
v 40.99694443 -2.12919307 38.39287949
v 41.00772095 -2.04573441 38.39287949
v 41.00144958 -2.40484715 37.75279617
v 40.98918533 -2.56589484 37.76798630
v 40.96081161 -2.59301376 37.84312057
v 41.00357819 -2.28305888 37.84546280
v 40.62150955 -2.59626484 38.07710266
v 40.70343018 -2.65949798 38.03623962
v 40.78346634 -2.65110612 38.00960541
v 40.61920166 -2.66146421 38.04558945
v 41.00746918 -2.06009889 38.24679565
v 40.62363434 -2.53618264 38.12282181
v 41.00668335 -2.10506558 38.10051346
v 40.62752533 -2.42618895 38.32081223
v 40.62674332 -2.44837236 38.24864578
v 40.89217758 -2.39750838 38.11634827
v 40.62542343 -2.48568344 38.18112946
v 40.91544342 -2.61701584 37.91058350
v 40.85532761 -2.63670659 37.96701431
v 41.00536346 -2.18069577 37.96366119
v 40.61331177 -2.72822046 38.02788544
v 40.61715698 -2.69465637 38.03511047
v 40.87776566 -2.74837685 37.91419983
v 25.80467224 1.16009879 38.24679565
v 25.80388832 1.20506549 38.10051346
v 25.42473030 1.52618885 38.32081223
v 25.79865646 1.50484717 37.75279617
v 25.42394638 1.54837239 38.24864578
v 25.80078125 1.38305879 37.84546280
v 25.41871262 1.69626474 38.07710266
v 25.42083931 1.63618255 38.12282181
v 25.68938446 1.49750841 38.11634827
v 25.42262650 1.58568335 38.18112946
v 25.80256844 1.28069580 37.96366119
v 25.83277702 -0.44999999 38.39727783
v 25.83475494 -0.44999999 38.43547821
v 25.84096718 -0.44999999 38.47469711
v 25.86525726 -0.44999999 38.54887390
v 25.90644073 -0.44999999 38.61882401
v 25.96287537 -0.44999999 38.67895126
v 26.03058434 -0.44999999 38.72474289
v 26.11242676 -0.44999999 38.75603485
v 26.20272064 -0.44999999 38.76722336
v 26.17486763 -2.04573441 38.79507446
v 26.09256363 -2.04446006 38.78577805
v 26.01438332 -2.04357314 38.75840378
v 25.94425011 -2.04311848 38.71432495
v 25.88567352 -2.04311848 38.65575027
v 25.84159470 -2.04357314 38.58561707
v 25.81422043 -2.04446006 38.50743866
v 25.80492401 -2.04573441 38.42513275
v 26.08457184 -2.30001092 38.88630295
v 26.16883469 -2.22084689 38.84129715
v 26.16629219 -2.29464650 38.89377594
v 26.00688744 -2.31740236 38.86566925
v 26.17177773 -2.13544250 38.80743408
v 25.79634857 -2.53700829 38.61993408
v 25.79889107 -2.39135146 38.51636124
v 25.80644608 -2.48221993 38.68042755
v 25.83431816 -2.43045735 38.73793030
v 25.80183411 -2.22278976 38.44952011
v 25.90834427 -2.26798820 38.74499512
v 25.87859154 -2.38427734 38.78960419
v 25.93707848 -2.34596157 38.83289719
v 25.91075134 -2.15912342 38.70236969
v 26.06263351 -2.43030024 39.17501831
v 26.15492630 -2.40936565 39.09003067
v 26.15297127 -2.41910243 39.17501831
v 26.16339111 -2.34361124 38.94784164
v 26.15933609 -2.38113761 39.00985718
v 25.78449821 -2.75551510 39.17501831
v 25.78557777 -2.74377227 39.03474045
v 25.80385017 -2.66656685 39.17501831
v 25.79288292 -2.63828301 38.75036240
v 25.90461731 -2.49704051 39.03847504
v 25.78839493 -2.70872211 38.89907837
v 25.84433365 -2.58503556 39.17501831
v 25.90349960 -2.51585603 39.17501831
v 25.97776413 -2.46321535 39.17501831
v 26.20712090 -2.41910243 39.17501831
v 26.20712090 -2.40978479 39.09138489
v 26.20712090 -2.38228846 39.01185226
v 26.20712090 -2.33796239 38.94031906
v 26.20712090 -2.27897978 38.88029861
v 26.20712090 -2.20823359 38.83473206
v 26.20712090 -2.12919307 38.80585098
v 26.20712090 -2.04573441 38.79507446
v 25.80385017 -2.66656685 44.41659546
v 25.78666496 -2.73089266 44.61857224
v 25.78449821 -2.75551510 44.41659546
v 25.79125023 -2.66709065 44.78973389
v 25.80644608 -2.48221993 44.91118622
v 25.79423904 -2.60909390 44.88545227
v 25.79634857 -2.53700829 44.97167587
v 25.83431816 -2.43045735 44.85368347
v 26.15297127 -2.41910243 44.41659546
v 26.15442848 -2.41201043 44.48921585
v 26.06263351 -2.43030024 44.41659546
v 26.16273117 -2.35098481 44.63349915
v 26.08457184 -2.30001092 44.70531082
v 26.00688744 -2.31740236 44.72594452
v 26.16629219 -2.29464650 44.69783783
v 25.90461731 -2.49704051 44.55313873
v 25.87859154 -2.38427734 44.80200958
v 25.93707848 -2.34596157 44.75871658
v 26.15790367 -2.39134192 44.55869675
v 25.84433365 -2.58503556 44.41659546
v 25.90349960 -2.51585603 44.41659546
v 25.97776413 -2.46321535 44.41659546
v 26.20712090 -2.12919307 44.78575897
v 26.20712090 -2.04573441 44.79653549
v 26.17486763 -2.04573441 44.79653549
v 26.17177773 -2.13544250 44.78417969
v 26.20712090 -2.20823359 44.75688171
v 26.16883469 -2.22084689 44.75031281
v 26.20712090 -2.27897978 44.71131134
v 26.20712090 -2.33796239 44.65129089
v 26.20712090 -2.38228846 44.57976151
v 26.20712090 -2.40978479 44.50022888
v 26.20712090 -2.41910243 44.41659546
v 25.83277702 -0.44999999 34.62437057
v 41.03557205 -0.44999999 34.62437057
v 25.79634857 -2.53700829 34.66079712
v 26.09256363 -2.04446006 44.80583191
v 26.01438332 -2.04357314 44.83320618
v 25.80492401 -2.04573441 45.16648102
v 25.80183411 -2.22278976 45.14208984
v 25.81422043 -2.04446006 45.08417511
v 25.84159470 -2.04357314 45.00599670
v 25.79889107 -2.39135146 45.07525253
v 25.91075134 -2.15912342 44.88924408
v 25.88567352 -2.04311848 44.93585968
v 25.94425011 -2.04311848 44.87728500
v 25.90834427 -2.26798820 44.84661484
v 25.83277702 -0.44999999 45.19433212
v 25.83277702 -0.44999999 49.39720535
v 25.79634857 -2.53700829 49.39720535
v 26.20272064 -0.44999999 44.82439041
v 26.16452026 -0.44999999 44.82636642
v 26.12530327 -0.44999999 44.83258057
v 26.05112839 -0.44999999 44.85686874
v 25.98117638 -0.44999999 44.89805222
v 25.92104912 -0.44999999 44.95448685
v 25.87525749 -0.44999999 45.02219772
v 25.84396362 -0.44999999 45.10403824
v 25.81422043 1.14445996 45.08417511
v 25.84159470 1.14357316 45.00599670
v 25.88567352 1.14311838 44.93585968
v 25.94425011 1.14311838 44.87728500
v 26.01438332 1.14357316 44.83320618
v 26.09256363 1.14445996 44.80583191
v 26.17486763 1.14573431 44.79653549
v 26.15047836 1.32278967 44.79344559
v 26.08363914 1.49135137 44.79050446
v 25.89763069 1.25912344 44.90236282
v 25.85500336 1.36798811 44.89995575
v 41.37163162 1.32084692 44.75031281
v 41.37457275 1.23544240 44.78417969
v 41.29536057 1.14445996 44.80583191
v 41.37766266 1.14573431 44.79653549
v 41.21717834 1.14357316 44.83320618
v 41.00168610 1.49135137 45.07525253
v 41.00463104 1.32278967 45.14208984
v 41.01701736 1.14445996 45.08417511
v 41.04439163 1.14357316 45.00599670
v 41.00772095 1.14573431 45.16648102
v 41.11114120 1.36798811 44.84661484
v 41.11354828 1.25912344 44.88924408
v 41.08847046 1.14311838 44.93585968
v 41.14704514 1.14311838 44.87728500
v 40.61011124 -2.74853897 45.56652451
v 40.61506653 -2.71474910 45.56121826
v 40.70343018 -2.65949798 45.55537033
v 40.61920166 -2.66146421 45.54602051
v 40.78346634 -2.65110612 45.58200455
v 40.96081161 -2.59301376 45.74848938
v 40.98918533 -2.56589484 45.82362366
v 40.87776566 -2.74837685 45.67741013
v 40.91544342 -2.61701584 45.68103027
v 40.85532761 -2.63670659 45.62459564
v 41.03557205 -0.44999999 48.96724319
v 41.03557205 -0.44999999 45.19433212
v 41.03755188 -0.44999999 45.15613174
v 41.04376221 -0.44999999 45.11691666
v 41.06805420 -0.44999999 45.04273987
v 41.10923767 -0.44999999 44.97278595
v 41.16567230 -0.44999999 44.91266251
v 41.23337936 -0.44999999 44.86687088
v 41.31522369 -0.44999999 44.83557510
v 41.40551758 -0.44999999 44.82439041
v 41.00772095 -2.04573441 45.16648102
v 41.01701736 -2.04446006 45.08417511
v 41.04439163 -2.04357314 45.00599670
v 41.08847046 -2.04311848 44.93585968
v 41.14704514 -2.04311848 44.87728500
v 41.21717834 -2.04357314 44.83320618
v 41.29536057 -2.04446006 44.80583191
v 41.37766266 -2.04573441 44.79653549
v 41.00357819 -2.28305888 45.74615097
v 41.00536346 -2.18069577 45.62795258
v 41.00144958 -2.40484715 45.83881760
v 41.00668335 -2.10506558 45.49109650
v 41.00746918 -2.06009889 45.34481812
v 41.00772095 -2.04573441 45.19873428
v 40.99694443 -2.12919307 45.19873428
v 40.96806335 -2.20823359 45.19873428
v 40.62752533 -2.42618895 45.27080154
v 40.71141052 -2.40978479 45.19873428
v 40.79094315 -2.38228846 45.19873428
v 40.62777710 -2.41910243 45.19873428
v 40.62674332 -2.44837236 45.34296799
v 40.62150955 -2.59626484 45.51450729
v 40.62363434 -2.53618264 45.46879196
v 40.89217758 -2.39750838 45.47526550
v 40.62542343 -2.48568344 45.41048050
v 40.92249680 -2.27897978 45.19873428
v 40.86247635 -2.33796239 45.19873428
v 40.91649246 -2.30001092 45.07618332
v 40.96149826 -2.22084689 45.16044617
v 40.90901947 -2.29464650 45.15790558
v 40.93712616 -2.31740236 44.99850082
v 40.99536133 -2.13544250 45.16338730
v 41.28643417 -2.39135146 44.79050446
v 41.12236786 -2.48221993 44.79805756
v 41.06486511 -2.43045735 44.82593155
v 41.35327530 -2.22278976 44.79344559
v 41.05780029 -2.26798820 44.89995575
v 41.01319122 -2.38427734 44.87020493
v 40.96989822 -2.34596157 44.92869186
v 41.10042572 -2.15912342 44.90236282
v 40.62777710 -2.43030024 45.05424500
v 40.71276474 -2.40936565 45.14653778
v 40.62777710 -2.41910243 45.14458466
v 40.85495377 -2.34361124 45.15500259
v 40.79293823 -2.38113761 45.15094757
v 40.62777710 -2.66656685 44.79546356
v 40.76432037 -2.49704051 44.89622879
v 40.62777710 -2.58503556 44.83594513
v 40.62777710 -2.51585603 44.89511108
v 40.62777710 -2.46321535 44.96937561
v 39.95691681 -4.07840872 34.30776215
v 39.85366058 -4.06068850 34.30745316
v 39.74688339 -4.06349277 34.30749893
v 39.64274597 -4.08725977 34.30791473
v 39.54711533 -4.13003635 34.30866241
v 38.88943863 -4.94181108 34.32283020
v 39.26408386 -4.50426292 34.31519318
v 39.25202179 -4.60871887 34.31701660
v 39.24898529 -4.78261518 34.32005310
v 38.39414978 -4.87546921 34.32167435
v 38.46130753 -4.95628357 34.32308578
v 38.31088257 -4.80804539 34.32049561
v 39.29714584 -4.40186167 34.31340790
v 38.50999451 -5.04496527 34.32463074
v 38.21593857 -4.75838947 34.31962967
v 39.36107254 -4.29263687 34.31150055
v 38.11510468 -4.72883987 34.31911469
v 39.44643021 -4.20314646 34.30993652
v 38.01438141 -4.71936274 34.31894684
v 39.46449661 -4.18794250 34.30967331
v 35.39477539 -2.53700829 34.28085709
v 36.56334305 -4.19963551 34.30987549
v 37.99438095 -4.71936274 34.31894684
v 37.89380646 -4.72881126 34.31911469
v 36.63684845 -4.27441502 34.31118393
v 37.79312515 -4.75826836 34.31962967
v 36.54528427 -4.18436050 34.30960846
v 36.69565582 -4.36415815 34.31274796
v 37.69830322 -4.80776739 34.32049179
v 36.44022369 -4.11401558 34.30838394
v 35.46557236 -3.09589434 34.29061127
v 36.74051285 -4.48210382 34.31480789
v 37.61510086 -4.87498522 34.32166672
v 36.31994629 -4.06961012 34.30760574
v 37.54793930 -4.95557165 34.32307053
v 36.75673294 -4.60435772 34.31694031
v 35.65806198 -3.63251877 34.29997635
v 34.98043442 -0.44999999 34.58513641
v 34.97840500 -0.44999999 34.62437057
v 34.98681641 -0.44999999 34.54486084
v 35.01176453 -0.44999999 34.46867752
v 35.05405807 -0.44999999 34.39683533
v 35.11201859 -0.44999999 34.33508301
v 35.18156052 -0.44999999 34.28805542
v 35.26561356 -0.44999999 34.25591660
v 35.01483536 -2.53700829 34.66079712
v 35.02438354 -2.53831697 34.57626724
v 35.05249786 -2.53922772 34.49597549
v 35.09776688 -2.53969479 34.42394638
v 35.15792465 -2.53969479 34.36378860
v 35.22995758 -2.53922772 34.31851578
v 35.31024933 -2.53831697 34.29040527
v 35.31305313 -3.78533578 34.67980957
v 35.67699051 -4.31213427 34.54333878
v 35.65978241 -4.32507038 34.61411667
v 35.65361404 -4.32923841 34.68809128
v 35.88584518 -4.15914536 34.31980896
v 35.81819916 -4.20723295 34.35128021
v 35.09505463 -3.17370152 34.67049408
v 35.41690826 -3.74515939 34.41223526
v 35.75893402 -4.25052309 34.40073013
v 35.71118546 -4.28625488 34.46596527
v 35.20611191 -3.15897083 34.40248108
v 38.98573685 -5.30403805 34.70293808
v 39.35644150 -5.14001179 34.62614441
v 39.35879517 -5.14713287 34.70054626
v 38.59275055 -5.39857435 34.61637115
v 38.59485626 -5.40894842 34.70453644
v 39.27522278 -4.86738396 34.33169174
v 38.52876282 -5.11608219 34.33321762
v 39.11362076 -5.13918161 34.43543243
v 39.29933167 -4.94692945 34.36277008
v 39.32051086 -5.01801205 34.41205597
v 39.33781433 -5.07682705 34.47768402
v 39.35018539 -5.11898756 34.55521011
v 38.84111786 -5.23584032 34.43704224
v 38.58679199 -5.36870527 34.53337860
v 38.57695770 -5.32133055 34.45971680
v 38.56320190 -5.25863314 34.39949417
v 38.54573059 -5.18418264 34.35571671
v 40.69486618 -0.44999999 34.24645615
v 40.73514175 -0.44999999 34.25283813
v 40.81132126 -0.44999999 34.27778244
v 40.88316345 -0.44999999 34.32007980
v 40.94491577 -0.44999999 34.37804031
v 40.99194717 -0.44999999 34.44758224
v 41.02408600 -0.44999999 34.53163528
v 34.45797729 1.16009879 38.79532623
v 34.60406113 1.22919297 38.80585098
v 34.60406113 1.14573431 38.79507446
v 34.60406113 1.30823350 38.83473206
v 34.31169891 1.20506549 38.79611206
v 34.53199387 1.52618885 39.17527008
v 34.60406113 1.50978470 39.09138489
v 34.60406113 1.48228848 39.01185226
v 34.60406113 1.51910245 39.17501831
v 33.96397781 1.50484717 38.80134583
v 34.45982742 1.54837239 39.17605209
v 34.05664444 1.38305879 38.79921722
v 34.28828812 1.69626474 39.18128586
v 34.33400345 1.63618255 39.17916107
v 34.32752991 1.49750841 38.91061783
v 34.39231491 1.58568335 39.17737198
v 34.60406113 1.37897968 38.88029861
v 34.60406113 1.43796229 38.94031906
v 34.17484283 1.28069580 38.79743195
v 35.00625992 1.14573431 38.42513275
v 34.97840500 -0.44999999 38.39727783
v 34.99696350 1.14445996 38.50743866
v 34.96722031 -0.44999999 38.48757172
v 34.96958923 1.14357316 38.58561707
v 34.93592453 -0.44999999 38.56941605
v 34.92551041 1.14311838 38.65575027
v 34.89013290 -0.44999999 38.63712311
v 34.86693573 1.14311838 38.71432495
v 34.83000946 -0.44999999 38.69356155
v 34.79679871 1.14357316 38.75840378
v 34.76005554 -0.44999999 38.73474121
v 34.71862030 1.14445996 38.78577805
v 34.68587875 -0.44999999 38.75903320
v 34.64666367 -0.44999999 38.76524353
v 34.63631439 1.14573431 38.79507446
v 34.60846329 -0.44999999 38.76722336
v 35.00625992 -2.04573441 38.42513275
v 34.99696350 -2.04446006 38.50743866
v 34.96958923 -2.04357314 38.58561707
v 34.92551041 -2.04311848 38.65575027
v 34.86693573 -2.04311848 38.71432495
v 34.79679871 -2.04357314 38.75840378
v 34.71862030 -2.04446006 38.78577805
v 34.63631439 -2.04573441 38.79507446
v 35.09748459 -2.30001092 38.51542664
v 35.05248260 -2.22084689 38.43116379
v 35.10495758 -2.29464650 38.43370819
v 35.07685089 -2.31740236 38.59311295
v 35.01861572 -2.13544250 38.42822266
v 34.89160919 -2.48221993 38.79355240
v 34.72754288 -2.39135146 38.80110931
v 34.94911194 -2.43045735 38.76568222
v 34.83111954 -2.53700829 38.80364990
v 34.66070557 -2.22278976 38.79816818
v 35.04407883 -2.34596157 38.66292191
v 34.95618057 -2.26798820 38.69165421
v 35.00078583 -2.38427734 38.72140884
v 34.91355133 -2.15912342 38.68925095
v 35.00625992 -2.04573441 38.39287949
v 35.01703644 -2.12919307 38.39287949
v 35.04591370 -2.20823359 38.39287949
v 35.09148407 -2.27897978 38.39287949
v 35.15150452 -2.33796239 38.39287949
v 35.15902710 -2.34361124 38.43660736
v 35.22303391 -2.38228846 38.39287949
v 35.22103882 -2.38113761 38.44066238
v 35.30256653 -2.40978479 38.39287949
v 35.30121231 -2.40936565 38.44507217
v 35.38619995 -2.41910243 38.39287949
v 35.38619995 -2.41910243 38.44702911
v 35.00651169 -2.06009889 38.24679565
v 35.00729370 -2.10506558 38.10051346
v 35.38645172 -2.42618895 38.32081223
v 35.01252747 -2.40484715 37.75279617
v 35.38723755 -2.44837236 38.24864578
v 35.01040268 -2.28305888 37.84546280
v 35.39247131 -2.59626484 38.07710266
v 35.39034271 -2.53618264 38.12282181
v 35.12179947 -2.39750838 38.11634827
v 35.38855743 -2.48568344 38.18112946
v 35.00861359 -2.18069577 37.96366119
v 25.49206924 -0.44999999 34.24645615
v 25.53234482 -0.44999999 34.25283813
v 25.60852623 -0.44999999 34.27778244
v 25.68036842 -0.44999999 34.32007980
v 25.74212074 -0.44999999 34.37804031
v 25.78915024 -0.44999999 34.44758224
v 25.82128906 -0.44999999 34.53163528
v 25.41640663 -2.53700829 34.28085709
v 25.50093460 -2.53831697 34.29040527
v 25.58122826 -2.53922772 34.31851578
v 25.65325737 -2.53969479 34.36378860
v 25.71341515 -2.53969479 34.42394638
v 25.75868607 -2.53922772 34.49597549
v 25.78680038 -2.53831697 34.57626724
v 25.71556664 -3.17606521 34.67052841
v 25.34511566 -3.09795642 34.29064560
v 25.14423180 -4.32889938 34.59967041
v 25.49596977 -3.78978562 34.67987823
v 25.15299606 -4.33502722 34.68817902
v 25.11977577 -4.31033182 34.51638794
v 24.90932655 -4.15601826 34.31652451
v 25.15122223 -3.63639784 34.30004501
v 24.96689987 -4.19686699 34.33872223
v 24.84852028 -4.11401415 34.30838394
v 25.60450554 -3.16127682 34.40251923
v 25.39219093 -3.74940300 34.41230774
v 25.08094025 -4.28085661 34.44255066
v 25.02914429 -4.24216890 34.38232040
v 21.81978989 -5.30209303 34.70290756
v 22.21231461 -5.40065289 34.63084030
v 22.21081734 -5.40785980 34.70451736
v 21.45006943 -5.13388586 34.61156845
v 21.44671822 -5.14427280 34.70050430
v 21.91665459 -4.93999815 34.32279968
v 22.29637337 -5.04403543 34.32461548
v 22.27388573 -5.12909698 34.33665085
v 21.53490257 -4.85076666 34.32847214
v 21.51411629 -4.91872263 34.35071182
v 21.55699921 -4.77981806 34.32000351
v 21.96453476 -5.23418093 34.43701553
v 22.25409508 -5.20917940 34.36843109
v 22.23765182 -5.28018856 34.41799545
v 22.22510910 -5.33804703 34.48316956
v 22.21650505 -5.37971687 34.56032181
v 21.69188881 -5.13683367 34.43539429
v 21.45901489 -5.10375929 34.52806091
v 21.47307396 -5.05604839 34.45420837
v 21.49172592 -4.99313498 34.39414978
v 19.77560997 -0.44999999 34.62437057
v 19.77764130 -0.44999999 34.58513641
v 19.78401947 -0.44999999 34.54486084
v 19.80896759 -0.44999999 34.46867752
v 19.85126305 -0.44999999 34.39683533
v 19.90922356 -0.44999999 34.33508301
v 19.97876358 -0.44999999 34.28805542
v 20.06281662 -0.44999999 34.25591660
v 19.77560997 -0.44999999 38.39727783
v 19.68881416 1.58221984 38.79355240
v 19.74631691 1.53045726 38.76568222
v 19.89468956 1.40001094 38.51542664
v 19.87405586 1.41740239 38.59311295
v 20.04686165 1.59704041 38.69538116
v 19.79799271 1.48427737 38.72140884
v 19.84128380 1.44596148 38.66292191
v 19.79416656 1.14445996 38.50743866
v 19.76679230 1.14357316 38.58561707
v 19.43351936 1.14573431 38.79507446
v 19.45790863 1.32278967 38.79816818
v 19.51582527 1.14445996 38.78577805
v 19.59400368 1.14357316 38.75840378
v 19.52474785 1.49135137 38.80110931
v 19.71075630 1.25912344 38.68925095
v 19.66413879 1.14311838 38.71432495
v 19.72271347 1.14311838 38.65575027
v 19.75338364 1.36798811 38.69165421
v 19.51582527 -2.04446006 38.78577805
v 19.43661118 -2.13544250 38.80743408
v 19.43351936 -2.04573441 38.79507446
v 19.59400368 -2.04357314 38.75840378
v 19.43955231 -2.22084689 38.84129715
v 19.52381516 -2.30001092 38.88630295
v 19.44209480 -2.29464650 38.89377594
v 19.60149956 -2.31740236 38.86566925
v 19.79416656 -2.04446006 38.50743866
v 19.80655479 -2.22278976 38.44952011
v 19.76679230 -2.04357314 38.58561707
v 19.80346298 -2.04573441 38.42513275
v 19.80949593 -2.39135146 38.51636124
v 19.80194283 -2.48221993 38.68042755
v 19.77406883 -2.43045735 38.73793030
v 19.69763756 -2.15912342 38.70236969
v 19.66413879 -2.04311848 38.71432495
v 19.72271347 -2.04311848 38.65575027
v 19.70004272 -2.26798820 38.74499512
v 19.67130852 -2.34596157 38.83289719
v 19.72979546 -2.38427734 38.78960419
v 19.77363205 -0.44999999 38.43547821
v 19.76742172 -0.44999999 38.47469711
v 19.74312973 -0.44999999 38.54887390
v 19.70194817 -0.44999999 38.61882401
v 19.64551163 -0.44999999 38.67895126
v 19.57780266 -0.44999999 38.72474289
v 19.49596024 -0.44999999 38.75603485
v 19.40566635 -0.44999999 38.76722336
v 19.80453682 -2.66656685 39.17501831
v 19.45541573 -2.41910243 39.17501831
v 19.45395851 -2.41201043 39.10239792
v 19.54575348 -2.43030024 39.17501831
v 19.44565582 -2.35098481 38.95811462
v 19.70377159 -2.49704051 39.03847504
v 19.45048332 -2.39134192 39.03291321
v 19.63062286 -2.46321535 39.17501831
v 19.70488739 -2.51585603 39.17501831
v 19.76405334 -2.58503556 39.17501831
v 19.40126610 -2.41910243 39.17501831
v 19.40126610 -2.40978479 39.09138489
v 19.40126610 -2.38228846 39.01185226
v 19.40126610 -2.33796239 38.94031906
v 19.40126610 -2.27897978 38.88029861
v 19.40126610 -2.20823359 38.83473206
v 19.40126610 -2.12919307 38.80585098
v 19.40126610 -2.04573441 38.79507446
v 18.76118279 -2.40484715 38.80134583
v 18.77637482 -2.56589484 38.81361008
v 18.69730568 -2.53700829 38.80364990
v 18.85150909 -2.59301376 38.84198380
v 18.85384941 -2.28305888 38.79921722
v 19.08549118 -2.59626484 39.18128586
v 19.04462814 -2.65949798 39.09936523
v 19.01799393 -2.65110612 39.01932907
v 19.05397797 -2.66146421 39.18359375
v 19.25518227 -2.06009889 38.79532623
v 19.13120842 -2.53618264 39.17916107
v 19.10890198 -2.10506558 38.79611206
v 19.32919884 -2.42618895 39.17527008
v 19.25703239 -2.44837236 39.17605209
v 19.12473488 -2.39750838 38.91061783
v 19.18951797 -2.48568344 39.17737198
v 18.91897202 -2.61701584 38.88735199
v 18.97540283 -2.63670659 38.94746780
v 18.97204781 -2.18069577 38.79743195
v 18.66385460 -2.67628860 38.80934525
v 18.73582268 -2.81893754 38.83153152
v 18.65138054 -2.81854582 38.82192230
v 18.81604004 -2.81718230 38.85954666
v 19.02165413 -2.79192924 39.11561203
v 18.99346733 -2.80041718 39.03588486
v 19.03627396 -2.72822046 39.18948364
v 19.03132248 -2.78264523 39.19953537
v 19.04349899 -2.69465637 39.18563843
v 18.92258835 -2.74837685 38.92502975
v 18.88802147 -2.81336761 38.90456772
v 18.94816589 -2.80768442 38.96434402
v 24.75411987 -4.07840872 34.30776215
v 24.65086555 -4.06068850 34.30745316
v 24.54408836 -4.06349277 34.30749893
v 24.43995094 -4.08725977 34.30791473
v 24.34431839 -4.13003635 34.30866241
v 24.06128883 -4.50426292 34.31519318
v 24.04922676 -4.60871887 34.31701660
v 23.19135475 -4.87546921 34.32167435
v 23.25851059 -4.95628357 34.32308578
v 23.10808563 -4.80804539 34.32049561
v 24.09434891 -4.40186167 34.31340790
v 23.01314354 -4.75838947 34.31962967
v 24.15827751 -4.29263687 34.31150055
v 22.91230774 -4.72883987 34.31911469
v 24.24363327 -4.20314646 34.30993652
v 22.81158447 -4.71936274 34.31894684
v 24.26169968 -4.18794250 34.30967331
v 21.36054802 -4.19963551 34.30987549
v 22.79158401 -4.71936274 34.31894684
v 22.69101143 -4.72881126 34.31911469
v 21.43405342 -4.27441502 34.31118393
v 22.59032822 -4.75826836 34.31962967
v 21.34248734 -4.18436050 34.30960846
v 21.26001167 -4.12625027 34.30859756
v 21.49285889 -4.36415815 34.31274796
v 22.49550819 -4.80776739 34.32049179
v 21.16448593 -4.08323717 34.30784607
v 21.53771782 -4.48210382 34.31480789
v 22.41230392 -4.87498522 34.32166672
v 21.06040955 -4.05921221 34.30742645
v 22.34514236 -4.95557165 34.32307053
v 21.55393600 -4.60435772 34.31694031
v 20.95363998 -4.05614328 34.30737305
v 20.85034370 -4.07360697 34.30767822
v 15.63275623 -0.44999999 38.76722336
v 15.66918468 -2.53700829 38.80364990
v 18.63539124 -3.86847043 39.14380264
v 18.62837410 -4.32923841 39.44243240
v 15.69647980 -4.32923841 39.44243240
v 15.68819618 -3.78533578 39.10186768
v 18.64319229 -3.35619164 38.93338394
v 15.67888165 -3.17370152 38.88387299
v 15.37641239 0.94289571 54.09738541
v 15.59977245 -0.44999999 53.95275497
v 15.50845242 -0.44999999 53.97250748
v 15.42436790 -0.44999999 54.01387787
v 15.35281563 -0.44999999 54.07436752
v 15.29865742 -0.44999999 54.15092087
v 15.26462460 -0.44999999 54.23841858
v 19.40566635 -0.44999999 44.82439041
v 19.43351936 -2.04573441 44.79653549
v 19.44386673 -0.44999999 44.82636642
v 19.48308372 -0.44999999 44.83258057
v 19.51582527 -2.04446006 44.80583191
v 19.55726051 -0.44999999 44.85686874
v 19.59400368 -2.04357314 44.83320618
v 19.62721252 -0.44999999 44.89805222
v 19.66413879 -2.04311848 44.87728500
v 19.68733978 -0.44999999 44.95448685
v 19.72271347 -2.04311848 44.93585968
v 19.73312950 -0.44999999 45.02219772
v 19.76679230 -2.04357314 45.00599670
v 19.76442337 -0.44999999 45.10403824
v 19.79416656 -2.04446006 45.08417511
v 19.77560997 -0.44999999 45.19433212
v 19.80346298 -2.04573441 45.16648102
v 19.52381516 -2.30001092 44.70531082
v 19.43955231 -2.22084689 44.75031281
v 19.44209480 -2.29464650 44.69783783
v 19.60149956 -2.31740236 44.72594452
v 19.43661118 -2.13544250 44.78417969
v 19.80194283 -2.48221993 44.91118622
v 19.80949593 -2.39135146 45.07525253
v 19.77406883 -2.43045735 44.85368347
v 19.80655479 -2.22278976 45.14208984
v 19.67130852 -2.34596157 44.75871658
v 19.70004272 -2.26798820 44.84661484
v 19.72979546 -2.38427734 44.80200958
v 19.69763756 -2.15912342 44.88924408
v 19.40126610 -2.04573441 44.79653549
v 19.40126610 -2.12919307 44.78575897
v 19.40126610 -2.20823359 44.75688171
v 19.40126610 -2.27897978 44.71131134
v 19.40126610 -2.33796239 44.65129089
v 19.44499588 -2.34361124 44.64376831
v 19.40126610 -2.38228846 44.57976151
v 19.44905090 -2.38113761 44.58175659
v 19.40126610 -2.40978479 44.50022888
v 19.45346069 -2.40936565 44.50158310
v 19.40126610 -2.41910243 44.41659546
v 19.45541573 -2.41910243 44.41659546
v 19.25518227 -2.06009889 44.79628372
v 19.10890198 -2.10506558 44.79550171
v 19.32919884 -2.42618895 44.41634369
v 18.77637482 -2.56589484 44.77799988
v 18.76118279 -2.40484715 44.79026794
v 19.25703239 -2.44837236 44.41555786
v 18.85150909 -2.59301376 44.74962997
v 18.85384941 -2.28305888 44.79239273
v 19.08549118 -2.59626484 44.41032410
v 19.13120842 -2.53618264 44.41245270
v 19.01799393 -2.65110612 44.57228470
v 19.04462814 -2.65949798 44.49224854
v 19.05397797 -2.66146421 44.40802002
v 19.12473488 -2.39750838 44.68099594
v 18.91897202 -2.61701584 44.70425797
v 18.97540283 -2.63670659 44.64414597
v 19.18951797 -2.48568344 44.41423798
v 18.97204781 -2.18069577 44.79418182
v 19.03347588 -2.74853897 44.39892960
v 19.03878212 -2.71474910 44.40388489
v 18.92258835 -2.74837685 44.66658020
v 15.63275623 -0.44999999 44.82439041
v 15.54002094 -0.44999999 44.81290054
v 15.45596790 -0.44999999 44.78076172
v 15.38642883 -0.44999999 44.73373413
v 15.32846737 -0.44999999 44.67198181
v 15.28617191 -0.44999999 44.60013962
v 15.26122475 -0.44999999 44.52395630
v 15.25484467 -0.44999999 44.48368073
v 15.71132469 -5.30403805 42.77455139
v 15.63924313 -5.40173864 42.38219070
v 15.71292210 -5.40894842 42.38367462
v 15.62001038 -5.13674498 43.14427185
v 15.70893574 -5.14713287 43.14760971
v 15.33121872 -4.94181108 42.67825317
v 15.33301926 -5.04496527 42.29881287
v 15.34505367 -5.13006830 42.32114029
v 15.33691216 -4.85358429 43.05980682
v 15.35915279 -4.92155886 43.08050537
v 15.32843971 -4.78261518 43.03780365
v 15.44542980 -5.23584032 42.62993240
v 15.37683582 -5.21018744 42.34077835
v 15.42640209 -5.28122663 42.35708618
v 15.49157333 -5.33910894 42.36951828
v 15.56872559 -5.38079500 42.37804413
v 15.44382191 -5.13918161 42.90243912
v 15.53650856 -5.10661840 43.13536835
v 15.46265602 -5.05890656 43.12137222
v 15.40259933 -4.99598694 43.10279846
v 15.31614780 -4.07840872 43.74573135
v 15.31583881 -4.06068850 43.64247894
v 15.32540512 -4.60871887 43.04084015
v 15.31588745 -4.06349277 43.53570175
v 15.32326508 -4.48612881 43.05714035
v 15.31630230 -4.08725977 43.43156433
v 15.33147144 -4.95628357 42.25012207
v 15.33006096 -4.87546921 42.18296814
v 15.31704903 -4.13003635 43.33592987
v 15.32888412 -4.80804539 42.09969711
v 15.32120132 -4.36788225 43.10224915
v 15.32801723 -4.75838947 42.00475693
v 15.31963158 -4.27797318 43.16136932
v 15.32750130 -4.72883987 41.90391922
v 15.31832504 -4.20314646 43.23524475
v 15.32733631 -4.71936274 41.80319595
v 15.31805992 -4.18794250 43.25331116
v 15.33145905 -4.95557165 41.33675385
v 15.33005238 -4.87498522 41.40391541
v 15.32532883 -4.60435772 40.54554749
v 15.32351017 -4.50018835 40.53354645
v 15.32887936 -4.80776739 41.48712158
v 15.32172775 -4.39805746 40.50066757
v 15.32801533 -4.75826836 41.58193970
v 15.31982517 -4.28905821 40.43708801
v 15.32750130 -4.72881126 41.68262482
v 15.31826401 -4.19963551 40.35216141
v 15.32733631 -4.71936274 41.78319550
v 15.31799793 -4.18436050 40.33409882
v 15.31698322 -4.12625027 40.25162506
v 15.30836487 -3.63251877 39.44688034
v 15.31668186 -4.10897732 39.74746704
v 15.31606483 -4.07360697 39.84195709
v 15.31575966 -4.05614328 39.94525146
v 15.31581306 -4.05921221 40.05202103
v 15.29899788 -3.09589434 39.25439072
v 15.31623268 -4.08323717 40.15609741
v 15.28924274 -2.53700829 39.18359375
v 15.26430225 -0.44999999 39.05442810
v 15.29644203 -0.44999999 38.97037506
v 15.34347057 -0.44999999 38.90083694
v 15.40522289 -0.44999999 38.84287643
v 15.47706509 -0.44999999 38.80057907
v 15.55324650 -0.44999999 38.77563095
v 15.59352303 -0.44999999 38.76925278
v 15.29879093 -2.53831697 39.09906387
v 15.32690525 -2.53922772 39.01877213
v 15.37217522 -2.53969479 38.94674301
v 15.43233395 -2.53969479 38.88658524
v 15.50436401 -2.53922772 38.84131241
v 15.58465576 -2.53831697 38.81319809
v 15.60796642 -4.32313299 39.45121002
v 15.52468300 -4.30462599 39.47571564
v 15.32482052 -4.15083170 39.68655777
v 15.34701729 -4.19153881 39.62887955
v 15.41086864 -3.15897083 38.99493027
v 15.42062283 -3.74515939 39.20572281
v 15.45084476 -4.27524710 39.51462555
v 15.39061737 -4.23668718 39.56652069
v 18.77312469 -4.31213427 39.46580887
v 18.70234680 -4.32507038 39.44859695
v 19.01522255 -3.70494246 39.48365784
v 18.99665642 -4.15914536 39.67466354
v 18.96518517 -4.20723295 39.60701752
v 19.02307701 -3.25506687 39.29780579
v 18.90288162 -3.82613778 39.24652481
v 18.91573715 -4.25052309 39.54775238
v 18.85049820 -4.28625488 39.50000381
v 18.91108131 -3.33340144 39.04252243
v 19.79416656 1.14445996 45.08417511
v 19.76679230 1.14357316 45.00599670
v 19.72271347 1.14311838 44.93585968
v 19.66413879 1.14311838 44.87728500
v 19.59400368 1.14357316 44.83320618
v 19.51582527 1.14445996 44.80583191
v 19.43351936 1.14573431 44.79653549
v 19.52474785 1.49135137 44.79050446
v 19.45790863 1.32278967 44.79344559
v 19.75338364 1.36798811 44.89995575
v 19.71075630 1.25912344 44.90236282
v 15.30837250 -3.63294601 59.33547974
v 15.31611538 -4.07652235 58.93433762
v 15.31673431 -4.11199856 59.03188705
v 15.31583309 -4.06034613 58.83248138
v 15.32540512 -4.60871887 58.23578644
v 15.31589222 -4.06373644 58.72953033
v 15.32323837 -4.48459816 58.25280762
v 15.29910469 -3.10197163 59.52726364
v 15.31629467 -4.08679676 58.62891388
v 15.33140182 -4.95231438 57.44123840
v 15.33001614 -4.87291622 57.37417984
v 15.28924274 -2.53700829 59.60015869
v 15.31702423 -4.12861633 58.53417969
v 15.32888126 -4.80785990 57.29325867
v 15.32120895 -4.36832285 58.29759598
v 15.32803726 -4.75953913 57.20109940
v 15.31965637 -4.27937841 58.35575104
v 15.32751465 -4.72961807 57.10110474
v 15.31832504 -4.20314646 58.43064880
v 15.32733631 -4.71936274 56.99676895
v 15.31805992 -4.18794250 58.44874191
v 15.33123875 -4.94292021 56.09974289
v 15.33302879 -5.04548454 56.47995758
v 15.33142281 -4.95349550 56.53105164
v 15.33002472 -4.87340689 56.59859467
v 15.32532883 -4.60435772 55.73741150
v 15.32847691 -4.78470039 55.74037933
v 15.32348251 -4.49857712 55.72496414
v 15.32888222 -4.80792189 56.67997742
v 15.32172394 -4.39786339 55.69218445
v 15.32803631 -4.75950289 56.77227783
v 15.31984901 -4.29044104 55.62984467
v 15.32751465 -4.72959328 56.87223434
v 15.31826401 -4.19963551 55.54410172
v 15.32733631 -4.71936274 56.97674561
v 15.31799793 -4.18436050 55.52602768
v 15.31694031 -4.12381220 55.43906021
v 15.31607914 -4.07447577 55.03026199
v 15.31576443 -4.05640030 55.13445282
v 15.31580544 -4.05875444 55.23989105
v 15.31620312 -4.08156586 55.34261703
v 15.37641239 -1.84289575 54.09738541
v 15.70194912 -5.30221176 55.99542618
v 15.62397861 -5.13620615 55.62663269
v 15.69536304 -5.14427280 55.62166595
v 15.62035370 -5.39691877 56.39152908
v 15.70757198 -5.40785980 56.38702393
v 15.34200668 -4.87631989 55.71186447
v 15.53845882 -5.36684179 56.39955902
v 15.46587753 -5.31956577 56.41105652
v 15.36355114 -5.18343544 56.44411850
v 15.40658951 -5.25724602 56.42597961
v 15.34145927 -5.11596870 56.46128464
v 15.43991375 -5.13721132 55.87751770
v 15.37833405 -4.96129322 55.68536758
v 15.42928314 -5.02863455 55.66407013
v 15.48814774 -5.07848454 55.64779663
v 15.55610943 -5.11520100 55.63500595
v 15.70490074 -3.78760004 59.67920303
v 15.56239986 -4.31933022 59.31555176
v 15.63568974 -4.33180714 59.33082962
v 15.71180725 -4.33502722 59.33437347
v 15.32884598 -4.16347361 59.10650635
v 15.36191082 -4.21282291 59.17550278
v 15.42666721 -3.75163603 59.58060074
v 15.41372395 -4.25712490 59.23537827
v 15.48187256 -4.29342699 59.28275299
v 15.42046738 -3.36447954 59.73713684
v 15.69634914 -3.18153167 59.89694977
v 15.41719437 -3.16311240 59.79402542
v 15.52754211 -2.86155844 59.92665482
v 15.68653488 -2.53700829 59.97970581
v 15.44017029 -2.53991151 59.90324783
v 15.37687302 -2.53991151 59.84277725
v 15.51562119 -2.53940558 59.94763184
v 15.59922123 -2.53842020 59.97357559
v 15.40341091 -2.95680475 59.82588196
v 15.29935265 -2.53842020 59.68710327
v 15.32908821 -2.53940558 59.76943207
v 15.39444351 0.94332796 59.88739777
v 15.26416969 -0.44999999 59.72928238
v 15.29680824 -0.44999999 59.81492233
v 15.34858894 -0.44999999 59.89036179
v 15.41709614 -0.44999999 59.95088196
v 15.49816608 -0.44999999 59.99319839
v 15.57199478 -0.44999999 60.01310349
v 15.64869404 -0.44999999 60.01782990
v 25.73027420 -0.44999999 50.86986160
v 25.42473984 -0.44999999 52.31411743
v 24.92206573 -0.44999999 53.70211792
v 24.23194885 -0.44999999 55.00709534
v 23.36769676 -0.44999999 56.20388412
v 22.34597969 -0.44999999 57.26939774
v 21.18649864 -0.44999999 58.18309021
v 19.91161919 -0.44999999 58.92734146
v 18.54592514 -0.44999999 59.48779297
v 17.11575508 -0.44999999 59.85364151
v 15.39444351 -1.84332800 59.88739777
v 18.61352730 -5.30403805 42.77455139
v 18.69031906 -5.14001179 43.14525986
v 18.61591721 -5.14713287 43.14760971
v 18.70009422 -5.39857435 42.38156891
v 18.61193085 -5.40894842 42.38367462
v 18.99363327 -4.94181108 42.67825317
v 18.99641228 -4.78261518 43.03780365
v 18.98477364 -4.86738396 43.06404114
v 18.99183273 -5.04496527 42.29881287
v 18.98324776 -5.11608219 42.31757736
v 18.88103104 -5.13918161 42.90243912
v 18.95369530 -4.94692945 43.08815002
v 18.90440750 -5.01801205 43.10932922
v 18.83878136 -5.07682705 43.12663269
v 18.76125526 -5.11898756 43.13900375
v 18.87942314 -5.23584032 42.62993240
v 18.78308487 -5.36870527 42.37561035
v 18.85674858 -5.32133055 42.36577225
v 18.91696930 -5.25863314 42.35202026
v 18.96074867 -5.18418264 42.33454514
v 25.15299606 -4.33502722 49.39720535
v 25.49709702 -3.78746915 49.39720535
v 25.71496773 -3.17857075 49.39720535
v 38.98573685 -5.30403805 37.60514069
v 38.59337616 -5.40173864 37.67722321
v 38.59485626 -5.40894842 37.60354233
v 39.35545731 -5.13674498 37.69645691
v 39.35879517 -5.14713287 37.60752869
v 38.88943863 -4.94181108 37.98524475
v 38.50999451 -5.04496527 37.98344421
v 38.53232193 -5.13006830 37.97141266
v 39.27098846 -4.85358429 37.97955322
v 39.29168701 -4.92155886 37.95731354
v 39.24898529 -4.78261518 37.98802567
v 38.84111786 -5.23584032 37.87103653
v 38.55195999 -5.21018744 37.93962860
v 38.56827164 -5.28122663 37.89006424
v 38.58070374 -5.33910894 37.82489014
v 38.58922577 -5.38079500 37.74773788
v 39.11362076 -5.13918161 37.87264252
v 39.34654999 -5.10661840 37.77995682
v 39.33255386 -5.05890656 37.85380936
v 39.31398392 -4.99598694 37.91386414
v 35.14456940 -3.35619164 37.63480377
v 35.50899124 -3.25506687 38.01469040
v 35.66239548 -4.32313299 37.70849991
v 35.35498428 -3.86847043 37.62700272
v 35.65361404 -4.32923841 37.61998749
v 35.68690109 -4.30462599 37.79178238
v 35.89773941 -4.15083170 37.99164581
v 35.69484329 -3.70494246 38.00683594
v 35.84006119 -4.19153881 37.96944809
v 35.95865250 -4.10897732 37.99978256
v 35.25370407 -3.33340144 37.90269470
v 35.45771027 -3.82613778 37.89449310
v 35.72581100 -4.27524710 37.86561966
v 35.77770233 -4.23668718 37.92584991
v 33.97917175 1.66589475 44.77799988
v 34.05430603 1.69301367 44.74962997
v 34.22079086 1.75110602 44.57228470
v 34.23907089 1.82822037 44.40213013
v 34.24742508 1.75949788 44.49224854
v 34.24629593 1.79465628 44.40597153
v 34.25677490 1.76146412 44.40802002
v 34.12538528 1.84837675 44.66658020
v 34.12176514 1.71701574 44.70425797
v 34.17819595 1.73670650 44.64414597
v 33.96397781 1.50484717 44.79026794
v 34.05664444 1.38305879 44.79239273
v 34.28828812 1.69626474 44.41032410
v 34.60406113 1.22919297 44.78575897
v 34.45797729 1.16009879 44.79628372
v 34.60406113 1.14573431 44.79653549
v 34.33400345 1.63618255 44.41245270
v 34.60406113 1.30823350 44.75688171
v 34.31169891 1.20506549 44.79550171
v 34.53199387 1.52618885 44.41634369
v 34.45982742 1.54837239 44.41555786
v 34.60406113 1.48228848 44.57976151
v 34.60406113 1.50978470 44.50022888
v 34.60406113 1.51910245 44.41659546
v 34.32752991 1.49750841 44.68099594
v 34.60406113 1.37897968 44.71131134
v 34.60406113 1.43796229 44.65129089
v 34.39231491 1.58568335 44.41423798
v 34.17484283 1.28069580 44.79418182
v 34.60846329 -0.44999999 44.82439041
v 34.63631439 1.14573431 44.79653549
v 34.97840500 -0.44999999 45.19433212
v 35.00625992 1.14573431 45.16648102
v 34.97642899 -0.44999999 45.15613174
v 34.97021484 -0.44999999 45.11691666
v 34.99696350 1.14445996 45.08417511
v 34.94592667 -0.44999999 45.04273987
v 34.96958923 1.14357316 45.00599670
v 34.90474319 -0.44999999 44.97278595
v 34.92551041 1.14311838 44.93585968
v 34.84830856 -0.44999999 44.91266251
v 34.86693573 1.14311838 44.87728500
v 34.78059769 -0.44999999 44.86687088
v 34.79679871 1.14357316 44.83320618
v 34.69875717 -0.44999999 44.83557510
v 34.71862030 1.14445996 44.80583191
v 35.00625992 -2.04573441 45.16648102
v 34.99696350 -2.04446006 45.08417511
v 34.96958923 -2.04357314 45.00599670
v 34.92551041 -2.04311848 44.93585968
v 34.86693573 -2.04311848 44.87728500
v 34.79679871 -2.04357314 44.83320618
v 34.71862030 -2.04446006 44.80583191
v 34.63631439 -2.04573441 44.79653549
v 35.01861572 -2.13544250 45.16338730
v 35.05248260 -2.22084689 45.16044617
v 35.09748459 -2.30001092 45.07618332
v 35.10495758 -2.29464650 45.15790558
v 35.07685089 -2.31740236 44.99850082
v 34.66070557 -2.22278976 44.79344559
v 34.72754288 -2.39135146 44.79050446
v 34.89160919 -2.48221993 44.79805756
v 34.94911194 -2.43045735 44.82593155
v 34.91355133 -2.15912342 44.90236282
v 35.00078583 -2.38427734 44.87020493
v 34.95618057 -2.26798820 44.89995575
v 35.04407883 -2.34596157 44.92869186
v 35.02052689 -2.67628860 45.93614578
v 35.04271317 -2.81893754 45.86417770
v 35.03310776 -2.81854582 45.94861984
v 35.02479553 -2.56589484 45.82362366
v 35.01483536 -2.53700829 45.90269470
v 35.05316544 -2.59301376 45.74848938
v 35.07072830 -2.81718230 45.78395844
v 35.23051071 -2.65110612 45.58200455
v 35.32679367 -2.79192924 45.57834625
v 35.24706650 -2.80041718 45.60653305
v 35.40066528 -2.72822046 45.56372452
v 35.41071701 -2.78264523 45.56867599
v 35.31054688 -2.65949798 45.55537033
v 35.39682388 -2.69465637 45.55649948
v 35.39477539 -2.66146421 45.54602051
v 35.13621521 -2.74837685 45.67741013
v 35.09853745 -2.61701584 45.68103027
v 35.15864944 -2.63670659 45.62459564
v 35.11575317 -2.81336761 45.71197891
v 35.17552948 -2.80768442 45.65183258
v 35.01703644 -2.12919307 45.19873428
v 35.00625992 -2.04573441 45.19873428
v 35.04591370 -2.20823359 45.19873428
v 35.09148407 -2.27897978 45.19873428
v 35.15150452 -2.33796239 45.19873428
v 35.16929626 -2.35098481 45.15434265
v 35.22303391 -2.38228846 45.19873428
v 35.24409485 -2.39134192 45.14951706
v 35.30256653 -2.40978479 45.19873428
v 35.31357956 -2.41201043 45.14604187
v 35.38619995 -2.41910243 45.19873428
v 35.38619995 -2.41910243 45.14458466
v 35.01252747 -2.40484715 45.83881760
v 35.01040268 -2.28305888 45.74615097
v 35.39247131 -2.59626484 45.51450729
v 35.00651169 -2.06009889 45.34481812
v 35.39034271 -2.53618264 45.46879196
v 35.00729370 -2.10506558 45.49109650
v 35.38645172 -2.42618895 45.27080154
v 35.38723755 -2.44837236 45.34296799
v 35.12179947 -2.39750838 45.47526550
v 35.38855743 -2.48568344 45.41048050
v 35.00861359 -2.18069577 45.62795258
v 35.01483536 -2.53700829 48.93081284
v 34.97840500 -0.44999999 48.96724319
v 35.31911469 -0.44999999 49.34515381
v 35.27883911 -0.44999999 49.33877563
v 35.20265579 -0.44999999 49.31382751
v 35.13081360 -0.44999999 49.27153397
v 35.06906128 -0.44999999 49.21356964
v 35.02203369 -0.44999999 49.14403152
v 34.98989487 -0.44999999 49.05997849
v 35.39477539 -2.53700829 49.31075668
v 35.31024933 -2.53831697 49.30120850
v 35.22995758 -2.53922772 49.27309418
v 35.15792465 -2.53969479 49.22782516
v 35.09776688 -2.53969479 49.16766739
v 35.05249786 -2.53922772 49.09563446
v 35.02438354 -2.53831697 49.01534271
v 38.88943863 -4.94181108 49.26877975
v 39.24898529 -4.78261518 49.27156067
v 39.25202179 -4.60871887 49.27459335
v 39.68924332 -4.07395792 49.28392792
v 39.26832581 -4.48612881 49.27673340
v 39.56933594 -4.11805725 49.28316116
v 38.46130753 -4.95628357 49.26852798
v 38.50999451 -5.04496527 49.26697922
v 38.39414978 -4.87546921 49.26993942
v 39.46449661 -4.18794250 49.28194046
v 38.31088257 -4.80804539 49.27111435
v 39.31343079 -4.36788225 49.27879715
v 38.21593857 -4.75838947 49.27198410
v 39.37255478 -4.27797318 49.28036880
v 38.11510468 -4.72883987 49.27249908
v 39.44643021 -4.20314646 49.28167343
v 38.01438141 -4.71936274 49.27266312
v 37.54793930 -4.95557165 49.26853943
v 37.61510086 -4.87498522 49.26994705
v 36.75673294 -4.60435772 49.27466965
v 36.74473190 -4.50018835 49.27648926
v 37.69830322 -4.80776739 49.27112198
v 36.71185303 -4.39805746 49.27827072
v 37.79312515 -4.75826836 49.27198410
v 36.64826965 -4.28905821 49.28017426
v 37.89380646 -4.72881126 49.27249908
v 36.56334305 -4.19963551 49.28173447
v 37.99438095 -4.71936274 49.27266312
v 36.54528427 -4.18436050 49.28200150
v 36.46280670 -4.12625027 49.28301620
v 35.65806198 -3.63251877 49.29163361
v 35.95865250 -4.10897732 49.28331757
v 36.05313873 -4.07360697 49.28393555
v 36.15643692 -4.05614328 49.28424072
v 36.26320648 -4.05921221 49.28418732
v 35.46557236 -3.09589434 49.30100250
v 36.36728287 -4.08323717 49.28376770
v 41.03354263 -0.44999999 49.00647736
v 41.02716446 -0.44999999 49.04675293
v 41.00221634 -0.44999999 49.12293243
v 40.95991898 -0.44999999 49.19477844
v 40.90195847 -0.44999999 49.25652695
v 40.83242035 -0.44999999 49.30355835
v 40.74836731 -0.44999999 49.33569717
v 35.09505463 -3.17370152 48.92111969
v 35.66239548 -4.32313299 48.99203491
v 35.31305313 -3.78533578 48.91180420
v 35.65361404 -4.32923841 48.90351868
v 35.68690109 -4.30462599 49.07531738
v 35.89773941 -4.15083170 49.27518082
v 35.84006119 -4.19153881 49.25298309
v 35.20611191 -3.15897083 49.18912888
v 35.41690826 -3.74515939 49.17937851
v 35.72581100 -4.27524710 49.14915466
v 35.77770233 -4.23668718 49.20938110
v 35.35498428 -3.86847043 45.96460724
v 35.65361404 -4.32923841 45.97162628
v 35.14456940 -3.35619164 45.95680618
v 35.67699051 -4.31213427 45.82687378
v 35.65978241 -4.32507038 45.89765167
v 35.69484329 -3.70494246 45.58477783
v 35.88584518 -4.15914536 45.60334396
v 35.81819916 -4.20723295 45.63481522
v 35.50899124 -3.25506687 45.57692337
v 35.45771027 -3.82613778 45.69711685
v 35.75893402 -4.25052309 45.68426132
v 35.71118546 -4.28625488 45.74950027
v 35.25370407 -3.33340144 45.68891907
v 38.98573685 -5.30403805 45.98647308
v 39.35644150 -5.14001179 45.90967941
v 39.35879517 -5.14713287 45.98408127
v 38.59275055 -5.39857435 45.89990616
v 38.59485626 -5.40894842 45.98806763
v 38.88943863 -4.94181108 45.60636520
v 39.24898529 -4.78261518 45.60358810
v 39.27522278 -4.86738396 45.61522675
v 38.50999451 -5.04496527 45.60816574
v 38.52876282 -5.11608219 45.61675262
v 39.11362076 -5.13918161 45.71896744
v 39.29933167 -4.94692945 45.64630508
v 39.32051086 -5.01801205 45.69559097
v 39.33781433 -5.07682705 45.76121902
v 39.35018539 -5.11898756 45.83874512
v 38.84111786 -5.23584032 45.72057724
v 38.58679199 -5.36870527 45.81691360
v 38.57695770 -5.32133055 45.74325180
v 38.56320190 -5.25863314 45.68302917
v 38.54573059 -5.18418264 45.63925171
v 38.59485626 -5.40894842 48.88707733
v 38.98573685 -5.30403805 48.88867569
v 39.35879517 -5.14713287 48.89106369
v 38.59337616 -5.40173864 48.96075821
v 39.35545731 -5.13674498 48.97998810
v 38.53232193 -5.13006830 49.25494766
v 39.27098846 -4.85358429 49.26308823
v 39.29168701 -4.92155886 49.24084473
v 38.84111786 -5.23584032 49.15456772
v 38.55195999 -5.21018744 49.22316360
v 38.56827164 -5.28122663 49.17359924
v 38.58070374 -5.33910894 49.10842514
v 38.58922577 -5.38079500 49.03127289
v 39.11362076 -5.13918161 49.15617752
v 39.34654999 -5.10661840 49.06349182
v 39.33255386 -5.05890656 49.13734436
v 39.31398392 -4.99598694 49.19739914
v 50.30857086 0.94289571 49.22358704
v 50.16393661 -0.44999999 49.00022888
v 50.44970322 -0.44999999 49.33544922
v 50.36233521 -0.44999999 49.30152130
v 50.28570175 -0.44999999 49.24732208
v 50.22508240 -0.44999999 49.17594147
v 50.18372345 -0.44999999 49.09211349
v 52.20661163 -5.30221176 48.89804840
v 51.83781815 -5.13620615 48.97602081
v 51.83285141 -5.14427280 48.90463638
v 52.60271454 -5.39691877 48.97964478
v 52.59820557 -5.40785980 48.89242935
v 52.31092453 -4.94292021 49.26876068
v 51.95156097 -4.78470039 49.27152252
v 51.92304993 -4.87631989 49.25799179
v 52.61074448 -5.36684179 49.06154251
v 52.62224197 -5.31956577 49.13412094
v 52.65530396 -5.18343544 49.23645020
v 52.63716507 -5.25724602 49.19340897
v 52.67247009 -5.11596870 49.25854111
v 52.69113922 -5.04548454 49.26697159
v 52.08869934 -5.13721132 49.16008759
v 51.89655304 -4.96129322 49.22166443
v 51.87525558 -5.02863455 49.17071533
v 51.85897827 -5.07848454 49.11185074
v 51.84619141 -5.11520100 49.04388809
v 50.30857086 -1.84289575 49.22358704
v 55.54666138 -3.63294601 49.29162598
v 55.14552307 -4.07652235 49.28388596
v 55.24306870 -4.11199856 49.28326416
v 55.04366302 -4.06034613 49.28416824
v 54.44696808 -4.60871887 49.27459335
v 54.94071198 -4.06373644 49.28410721
v 54.46399307 -4.48459816 49.27676010
v 55.73844528 -3.10197163 49.30089569
v 54.84009552 -4.08679676 49.28370667
v 53.65242386 -4.95231438 49.26859665
v 53.58536530 -4.87291622 49.26998138
v 55.81134415 -2.53700829 49.31075668
v 54.74536514 -4.12861633 49.28297424
v 53.50444412 -4.80785990 49.27111816
v 54.50878143 -4.36832285 49.27878952
v 53.41228485 -4.75953913 49.27196121
v 54.56693268 -4.27937841 49.28034210
v 53.31229019 -4.72961807 49.27248383
v 54.64183426 -4.20314646 49.28167343
v 53.20795441 -4.71936274 49.27266312
v 54.65992737 -4.18794250 49.28194046
v 52.74223709 -4.95349407 49.26857758
v 52.80978012 -4.87340450 49.26997375
v 51.94859314 -4.60435772 49.27466965
v 51.93614960 -4.49857712 49.27651596
v 52.89116669 -4.80791903 49.27111816
v 51.90336990 -4.39786339 49.27827454
v 52.98347092 -4.75950050 49.27196121
v 51.84102631 -4.29044104 49.28015137
v 53.08342743 -4.72959137 49.27248383
v 51.75528717 -4.19963551 49.28173447
v 53.18793869 -4.71936274 49.27266312
v 51.73720932 -4.18436050 49.28200150
v 51.65024567 -4.12381220 49.28305817
v 51.24144363 -4.07447577 49.28392029
v 51.34563828 -4.05640030 49.28423691
v 51.45107651 -4.05875444 49.28419495
v 51.55380249 -4.08156586 49.28379440
v 56.09857941 0.94332796 49.20555496
v 56.22148895 -0.44999999 49.04276276
v 56.22901154 -0.44999999 48.95130539
v 56.19247055 -0.44999999 49.12969971
v 56.14389801 -0.44999999 49.20724487
v 56.07799149 -0.44999999 49.27058411
v 55.99876785 -0.44999999 49.31626129
v 55.92583847 -0.44999999 49.33924484
v 56.09857941 -1.84332800 49.20555496
v 56.18476105 -2.53842020 49.00077820
v 56.19089127 -2.53700829 48.91346359
v 56.15881729 -2.53940558 49.08437729
v 56.11442947 -2.53991151 49.15982819
v 56.05395889 -2.53991151 49.22312546
v 55.98061371 -2.53940558 49.27091217
v 55.89828491 -2.53842020 49.30064774
v 55.89038467 -3.78760004 48.89509964
v 55.52673340 -4.31933022 49.03759766
v 55.54201508 -4.33180714 48.96430969
v 55.54555893 -4.33502722 48.88819122
v 55.31768799 -4.16347361 49.27115250
v 55.38668823 -4.21282291 49.23809052
v 55.79178238 -3.75163603 49.17333221
v 55.44656372 -4.25712490 49.18627548
v 55.49393463 -4.29342699 49.11812592
v 55.94831848 -3.36447954 49.17953110
v 56.10813522 -3.18153167 48.90365219
v 56.00520706 -3.16311240 49.18280411
v 56.13783646 -2.86155844 49.07245636
v 56.03706360 -2.95680475 49.19659042
v 20.20107079 1.84853888 45.56652451
v 20.19611549 1.81474900 45.56121826
v 20.10775375 1.75949788 45.55537033
v 20.19198036 1.76146412 45.54602051
v 20.02771568 1.75110602 45.58200455
v 19.85037041 1.69301367 45.74848938
v 19.82199860 1.66589475 45.82362366
v 19.93341827 1.84837675 45.67741013
v 19.89574242 1.71701574 45.68103027
v 19.95585442 1.73670650 45.62459564
v 19.80371475 1.16009879 45.34481812
v 19.80449867 1.20506549 45.49109650
v 20.18365669 1.52618885 45.27080154
v 19.80973244 1.50484717 45.83881760
v 20.18444061 1.54837239 45.34296799
v 19.80760574 1.38305879 45.74615097
v 20.18967438 1.69626474 45.51450729
v 20.18754768 1.63618255 45.46879196
v 19.91900444 1.49750841 45.47526550
v 20.18576050 1.58568335 45.41048050
v 19.80581856 1.28069580 45.62795258
v 25.78638840 1.66589475 45.82362366
v 25.75801659 1.69301367 45.74848938
v 25.58067131 1.75110602 45.58200455
v 25.41051674 1.82822037 45.56372452
v 25.50063515 1.75949788 45.55537033
v 25.41436005 1.79465628 45.55649948
v 25.41640663 1.76146412 45.54602051
v 25.67496872 1.84837675 45.67741013
v 25.71264648 1.71701574 45.68103027
v 25.65253448 1.73670650 45.62459564
v 25.79865646 1.50484717 45.83881760
v 25.80078125 1.38305879 45.74615097
v 25.41871262 1.69626474 45.51450729
v 25.80467224 1.16009879 45.34481812
v 25.42083931 1.63618255 45.46879196
v 25.80388832 1.20506549 45.49109650
v 25.42473030 1.52618885 45.27080154
v 25.42394638 1.54837239 45.34296799
v 25.68938446 1.49750841 45.47526550
v 25.42262650 1.58568335 45.41048050
v 25.80256844 1.28069580 45.62795258
v 34.65821075 1.51910245 39.17501831
v 34.65821075 1.51910245 44.41659546
v 35.00733185 1.76656675 44.41659546
v 35.00733185 1.76656675 39.17501831
v 34.96685028 1.68503547 44.41659546
v 34.96685028 1.68503547 39.17501831
v 34.90768433 1.61585593 44.41659546
v 34.90768433 1.61585593 39.17501831
v 34.83341980 1.56321526 44.41659546
v 34.83341980 1.56321526 39.17501831
v 34.74855042 1.53030014 39.17501831
v 34.74855042 1.53030014 44.41659546
v 34.65625763 1.50936568 39.09003067
v 34.64779282 1.44361115 38.94784164
v 34.72661209 1.40001094 38.88630295
v 34.64488983 1.39464641 38.89377594
v 34.65184784 1.48113763 39.00985718
v 34.80429459 1.41740239 38.86566925
v 35.00473785 1.58221984 38.68042755
v 34.97686386 1.53045726 38.73793030
v 34.90656662 1.59704041 39.03847504
v 34.87410355 1.44596148 38.83289719
v 34.93259048 1.48427737 38.78960419
v 34.64234924 1.32084692 38.84129715
v 34.63940430 1.23544240 38.80743408
v 41.40991592 1.14573431 44.79653549
v 41.40991592 1.22919297 44.78575897
v 41.40991592 1.30823350 44.75688171
v 41.40991592 1.37897968 44.71131134
v 41.40991592 1.43796229 44.65129089
v 41.40991592 1.48228848 44.57976151
v 41.40991592 1.50978470 44.50022888
v 41.40991592 1.51910245 44.41659546
v 41.40991592 1.51910245 39.17501831
v 41.55599976 1.16009879 44.79628372
v 41.70228195 1.20506549 44.79550171
v 41.48198700 1.52618885 44.41634369
v 42.03480911 1.66589475 44.77799988
v 42.04999924 1.50484717 44.79026794
v 41.55414963 1.54837239 44.41555786
v 41.95967484 1.69301367 44.74962997
v 41.95733261 1.38305879 44.79239273
v 41.72569275 1.69626474 44.41032410
v 41.67997742 1.63618255 44.41245270
v 41.79319000 1.75110602 44.57228470
v 41.76655579 1.75949788 44.49224854
v 41.75720596 1.76146412 44.40802002
v 41.68644714 1.49750841 44.68099594
v 41.89221191 1.71701574 44.70425797
v 41.83578110 1.73670650 44.64414597
v 41.62166595 1.58568335 44.41423798
v 41.83913422 1.28069580 44.79418182
v 41.77770615 1.84853888 44.39892960
v 41.77239990 1.81474900 44.40388489
v 41.88859558 1.84837675 44.66658020
v 41.77490997 1.82822037 39.18948364
v 41.76768494 1.79465628 39.18563843
v 41.75720596 1.76146412 39.18359375
v 41.72569275 1.69626474 39.18128586
v 41.67997742 1.63618255 39.17916107
v 41.62166595 1.58568335 39.17737198
v 41.55414963 1.54837239 39.17605209
v 41.48198700 1.52618885 39.17527008
v 35.01229095 1.49135137 38.51636124
v 35.00934982 1.32278967 38.44952011
v 34.90283966 1.36798811 38.74499512
v 34.90043259 1.25912344 38.70236969
v 35.38619995 -2.43030024 38.53736496
v 35.38619995 -2.75551510 38.81550217
v 35.24592209 -2.74377227 38.81442261
v 35.38619995 -2.66656685 38.79615021
v 34.96154785 -2.63828301 38.80711746
v 35.24965668 -2.49704051 38.69538116
v 35.11026382 -2.70872211 38.81160355
v 35.38619995 -2.46321535 38.62223434
v 35.38619995 -2.51585603 38.69649887
v 35.38619995 -2.58503556 38.75566483
v 19.54575348 -2.43030024 44.41659546
v 19.80453682 -2.66656685 44.41659546
v 19.70377159 -2.49704051 44.55313873
v 19.63062286 -2.46321535 44.41659546
v 19.70488739 -2.51585603 44.41659546
v 19.76405334 -2.58503556 44.41659546
v 26.84720612 -2.40484715 44.79026794
v 26.83201218 -2.56589484 44.77799988
v 26.75687790 -2.59301376 44.74962997
v 26.75453758 -2.28305888 44.79239273
v 26.52289581 -2.59626484 44.41032410
v 26.56375885 -2.65949798 44.49224854
v 26.59039307 -2.65110612 44.57228470
v 26.55440903 -2.66146421 44.40802002
v 26.35320473 -2.06009889 44.79628372
v 26.47718048 -2.53618264 44.41245270
v 26.49948502 -2.10506558 44.79550171
v 26.27919006 -2.42618895 44.41634369
v 26.35135460 -2.44837236 44.41555786
v 26.48365211 -2.39750838 44.68099594
v 26.41886902 -2.48568344 44.41423798
v 26.68941689 -2.61701584 44.70425797
v 26.63298607 -2.63670659 44.64414597
v 26.63633919 -2.18069577 44.79418182
v 26.57211304 -2.72822046 44.40213013
v 26.56488800 -2.69465637 44.40597153
v 26.68579865 -2.74837685 44.66658020
v 26.27919006 -2.42618895 39.17527008
v 26.35135460 -2.44837236 39.17605209
v 26.41886902 -2.48568344 39.17737198
v 26.47718048 -2.53618264 39.17916107
v 26.52289581 -2.59626484 39.18128586
v 26.55440903 -2.66146421 39.18359375
v 26.56960487 -2.71474910 39.18772888
v 26.57491112 -2.74853897 39.19268417
v 26.57706451 -2.78264523 39.19953537
v 49.86558914 0.59350413 47.67854691
v 49.97844315 -0.44999999 48.05063248
v 49.59730530 -0.44999999 47.16132355
v 49.17688370 0.59350413 46.50871277
v 49.03759384 -0.44999999 46.37211227
v 48.17618179 0.59350413 45.59142303
v 48.32435989 -0.44999999 45.71833038
v 47.48953629 -0.44999999 45.22924042
v 45.60838699 -0.44999999 44.82439041
v 46.95097733 0.59350413 45.00687408
v 46.57049942 -0.44999999 44.92675018
v 46.95097733 -1.49350417 45.00687408
v 48.17618179 -1.49350417 45.59142303
v 49.17688370 -1.49350417 46.50871277
v 49.86558914 -1.49350417 47.67854691
v 35.00473785 1.58221984 44.91118622
v 34.97686386 1.53045726 44.85368347
v 34.65675354 1.51201046 44.48921585
v 34.64845276 1.45098472 44.63349915
v 34.72661209 1.40001094 44.70531082
v 34.80429459 1.41740239 44.72594452
v 34.64488983 1.39464641 44.69783783
v 34.90656662 1.59704041 44.55313873
v 34.65327835 1.49134195 44.55869675
v 34.87410355 1.44596148 44.75871658
v 34.93259048 1.48427737 44.80200958
v 34.63940430 1.23544240 44.78417969
v 34.64234924 1.32084692 44.75031281
v 35.00934982 1.32278967 45.14208984
v 35.01229095 1.49135137 45.07525253
v 34.90043259 1.25912344 44.88924408
v 34.90283966 1.36798811 44.84661484
v 35.38619995 -2.66656685 44.79546356
v 35.38619995 -2.43030024 45.05424500
v 35.24965668 -2.49704051 44.89622879
v 35.38619995 -2.58503556 44.83594513
v 35.38619995 -2.51585603 44.89511108
v 35.38619995 -2.46321535 44.96937561
v 26.59959984 -4.07360697 43.74965668
v 26.59929466 -4.05614328 43.64635849
v 26.61472130 -4.93999815 42.68334579
v 26.61192513 -4.77981806 43.04300308
v 26.60886383 -4.60435772 43.04606247
v 26.59934807 -4.05921221 43.53958893
v 26.60672951 -4.48210382 43.06228256
v 26.59976768 -4.08323717 43.43551254
v 26.61499405 -4.95557165 42.25485611
v 26.61653709 -5.04403543 42.30362701
v 26.60051727 -4.12625027 43.33998871
v 26.61358643 -4.87498522 42.18769455
v 26.61241341 -4.80776739 42.10449219
v 26.60467148 -4.36415815 43.10713959
v 26.61154938 -4.75826836 42.00967026
v 26.60310364 -4.27441502 43.16594696
v 26.61103630 -4.72881126 41.90898895
v 26.60179901 -4.19963551 43.23945236
v 26.61087036 -4.71936274 41.80841446
v 26.60153198 -4.18436050 43.25751114
v 26.61087036 -4.71936274 41.78527069
v 26.61501312 -4.95667458 41.34122086
v 26.61360741 -4.87617540 41.40792847
v 26.60894012 -4.60871887 40.55077362
v 26.60711670 -4.50426292 40.53871155
v 26.61243439 -4.80890608 41.49060059
v 26.60532951 -4.40186167 40.50564957
v 26.61156654 -4.75918531 41.58487320
v 26.60342216 -4.29263687 40.44172287
v 26.61104393 -4.72933674 41.68507004
v 26.60186005 -4.20314646 40.35636520
v 26.60159492 -4.18794250 40.33829880
v 26.60058403 -4.13003635 40.25568008
v 26.59323120 -3.70875406 39.48567200
v 26.60030365 -4.11401415 39.75148010
v 26.59968185 -4.07840872 39.84587860
v 26.59937286 -4.06068850 39.94913483
v 26.59942245 -4.06349277 40.05591202
v 26.58534622 -3.25710034 39.29843140
v 26.59983635 -4.08725977 40.16004944
v 16.92145157 0.59350413 53.65440369
v 16.54936600 -0.44999999 53.76725769
v 17.43867493 -0.44999999 53.38612366
v 18.09128571 0.59350413 52.96569824
v 18.22788620 -0.44999999 52.82640839
v 19.00857735 0.59350413 51.96500015
v 18.88167000 -0.44999999 52.11317444
v 19.37075806 -0.44999999 51.27835464
v 19.77560997 -0.44999999 49.39720535
v 19.59312630 0.59350413 50.73979187
v 19.67325020 -0.44999999 50.35931396
v 19.59312630 -1.49350417 50.73979187
v 19.00857735 -1.49350417 51.96500015
v 18.09128571 -1.49350417 52.96569824
v 16.92145157 -1.49350417 53.65440369
v 39.95691681 -4.07840872 45.59129333
v 39.85366058 -4.06068850 45.59098434
v 39.74688339 -4.06349277 45.59103394
v 39.64274597 -4.08725977 45.59144974
v 39.54711533 -4.13003635 45.59219742
v 39.26408386 -4.50426292 45.59872818
v 39.25202179 -4.60871887 45.60055161
v 38.39414978 -4.87546921 45.60520935
v 38.46130753 -4.95628357 45.60661697
v 38.31088257 -4.80804539 45.60403061
v 39.29714584 -4.40186167 45.59693909
v 38.21593857 -4.75838947 45.60316467
v 39.36107254 -4.29263687 45.59503555
v 38.11510468 -4.72883987 45.60264969
v 39.44643021 -4.20314646 45.59347153
v 38.01438141 -4.71936274 45.60248184
v 39.46449661 -4.18794250 45.59320831
v 36.56334305 -4.19963551 45.59341049
v 37.99438095 -4.71936274 45.60248184
v 37.89380646 -4.72881126 45.60264587
v 36.63684845 -4.27441502 45.59471512
v 37.79312515 -4.75826836 45.60316086
v 36.54528427 -4.18436050 45.59314346
v 36.69565582 -4.36415815 45.59628296
v 37.69830322 -4.80776739 45.60402679
v 36.44022369 -4.11401558 45.59191513
v 36.74051285 -4.48210382 45.59834290
v 37.61510086 -4.87498522 45.60519791
v 36.31994629 -4.06961012 45.59114075
v 37.54793930 -4.95557165 45.60660553
v 36.75673294 -4.60435772 45.60047531
v 41.40991592 1.50978470 39.09138489
v 41.40991592 1.48228848 39.01185226
v 41.40991592 1.43796229 38.94031906
v 41.40991592 1.37897968 38.88029861
v 41.40991592 1.30823350 38.83473206
v 41.40991592 1.22919297 38.80585098
v 41.40991592 1.14573431 38.79507446
v 42.04999924 1.50484717 38.80134583
v 42.03480911 1.66589475 38.81361008
v 41.95967484 1.69301367 38.84198380
v 41.95733261 1.38305879 38.79921722
v 41.76655579 1.75949788 39.09936523
v 41.79319000 1.75110602 39.01932907
v 41.55599976 1.16009879 38.79532623
v 41.70228195 1.20506549 38.79611206
v 41.68644714 1.49750841 38.91061783
v 41.89221191 1.71701574 38.88735199
v 41.83578110 1.73670650 38.94746780
v 41.83913422 1.28069580 38.79743195
v 41.88859558 1.84837675 38.92502975
v 45.60838699 -0.44999999 38.76722336
v 45.60838699 -2.53700829 38.80364990
v 26.63633919 -2.18069577 38.79743195
v 26.75453758 -2.28305888 38.79921722
v 26.84720612 -2.40484715 38.80134583
v 26.49948502 -2.10506558 38.79611206
v 26.91108131 -2.53700829 38.80364990
v 26.35320473 -2.06009889 38.79532623
v 26.83201218 -2.56589484 38.81361008
v 26.75687790 -2.59301376 38.84198380
v 26.59039307 -2.65110612 39.01932907
v 26.56375885 -2.65949798 39.09936523
v 26.48365211 -2.39750838 38.91061783
v 26.68941689 -2.61701584 38.88735199
v 26.63298607 -2.63670659 38.94746780
v 26.58673286 -2.79192924 39.11561203
v 26.61492157 -2.80041718 39.03588486
v 26.87256622 -2.81893754 38.83153152
v 26.79234695 -2.81718230 38.85954666
v 26.94454002 -2.67628860 38.80934143
v 26.95700645 -2.81854582 38.82192230
v 26.68579865 -2.74837685 38.92502975
v 26.72036552 -2.81336761 38.90456772
v 26.66022110 -2.80768442 38.96434402
v 56.06482697 -0.44999999 47.48424530
v 56.02248383 -2.53700829 47.45557022
v 55.69897842 -0.44999999 46.05407333
v 55.65420914 -2.53700829 46.03494263
v 55.13852310 -0.44999999 44.68838120
v 55.09313202 -2.53700829 44.67884064
v 54.39427567 -0.44999999 43.41350174
v 54.35002518 -2.53700829 43.41329575
v 53.48058319 -0.44999999 42.25402069
v 53.43914413 -2.53700829 42.26259613
v 52.41506577 -0.44999999 41.23230362
v 52.37797165 -2.53700829 41.24882507
v 51.21828079 -0.44999999 40.36804962
v 51.18687820 -2.53700829 40.39144135
v 49.91330338 -0.44999999 39.67793274
v 49.88872147 -2.53700829 39.70689392
v 48.52530289 -0.44999999 39.17526245
v 48.50841522 -2.53700829 39.20832825
v 47.08104706 -0.44999999 38.86972427
v 47.07244873 -2.53700829 38.90530777
v 46.97861099 -4.33502722 39.54180145
v 45.60838699 -4.33502722 39.44700241
v 45.60838699 -3.78746915 39.10290527
v 47.05599976 -3.17857075 38.98518372
v 45.60838699 -3.17857075 38.88503265
v 47.02599716 -3.78746915 39.20097733
v 48.47602844 -3.17857075 39.28372955
v 48.41659164 -3.78746915 39.49333572
v 48.32272339 -4.33502722 39.82438660
v 49.84141541 -3.17857075 39.77497864
v 49.75368118 -3.78746915 39.97440338
v 49.61511993 -4.33502722 40.28937531
v 51.12614441 -3.17857075 40.44957352
v 51.01178360 -3.78746915 40.63501740
v 50.83116913 -4.33502722 40.92790604
v 52.30573654 -3.17857075 41.29465866
v 52.16693115 -3.78746915 41.46258926
v 51.94770050 -4.33502722 41.72781372
v 53.35771561 -3.17857075 42.29413223
v 53.19710541 -3.78746915 42.44134521
v 52.94344330 -4.33502722 42.67385483
v 54.26203918 -3.17857075 43.42894745
v 54.08268738 -3.78746915 43.55264282
v 53.79942322 -4.33502722 43.74800491
v 55.00147247 -3.17857075 44.67748642
v 54.80679321 -3.78746915 44.77530670
v 54.49932480 -4.33502722 44.92979813
v 55.56192398 -3.17857075 46.01595688
v 55.35563278 -3.78746915 46.08603287
v 55.38079071 -4.33502722 47.52461243
v 55.02981567 -4.33502722 46.19671249
v 55.93272018 -3.17857075 47.41884995
v 55.71874237 -3.78746915 47.45985413
v 46.63863754 -5.14427280 43.23886490
v 45.60838699 -5.14427280 43.15328217
v 45.60838699 -5.25514507 42.90690994
v 52.41784668 -5.40785980 47.74081802
v 46.72143173 -5.34324884 42.74397278
v 45.60838699 -5.34324884 42.65151215
v 45.60838699 -5.40785980 42.38918304
v 46.76999664 -5.40785980 42.48612213
v 46.67929077 -5.25514507 42.99586868
v 47.80396271 -5.34324884 43.01881790
v 47.89947128 -5.40785980 42.77426529
v 47.72083282 -5.25514507 43.26031113
v 47.64064407 -5.14427280 43.49326706
v 48.82630539 -5.34324884 43.46851349
v 48.96555710 -5.40785980 43.24563599
v 48.70447159 -5.25514507 43.69298172
v 48.58694458 -5.14427280 43.90951157
v 49.76043320 -5.34324884 44.08073425
v 49.93876648 -5.40785980 43.88719559
v 49.60323334 -5.25514507 44.28202057
v 49.45159149 -5.14427280 44.47619247
v 50.58074570 -5.34324884 44.83869171
v 50.79217148 -5.40785980 44.68119431
v 50.39248657 -5.25514507 45.01128387
v 50.21088028 -5.14427280 45.17777252
v 51.26474762 -5.34324884 45.72161484
v 51.50216293 -5.40785980 45.60566711
v 51.05059052 -5.25514507 45.86077881
v 50.84400558 -5.14427280 45.99502182
v 51.79369354 -5.34324884 46.70529938
v 52.04909897 -5.40785980 46.63503265
v 51.55950928 -5.25514507 46.80721664
v 51.33360672 -5.14427280 46.90553284
v 52.15307999 -5.34324884 47.76277161
v 51.90528870 -5.25514507 47.82465363
v 51.66625977 -5.14427280 47.88434982
v 39.25202179 -4.60871887 37.99106216
v 39.68924332 -4.07395792 38.00039291
v 39.26832581 -4.48612881 37.99320221
v 38.46130753 -4.95628357 37.98499298
v 39.56933594 -4.11805725 37.99962616
v 38.39414978 -4.87546921 37.98640442
v 38.31088257 -4.80804539 37.98758316
v 39.31343079 -4.36788225 37.99526596
v 38.21593857 -4.75838947 37.98844910
v 39.37255478 -4.27797318 37.99683380
v 38.11510468 -4.72883987 37.98896408
v 39.44643021 -4.20314646 37.99813843
v 38.01438141 -4.71936274 37.98912811
v 39.46449661 -4.18794250 37.99840546
v 37.54793930 -4.95557165 37.98500443
v 37.61510086 -4.87498522 37.98641205
v 36.75673294 -4.60435772 37.99113846
v 36.74473190 -4.50018835 37.99295425
v 37.69830322 -4.80776739 37.98758698
v 36.71185303 -4.39805746 37.99473953
v 37.79312515 -4.75826836 37.98844910
v 36.64826965 -4.28905821 37.99663925
v 37.89380646 -4.72881126 37.98896408
v 36.56334305 -4.19963551 37.99819946
v 37.99438095 -4.71936274 37.98912811
v 36.54528427 -4.18436050 37.99846649
v 36.46280670 -4.12625027 37.99948120
v 36.05313873 -4.07360697 38.00040054
v 36.15643692 -4.05614328 38.00070572
v 36.26320648 -4.05921221 38.00065231
v 36.36728287 -4.08323717 38.00023270
v 17.14442825 -2.53700829 59.81130219
v 18.56505775 -2.53700829 59.44302750
v 19.92115784 -2.53700829 58.88195038
v 21.18670273 -2.53700829 58.13883972
v 22.33740234 -2.53700829 57.22795868
v 23.35117531 -2.53700829 56.16679001
v 24.20856094 -2.53700829 54.97569656
v 24.89310455 -2.53700829 53.67753601
v 25.39167213 -2.53700829 52.29722977
v 25.69469261 -2.53700829 50.86126709
v 19.00860977 -4.08387470 43.76438141
v 19.00893211 -4.06541204 43.68449020
v 19.00127220 -4.50426292 43.05290222
v 18.99944878 -4.60871887 43.04084015
v 18.99479103 -4.87546921 42.18296814
v 18.99338150 -4.95628357 42.25012207
v 18.99596786 -4.80804539 42.09969711
v 19.00305939 -4.40186167 43.08596039
v 18.99683571 -4.75838947 42.00475693
v 19.00496483 -4.29263687 43.14989090
v 18.99735069 -4.72883987 41.90391922
v 19.00652695 -4.20314646 43.23524475
v 18.99751663 -4.71936274 41.80319595
v 19.00658798 -4.19963551 40.35216141
v 18.99751663 -4.71936274 41.78319550
v 18.99735260 -4.72881126 41.68262482
v 19.00528336 -4.27441502 40.42566681
v 18.99683762 -4.75826836 41.58193970
v 19.00685501 -4.18436050 40.33409882
v 19.00371742 -4.36415815 40.48447037
v 18.99597359 -4.80776739 41.48712158
v 19.00808334 -4.11401558 40.22903824
v 19.00165749 -4.48210382 40.52933121
v 18.99480057 -4.87498522 41.40391541
v 19.00885773 -4.06961012 40.10876465
v 18.99339294 -4.95557165 41.33675385
v 18.99952507 -4.60435772 40.54554749
v 26.99242592 -5.14427280 43.15328217
v 26.99482918 -5.30209303 42.78020859
v 26.99644089 -5.40785980 42.38918304
v 26.98010254 -4.33502722 39.44700241
v 26.97306252 -3.87284350 39.14609909
v 26.96523094 -3.35852242 38.93410110
v 26.92276001 -5.40065289 42.38768387
v 26.90349197 -5.13388586 43.14992905
v 26.62857056 -5.12909698 42.32611465
v 26.62039566 -4.85076666 43.06509781
v 26.64263153 -4.91872263 43.08588409
v 26.72893715 -5.23418093 42.63546371
v 26.66035271 -5.20917940 42.34590530
v 26.70991898 -5.28018856 42.36234665
v 26.77509117 -5.33804703 42.37488937
v 26.85224342 -5.37971687 42.38349533
v 26.72731781 -5.13683367 42.90811157
v 26.81998444 -5.10375929 43.14098358
v 26.74612808 -5.05604839 43.12692642
v 26.68607330 -4.99313498 43.10827255
v 26.89159203 -4.32889938 39.45576859
v 26.80830956 -4.31033182 39.48022461
v 26.60844421 -4.15601826 39.69067383
v 26.63064384 -4.19686699 39.63309860
v 26.69734383 -3.33566546 39.04322815
v 26.70557404 -3.83031631 39.24874115
v 26.73447227 -4.28085661 39.51905823
v 26.67424393 -4.24216890 39.57085419
v 25.61481667 -3.17857075 50.84481430
v 25.39902115 -3.78746915 50.81481171
v 25.05819893 -4.33502722 50.76742554
v 25.31627274 -3.17857075 52.26484299
v 25.10666466 -3.78746915 52.20541000
v 24.77561378 -4.33502722 52.11154175
v 24.82502174 -3.17857075 53.63022995
v 24.62559509 -3.78746915 53.54249954
v 24.31062698 -4.33502722 53.40393448
v 24.15042686 -3.17857075 54.91495895
v 23.96498299 -3.78746915 54.80060196
v 23.67209435 -4.33502722 54.61998367
v 23.30534172 -3.17857075 56.09455109
v 23.13741302 -3.78746915 55.95574570
v 22.87218666 -4.33502722 55.73651886
v 22.30587006 -3.17857075 57.14653397
v 22.15865326 -3.78746915 56.98592377
v 20.85199356 -4.33502722 57.58823776
v 21.92614555 -4.33502722 56.73226166
v 21.17105103 -3.17857075 58.05085373
v 21.04735565 -3.78746915 57.87150192
v 19.67020226 -4.33502722 58.28813934
v 19.92251396 -3.17857075 58.79028702
v 19.82469368 -3.78746915 58.59560776
v 18.40328598 -4.33502722 58.81863403
v 18.58404350 -3.17857075 59.35074234
v 18.51396561 -3.78746915 59.14444733
v 17.18114853 -3.17857075 59.72153854
v 17.14014435 -3.78746915 59.50756073
v 17.07538605 -4.33502722 59.16960907
v 16.85918236 -5.40785980 56.20666504
v 21.85602760 -5.34324884 50.51024628
v 21.94848824 -5.34324884 49.39720535
v 22.21081734 -5.40785980 49.39720535
v 22.11387634 -5.40785980 50.55881119
v 21.60412979 -5.25514507 50.46810532
v 21.44671822 -5.14427280 49.39720535
v 21.69308853 -5.25514507 49.39720535
v 21.36113548 -5.14427280 50.42745209
v 21.58118248 -5.34324884 51.59277725
v 21.82573318 -5.40785980 51.68828583
v 21.33968925 -5.25514507 51.50965118
v 21.10673332 -5.14427280 51.42946243
v 21.13148689 -5.34324884 52.61511993
v 21.35436249 -5.40785980 52.75437546
v 20.90701866 -5.25514507 52.49328613
v 20.69048691 -5.14427280 52.37575912
v 20.51926613 -5.34324884 53.54925156
v 20.71280289 -5.40785980 53.72758484
v 20.31797981 -5.25514507 53.39204788
v 20.12380791 -5.14427280 53.24040604
v 19.76130676 -5.34324884 54.36956024
v 19.91880417 -5.40785980 54.58098984
v 19.58871651 -5.25514507 54.18130112
v 19.42222786 -5.14427280 53.99969864
v 18.87838364 -5.34324884 55.05356598
v 18.99433327 -5.40785980 55.29098129
v 18.73922157 -5.25514507 54.83940887
v 18.60497856 -5.14427280 54.63282394
v 17.89470100 -5.34324884 55.58250809
v 17.96496582 -5.40785980 55.83791733
v 17.79278374 -5.25514507 55.34832764
v 16.71565056 -5.14427280 55.45507812
v 17.69446754 -5.14427280 55.12242126
v 16.83722687 -5.34324884 55.94189453
v 16.77534485 -5.25514507 55.69410706
v 20.70338249 4.06500006 54.63289642
v 19.91960526 4.06500006 55.37427521
v 20.83045578 4.06500006 54.52582932
v 19.84631920 4.06500006 55.40608215
v 21.43336105 4.06500006 53.73874664
v 21.52276802 4.06500006 53.64352417
v 18.98450470 4.06500006 56.00576401
v 18.88197327 4.06500006 56.04043961
v 22.01939011 4.06500006 52.74428940
v 17.94870949 4.06500006 56.49887085
v 17.83262444 4.06500006 56.52131271
v 22.12352753 4.06500006 52.57169724
v 22.44792747 4.06500006 51.67250443
v 16.82556915 4.06500006 56.83626556
v 16.72251701 4.06500006 56.83759308
v 22.54158783 4.06500006 51.42607498
v 22.70907784 4.06500006 50.54814911
v 22.75024223 4.06500006 50.40220642
v 15.71377659 4.06500006 56.99404526
v 15.57729816 4.06500006 56.98197174
v 15.57729816 4.06500006 57.00199890
v 22.81680298 4.06500006 49.39720535
v 22.79680252 4.06500006 49.39720535
v 22.81680298 4.06500006 45.85244370
v 22.79680252 4.06500006 45.85244370
v 24.40826988 3.48700690 45.84337234
v 24.40826988 3.48700690 49.39720535
v 24.41498566 3.48136806 49.39720535
v 24.42168045 3.47570562 49.39720535
v 24.42835426 3.47001958 45.84310532
v 24.42835426 3.47001958 49.39720535
v 24.29880714 4.02554274 45.98403931
v 24.29880714 4.02554274 49.39720535
v 24.30441284 3.70435786 49.39720535
v 24.29896736 4.01632881 45.93871689
v 24.29884911 4.02318430 45.96090698
v 24.29921913 4.00191259 45.91329956
v 24.29960632 3.97972083 45.88964844
v 24.30013466 3.94951844 45.87004852
v 24.30072594 3.91559577 45.85795593
v 24.30135155 3.87981820 45.85350037
v 24.30441284 3.70435786 45.85043716
v 24.21666336 3.70435786 50.65801239
v 24.19487000 4.02554274 50.76833725
v 23.95510292 3.70435786 51.89451218
v 23.88543701 4.02554274 52.10813904
v 23.52477837 3.70435786 53.08285904
v 23.37757683 4.02554274 53.38598633
v 22.93398476 3.70435786 54.20013428
v 22.68289566 4.02554274 54.57267761
v 22.19411659 3.70435786 55.22480011
v 21.81727028 4.02554274 55.64109039
v 21.31943893 3.70435786 56.13709259
v 20.80048370 4.02554274 56.56681442
v 20.32681656 3.70435786 56.91942596
v 19.65577316 4.02554274 57.32868576
v 19.23539162 3.70435786 57.55671310
v 18.40929604 4.02554274 57.90929794
v 18.06620789 3.70435786 58.03666687
v 17.08954048 4.02554274 58.29538345
v 16.84181023 3.70435786 58.35002899
v 15.72666645 4.02554274 58.47811508
v 15.66836834 4.01096249 58.48154068
v 15.69655132 4.02173519 58.47986603
v 15.64323425 3.99419761 58.48308945
v 15.62225723 3.97243047 58.48446655
v 15.60616016 3.94688964 58.48564529
v 15.59519577 3.91865754 58.48661804
v 15.59068012 3.89771581 58.48717499
v 15.58889866 3.87628293 58.48762512
v 15.58580971 3.70435786 58.49075699
v 22.26938438 3.48700690 55.29670334
v 23.03609085 3.47001958 54.27064514
v 23.01923180 3.48700690 54.25972366
v 21.38297653 3.48700690 56.21967697
v 22.28450584 3.47001958 55.30992889
v 20.37713814 3.48700690 57.01080704
v 21.39604950 3.47001958 56.23493195
v 19.27130699 3.48700690 57.65480423
v 20.38789368 3.47001958 57.02777863
v 18.08685112 3.48700690 58.13922882
v 19.27952194 3.47001958 57.67314911
v 16.84666443 3.48700690 58.45471191
v 18.09235573 3.47001958 58.15856171
v 15.57470798 3.48700690 58.59516144
v 16.84934235 3.47001958 58.47463989
v 15.57450485 3.47001958 58.61527252
v 24.32597351 3.48136806 50.67472458
v 24.31932259 3.48700690 50.67379379
v 24.33260345 3.47570562 50.67565536
v 24.33920097 3.47001958 50.67667007
v 24.06065750 3.48136806 51.92756271
v 24.05420113 3.48700690 51.92571640
v 24.06709480 3.47570562 51.92940140
v 24.07346344 3.47001958 51.93141174
v 23.62416649 3.48136806 53.13149643
v 23.61802864 3.48700690 53.12877655
v 23.63028717 3.47570562 53.13421249
v 23.63627625 3.47001958 53.13716888
v 23.02493286 3.48136806 54.26327133
v 23.03061867 3.47570562 54.26680756
v 22.27453804 3.48136806 55.30100632
v 22.27967834 3.47570562 55.30529785
v 21.38748550 3.48136806 56.22465134
v 21.39197922 3.47570562 56.22961426
v 20.38091278 3.48136806 57.01636124
v 20.38467598 3.47570562 57.02189636
v 19.27427483 3.48136806 57.66082764
v 19.27723312 3.47570562 57.66683197
v 18.08895493 3.48136806 58.14560318
v 18.09105301 3.47570562 58.15196228
v 16.84786224 3.48136806 58.46131897
v 16.84905815 3.47570562 58.46790695
v 21.18470383 3.47400331 49.39720535
v 21.19138145 3.47966313 49.39720535
v 21.20479584 3.49091172 45.84343338
v 21.19807816 3.48529911 49.39720535
v 21.20479584 3.49091172 49.39720535
v 15.56766510 3.92148328 55.49641800
v 15.68462467 4.02816296 55.49016190
v 15.56371975 3.88746715 55.49605560
v 15.57846451 3.95394254 55.49633026
v 15.59624004 3.98314548 55.49571991
v 15.61805248 4.00485039 55.49465179
v 15.64182186 4.01906395 55.49323654
v 15.66274452 4.02583742 55.49180984
v 15.56071568 3.70871902 55.49310684
v 16.57507706 3.70871902 55.34741592
v 16.68339729 4.02816296 55.32713699
v 17.55078888 3.70871902 55.03414154
v 17.64157867 4.02816296 55.00154495
v 18.46037483 3.70871902 54.56211853
v 18.53290176 4.02816296 54.52230835
v 19.27821732 3.70871902 53.94463348
v 19.33292961 4.02816296 53.90256500
v 19.98128128 3.70871902 53.19907379
v 20.01972961 4.02816296 53.15930939
v 20.54977036 3.70871902 52.34644699
v 20.57447243 4.02816296 52.31291580
v 20.96766853 3.70871902 51.41075897
v 20.98195267 4.02816296 51.38658524
v 21.22321129 3.70871902 50.41835785
v 21.23099518 4.02816296 50.40571976
v 21.30919838 3.70871902 49.39720535
v 21.31477547 4.02816296 49.39720535
v 21.31477547 4.02816296 45.98408127
v 21.31223488 3.88261533 45.85354996
v 21.30919838 3.70871902 45.85051346
v 21.31251907 3.89885640 45.85459900
v 21.31279755 3.91484427 45.85718536
v 21.31323433 3.93993592 45.86464310
v 21.31456947 4.01633549 45.93326569
v 21.31472206 4.02508783 45.95791626
v 21.31364441 3.96340251 45.87612915
v 21.31432915 4.00261831 45.91090775
v 21.31401634 3.98464751 45.89162445
v 17.50649643 3.47400331 54.91772842
v 18.40705299 3.49091172 54.47231293
v 18.39677048 3.47400331 54.45504379
v 16.55141449 3.47400331 55.22510529
v 17.51366806 3.49091172 54.93650436
v 15.55839252 3.47400331 55.36853409
v 16.55526161 3.49091172 55.24483871
v 15.55879974 3.49091172 55.38863373
v 21.10714531 3.47966313 50.39810944
v 21.10056114 3.47400331 50.39699554
v 21.11374855 3.48529911 50.39923096
v 21.12035561 3.49091172 50.40044022
v 20.85680580 3.47966313 51.37086105
v 20.85050201 3.47400331 51.36865997
v 20.86312866 3.48529911 51.37306595
v 20.86941338 3.49091172 51.37544632
v 20.44740677 3.47966313 52.28808594
v 20.44155884 3.47400331 52.28486252
v 20.45327187 3.48529911 52.29132080
v 20.45902824 3.49091172 52.29479218
v 19.89046478 3.47966313 53.12398529
v 19.88523865 3.47400331 53.11983109
v 19.89570808 3.48529911 53.12815475
v 19.90074730 3.49091172 53.13261032
v 19.20164871 3.47966313 53.85504150
v 19.19718933 3.47400331 53.85007095
v 19.20612144 3.48529911 53.86002731
v 19.21027946 3.49091172 53.86532211
v 18.40033531 3.47966313 54.46068954
v 18.40391159 3.48529911 54.46635437
v 17.50906754 3.47966313 54.92388916
v 17.51164627 3.48529911 54.93006897
v 16.55291939 3.47966313 55.23161316
v 16.55443001 3.48529911 55.23813629
v 33.95035172 4.06500006 41.78841400
v 15.57729816 4.06500006 41.78841400
v 33.95035172 4.06500006 41.80841446
v 15.57729816 4.06500006 41.80841446
v 33.95969009 3.47001958 43.41996765
v 33.95942307 3.48700690 43.39988327
v 15.56822586 3.48700690 43.39988327
v 33.81875610 4.02554274 43.29042053
v 33.95235825 3.70435786 43.29602432
v 33.94929504 3.87981820 43.29296494
v 33.94483948 3.91559577 43.29233932
v 33.93274689 3.94951844 43.29174805
v 33.91314697 3.97972083 43.29121780
v 33.88949585 4.00191259 43.29083252
v 33.86407852 4.01632881 43.29058075
v 33.84188843 4.02318430 43.29046249
v 15.70889187 4.02554274 43.29042053
v 15.57529068 3.70435786 43.29602432
v 15.57940483 3.89607072 43.29267883
v 15.57835293 3.87981820 43.29296494
v 15.58198547 3.91207147 43.29240036
v 15.58943939 3.93718410 43.29196167
v 15.65804577 4.01368570 43.29062653
v 15.68270969 4.02245903 43.29047394
v 15.60091591 3.96067357 43.29155350
v 15.63568306 3.99994111 43.29086685
v 15.61640263 3.98194289 43.29117966
v 15.56828785 3.49091172 40.19640732
v 33.95936203 3.49091172 40.19640732
v 33.95962524 3.47400331 40.17631531
v 15.56802177 3.47400331 40.17631531
v 33.81871414 4.02816296 40.30638885
v 33.84487915 4.02508783 40.30633545
v 33.86952972 4.01633549 40.30618286
v 33.89188766 4.00261831 40.30594254
v 33.91117096 3.98464751 40.30562973
v 33.92666626 3.96340251 40.30525589
v 33.93815231 3.93993592 40.30484772
v 33.94561005 3.91484427 40.30440903
v 33.94819641 3.89885640 40.30413055
v 33.94924545 3.88261533 40.30384827
v 33.95228195 3.70871902 40.30081177
v 15.70893574 4.02816296 40.30638885
v 15.66364098 4.01897097 40.30622864
v 15.68582058 4.02581072 40.30634689
v 15.63822842 4.00458336 40.30597687
v 15.61457539 3.98242784 40.30558777
v 15.59496593 3.95226216 40.30506134
v 15.58286190 3.91836858 40.30447006
v 15.57840252 3.88261533 40.30384827
v 15.57536697 3.70871902 40.30081177
v 22.81680298 4.06500006 37.73916626
v 22.79680252 4.06500006 34.56891251
v 22.79680252 4.06500006 37.73916626
v 22.81680298 4.06500006 34.56891251
v 21.20479584 3.49091172 34.55989838
v 21.18470383 3.47400331 37.74844360
v 21.20479584 3.49091172 37.74817657
v 21.31477547 4.02816296 37.60752869
v 21.30919838 3.70871902 37.74110031
v 21.31223488 3.88261533 37.73806381
v 21.31285858 3.91836858 37.73360443
v 21.31344986 3.95226216 37.72150040
v 21.31397629 3.98242784 37.70188904
v 21.31436348 4.00458336 37.67823792
v 21.31461525 4.01897097 37.65282440
v 21.31473351 4.02581072 37.63064575
v 21.30919838 3.70871902 34.56697845
v 21.31477547 4.02816296 34.70054626
v 21.31223488 3.88261533 34.57001495
v 21.31251907 3.89885640 34.57106781
v 21.31279755 3.91484427 34.57365036
v 21.31323433 3.93993592 34.58110809
v 21.31456947 4.01633549 34.64973068
v 21.31472206 4.02508783 34.67438126
v 21.31364441 3.96340251 34.59259415
v 21.31432915 4.00261831 34.62737274
v 21.31401634 3.98464751 34.60808945
v 24.42835426 3.47001958 34.55957031
v 24.40826988 3.48700690 34.55983734
v 24.40826988 3.48700690 37.74823761
v 24.42835426 3.47001958 37.74850464
v 24.29880714 4.02554274 37.60757446
v 24.29886055 4.02245903 37.63375473
v 24.29901505 4.01368570 37.65842056
v 24.29925346 3.99994111 37.68078232
v 24.29956818 3.98194289 37.70006180
v 24.29994011 3.96067357 37.71554947
v 24.30035019 3.93718410 37.72702408
v 24.30078888 3.91207147 37.73447800
v 24.30106735 3.89607072 37.73706055
v 24.30135155 3.87981820 37.73811340
v 24.30441284 3.70435786 37.74117661
v 24.29880714 4.02554274 34.70050430
v 24.29896736 4.01632881 34.65518188
v 24.29884911 4.02318430 34.67737579
v 24.29921913 4.00191259 34.62976456
v 24.29960632 3.97972083 34.60611343
v 24.30013466 3.94951844 34.58651352
v 24.30072594 3.91559577 34.57442093
v 24.30135155 3.87981820 34.56996536
v 24.30441284 3.70435786 34.56690216
v 38.01959991 4.06500006 49.02270126
v 37.99959946 4.06500006 34.56891251
v 37.99959946 4.06500006 49.02270126
v 38.01959991 4.06500006 34.56891251
v 36.51757050 4.02816296 48.89106369
v 36.51199341 3.70871902 49.02463150
v 36.51502991 3.88261533 49.02159882
v 36.51565552 3.91836858 49.01713943
v 36.51624680 3.95226216 49.00503540
v 36.51677322 3.98242784 48.98542404
v 36.51715851 4.00458336 48.96176910
v 36.51741028 4.01897097 48.93635941
v 36.51752853 4.02581072 48.91417694
v 36.51757050 4.02816296 34.70054626
v 36.51502991 3.88261533 34.57001495
v 36.51199341 3.70871902 34.56697845
v 36.51531219 3.89885640 34.57106781
v 36.51559448 3.91484427 34.57365036
v 36.51602936 3.93993592 34.58110809
v 36.51736450 4.01633549 34.64973068
v 36.51751709 4.02508783 34.67438126
v 36.51644135 3.96340251 34.59259415
v 36.51712418 4.00261831 34.62737274
v 36.51681137 3.98464751 34.60808945
v 36.40759277 3.49091172 34.55989838
v 36.38750076 3.47400331 49.03197861
v 36.40759277 3.49091172 49.03171158
v 39.50160217 4.02554274 48.89110947
v 39.50165558 4.02245903 48.91728973
v 39.50181198 4.01368570 48.94195175
v 39.50204849 3.99994111 48.96431732
v 39.50236511 3.98194289 48.98359680
v 39.50273514 3.96067357 48.99908447
v 39.50314713 3.93718410 49.01055908
v 39.50358200 3.91207147 49.01801300
v 39.50386429 3.89607072 49.02059555
v 39.50414658 3.87981820 49.02164459
v 39.50720978 3.70435786 49.02470779
v 39.50176239 4.01632881 34.65518188
v 39.50164413 4.02318430 34.67737579
v 39.50160217 4.02554274 34.70050430
v 39.50201416 4.00191259 34.62976456
v 39.50240326 3.97972083 34.60611343
v 39.50292969 3.94951844 34.58651352
v 39.50352097 3.91559577 34.57442093
v 39.50414658 3.87981820 34.56996536
v 39.50720978 3.70435786 34.56690216
v 39.61106491 3.48700690 49.03177261
v 39.63114929 3.47001958 34.55957031
v 39.61106491 3.48700690 34.55983734
v 53.20795441 4.06500006 49.02270126
v 53.17995453 4.06500006 48.88622284
v 53.18793488 4.06500006 49.02270126
v 53.06339264 4.06500006 47.87516785
v 52.99268723 4.06500006 47.64904785
v 52.74656677 4.06500006 46.76280212
v 52.60531235 4.06500006 46.45923615
v 52.26480103 4.06500006 45.71131134
v 52.18327713 4.06500006 45.60802078
v 51.62923050 4.06500006 44.74498749
v 47.88825607 4.06500006 42.13801193
v 46.92350388 4.06500006 41.92363358
v 48.13740158 4.06500006 42.24226761
v 45.60838699 4.06500006 41.80841446
v 42.06362915 4.06500006 41.78841400
v 42.06362915 4.06500006 41.80841446
v 45.60838699 4.06500006 41.78841400
v 49.56313705 4.06500006 42.92080307
v 48.96218491 4.06500006 42.56743622
v 49.01154709 4.06500006 42.61449814
v 46.76164627 4.06500006 41.87632370
v 46.26845169 4.06500006 41.83737564
v 51.46647644 4.06500006 44.57355118
v 50.85453796 4.06500006 43.88616180
v 50.81804657 4.06500006 43.87912750
v 45.60838699 3.47001958 43.41996765
v 45.60838699 3.47570562 43.41329193
v 42.05455780 3.48700690 43.39988327
v 45.60838699 3.48136806 43.40659714
v 45.60838699 3.48700690 43.39988327
v 51.70239639 3.91873384 49.03239822
v 51.69614029 4.02554274 48.91545486
v 51.70203781 3.88470054 49.03633881
v 51.70231247 3.95121503 49.02161026
v 51.70170212 3.98044801 49.00384903
v 51.70063400 4.00218439 48.98204422
v 51.69921875 4.01642370 48.95827484
v 51.69779205 4.02321196 48.93734741
v 51.69906235 3.70435786 49.03936768
v 51.55346298 3.70435786 48.02590561
v 51.53321075 4.02554274 47.91757584
v 51.24043655 3.70435786 47.05105972
v 51.20786285 4.02554274 46.96025848
v 50.76880264 3.70435786 46.14228821
v 50.72901535 4.02554274 46.06974411
v 50.15184402 3.70435786 45.32518005
v 50.10979462 4.02554274 45.27044678
v 49.40692902 3.70435786 44.62274551
v 49.36717987 4.02554274 44.58427429
v 48.55504227 3.70435786 44.05477142
v 48.52152252 4.02554274 44.03004074
v 47.62017059 3.70435786 43.63724899
v 47.59601212 4.02554274 43.62293625
v 46.62864685 3.70435786 43.38193512
v 46.61600876 4.02554274 43.37412262
v 45.60838699 3.70435786 43.29602432
v 45.60838699 4.02554274 43.29042053
v 42.19522095 4.02554274 43.29042053
v 42.06573486 3.89607072 43.29267883
v 42.06468201 3.87981820 43.29296494
v 42.06162262 3.70435786 43.29602432
v 42.06831741 3.91207147 43.29240036
v 42.07577133 3.93718410 43.29196167
v 42.14437485 4.01368570 43.29062653
v 42.16904068 4.02245903 43.29047394
v 42.08724594 3.96067357 43.29155350
v 42.12201309 3.99994111 43.29086685
v 42.10273361 3.98194289 43.29117966
v 51.12454605 3.47001958 47.09517288
v 50.67947388 3.48700690 46.19533920
v 50.66221237 3.47001958 46.20561981
v 51.43170166 3.47001958 48.04948044
v 51.14331818 3.48700690 47.08800125
v 51.57504272 3.47001958 49.04170227
v 51.45142746 3.48700690 48.04563522
v 51.59513855 3.48700690 49.04129410
v 46.60849380 3.47570562 43.49745941
v 46.60737991 3.47001958 43.50403976
v 46.60961151 3.48136806 43.49085999
v 46.61082077 3.48700690 43.48425293
v 47.58046722 3.47570562 43.74759293
v 47.57826614 3.47001958 43.75389481
v 47.58267212 3.48136806 43.74127197
v 47.58505249 3.48700690 43.73498917
v 48.49695969 3.47570562 44.15665817
v 48.49374008 3.47001958 44.16250229
v 48.50019455 3.48136806 44.15079498
v 48.50366592 3.48700690 44.14503860
v 49.33219910 3.47570562 44.71314240
v 49.32804489 3.47001958 44.71836853
v 49.33636475 3.48136806 44.70790100
v 49.34081650 3.48700690 44.70286179
v 50.06267929 3.47570562 45.40139771
v 50.05771255 3.47001958 45.40585327
v 50.06766510 3.48136806 45.39692688
v 50.07295227 3.48700690 45.39276886
v 50.66785812 3.47570562 46.20205688
v 50.67351913 3.48136806 46.19848251
v 51.13070679 3.47570562 47.09260178
v 51.13688278 3.48136806 47.09002304
v 51.43820572 3.47570562 48.04797363
v 51.44472885 3.48136806 48.04646683
v 42.05461884 3.49091172 40.19640732
v 45.60838699 3.49091172 40.19640732
v 45.60838699 3.48529911 40.18968964
v 45.60838699 3.47966313 40.18299484
v 42.05435181 3.47400331 40.17631531
v 45.60838699 3.47400331 40.17631531
v 42.19526672 4.02816296 40.30638885
v 45.60838699 4.02816296 40.30638885
v 45.60838699 3.70871902 40.30081177
v 42.14997101 4.01897097 40.30622864
v 42.17214966 4.02581072 40.30634689
v 42.12455750 4.00458336 40.30597687
v 42.10090637 3.98242784 40.30558777
v 42.08129501 3.95226216 40.30506134
v 42.06919098 3.91836858 40.30447006
v 42.06473160 3.88261533 40.30384827
v 42.06169891 3.70871902 40.30081177
v 46.86844635 3.70871902 40.38850784
v 46.97870636 4.02816296 40.41025925
v 48.10420990 3.70871902 40.64990616
v 48.31771088 4.02816296 40.71950150
v 49.29185104 3.70871902 41.07996750
v 49.59479904 4.02816296 41.22704697
v 50.40846634 3.70871902 41.67039490
v 50.78079224 4.02816296 41.92129898
v 51.43253326 3.70871902 42.40980911
v 51.84858704 4.02816296 42.78638840
v 52.34429550 3.70871902 43.28395081
v 52.77377701 4.02816296 43.80255127
v 53.12618256 3.70871902 44.27596664
v 53.53522491 4.02816296 44.94656372
v 53.76311493 3.70871902 45.36672592
v 54.11552429 4.02816296 46.19227982
v 54.24281311 3.70871902 46.53519821
v 54.50142288 4.02816296 47.51123810
v 54.55602264 3.70871902 47.75885773
v 54.68409348 4.02816296 48.87329102
v 54.68751907 4.01361704 48.93155670
v 54.68584442 4.02436543 48.90338516
v 54.68906784 3.99688506 48.95668411
v 54.69044495 3.97515178 48.97766495
v 54.69162369 3.94964147 48.99377060
v 54.69259644 3.92143703 49.00474167
v 54.69315338 3.90051341 49.00926208
v 54.69360352 3.87909675 49.01104355
v 54.69670868 3.70871902 49.01410675
v 51.50480652 3.49091172 42.33413696
v 50.47929001 3.47400331 41.56782913
v 50.46836090 3.49091172 41.58469391
v 52.42730713 3.49091172 43.22006989
v 51.51803589 3.47400331 42.31901169
v 53.21803665 3.49091172 44.22536850
v 52.44256592 3.47400331 43.20698929
v 53.86171722 3.49091172 45.33060837
v 53.23501587 3.47400331 44.21460724
v 54.34590912 3.49091172 46.51443100
v 53.88006592 3.47400331 45.32238770
v 54.66125488 3.49091172 47.75395966
v 54.36524963 3.47400331 46.50892258
v 54.80166245 3.49091172 49.02524567
v 54.68118668 3.47400331 47.75127792
v 54.82177734 3.47400331 49.02544785
v 46.88524246 3.48529911 40.27865601
v 46.88430786 3.49091172 40.28530502
v 46.88616943 3.47966313 40.27202225
v 46.88718796 3.47400331 40.26542282
v 48.13742065 3.48529911 40.54382706
v 48.13557434 3.49091172 40.55028534
v 48.13925934 3.47966313 40.53738785
v 48.14126968 3.47400331 40.53101730
v 49.34072876 3.48529911 40.98008347
v 49.33800507 3.49091172 40.98622131
v 49.34344101 3.47966313 40.97396088
v 49.34640121 3.47400331 40.96796799
v 50.47191238 3.48529911 41.57899094
v 50.47544861 3.47966313 41.57330704
v 51.50910950 3.48529911 42.32898331
v 51.51340103 3.47966313 42.32384109
v 52.43228531 3.48529911 43.21555710
v 52.43724823 3.47966313 43.21106339
v 53.22359085 3.48529911 44.22159195
v 53.22912979 3.47966313 44.21782684
v 53.86774063 3.48529911 45.32763672
v 53.87374878 3.47966313 45.32467651
v 54.35228729 3.48529911 46.51232529
v 54.35864639 3.47966313 46.51022720
v 54.66786194 3.48529911 47.75276184
v 54.67445374 3.47966313 47.75156403
v 19.95503616 -4.96499968 55.31385803
v 20.71383858 -4.96499968 54.64335251
v 19.85501289 -4.96499968 55.41804504
v 20.86718750 -4.96499968 54.44741440
v 21.55584526 -4.96499968 53.54795074
v 21.44532204 -4.96499968 53.74743652
v 19.01489449 -4.96499968 55.95912933
v 18.88868904 -4.96499968 56.05361938
v 22.13860130 -4.96499968 52.47700119
v 22.03256226 -4.96499968 52.75100327
v 17.97060013 -4.96499968 56.46330261
v 17.83719635 -4.96499968 56.53538132
v 22.54450417 -4.96499968 51.31816101
v 22.46198845 -4.96499968 51.67707062
v 16.83641434 -4.96499968 56.80809021
v 16.72483253 -4.96499968 56.85220718
v 22.73162079 -4.96499968 50.34962082
v 22.72367859 -4.96499968 50.55046082
v 15.71377659 -4.96499968 56.96876907
v 15.57729816 -4.96499968 56.99676895
v 15.57729816 -4.96499968 56.97674942
v 22.81158447 -4.96499968 49.39720535
v 22.79158401 -4.96499968 49.39720535
v 22.79158401 -4.96499968 34.56891251
v 22.81158447 -4.96499968 34.56891251
v 24.29361153 -4.92816257 34.70054626
v 24.29918861 -4.60871887 49.39720535
v 24.29361153 -4.92816257 49.39720535
v 24.29615211 -4.78261518 34.57001495
v 24.29918861 -4.60871887 34.56697845
v 24.29586983 -4.79885626 34.57106781
v 24.29558945 -4.81484413 34.57365036
v 24.29515266 -4.83993578 34.58110809
v 24.29381943 -4.91633511 34.64973068
v 24.29366493 -4.92508745 34.67438126
v 24.29474258 -4.86340237 34.59259415
v 24.29405785 -4.90261793 34.62737274
v 24.29437256 -4.88464737 34.60808945
v 15.72670746 -4.92816257 58.47291183
v 15.59383678 -4.81618404 58.48156357
v 15.60698700 -4.85114527 58.48037720
v 15.62801743 -4.88198948 58.47887802
v 15.65305042 -4.90443611 58.47727585
v 15.67965698 -4.91892195 58.47566605
v 15.70273018 -4.92579603 58.47430420
v 15.58895588 -4.77909660 58.48241806
v 15.58589363 -4.60871887 58.48552322
v 16.84114265 -4.60871887 58.34483719
v 17.08876228 -4.92816257 58.29023743
v 18.06480026 -4.60871887 58.03162766
v 18.40771866 -4.92816257 57.90434265
v 19.23327446 -4.60871887 57.55193329
v 19.65343666 -4.92816257 57.32403946
v 20.32403564 -4.60871887 56.91500092
v 20.79744911 -4.92816257 56.56259155
v 21.31604958 -4.60871887 56.13311386
v 21.81361008 -4.92816257 55.63740158
v 22.19019127 -4.60871887 55.22134781
v 22.67870140 -4.92816257 54.56961060
v 22.92960548 -4.60871887 54.19728470
v 23.37295151 -4.92816257 53.38361740
v 23.52003479 -4.60871887 53.08066559
v 23.88049698 -4.92816257 52.10652542
v 23.95009422 -4.60871887 51.89302444
v 24.18973923 -4.92816257 50.76752090
v 24.21149254 -4.60871887 50.65726089
v 22.26586151 -4.39091158 55.29362106
v 23.01530457 -4.39091158 54.25717926
v 23.03216934 -4.37400341 54.26810455
v 21.37993050 -4.39091158 56.21612167
v 22.28098869 -4.37400341 55.30685043
v 20.37463188 -4.39091158 57.00685120
v 21.39300919 -4.37400341 56.23138428
v 19.26939201 -4.39091158 57.65053177
v 20.38539124 -4.37400341 57.02383041
v 18.08556938 -4.39091158 58.13472366
v 19.27761078 -4.37400341 57.66888046
v 16.84603882 -4.39091158 58.45006943
v 18.09107590 -4.37400341 58.15406418
v 15.57475376 -4.39091158 58.59047699
v 16.84872055 -4.37400341 58.47000504
v 15.57455254 -4.37400341 58.61059570
v 24.32797813 -4.37966299 50.67498398
v 24.42368317 -4.37400341 49.39720535
v 24.33457756 -4.37400341 50.67600250
v 24.41700554 -4.37966299 49.39720535
v 24.32134438 -4.38529921 50.67405701
v 24.31469345 -4.39091158 50.67312622
v 24.40359116 -4.39091158 49.39720535
v 24.41030884 -4.38529921 49.39720535
v 24.06261253 -4.37966299 51.92807388
v 24.06898308 -4.37400341 51.93008804
v 24.05617332 -4.38529921 51.92623520
v 24.04971504 -4.39091158 51.92438889
v 23.62603951 -4.37966299 53.13225937
v 23.63203239 -4.37400341 53.13521576
v 23.61991692 -4.38529921 53.12954330
v 23.61377716 -4.39091158 53.12681961
v 23.02669525 -4.37966299 54.26426315
v 23.02100754 -4.38529921 54.26072693
v 22.27615929 -4.37966299 55.30221939
v 22.27101707 -4.38529921 55.29792786
v 21.38893700 -4.37966299 56.22606277
v 21.38444138 -4.38529921 56.22109985
v 20.38217354 -4.37966299 57.01794815
v 20.37840843 -4.38529921 57.01240921
v 19.27532196 -4.37966299 57.66256332
v 19.27236176 -4.38529921 57.65655899
v 18.08977127 -4.37966299 58.14746094
v 18.08767319 -4.38529921 58.14110184
v 16.84843445 -4.37966299 58.46326828
v 16.84723854 -4.38529921 58.45668030
v 24.40359116 -4.39091158 34.55989838
v 24.42368317 -4.37400341 34.55963516
v 21.30957985 -4.92554235 49.39720535
v 21.22587776 -4.92554235 50.40482712
v 21.30397415 -4.60435772 49.39720535
v 21.21806335 -4.60435772 50.41746140
v 20.97706413 -4.92554235 51.38482666
v 20.96275139 -4.60435772 51.40898895
v 20.56995964 -4.92554235 52.31034088
v 20.54522896 -4.60435772 52.34385681
v 20.01572609 -4.92554235 53.15599442
v 19.97725487 -4.60435772 53.19574356
v 19.32955360 -4.92554235 53.89861298
v 19.27482033 -4.60435772 53.94065857
v 18.53025627 -4.92554235 54.51782990
v 18.45771217 -4.60435772 54.55761719
v 17.63974190 -4.92554235 54.99667740
v 17.54893875 -4.60435772 55.02925491
v 16.68242455 -4.92554235 55.32202530
v 16.57409286 -4.60435772 55.34227753
v 15.68454456 -4.92554235 55.48495483
v 15.56062984 -4.60435772 55.48787689
v 15.56366158 -4.78470039 55.49085236
v 15.56459141 -4.80014277 55.49106979
v 15.56687069 -4.81538343 55.49120331
v 15.57349682 -4.83939314 55.49122620
v 15.65977573 -4.92245674 55.48680878
v 15.63654804 -4.91373396 55.48834991
v 15.58380222 -4.86197615 55.49098206
v 15.61564732 -4.90017319 55.48956680
v 15.59785938 -4.88257551 55.49044418
v 21.30957985 -4.92554235 34.70050430
v 21.30941963 -4.91632843 34.65518188
v 21.30953979 -4.92318392 34.67737579
v 21.30916786 -4.90191221 34.62976456
v 21.30878067 -4.87972069 34.60611343
v 21.30825233 -4.84951830 34.58651352
v 21.30766106 -4.81559563 34.57442093
v 21.30703735 -4.77981806 34.56996536
v 21.30397415 -4.60435772 34.56690216
v 21.18670654 -4.37570572 49.39720535
v 21.18003273 -4.37001944 49.39720535
v 21.18003273 -4.37001944 34.55957031
v 21.20011711 -4.38700676 34.55983734
v 21.19340134 -4.38136816 49.39720535
v 21.20011711 -4.38700676 49.39720535
v 17.50482750 -4.37001944 54.91336060
v 18.39437866 -4.37001944 54.45103073
v 18.40465927 -4.38700676 54.46829224
v 16.55051994 -4.37001944 55.22052002
v 17.51199722 -4.38700676 54.93213272
v 15.55829716 -4.37001944 55.36385727
v 16.55436516 -4.38700676 55.24024200
v 15.55870533 -4.38700676 55.38395309
v 21.10914040 -4.38136816 50.39842987
v 21.11574745 -4.38700676 50.39963531
v 21.10254097 -4.37570572 50.39730835
v 21.09595871 -4.37001944 50.39619446
v 20.85872841 -4.38136816 51.37148666
v 20.86500931 -4.38700676 51.37386703
v 20.85240746 -4.37570572 51.36928177
v 20.84610558 -4.37001944 51.36708069
v 20.44920540 -4.38136816 52.28900909
v 20.45495987 -4.38700676 52.29248047
v 20.44334221 -4.37570572 52.28577805
v 20.43749809 -4.37001944 52.28255463
v 19.89209747 -4.38136816 53.12517929
v 19.89713669 -4.38700676 53.12963486
v 19.88685799 -4.37570572 53.12101364
v 19.88163185 -4.37001944 53.11685944
v 19.20307350 -4.38136816 53.85647964
v 19.20723152 -4.38700676 53.86177063
v 19.19860268 -4.37570572 53.85149384
v 19.19414520 -4.37001944 53.84652710
v 18.40151787 -4.38136816 54.46233368
v 18.39794350 -4.37570572 54.45667267
v 17.50997734 -4.38136816 54.92570114
v 17.50739861 -4.37570572 54.91952133
v 16.55353355 -4.38136816 55.23354340
v 16.55202484 -4.37570572 55.22702026
v 15.57729816 -4.96499968 41.78319550
v 18.74755478 -4.96499968 41.78319550
v 18.74755478 -4.96499968 41.80319595
v 15.57729816 -4.96499968 41.80319595
v 18.61596107 -4.92554235 40.30119324
v 18.74956131 -4.60435772 40.29558563
v 18.74650002 -4.77981806 40.29864883
v 18.74204445 -4.81559563 40.29927444
v 18.72994995 -4.84951830 40.29986572
v 18.71035194 -4.87972069 40.30039215
v 18.68670082 -4.90191221 40.30078125
v 18.66128159 -4.91632843 40.30103302
v 18.63909149 -4.92318392 40.30115128
v 15.57529068 -4.60435772 40.29558563
v 15.70889187 -4.92554235 40.30119324
v 15.57940483 -4.79607058 40.29893112
v 15.57835293 -4.77981806 40.29864883
v 15.58198547 -4.81207132 40.29921341
v 15.58943939 -4.83718395 40.29964828
v 15.65804577 -4.91368532 40.30098724
v 15.68270969 -4.92245865 40.30113983
v 15.60091591 -4.86067343 40.30006027
v 15.63568306 -4.89994097 40.30074692
v 15.61640263 -4.88194275 40.30043030
v 18.75662613 -4.38700676 40.19173050
v 15.56822586 -4.38700676 40.19173050
v 15.56795979 -4.37001944 40.17164612
v 18.75689316 -4.37001944 40.17164612
v 18.61591721 -4.92816257 43.28522491
v 18.64208221 -4.92508745 43.28527832
v 18.66673279 -4.91633511 43.28543091
v 18.68909073 -4.90261793 43.28567123
v 18.70837402 -4.88464737 43.28598404
v 18.72387123 -4.86340237 43.28635406
v 18.73535538 -4.83993578 43.28676605
v 18.74281502 -4.81484413 43.28720093
v 18.74539948 -4.79885626 43.28748322
v 18.74645042 -4.78261518 43.28776550
v 18.74948692 -4.60871887 43.29080200
v 15.70893574 -4.92816257 43.28522491
v 15.66364098 -4.91897058 43.28538513
v 15.68582058 -4.92581034 43.28526688
v 15.63822842 -4.90458298 43.28563690
v 15.61457539 -4.88242769 43.28602219
v 15.59496593 -4.85226202 43.28654861
v 15.58286190 -4.81836843 43.28713989
v 15.57840252 -4.78261518 43.28776550
v 15.57536697 -4.60871887 43.29080200
v 18.75656509 -4.39091158 43.39520264
v 15.56802177 -4.37400341 43.41529465
v 15.56828785 -4.39091158 43.39520264
v 53.20558167 -4.96499968 48.97731018
v 53.20795441 -4.96499968 49.02270126
v 53.18793488 -4.96499968 49.02270126
v 53.20293808 -4.96499968 48.93193436
v 53.17995453 -4.96499968 48.88622284
v 50.76315308 -4.96499968 43.82781601
v 50.87924957 -4.96499968 43.90258026
v 51.41844940 -4.96499968 44.51576996
v 50.01245117 -4.96499968 43.18869400
v 50.02664566 -4.96499968 43.22761536
v 49.02922821 -4.96499968 42.60103989
v 48.94626236 -4.96499968 42.58209610
v 48.44840240 -4.96499968 42.33943939
v 48.06856155 -4.96499968 42.21833420
v 47.84741592 -4.96499968 42.12579727
v 46.85536575 -4.96499968 41.91195297
v 46.73898697 -4.96499968 41.87010956
v 45.60838699 -4.96499968 41.80841446
v 45.60838699 -4.96499777 41.78553391
v 26.86083221 -4.96499968 41.78672791
v 26.86083221 -4.96499968 41.80841446
v 51.70257568 -4.96499968 44.83813858
v 53.10661697 -4.96499968 48.22961044
v 53.07475281 -4.96499968 47.91520691
v 53.20262527 -4.96499968 48.88639832
v 51.80380249 -4.96499968 45.01535034
v 45.60838699 -4.60435772 43.29602432
v 46.61600876 -4.92554235 43.37412262
v 46.62864685 -4.60435772 43.38193512
v 45.60838699 -4.92554235 43.29042053
v 47.59601212 -4.92554235 43.62293625
v 47.62017059 -4.60435772 43.63724899
v 48.52152252 -4.92554235 44.03004074
v 48.55504227 -4.60435772 44.05477142
v 49.36717987 -4.92554235 44.58427429
v 49.40692902 -4.60435772 44.62274551
v 50.10979462 -4.92554235 45.27044678
v 50.15184402 -4.60435772 45.32518005
v 50.72901535 -4.92554235 46.06974411
v 50.76880264 -4.60435772 46.14228821
v 51.20786285 -4.92554235 46.96025848
v 51.24043655 -4.60435772 47.05105972
v 51.53321075 -4.92554235 47.91757584
v 51.55346298 -4.60435772 48.02590561
v 51.69614029 -4.92554235 48.91545486
v 51.69906235 -4.60435772 49.03936768
v 51.70203781 -4.78470039 49.03633881
v 51.70225525 -4.80014277 49.03540802
v 51.70238495 -4.81538343 49.03313065
v 51.70240784 -4.83939314 49.02650452
v 51.69799042 -4.92245674 48.94022369
v 51.69953537 -4.91373396 48.96345139
v 51.70216370 -4.86197615 49.01619720
v 51.70075226 -4.90017319 48.98435211
v 51.70162964 -4.88257551 49.00214005
v 26.99242592 -4.92554235 43.29042053
v 26.94710541 -4.91632843 43.29058075
v 26.96929741 -4.92318392 43.29046249
v 26.92168617 -4.90191221 43.29083252
v 26.89803505 -4.87972069 43.29121780
v 26.87843704 -4.84951830 43.29174805
v 26.86634254 -4.81559563 43.29233932
v 26.86188698 -4.77981806 43.29296494
v 26.85882568 -4.60435772 43.29602432
v 45.60838699 -4.37570572 43.41329193
v 45.60838699 -4.37001944 43.41996765
v 26.85149384 -4.37001944 43.41996765
v 26.85176086 -4.38700676 43.39988327
v 45.60838699 -4.38136816 43.40659714
v 45.60838699 -4.38700676 43.39988327
v 51.12454605 -4.37001944 47.09517288
v 50.66221237 -4.37001944 46.20561981
v 50.67947388 -4.38700676 46.19533920
v 51.43170166 -4.37001944 48.04948044
v 51.14331818 -4.38700676 47.08800125
v 51.57504272 -4.37001944 49.04170227
v 51.45142746 -4.38700676 48.04563522
v 51.59513855 -4.38700676 49.04129410
v 46.60961151 -4.38136816 43.49085999
v 46.61082077 -4.38700676 43.48425293
v 46.60849380 -4.37570572 43.49745941
v 46.60737991 -4.37001944 43.50403976
v 47.58267212 -4.38136816 43.74127197
v 47.58505249 -4.38700676 43.73498917
v 47.58046722 -4.37570572 43.74759293
v 48.49374008 -4.37001944 44.16250229
v 47.57826614 -4.37001944 43.75389481
v 48.50019455 -4.38136816 44.15079498
v 48.50366592 -4.38700676 44.14503860
v 48.49695969 -4.37570572 44.15665817
v 49.33636475 -4.38136816 44.70790100
v 49.34081650 -4.38700676 44.70286179
v 49.33219910 -4.37570572 44.71314240
v 50.05771255 -4.37001944 45.40585327
v 49.32804489 -4.37001944 44.71836853
v 50.06766510 -4.38136816 45.39692688
v 50.07295227 -4.38700676 45.39276886
v 50.06267929 -4.37570572 45.40139771
v 50.67351913 -4.38136816 46.19848251
v 50.66785812 -4.37570572 46.20205688
v 51.13688278 -4.38136816 47.09002304
v 51.13070679 -4.37570572 47.09260178
v 51.44472885 -4.38136816 48.04646683
v 51.43820572 -4.37570572 48.04797363
v 26.99246979 -4.92816257 40.30638885
v 26.86193657 -4.78261518 40.30384827
v 26.85890198 -4.60871887 40.30081177
v 45.60838699 -4.60871887 40.30081177
v 45.60838699 -4.92816257 40.30638885
v 26.86298752 -4.79885626 40.30413055
v 26.86557198 -4.81484413 40.30440903
v 26.87303162 -4.83993578 40.30484772
v 26.94165421 -4.91633511 40.30618286
v 26.96630478 -4.92508745 40.30633545
v 26.88451576 -4.86340237 40.30525589
v 26.91929626 -4.90261793 40.30594254
v 26.90001297 -4.88464737 40.30562973
v 54.68409348 -4.92816257 48.87329102
v 54.69274521 -4.81618404 49.00616074
v 54.69155884 -4.85114527 48.99301147
v 54.69005966 -4.88198948 48.97198105
v 54.68846130 -4.90443611 48.94694901
v 54.68685150 -4.91892195 48.92034149
v 54.68548965 -4.92579603 48.89727020
v 54.69360352 -4.77909660 49.01104355
v 54.69670868 -4.60871887 49.01410675
v 54.55602264 -4.60871887 47.75885773
v 54.50142288 -4.92816257 47.51123810
v 54.24281311 -4.60871887 46.53519821
v 54.11552429 -4.92816257 46.19227982
v 53.76311493 -4.60871887 45.36672592
v 53.53522491 -4.92816257 44.94656372
v 53.12618256 -4.60871887 44.27596664
v 52.77377701 -4.92816257 43.80255127
v 52.34429550 -4.60871887 43.28395081
v 51.84858704 -4.92816257 42.78638840
v 51.43253326 -4.60871887 42.40980911
v 50.78079224 -4.92816257 41.92129898
v 50.40846634 -4.60871887 41.67039490
v 49.59479904 -4.92816257 41.22704697
v 49.29185104 -4.60871887 41.07996750
v 48.31771088 -4.92816257 40.71950150
v 48.10420990 -4.60871887 40.64990616
v 46.97870636 -4.92816257 40.41025925
v 46.86844635 -4.60871887 40.38850784
v 51.50480652 -4.39091158 42.33413696
v 50.46836090 -4.39091158 41.58469391
v 50.47929001 -4.37400341 41.56782913
v 52.42730713 -4.39091158 43.22006989
v 51.51803589 -4.37400341 42.31901169
v 53.21803665 -4.39091158 44.22536850
v 52.44256592 -4.37400341 43.20698929
v 53.86171722 -4.39091158 45.33060837
v 53.23501587 -4.37400341 44.21460724
v 54.34590912 -4.39091158 46.51443100
v 53.88006592 -4.37400341 45.32238770
v 54.66125488 -4.39091158 47.75395966
v 54.36524963 -4.37400341 46.50892258
v 54.80166245 -4.39091158 49.02524567
v 54.68118668 -4.37400341 47.75127792
v 54.82177734 -4.37400341 49.02544785
v 46.88616943 -4.37966299 40.27202225
v 45.60838699 -4.37400341 40.17631531
v 46.88718796 -4.37400341 40.26542282
v 45.60838699 -4.37966299 40.18299484
v 46.88524246 -4.38529921 40.27865601
v 46.88430786 -4.39091158 40.28530502
v 45.60838699 -4.39091158 40.19640732
v 45.60838699 -4.38529921 40.18968964
v 48.13925934 -4.37966299 40.53738785
v 48.14126968 -4.37400341 40.53101730
v 48.13742065 -4.38529921 40.54382706
v 49.33800507 -4.39091158 40.98622131
v 48.13557434 -4.39091158 40.55028534
v 49.34344101 -4.37966299 40.97396088
v 49.34640121 -4.37400341 40.96796799
v 49.34072876 -4.38529921 40.98008347
v 50.47544861 -4.37966299 41.57330704
v 50.47191238 -4.38529921 41.57899094
v 51.51340103 -4.37966299 42.32384109
v 51.50910950 -4.38529921 42.32898331
v 52.43724823 -4.37966299 43.21106339
v 52.43228531 -4.38529921 43.21555710
v 53.22912979 -4.37966299 44.21782684
v 53.22359085 -4.38529921 44.22159195
v 53.87374878 -4.37966299 45.32467651
v 53.86774063 -4.38529921 45.32763672
v 54.35864639 -4.37966299 46.51022720
v 54.35228729 -4.38529921 46.51232529
v 54.67445374 -4.37966299 47.75156403
v 54.66786194 -4.38529921 47.75276184
v 26.85182190 -4.39091158 40.19640732
v 26.85155678 -4.37400341 40.17631531
v 38.01438141 -4.96499968 45.85244370
v 38.01438141 -4.96499968 49.02270126
v 37.99438095 -4.96499968 49.02270126
v 37.99438095 -4.96499968 45.85244370
v 39.49640656 -4.92816257 48.89106369
v 39.50198364 -4.60871887 49.02463150
v 39.49894714 -4.78261518 49.02159882
v 39.49832535 -4.81836843 49.01713943
v 39.49773407 -4.85226202 49.00503540
v 39.49720764 -4.88242769 48.98542404
v 39.49681854 -4.90458298 48.96176910
v 39.49656677 -4.91897058 48.93635941
v 39.49644852 -4.92581034 48.91417694
v 39.50198364 -4.60871887 45.85051346
v 39.49640656 -4.92816257 45.98408127
v 39.49894714 -4.78261518 45.85354996
v 39.49866486 -4.79885626 45.85459900
v 39.49838638 -4.81484413 45.85718536
v 39.49794769 -4.83993578 45.86464310
v 39.49661255 -4.91633511 45.93326569
v 39.49645996 -4.92508745 45.95791626
v 39.49753952 -4.86340237 45.87612915
v 39.49685287 -4.90261793 45.91090775
v 39.49716568 -4.88464737 45.89162445
v 39.60638809 -4.39091158 49.03171158
v 39.60638809 -4.39091158 45.84343338
v 39.62648010 -4.37400341 45.84317017
v 39.62648010 -4.37400341 49.03197861
v 36.51237488 -4.92554235 48.89110947
v 36.51232147 -4.92245865 48.91728973
v 36.51216888 -4.91368532 48.94195175
v 36.51192856 -4.89994097 48.96431732
v 36.51161575 -4.88194275 48.98359680
v 36.51124191 -4.86067343 48.99908447
v 36.51083374 -4.83718395 49.01055908
v 36.51039505 -4.81207132 49.01801300
v 36.51011658 -4.79607058 49.02059555
v 36.50983047 -4.77981806 49.02164459
v 36.50677109 -4.60435772 49.02470779
v 36.51221466 -4.91632843 45.93871689
v 36.51233292 -4.92318392 45.96090698
v 36.51237488 -4.92554235 45.98403931
v 36.51196289 -4.90191221 45.91329956
v 36.51157761 -4.87972069 45.88964844
v 36.51104736 -4.84951830 45.87004852
v 36.51045609 -4.81559563 45.85795593
v 36.50983047 -4.77981806 45.85350037
v 36.50677109 -4.60435772 45.85043716
v 36.38282776 -4.37001944 45.84310532
v 36.40291214 -4.38700676 45.84337234
v 36.40291214 -4.38700676 49.03177261
v 36.38282776 -4.37001944 49.03203964
v 39.49640656 -4.92816257 37.60752869
v 39.50198364 -4.60871887 37.74110031
v 39.49894714 -4.78261518 37.73806381
v 39.49832535 -4.81836843 37.73360443
v 39.49773407 -4.85226202 37.72150040
v 39.49720764 -4.88242769 37.70188904
v 39.49681854 -4.90458298 37.67823792
v 39.49656677 -4.91897058 37.65282440
v 39.49644852 -4.92581034 37.63064575
v 39.49640656 -4.92816257 34.70054626
v 39.50198364 -4.60871887 34.56697845
v 39.49894714 -4.78261518 34.57001495
v 39.49866486 -4.79885626 34.57106781
v 39.49838638 -4.81484413 34.57365036
v 39.49794769 -4.83993578 34.58110809
v 39.49661255 -4.91633511 34.64973068
v 39.49645996 -4.92508745 34.67438126
v 39.49753952 -4.86340237 34.59259415
v 39.49685287 -4.90261793 34.62737274
v 39.49716568 -4.88464737 34.60808945
v 39.62648010 -4.37400341 37.74844360
v 39.60638809 -4.39091158 37.74817657
v 39.60638809 -4.39091158 34.55989838
v 39.62648010 -4.37400341 34.55963516
v 37.99438095 -4.96499968 34.56891251
v 38.01438141 -4.96499968 34.56891251
v 38.01438141 -4.96499968 37.73916626
v 37.99438095 -4.96499968 37.73916626
v 36.51237488 -4.92554235 37.60757446
v 36.51232147 -4.92245865 37.63375473
v 36.51216888 -4.91368532 37.65842056
v 36.51192856 -4.89994097 37.68078232
v 36.51161575 -4.88194275 37.70006180
v 36.51124191 -4.86067343 37.71554947
v 36.51083374 -4.83718395 37.72702408
v 36.51039505 -4.81207132 37.73447800
v 36.51011658 -4.79607058 37.73706055
v 36.50983047 -4.77981806 37.73811340
v 36.50677109 -4.60435772 37.74117661
v 36.51237488 -4.92554235 34.70050430
v 36.51221466 -4.91632843 34.65518188
v 36.51233292 -4.92318392 34.67737579
v 36.51196289 -4.90191221 34.62976456
v 36.51157761 -4.87972069 34.60611343
v 36.51104736 -4.84951830 34.58651352
v 36.51045609 -4.81559563 34.57442093
v 36.50983047 -4.77981806 34.56996536
v 36.50677109 -4.60435772 34.56690216
v 36.38282776 -4.37001944 34.55957031
v 36.40291214 -4.38700676 34.55983734
v 36.40291214 -4.38700676 37.74823761
v 36.38282776 -4.37001944 37.74850464
v 15.56364250 3.43280363 58.93750763
v 15.56689453 3.43710518 58.94540405
v 15.56256580 3.42845798 58.92877197
v 15.57353687 3.44232082 58.95413589
v 15.58544350 3.44856477 58.96353912
v 15.59644604 3.45282984 58.96937180
v 15.60916138 3.45671749 58.97426987
v 15.56364918 3.40975165 58.87620163
v 15.64851856 3.46430445 58.98240280
v 15.67095661 3.46638918 58.98390198
v 15.57183266 3.43829918 58.66112518
v 15.69354820 3.46707821 58.98360825
v 15.56934357 3.41616035 58.71196747
v 15.56710529 3.40385461 58.76597595
v 15.56518555 3.40163445 58.82133102
v 24.48438263 3.43244314 49.39720535
v 24.71030045 3.46707821 50.71908569
v 24.74514008 3.43038893 49.39720535
v 24.68158150 3.40777302 49.39720535
v 24.80175400 3.46707821 49.39720535
v 16.86651039 3.41550899 58.56929016
v 16.88256836 3.40045428 58.65781403
v 17.00902557 3.46707821 58.82469177
v 16.89581108 3.40950489 58.73082733
v 16.90816498 3.43710542 58.79892731
v 18.12248611 3.41550899 58.24991608
v 18.15066528 3.40045428 58.33535767
v 18.29008293 3.46707821 58.48613358
v 18.17390633 3.40950489 58.40582657
v 18.19558525 3.43710542 58.47155762
v 19.32203102 3.41550899 57.75944138
v 19.36178589 3.40045428 57.84014893
v 19.51231384 3.46707821 57.97438431
v 19.39457703 3.40950489 57.90671539
v 19.42516136 3.43710542 57.96880341
v 20.44195938 3.41550899 57.10734558
v 20.49252319 3.40045428 57.18175888
v 20.65242577 3.46707821 57.29919815
v 20.53422928 3.40950489 57.24313354
v 20.57312965 3.43710542 57.30038071
v 21.46062851 3.41550899 56.30623245
v 21.52102470 3.40045428 56.37291336
v 21.68869400 3.46707821 56.47343826
v 21.57083893 3.40950489 56.42790985
v 21.61730385 3.43710542 56.47920990
v 22.35834885 3.41550899 55.37158203
v 22.42740822 3.40045428 55.42924118
v 22.48436928 3.40950489 55.47679901
v 22.60137367 3.46707821 55.51284409
v 22.53750038 3.43710542 55.52116013
v 23.11777115 3.41550899 54.32146072
v 23.19415855 3.40045428 54.36898804
v 23.25716591 3.40950489 54.40818405
v 23.37307358 3.46707821 54.43571091
v 23.31593513 3.43710542 54.44474792
v 23.72421455 3.41550899 53.17616653
v 23.80645561 3.40045428 53.21263885
v 23.87429047 3.40950489 53.24272156
v 23.98908806 3.46707821 53.26256943
v 23.93756104 3.43710542 53.27077866
v 24.16596031 3.41550899 51.95783615
v 24.25246429 3.40045428 51.98254776
v 24.32381439 3.40950489 52.00293350
v 24.43767929 3.46707821 52.01577759
v 24.39036560 3.43710542 52.02194595
v 24.43446922 3.41550899 50.69001389
v 24.54757690 3.40882874 49.39720535
v 24.52356529 3.40045428 50.70249176
v 24.61451721 3.40045428 49.39720535
v 24.59705353 3.40950489 50.71278000
v 24.66559792 3.43710542 50.72238159
v 24.79707146 3.46328020 45.91875839
v 24.78664398 3.45538163 45.88225555
v 24.80175400 3.46707821 45.97162628
v 24.77797508 3.44935584 45.86530304
v 24.77169609 3.44527555 45.85680771
v 24.76425362 3.44072914 45.84963608
v 24.75568581 3.43586421 45.84447861
v 24.74967384 3.43267727 45.84253693
v 24.54936790 3.40839434 45.84110260
v 24.48477554 3.43224192 45.84187698
v 24.31211281 3.64285254 49.39720535
v 15.57752132 3.52788615 58.55507660
v 15.58026028 3.57554698 58.52393341
v 15.58324051 3.63784146 58.49991989
v 24.36525536 3.53163671 49.39720535
v 24.27989578 3.52782798 50.66685867
v 24.33270645 3.58438849 49.39720535
v 24.24909592 3.57546115 50.66255188
v 24.22551155 3.63781333 50.65925217
v 24.01650047 3.52782798 51.91203308
v 23.98659515 3.57546115 51.90349960
v 23.96369553 3.63781333 51.89696503
v 23.58315659 3.52782798 53.10871124
v 23.55472183 3.57546115 53.09611893
v 23.53294754 3.63781333 53.08647537
v 22.98822021 3.52782798 54.23382950
v 22.96180344 3.57546115 54.21741486
v 22.94157600 3.63781333 54.20484924
v 22.24316025 3.52782798 55.26568222
v 22.21927261 3.57546115 55.24576950
v 22.20097923 3.63781333 55.23052216
v 21.36234665 3.52782798 56.18437576
v 21.34144783 3.57546115 56.16134644
v 21.32544327 3.63781333 56.14371109
v 20.36276054 3.52782798 56.97219467
v 20.34525299 3.57546115 56.94649506
v 20.33184624 3.63781333 56.92681122
v 19.26367950 3.52782798 57.61395264
v 19.24990082 3.57546115 57.58607483
v 19.23934937 3.63781333 57.56472397
v 18.08629417 3.52782798 58.09727097
v 18.07651138 3.57546115 58.06775284
v 18.06901932 3.63781333 58.04514694
v 16.85330772 3.52782798 58.41283417
v 16.84770775 3.57546115 58.38224030
v 16.84342003 3.63781333 58.35881805
v 24.36266136 3.53503013 45.84493256
v 24.32851601 3.59356666 45.84683609
v 24.31085777 3.64841485 45.84861755
v 15.57515526 4.07066965 57.05780029
v 15.57351112 4.08700132 57.11115265
v 15.57238007 4.11298180 57.16046143
v 15.57177639 4.14759636 57.20413208
v 15.57347584 4.24742603 57.27180099
v 15.57720852 4.25649738 57.27507782
v 15.57220650 4.23867178 57.26819229
v 15.58421612 4.26627064 57.27807999
v 15.59803104 4.27838182 57.28100586
v 15.62252140 4.29148197 57.28300858
v 15.57171345 4.18983126 57.24057388
v 15.66009808 4.30206823 57.28309250
v 15.69902515 4.30540657 57.28133774
v 22.30788422 4.30540657 52.85024643
v 22.74598503 4.30540657 51.74371338
v 22.88380623 4.07284689 49.39720535
v 22.94718552 4.09596300 49.39720535
v 23.00350761 4.13309669 49.39720535
v 23.04972649 4.18223953 49.39720535
v 23.08334160 4.24073124 49.39720535
v 23.01288605 4.30540657 50.58392715
v 23.10253143 4.30540657 49.39720535
v 16.83139610 4.07284689 56.90357208
v 16.85080910 4.11218786 56.99304962
v 16.86657715 4.18223953 57.06571960
v 16.87777328 4.30540657 57.11732483
v 16.87429047 4.24742651 57.10128021
v 17.94054604 4.07284689 56.57373810
v 17.97317886 4.11218786 56.65928268
v 17.99968529 4.18223953 56.72875977
v 18.01850510 4.30540657 56.77809525
v 18.01265335 4.24742651 56.76275635
v 18.98755836 4.07284689 56.08102798
v 19.03267288 4.11218786 56.16069794
v 19.06931496 4.18223953 56.22540665
v 19.08724403 4.24742651 56.25706863
v 19.09533310 4.30540657 56.27135468
v 19.94867516 4.07284689 55.43662262
v 20.00524521 4.11218786 55.50860977
v 20.05119133 4.18223953 55.56708145
v 20.08381844 4.30540657 55.60860062
v 20.07367325 4.24742651 55.59568787
v 20.86882210 4.11218786 54.71782303
v 20.92303085 4.18223953 54.76872253
v 20.96152306 4.30540657 54.80487061
v 20.94955444 4.24742651 54.79363251
v 21.60380554 4.11218786 53.80627441
v 21.66504478 4.18223953 53.84845734
v 21.70853043 4.30540657 53.87841034
v 21.69500923 4.24742651 53.86909866
v 22.19351196 4.11218786 52.79466248
v 22.26039314 4.18223953 52.82716751
v 22.29311943 4.24742651 52.84307098
v 22.62455940 4.11218786 51.70594025
v 22.69556427 4.18223953 51.72803116
v 22.60610199 4.07284689 51.44390869
v 22.73030663 4.24742651 51.73883820
v 22.69434929 4.11218786 51.46830368
v 22.76602173 4.18223953 51.48812103
v 22.79664421 4.07284689 50.55106735
v 22.88716316 4.11218786 50.56482315
v 22.96068001 4.18223953 50.57599258
v 22.99665451 4.24742651 50.58145905
v 23.10144424 4.29950714 45.93532181
v 23.09867096 4.28680038 45.89889526
v 23.10253143 4.30540657 45.98805237
v 23.09601974 4.27665472 45.88195801
v 23.09391403 4.26950645 45.87342453
v 23.09123993 4.26127815 45.86621857
v 23.08792305 4.25207472 45.86097717
v 23.08545303 4.24579430 45.85895538
v 23.08274841 4.23936129 45.85811234
v 23.05655861 4.19185305 45.85656738
v 23.02049065 4.14857531 45.85515976
v 22.97580719 4.11247683 45.85398865
v 22.92488480 4.08589411 45.85312271
v 22.87081337 4.07007408 45.85261154
v 22.72970963 4.07286787 49.39720535
v 15.59531307 4.24063110 56.71419525
v 15.59723568 4.25013161 56.71020508
v 15.59593582 4.24542046 56.71215439
v 15.60213852 4.25980425 56.70637894
v 15.62059498 4.27784395 56.69971848
v 15.60916615 4.26832104 56.70317459
v 22.66625786 4.09604454 49.39720535
v 22.60045433 4.08662844 50.53149414
v 22.56366158 4.18253088 49.39720535
v 22.52432251 4.13327217 50.51982117
v 22.60988998 4.13327217 49.39720535
v 22.40988159 4.30594254 50.60860443
v 22.47256470 4.19114971 50.51188278
v 22.51098251 4.30594254 49.39720535
v 22.53008652 4.24114752 49.39720535
v 22.34308434 4.08662844 51.63957596
v 22.26960182 4.13327217 51.61650085
v 22.10938072 4.30594254 51.78648758
v 22.21964455 4.19114971 51.60081100
v 22.20285225 4.13327217 51.81882477
v 22.15336609 4.19114971 51.80170441
v 22.12061691 4.25980473 51.79037476
v 21.92074585 4.08662844 52.69585419
v 21.85161018 4.13327217 52.66190720
v 21.61779022 4.30594254 52.89826584
v 21.80460739 4.19114971 52.63882828
v 21.70460892 4.13327217 52.94564819
v 21.65864563 4.19114971 52.92056274
v 21.62822723 4.25980473 52.90396118
v 21.34319878 4.08662844 53.67591858
v 21.28000641 4.13327217 53.63188553
v 20.94871140 4.30594254 53.91317749
v 21.23704529 4.19114971 53.60195160
v 21.02647591 4.13327217 53.97429657
v 20.98530579 4.19114971 53.94194031
v 20.95805931 4.25980473 53.92052460
v 20.62378311 4.08662844 54.55712891
v 20.56799507 4.13327217 54.50402832
v 20.12065887 4.30594254 54.80314636
v 20.53006744 4.19114971 54.46792603
v 20.18721581 4.13327217 54.87630844
v 20.15197945 4.19114971 54.83757401
v 20.12866020 4.25980473 54.81193924
v 19.77912331 4.08662844 55.31912613
v 19.73202705 4.13327217 55.25818253
v 19.15653992 4.30594254 55.54354477
v 19.70000839 4.19114971 55.21675110
v 19.21004868 4.13327217 55.62672424
v 19.18172073 4.19114971 55.58268738
v 19.16297340 4.25980473 55.55354309
v 18.82873344 4.08662844 55.94430542
v 18.79141808 4.13327217 55.87692642
v 18.08303070 4.30594254 56.11388779
v 18.76604843 4.19114971 55.83111954
v 18.12201118 4.13327217 56.20478821
v 18.10137558 4.19114971 56.15666199
v 18.08771706 4.25980473 56.12481308
v 17.79456902 4.08662844 56.41822052
v 17.76789665 4.13327217 56.34596634
v 16.92983246 4.30594254 56.49839401
v 17.74976349 4.19114971 56.29684067
v 16.95320702 4.13327217 56.59450150
v 16.94083214 4.19114971 56.54362106
v 16.93264389 4.25980473 56.50994873
v 16.70052528 4.08662844 56.72992325
v 16.68511200 4.13327217 56.65446091
v 16.67463303 4.19114971 56.60315704
v 15.72885227 4.30594254 56.68643188
v 15.74151611 4.08662844 56.86190414
v 15.58284283 4.08728743 56.87193298
v 15.58596897 4.11358690 56.82229996
v 15.57991219 4.07074547 56.92568970
v 15.73597145 4.13327217 56.78508377
v 15.58917046 4.14860392 56.77840042
v 15.73220253 4.19114971 56.73285675
v 15.59232521 4.19129848 56.74182892
v 15.63798904 4.28778219 56.69614410
v 15.72970772 4.25980473 56.69829178
v 15.67515945 4.30019236 56.69115448
v 22.51098251 4.30594254 45.98806763
v 22.51207924 4.29992294 45.93483353
v 22.51124001 4.30446291 45.96125031
v 22.51362610 4.29245424 45.91060257
v 22.51595879 4.28270388 45.89036179
v 22.51827621 4.27422762 45.87817001
v 22.52696609 4.24875593 45.85961914
v 22.53063965 4.23986053 45.85812759
v 22.52355194 4.25787354 45.86366272
v 22.52059555 4.26662397 45.87015152
v 22.55678749 4.19223547 45.85657883
v 22.59285164 4.14883518 45.85517120
v 22.63757133 4.11262608 45.85399246
v 22.68855858 4.08595896 45.85312653
v 22.74271011 4.07008982 45.85261154
v 21.24802971 3.53557611 49.39720535
v 15.55812931 3.53969526 55.43497849
v 16.56132889 3.53557611 55.28781128
v 15.55836487 3.59750342 55.46868896
v 16.56868362 3.58842874 55.31969452
v 16.57333755 3.64704061 55.33987045
v 15.55924416 3.65174079 55.48640823
v 17.52726936 3.53557611 54.97767639
v 17.53985023 3.58842874 55.00788498
v 17.54781342 3.64704061 55.02699661
v 18.42774391 3.53557611 54.51037979
v 18.44519997 3.58842874 54.53805542
v 18.45624542 3.64704061 54.55557251
v 19.23739243 3.53557611 53.89907837
v 19.25923157 3.58842874 53.92344666
v 19.27305222 3.64704061 53.93886948
v 19.93341446 3.53557611 53.16099167
v 19.95902061 3.58842874 53.18136597
v 19.97522545 3.64704061 53.19425583
v 20.49620819 3.53557611 52.31690216
v 20.52486038 3.58842874 52.33270645
v 20.54299164 3.64704061 52.34270859
v 20.90992165 3.53557611 51.39058685
v 20.94081306 3.58842874 51.40137863
v 20.96036148 3.64704061 51.40820312
v 21.16290283 3.53557611 50.40813065
v 21.19516563 3.58842874 50.41360092
v 21.28075218 3.58842874 49.39720535
v 21.30146027 3.64704061 49.39720535
v 21.21557999 3.64704061 50.41706467
v 21.30044365 3.64288354 45.84837341
v 21.27622032 3.57938075 45.84630966
v 21.24446869 3.53109622 45.84474182
v 15.57420635 3.43621922 55.04791641
v 15.58039761 3.44529438 55.03092194
v 15.57617378 3.44082236 55.03905869
v 15.59503269 3.45395279 55.01614380
v 15.58690071 3.44979668 55.02310562
v 21.04522896 3.43656564 50.38761520
v 21.06533051 3.41310763 49.39720535
v 21.12858200 3.43656564 49.39720535
v 20.99836922 3.40489912 49.39720535
v 20.94840050 3.40684414 50.37120056
v 20.71537399 3.47198629 50.43005371
v 20.85074425 3.41238379 50.35464478
v 20.86782074 3.43515706 49.39720535
v 20.93132401 3.41238379 49.39720535
v 20.78604889 3.43621922 50.34367752
v 20.81129837 3.47198629 49.39720535
v 20.79751587 3.43656564 51.35016251
v 20.70479202 3.40684414 51.31779480
v 20.61127663 3.41238379 51.28515244
v 20.43088341 3.47198629 51.42757034
v 20.54932404 3.43621922 51.26352692
v 20.63509750 3.40684414 51.50687790
v 20.54276848 3.41238379 51.47102356
v 20.48159981 3.43621922 51.44726562
v 20.39241028 3.43656564 52.25777054
v 20.30640030 3.40684414 52.21036148
v 20.21965599 3.41238379 52.16254807
v 19.96755981 3.47198629 52.35563660
v 20.16218948 3.43621922 52.13087082
v 20.15367508 3.40684414 52.47119522
v 20.06952667 3.41238379 52.41894913
v 20.01377869 3.43621922 52.38433456
v 19.84130859 3.43656564 53.08490753
v 19.76443100 3.40684414 53.02378845
v 19.68690109 3.41238379 52.96214676
v 19.34124756 3.47198629 53.18250656
v 19.50289917 3.40684414 53.33036423
v 19.42981148 3.41238379 53.26351547
v 19.38139153 3.43621922 53.21922684
v 19.15971565 3.43656564 53.80829620
v 19.09413528 3.40684414 53.73518753
v 18.57337379 3.47198629 53.87989426
v 19.02799606 3.41238379 53.66145706
v 18.64550591 3.41238379 53.97582626
v 18.60606956 3.43621922 53.92337799
v 18.36680412 3.43656564 54.40759277
v 18.31436539 3.40684414 54.32455063
v 17.69020271 3.47198629 54.42394257
v 18.26148033 3.41238379 54.24080658
v 17.78736305 3.40684414 54.62028885
v 17.74343491 3.41238379 54.53151703
v 17.71433258 3.43621922 54.47270203
v 17.48488426 3.43656564 54.86593628
v 17.44706154 3.40684414 54.77529907
v 16.72194862 3.47198629 54.79604340
v 17.40891647 3.41238379 54.68389130
v 16.78128815 3.40684414 55.00692749
v 16.75445938 3.41238379 54.91158295
v 16.53876114 3.43656564 55.17042923
v 16.73668480 3.43621922 54.84841537
v 16.51662064 3.40684414 55.07474518
v 16.49428940 3.41238379 54.97824860
v 15.70172787 3.47198629 54.98347092
v 16.47949600 3.43621922 54.91431808
v 15.72995281 3.43656564 55.29949570
v 15.55966187 3.44150376 55.32139969
v 15.56156158 3.41889429 55.26908875
v 15.56404495 3.40684414 55.21356964
v 15.72121620 3.40684414 55.20167160
v 15.56704712 3.40581441 55.15692520
v 15.71240520 3.41238379 55.10301971
v 15.57046890 3.41567755 55.10111237
v 15.70656776 3.43621922 55.03765869
v 15.65013790 3.46843171 54.99220657
v 15.61105728 3.45991802 55.00640869
v 20.95314407 3.40819979 45.84103012
v 20.91024017 3.41811514 45.84135056
v 20.86956024 3.43430090 45.84187698
v 20.86097908 3.43866897 45.84321976
v 20.85242462 3.44338894 45.84713364
v 20.84440613 3.44816518 45.85355759
v 20.83762741 3.45248318 45.86156845
v 20.83027458 3.45747375 45.87380219
v 20.82212067 3.46340585 45.89407730
v 20.81606293 3.46810341 45.91835403
v 20.81129837 3.47198629 45.97171402
v 20.81245995 3.47102451 45.94483566
v 45.60838699 3.43244314 43.47599411
v 45.60838699 3.40882874 43.53918839
v 45.60838699 3.40045428 43.60612869
v 42.05213547 3.40371442 43.65183640
v 45.60838699 3.40777302 43.67319489
v 42.05245209 3.41352224 43.69451523
v 45.60838699 3.43038893 43.73675156
v 42.05297470 3.42953610 43.73500824
v 42.05431366 3.43388295 43.74360275
v 42.05822754 3.43858194 43.75216675
v 42.06465149 3.44333839 43.76020050
v 42.07266235 3.44763970 43.76698685
v 45.60838699 3.46707821 43.79336548
v 42.08489990 3.45261216 43.77435303
v 42.10517120 3.45852423 43.78252411
v 42.12945175 3.46320701 43.78859329
v 42.18280792 3.46707821 43.79336548
v 42.15593338 3.46611929 43.79220200
v 51.25451660 3.43144965 49.02591324
v 51.23750305 3.44048262 49.01972580
v 51.24564362 3.43603063 49.02394485
v 51.21295166 3.45504951 48.98907089
v 51.22270203 3.44910622 49.00509262
v 51.22967529 3.44496632 49.01322174
v 46.59084320 3.41460967 43.60157013
v 46.57626343 3.40045428 43.68758392
v 46.64034271 3.46707821 43.88920593
v 46.56291580 3.41101527 43.76632690
v 47.54566574 3.41460967 43.84729004
v 47.51691437 3.40045428 43.92965698
v 47.63700485 3.46707821 44.17343903
v 47.49059296 3.41101527 44.00506210
v 47.70478439 3.40045428 43.99890137
v 47.67587280 3.41101527 44.07335281
v 47.65073013 3.44048119 44.13809204
v 48.44598770 3.41460967 44.24913406
v 48.40387344 3.40045428 44.32553864
v 48.56427383 3.46707821 44.63634872
v 48.36532211 3.41101527 44.39548111
v 48.66303635 3.40045428 44.47727966
v 48.62091064 3.41101527 44.54513168
v 48.58427811 3.44048119 44.60413361
v 49.26648331 3.41460967 44.79580307
v 49.21219254 3.40045428 44.86408997
v 49.16249466 3.41101527 44.92660904
v 49.39044189 3.46707821 45.26210403
v 49.51680756 3.40045428 45.12393951
v 49.46290588 3.41101527 45.18287277
v 49.41603470 3.44048119 45.23411942
v 49.98407364 3.41460967 45.47190857
v 49.91913605 3.40045428 45.53016663
v 49.85968399 3.41101527 45.58349609
v 50.08724594 3.46707821 46.02929306
v 50.23689651 3.40045428 45.91676712
v 50.17306137 3.41101527 45.96476364
v 50.11755371 3.44048119 46.00650406
v 50.57857132 3.41460967 46.25844193
v 50.50481033 3.40045428 46.30502319
v 50.63085556 3.46707821 46.91168213
v 50.43728256 3.41101527 46.34766769
v 50.79866791 3.40045428 46.82863617
v 50.72708511 3.41101527 46.86405945
v 50.66484070 3.44048119 46.89486313
v 51.03325272 3.41460967 47.13327026
v 50.95274353 3.40045428 47.16687012
v 51.00267410 3.46707821 47.87908554
v 50.87903976 3.41101527 47.19762802
v 51.18290710 3.40045428 47.82836533
v 51.10602951 3.41101527 47.84999847
v 51.03917694 3.44048119 47.86881256
v 51.33532715 3.41460967 48.07178497
v 51.25033188 3.40045428 48.09145737
v 51.18998337 3.46707821 48.89841843
v 51.17252350 3.41101527 48.10946274
v 51.46337128 3.41460967 48.87398529
v 51.47573090 3.41466451 49.03854752
v 51.42024231 3.40247798 49.03606796
v 51.52798843 3.43740296 49.04043961
v 51.37647629 3.40045428 48.88175201
v 51.36360168 3.40130997 49.03306961
v 51.29692841 3.41101527 48.88886261
v 51.30776215 3.41103721 49.02965164
v 51.22775269 3.44048119 48.89504242
v 51.19873047 3.46353483 48.94999695
v 45.60838699 3.64285254 43.30372620
v 42.05948639 3.63870311 43.30473709
v 45.60838699 3.58438849 43.32431793
v 42.05742645 3.57536149 43.32882690
v 45.60838699 3.53163671 43.35686874
v 42.05586243 3.52716637 43.36040497
v 51.64124680 3.53574872 49.04195404
v 51.49417877 3.53163671 48.03958130
v 51.67477798 3.59344077 49.04171753
v 51.52589417 3.58438849 48.03226471
v 51.54595947 3.64285254 48.02763748
v 51.69239807 3.64753938 49.04083633
v 51.18427277 3.53163671 47.07445526
v 51.21432114 3.58438849 47.06193924
v 51.23332977 3.64285254 47.05401993
v 50.71734238 3.53163671 46.17474365
v 50.74487305 3.58438849 46.15738297
v 50.76229095 3.64285254 46.14639282
v 50.10653305 3.53163671 45.36578369
v 50.13077164 3.58438849 45.34406281
v 50.14611053 3.64285254 45.33031845
v 49.36904907 3.53163671 44.67035675
v 49.38931274 3.58438849 44.64488602
v 49.40213776 3.64285254 44.62876892
v 48.52565765 3.53163671 44.10804367
v 48.54137802 3.58438849 44.07954407
v 48.55132294 3.64285254 44.06151199
v 47.60010910 3.53163671 43.69468689
v 47.61084366 3.58438849 43.66395950
v 47.61763382 3.64285254 43.64451599
v 46.61847305 3.53163671 43.44192123
v 46.62391281 3.58438849 43.40983200
v 46.62735748 3.64285254 43.38952637
v 42.06379318 4.07007408 41.86242676
v 45.60838699 4.07284689 41.87541962
v 42.06430817 4.08589411 41.91649628
v 45.60838699 4.09596300 41.93879700
v 42.06517029 4.11247683 41.96741867
v 45.60838699 4.13309669 41.99512100
v 42.06634521 4.14857531 42.01210403
v 45.60838699 4.18223953 42.04133987
v 42.06775284 4.19185305 42.04817200
v 45.60838699 4.24073124 42.07495117
v 42.06929398 4.23936129 42.07435989
v 42.07078552 4.24825001 42.07805252
v 42.07482910 4.25736141 42.08148193
v 42.08131790 4.26610613 42.08445740
v 42.08933640 4.27370548 42.08678818
v 45.60838699 4.30540657 42.09414291
v 42.10152817 4.28217745 42.08912277
v 42.12176895 4.29192352 42.09147263
v 42.14599991 4.29938936 42.09303665
v 42.19923782 4.30540657 42.09414291
v 42.17242050 4.30392742 42.09388351
v 53.13173676 4.07072639 49.02009201
v 52.92036438 4.24013948 49.00470352
v 52.91635895 4.24963188 49.00278091
v 52.91831589 4.24492455 49.00408173
v 52.91251373 4.25929689 48.99787903
v 52.90582275 4.27732325 48.97942352
v 52.90929413 4.26780701 48.99085236
v 46.26264191 4.07284689 41.90392685
v 46.25461197 4.11267662 41.99588013
v 46.24820709 4.18223953 42.06921768
v 46.81890106 4.30540657 42.19516373
v 46.85515594 4.07284689 41.97946930
v 46.83985519 4.11267662 42.07049561
v 46.82765198 4.18223953 42.14309311
v 46.82178879 4.24492407 42.17797470
v 48.06743240 4.07284689 42.28873444
v 48.03725433 4.11267662 42.37596512
v 48.01318741 4.18223953 42.44553757
v 47.99592590 4.30540657 42.49543762
v 48.00162506 4.24492407 42.47896576
v 48.98159027 4.07284689 42.67420197
v 48.94019699 4.11267662 42.75670624
v 48.90718460 4.18223953 42.82250214
v 49.10689545 4.30540657 42.98665619
v 49.21167374 4.07284689 42.79466248
v 49.16745758 4.11267662 42.87568665
v 49.13219070 4.18223953 42.94030380
v 49.11524582 4.24492407 42.97135544
v 49.52841949 4.07284689 42.97765732
v 49.48031616 4.11267662 43.05643463
v 49.44194794 4.18223953 43.11926270
v 50.04815674 4.07284689 43.32548904
v 50.08753204 4.06500006 43.27164459
v 49.99367142 4.11267662 43.40000153
v 49.95022202 4.18223953 43.45942307
v 50.12107849 4.30540657 43.65522385
v 49.92934418 4.24492407 43.48797607
v 50.19919586 4.11267662 43.55582809
v 50.15370560 4.18223953 43.61370850
v 50.13184738 4.24492407 43.64151764
v 50.77204895 4.07284689 43.92784882
v 50.70868301 4.11267662 43.99496460
v 51.01041031 4.30540657 44.48265076
v 50.65814590 4.18223953 44.04849243
v 51.10392380 4.11267662 44.39757538
v 51.04946899 4.18223953 44.44711685
v 51.02330399 4.24492407 44.47092056
v 51.41500092 4.07284689 44.61594009
v 51.34374619 4.11267662 44.67461395
v 51.75029373 4.30540657 45.44604111
v 51.28691483 4.18223953 44.72140884
v 51.85661316 4.11267662 45.37764359
v 51.79470062 4.18223953 45.41747284
v 51.76495361 4.24492407 45.43661118
v 52.12537384 4.07284689 45.64138794
v 52.04539871 4.11267662 45.68747711
v 52.32025528 4.30540657 46.51874542
v 51.98161697 4.18223953 45.72423553
v 52.52127457 4.07284689 46.43253708
v 52.43643951 4.11267662 46.46891785
v 52.36878586 4.18223953 46.49793243
v 52.33627701 4.24492407 46.51187515
v 52.91705322 4.07284689 47.61938858
v 52.82736588 4.11267662 47.64120483
v 52.75583649 4.18223953 47.65860367
v 52.72146606 4.24492407 47.66696548
v 52.70452881 4.30540657 47.67108536
v 53.11063385 4.07284689 48.85542297
v 53.07805634 4.08721542 49.01716232
v 53.01856995 4.11267662 48.86207199
v 53.02848053 4.11343431 49.01404190
v 52.98461151 4.14835024 49.01084137
v 52.94804001 4.19092989 49.00769043
v 52.94514465 4.18223953 48.86737442
v 52.90986633 4.24492407 48.86992264
v 52.89721680 4.29965925 48.92486572
v 52.89247894 4.30540657 48.87117767
v 52.90222931 4.28725529 48.96203232
v 42.14651871 4.30004072 41.50366974
v 42.11009598 4.28732920 41.50642014
v 42.19925308 4.30594254 41.50259399
v 45.60838699 4.30594254 41.50259399
v 42.09315872 4.27717829 41.50905228
v 45.60838699 4.24114752 41.52169800
v 42.08462524 4.27002621 41.51114273
v 42.07741928 4.26179314 41.51380157
v 42.07217789 4.25258303 41.51710129
v 42.07015610 4.24629831 41.51955795
v 42.06931305 4.23986053 41.52225113
v 42.06776428 4.19223547 41.54840088
v 45.60838699 4.18253088 41.55527496
v 42.06635284 4.14883518 41.58446503
v 45.60838699 4.13327217 41.60150146
v 42.06517792 4.11262608 41.62918472
v 45.60838699 4.09604454 41.65787125
v 42.06430817 4.08595896 41.68017197
v 45.60838699 4.07286787 41.72132111
v 42.06379318 4.07008982 41.73432159
v 46.79430771 4.30594254 41.59217834
v 53.48122406 4.25701380 49.02278900
v 53.47437286 4.23917675 49.02779388
v 53.47796249 4.24793720 49.02652359
v 53.48420715 4.26679325 49.01578140
v 53.48711014 4.27891064 49.00196838
v 46.79131317 4.23917675 41.61190414
v 46.78174591 4.14710617 41.67485809
v 46.77098465 4.09604454 41.74568939
v 46.75975418 4.07041502 41.81960678
v 47.94739151 4.23917675 41.87794495
v 47.95331573 4.30594254 41.85889053
v 47.92847443 4.14710617 41.93874741
v 47.90719604 4.09604454 42.00716019
v 47.88498688 4.07041502 42.07855225
v 49.05038452 4.23917675 42.31462860
v 49.05910873 4.30594254 42.29668427
v 49.02255249 4.14710617 42.37190247
v 48.99123764 4.09604454 42.43634033
v 48.95855713 4.07041502 42.50358582
v 50.07526779 4.23917675 42.91205215
v 50.08658600 4.30594254 42.89561844
v 50.03914642 4.14710617 42.96449280
v 49.99850464 4.09604454 43.02349472
v 49.95862198 4.06500006 43.15467834
v 49.95609665 4.07041502 43.08507156
v 50.99877548 4.23917675 43.65665054
v 51.01243210 4.30594254 43.64210510
v 50.95518494 4.14710617 43.70307159
v 50.90614319 4.09604454 43.75530243
v 50.85496521 4.07041502 43.80980301
v 51.79994965 4.23917675 44.53153229
v 51.81563950 4.30594254 44.51920319
v 51.74988174 4.14710617 44.57087708
v 51.69355011 4.09604454 44.61514664
v 51.63476562 4.07041502 44.66134262
v 52.46060944 4.23917675 45.51683426
v 52.47797012 4.30594254 45.50700378
v 52.40519714 4.14710617 45.54821396
v 52.34285736 4.09604454 45.58351898
v 52.27779770 4.07041502 45.62035751
v 52.96575928 4.23917675 46.59020233
v 52.98440552 4.30594254 46.58308792
v 52.90626526 4.14710617 46.61289978
v 52.83932877 4.09604454 46.63843918
v 52.76947403 4.07041502 46.66508865
v 53.30393982 4.23917675 47.72727203
v 53.32344055 4.30594254 47.72304153
v 53.24171066 4.14710617 47.74077606
v 53.17169571 4.09604454 47.75597000
v 53.09862900 4.07041502 47.77182388
v 53.46747208 4.23917675 48.90224075
v 53.48738480 4.30594254 48.90098572
v 53.48908615 4.29201651 48.97747803
v 53.48914719 4.30260420 48.93990707
v 53.44689178 4.18996191 49.02830124
v 53.40391922 4.14710617 48.90624237
v 53.41060638 4.14714766 49.02826309
v 53.36693192 4.11218023 49.02767181
v 53.33241653 4.09604454 48.91074753
v 53.31744766 4.08636570 49.02652740
v 53.25780106 4.07041502 48.91544724
v 53.26390076 4.07044077 49.02486038
v 45.60838699 3.53557611 40.23964310
v 42.05617905 3.53897142 40.24224854
v 45.60838699 3.58842874 40.27236557
v 42.05808640 3.59762883 40.27658081
v 45.60838699 3.64704061 40.29307175
v 42.05987549 3.65262246 40.29433441
v 54.76137543 3.53182125 49.02242279
v 54.73006439 3.57956862 49.01967621
v 54.70592117 3.64201665 49.01668167
v 46.87733841 3.53176188 40.32493591
v 46.87300873 3.57948089 40.35589981
v 46.86968994 3.64198804 40.37961197
v 48.12182236 3.53176188 40.58817673
v 48.11324310 3.57948089 40.61824417
v 48.10667419 3.64198804 40.64126968
v 49.31784439 3.53176188 41.02127075
v 49.30518341 3.57948089 41.04985809
v 49.29548645 3.64198804 41.07175064
v 50.44234085 3.53176188 41.61586761
v 50.42584229 3.57948089 41.64242554
v 50.41320801 3.64198804 41.66276550
v 51.47363281 3.53176188 42.36050034
v 51.45361328 3.57948089 42.38451385
v 51.43828201 3.64198804 42.40290833
v 52.39183044 3.53176188 43.24081039
v 52.36867905 3.57948089 43.26182175
v 52.35094833 3.64198804 43.27791214
v 53.17923737 3.53176188 44.23982620
v 53.15339661 3.57948089 44.25742722
v 53.13360596 3.64198804 44.27090836
v 53.82066345 3.53176188 45.33828354
v 53.79263306 3.57948089 45.35213470
v 53.77116776 3.64198804 45.36274338
v 54.30374527 3.53176188 46.51500320
v 54.27406693 3.57948089 46.52484131
v 54.25133896 3.64198804 46.53237152
v 54.61916351 3.53176188 47.74729538
v 54.58841324 3.57948089 47.75292587
v 54.56485748 3.64198804 47.75724030
v 42.13003159 3.46817684 39.80758286
v 42.09352875 3.46025276 39.81798935
v 42.18289948 3.47198629 39.80290985
v 45.60838699 3.47198629 39.80290985
v 42.07657623 3.45420551 39.82664490
v 45.60838699 3.43515706 39.85943222
v 42.06808090 3.45010996 39.83291245
v 42.06090927 3.44554520 39.84034348
v 42.05575180 3.44065928 39.84889984
v 42.05380630 3.43745756 39.85490417
v 45.60838699 3.41238379 39.92293549
v 45.60838699 3.40489912 39.98998260
v 42.05236435 3.41278911 40.05561829
v 45.60838699 3.41310763 40.05694199
v 42.05313110 3.43647242 40.12001038
v 45.60838699 3.43656564 40.12019348
v 55.14410782 3.43758559 49.03629303
v 55.15199661 3.44190669 49.03303909
v 55.13538742 3.43321848 49.03736877
v 55.16071320 3.44714475 49.02639771
v 55.17010117 3.45341325 49.01449203
v 55.17592239 3.45769382 49.00348663
v 55.18080902 3.46159482 48.99077225
v 55.08286285 3.41438103 49.03628922
v 55.18892288 3.46920562 48.95141220
v 55.19041443 3.47129560 48.92898560
v 54.86771393 3.44239593 49.02811813
v 55.19011688 3.47198629 48.90639877
v 54.91860962 3.42038250 49.03060532
v 54.97265244 3.40821052 49.03284073
v 55.02800751 3.40612745 49.03475952
v 46.92959976 3.47198629 39.89431763
v 54.73640823 3.43656564 47.74126053
v 54.82912064 3.40733671 47.72444153
v 55.03124619 3.47198629 47.59159470
v 54.93050003 3.41238379 47.70605087
v 54.99768448 3.43758512 47.69386292
v 54.41854477 3.43656564 46.49134445
v 54.50802994 3.40733671 46.46183014
v 54.69282532 3.47198629 46.31119156
v 54.60587692 3.41238379 46.42955780
v 54.67072296 3.43758512 46.40816879
v 53.93040848 3.43656564 45.29758835
v 54.01493454 3.40733671 45.25594711
v 54.18130493 3.47198629 45.08959198
v 54.10736084 3.41238379 45.21041489
v 54.16861343 3.43758512 45.18024445
v 53.28143311 3.43656564 44.18306351
v 53.35936737 3.40733671 44.13010406
v 53.50643921 3.47198629 43.95006943
v 53.44458771 3.41238379 44.07219315
v 53.50106430 3.43758512 44.03381729
v 52.48416138 3.43656564 43.16931534
v 52.55400085 3.40733671 43.10605621
v 52.63036346 3.41238379 43.03688812
v 52.68107605 3.47198629 42.91434097
v 52.68097305 3.43758512 42.99105072
v 51.55400467 3.43656564 42.27592850
v 51.61439133 3.40733671 42.20359802
v 51.68042755 3.41238379 42.12450790
v 51.72095108 3.47198629 42.00213623
v 51.72418976 3.43758512 42.07209396
v 50.50893402 3.43656564 41.52017975
v 50.55870819 3.40733671 41.44017029
v 50.61313629 3.41238379 41.35268784
v 50.64435577 3.47198629 41.23084259
v 50.64920425 3.43758512 41.29471207
v 49.36915207 3.43656564 40.91666412
v 49.40734863 3.40733671 40.83052826
v 49.44911957 3.41238379 40.73633957
v 49.47180557 3.47198629 40.61515045
v 49.47679901 3.43758512 40.67392349
v 48.15668488 3.43656564 40.47705460
v 48.18257141 3.40733671 40.38645172
v 48.21087265 3.41238379 40.28738403
v 48.22563553 3.47198629 40.16679382
v 48.22962952 3.43758512 40.22172928
v 46.89496994 3.43656564 40.20984268
v 46.90803909 3.40733671 40.11652756
v 46.92232513 3.41238379 40.01448822
v 46.93179703 3.43758512 39.94686890
v 15.58583450 -4.35355663 58.95912170
v 15.56262970 -4.33321857 58.92420197
v 15.60305405 -4.35981607 58.96744919
v 15.57733917 -4.34938526 58.95301056
v 15.57012558 -4.34469080 58.94554901
v 15.56498909 -4.33962870 58.93673706
v 15.56317711 -4.33639097 58.93061829
v 15.64014912 -4.36803293 58.97666550
v 15.56370831 -4.31438112 58.87167740
v 15.69360065 -4.37198639 58.97893524
v 15.56523991 -4.30612755 58.81682587
v 15.56715679 -4.30821085 58.76146698
v 15.56939220 -4.32038307 58.70742798
v 15.57188034 -4.34239626 58.65652847
v 24.70568275 -4.37198639 50.71841431
v 24.74056625 -4.33515692 49.39720535
v 24.79708862 -4.37198639 49.39720535
v 24.67706490 -4.31238365 49.39720535
v 16.88544464 -4.30544424 58.67244339
v 17.00840569 -4.37198639 58.82006073
v 16.87002754 -4.31310749 58.58745956
v 16.85687065 -4.34217262 58.51493454
v 18.18908691 -4.33321857 58.45122147
v 18.28880882 -4.37198639 58.48163986
v 18.15552330 -4.30544424 58.34945679
v 18.12846756 -4.31310749 58.26742935
v 18.10537910 -4.34217262 58.19742966
v 19.41588593 -4.33321857 57.94957352
v 19.51040840 -4.37198639 57.97012329
v 19.36853218 -4.30544424 57.85344696
v 19.33036423 -4.31310749 57.77596664
v 19.29779053 -4.34217262 57.70984268
v 20.56126022 -4.33321857 57.28263474
v 20.64992905 -4.37198639 57.29525375
v 20.50103188 -4.30544424 57.19400406
v 20.45248604 -4.31310749 57.12256622
v 20.41105843 -4.34217262 57.06159973
v 21.60306931 -4.33321857 56.46329498
v 21.68565941 -4.37198639 56.46989441
v 21.53113174 -4.30544424 56.38387299
v 21.47314835 -4.31310749 56.31985855
v 21.42366600 -4.34217262 56.26522827
v 22.52118301 -4.33321857 55.50738907
v 22.59786224 -4.37198639 55.50976944
v 22.43892479 -4.30544424 55.43871307
v 22.37262344 -4.31310749 55.38335800
v 22.31604195 -4.34217262 55.33611679
v 23.29785347 -4.33321857 54.43339539
v 23.36915779 -4.37198639 54.43317413
v 23.20686722 -4.30544424 54.37678909
v 23.13352776 -4.31310749 54.33116150
v 23.07094193 -4.34217262 54.29222488
v 23.91807175 -4.33321857 53.26206589
v 23.98484993 -4.37198639 53.26062012
v 23.82011414 -4.30544424 53.21862411
v 23.74115753 -4.31310749 53.18360901
v 23.67377472 -4.34217262 53.15372849
v 24.36985016 -4.33321857 52.01603699
v 24.43320656 -4.37198639 52.01445389
v 24.26681328 -4.30544424 51.98660278
v 24.18376541 -4.31310749 51.96287537
v 24.11289024 -4.34217262 51.94263077
v 24.64445686 -4.33321857 50.71939850
v 24.53833580 -4.30544424 50.70453644
v 24.61001778 -4.30489922 49.39720535
v 24.45279884 -4.31310749 50.69255829
v 24.54305649 -4.31310749 49.39720535
v 24.47980499 -4.33656549 49.39720535
v 24.37980080 -4.34217262 50.68233490
v 24.79708862 -4.37198639 34.68817902
v 24.79232407 -4.36810350 34.63482285
v 24.79592705 -4.37102461 34.66130066
v 24.77811241 -4.35747385 34.59027100
v 24.77075958 -4.35248327 34.57803345
v 24.78626633 -4.36340570 34.61054230
v 24.74740791 -4.33866882 34.55968475
v 24.73882866 -4.33430099 34.55834579
v 24.75596237 -4.34338903 34.56359863
v 24.76398087 -4.34816504 34.57002640
v 24.68813133 -4.31517982 34.55772400
v 24.63268089 -4.30566311 34.55741501
v 24.57533646 -4.30716896 34.55746078
v 24.51941109 -4.31993294 34.55787659
v 24.46805382 -4.34290552 34.55862427
v 21.24313164 -4.43163681 49.39720535
v 15.55896664 -4.53788710 55.47891235
v 16.57236290 -4.54285240 55.33477783
v 15.55812168 -4.47558069 55.45505142
v 16.56773376 -4.48438835 55.31470871
v 15.55808353 -4.42789555 55.42399216
v 16.56041908 -4.43163681 55.28299332
v 17.54597855 -4.54285240 55.02214432
v 17.53805923 -4.48438835 55.00313568
v 17.52554321 -4.43163681 54.97309113
v 18.45360565 -4.54285240 54.55110550
v 18.44261742 -4.48438835 54.53368759
v 18.42525482 -4.43163681 54.50616074
v 19.26968193 -4.54285240 53.93492508
v 19.25593758 -4.48438835 53.91959000
v 19.23421478 -4.43163681 53.89535141
v 19.97122955 -4.54285240 53.19095230
v 19.95511436 -4.48438835 53.17813110
v 19.92964363 -4.43163681 53.15786743
v 20.53848839 -4.54285240 52.34014130
v 20.52045441 -4.48438835 52.33019257
v 20.49195480 -4.43163681 52.31447220
v 20.95548439 -4.54285240 51.40644836
v 20.93604088 -4.48438835 51.39965820
v 20.90531349 -4.43163681 51.38892746
v 21.21047211 -4.54285240 50.41617584
v 21.29627419 -4.54285240 49.39720535
v 21.27568054 -4.48438835 49.39720535
v 21.19016838 -4.48438835 50.41273117
v 21.15807915 -4.43163681 50.40728760
v 21.29752922 -4.54841471 34.56508636
v 21.27987099 -4.49356651 34.56330109
v 21.24572563 -4.43502998 34.56140137
v 15.57220745 -5.13917637 57.26318741
v 15.57476807 -5.15182638 57.26823425
v 15.57291508 -5.14555168 57.26584244
v 15.57970619 -5.16105032 57.27133560
v 15.59486771 -5.17659187 57.27544403
v 15.58663273 -5.16937017 57.27371597
v 22.94212914 -4.99604416 49.39720535
v 22.83329773 -4.98638296 50.55660629
v 22.87867737 -4.97286749 49.39720535
v 22.99849892 -5.03327179 49.39720535
v 22.91003799 -5.03327179 50.56826782
v 23.04472542 -5.08253050 49.39720535
v 22.95573997 -5.08253050 50.57521057
v 23.00782204 -5.20594215 50.58312607
v 22.98893547 -5.14114714 50.58025360
v 23.09740448 -5.20594215 49.39720535
v 23.07830048 -5.14114714 49.39720535
v 22.57254791 -4.98638296 51.68969727
v 22.64666557 -5.03327179 51.71275330
v 22.69080544 -5.08253050 51.72648621
v 22.72286606 -5.14114714 51.73645782
v 22.74110985 -5.20594215 51.74213409
v 22.14454460 -4.98638296 52.77076340
v 22.21435738 -5.03327179 52.80469131
v 22.25593376 -5.08253050 52.82489777
v 22.30331612 -5.20594215 52.84792328
v 22.28613281 -5.14114714 52.83957291
v 21.55900192 -4.98638296 53.77526855
v 21.62292480 -5.03327179 53.81929779
v 21.66099548 -5.08253050 53.84552002
v 21.70438004 -5.20594215 53.87540054
v 21.68864632 -5.14114714 53.86456680
v 20.95789337 -5.20594215 54.80125046
v 20.82920647 -4.98638296 54.68041229
v 20.88579178 -5.03327179 54.73354340
v 20.91949081 -5.08253050 54.76518631
v 20.94396591 -5.14114714 54.78817368
v 19.97172356 -4.98638296 55.46565628
v 20.01968384 -5.03327179 55.52668762
v 20.04824638 -5.08253050 55.56303406
v 20.08079720 -5.20594215 55.60445404
v 20.06899261 -5.14114714 55.58943176
v 19.00601006 -4.98638296 56.11318207
v 19.04425812 -5.03327179 56.18072128
v 19.06703758 -5.08253050 56.22094727
v 19.09299660 -5.20594215 56.26678848
v 19.08358383 -5.14114714 56.25016403
v 17.95398521 -4.98638296 56.60828781
v 17.98165321 -5.03327179 56.68080902
v 17.99813271 -5.08253050 56.72399902
v 18.01691055 -5.20594215 56.77322006
v 18.01010132 -5.14114714 56.75537109
v 16.83952332 -4.98638296 56.93974304
v 16.85598373 -5.03327179 57.01559830
v 16.86578751 -5.08253050 57.06077194
v 16.87695885 -5.20594215 57.11225510
v 16.87290764 -5.14114714 57.09358597
v 15.68791676 -4.98638296 57.10002518
v 15.57350349 -4.98707581 57.10609436
v 15.57237148 -5.01313877 57.15546417
v 15.57515049 -4.97068882 57.05266190
v 15.69279575 -5.03327179 57.17749023
v 15.57176876 -5.04785728 57.19916916
v 15.69570160 -5.08253050 57.22362518
v 15.57170963 -5.09021044 57.23561096
v 15.69781208 -5.14114714 57.25713730
v 15.69901276 -5.20594215 57.27620316
v 15.64717770 -5.19990969 57.27819443
v 15.61141205 -5.18693161 57.27730560
v 22.86567688 -4.97008944 34.56907654
v 22.91982841 -4.98595858 34.56959152
v 22.97081757 -5.01262569 34.57045746
v 23.01553535 -5.04883480 34.57163620
v 23.05160141 -5.09223509 34.57304764
v 23.07774734 -5.13986015 34.57459259
v 23.08142090 -5.14875555 34.57608414
v 23.08483696 -5.15787315 34.58013153
v 23.08779144 -5.16662359 34.58661652
v 23.09011078 -5.17422724 34.59463501
v 23.09243011 -5.18270350 34.60682678
v 23.09476089 -5.19245386 34.62706757
v 23.09630966 -5.19992256 34.65129852
v 23.09714699 -5.20446253 34.67771912
v 23.09740448 -5.20594215 34.70453644
v 24.36391830 -4.43109608 34.56120682
v 24.36035728 -4.43557596 49.39720535
v 24.33216858 -4.47938061 34.56277466
v 24.32763481 -4.48842859 49.39720535
v 24.30794334 -4.54288340 34.56483841
v 24.30692863 -4.54704046 49.39720535
v 15.58124447 -4.49746323 58.51025391
v 15.58372879 -4.55169773 58.49239731
v 15.57806301 -4.43968248 58.54407883
v 24.21811104 -4.55167770 50.65818787
v 24.23559570 -4.49738693 50.66063309
v 24.26901436 -4.43961191 50.66530991
v 23.95652008 -4.55167770 51.89485931
v 23.97349739 -4.49738693 51.89970398
v 24.00594711 -4.43961191 51.90896225
v 23.52614594 -4.55167770 53.08337402
v 23.54228783 -4.49738693 53.09052277
v 23.57314110 -4.43961191 53.10418701
v 22.93528175 -4.55167770 54.20080948
v 22.95027924 -4.49738693 54.21012497
v 22.97894287 -4.43961191 54.22793198
v 22.19532585 -4.55167770 55.22562790
v 22.20888710 -4.49738693 55.23693085
v 22.23480797 -4.43961191 55.25853729
v 21.32054138 -4.55167770 56.13806152
v 21.33240700 -4.49738693 56.15113449
v 21.35508347 -4.43961191 56.17612457
v 20.32779694 -4.55167770 56.92052460
v 20.33773804 -4.49738693 56.93511581
v 20.35673523 -4.43961191 56.96300125
v 19.23623657 -4.55167770 57.55792236
v 19.24405861 -4.49738693 57.57374954
v 19.25901031 -4.43961191 57.60400009
v 18.06690216 -4.55167770 58.03797150
v 18.07245827 -4.49738693 58.05472946
v 18.08307457 -4.43961191 58.08676147
v 16.84234619 -4.55167770 58.35141373
v 16.84552574 -4.49738693 58.36877823
v 16.85160255 -4.43961191 58.40196991
v 22.73757362 -4.97007370 34.56907654
v 22.72458076 -4.97284651 49.39720535
v 22.68350220 -4.98589373 34.56959152
v 22.66120148 -4.99596262 49.39720535
v 22.63257980 -5.01247644 34.57045364
v 22.60487938 -5.03309631 49.39720535
v 22.58789635 -5.04857492 34.57162857
v 22.55866051 -5.08223915 49.39720535
v 22.55182838 -5.09185266 34.57303238
v 22.52504730 -5.14073086 49.39720535
v 22.52563858 -5.13936090 34.57457733
v 22.51447296 -5.16950607 34.58989334
v 22.51236725 -5.17665434 34.59842300
v 22.51714706 -5.16127777 34.58268738
v 22.52046394 -5.15207434 34.57744217
v 22.52293396 -5.14579391 34.57542419
v 22.50694275 -5.19950676 34.65178680
v 22.50585747 -5.20540619 49.39720535
v 22.50585747 -5.20540619 34.70451736
v 22.50971603 -5.18680000 34.61536026
v 15.72882271 -5.20540619 56.68129349
v 16.92891693 -5.20540619 56.49334335
v 15.60145378 -5.15827179 56.70172882
v 15.59529495 -5.14013910 56.70918274
v 15.59705448 -5.14915037 56.70537567
v 15.60830307 -5.16694164 56.69843292
v 15.61663532 -5.17442131 56.69568634
v 15.62919903 -5.18272829 56.69269180
v 15.57990932 -4.97072601 56.92055130
v 22.53023911 -5.04784775 50.32414246
v 22.40483475 -5.20540619 50.60771561
v 22.60223007 -4.99596262 50.33325195
v 22.67598152 -4.97046661 50.34257889
v 22.42400932 -5.14013910 50.61093903
v 22.48646927 -5.04784775 50.62143707
v 22.55803108 -4.99596262 50.63346481
v 22.41830254 -4.99596262 51.28513718
v 22.10456085 -5.20540619 51.78474045
v 22.49021912 -4.97046661 51.30395508
v 22.12293625 -5.14013910 51.79109955
v 22.18279266 -5.04784775 51.81180191
v 22.25136948 -4.99596262 51.83552551
v 22.01938820 -4.99596262 52.42406464
v 21.61334419 -5.20540619 52.89570999
v 22.08732986 -4.97046661 52.45423126
v 21.63041306 -5.14013910 52.90502548
v 21.68600845 -5.04784775 52.93536758
v 21.74970436 -4.99596262 52.97013092
v 21.44670105 -4.99596262 53.47660065
v 20.94477463 -5.20540619 53.90989304
v 21.50893402 -4.97046661 53.51725769
v 20.96006393 -5.14013910 53.92190933
v 21.00986099 -5.04784775 53.96104431
v 21.06691360 -4.99596262 54.00588226
v 20.71569252 -5.04784775 54.31234360
v 20.11734962 -5.20540619 54.79922867
v 20.76985550 -4.99596262 54.36063766
v 20.82534409 -4.97046661 54.41010666
v 20.13043404 -5.14013910 54.81361008
v 20.17305565 -5.04784775 54.86045837
v 20.22188759 -4.99596262 54.91413498
v 19.82791138 -5.04784775 55.15558243
v 19.15395737 -5.20540619 55.53910828
v 19.87335396 -4.99596262 55.21215820
v 19.91990471 -4.97046661 55.27011871
v 19.16447830 -5.14013910 55.55546188
v 19.19874382 -5.04784775 55.60872650
v 19.23800468 -4.99596262 55.66975403
v 18.91290665 -5.04784775 55.78357315
v 18.08125496 -5.20540619 56.10906982
v 18.94935799 -4.99596262 55.84632111
v 18.98670006 -4.97046661 55.91059875
v 18.08891869 -5.14013910 56.12694168
v 18.11388206 -5.04784775 56.18515015
v 18.14248276 -4.99596262 56.25184250
v 17.89656258 -5.04784775 56.27428436
v 17.92302895 -4.99596262 56.34185410
v 17.95014191 -4.97046661 56.41107178
v 16.93351173 -5.14013910 56.51223755
v 16.94848061 -5.04784775 56.57377625
v 16.96563339 -4.99596262 56.64428711
v 15.73022366 -5.14013910 56.70068741
v 15.59230804 -5.09092951 56.73685455
v 15.64990425 -5.19225740 56.68916321
v 15.68305397 -5.20128250 56.68519974
v 15.70581341 -5.20438719 56.68309784
v 15.58915615 -5.04835033 56.77342606
v 15.73478508 -5.04784775 56.76385880
v 15.58595848 -5.01343441 56.81729507
v 15.74001217 -4.99596262 56.83623505
v 15.58283615 -4.98721504 56.86687088
v 15.74536705 -4.97046661 56.91038132
v 21.13574028 -4.33881235 34.55855942
v 21.12400436 -4.33244324 49.39720535
v 21.08444023 -4.31571245 34.55780792
v 21.06081009 -4.30882883 49.39720535
v 21.02854729 -4.30281019 34.55738831
v 20.99386978 -4.30045414 49.39720535
v 20.97120667 -4.30116224 34.55733490
v 20.92680550 -4.30777311 49.39720535
v 20.91573334 -4.31054068 34.55764008
v 20.86324692 -4.33038902 49.39720535
v 20.86499023 -4.32953596 34.55825806
v 20.83669090 -4.34527540 34.57327271
v 20.83041382 -4.34935570 34.58177185
v 20.84413338 -4.34072924 34.56610489
v 20.85270309 -4.33586407 34.56094360
v 20.85871315 -4.33267736 34.55900192
v 20.81131554 -4.36328030 34.63522339
v 20.80663300 -4.36707830 49.39720535
v 20.80663300 -4.36707830 34.68809128
v 20.82174301 -4.35538149 34.59872055
v 15.58068562 -4.34081984 55.02571487
v 15.57408619 -4.33144951 55.04333115
v 15.57588482 -4.33577538 55.03494263
v 15.58908939 -4.34626389 55.01627731
v 15.59937286 -4.35099077 55.00840378
v 20.78362846 -4.33038902 50.34325027
v 20.71079445 -4.36707830 50.42916107
v 20.88854408 -4.30127525 50.36103439
v 20.97841263 -4.30882883 50.37626648
v 21.04988480 -4.33743048 50.38838196
v 20.64748192 -4.30127525 51.29774857
v 20.42655945 -4.36707830 51.42581940
v 20.47933388 -4.33038902 51.44631195
v 20.73354340 -4.30882883 51.32778931
v 20.80198479 -4.33743048 51.35168076
v 20.57852745 -4.30127525 51.48483276
v 20.66349792 -4.30882883 51.51783371
v 20.25325775 -4.30127525 52.18100357
v 19.96364975 -4.36707830 52.35309219
v 20.33308601 -4.30882883 52.22500229
v 20.39657211 -4.33743048 52.25999832
v 20.01174545 -4.33038902 52.38295364
v 20.10214996 -4.30127525 52.43908310
v 20.17959023 -4.30882883 52.48716354
v 19.71695518 -4.30127525 52.98594284
v 19.33789635 -4.36707830 53.17925644
v 19.78830719 -4.30882883 53.04266739
v 19.84505272 -4.33743048 53.08778000
v 19.37967110 -4.33038902 53.21746826
v 19.45819283 -4.30127525 53.28928375
v 19.52545357 -4.30882883 53.35080338
v 19.05366707 -4.30127525 53.68992996
v 18.57070541 -4.36707830 53.87606430
v 19.11453438 -4.30882883 53.75778198
v 19.16294098 -4.33743048 53.81174088
v 18.60472870 -4.33038902 53.92131042
v 18.66868210 -4.30127525 54.00635910
v 18.72346497 -4.30882883 54.07921219
v 18.28204727 -4.30127525 54.27315521
v 17.68831635 -4.36707830 54.41967010
v 18.33071899 -4.30882883 54.35022354
v 18.36942673 -4.33743048 54.41151810
v 17.71342659 -4.33038902 54.47040939
v 17.76062393 -4.30127525 54.56578064
v 17.80105400 -4.30882883 54.64747620
v 17.42380524 -4.30127525 54.71921539
v 16.72091293 -4.36707830 54.79148865
v 17.45891190 -4.30882883 54.80333710
v 17.48683167 -4.33743048 54.87023544
v 16.73624992 -4.33038902 54.84598541
v 16.76507759 -4.30127525 54.94841766
v 16.78977013 -4.30882883 55.03615952
v 16.50308418 -4.30127525 55.01556015
v 15.70158195 -4.36707830 54.97879791
v 16.52363777 -4.30882883 55.10436630
v 16.53998184 -4.33743048 55.17499161
v 15.70662117 -4.33038902 55.03518677
v 15.57036304 -4.31128550 55.09665298
v 15.61476326 -4.35619402 54.99990463
v 15.63997459 -4.36193514 54.99037552
v 15.67035866 -4.36581230 54.98304367
v 15.56697273 -4.30202675 55.15261078
v 15.71609211 -4.30127525 55.14117432
v 15.56399250 -4.30347300 55.20925903
v 15.55957603 -4.33767080 55.31683350
v 15.72420597 -4.30882883 55.23196793
v 15.56150055 -4.31542158 55.26464844
v 54.72143555 -4.49746323 49.01875687
v 54.70357895 -4.55169773 49.01626968
v 54.75526047 -4.43968248 49.02193832
v 45.60838699 -4.54704046 40.29307175
v 46.86937332 -4.55167770 40.38188934
v 45.60838699 -4.48842859 40.27236557
v 46.87181854 -4.49738693 40.36440277
v 46.87649155 -4.43961191 40.33098602
v 45.60838699 -4.43557596 40.23964310
v 48.10604477 -4.55167770 40.64347839
v 48.11088943 -4.49738693 40.62650299
v 48.12014771 -4.43961191 40.59405136
v 49.29455566 -4.55167770 41.07385635
v 49.30170441 -4.49738693 41.05771255
v 49.31536865 -4.43961191 41.02685928
v 50.41199493 -4.55167770 41.66471863
v 50.42131042 -4.49738693 41.64971924
v 50.43911743 -4.43961191 41.62105560
v 51.43680954 -4.55167770 42.40467453
v 51.44811630 -4.49738693 42.39111328
v 51.46971893 -4.43961191 42.36519241
v 52.34924698 -4.55167770 43.27945709
v 52.36231995 -4.49738693 43.26759338
v 52.38730621 -4.43961191 43.24491501
v 53.13170624 -4.55167770 44.27220154
v 53.14629745 -4.49738693 44.26226425
v 53.17418671 -4.43961191 44.24326324
v 53.76910782 -4.55167770 45.36376572
v 53.78493500 -4.49738693 45.35594177
v 53.81518555 -4.43961191 45.34098816
v 54.24915695 -4.55167770 46.53309631
v 54.26591492 -4.49738693 46.52754211
v 54.29794312 -4.43961191 46.51692581
v 54.56259537 -4.55167770 47.75765228
v 54.57996368 -4.49738693 47.75447464
v 54.61315536 -4.43961191 47.74839783
v 26.85312843 -4.43109608 40.23608017
v 26.85469818 -4.47938061 40.26783371
v 26.85676193 -4.54288340 40.29205704
v 55.17030716 -4.35355663 49.01416397
v 55.13538742 -4.33321857 49.03736877
v 55.17863083 -4.35981607 48.99694443
v 55.16419220 -4.34938526 49.02265930
v 55.15673447 -4.34469080 49.02987289
v 55.14792252 -4.33962870 49.03501129
v 55.14180374 -4.33639097 49.03682327
v 55.18784714 -4.36803293 48.95985031
v 55.08286285 -4.31438112 49.03628922
v 55.19011688 -4.37198639 48.90639877
v 55.02800751 -4.30612755 49.03475952
v 54.97264862 -4.30821085 49.03284073
v 54.91860962 -4.32038307 49.03060532
v 54.86771011 -4.34239626 49.02811813
v 46.92959976 -4.37198639 39.89431763
v 45.60838699 -4.33515692 39.85943222
v 45.60838699 -4.37198639 39.80290985
v 45.60838699 -4.31238365 39.92293549
v 54.88362885 -4.30544424 47.71455383
v 55.03124619 -4.37198639 47.59159470
v 54.79864502 -4.31310749 47.72997284
v 54.72612000 -4.34217262 47.74312973
v 54.56063843 -4.30544424 46.44447708
v 54.69282532 -4.37198639 46.31119156
v 54.47861481 -4.31310749 46.47153091
v 54.40861511 -4.34217262 46.49462128
v 54.16432953 -4.33515692 45.18235397
v 54.18130493 -4.37198639 45.08959198
v 54.06463242 -4.30544424 45.23146820
v 53.98715210 -4.31310749 45.26963425
v 53.92102814 -4.34217262 45.30220795
v 53.49711227 -4.33515692 44.03650284
v 53.50643921 -4.37198639 43.95006943
v 53.40518951 -4.30544424 44.09896851
v 53.33375168 -4.31310749 44.14751434
v 53.27278519 -4.34217262 44.18894196
v 52.67742920 -4.33515692 42.99425888
v 52.68107605 -4.37198639 42.91434097
v 52.59505844 -4.30544424 43.06886673
v 52.53104401 -4.31310749 43.12685013
v 52.47641373 -4.34217262 43.17633438
v 51.72112656 -4.33515692 42.07576370
v 51.72095108 -4.37198639 42.00213623
v 51.64989853 -4.30544424 42.16107559
v 51.59454346 -4.31310749 42.22737503
v 51.54730225 -4.34217262 42.28395844
v 50.64668274 -4.33515692 41.29876709
v 50.64435577 -4.37198639 41.23084259
v 50.58797455 -4.30544424 41.39313507
v 50.54234695 -4.31310749 41.46647263
v 50.50341034 -4.34217262 41.52905655
v 49.47486115 -4.33515692 40.67829132
v 49.47180557 -4.37198639 40.61515045
v 49.42980957 -4.30544424 40.77988815
v 49.39479446 -4.31310749 40.85884476
v 49.36491394 -4.34217262 40.92622375
v 48.22831345 -4.33515692 40.22632217
v 48.22563553 -4.37198639 40.16679382
v 48.19778824 -4.30544424 40.33318710
v 48.17406082 -4.31310749 40.41623688
v 48.15381241 -4.34217262 40.48711014
v 46.93113327 -4.33515692 39.95160294
v 46.91572189 -4.30544424 40.06166458
v 45.60838699 -4.30489922 39.98998260
v 46.90374374 -4.31310749 40.14720154
v 45.60838699 -4.31310749 40.05694199
v 45.60838699 -4.33656549 40.12019348
v 46.89352036 -4.34217262 40.22019958
v 26.98010254 -4.37198639 39.80290985
v 26.92674446 -4.36810350 39.80767441
v 26.95322418 -4.37102461 39.80407333
v 26.88219261 -4.35747385 39.82188797
v 26.86995506 -4.35248327 39.82923889
v 26.90246391 -4.36340570 39.81373215
v 26.85026550 -4.33430099 39.86117172
v 26.84964561 -4.31517982 39.91186905
v 26.85160828 -4.33866882 39.85259247
v 26.85552025 -4.34338903 39.84403610
v 26.86194611 -4.34816504 39.83601761
v 26.84933472 -4.30566311 39.96731949
v 26.84938431 -4.30716896 40.02466202
v 26.84980011 -4.31993294 40.08058929
v 26.85054588 -4.34290552 40.13194656
v 52.91291428 -5.15827179 48.99854660
v 52.92036438 -5.14013910 49.00470352
v 52.91655731 -5.14915037 49.00294495
v 52.90961456 -5.16694164 48.99169540
v 52.90686798 -5.17442131 48.98336411
v 52.90387726 -5.18272829 48.97079849
v 53.13173676 -4.97072601 49.02008820
v 45.60838699 -5.08223915 42.04133987
v 46.81166840 -5.14013910 42.17424011
v 45.60838699 -5.14073086 42.07495117
v 45.60838699 -5.20540619 42.09414291
v 46.81890106 -5.20540619 42.19516373
v 45.60838699 -5.03309631 41.99512100
v 46.82207870 -5.04784775 42.11176682
v 45.60838699 -4.97284651 41.87541962
v 46.83400345 -4.99596262 42.04018784
v 45.60838699 -4.99596262 41.93879700
v 46.84621811 -4.97046661 41.96685791
v 47.98225784 -5.14013910 42.47016907
v 47.99592590 -5.20540619 42.49543762
v 48.00278854 -5.04784775 42.41025162
v 48.02631378 -4.99596262 42.34160614
v 48.05041504 -4.97046661 42.27128220
v 48.85707092 -5.04784775 42.76420212
v 49.10689545 -5.20540619 42.98665619
v 48.88898849 -4.99596262 42.69903564
v 48.92168808 -4.97046661 42.63227463
v 49.11621094 -5.14013910 42.96958542
v 49.14654922 -5.04784775 42.91399002
v 49.18131256 -4.99596262 42.85029602
v 49.90866852 -5.04784775 43.39235306
v 50.12107849 -5.20540619 43.65522385
v 49.95092010 -4.99596262 43.33335495
v 49.99420166 -4.97046661 43.27291870
v 50.13309097 -5.14013910 43.63993454
v 50.17222977 -5.04784775 43.59013748
v 50.21706772 -4.99596262 43.53308487
v 50.67459106 -4.99596262 43.92350388
v 51.01041031 -5.20540619 44.48265076
v 50.72508621 -4.97046661 43.86894608
v 51.02479553 -5.14013910 44.46956635
v 51.07164383 -5.04784775 44.42694473
v 51.12532043 -4.99596262 44.37811279
v 51.21479797 -5.14013910 44.68687057
v 51.26329041 -5.04784775 44.64612961
v 51.31885147 -4.99596262 44.59944916
v 51.37576675 -4.97046661 44.55163193
v 51.58671951 -5.14013910 45.16888809
v 51.75029373 -5.20540619 45.44604111
v 51.63842773 -5.04784775 45.13231659
v 51.69767380 -4.99596262 45.09041595
v 51.75836563 -4.97046661 45.04748917
v 51.76664734 -5.14013910 45.43552017
v 51.81991196 -5.04784775 45.40125656
v 52.14655304 -4.96499968 45.54506302
v 51.88093948 -4.99596262 45.36199570
v 51.97187424 -5.04784775 45.64797974
v 52.32025528 -5.20540619 46.51874542
v 52.03439331 -4.99596262 45.61114502
v 52.09844208 -4.97046661 45.57340622
v 52.33232117 -5.14013910 46.49758530
v 52.39048004 -5.04784775 46.47250748
v 52.45711517 -4.99596262 46.44377136
v 52.52537537 -4.97046661 46.41433334
v 52.57679749 -4.96499968 46.39216232
v 52.97644806 -4.96499968 47.58184814
v 52.71827316 -5.14013910 47.64545822
v 52.70452881 -5.20540619 47.67108536
v 52.77976990 -5.04784775 47.63030624
v 52.85022736 -4.99596262 47.61294937
v 52.92240906 -4.97046661 47.59516525
v 52.97798157 -4.99596262 48.24963760
v 52.89247894 -5.20540619 48.87117767
v 53.05143356 -4.97046661 48.23820114
v 52.91187286 -5.14013910 48.86977768
v 52.90034866 -5.19225740 48.95009613
v 52.89638519 -5.20128250 48.91694641
v 52.89428329 -5.20438719 48.89418793
v 52.94804001 -5.09092951 49.00769043
v 52.97504425 -5.04784775 48.86521530
v 52.98460770 -5.04835033 49.01084137
v 53.02848053 -5.01343441 49.01404190
v 53.04742050 -4.99596262 48.85998917
v 53.07805252 -4.98721504 49.01716232
v 53.12156677 -4.97046661 48.85463333
v 26.86099815 -4.97007370 41.86242676
v 26.86151123 -4.98589373 41.91649628
v 26.86237526 -5.01247644 41.96741867
v 26.86354828 -5.04857492 42.01210403
v 26.86495590 -5.09185266 42.04817200
v 26.86649895 -5.13936090 42.07435989
v 26.88181305 -5.16950607 42.08552551
v 26.89034462 -5.17665434 42.08763123
v 26.87460709 -5.16127777 42.08285141
v 26.86936569 -5.15207434 42.07953644
v 26.86734390 -5.14579391 42.07706451
v 26.94370842 -5.19950676 42.09305573
v 26.99644089 -5.20540619 42.09414291
v 26.90728188 -5.18680000 42.09028244
v 51.23690033 -4.34081984 49.01931381
v 51.25451660 -4.33144951 49.02591324
v 51.24612808 -4.33577538 49.02411652
v 51.22746277 -4.34626389 49.01091003
v 51.21958542 -4.35099077 49.00062561
v 45.60838699 -4.30777311 43.67319489
v 46.55443192 -4.33038902 43.81637192
v 45.60838699 -4.33038902 43.73675156
v 45.60838699 -4.36707830 43.79336548
v 46.64034271 -4.36707830 43.88920593
v 45.60838699 -4.30045414 43.60612869
v 46.57221603 -4.30127525 43.71145630
v 45.60838699 -4.33244324 43.47599411
v 46.58745193 -4.30882883 43.62158585
v 45.60838699 -4.30882883 43.53918839
v 46.59956741 -4.33743048 43.55011368
v 47.50893402 -4.30127525 43.95251846
v 47.63700485 -4.36707830 44.17343903
v 47.65749741 -4.33038902 44.12066650
v 47.53897476 -4.30882883 43.86645508
v 47.56286621 -4.33743048 43.79801559
v 47.69601822 -4.30127525 44.02147293
v 47.72901535 -4.30882883 43.93650055
v 48.39218521 -4.30127525 44.34674072
v 48.56427383 -4.36707830 44.63634872
v 48.43618774 -4.30882883 44.26691437
v 48.47117996 -4.33743048 44.20342636
v 48.59413528 -4.33038902 44.58825302
v 48.65026474 -4.30127525 44.49784851
v 48.69834518 -4.30882883 44.42041016
v 49.19712830 -4.30127525 44.88304520
v 49.39044189 -4.36707830 45.26210403
v 49.25385284 -4.30882883 44.81169128
v 49.29896164 -4.33743048 44.75494766
v 49.42864990 -4.33038902 45.22032928
v 49.50046921 -4.30127525 45.14180756
v 49.56198883 -4.30882883 45.07454681
v 49.90111160 -4.30127525 45.54633331
v 50.08724594 -4.36707830 46.02929306
v 49.96896362 -4.30882883 45.48546600
v 50.02292633 -4.33743048 45.43705750
v 50.13249588 -4.33038902 45.99526978
v 50.21754456 -4.30127525 45.93131638
v 50.29039764 -4.30882883 45.87653351
v 50.48434067 -4.30127525 46.31795120
v 50.63085556 -4.36707830 46.91168213
v 50.56140900 -4.30882883 46.26927948
v 50.62270355 -4.33743048 46.23057175
v 50.68159485 -4.33038902 46.88657379
v 50.77696609 -4.30127525 46.83937454
v 50.85866165 -4.30882883 46.79894638
v 50.93040085 -4.30127525 47.17619324
v 51.00267410 -4.36707830 47.87908554
v 51.01451874 -4.30882883 47.14108658
v 51.08142090 -4.33743048 47.11317062
v 51.05717087 -4.33038902 47.86375046
v 51.15959930 -4.30127525 47.83492279
v 51.24734497 -4.30882883 47.81023026
v 51.22674561 -4.30127525 48.09691620
v 51.18998337 -4.36707830 48.89841843
v 51.31555176 -4.30882883 48.07636261
v 51.38617325 -4.33743048 48.06001663
v 51.21109009 -4.35619402 48.98523712
v 51.24637222 -4.33038902 48.89337921
v 51.20155716 -4.36193514 48.96002579
v 51.19422913 -4.36581230 48.92964172
v 51.30783844 -4.31128550 49.02963638
v 51.35235977 -4.30127525 48.88390732
v 51.36379623 -4.30202675 49.03302765
v 51.42044449 -4.30347300 49.03600693
v 51.44314957 -4.30882883 48.87579346
v 51.52801514 -4.33767080 49.04042435
v 51.47583389 -4.31542158 49.03849792
v 26.85047913 -4.33881235 43.46426010
v 26.84972954 -4.31571245 43.51556015
v 26.84930992 -4.30281019 43.57145309
v 26.84925652 -4.30116224 43.62879181
v 26.84956169 -4.31054068 43.68426514
v 26.85017776 -4.32953596 43.73500824
v 26.86519432 -4.34527540 43.76330948
v 26.87369156 -4.34935570 43.76958847
v 26.85802460 -4.34072924 43.75586700
v 26.85286713 -4.33586407 43.74729538
v 26.85092354 -4.33267736 43.74128723
v 26.92714691 -4.36328030 43.78868484
v 26.98001480 -4.36707830 43.79336548
v 26.89064217 -4.35538149 43.77825546
v 26.99645805 -5.20593977 41.50259399
v 26.94322014 -5.19992065 41.50368881
v 26.96964073 -5.20446014 41.50285339
v 26.89875031 -5.18270111 41.50756836
v 45.60838699 -5.20593977 41.50259399
v 26.88655853 -5.17422485 41.50988770
v 26.91899109 -5.19245148 41.50523758
v 26.86800575 -5.14875317 41.51857758
v 45.60838699 -5.14158630 41.52151108
v 26.86651611 -5.13985777 41.52225113
v 26.87205124 -5.15787077 41.51516342
v 26.87854004 -5.16662121 41.51220703
v 26.86497498 -5.09244251 41.54825592
v 45.60838699 -5.08330011 41.55470276
v 26.86356926 -5.04921150 41.58407974
v 45.60838699 -5.03419924 41.60040283
v 26.86239624 -5.01308584 41.62847900
v 45.60838699 -4.99691010 41.65615845
v 26.86152840 -4.98638439 41.67910767
v 45.60838699 -4.97342825 41.71898651
v 26.86100578 -4.97035503 41.73291397
v 53.26768875 -4.97300243 48.88202286
v 52.81800461 -4.96499968 46.96445084
v 53.31695938 -5.20593977 47.69344330
v 51.80313873 -5.20593977 44.50333405
v 46.79098129 -5.20593977 41.59167099
v 53.48519897 -5.20594215 48.86739349
v 53.30081558 -5.08330011 47.87033081
v 53.43251419 -5.08260393 48.87093735
v 53.46601486 -5.14121532 48.86868286
v 53.33031845 -4.99617672 48.87781143
v 53.25491714 -5.03326893 47.87944031
v 53.38651657 -5.03327179 48.87403107
v 53.13967514 -4.97342825 47.90231705
v 52.99490738 -5.03326893 46.90474701
v 52.97476196 -5.20593977 46.55794144
v 52.88358688 -4.97342825 46.94231033
v 52.92613602 -5.08330011 46.57668304
v 52.36883926 -4.96499968 45.90784454
v 52.88247299 -5.03326893 46.59351349
v 52.53577042 -5.03326893 45.82168198
v 52.46632767 -5.20593977 45.48651123
v 52.43136978 -4.97342825 45.87556839
v 52.42106247 -5.08330011 45.51232529
v 52.38041306 -5.03326893 45.53550720
v 51.88809586 -5.08330011 44.69932175
v 51.85062408 -5.03326893 44.72735214
v 51.75654602 -4.97342825 44.79773331
v 51.03743744 -5.08330011 43.73767853
v 51.00014877 -5.20593977 43.63059616
v 51.00504303 -5.03326893 43.77145004
v 50.92370987 -4.97342825 43.85623550
v 50.14585495 -5.08330011 43.00062943
v 50.07548904 -5.20593977 42.88798904
v 50.11878204 -5.03326893 43.03879547
v 50.05080795 -4.97342825 43.13462448
v 49.13441849 -5.08330011 42.39206696
v 49.05002213 -5.20593977 42.29227448
v 49.11338043 -5.03326893 42.43386841
v 49.06055450 -4.97342825 42.53881073
v 48.51856613 -5.03326893 42.16506195
v 47.94688797 -5.20593977 41.85689163
v 48.47470474 -4.97342825 42.27405548
v 47.93144989 -5.08330011 41.90666580
v 47.91759109 -5.03326893 41.95135880
v 47.88278961 -4.97342825 42.06357574
v 46.78317642 -5.08330011 41.64319229
v 46.77616501 -5.03326893 41.68946075
v 46.75856400 -4.97342825 41.80562210
v 53.26384735 -4.97068882 49.02484894
v 53.48594284 -5.20594215 48.87858963
v 53.26911545 -4.97303963 48.90380096
v 53.27062225 -4.97303963 48.92778778
v 53.27281189 -4.97303963 48.96503448
v 53.27468872 -4.97303963 48.99967194
v 53.31727982 -4.98707581 49.02649689
v 53.35990906 -5.01233816 48.89795303
v 53.36143494 -5.01233816 48.92222214
v 53.36365128 -5.01233816 48.95991135
v 53.36554718 -5.01233816 48.99496078
v 53.41035461 -5.04785728 49.02822876
v 53.43409348 -5.08251953 48.89317322
v 53.36664963 -5.01313877 49.02762604
v 53.36655426 -5.01233816 49.01488495
v 53.43563461 -5.08251953 48.91767883
v 53.43787003 -5.08251953 48.95572662
v 53.48667145 -5.20594215 48.88978577
v 53.46761322 -5.14115953 48.89101410
v 53.48738480 -5.20594215 48.90098572
v 53.48937988 -5.19990969 48.95281982
v 53.46916199 -5.14115953 48.91562271
v 53.43978882 -5.08251953 48.99111176
v 53.44080353 -5.08251953 49.01122665
v 53.44679642 -5.09021044 49.02828979
v 53.48849106 -5.18693161 48.98858643
v 53.47140884 -5.14115953 48.95383453
v 53.48662567 -5.17659187 49.00513077
v 53.47333145 -5.14115953 48.98937225
v 53.48489761 -5.16937017 49.01336670
v 53.47435379 -5.14115953 49.00957489
v 53.47437286 -5.13917637 49.02779388
v 53.48252106 -5.16105032 49.02029419
v 53.47941589 -5.15182638 49.02523041
v 53.47702789 -5.14555168 49.02708435
v 26.85700607 -4.54841471 43.30247116
v 45.60838699 -4.54285240 43.30372620
v 26.85522461 -4.49356651 43.32012939
v 45.60838699 -4.48438835 43.32431793
v 26.85332108 -4.43502998 43.35427475
v 45.60838699 -4.43163681 43.35686874
v 51.69009781 -4.53788710 49.04103470
v 51.54595947 -4.54285240 48.02763748
v 51.66623688 -4.47558069 49.04187775
v 51.52589417 -4.48438835 48.03226471
v 51.63517761 -4.42789555 49.04191589
v 51.49417877 -4.43163681 48.03958130
v 51.23332977 -4.54285240 47.05401993
v 51.21432114 -4.48438835 47.06193924
v 51.18427277 -4.43163681 47.07445526
v 50.76229095 -4.54285240 46.14639282
v 50.74487305 -4.48438835 46.15738297
v 50.71734238 -4.43163681 46.17474365
v 50.14611053 -4.54285240 45.33031845
v 50.13077164 -4.48438835 45.34406281
v 50.10653305 -4.43163681 45.36578369
v 49.40213776 -4.54285240 44.62876892
v 49.38931274 -4.48438835 44.64488602
v 49.36904907 -4.43163681 44.67035675
v 48.55132294 -4.54285240 44.06151199
v 48.54137802 -4.48438835 44.07954407
v 48.52565765 -4.43163681 44.10804367
v 47.61763382 -4.54285240 43.64451599
v 47.61084366 -4.48438835 43.66395950
v 47.60010910 -4.43163681 43.69468689
v 46.62735748 -4.54285240 43.38952637
v 46.62391281 -4.48438835 43.40983200
v 46.61847305 -4.43163681 43.44192123
v 36.34313202 3.44290543 49.03298950
v 36.29177094 3.41993284 49.03373337
v 36.23584747 3.40716910 49.03414917
v 36.17850494 3.40566301 49.03419876
v 36.15594101 3.40819979 34.55749512
v 36.12305069 3.41517973 49.03388977
v 36.11303711 3.41811514 34.55781937
v 36.07235718 3.43430090 49.03326797
v 36.07235718 3.43430090 34.55834579
v 36.06608963 3.43745756 49.03252029
v 36.06377411 3.43866897 34.55968475
v 36.06008530 3.44065928 49.03057861
v 36.05522156 3.44338894 34.56359863
v 36.05152893 3.44554520 49.02542114
v 36.04720306 3.44816518 34.57002640
v 36.04409790 3.45010996 49.01824951
v 36.04042435 3.45248318 34.57803345
v 36.03783035 3.45420551 49.00975418
v 36.03306961 3.45747375 34.59027100
v 36.02917480 3.46025276 48.99280167
v 36.02491760 3.46340585 34.61054230
v 36.01876831 3.46817684 48.95629883
v 36.01885986 3.46810341 34.63482285
v 36.01409531 3.47198629 48.90343094
v 36.01525497 3.47102451 34.66130066
v 36.01409531 3.47198629 34.68817902
v 36.50551605 3.65262246 49.02645493
v 36.50323868 3.64288354 34.56483841
v 36.48776245 3.59762883 49.02824402
v 36.47901535 3.57938075 34.56277466
v 36.45343018 3.53897142 49.03015137
v 36.44726562 3.53109622 34.56120682
v 37.71377945 4.30594254 34.70453644
v 37.71487427 4.29992294 34.65129852
v 37.71403503 4.30446291 34.67771912
v 37.71377945 4.30594254 48.88707733
v 37.71485138 4.30004072 48.93980789
v 37.71642303 4.29245424 34.62706757
v 37.71760178 4.28732920 48.97623444
v 37.71875381 4.28270388 34.60682678
v 37.72023392 4.27717829 48.99317169
v 37.72107315 4.27422762 34.59463501
v 37.72232819 4.27002621 49.00170517
v 37.72339249 4.26662397 34.58661652
v 37.72498322 4.26179314 49.00891113
v 37.72634506 4.25787354 34.58013153
v 37.72828674 4.25258303 49.01415253
v 37.72976303 4.24875593 34.57608414
v 37.73074341 4.24629831 49.01617432
v 37.73343658 4.23986053 34.57459259
v 37.73343658 4.23986053 49.01701736
v 37.75958252 4.19223547 49.01856613
v 37.75958252 4.19223547 34.57304764
v 37.79564667 4.14883518 49.01997757
v 37.79564667 4.14883518 34.57163620
v 37.84036636 4.11262608 49.02115250
v 37.84036636 4.11262608 34.57045746
v 37.89135361 4.08595896 49.02201843
v 37.89135361 4.08595896 34.56959152
v 37.94550705 4.07008982 49.02253723
v 37.94550705 4.07008982 34.56907654
v 38.07360840 4.07007408 34.56907654
v 38.07360840 4.07007408 49.02253723
v 38.12768173 4.08589411 49.02202225
v 38.12768173 4.08589411 34.56959152
v 38.17860413 4.11247683 49.02116013
v 38.17860413 4.11247683 34.57045364
v 38.22328568 4.14857531 34.57162857
v 38.22328568 4.14857531 49.01998520
v 38.25935364 4.19185305 34.57303238
v 38.25935364 4.19185305 49.01857758
v 38.28554535 4.23936129 34.57457733
v 38.28554535 4.23936129 49.01703262
v 38.28824997 4.24579430 34.57542419
v 38.28923416 4.24825001 49.01554489
v 38.29071808 4.25207472 34.57744217
v 38.29266739 4.25736141 49.01149750
v 38.29403687 4.26127815 34.58268738
v 38.29563904 4.26610613 49.00501251
v 38.29671097 4.26950645 34.58989334
v 38.29797363 4.27370548 48.99699402
v 38.29881668 4.27665472 34.59842300
v 38.30030823 4.28217745 48.98480225
v 38.30146790 4.28680038 34.61536026
v 38.30265808 4.29192352 48.96456146
v 38.30424118 4.29950714 34.65178680
v 38.30421829 4.29938936 48.94033051
v 38.30532455 4.30540657 34.70451736
v 38.30506516 4.30392742 48.91390991
v 38.30532455 4.30540657 48.88709259
v 39.67544174 3.43881226 34.55855942
v 39.72674561 3.41571259 34.55780792
v 39.78263855 3.40281034 34.55738831
v 39.83997726 3.40116215 34.55733490
v 39.86302185 3.40371442 49.03419495
v 39.89545059 3.41054082 34.55764008
v 39.90570068 3.41352224 49.03387451
v 39.94619370 3.42953610 34.55825806
v 39.94619370 3.42953610 49.03335571
v 39.95246887 3.43267727 34.55900192
v 39.95478439 3.43388295 49.03201675
v 39.95848083 3.43586421 34.56094360
v 39.96335220 3.43858194 49.02810287
v 39.96704865 3.44072914 34.56610489
v 39.97138214 3.44333839 49.02167511
v 39.97449112 3.44527555 34.57327271
v 39.97817230 3.44763970 49.01366806
v 39.98077011 3.44935584 34.58177185
v 39.98553848 3.45261216 49.00143051
v 39.98944092 3.45538163 34.59872055
v 39.99370575 3.45852423 48.98115921
v 39.99986649 3.46328020 34.63522339
v 39.99977493 3.46320701 48.95687866
v 40.00455093 3.46707821 34.68809128
v 40.00338745 3.46611929 48.93039703
v 40.00455093 3.46707821 48.90351868
v 39.51365280 3.64841485 34.56508636
v 39.51591873 3.63870311 49.02684402
v 39.53131104 3.59356666 34.56330109
v 39.54000854 3.57536149 49.02890015
v 39.56545639 3.53503013 34.56140137
v 39.57159042 3.52716637 49.03046799
v 33.96070480 3.43881226 43.46426010
v 33.96145248 3.41571259 43.51556015
v 33.96187210 3.40281034 43.57145309
v 33.96192551 3.40116215 43.62879181
v 15.56580448 3.40371442 43.65183640
v 33.96162415 3.41054082 43.68426514
v 15.56612301 3.41352224 43.69451523
v 33.96100616 3.42953610 43.73500824
v 15.56664371 3.42953610 43.73500824
v 33.96025848 3.43267727 43.74128723
v 15.56798458 3.43388295 43.74360275
v 33.95831680 3.43586421 43.74729538
v 15.57189655 3.43858194 43.75216675
v 33.95315933 3.44072914 43.75586700
v 15.57832336 3.44333839 43.76020050
v 33.94598770 3.44527555 43.76330948
v 15.58633041 3.44763970 43.76698685
v 33.93749237 3.44935584 43.76958847
v 15.59856796 3.45261216 43.77435303
v 33.92053986 3.45538163 43.77825546
v 15.61884022 3.45852423 43.78252411
v 33.88403702 3.46328020 43.78868484
v 15.64311981 3.46320701 43.78859329
v 15.66960144 3.46611929 43.79220200
v 15.69647980 3.46707821 43.79336548
v 33.83116913 3.46707821 43.79336548
v 33.95417786 3.64841485 43.30247116
v 15.57315636 3.63870311 43.30473709
v 33.95595932 3.59356666 43.32012939
v 15.57109833 3.57536149 43.32882690
v 33.95786285 3.53503013 43.35427475
v 15.56953144 3.52716637 43.36040497
v 15.57746315 4.07007408 41.86242676
v 33.95018387 4.07007408 41.86242676
v 33.94967270 4.08589411 41.91649628
v 15.57797718 4.08589411 41.91649628
v 33.94880676 4.11247683 41.96741867
v 15.57884121 4.11247683 41.96741867
v 33.94763565 4.14857531 42.01210403
v 15.58001423 4.14857531 42.01210403
v 15.58142090 4.19185305 42.04817200
v 33.94622803 4.19185305 42.04817200
v 15.58296490 4.23936129 42.07435989
v 33.94468307 4.23936129 42.07435989
v 33.94384003 4.24579430 42.07706451
v 15.58445454 4.24825001 42.07805252
v 33.94181824 4.25207472 42.07953644
v 15.58850098 4.25736141 42.08148193
v 33.93657684 4.26127815 42.08285141
v 15.59498787 4.26610613 42.08445740
v 33.92937088 4.26950645 42.08552551
v 15.60300732 4.27370548 42.08678818
v 33.92083740 4.27665472 42.08763123
v 15.61519909 4.28217745 42.08912277
v 33.90390015 4.28680038 42.09028244
v 15.63543892 4.29192352 42.09147263
v 33.86747360 4.29950714 42.09305573
v 15.65966892 4.29938936 42.09303665
v 15.71290588 4.30540657 42.09414291
v 33.81474304 4.30540657 42.09414291
v 15.68608856 4.30392742 42.09388351
v 33.81472778 4.30594254 41.50259399
v 33.86796188 4.29992294 41.50369263
v 33.84154510 4.30446291 41.50285339
v 15.71292210 4.30594254 41.50259399
v 15.66018963 4.30004072 41.50366974
v 33.89219284 4.29245424 41.50523758
v 15.62376404 4.28732920 41.50642014
v 33.91243362 4.28270388 41.50757217
v 15.60682774 4.27717829 41.50905228
v 33.92462540 4.27422762 41.50988770
v 15.59829617 4.27002621 41.51114273
v 33.93264389 4.26662397 41.51220703
v 15.59109020 4.26179314 41.51380157
v 33.93913269 4.25787354 41.51516342
v 15.58584690 4.25258303 41.51710129
v 33.94317627 4.24875593 41.51857758
v 15.58382607 4.24629831 41.51955795
v 33.94466782 4.23986053 41.52225113
v 15.58298111 4.23986053 41.52225113
v 33.94621658 4.19223547 41.54840088
v 15.58143330 4.19223547 41.54840088
v 33.94762421 4.14883518 41.58446503
v 15.58002281 4.14883518 41.58446503
v 33.94880295 4.11262608 41.62918472
v 15.57884598 4.11262608 41.62918472
v 33.94966888 4.08595896 41.68017197
v 15.57797909 4.08595896 41.68017197
v 33.95018387 4.07008982 41.73432159
v 15.57746315 4.07008982 41.73432159
v 33.95805359 3.53109622 40.23608017
v 15.56984901 3.53897142 40.24224854
v 33.95648575 3.57938075 40.26783371
v 15.57175636 3.59762883 40.27658081
v 33.95442200 3.64288354 40.29205704
v 15.57354355 3.65262246 40.29433441
v 33.83108139 3.47198629 39.80290985
v 33.88444138 3.46810341 39.80767441
v 33.85795975 3.47102451 39.80407333
v 15.69656754 3.47198629 39.80290985
v 15.64370155 3.46817684 39.80758286
v 33.90871811 3.46340585 39.81373215
v 15.60719776 3.46025276 39.81798935
v 33.92899323 3.45747375 39.82188797
v 15.59024715 3.45420551 39.82664490
v 33.94122696 3.45248318 39.82923889
v 15.58174896 3.45010996 39.83291245
v 33.94923782 3.44816518 39.83601761
v 15.57458019 3.44554520 39.84034348
v 33.95566177 3.44338894 39.84403610
v 15.56942177 3.44065928 39.84889984
v 33.95957565 3.43866897 39.85259247
v 15.56747723 3.43745756 39.85490417
v 33.96091843 3.43430090 39.86117172
v 33.96154022 3.41517973 39.91186905
v 33.96184921 3.40566301 39.96731949
v 33.96179962 3.40716910 40.02466202
v 15.56603241 3.41278911 40.05561829
v 33.96138382 3.41993284 40.08058929
v 15.56680202 3.43647242 40.12001038
v 33.96063614 3.44290543 40.13194656
v 21.14033508 3.44290543 37.74945450
v 21.08897591 3.41993284 37.75020218
v 21.03305054 3.40716910 37.75061417
v 20.97570801 3.40566301 37.75066376
v 20.95314407 3.40819979 34.55749512
v 20.92025566 3.41517973 37.75035477
v 20.82637787 3.46025276 37.70926666
v 20.81129837 3.47198629 37.61989594
v 20.81597137 3.46817684 37.67276382
v 20.91024017 3.41811514 34.55781937
v 20.86956024 3.43430090 37.74973297
v 20.86956024 3.43430090 34.55834579
v 20.86329269 3.43745756 37.74898911
v 20.86097908 3.43866897 34.55968475
v 20.85728836 3.44065928 37.74704361
v 20.85242462 3.44338894 34.56359863
v 20.84873199 3.44554520 37.74188614
v 20.84440613 3.44816518 34.57002640
v 20.84130096 3.45010996 37.73471451
v 20.83762741 3.45248318 34.57803345
v 20.83503342 3.45420551 37.72621918
v 20.83027458 3.45747375 34.59027100
v 20.82212067 3.46340585 34.61054230
v 20.81606293 3.46810341 34.63482285
v 20.81129837 3.47198629 34.68817902
v 20.81245995 3.47102451 34.66130066
v 21.30272102 3.65262246 37.74292374
v 21.30044365 3.64288354 34.56483841
v 21.28496742 3.59762883 37.74470901
v 21.27622032 3.57938075 34.56277466
v 21.25063515 3.53897142 37.74661636
v 21.24446869 3.53109622 34.56120682
v 22.51098251 4.30594254 34.70453644
v 22.51207924 4.29992294 34.65129852
v 22.51124001 4.30446291 34.67771912
v 22.51362610 4.29245424 34.62706757
v 22.51205635 4.30004072 37.65627670
v 22.51480675 4.28732920 37.69269943
v 22.51098251 4.30594254 37.60354233
v 22.51595879 4.28270388 34.60682678
v 22.51743889 4.27717829 37.70963669
v 22.51827621 4.27422762 34.59463501
v 22.51953125 4.27002621 37.71817017
v 22.52059555 4.26662397 34.58661652
v 22.52219009 4.26179314 37.72537613
v 22.52355194 4.25787354 34.58013153
v 22.52548981 4.25258303 37.73061752
v 22.52696609 4.24875593 34.57608414
v 22.52794838 4.24629831 37.73263931
v 22.53063965 4.23986053 34.57459259
v 22.53063965 4.23986053 37.73348236
v 22.55678749 4.19223547 34.57304764
v 22.55678749 4.19223547 37.73503113
v 22.59285164 4.14883518 34.57163620
v 22.59285164 4.14883518 37.73644257
v 22.63757133 4.11262608 34.57045746
v 22.63757133 4.11262608 37.73761749
v 22.68855858 4.08595896 34.56959152
v 22.68855858 4.08595896 37.73848724
v 22.74271011 4.07008982 37.73900223
v 22.74271011 4.07008982 34.56907654
v 23.10253143 4.30540657 37.60355759
v 23.10142326 4.29938936 37.65679550
v 23.10227013 4.30392742 37.63037491
v 23.09986115 4.29192352 37.68102646
v 23.10253143 4.30540657 34.70451736
v 23.09867096 4.28680038 34.61536026
v 23.09751129 4.28217745 37.70126724
v 23.10144424 4.29950714 34.65178680
v 23.09601974 4.27665472 34.59842300
v 23.09517670 4.27370548 37.71345901
v 23.09391403 4.26950645 34.58989334
v 23.09284401 4.26610613 37.72147751
v 23.09123993 4.26127815 34.58268738
v 23.08987045 4.25736141 37.72796631
v 23.08792305 4.25207472 34.57744217
v 23.08643913 4.24825001 37.73200989
v 23.08545303 4.24579430 34.57542419
v 23.08274841 4.23936129 37.73350143
v 23.08274841 4.23936129 34.57457733
v 23.05655861 4.19185305 34.57303238
v 23.05655861 4.19185305 37.73504257
v 23.02049065 4.14857531 34.57162857
v 23.02049065 4.14857531 37.73645020
v 22.97580719 4.11247683 34.57045364
v 22.97580719 4.11247683 37.73762512
v 22.92488480 4.08589411 34.56959152
v 22.92488480 4.08589411 37.73848724
v 22.87081337 4.07007408 34.56907654
v 22.87081337 4.07007408 37.73900223
v 24.36879539 3.52716637 37.74693298
v 24.36266136 3.53503013 34.56140137
v 24.33721542 3.57536149 37.74536896
v 24.32851601 3.59356666 34.56330109
v 24.31312370 3.63870311 37.74330902
v 24.31085777 3.64841485 34.56508636
v 24.80175400 3.46707821 37.61998749
v 24.79697990 3.46320701 37.67334366
v 24.80059052 3.46611929 37.64686584
v 24.79091072 3.45852423 37.69762421
v 24.80175400 3.46707821 34.68809128
v 24.78664398 3.45538163 34.59872055
v 24.78274155 3.45261216 37.71789932
v 24.79707146 3.46328020 34.63522339
v 24.77797508 3.44935584 34.58177185
v 24.77537537 3.44763970 37.73013306
v 24.77169609 3.44527555 34.57327271
v 24.76858711 3.44333839 37.73814392
v 24.76425362 3.44072914 34.56610489
v 24.76055527 3.43858194 37.74456787
v 24.75568581 3.43586421 34.56094360
v 24.75198936 3.43388295 37.74848175
v 24.74967384 3.43267727 34.55900192
v 24.74339867 3.42953610 37.74982071
v 24.69265556 3.41054082 37.75043869
v 24.63718033 3.40116215 37.75074387
v 24.57984161 3.40281034 37.75069046
v 24.54936790 3.40839434 34.55756760
v 24.52394867 3.41571259 37.75027084
v 24.48477554 3.43224192 34.55834579
v 24.47264671 3.43881226 37.74951935
v 15.56701088 -4.34290552 43.45966339
v 15.56626415 -4.31993294 43.51102448
v 15.56584930 -4.30716896 43.56694794
v 15.56580067 -4.30566311 43.62429047
v 18.75897026 -4.30819988 43.64685440
v 15.56610966 -4.31517982 43.67974472
v 15.60719776 -4.36025286 43.77362061
v 15.69656754 -4.37198639 43.78870010
v 15.64370155 -4.36817694 43.78402710
v 18.75864792 -4.31811523 43.68975830
v 15.56673145 -4.33430099 43.73043823
v 18.75812149 -4.33430099 43.73043823
v 15.56747723 -4.33745766 43.73670578
v 18.75677872 -4.33866882 43.73902130
v 15.56942177 -4.34065914 43.74271011
v 18.75286674 -4.34338903 43.74757385
v 15.57458019 -4.34554529 43.75126648
v 18.74644089 -4.34816504 43.75559235
v 15.58174896 -4.35011005 43.75869751
v 18.73843384 -4.35248327 43.76237106
v 15.59024715 -4.35420561 43.76496506
v 18.72619629 -4.35747385 43.76972580
v 18.70592308 -4.36340570 43.77787781
v 18.68164444 -4.36810350 43.78393555
v 18.62828445 -4.37198639 43.78870010
v 18.65516281 -4.37102461 43.78754044
v 15.57354355 -4.55262232 43.29727936
v 18.75162506 -4.54288340 43.29955673
v 15.57175636 -4.49762869 43.31503296
v 18.75369072 -4.47938061 43.32378006
v 15.56984901 -4.43897152 43.34936523
v 18.75525856 -4.43109608 43.35552979
v 15.57746315 -4.97008944 41.85728836
v 18.74738884 -4.97008944 41.85728836
v 15.57797909 -4.98595858 41.91144180
v 18.74687386 -4.98595858 41.91144180
v 18.74600601 -5.01262569 41.96242905
v 15.57884598 -5.01262569 41.96242905
v 15.58002281 -5.04883480 42.00714874
v 18.74482918 -5.04883480 42.00714874
v 15.58143330 -5.09223509 42.04321289
v 15.62376404 -5.18732882 42.08519363
v 15.71292210 -5.20594215 42.08901596
v 15.66018963 -5.20004034 42.08794403
v 18.74341965 -5.09223509 42.04321289
v 15.58298111 -5.13986015 42.06935883
v 18.74187088 -5.13986015 42.06935883
v 15.58382607 -5.14629793 42.07205200
v 18.74038124 -5.14875555 42.07303238
v 15.58584690 -5.15258265 42.07450867
v 18.73633575 -5.15787315 42.07645035
v 15.59109020 -5.16179276 42.07781219
v 18.72984695 -5.16662359 42.07940292
v 15.59829617 -5.17002583 42.08046722
v 18.72182846 -5.17422724 42.08172226
v 15.60682774 -5.17717791 42.08256149
v 18.70963669 -5.18270350 42.08404160
v 18.68939781 -5.19245386 42.08637238
v 18.66516685 -5.19992256 42.08792114
v 18.61193085 -5.20594215 42.08901596
v 18.63874817 -5.20446253 42.08876038
v 15.71290588 -5.20540619 41.49747086
v 15.65966892 -5.19938898 41.49857712
v 15.68608856 -5.20392704 41.49773026
v 15.63543892 -5.19192314 41.50013733
v 18.61194611 -5.20540619 41.49747086
v 18.70110512 -5.18680000 41.50132751
v 15.61519909 -5.18217707 41.50248718
v 18.66467857 -5.19950676 41.49855423
v 18.71804237 -5.17665434 41.50397873
v 15.60300732 -5.17370510 41.50482178
v 18.72657394 -5.16950607 41.50608444
v 15.59498787 -5.16610575 41.50715637
v 18.73377991 -5.16127777 41.50875854
v 15.58850098 -5.15736103 41.51012802
v 18.73902130 -5.15207434 41.51207733
v 15.58445454 -5.14824963 41.51356125
v 18.74104309 -5.14579391 41.51454544
v 15.58296490 -5.13936090 41.51725006
v 18.74188805 -5.13936090 41.51725006
v 15.58142090 -5.09185266 41.54344177
v 18.74343109 -5.09185266 41.54344177
v 15.58001423 -5.04857492 41.57950974
v 18.74483871 -5.04857492 41.57950974
v 15.57884121 -5.01247644 41.62419128
v 18.74601173 -5.01247644 41.62419128
v 15.57797718 -4.98589373 41.67511368
v 18.74687576 -4.98589373 41.67511368
v 15.57746315 -4.97007370 41.72918701
v 18.74739075 -4.97007370 41.72918701
v 15.56953144 -4.42716646 40.23120499
v 18.75506592 -4.43502998 40.23733902
v 15.57109833 -4.47536135 40.26278687
v 18.75316238 -4.49356651 40.27148438
v 15.57315636 -4.53870296 40.28687668
v 18.75138092 -4.54841471 40.28914261
v 15.69647980 -4.36707830 39.79824448
v 15.64311981 -4.36320686 39.80302048
v 15.66960144 -4.36611938 39.79940796
v 15.61884022 -4.35852432 39.80908966
v 18.62837410 -4.36707830 39.79824448
v 18.71774483 -4.35538149 39.81335449
v 15.59856796 -4.35261202 39.81725693
v 18.68124008 -4.36328030 39.80292892
v 18.73469543 -4.34935570 39.82202530
v 15.58633041 -4.34763956 39.82462311
v 18.74319267 -4.34527540 39.82830429
v 15.57832336 -4.34333849 39.83141327
v 18.75036240 -4.34072924 39.83574677
v 15.57189655 -4.33858204 39.83944321
v 18.75551987 -4.33586407 39.84431458
v 15.56798458 -4.33388281 39.84801102
v 18.75746346 -4.33267736 39.85032654
v 15.56664371 -4.32953596 39.85660172
v 15.56602669 -4.31054068 39.90734482
v 15.56572151 -4.30116224 39.96281815
v 15.56577492 -4.30281019 40.02016068
v 18.75889587 -4.30839443 40.05063248
v 15.56619453 -4.31571245 40.07604980
v 18.75812149 -4.33224201 40.11522293
v 15.56694508 -4.33881235 40.12735367
v 36.00942993 -4.36707830 37.61998749
v 36.01420212 -4.36320686 37.67334366
v 36.01059341 -4.36611938 37.64686584
v 36.02027130 -4.35852432 37.69762421
v 36.00942993 -4.36707830 34.68809128
v 36.02453995 -4.35538149 34.59872055
v 36.02844238 -4.35261202 37.71789932
v 36.01411057 -4.36328030 34.63522339
v 36.03320694 -4.34935570 34.58177185
v 36.03580856 -4.34763956 37.73013306
v 36.03948593 -4.34527540 34.57327271
v 36.04259491 -4.34333849 37.73814392
v 36.04692841 -4.34072924 34.56610489
v 36.05062866 -4.33858204 37.74456787
v 36.05550003 -4.33586407 34.56094360
v 36.05919266 -4.33388281 37.74848175
v 36.06150818 -4.33267736 34.55900192
v 36.06778717 -4.32953596 37.74982071
v 36.11853027 -4.31054068 37.75043869
v 36.17400360 -4.30116224 37.75074387
v 36.23134232 -4.30281019 37.75069046
v 36.26181412 -4.30839443 34.55756760
v 36.28723526 -4.31571245 37.75027084
v 36.32640839 -4.33224201 34.55834579
v 36.33853531 -4.33881235 37.74951935
v 36.44238663 -4.42716646 37.74693298
v 36.44852066 -4.43502998 34.56140137
v 36.47396851 -4.47536135 37.74536896
v 36.48266602 -4.49356651 34.56330109
v 36.49805832 -4.53870296 37.74330902
v 36.50032425 -4.54841471 34.56508636
v 37.70865250 -5.20540619 37.60355759
v 37.70975876 -5.19938898 37.65679550
v 37.70891190 -5.20392704 37.63037491
v 37.71132278 -5.19192314 37.68102646
v 37.70865250 -5.20540619 34.70451736
v 37.71251297 -5.18680000 34.61536026
v 37.71367264 -5.18217707 37.70126724
v 37.70973969 -5.19950676 34.65178680
v 37.71516418 -5.17665434 34.59842300
v 37.71600723 -5.17370510 37.71345901
v 37.71726990 -5.16950607 34.58989334
v 37.71833801 -5.16610575 37.72147751
v 37.71994400 -5.16127777 34.58268738
v 37.72131348 -5.15736103 37.72796631
v 37.72325897 -5.15207434 34.57744217
v 37.72474289 -5.14824963 37.73200989
v 37.72573090 -5.14579391 34.57542419
v 37.72843552 -5.13936090 37.73350143
v 37.72843552 -5.13936090 34.57457733
v 37.75462341 -5.09185266 37.73504257
v 37.75462341 -5.09185266 34.57303238
v 37.79069138 -5.04857492 37.73645020
v 37.79069138 -5.04857492 34.57162857
v 37.83537674 -5.01247644 37.73762512
v 37.83537674 -5.01247644 34.57045364
v 37.88629913 -4.98589373 37.73848724
v 37.88629913 -4.98589373 34.56959152
v 37.94036865 -4.97007370 37.73900223
v 37.94036865 -4.97007370 34.56907654
v 38.06847382 -4.97008944 37.73900223
v 38.06847382 -4.97008944 34.56907654
v 38.12262344 -4.98595858 37.73848724
v 38.12262344 -4.98595858 34.56959152
v 38.17361069 -5.01262569 34.57045746
v 38.17361069 -5.01262569 37.73761749
v 38.21833038 -5.04883480 34.57163620
v 38.21833038 -5.04883480 37.73644257
v 38.29637527 -5.18732882 37.69269943
v 38.30020142 -5.20594215 37.60354233
v 38.29912567 -5.20004034 37.65627670
v 38.25439835 -5.09223509 34.57304764
v 38.25439835 -5.09223509 37.73503113
v 38.28054428 -5.13986015 34.57459259
v 38.28054428 -5.13986015 37.73348236
v 38.28323746 -5.14629793 37.73263931
v 38.28421783 -5.14875555 34.57608414
v 38.28569412 -5.15258265 37.73061752
v 38.28763199 -5.15787315 34.58013153
v 38.28899384 -5.16179276 37.72537613
v 38.29058838 -5.16662359 34.58661652
v 38.29165268 -5.17002583 37.71817017
v 38.29290771 -5.17422724 34.59463501
v 38.29374313 -5.17717791 37.70963669
v 38.29522324 -5.18270350 34.60682678
v 38.29755783 -5.19245386 34.62706757
v 38.29910660 -5.19992256 34.65129852
v 38.30020142 -5.20594215 34.70453644
v 38.29994202 -5.20446253 34.67771912
v 39.56671524 -4.43109608 34.56120682
v 39.56054688 -4.43897152 37.74661636
v 39.53496170 -4.47938061 34.56277466
v 39.52621460 -4.49762869 37.74470901
v 39.51073837 -4.54288340 34.56483841
v 39.50846100 -4.55262232 37.74292374
v 39.99988556 -4.37198639 34.68817902
v 39.99512100 -4.36810350 34.63482285
v 39.99872208 -4.37102461 34.66130066
v 39.98906326 -4.36340570 34.61054230
v 39.99988556 -4.37198639 37.61989594
v 39.98480606 -4.36025286 37.70926666
v 39.98090744 -4.35747385 34.59027100
v 39.99521255 -4.36817694 37.67276382
v 39.97615051 -4.35420561 37.72621918
v 39.97355652 -4.35248327 34.57803345
v 39.96988297 -4.35011005 37.73471451
v 39.96677780 -4.34816504 34.57002640
v 39.96245193 -4.34554529 37.74188614
v 39.95875931 -4.34338903 34.56359863
v 39.95389557 -4.34065914 37.74704361
v 39.95020294 -4.33866882 34.55968475
v 39.94789124 -4.33745766 37.74898911
v 39.94162369 -4.33430099 34.55834579
v 39.89092636 -4.31517982 34.55772400
v 39.83547592 -4.30566311 34.55741501
v 39.77813339 -4.30716896 34.55746078
v 39.74717712 -4.31278896 37.75043106
v 39.72220612 -4.31993294 34.55787659
v 39.68278503 -4.33647251 37.74966431
v 39.67084885 -4.34290552 34.55862427
v 36.00942993 -4.36707830 48.90351868
v 36.01420212 -4.36320686 48.95687866
v 36.01059341 -4.36611938 48.93039703
v 36.02027130 -4.35852432 48.98115921
v 36.00942993 -4.36707830 45.97162628
v 36.02453995 -4.35538149 45.88225555
v 36.02844238 -4.35261202 49.00143051
v 36.01411057 -4.36328030 45.91875839
v 36.03320694 -4.34935570 45.86530304
v 36.03580856 -4.34763956 49.01366806
v 36.03948593 -4.34527540 45.85680771
v 36.04259491 -4.34333849 49.02167511
v 36.04692841 -4.34072924 45.84963608
v 36.05062866 -4.33858204 49.02810287
v 36.05550003 -4.33586407 45.84447861
v 36.05919266 -4.33388281 49.03201675
v 36.06150818 -4.33267736 45.84253693
v 36.06778717 -4.32953596 49.03335571
v 36.11853027 -4.31054068 49.03397369
v 36.17400360 -4.30116224 49.03427887
v 36.23134232 -4.30281019 49.03422546
v 36.26181412 -4.30839443 45.84110260
v 36.28723526 -4.31571245 49.03380585
v 36.32640839 -4.33224201 45.84187698
v 36.33853531 -4.33881235 49.03305435
v 36.44238663 -4.42716646 49.03046799
v 36.44852066 -4.43502998 45.84493256
v 36.47396851 -4.47536135 49.02890015
v 36.48266602 -4.49356651 45.84683609
v 36.49805832 -4.53870296 49.02684402
v 36.50032425 -4.54841471 45.84861755
v 39.56671524 -4.43109608 45.84474182
v 39.56054688 -4.43897152 49.03015137
v 39.53496170 -4.47938061 45.84630966
v 39.52621460 -4.49762869 49.02824402
v 39.51073837 -4.54288340 45.84837341
v 39.50846100 -4.55262232 49.02645493
v 38.06847382 -4.97008944 49.02253723
v 38.06847382 -4.97008944 45.85261154
v 38.12262344 -4.98595858 49.02201843
v 38.12262344 -4.98595858 45.85312653
v 38.17361069 -5.01262569 49.02115250
v 38.17361069 -5.01262569 45.85399246
v 38.21833038 -5.04883480 49.01997757
v 38.21833038 -5.04883480 45.85517120
v 38.25439835 -5.09223509 49.01856613
v 38.29637527 -5.18732882 48.97623444
v 38.30020142 -5.20594215 48.88707733
v 38.29912567 -5.20004034 48.93980789
v 38.25439835 -5.09223509 45.85657883
v 38.28054428 -5.13986015 49.01701736
v 38.28054428 -5.13986015 45.85812759
v 38.28323746 -5.14629793 49.01617432
v 38.28421783 -5.14875555 45.85961914
v 38.28569412 -5.15258265 49.01415253
v 38.28763199 -5.15787315 45.86366272
v 38.28899384 -5.16179276 49.00891113
v 38.29058838 -5.16662359 45.87015152
v 38.29165268 -5.17002583 49.00170517
v 38.29290771 -5.17422724 45.87817001
v 38.29374313 -5.17717791 48.99317169
v 38.29522324 -5.18270350 45.89036179
v 38.29755783 -5.19245386 45.91060257
v 38.29910660 -5.19992256 45.93483353
v 38.30020142 -5.20594215 45.98806763
v 38.29994202 -5.20446253 45.96125031
v 37.70865250 -5.20540619 48.88709259
v 37.70975876 -5.19938898 48.94033051
v 37.70891190 -5.20392704 48.91390991
v 37.71132278 -5.19192314 48.96456146
v 37.70865250 -5.20540619 45.98805237
v 37.71251297 -5.18680000 45.89889526
v 37.71367264 -5.18217707 48.98480225
v 37.70973969 -5.19950676 45.93532181
v 37.71516418 -5.17665434 45.88195801
v 37.71600723 -5.17370510 48.99699402
v 37.71726990 -5.16950607 45.87342453
v 37.71833801 -5.16610575 49.00501251
v 37.71994400 -5.16127777 45.86621857
v 37.72131348 -5.15736103 49.01149750
v 37.72325897 -5.15207434 45.86097717
v 37.72474289 -5.14824963 49.01554489
v 37.72573090 -5.14579391 45.85895538
v 37.72843552 -5.13936090 49.01703262
v 37.72843552 -5.13936090 45.85811234
v 37.75462341 -5.09185266 45.85656738
v 37.75462341 -5.09185266 49.01857758
v 37.79069138 -5.04857492 45.85515976
v 37.79069138 -5.04857492 49.01998520
v 37.83537674 -5.01247644 45.85398865
v 37.83537674 -5.01247644 49.02116013
v 37.88629913 -4.98589373 45.85312271
v 37.88629913 -4.98589373 49.02202225
v 37.94036865 -4.97007370 45.85261154
v 37.94036865 -4.97007370 49.02253723
v 39.99988556 -4.37198639 45.97171402
v 39.99512100 -4.36810350 45.91835403
v 39.99872208 -4.37102461 45.94483566
v 39.98906326 -4.36340570 45.89407730
v 39.99988556 -4.37198639 48.90343094
v 39.98480606 -4.36025286 48.99280167
v 39.98090744 -4.35747385 45.87380219
v 39.99521255 -4.36817694 48.95629883
v 39.97615051 -4.35420561 49.00975418
v 39.97355652 -4.35248327 45.86156845
v 39.96988297 -4.35011005 49.01824951
v 39.96677780 -4.34816504 45.85355759
v 39.96245193 -4.34554529 49.02542114
v 39.95875931 -4.34338903 45.84713364
v 39.95389557 -4.34065914 49.03057861
v 39.95020294 -4.33866882 45.84321976
v 39.94789124 -4.33745766 49.03252029
v 39.94162369 -4.33430099 45.84187698
v 39.89092636 -4.31517982 45.84125519
v 39.83547592 -4.30566311 45.84094620
v 39.77813339 -4.30716896 45.84099579
v 39.74717712 -4.31278896 49.03396606
v 39.72220612 -4.31993294 45.84141159
v 39.68278503 -4.33647251 49.03319550
v 39.67084885 -4.34290552 45.84215927
v 35.98270035 -4.15841913 37.99277496
v 36.00556564 -4.20521593 37.97382736
v 36.06472397 -4.32419157 37.80490494
v 35.69364166 -4.36959982 37.61998749
v 36.05645370 -4.30805492 37.85727692
v 35.96180725 -4.39811850 37.61998749
v 35.90840530 -4.41759920 37.61998749
v 35.92192841 -4.33283424 37.88550186
v 36.02612686 -4.24706841 37.94386673
v 36.04337311 -4.28191900 37.90436935
v 35.88465118 -4.37007618 37.83279037
v 35.75486374 -4.38372755 37.74337006
v 35.74175262 -4.39987612 37.61998749
v 35.79545975 -4.41850090 37.61998749
v 35.86059570 -4.39908028 37.76837158
v 35.85198593 -4.42451239 37.61998749
v 35.69364166 -4.36959982 34.68809128
v 35.74175262 -4.39987612 34.68809128
v 35.79545975 -4.41850090 34.68809128
v 35.85198593 -4.42451239 34.68809128
v 35.90840530 -4.41759920 34.68809128
v 35.96180725 -4.39811850 34.68809128
v 36.50942993 -4.22617674 37.99157333
v 36.47534561 -4.26571608 37.97269440
v 36.38731003 -4.36574173 37.80366898
v 36.39957809 -4.35230589 37.85611343
v 36.24086761 -4.23174477 37.92593002
v 36.44470978 -4.30102873 37.94276428
v 36.41903305 -4.33037472 37.90325546
v 35.74031067 -4.36322927 34.53546906
v 35.84576797 -4.39393377 34.52803802
v 35.88911057 -4.36644459 34.46910477
v 35.92557144 -4.33013296 34.41960907
v 36.40734100 -4.38267756 37.80339813
v 36.41946030 -4.36910963 37.85584259
v 36.43867111 -4.34697199 37.90297699
v 36.46402740 -4.31735611 37.94248581
v 36.49428177 -4.28172207 37.97241974
v 36.52793884 -4.24182606 37.99130249
v 36.43764114 -4.32205868 37.92400360
v 36.44413757 -4.32754850 37.92390823
v 36.50942993 -4.22617674 34.31650543
v 36.47534561 -4.26571608 34.33538055
v 36.38731003 -4.36574173 34.50440598
v 36.39957809 -4.35230589 34.45196152
v 36.27961731 -4.23901892 34.38230515
v 36.35988617 -4.26878500 34.38294983
v 36.41903305 -4.33037472 34.40482330
v 36.44470978 -4.30102873 34.36531448
v 36.70111847 -4.60521841 37.98485565
v 36.64829636 -4.60581779 37.96635818
v 36.51305008 -4.60521841 37.79678726
v 36.53154755 -4.60581779 37.84960938
v 36.56368637 -4.50389194 37.92011642
v 36.60090637 -4.60612488 37.93657684
v 36.56132889 -4.60612488 37.89699936
v 36.51954651 -4.41060972 37.92213821
v 36.40734100 -4.38267756 34.50467682
v 36.41946030 -4.36910963 34.45223618
v 36.43867111 -4.34697199 34.40509796
v 36.49428177 -4.28172207 34.33565903
v 36.46402740 -4.31735611 34.36558914
v 36.52793884 -4.24182606 34.31677628
v 36.44413757 -4.32754850 34.38416672
v 36.43764114 -4.32205868 34.38407516
v 36.51611328 -4.78067875 37.79372406
v 36.53461075 -4.78127813 37.84654617
v 36.56439209 -4.78158569 37.89393616
v 36.60396957 -4.78158569 37.93351364
v 36.65135956 -4.78127813 37.96329498
v 36.70418167 -4.78067875 37.98179245
v 36.70111847 -4.60521841 34.32322311
v 36.64829636 -4.60581779 34.34172058
v 36.51305008 -4.60521841 34.51129150
v 36.53154755 -4.60581779 34.45846939
v 36.51954651 -4.41060972 34.38594055
v 36.56368637 -4.50389194 34.38796234
v 36.56132889 -4.60612488 34.41107941
v 36.60090637 -4.60612488 34.37150192
v 36.51918030 -4.97926331 37.60757446
v 36.60412216 -5.11474562 37.60757446
v 36.56567383 -4.92419195 37.85631180
v 36.56258392 -4.95038176 37.83527374
v 36.56032944 -4.96967268 37.81655121
v 36.55782318 -4.99133158 37.79110718
v 36.55603409 -5.00687313 37.76871490
v 36.56615448 -5.07613707 37.60757446
v 36.53738785 -5.03025866 37.60757446
v 36.51611328 -4.78067875 34.51435471
v 36.53461075 -4.78127813 34.46153259
v 36.56439209 -4.78158569 34.41414261
v 36.60396957 -4.78158569 34.37456512
v 36.65135956 -4.78127813 34.34477997
v 36.70418167 -4.78067875 34.32628632
v 36.60412216 -5.11474562 34.70050430
v 36.56615448 -5.07613707 34.70050430
v 36.53738785 -5.03025866 34.70050430
v 36.51918030 -4.97926331 34.70050430
v 36.55657578 -5.00259209 34.53280640
v 36.55883789 -4.98253822 34.50597382
v 36.56146622 -4.95987749 34.48165894
v 36.56475067 -4.93207550 34.45774078
v 37.47026443 -5.41252756 37.60355759
v 37.47026443 -5.41252756 34.70451736
v 37.52650833 -5.40427685 37.60355759
v 37.52650833 -5.40427685 34.70451736
v 37.57943344 -5.38353395 34.70451736
v 37.57943344 -5.38353395 37.60355759
v 37.62630081 -5.35137224 34.70451736
v 37.62630081 -5.35137224 37.60355759
v 37.66469574 -5.30945301 34.70451736
v 37.66469574 -5.30945301 37.60355759
v 37.69262695 -5.25994492 34.70451736
v 37.69262695 -5.25994492 37.60355759
v 37.54996490 -5.06600714 34.33121490
v 37.59823608 -5.08666992 34.34990692
v 37.72238159 -5.13769674 34.51919556
v 37.70523834 -5.13116026 34.46656799
v 37.50073242 -5.37769794 34.55234909
v 37.60111237 -5.33272886 34.54472733
v 37.61597061 -5.28395987 34.48567200
v 37.61976624 -5.23298120 34.43597412
v 37.67784882 -5.12007666 34.41930771
v 37.64158249 -5.10499668 34.37976456
v 37.54996490 -5.06600714 37.97686386
v 37.59823608 -5.08666992 37.95817184
v 37.72238159 -5.13769674 37.78887939
v 37.70523834 -5.13116026 37.84151077
v 37.61877441 -5.23736334 37.86912918
v 37.64158249 -5.10499668 37.92831039
v 37.67784882 -5.12007666 37.88876724
v 37.61497116 -5.28956699 37.81623077
v 37.52534103 -5.38378716 37.72658539
v 37.61583328 -5.32696104 37.75172043
v 37.99438095 -4.77427006 34.32603836
v 37.99438095 -4.82627010 34.34503937
v 37.99438095 -4.94078016 34.46156311
v 37.99438095 -4.95886993 34.51388931
v 37.79452896 -4.95323658 34.39498138
v 37.99438095 -4.91161823 34.41450500
v 37.99438095 -4.87281370 34.37501526
v 37.99438095 -4.77427006 37.98204041
v 37.99438095 -4.82627010 37.96303940
v 37.99438095 -4.95886993 37.79418945
v 37.99438095 -4.94078016 37.84651184
v 37.79452896 -4.95323658 37.91309738
v 37.99438095 -4.87281370 37.93305969
v 37.99438095 -4.91161823 37.89357376
v 38.01438141 -4.77427006 34.32603836
v 38.01438141 -4.82627010 34.34503937
v 38.01438141 -4.87281370 34.37501526
v 38.01438141 -4.91161823 34.41450500
v 38.01438141 -4.94078016 34.46156311
v 38.01438141 -4.95886993 34.51388931
v 38.01438141 -4.77427006 37.98204041
v 38.01438141 -4.82627010 37.96303940
v 38.01438141 -4.87281370 37.93305969
v 38.01438141 -4.91161823 37.89357376
v 38.01438141 -4.94078016 37.84651184
v 38.01438141 -4.95886993 37.79418945
v 38.45915604 -5.06684160 34.33122635
v 38.41084671 -5.08741426 34.34991837
v 38.30375671 -5.13170385 34.46658325
v 38.28659821 -5.13820791 34.51921082
v 38.21451950 -4.95342445 34.39498520
v 38.33116531 -5.12067175 34.41932297
v 38.36746597 -5.10565948 34.37977982
v 38.45915604 -5.06684160 37.97684860
v 38.41084671 -5.08741426 37.95815659
v 38.28659821 -5.13820791 37.78886414
v 38.30375671 -5.13170385 37.84149551
v 38.21451950 -4.95342445 37.91309357
v 38.36746597 -5.10565948 37.92829895
v 38.33116531 -5.12067175 37.88875580
v 38.53819656 -5.41350985 34.70453644
v 38.31612396 -5.26050997 34.70453644
v 38.34396362 -5.31007051 34.70453644
v 38.39002228 -5.23806906 34.43896484
v 38.39372635 -5.29027939 34.49186325
v 38.48317719 -5.38466644 34.58151245
v 38.48197174 -5.40515327 34.70453644
v 38.42908478 -5.38431120 34.70453644
v 38.39279556 -5.32767105 34.55637741
v 38.38227844 -5.35206127 34.70453644
v 38.53819656 -5.41350985 37.60354233
v 38.31612396 -5.26050997 37.60354233
v 38.34396362 -5.31007051 37.60354233
v 38.50780106 -5.37862349 37.75571060
v 38.48197174 -5.40515327 37.60354233
v 38.42908478 -5.38431120 37.60354233
v 38.40750504 -5.33346653 37.76333237
v 38.38227844 -5.35206127 37.60354233
v 38.39273834 -5.28467035 37.82239151
v 38.38903809 -5.23368502 37.87208939
v 40.31566620 -4.37528992 34.68817902
v 40.31566620 -4.37528992 37.61989594
v 40.26747894 -4.40544653 34.68817902
v 40.26747894 -4.40544653 37.61989594
v 40.21372604 -4.42393875 34.68817902
v 40.21372604 -4.42393875 37.61989594
v 40.15718842 -4.42981005 34.68817902
v 40.15718842 -4.42981005 37.61989594
v 40.10078049 -4.42275715 34.68817902
v 40.10078049 -4.42275715 37.61989594
v 40.04742813 -4.40314436 34.68817902
v 40.04742813 -4.40314436 37.61989594
v 40.26901245 -4.36880302 37.77251816
v 40.16348267 -4.39924765 37.77994919
v 40.12020874 -4.37165165 37.83888245
v 40.08383942 -4.33525085 37.88837814
v 40.02714539 -4.16339636 34.31538773
v 40.00415802 -4.21013689 34.33433914
v 39.94469833 -4.32896471 34.50326157
v 39.95301437 -4.31284952 34.45088577
v 40.08747864 -4.33796120 34.42266464
v 39.98349380 -4.25193834 34.36429596
v 39.96615982 -4.28674603 34.40379333
v 40.12466049 -4.37529469 34.47537613
v 40.25440979 -4.38926601 34.56479645
v 40.14863968 -4.40435743 34.53979492
v 39.50024414 -4.22984648 37.99150848
v 39.53422928 -4.26946974 37.97262955
v 39.62200928 -4.36971331 37.80360794
v 39.60977554 -4.35624647 37.85605240
v 39.72943497 -4.24339628 37.92569733
v 39.64941025 -4.27296019 37.92505646
v 39.59038162 -4.33426666 37.90319061
v 39.56477737 -4.30485773 37.94269943
v 39.50024414 -4.22984648 34.31656647
v 39.53422928 -4.26946974 34.33544540
v 39.62200928 -4.36971331 34.50447083
v 39.60977554 -4.35624647 34.45202637
v 39.76879120 -4.23607969 34.38222504
v 39.56477737 -4.30485773 34.36537933
v 39.59038162 -4.33426666 34.40488815
v 39.60197067 -4.38657045 37.80333710
v 39.58988953 -4.37297201 37.85577774
v 39.57073212 -4.35078716 37.90291595
v 39.51528549 -4.28540134 37.97235489
v 39.54544830 -4.32110929 37.94242477
v 39.48172760 -4.24542332 37.99123764
v 39.56530380 -4.33135986 37.92384720
v 39.57180405 -4.32589531 37.92393875
v 39.60197067 -4.38657045 34.50474167
v 39.58988953 -4.37297201 34.45230103
v 39.57073212 -4.35078716 34.40516281
v 39.54544830 -4.32110929 34.36565399
v 39.51528549 -4.28540134 34.33572006
v 39.48172760 -4.24542332 34.31683731
v 39.57180405 -4.32589531 34.38414001
v 39.56530380 -4.33135986 34.38423157
v 39.30763245 -4.60958004 37.98477936
v 39.36045837 -4.61017942 37.96628189
v 39.49570084 -4.60958004 37.79671097
v 39.47720718 -4.61017942 37.84953308
v 39.48953629 -4.41447639 37.92207336
v 39.44515610 -4.50796795 37.92004776
v 39.44742203 -4.61048651 37.89692307
v 39.40784454 -4.61048651 37.93650055
v 39.30763245 -4.60958004 34.32329941
v 39.36045837 -4.61017942 34.34179688
v 39.49570084 -4.60958004 34.51136780
v 39.47720718 -4.61017942 34.45854568
v 39.44515610 -4.50796795 34.38803101
v 39.40784454 -4.61048651 34.37157822
v 39.44742203 -4.61048651 34.41115570
v 39.48953629 -4.41447639 34.38600540
v 39.49266815 -4.78347588 37.79367447
v 39.47417068 -4.78407526 37.84649658
v 39.44438934 -4.78438234 37.89388657
v 39.40480804 -4.78438234 37.93346405
v 39.35742188 -4.78407526 37.96324921
v 39.30459595 -4.78347588 37.98174286
v 39.49266815 -4.78347588 34.51440430
v 39.47417068 -4.78407526 34.46157837
v 39.44438934 -4.78438234 34.41419220
v 39.40480804 -4.78438234 34.37461472
v 39.35742188 -4.78407526 34.34482956
v 39.30459595 -4.78347588 34.32633591
v 39.48958206 -4.98198700 37.60752869
v 39.40433121 -5.11763525 37.60752869
v 39.45209503 -5.00545073 37.77523804
v 39.47130203 -5.03307104 37.60752869
v 39.44243240 -5.07900810 37.60752869
v 39.44984055 -4.98539925 37.80207062
v 39.44722366 -4.96273756 37.82638931
v 39.44395447 -4.93492794 37.85031509
v 39.48958206 -4.98198700 34.70054626
v 39.40433121 -5.11763525 34.70054626
v 39.44303513 -4.92704582 34.45178986
v 39.44610977 -4.95323801 34.47282791
v 39.44835663 -4.97253561 34.49155807
v 39.45085144 -4.99419355 34.51700592
v 39.45263290 -5.00973415 34.53940201
v 39.44243240 -5.07900810 34.70054626
v 39.47130203 -5.03307104 34.70054626
v 35.98270035 -4.15841913 49.27630997
v 36.00556564 -4.20521593 49.25736237
v 36.06472397 -4.32419157 49.08843613
v 35.69364166 -4.36959982 48.90351868
v 36.05645370 -4.30805492 49.14081192
v 35.96180725 -4.39811850 48.90351868
v 35.90840530 -4.41759920 48.90351868
v 35.92192841 -4.33283424 49.16903687
v 36.02612686 -4.24706841 49.22740173
v 36.04337311 -4.28191900 49.18790436
v 35.88465118 -4.37007618 49.11632538
v 35.75486374 -4.38372755 49.02690506
v 35.74175262 -4.39987612 48.90351868
v 35.79545975 -4.41850090 48.90351868
v 35.86059570 -4.39908028 49.05190659
v 35.85198593 -4.42451239 48.90351868
v 35.69364166 -4.36959982 45.97162628
v 35.74175262 -4.39987612 45.97162628
v 35.79545975 -4.41850090 45.97162628
v 35.85198593 -4.42451239 45.97162628
v 35.90840530 -4.41759920 45.97162628
v 35.96180725 -4.39811850 45.97162628
v 36.50942993 -4.22617674 49.27510834
v 36.47534561 -4.26571608 49.25622940
v 36.38731003 -4.36574173 49.08720398
v 36.39957809 -4.35230589 49.13964844
v 36.24086761 -4.23174477 49.20946503
v 36.44470978 -4.30102873 49.22629929
v 36.41903305 -4.33037472 49.18679047
v 35.74031067 -4.36322927 45.81900406
v 35.84576797 -4.39393377 45.81157303
v 35.88911057 -4.36644459 45.75263977
v 35.92557144 -4.33013296 45.70314407
v 36.40734100 -4.38267756 49.08693314
v 36.41946030 -4.36910963 49.13937378
v 36.43867111 -4.34697199 49.18651199
v 36.46402740 -4.31735611 49.22602081
v 36.49428177 -4.28172207 49.25595474
v 36.52793884 -4.24182606 49.27483749
v 36.43764114 -4.32205868 49.20753479
v 36.44413757 -4.32754850 49.20744324
v 36.50942993 -4.22617674 45.60003662
v 36.47534561 -4.26571608 45.61891556
v 36.38731003 -4.36574173 45.78794098
v 36.39957809 -4.35230589 45.73549652
v 36.27961731 -4.23901892 45.66584015
v 36.35988617 -4.26878500 45.66648483
v 36.41903305 -4.33037472 45.68835831
v 36.44470978 -4.30102873 45.64884949
v 36.70111847 -4.60521841 49.26839066
v 36.64829636 -4.60581779 49.24989319
v 36.51305008 -4.60521841 49.08031845
v 36.53154755 -4.60581779 49.13314438
v 36.56368637 -4.50389194 49.20365143
v 36.60090637 -4.60612488 49.22010803
v 36.56132889 -4.60612488 49.18053055
v 36.51954651 -4.41060972 49.20567322
v 36.40734100 -4.38267756 45.78821182
v 36.41946030 -4.36910963 45.73577118
v 36.43867111 -4.34697199 45.68863297
v 36.49428177 -4.28172207 45.61919022
v 36.46402740 -4.31735611 45.64912415
v 36.52793884 -4.24182606 45.60031128
v 36.44413757 -4.32754850 45.66770172
v 36.43764114 -4.32205868 45.66761017
v 36.51611328 -4.78067875 49.07725906
v 36.53461075 -4.78127813 49.13008118
v 36.56439209 -4.78158569 49.17747116
v 36.60396957 -4.78158569 49.21704865
v 36.65135956 -4.78127813 49.24682999
v 36.70418167 -4.78067875 49.26532745
v 36.70111847 -4.60521841 45.60675812
v 36.64829636 -4.60581779 45.62525177
v 36.51305008 -4.60521841 45.79482651
v 36.53154755 -4.60581779 45.74200439
v 36.51954651 -4.41060972 45.66947556
v 36.56368637 -4.50389194 45.67149734
v 36.56132889 -4.60612488 45.69461441
v 36.60090637 -4.60612488 45.65503693
v 36.51918030 -4.97926331 48.89110947
v 36.60412216 -5.11474562 48.89110947
v 36.56567383 -4.92419195 49.13984680
v 36.56258392 -4.95038176 49.11880875
v 36.56032944 -4.96967268 49.10008621
v 36.55782318 -4.99133158 49.07463837
v 36.55603409 -5.00687313 49.05224609
v 36.56615448 -5.07613707 48.89110947
v 36.53738785 -5.03025866 48.89110947
v 36.51611328 -4.78067875 45.79788971
v 36.53461075 -4.78127813 45.74506378
v 36.56439209 -4.78158569 45.69767761
v 36.60396957 -4.78158569 45.65810013
v 36.65135956 -4.78127813 45.62831497
v 36.70418167 -4.78067875 45.60982132
v 36.60412216 -5.11474562 45.98403931
v 36.56615448 -5.07613707 45.98403931
v 36.53738785 -5.03025866 45.98403931
v 36.51918030 -4.97926331 45.98403931
v 36.55657578 -5.00259209 45.81633759
v 36.55883789 -4.98253822 45.78950500
v 36.56146622 -4.95987749 45.76519394
v 36.56475067 -4.93207550 45.74127197
v 37.47026443 -5.41252756 48.88709259
v 37.47026443 -5.41252756 45.98805237
v 37.52650833 -5.40427685 48.88709259
v 37.52650833 -5.40427685 45.98805237
v 37.57943344 -5.38353395 45.98805237
v 37.57943344 -5.38353395 48.88709259
v 37.62630081 -5.35137224 45.98805237
v 37.62630081 -5.35137224 48.88709259
v 37.66469574 -5.30945301 45.98805237
v 37.66469574 -5.30945301 48.88709259
v 37.69262695 -5.25994492 45.98805237
v 37.69262695 -5.25994492 48.88709259
v 37.54996490 -5.06600714 45.61474609
v 37.59823608 -5.08666992 45.63344193
v 37.72238159 -5.13769674 45.80273056
v 37.70523834 -5.13116026 45.75010300
v 37.50073242 -5.37769794 45.83588409
v 37.60111237 -5.33272886 45.82826233
v 37.61597061 -5.28395987 45.76920319
v 37.61976624 -5.23298120 45.71950531
v 37.67784882 -5.12007666 45.70284271
v 37.64158249 -5.10499668 45.66329956
v 37.54996490 -5.06600714 49.26039886
v 37.59823608 -5.08666992 49.24170685
v 37.72238159 -5.13769674 49.07241440
v 37.70523834 -5.13116026 49.12504196
v 37.61877441 -5.23736334 49.15266037
v 37.64158249 -5.10499668 49.21184540
v 37.67784882 -5.12007666 49.17230225
v 37.61497116 -5.28956699 49.09976578
v 37.52534103 -5.38378716 49.01011658
v 37.61583328 -5.32696104 49.03525162
v 37.99438095 -4.77427006 45.60957336
v 37.99438095 -4.82627010 45.62857056
v 37.99438095 -4.94078016 45.74509811
v 37.99438095 -4.95886993 45.79742050
v 37.79452896 -4.95323658 45.67851257
v 37.99438095 -4.91161823 45.69804001
v 37.99438095 -4.87281370 45.65855026
v 37.99438095 -4.77427006 49.26557541
v 37.99438095 -4.82627010 49.24657440
v 37.99438095 -4.95886993 49.07772446
v 37.99438095 -4.94078016 49.13004684
v 37.79452896 -4.95323658 49.19663239
v 37.99438095 -4.87281370 49.21659470
v 37.99438095 -4.91161823 49.17710876
v 38.01438141 -4.77427006 45.60957336
v 38.01438141 -4.82627010 45.62857056
v 38.01438141 -4.87281370 45.65855026
v 38.01438141 -4.91161823 45.69804001
v 38.01438141 -4.94078016 45.74509811
v 38.01438141 -4.95886993 45.79742050
v 38.01438141 -4.77427006 49.26557541
v 38.01438141 -4.82627010 49.24657440
v 38.01438141 -4.87281370 49.21659470
v 38.01438141 -4.91161823 49.17710876
v 38.01438141 -4.94078016 49.13004684
v 38.01438141 -4.95886993 49.07772446
v 38.45915604 -5.06684160 45.61476135
v 38.41084671 -5.08741426 45.63345337
v 38.30375671 -5.13170385 45.75011826
v 38.28659821 -5.13820791 45.80274582
v 38.21451950 -4.95342445 45.67851639
v 38.33116531 -5.12067175 45.70285797
v 38.36746597 -5.10565948 45.66331482
v 38.45915604 -5.06684160 49.26038361
v 38.41084671 -5.08741426 49.24169159
v 38.28659821 -5.13820791 49.07239914
v 38.30375671 -5.13170385 49.12503052
v 38.21451950 -4.95342445 49.19662857
v 38.36746597 -5.10565948 49.21183395
v 38.33116531 -5.12067175 49.17229080
v 38.53819656 -5.41350985 45.98806763
v 38.31612396 -5.26050997 45.98806763
v 38.34396362 -5.31007051 45.98806763
v 38.39002228 -5.23806906 45.72249985
v 38.39372635 -5.29027939 45.77539825
v 38.48317719 -5.38466644 45.86504364
v 38.48197174 -5.40515327 45.98806763
v 38.42908478 -5.38431120 45.98806763
v 38.39279556 -5.32767105 45.83990860
v 38.38227844 -5.35206127 45.98806763
v 38.53819656 -5.41350985 48.88707733
v 38.31612396 -5.26050997 48.88707733
v 38.34396362 -5.31007051 48.88707733
v 38.50780106 -5.37862349 49.03924561
v 38.48197174 -5.40515327 48.88707733
v 38.42908478 -5.38431120 48.88707733
v 38.40750504 -5.33346653 49.04686737
v 38.38227844 -5.35206127 48.88707733
v 38.39273834 -5.28467035 49.10592651
v 38.38903809 -5.23368502 49.15562439
v 39.40433121 -5.11763525 48.89106369
v 39.40433121 -5.11763525 45.98408127
v 39.44243240 -5.07900810 48.89106369
v 39.44243240 -5.07900810 45.98408127
v 39.47130203 -5.03307104 48.89106369
v 39.47130203 -5.03307104 45.98408127
v 39.48958206 -4.98198700 48.89106369
v 39.48958206 -4.98198700 45.98408127
v 39.49266815 -4.78347588 45.79793930
v 39.47417068 -4.78407526 45.74511337
v 39.30459595 -4.78347588 45.60986710
v 39.35742188 -4.78407526 45.62836456
v 39.44303513 -4.92704582 45.73532486
v 39.44438934 -4.78438234 45.69772720
v 39.40480804 -4.78438234 45.65814972
v 39.44610977 -4.95323801 45.75636292
v 39.44835663 -4.97253561 45.77509308
v 39.45085144 -4.99419355 45.80054092
v 39.45263290 -5.00973415 45.82293701
v 39.49266815 -4.78347588 49.07720947
v 39.47417068 -4.78407526 49.13003159
v 39.35742188 -4.78407526 49.24678040
v 39.30459595 -4.78347588 49.26527786
v 39.45209503 -5.00545073 49.05876923
v 39.44984055 -4.98539925 49.08560562
v 39.44722366 -4.96273756 49.10992432
v 39.44395447 -4.93492794 49.13385010
v 39.40480804 -4.78438234 49.21699905
v 39.44438934 -4.78438234 49.17742157
v 39.49570084 -4.60958004 45.79490280
v 39.47720718 -4.61017942 45.74207687
v 39.44742203 -4.61048651 45.69469070
v 39.40784454 -4.61048651 45.65511322
v 39.36045837 -4.61017942 45.62532806
v 39.30763245 -4.60958004 45.60683441
v 39.49570084 -4.60958004 49.08024216
v 39.47720718 -4.61017942 49.13306808
v 39.44742203 -4.61048651 49.18045425
v 39.40784454 -4.61048651 49.22003555
v 39.36045837 -4.61017942 49.24981689
v 39.30763245 -4.60958004 49.26831436
v 39.48172760 -4.24542332 45.60037231
v 39.51528549 -4.28540134 45.61925507
v 39.60197067 -4.38657045 45.78827286
v 39.58988953 -4.37297201 45.73583221
v 39.44515610 -4.50796795 45.67156601
v 39.48953629 -4.41447639 45.66954041
v 39.57073212 -4.35078716 45.68869781
v 39.54544830 -4.32110929 45.64918900
v 39.48172760 -4.24542332 49.27477264
v 39.51528549 -4.28540134 49.25588989
v 39.60197067 -4.38657045 49.08687210
v 39.58988953 -4.37297201 49.13931274
v 39.48953629 -4.41447639 49.20560837
v 39.54544830 -4.32110929 49.22595596
v 39.57073212 -4.35078716 49.18644714
v 39.44515610 -4.50796795 49.20357895
v 39.62200928 -4.36971331 45.78800583
v 39.60977554 -4.35624647 45.73556137
v 39.59038162 -4.33426666 45.68842316
v 39.53422928 -4.26946974 45.61898041
v 39.56477737 -4.30485773 45.64891434
v 39.50024414 -4.22984648 45.60010147
v 39.57180405 -4.32589531 45.66767502
v 39.56530380 -4.33135986 45.66776657
v 39.62200928 -4.36971331 49.08714294
v 39.60977554 -4.35624647 49.13958359
v 39.59038162 -4.33426666 49.18672562
v 39.53422928 -4.26946974 49.25616455
v 39.56477737 -4.30485773 49.22623444
v 39.50024414 -4.22984648 49.27504349
v 39.56530380 -4.33135986 49.20737839
v 39.57180405 -4.32589531 49.20746994
v 40.02714539 -4.16339636 45.59892273
v 40.00415802 -4.21013689 45.61787033
v 39.95301437 -4.31284952 45.73442078
v 39.94469833 -4.32896471 45.78679657
v 39.76879120 -4.23607969 45.66575623
v 39.96615982 -4.28674603 45.68732834
v 39.98349380 -4.25193834 45.64783096
v 39.72943497 -4.24339628 49.20923233
v 39.64941025 -4.27296019 49.20859146
v 40.31566620 -4.37528992 45.97171402
v 40.04742813 -4.40314436 45.97171402
v 40.10078049 -4.42275715 45.97171402
v 40.08747864 -4.33796120 45.70619965
v 40.12466049 -4.37529469 45.75891113
v 40.25440979 -4.38926601 45.84833145
v 40.26747894 -4.40544653 45.97171402
v 40.21372604 -4.42393875 45.97171402
v 40.14863968 -4.40435743 45.82332993
v 40.15718842 -4.42981005 45.97171402
v 40.31566620 -4.37528992 48.90343094
v 40.04742813 -4.40314436 48.90343094
v 40.10078049 -4.42275715 48.90343094
v 40.26901245 -4.36880302 49.05605316
v 40.26747894 -4.40544653 48.90343094
v 40.21372604 -4.42393875 48.90343094
v 40.16348267 -4.39924765 49.06348419
v 40.15718842 -4.42981005 48.90343094
v 40.12020874 -4.37165165 49.12241745
v 40.08383942 -4.33525085 49.17191315
v 51.71101379 -4.78548002 49.08945084
v 51.70801544 -4.60513783 49.09250259
v 51.73115540 -4.78602028 49.13941193
v 51.72814941 -4.60567856 49.14248657
v 51.84694672 -4.78602028 49.24854660
v 51.89502716 -4.60513783 49.26884842
v 51.84394836 -4.60567856 49.25168228
v 51.89801025 -4.78548002 49.26570511
v 51.77813339 -4.66610432 49.20550919
v 51.75852585 -4.60595560 49.18700027
v 51.79773331 -4.60595560 49.22396851
v 51.80073929 -4.78629732 49.22085190
v 51.76153564 -4.78629732 49.18390274
v 51.70292282 -4.97926331 48.91491699
v 51.78760147 -5.11474562 48.90821838
v 51.76051331 -4.92900372 49.14519119
v 51.75671768 -4.95405340 49.12504959
v 51.75376892 -4.97258520 49.10708618
v 51.75061798 -4.99133348 49.08530426
v 51.74784851 -5.00657988 49.06386185
v 51.74975204 -5.07613707 48.91121292
v 51.72107697 -5.03025866 48.91348267
v 51.72075272 -4.24082804 49.27515030
v 51.68783951 -4.27988338 49.25714493
v 51.61346436 -4.36690617 49.14547348
v 51.60067368 -4.38132143 49.09486389
v 51.76049805 -4.50257206 49.20852661
v 51.63290787 -4.34443712 49.19075012
v 51.65809250 -4.31496859 49.22856522
v 45.60838699 -5.11474562 43.19867325
v 51.53981018 -4.97926331 47.91592789
v 51.55747604 -5.03025866 47.91151428
v 51.58538437 -5.07613707 47.90454483
v 51.62222290 -5.11474562 47.89534760
v 51.21409988 -4.97926331 46.95754242
v 51.23079681 -5.03025866 46.95027542
v 51.25717163 -5.07613707 46.93879700
v 51.29198456 -5.11474562 46.92364502
v 50.73471832 -4.97926331 46.06603622
v 50.74998856 -5.03025866 46.05611420
v 50.77410889 -5.07613707 46.04043961
v 50.80594635 -5.11474562 46.01975250
v 50.11481094 -4.97926331 45.26584625
v 50.12823486 -5.03025866 45.25354004
v 50.14943695 -5.07613707 45.23410416
v 50.17742538 -5.11474562 45.20844650
v 49.37136841 -4.97926331 44.57891083
v 49.38257599 -5.03025866 44.56455994
v 49.40028000 -5.07613707 44.54188919
v 49.42365265 -5.11474562 44.51196671
v 48.52476883 -4.97926331 44.02405930
v 48.53345490 -5.03025866 44.00805664
v 48.54717636 -5.07613707 43.98277664
v 48.56528854 -5.11474562 43.94940567
v 47.59822464 -4.97926331 43.61650467
v 47.60415268 -5.03025866 43.59928513
v 47.61351395 -5.07613707 43.57208633
v 47.62587357 -5.11474562 43.53618622
v 46.61713409 -4.97926331 43.36741257
v 45.60838699 -4.97926331 43.28361511
v 46.62013626 -5.03025866 43.34945297
v 45.60838699 -5.03025866 43.26540375
v 45.60838699 -5.07613707 43.23664093
v 46.62488174 -5.07613707 43.32108307
v 46.63114929 -5.11474562 43.28363419
v 51.58066177 -4.36437798 49.09525299
v 51.59362030 -4.35009003 49.14583969
v 51.61331177 -4.32782507 49.19108582
v 51.66893005 -4.26386690 49.25743866
v 51.63881302 -4.29862785 49.22887802
v 51.70225143 -4.22517300 49.27542496
v 51.63186646 -4.31953192 49.21092606
v 26.99242592 -4.97926331 43.28361511
v 26.99242592 -5.03025866 43.26540375
v 26.99242592 -5.07613707 43.23664093
v 26.99242592 -5.11474562 43.19867325
v 51.16748047 -4.16256380 49.27600098
v 51.19138718 -4.20981121 49.25636292
v 51.24389267 -4.31222105 49.13597107
v 51.25200272 -4.32743025 49.08219147
v 51.46517181 -4.23633099 49.21052170
v 51.42978668 -4.23076105 49.21013260
v 51.23059464 -4.28659916 49.18451309
v 51.21279144 -4.25187206 49.22533798
v 51.44574738 -4.27380753 49.15695190
v 26.80627632 -4.78067875 43.28668213
v 26.75345230 -4.78127813 43.26818466
v 26.63670349 -4.78127813 43.15143585
v 26.61820793 -4.78067875 43.09861374
v 26.82472610 -5.00259209 43.24621964
v 26.79789352 -4.98253822 43.24395752
v 26.77358055 -4.95987749 43.24132919
v 26.74966049 -4.93207550 43.23804474
v 26.66648674 -4.78158569 43.19882584
v 26.70606422 -4.78158569 43.23840332
v 50.87545013 -4.36959982 48.92652512
v 50.92337036 -4.39987612 48.92224121
v 51.08935928 -4.41759920 48.90740967
v 51.14255142 -4.39811850 48.90265656
v 51.11296844 -4.33545017 49.16944122
v 51.05373001 -4.36270189 49.13376236
v 50.97686005 -4.41850090 48.91746140
v 51.07578278 -4.37151861 49.11926270
v 51.03316116 -4.42451239 48.91242981
v 51.09769821 -4.37762403 49.10327530
v 26.80321312 -4.60521841 43.28974533
v 26.75039101 -4.60581779 43.27124786
v 26.70300102 -4.60612488 43.24146652
v 26.66342354 -4.60612488 43.20188522
v 26.63364029 -4.60581779 43.15449905
v 26.61514473 -4.60521841 43.10167313
v 46.63157272 -4.39811850 43.93601227
v 45.60838699 -4.39811850 43.84098816
v 46.62174225 -4.41759920 43.98849869
v 45.60838699 -4.41759920 43.89439011
v 46.61135101 -4.42451239 44.04395676
v 45.60838699 -4.42451239 43.95080948
v 46.60094070 -4.41850090 44.09951401
v 45.60838699 -4.41850090 44.00733566
v 46.59104919 -4.39987612 44.15230179
v 45.60838699 -4.39987612 44.06104279
v 46.58219147 -4.36959982 44.19958878
v 45.60838699 -4.36959982 44.10915375
v 47.61976242 -4.39811850 44.21783066
v 47.60043335 -4.41759920 44.26761246
v 47.58000565 -4.42451239 44.32020569
v 47.55954361 -4.41850090 44.37289810
v 47.54010391 -4.39987612 44.42296219
v 47.52268600 -4.36959982 44.46780777
v 48.53915405 -4.39811850 44.67680740
v 48.51098633 -4.41759920 44.72217560
v 48.48122787 -4.42451239 44.77011108
v 48.45141220 -4.41850090 44.81813431
v 48.42308044 -4.39987612 44.86376190
v 48.39770508 -4.36959982 44.90463257
v 49.35830307 -4.39811850 45.29724121
v 49.32226181 -4.41759920 45.33664703
v 49.28418350 -4.42451239 45.37828445
v 49.24603271 -4.41850090 45.41999435
v 49.20978546 -4.39987612 45.45962143
v 49.17731476 -4.36959982 45.49512482
v 50.04918671 -4.39811850 46.05791473
v 50.00650406 -4.41759920 46.09000778
v 49.96141052 -4.42451239 46.12392044
v 49.91623306 -4.41850090 46.15789032
v 49.87330627 -4.39987612 46.19016647
v 49.83485413 -4.36959982 46.21908188
v 50.58817291 -4.39811850 46.93280411
v 50.54031372 -4.41759920 46.95648956
v 50.48974609 -4.42451239 46.98151779
v 50.43908310 -4.41850090 47.00658798
v 50.39094925 -4.39987612 47.03040695
v 50.34782791 -4.36959982 47.05174637
v 50.95683289 -4.39811850 47.89198685
v 50.90542603 -4.41759920 47.90645599
v 50.85111618 -4.42451239 47.92174149
v 50.79670334 -4.41850090 47.93705368
v 50.74500656 -4.39987612 47.95160294
v 50.69869614 -4.36959982 47.96463776
v 26.60869789 -4.24182606 43.27485657
v 26.62758064 -4.28172207 43.30851364
v 26.79660034 -4.38267756 43.39545441
v 26.74415779 -4.36910963 43.38333511
v 26.67786217 -4.41060972 43.28324890
v 26.65751266 -4.31735611 43.33876801
v 26.69702148 -4.34697199 43.36412430
v 26.67988396 -4.50389194 43.23910904
v 26.98001480 -4.36959982 44.10915375
v 26.98001480 -4.39987612 44.06104279
v 26.98001480 -4.41850090 44.00733566
v 26.98001480 -4.42451239 43.95080948
v 26.98001480 -4.41759920 43.89439011
v 26.98001480 -4.39811850 43.84098816
v 26.79632950 -4.36574173 43.41548538
v 26.74388504 -4.35230589 43.40321732
v 26.69674492 -4.33037472 43.38376236
v 26.62730408 -4.26571608 43.32744980
v 26.65723610 -4.30102873 43.35808563
v 26.60842514 -4.22617674 43.29336548
v 26.67609024 -4.32754850 43.35865784
v 26.67599869 -4.32205868 43.36515427
v 26.60722351 -4.15841913 43.82009506
v 26.62617302 -4.20521593 43.79722977
v 26.79509735 -4.32419157 43.73807144
v 26.74272156 -4.30805492 43.74634171
v 26.82739067 -4.36322927 44.06248474
v 26.81995964 -4.39393377 43.95702744
v 26.76102829 -4.36644459 43.91368484
v 26.71153069 -4.33013296 43.87722397
v 26.69562912 -4.28191900 43.75942230
v 26.65613174 -4.24706841 43.77666855
v 26.67407036 -4.23174477 43.56192780
v 53.18793869 -4.76746368 49.26700211
v 53.20795441 -4.77427006 49.26557541
v 53.18793869 -4.81359291 49.25218201
v 53.20795441 -4.82627010 49.24657440
v 53.18793869 -4.86401415 49.22332001
v 53.20795441 -4.87281370 49.21659470
v 53.18793488 -4.90634298 49.18355179
v 53.20795441 -4.91161823 49.17710876
v 53.18793488 -4.93814373 49.13494492
v 53.20795441 -4.94078016 49.13004684
v 53.18793488 -4.95808935 49.08036804
v 53.20795441 -4.95886993 49.07772446
v 52.74354553 -5.06804800 49.25996780
v 52.79317856 -5.08918810 49.24011993
v 52.91652298 -5.13947630 49.06205750
v 52.98859787 -4.95554876 49.19408798
v 52.83741760 -5.10778713 49.20847321
v 52.94932175 -5.05708027 49.11622238
v 52.90076447 -5.13361406 49.11702347
v 52.87392426 -5.12286139 49.16670609
v 53.65390396 -5.06509161 49.26074982
v 53.60681534 -5.08527994 49.24304199
v 53.48222351 -5.13669395 49.08137131
v 53.50046921 -5.12963390 49.13192368
v 53.40930939 -4.95129108 49.19894028
v 53.56426620 -5.10330820 49.21470642
v 53.52825165 -5.11832809 49.17707825
v 52.65471268 -5.41252756 48.88834763
v 52.71080780 -5.40427685 48.88429642
v 52.87649536 -5.25994492 48.87232971
v 52.84863663 -5.30945301 48.87434387
v 52.81357574 -5.24069738 49.14739609
v 52.80821991 -5.29274464 49.09296036
v 52.79161453 -5.33790684 49.03461075
v 52.81034470 -5.35137224 48.87710953
v 52.76359558 -5.38353395 48.88048553
v 53.72491074 -5.41350985 48.88602829
v 53.50327682 -5.26050997 48.89998627
v 53.53106308 -5.31007051 48.89823532
v 53.69885635 -5.37791443 49.03993988
v 53.66879654 -5.40515327 48.88956070
v 53.61601639 -5.38431120 48.89288712
v 53.60045624 -5.33146715 49.05273819
v 53.56930161 -5.35206127 48.89582825
v 53.58768082 -5.28200817 49.11145782
v 45.60838699 -5.41252756 42.33253098
v 46.81624603 -5.25994492 42.21096802
v 45.60838699 -5.25994492 42.11016846
v 46.81161499 -5.30945301 42.23851395
v 45.60838699 -5.30945301 42.13809967
v 46.80525208 -5.35137224 42.27637482
v 45.60838699 -5.35137224 42.17649460
v 46.79748154 -5.38353395 42.32259750
v 45.60838699 -5.38353395 42.22336197
v 46.78871155 -5.40427685 42.37479019
v 45.60838699 -5.40427685 42.27628708
v 46.77938843 -5.41252756 42.43025589
v 47.99068451 -5.25994492 42.51058197
v 47.98155594 -5.30945301 42.53697968
v 47.96900177 -5.35137224 42.57326508
v 47.95367813 -5.38353395 42.61755753
v 47.93637848 -5.40427685 42.66757584
v 47.91799164 -5.41252756 42.72072601
v 49.09922028 -5.25994492 43.00072098
v 49.08583832 -5.30945301 43.02523804
v 49.06744766 -5.35137224 43.05894089
v 49.04499435 -5.38353395 43.10008240
v 49.01963806 -5.40427685 43.14653778
v 48.99269867 -5.41252756 43.19590759
v 50.11117554 -5.25994492 43.66782379
v 50.09391403 -5.30945301 43.68978500
v 50.07019043 -5.35137224 43.71997070
v 50.04122925 -5.38353395 43.75682449
v 50.00852585 -5.40427685 43.79843521
v 49.97377396 -5.41252756 43.84265518
v 50.99855804 -5.25994492 44.49343491
v 50.97789764 -5.30945301 44.51222992
v 50.94949722 -5.35137224 44.53806686
v 50.91482925 -5.38353395 44.56960678
v 50.87567902 -5.40427685 44.60522461
v 50.83407974 -5.41252756 44.64307022
v 51.73681641 -5.25994492 45.45471191
v 51.71332550 -5.30945301 45.46982193
v 51.68103790 -5.35137224 45.49059677
v 51.64162064 -5.38353395 45.51595306
v 51.59711075 -5.40427685 45.54458618
v 51.54980850 -5.41252756 45.57501602
v 52.30552673 -5.25994492 46.52506256
v 52.27985764 -5.30945301 46.53607178
v 52.24457169 -5.35137224 46.55120468
v 52.20149612 -5.38353395 46.56967545
v 52.15285492 -5.40427685 46.59053802
v 52.10116577 -5.41252756 46.61270523
v 52.68895721 -5.25994492 47.67486954
v 52.66181564 -5.30945301 47.68147278
v 52.62451172 -5.35137224 47.69054794
v 52.57896805 -5.38353395 47.70162582
v 52.52754211 -5.40427685 47.71413422
v 52.47289658 -5.41252756 47.72742844
v 53.49989319 -5.25388432 48.88893509
v 53.49916458 -5.25388432 48.87771988
v 53.49855423 -5.25383186 48.86649323
v 53.52235031 -5.29829502 48.88748932
v 53.52161789 -5.29829502 48.87623978
v 53.52109146 -5.29815435 48.86497879
v 53.55878067 -5.34431696 48.86244202
v 53.56019592 -5.34439325 48.88505173
v 53.55946350 -5.34439325 48.87374878
v 53.60782623 -5.38016224 48.88198471
v 53.60708618 -5.38016224 48.87061310
v 53.60634613 -5.38013363 48.85924149
v 53.66257858 -5.40361357 48.87845993
v 53.66183472 -5.40361357 48.86700821
v 53.66114044 -5.40338326 48.85555649
v 53.72135925 -5.41339874 48.87467194
v 53.72061157 -5.41339874 48.86314011
v 53.71985245 -5.41321659 48.85160828
v 26.99644089 -5.41252756 42.33253098
v 26.99644089 -5.40427685 42.27628708
v 26.99644089 -5.38353395 42.22336197
v 26.99644089 -5.35137224 42.17649460
v 26.99644089 -5.30945301 42.13809967
v 26.99644089 -5.25994492 42.11016846
v 45.60838699 -5.41350937 41.26459885
v 53.32989502 -5.25388432 47.69058228
v 53.35186768 -5.29829454 47.68572617
v 53.38889694 -5.34439230 47.67754364
v 53.43550110 -5.38016176 47.66724014
v 53.48907471 -5.40361357 47.65540314
v 53.54658890 -5.41339874 47.64268875
v 52.98712540 -5.25388432 46.55317688
v 53.00812149 -5.29829454 46.54508209
v 53.04350662 -5.34439230 46.53144455
v 53.08804321 -5.38016176 46.51427841
v 53.13923645 -5.40361357 46.49454880
v 53.19419861 -5.41339874 46.47336197
v 52.47784042 -5.25388432 45.47994995
v 52.49738693 -5.29829454 45.46880341
v 52.53033066 -5.34439230 45.45001602
v 52.57179260 -5.38016176 45.42637253
v 52.61945343 -5.40361357 45.39919662
v 52.67061996 -5.41339874 45.37001801
v 51.81353378 -5.25388432 44.49512100
v 51.83119202 -5.29829454 44.48117065
v 51.86095047 -5.34439230 44.45766449
v 51.89840317 -5.38016176 44.42807770
v 51.94145203 -5.40361357 44.39406586
v 51.98767471 -5.41339874 44.35755157
v 51.00919724 -5.25388432 43.62091827
v 51.02456665 -5.29829454 43.60448074
v 51.05046844 -5.34439230 43.57677841
v 51.08306503 -5.38016176 43.54191589
v 51.12053680 -5.40361357 43.50183868
v 51.16076660 -5.41339874 43.45881271
v 50.08298492 -5.25388432 42.87706375
v 50.09571838 -5.29829454 42.85850906
v 50.11717987 -5.34439230 42.82724380
v 50.14418411 -5.38016176 42.78788757
v 50.17523193 -5.40361357 42.74265289
v 50.20856094 -5.41339874 42.69408417
v 49.05579758 -5.25388432 42.28034973
v 49.06560898 -5.29829454 42.26009750
v 49.08214188 -5.34439230 42.22596741
v 49.10294724 -5.38016176 42.18301392
v 49.12686539 -5.40361357 42.13363647
v 49.15254593 -5.41339874 42.08062363
v 47.95081329 -5.25388432 41.84423828
v 47.95747757 -5.29829454 41.82274628
v 47.96871185 -5.34439230 41.78652191
v 47.98284912 -5.38016176 41.74093628
v 47.99909973 -5.40361357 41.68853378
v 48.01654816 -5.41339874 41.63227463
v 46.79296494 -5.25388432 41.57857132
v 45.60838699 -5.26050806 41.48667145
v 46.79633713 -5.29829454 41.55632019
v 45.60838699 -5.31006908 41.45883179
v 46.80201721 -5.34439230 41.51882553
v 45.60838699 -5.35206032 41.42052078
v 46.80916595 -5.38016176 41.47163391
v 45.60838699 -5.38431072 41.37371063
v 46.81738663 -5.40361357 41.41738892
v 45.60838699 -5.40515280 41.32082367
v 46.82621002 -5.41339874 41.35914993
v 26.62313461 -5.06600714 42.25283051
v 26.64182854 -5.08666992 42.20455933
v 26.81111908 -5.13769674 42.08041382
v 26.75849152 -5.13116026 42.09755707
v 26.84427071 -5.37769794 42.30206299
v 26.83665085 -5.33272886 42.20168304
v 26.77759171 -5.28395987 42.18682480
v 26.72789383 -5.23298120 42.18302917
v 26.71123123 -5.12007666 42.12494659
v 26.67168808 -5.10499668 42.16121292
v 26.99645805 -5.41350937 41.26459885
v 26.99645805 -5.40515280 41.32082367
v 26.99645805 -5.38431072 41.37371063
v 26.99645805 -5.35206032 41.42052078
v 26.99645805 -5.31006908 41.45883179
v 26.99645805 -5.26050806 41.48667145
v 26.61795998 -4.77427006 41.80841446
v 26.63696098 -4.82627010 41.80841446
v 26.75348663 -4.94078016 41.80841446
v 26.80581093 -4.95886993 41.80841446
v 26.68690109 -4.95323658 42.00826645
v 26.70642662 -4.91161823 41.80841446
v 26.66693878 -4.87281370 41.80841446
v 26.62314987 -5.06684065 41.34363556
v 26.64184189 -5.08741283 41.39194870
v 26.81113434 -5.13820553 41.51619720
v 26.75850487 -5.13170147 41.49903870
v 26.73088837 -5.23806763 41.41277313
v 26.67170143 -5.10565805 41.43532944
v 26.71124458 -5.12066984 41.47162628
v 26.78378487 -5.29027796 41.40906906
v 26.87343216 -5.38466597 41.31961823
v 26.84829712 -5.32767010 41.40999985
v 26.61796379 -4.77427006 41.78531265
v 26.63696480 -4.82627010 41.78542328
v 26.66694260 -4.87281370 41.78559875
v 26.70642853 -4.91161823 41.78582764
v 26.75348854 -4.94078016 41.78610229
v 26.80581093 -4.95886993 41.78640747
v 26.68690300 -4.95330811 41.58844757
v 45.60838699 -4.37528992 39.48713303
v 26.98010254 -4.37528992 39.48713303
v 45.60838699 -4.40544653 39.53531647
v 26.98010254 -4.40544653 39.53531647
v 45.60838699 -4.42393875 39.58906937
v 26.98010254 -4.42393875 39.58906937
v 45.60838699 -4.42981005 39.64560699
v 26.98010254 -4.42981005 39.64560699
v 45.60838699 -4.42275715 39.70201492
v 26.98010254 -4.42275715 39.70201492
v 45.60838699 -4.40314436 39.75536728
v 26.98010254 -4.40314436 39.75536728
v 55.07793808 -4.40314436 47.58264542
v 55.23759842 -4.40314436 48.90396881
v 55.13034058 -4.42275715 47.57260513
v 55.29088211 -4.42275715 48.90123749
v 55.18573380 -4.42981005 47.56198883
v 55.34721375 -4.42981005 48.89835358
v 55.24126434 -4.42393875 47.55134964
v 55.40367889 -4.42393875 48.89545822
v 55.29405594 -4.40544653 47.54123306
v 55.45736313 -4.40544653 48.89271164
v 55.34138107 -4.37528992 47.53216553
v 55.50548553 -4.37528992 48.89024353
v 54.73784256 -4.40314436 46.29589844
v 54.78836060 -4.42275715 46.27873611
v 54.84176636 -4.42981005 46.26059341
v 54.89530182 -4.42393875 46.24240875
v 54.94619751 -4.40544653 46.22512054
v 54.99182129 -4.37528992 46.20962143
v 54.22378922 -4.40314436 45.06824493
v 54.27146149 -4.42275715 45.04429245
v 54.32186127 -4.42981005 45.01896667
v 54.37238312 -4.42393875 44.99358368
v 54.42041397 -4.40544653 44.96944809
v 54.46347046 -4.37528992 44.94781494
v 53.54557800 -4.40314436 43.92307663
v 53.58949661 -4.42275715 43.89278793
v 53.63592911 -4.42981005 43.86076355
v 53.68247223 -4.42393875 43.82866287
v 53.72672272 -4.40544653 43.79814529
v 53.76638794 -4.37528992 43.77078629
v 52.71612549 -4.40314436 42.88221359
v 52.75545883 -4.42275715 42.84616470
v 52.79703903 -4.42981005 42.80805206
v 52.83871841 -4.42393875 42.76984787
v 52.87834167 -4.40544653 42.73352814
v 52.91386414 -4.37528992 42.70096970
v 51.75124359 -4.40314436 41.96549225
v 51.78523636 -4.42275715 41.92436981
v 51.82117081 -4.42981005 41.88089371
v 51.85719299 -4.42393875 41.83731079
v 51.89143753 -4.40544653 41.79588318
v 51.92213821 -4.37528992 41.75874329
v 50.66931152 -4.40314436 41.19037247
v 50.69731522 -4.42275715 41.14496231
v 50.72692490 -4.42981005 41.09695053
v 50.75659943 -4.42393875 41.04882431
v 50.78481293 -4.40544653 41.00307465
v 50.81010818 -4.37528992 40.96205902
v 49.49094772 -4.40314436 40.57163239
v 49.51243210 -4.42275715 40.52279282
v 49.53514481 -4.42981005 40.47116470
v 49.55791473 -4.42393875 40.41941071
v 49.57955933 -4.40544653 40.37020874
v 49.59896088 -4.37528992 40.32610321
v 48.23860550 -4.40314436 40.12105179
v 48.25316238 -4.42275715 40.06972504
v 48.26854706 -4.42981005 40.01545715
v 48.28396988 -4.42393875 39.96106339
v 48.29863358 -4.40544653 39.90934753
v 48.31177902 -4.37528992 39.86299133
v 46.93614578 -4.40314436 39.84722519
v 46.94349289 -4.42275715 39.79438019
v 46.95125961 -4.42981005 39.73851395
v 46.95904541 -4.42393875 39.68251038
v 46.96644974 -4.40544653 39.62927246
v 46.97308350 -4.37528992 39.58154678
v 26.60731125 -4.16339636 39.77565002
v 26.62625885 -4.21013689 39.79863739
v 26.79518318 -4.32896471 39.85809708
v 26.74280930 -4.31284952 39.84978104
v 26.71458817 -4.33796120 39.71531677
v 26.65621948 -4.25193834 39.81930161
v 26.69571495 -4.28674603 39.83663559
v 26.76729774 -4.37529469 39.67813492
v 26.85671997 -4.38926601 39.54838562
v 26.83171654 -4.40435743 39.65415573
v 55.21957397 -4.16107893 49.27639008
v 55.19721222 -4.20758677 49.25781631
v 55.14709473 -4.31054831 49.14337158
v 55.13872910 -4.32716608 49.09177780
v 55.46334839 -4.36940145 49.04821396
v 55.35823822 -4.39872456 49.06026840
v 55.31587982 -4.37047720 49.12124634
v 55.16007996 -4.28416443 49.18966675
v 55.17705917 -4.24928427 49.22843933
v 26.60848999 -4.22984648 40.30255127
v 26.62736893 -4.26946974 40.26856613
v 26.79639244 -4.36971331 40.18078613
v 26.74394798 -4.35624647 40.19301987
v 26.67414474 -4.23607969 40.03400421
v 26.65730095 -4.30485773 40.23801804
v 26.69680977 -4.33426666 40.21241760
v 54.69623184 -4.23056078 49.27482605
v 54.73069000 -4.27078485 49.25533295
v 54.81811905 -4.37067747 49.08166885
v 54.96310043 -4.23670721 49.20893478
v 54.76153946 -4.30656433 49.22445679
v 54.88332367 -4.31070185 49.13421631
v 54.80640030 -4.35781670 49.13535690
v 54.78721237 -4.33607674 49.18377686
v 26.79666138 -4.38657045 40.20082474
v 26.74422264 -4.37297201 40.21290588
v 26.69708443 -4.35078716 40.23206329
v 26.65757751 -4.32110929 40.25734711
v 26.62764359 -4.28540134 40.28750992
v 26.60876083 -4.24542332 40.32106781
v 26.67606163 -4.32589531 40.23099518
v 26.67615509 -4.33135986 40.23749161
v 54.79803848 -4.38753319 49.08145142
v 54.78645706 -4.37454033 49.13512421
v 54.76750946 -4.35259438 49.18352890
v 54.71169662 -4.28671455 49.25506592
v 54.74215698 -4.32281351 49.22420120
v 54.67767715 -4.24613667 49.27455521
v 54.76209641 -4.33315659 49.20505524
v 26.61522102 -4.60958004 40.49516296
v 26.63371658 -4.61017942 40.44233704
v 26.80328941 -4.60958004 40.30709457
v 26.75046730 -4.61017942 40.32558823
v 26.67995453 -4.50796795 40.35763931
v 26.66349983 -4.61048651 40.39495087
v 26.70307732 -4.61048651 40.35537338
v 26.67792702 -4.41447639 40.31325912
v 54.50404358 -4.60964251 49.26797485
v 54.55810547 -4.61028671 49.24849319
v 54.67531204 -4.61028671 49.12623978
v 54.69249725 -4.60964251 49.07141113
v 54.68724442 -4.41598845 49.20255280
v 54.64606094 -4.61061764 49.17570496
v 54.60629272 -4.61061764 49.21718597
v 26.80632591 -4.78347588 40.31012726
v 26.75350189 -4.78407526 40.32862473
v 26.70611382 -4.78438234 40.35840607
v 26.66653633 -4.78438234 40.39798737
v 26.63675308 -4.78407526 40.44537354
v 26.61825562 -4.78347588 40.49819946
v 54.68940735 -4.78002071 49.06836319
v 54.67223358 -4.78066540 49.12321091
v 54.50095367 -4.78002071 49.26499557
v 54.55502319 -4.78066540 49.24551010
v 54.62532425 -4.72424555 49.19558716
v 54.64299011 -4.78099632 49.17269135
v 54.60321808 -4.78099632 49.21418762
v 26.99246979 -4.98198700 40.31321716
v 26.99246979 -5.11763525 40.39846420
v 26.74371147 -4.92704582 40.35976028
v 26.76474953 -4.95323801 40.35668564
v 26.78347969 -4.97253561 40.35443878
v 26.80892944 -4.99419355 40.35194397
v 26.83132362 -5.00973415 40.35016251
v 26.99246979 -5.07900810 40.36036301
v 26.99246979 -5.03307104 40.33149338
v 54.67727661 -4.98198700 48.87368393
v 54.59217072 -5.11763525 48.87859726
v 54.64681625 -5.00730228 49.04801559
v 54.65903091 -5.03307104 48.87474060
v 54.63020706 -5.07900810 48.87640381
v 54.64550400 -4.98724604 49.07585526
v 54.64368057 -4.96434879 49.10129547
v 54.64113998 -4.93606663 49.12644196
v 45.60838699 -5.11763525 40.39846420
v 45.60838699 -5.07900810 40.36036301
v 45.60838699 -5.03307104 40.33149338
v 45.60838699 -4.98198700 40.31321716
v 46.97767639 -4.98198700 40.41700745
v 46.97492218 -5.03307104 40.43508148
v 46.97056961 -5.07900810 40.46361923
v 46.96482849 -5.11763525 40.50128555
v 48.31567383 -4.98198700 40.72602081
v 48.31022644 -5.03307104 40.74346924
v 48.30162430 -5.07900810 40.77102661
v 48.29026794 -5.11763525 40.80739594
v 49.59180832 -4.98198700 41.23318481
v 49.58378983 -5.03307104 41.24961090
v 49.57113266 -5.07900810 41.27555847
v 49.55442429 -5.11763525 41.30979919
v 50.77690887 -4.98198700 41.92691422
v 50.76651001 -5.03307104 41.94194412
v 50.75008392 -5.07900810 41.96568680
v 50.72840500 -5.11763525 41.99702072
v 51.84389877 -4.98198700 42.79135513
v 51.83135223 -5.03307104 42.80464554
v 51.81153488 -5.07900810 42.82564163
v 51.78538132 -5.11763525 42.85334778
v 52.76839447 -4.98198700 43.80675507
v 52.75398636 -5.03307104 43.81800079
v 52.73123169 -5.07900810 43.83576965
v 52.70120239 -5.11763525 43.85921860
v 53.52927017 -4.98198700 44.94990540
v 53.51333237 -5.03307104 44.95885468
v 53.48815918 -5.07900810 44.97298813
v 53.45493698 -5.11763525 44.99164200
v 54.10913467 -4.98198700 46.19468689
v 54.09202957 -5.03307104 46.20112991
v 54.06501389 -5.07900810 46.21130753
v 54.02936172 -5.11763525 46.22474289
v 54.49474335 -4.98198700 47.51265335
v 54.47686005 -5.03307104 47.51644516
v 54.44861984 -5.07900810 47.52243423
v 54.41135025 -5.11763525 47.53033829
v 15.32368946 -4.15841913 39.77151871
v 15.34263897 -4.20521593 39.79438400
v 15.51156235 -4.32419157 39.85354233
v 15.69647980 -4.36959982 39.48246002
v 15.45918751 -4.30805492 39.84526825
v 15.69647980 -4.39811850 39.75062561
v 15.69647980 -4.41759920 39.69722366
v 15.43096447 -4.33283424 39.71074295
v 15.37259769 -4.24706841 39.81494522
v 15.41209412 -4.28191900 39.83218765
v 15.48367310 -4.37007618 39.67346573
v 15.57309437 -4.38372755 39.54368210
v 15.69647980 -4.39987612 39.53057098
v 15.69647980 -4.41850090 39.58427429
v 15.54809284 -4.39908028 39.64941406
v 15.69647980 -4.42451239 39.64080048
v 18.62837410 -4.36959982 39.48246002
v 18.62837410 -4.39987612 39.53057098
v 18.62837410 -4.41850090 39.58427429
v 18.62837410 -4.42451239 39.64080048
v 18.62837410 -4.41759920 39.69722366
v 18.62837410 -4.39811850 39.75062561
v 15.32489109 -4.22617674 40.29824829
v 15.34377003 -4.26571608 40.26416397
v 15.51279449 -4.36574173 40.17612457
v 15.46035004 -4.35230589 40.18839645
v 15.39053535 -4.23174477 40.02968216
v 15.37370110 -4.30102873 40.23352432
v 15.41321087 -4.33037472 40.20784760
v 18.78099632 -4.36322927 39.52912903
v 18.78842735 -4.39393377 39.63458252
v 18.84735870 -4.36644459 39.67792511
v 18.89685631 -4.33013296 39.71438980
v 15.51306534 -4.38267756 40.19615936
v 15.46062374 -4.36910963 40.20827484
v 15.41348743 -4.34697199 40.22748947
v 15.37397861 -4.31735611 40.25284576
v 15.34404564 -4.28172207 40.28310013
v 15.32516384 -4.24182606 40.31675720
v 15.39246368 -4.32205868 40.22645950
v 15.39255524 -4.32754850 40.23295593
v 18.99996185 -4.22617674 40.29824829
v 18.98108292 -4.26571608 40.26416397
v 18.81205750 -4.36574173 40.17612457
v 18.86450195 -4.35230589 40.18839645
v 18.93416023 -4.23901892 40.06843567
v 18.93351555 -4.26878500 40.14870071
v 18.91164207 -4.33037472 40.20784760
v 18.95115089 -4.30102873 40.23352432
v 15.33161068 -4.60521841 40.48993683
v 15.35010624 -4.60581779 40.43711472
v 15.51967907 -4.60521841 40.30186844
v 15.46685600 -4.60581779 40.32036209
v 15.39634991 -4.50389194 40.35250473
v 15.37988949 -4.60612488 40.38972473
v 15.41946697 -4.60612488 40.35014725
v 15.39432812 -4.41060972 40.30836487
v 18.81178665 -4.38267756 40.19615936
v 18.86422920 -4.36910963 40.20827484
v 18.91136551 -4.34697199 40.22748947
v 18.98080826 -4.28172207 40.28310013
v 18.95087433 -4.31735611 40.25284576
v 18.99968910 -4.24182606 40.31675720
v 18.93229675 -4.32754850 40.23295593
v 18.93239021 -4.32205868 40.22645950
v 15.52274227 -4.78067875 40.30493164
v 15.46991825 -4.78127813 40.32342529
v 15.42253017 -4.78158569 40.35321045
v 15.38295269 -4.78158569 40.39278793
v 15.35316849 -4.78127813 40.44017410
v 15.33467293 -4.78067875 40.49300003
v 18.99324226 -4.60521841 40.48993683
v 18.97474670 -4.60581779 40.43711472
v 18.80517387 -4.60521841 40.30186844
v 18.85799789 -4.60581779 40.32036209
v 18.93052483 -4.41060972 40.30836487
v 18.92850304 -4.50389194 40.35250473
v 18.90538597 -4.60612488 40.35014725
v 18.94496346 -4.60612488 40.38972473
v 15.70889187 -4.97926331 40.30799484
v 15.70889187 -5.11474562 40.39294052
v 15.46015358 -4.92419195 40.35449219
v 15.48119068 -4.95038176 40.35140228
v 15.49991322 -4.96967268 40.34914398
v 15.52535915 -4.99133158 40.34663773
v 15.54775143 -5.00687313 40.34484863
v 15.70889187 -5.07613707 40.35496902
v 15.70889187 -5.03025866 40.32620621
v 18.80211067 -4.78067875 40.30493164
v 18.85493469 -4.78127813 40.32342529
v 18.90232277 -4.78158569 40.35321045
v 18.94190025 -4.78158569 40.39278793
v 18.97168350 -4.78127813 40.44017410
v 18.99017906 -4.78067875 40.49300003
v 18.61596107 -5.11474562 40.39294052
v 18.61596107 -5.07613707 40.35496902
v 18.61596107 -5.03025866 40.32620621
v 18.61596107 -4.97926331 40.30799484
v 18.78366089 -5.00259209 40.34539032
v 18.81049347 -4.98253822 40.34765625
v 18.83480644 -4.95987749 40.35028458
v 18.85872650 -4.93207550 40.35356903
v 15.71290588 -5.41252756 41.25908279
v 18.61194611 -5.41252756 41.25908279
v 15.71290588 -5.40427685 41.31532288
v 18.61194611 -5.40427685 41.31532288
v 15.71290588 -5.38353395 41.36824799
v 18.61194611 -5.38353395 41.36824799
v 15.71290588 -5.35137224 41.41511917
v 18.61194611 -5.35137224 41.41511917
v 15.71290588 -5.30945301 41.45351410
v 18.61194611 -5.30945301 41.45351410
v 15.71290588 -5.25994492 41.48144531
v 18.61194611 -5.25994492 41.48144531
v 18.98525238 -5.06600714 41.33877945
v 18.96655846 -5.08666992 41.38705063
v 18.79726791 -5.13769674 41.51119995
v 18.84989738 -5.13116026 41.49405289
v 18.76411629 -5.37769794 41.28954697
v 18.77173615 -5.33272886 41.38992691
v 18.83079529 -5.28395987 41.40478897
v 18.88049316 -5.23298120 41.40858078
v 18.89715576 -5.12007666 41.46666718
v 18.93669891 -5.10499668 41.43039703
v 15.33960056 -5.06600714 41.33877945
v 15.35829353 -5.08666992 41.38705063
v 15.52758408 -5.13769674 41.51119995
v 15.47495651 -5.13116026 41.49405289
v 15.44733810 -5.23736334 41.40758896
v 15.38815403 -5.10499668 41.43039703
v 15.42769623 -5.12007666 41.46666718
v 15.50023460 -5.28956699 41.40378952
v 15.58988094 -5.38378716 41.31415939
v 15.56474686 -5.32696104 41.40464783
v 18.99042702 -4.77427006 41.78319550
v 18.97142792 -4.82627010 41.78319550
v 18.85490036 -4.94078016 41.78319550
v 18.80257797 -4.95886993 41.78319550
v 18.92148590 -4.95323658 41.58334732
v 18.90196037 -4.91161823 41.78319550
v 18.94144821 -4.87281370 41.78319550
v 15.33442593 -4.77427006 41.78319550
v 15.35342598 -4.82627010 41.78319550
v 15.52227592 -4.95886993 41.78319550
v 15.46995163 -4.94078016 41.78319550
v 15.40336704 -4.95323658 41.58334732
v 15.38340473 -4.87281370 41.78319550
v 15.42289162 -4.91161823 41.78319550
v 18.99042702 -4.77427006 41.80319595
v 18.97142792 -4.82627010 41.80319595
v 18.94144821 -4.87281370 41.80319595
v 18.90196037 -4.91161823 41.80319595
v 18.85490036 -4.94078016 41.80319595
v 18.80257797 -4.95886993 41.80319595
v 15.33442593 -4.77427006 41.80319595
v 15.35342598 -4.82627010 41.80319595
v 15.38340473 -4.87281370 41.80319595
v 15.42289162 -4.91161823 41.80319595
v 15.46995163 -4.94078016 41.80319595
v 15.52227592 -4.95886993 41.80319595
v 18.98523712 -5.06684160 42.24797440
v 18.96654510 -5.08741426 42.19966507
v 18.84988213 -5.13170385 42.09257507
v 18.79725266 -5.13820791 42.07541656
v 18.92148209 -4.95342445 42.00333405
v 18.89714241 -5.12067175 42.11998367
v 18.93668556 -5.10565948 42.15628052
v 15.33961582 -5.06684160 42.24797440
v 15.35830784 -5.08741426 42.19966507
v 15.52759933 -5.13820791 42.07541656
v 15.47497082 -5.13170385 42.09257507
v 15.40337086 -4.95342445 42.00333405
v 15.38816738 -5.10565948 42.15628052
v 15.42770958 -5.12067175 42.11998367
v 18.61193085 -5.41350985 42.32701492
v 18.61193085 -5.26050997 42.10494232
v 18.61193085 -5.31007051 42.13277817
v 18.87749863 -5.23806906 42.17884064
v 18.82460213 -5.29027939 42.18254089
v 18.73495483 -5.38466644 42.27199554
v 18.61193085 -5.40515327 42.27078629
v 18.61193085 -5.38431120 42.21790314
v 18.76008987 -5.32767105 42.18161011
v 18.61193085 -5.35206127 42.17109299
v 15.71292210 -5.41350985 42.32701492
v 15.71292210 -5.26050997 42.10494232
v 15.71292210 -5.31007051 42.13277817
v 15.56075382 -5.37862349 42.29661560
v 15.71292210 -5.40515327 42.27078629
v 15.71292210 -5.38431120 42.21790314
v 15.55313206 -5.33346653 42.19631958
v 15.71292210 -5.35206127 42.17109299
v 15.49407387 -5.28467035 42.18155289
v 15.44437504 -5.23368502 42.17785645
v 19.00107574 -4.16339636 43.81595993
v 18.98212814 -4.21013689 43.79297638
v 18.81320381 -4.32896471 43.73351669
v 18.62828445 -4.37528992 44.10448074
v 18.86557770 -4.31284952 43.74182892
v 18.62828445 -4.40314436 43.83624649
v 18.62828445 -4.42275715 43.88959885
v 18.89379883 -4.33796120 43.87629318
v 18.95216942 -4.25193834 43.77230835
v 18.91267204 -4.28674603 43.75497818
v 18.84108925 -4.37529469 43.91347504
v 18.75166702 -4.38926601 44.04322433
v 18.62828445 -4.40544653 44.05629730
v 18.62828445 -4.42393875 44.00254440
v 18.77667046 -4.40435743 43.93745804
v 18.62828445 -4.42981005 43.94600296
v 15.69656754 -4.37528992 44.10448074
v 15.69656754 -4.40544653 44.05629730
v 15.69656754 -4.42393875 44.00254440
v 15.69656754 -4.42981005 43.94600296
v 15.69656754 -4.42275715 43.88959885
v 15.69656754 -4.40314436 43.83624649
v 18.93421364 -4.23742485 43.65821457
v 18.93394279 -4.24989128 43.71192932
v 15.32377625 -4.16339636 43.81595993
v 15.34272480 -4.21013689 43.79297638
v 15.51164913 -4.32896471 43.73351669
v 15.45927429 -4.31284952 43.74182892
v 15.54394722 -4.36880302 44.05783081
v 15.53651524 -4.39924765 43.95229721
v 15.47758389 -4.37165165 43.90902710
v 15.42808628 -4.33525085 43.87265396
v 15.41218090 -4.28674603 43.75497818
v 15.37268448 -4.25193834 43.77230835
v 18.81172562 -4.38657045 43.39078903
v 18.86416626 -4.37297201 43.37870407
v 18.91130257 -4.35078716 43.35955048
v 18.95081139 -4.32110929 43.33426666
v 18.98074341 -4.28540134 43.30410385
v 18.99962616 -4.24542332 43.27054214
v 18.93232536 -4.32589531 43.36061859
v 18.93223381 -4.33135986 43.35411835
v 15.32495499 -4.22984648 43.28905869
v 15.34383392 -4.26946974 43.32304382
v 15.46041393 -4.35624647 43.39859390
v 15.51285839 -4.36971331 43.41082764
v 15.39061069 -4.23607969 43.55760574
v 15.41327572 -4.33426666 43.37919617
v 15.37376595 -4.30485773 43.35359192
v 18.99316597 -4.60958004 43.09645081
v 18.97467041 -4.61017942 43.14927292
v 18.80509758 -4.60958004 43.28451920
v 18.85792160 -4.61017942 43.26602173
v 18.92843246 -4.50796795 43.23397446
v 18.94488716 -4.61048651 43.19666290
v 18.90530968 -4.61048651 43.23624039
v 18.93045998 -4.41447639 43.27835464
v 15.51312733 -4.38657045 43.39078903
v 15.46068764 -4.37297201 43.37870407
v 15.41355038 -4.35078716 43.35955048
v 15.34410858 -4.28540134 43.30410385
v 15.37404251 -4.32110929 43.33426666
v 15.32522583 -4.24542332 43.27054214
v 15.39262009 -4.33135986 43.35411835
v 15.39252758 -4.32589531 43.36061859
v 18.80206108 -4.78347588 43.28148270
v 18.85488510 -4.78407526 43.26298904
v 18.90227318 -4.78438234 43.23320389
v 18.94185257 -4.78438234 43.19362640
v 18.97163582 -4.78407526 43.14623642
v 18.99013138 -4.78347588 43.09341431
v 15.33168602 -4.60958004 43.09645081
v 15.35018253 -4.61017942 43.14927292
v 15.51975536 -4.60958004 43.28451920
v 15.46693230 -4.61017942 43.26602173
v 15.39439297 -4.41447639 43.27835464
v 15.39641953 -4.50796795 43.23397446
v 15.41954327 -4.61048651 43.23624039
v 15.37996578 -4.61048651 43.19666290
v 18.61591721 -4.98198700 43.27839661
v 18.61591721 -5.11763525 43.19314575
v 18.86467552 -4.92704582 43.23184967
v 18.84363747 -4.95323801 43.23492432
v 18.82490730 -4.97253561 43.23717499
v 18.79945755 -4.99419355 43.23966980
v 18.77706337 -5.00973415 43.24145126
v 18.61591721 -5.07900810 43.23124695
v 18.61591721 -5.03307104 43.26011658
v 15.52279091 -4.78347588 43.28148270
v 15.46996689 -4.78407526 43.26298904
v 15.42257881 -4.78438234 43.23320389
v 15.38300133 -4.78438234 43.19362640
v 15.35321808 -4.78407526 43.14623642
v 15.33472157 -4.78347588 43.09341431
v 15.70893574 -4.98198700 43.27839661
v 15.70893574 -5.03307104 43.26011658
v 15.70893574 -5.07900810 43.23124695
v 15.70893574 -5.11763525 43.19314575
v 15.54122925 -5.00545073 43.24090958
v 15.51439285 -4.98539925 43.23865891
v 15.49007511 -4.96273756 43.23603821
v 15.46614933 -4.93492794 43.23276901
v 20.66398811 -4.39811850 50.42039108
v 20.75901222 -4.39811850 49.39720535
v 20.61149979 -4.41759920 50.41055679
v 20.70561028 -4.41759920 49.39720535
v 20.55604362 -4.42451239 50.40016556
v 20.64918900 -4.42451239 49.39720535
v 20.50048447 -4.41850090 50.38975525
v 20.59266281 -4.41850090 49.39720535
v 20.44769669 -4.39987612 50.37986755
v 20.53895760 -4.39987612 49.39720535
v 20.40040970 -4.36959982 50.37100601
v 20.49084663 -4.36959982 49.39720535
v 20.38216972 -4.39811850 51.40858078
v 20.33238983 -4.41759920 51.38924789
v 20.27979279 -4.42451239 51.36882401
v 20.22710228 -4.41850090 51.34836197
v 20.17703819 -4.39987612 51.32891846
v 20.13219070 -4.36959982 51.31150436
v 19.92319107 -4.39811850 52.32797241
v 19.87782288 -4.41759920 52.29980469
v 19.82988930 -4.42451239 52.27004242
v 19.78186607 -4.41850090 52.24022675
v 19.73623848 -4.39987612 52.21189880
v 19.69536591 -4.36959982 52.18651962
v 19.30275726 -4.39811850 53.14711761
v 19.26335144 -4.41759920 53.11107635
v 19.22171593 -4.42451239 53.07299805
v 19.18000603 -4.41850090 53.03484726
v 19.14037704 -4.39987612 52.99860382
v 19.10487556 -4.36959982 52.96613312
v 18.54208565 -4.39811850 53.83800125
v 18.50999069 -4.41759920 53.79531860
v 18.47607994 -4.42451239 53.75022507
v 18.44210815 -4.41850090 53.70504761
v 18.40983200 -4.39987612 53.66212463
v 18.38091660 -4.36959982 53.62366867
v 17.66719437 -4.39811850 54.37699127
v 17.64350891 -4.41759920 54.32912827
v 17.61848259 -4.42451239 54.27856064
v 17.59341240 -4.41850090 54.22789764
v 17.56959152 -4.39987612 54.17976379
v 17.54825211 -4.36959982 54.13664627
v 16.70801163 -4.39811850 54.74564743
v 15.69734287 -4.39811850 54.93136597
v 16.69354439 -4.41759920 54.69424438
v 15.69258976 -4.41759920 54.87817764
v 16.67825890 -4.42451239 54.63993073
v 15.68756771 -4.42451239 54.82197952
v 16.66294670 -4.41850090 54.58552170
v 15.68253708 -4.41850090 54.76567841
v 16.64839745 -4.39987612 54.53382111
v 15.67775631 -4.39987612 54.71218491
v 16.63536263 -4.36959982 54.48751068
v 15.67347431 -4.36959982 54.66426468
v 20.49084663 -4.36959982 34.68809128
v 20.53895760 -4.39987612 34.68809128
v 20.59266281 -4.41850090 34.68809128
v 20.64918900 -4.42451239 34.68809128
v 20.70561028 -4.41759920 34.68809128
v 20.75901222 -4.39811850 34.68809128
v 15.32399750 -4.16256380 54.95629501
v 15.34363651 -4.20981121 54.98020554
v 15.51780891 -4.32743025 55.04081726
v 15.46402645 -4.31222105 55.03270721
v 15.43055630 -4.33545017 54.90178299
v 15.37466049 -4.25187206 55.00160599
v 15.41548538 -4.28659916 55.01940918
v 15.46623802 -4.36270189 54.84254837
v 15.48073864 -4.37151861 54.86459732
v 15.49672318 -4.37762403 54.88651657
v 20.77990532 -4.15841913 34.31530380
v 20.80277061 -4.20521593 34.33425140
v 20.86193085 -4.32419157 34.50317383
v 20.85365677 -4.30805492 34.45080185
v 20.53751564 -4.36322927 34.53546906
v 20.64297104 -4.39393377 34.52803802
v 20.68631363 -4.36644459 34.46910477
v 20.72277641 -4.33013296 34.41960907
v 20.84057617 -4.28191900 34.40370560
v 20.82333183 -4.24706841 34.36421204
v 15.32457256 -4.22517300 55.49106598
v 15.34256172 -4.26386690 55.45774841
v 15.50474739 -4.36437798 55.36947632
v 15.45416164 -4.35009003 55.38243484
v 15.38947964 -4.23633099 55.25398636
v 15.37112141 -4.29862785 55.42763138
v 15.40891171 -4.32782507 55.40212631
v 15.38986778 -4.23076105 55.21860123
v 15.44304752 -4.27380753 55.23456192
v 21.30663490 -4.22617674 34.31650543
v 21.27255058 -4.26571608 34.33538055
v 21.19678307 -4.35230589 34.45196152
v 21.18451309 -4.36574173 34.50440598
v 21.03807068 -4.23174477 34.38214874
v 21.21623611 -4.33037472 34.40482330
v 21.24191284 -4.30102873 34.36531448
v 15.50513554 -4.38132143 55.38948822
v 15.45452499 -4.36690617 55.40227890
v 15.40925026 -4.34443712 55.42172241
v 15.34285545 -4.27988338 55.47665787
v 15.37143612 -4.31496859 55.44691086
v 15.32484913 -4.24082804 55.50957108
v 15.38907337 -4.31953192 55.42068481
v 21.20454597 -4.38267756 34.50467682
v 21.21666336 -4.36910963 34.45223618
v 21.23587608 -4.34697199 34.40509796
v 21.29148674 -4.28172207 34.33565903
v 21.26123238 -4.31735611 34.36558914
v 21.32514381 -4.24182606 34.31677628
v 21.24134254 -4.32754850 34.38416672
v 21.23484612 -4.32205868 34.38407516
v 15.33115101 -4.60513783 55.68384171
v 15.34831715 -4.60567856 55.63276291
v 15.50749588 -4.60513783 55.49683380
v 15.45751190 -4.60567856 55.51696396
v 15.39147377 -4.50257206 55.54931259
v 15.37602997 -4.60595560 55.58654785
v 15.41300106 -4.60595560 55.54734039
v 21.49832535 -4.60521841 34.32322311
v 21.44550133 -4.60581779 34.34172058
v 21.31025505 -4.60521841 34.51129150
v 21.32875061 -4.60581779 34.45846939
v 21.31675148 -4.41060972 34.38594055
v 21.36089134 -4.50389194 34.38796234
v 21.35853386 -4.60612488 34.41107941
v 21.39811325 -4.60612488 34.37150192
v 15.51054764 -4.78548002 55.49982834
v 15.46058655 -4.78602028 55.51997375
v 15.35145092 -4.78602028 55.63576126
v 15.33429527 -4.78548002 55.68682480
v 15.39449215 -4.66610432 55.56694794
v 15.37914753 -4.78629732 55.58955383
v 15.41609764 -4.78629732 55.55035019
v 21.31331825 -4.78067875 34.51435471
v 21.33181381 -4.78127813 34.46153259
v 21.36159706 -4.78158569 34.41414261
v 21.40117455 -4.78158569 34.37456512
v 21.44856262 -4.78127813 34.34477997
v 21.50138664 -4.78067875 34.32628632
v 15.68508148 -4.97926331 55.49173737
v 15.69178200 -5.11474562 55.57641602
v 15.45480728 -4.92900372 55.54933167
v 15.47495079 -4.95405340 55.54553604
v 15.49291515 -4.97258520 55.54258728
v 15.51469517 -4.99133348 55.53943253
v 15.53613853 -5.00657988 55.53666687
v 15.68878746 -5.07613707 55.53856659
v 15.68651772 -5.03025866 55.50989151
v 21.31638336 -4.97926331 34.70050430
v 21.40132713 -5.11474562 34.70050430
v 21.35377884 -5.00259209 34.53280640
v 21.33459473 -5.03025866 34.70050430
v 21.36335754 -5.07613707 34.70050430
v 21.35604286 -4.98253822 34.50597382
v 21.35867119 -4.95987749 34.48165894
v 21.36195564 -4.93207550 34.45774078
v 21.40132713 -5.11474562 49.39720535
v 16.68407249 -4.97926331 55.32862473
v 16.68848419 -5.03025866 55.34629440
v 16.69545364 -5.07613707 55.37420273
v 16.70465279 -5.11474562 55.41103745
v 17.64245605 -4.97926331 55.00291443
v 17.64972305 -5.03025866 55.01961136
v 17.66120338 -5.07613707 55.04598618
v 17.67635345 -5.11474562 55.08080292
v 18.53396225 -4.97926331 54.52353668
v 18.54388618 -5.03025866 54.53880310
v 18.55955887 -5.07613707 54.56292343
v 18.58024597 -5.11474562 54.59476089
v 19.33415222 -4.97926331 53.90362549
v 19.34645844 -5.03025866 53.91704941
v 19.36589622 -5.07613707 53.93825150
v 19.39155388 -5.11474562 53.96623993
v 20.02108765 -4.97926331 53.16018295
v 20.03544044 -5.03025866 53.17139053
v 20.05810928 -5.07613707 53.18909836
v 20.08803368 -5.11474562 53.21246719
v 20.57593918 -4.97926331 52.31358719
v 20.59194374 -5.03025866 52.32227325
v 20.61722374 -5.07613707 52.33599472
v 20.65059471 -5.11474562 52.35410690
v 20.98349571 -4.97926331 51.38703918
v 21.00071526 -5.03025866 51.39296722
v 21.02791405 -5.07613707 51.40232849
v 21.06381416 -5.11474562 51.41468811
v 21.23258781 -4.97926331 50.40594864
v 21.31638336 -4.97926331 49.39720535
v 21.25054741 -5.03025866 50.40895462
v 21.33459473 -5.03025866 49.39720535
v 21.36335754 -5.07613707 49.39720535
v 21.27891922 -5.07613707 50.41370010
v 21.31636620 -5.11474562 50.41996384
v 22.26746941 -5.41252756 49.39720535
v 15.71165276 -5.41252756 56.44352722
v 22.38903046 -5.25994492 50.60506058
v 22.48983192 -5.25994492 49.39720535
v 22.36148643 -5.30945301 50.60042953
v 22.46190071 -5.30945301 49.39720535
v 22.32362366 -5.35137224 50.59406662
v 22.42350769 -5.35137224 49.39720535
v 22.27740097 -5.38353395 50.58629990
v 22.37663651 -5.38353395 49.39720535
v 22.22520828 -5.40427685 50.57752609
v 22.32371140 -5.40427685 49.39720535
v 22.16974449 -5.41252756 50.56820297
v 22.08941650 -5.25994492 51.77950287
v 22.06302071 -5.30945301 51.77037048
v 22.02673531 -5.35137224 51.75782013
v 21.98244095 -5.38353395 51.74249649
v 21.93242455 -5.40427685 51.72519302
v 21.87927246 -5.41252756 51.70680618
v 21.59927750 -5.25994492 52.88803482
v 21.57476044 -5.30945301 52.87465286
v 21.54105949 -5.35137224 52.85626221
v 21.49991608 -5.38353395 52.83380890
v 21.45346069 -5.40427685 52.80845642
v 21.40409088 -5.41252756 52.78151321
v 20.93217659 -5.25994492 53.89999008
v 20.91021538 -5.30945301 53.88273239
v 20.88002777 -5.35137224 53.85900879
v 20.84317589 -5.38353395 53.83004379
v 20.80156517 -5.40427685 53.79734421
v 20.75734520 -5.41252756 53.76258850
v 20.10656548 -5.25994492 54.78737259
v 20.08776855 -5.30945301 54.76671219
v 20.06193161 -5.35137224 54.73831177
v 20.03039169 -5.38353395 54.70364380
v 19.99477577 -5.40427685 54.66449738
v 19.95692825 -5.41252756 54.62289429
v 19.14528847 -5.25994492 55.52563095
v 19.13017654 -5.30945301 55.50214386
v 19.10940361 -5.35137224 55.46985245
v 19.08404541 -5.38353395 55.43043518
v 19.05541229 -5.40427685 55.38592529
v 19.02498436 -5.41252756 55.33862686
v 18.07493782 -5.25994492 56.09434509
v 18.06392860 -5.30945301 56.06867218
v 18.04879761 -5.35137224 56.03338623
v 18.03032303 -5.38353395 55.99031067
v 18.00946236 -5.40427685 55.94167328
v 17.98729515 -5.41252756 55.88998032
v 16.92512894 -5.25994492 56.47777176
v 15.72766876 -5.25994492 56.66530991
v 15.72565651 -5.30945301 56.63745117
v 16.91852570 -5.30945301 56.45063400
v 16.90945244 -5.35137224 56.41332626
v 15.72289181 -5.35137224 56.59915924
v 16.89837456 -5.38353395 56.36778259
v 15.71951580 -5.38353395 56.55241013
v 15.71570301 -5.40427685 56.49962234
v 16.88586426 -5.40427685 56.31636047
v 16.87257195 -5.41252756 56.26171112
v 22.26746941 -5.41252756 34.70451736
v 22.32371140 -5.40427685 34.70451736
v 22.37663651 -5.38353395 34.70451736
v 22.42350769 -5.35137224 34.70451736
v 22.46190071 -5.30945301 34.70451736
v 22.48983192 -5.25994492 34.70451736
v 15.34003258 -5.06804800 56.53236008
v 15.35988045 -5.08918810 56.58199310
v 15.53794384 -5.13947630 56.70533752
v 15.48297405 -5.13361406 56.68957901
v 15.45260334 -5.24069738 56.60239029
v 15.39152527 -5.10778713 56.62623215
v 15.43329239 -5.12286139 56.66273880
v 15.50703812 -5.29274464 56.59703445
v 15.56538868 -5.33790684 56.58042908
v 22.34716797 -5.06600714 34.33121490
v 22.39543915 -5.08666992 34.34990692
v 22.51958656 -5.13769674 34.51919556
v 22.50244141 -5.13116026 34.46656799
v 22.29793549 -5.37769794 34.55234909
v 22.39831543 -5.33272886 34.54472733
v 22.41317558 -5.28395987 34.48567200
v 22.41696930 -5.23298120 34.43597412
v 22.47505379 -5.12007666 34.41930771
v 22.43878555 -5.10499668 34.37976456
v 15.33525181 -4.77690029 56.97674561
v 15.35614681 -4.83112192 56.97674942
v 15.52910519 -4.96017790 56.97675323
v 15.48039436 -4.95856142 56.88714218
v 15.43180752 -4.91818810 56.97675323
v 15.38879108 -4.87916565 56.97674942
v 15.48272419 -4.94616795 56.97675323
v 15.40591145 -4.95554972 56.77741241
v 15.48377705 -5.05708027 56.73813629
v 22.79158401 -4.77427006 34.32603836
v 22.79158401 -4.82627010 34.34503937
v 22.79158401 -4.94078016 34.46156311
v 22.79158401 -4.95886993 34.51388931
v 22.59173393 -4.95323658 34.39498138
v 22.79158401 -4.91161823 34.41450500
v 22.79158401 -4.87281370 34.37501526
v 15.33442593 -4.77427006 56.99676895
v 15.35342598 -4.82627010 56.99676895
v 15.38340473 -4.87281370 56.99676895
v 15.42289162 -4.91161823 56.99676895
v 15.46995163 -4.94078016 56.99676895
v 15.52227592 -4.95886993 56.99676895
v 22.81158447 -4.77427006 34.32603836
v 22.81158447 -4.82627010 34.34503937
v 22.81158447 -4.87281370 34.37501526
v 22.81158447 -4.91161823 34.41450500
v 22.81158447 -4.94078016 34.46156311
v 22.81158447 -4.95886993 34.51388931
v 15.33924866 -5.06509161 57.44272232
v 15.35695839 -5.08527994 57.39563370
v 15.51862907 -5.13669395 57.27104187
v 15.46807480 -5.12963390 57.28928757
v 15.40106106 -4.95129108 57.19812775
v 15.38529301 -5.10330820 57.35308075
v 15.42292213 -5.11832809 57.31707001
v 23.25636101 -5.06684160 34.33122635
v 23.20805168 -5.08741426 34.34991837
v 23.10096169 -5.13170385 34.46658325
v 23.08380318 -5.13820791 34.51921082
v 23.01172256 -4.95342445 34.39498520
v 23.12837029 -5.12067175 34.41932297
v 23.16466904 -5.10565948 34.37977982
v 15.71397209 -5.41350985 57.51372910
v 15.70001316 -5.26050997 57.29209518
v 15.70176315 -5.31007051 57.31987762
v 15.56005859 -5.37791443 57.48767471
v 15.71043777 -5.40515327 57.45761490
v 15.70711327 -5.38431120 57.40483475
v 15.54726028 -5.33146715 57.38927078
v 15.70417118 -5.35206127 57.35811615
v 15.48854160 -5.28200817 57.37649918
v 23.33540154 -5.41350985 34.70453644
v 23.11332893 -5.26050997 34.70453644
v 23.14116669 -5.31007051 34.70453644
v 23.18722725 -5.23806906 34.43896484
v 23.19092941 -5.29027939 34.49186325
v 23.28038216 -5.38466644 34.58151245
v 23.27917480 -5.40515327 34.70453644
v 23.22628975 -5.38431120 34.70453644
v 23.18999863 -5.32767105 34.55637741
v 23.17948151 -5.35206127 34.70453644
v 23.11332893 -5.26050997 49.39720535
v 16.88033485 -5.26050997 57.12781525
v 16.88623810 -5.31007051 57.15502167
v 16.89436340 -5.35206127 57.19246292
v 16.90429115 -5.38431120 57.23820877
v 16.91550636 -5.40515327 57.28989029
v 16.92742920 -5.41350985 57.34484100
v 18.02258682 -5.26050997 56.78809738
v 18.03250885 -5.31007051 56.81410599
v 18.04616737 -5.35206127 56.84990311
v 18.06285286 -5.38431120 56.89363861
v 18.08170509 -5.40515327 56.94305038
v 18.10174751 -5.41350985 56.99558258
v 19.10084343 -5.26050997 56.28064346
v 19.11456108 -5.31007051 56.30486679
v 19.13344193 -5.35206127 56.33820724
v 19.15650749 -5.38431120 56.37894058
v 19.18256760 -5.40515327 56.42495728
v 19.21027374 -5.41350985 56.47388458
v 20.09063530 -5.26050997 55.61697388
v 20.10783768 -5.31007051 55.63886261
v 20.13151169 -5.35206127 55.66898727
v 20.16043472 -5.38431120 55.70579147
v 20.19311142 -5.40515327 55.74737167
v 20.22785378 -5.41350985 55.79158020
v 20.96950150 -5.26050997 54.81214905
v 20.98979568 -5.31007051 54.83120346
v 21.01772499 -5.35206127 54.85743332
v 21.05184937 -5.38431120 54.88947296
v 21.09040260 -5.40515327 54.92567444
v 21.13139153 -5.41350985 54.96416473
v 21.71749306 -5.26050997 53.88443375
v 21.74041939 -5.31007051 53.90022659
v 21.77197266 -5.35206127 53.92195892
v 21.81052399 -5.38431120 53.94851303
v 21.85407639 -5.40515327 53.97851181
v 21.90038109 -5.41350985 54.01040649
v 22.31763649 -5.26050997 52.85488510
v 22.34267616 -5.31007051 52.86705017
v 22.37713623 -5.35206127 52.88380051
v 22.41923714 -5.38431120 52.90425873
v 22.46680260 -5.40515327 52.92737579
v 22.51737404 -5.41350985 52.95195007
v 22.75631332 -5.26050997 51.74686432
v 22.78289413 -5.31007051 51.75513077
v 22.81948090 -5.35206127 51.76651001
v 22.86417770 -5.38431120 51.78041458
v 22.91467476 -5.40515327 51.79612350
v 22.96836472 -5.41350985 51.81282425
v 23.02356529 -5.26050997 50.58551788
v 23.05108833 -5.31007051 50.58969879
v 23.14116669 -5.31007051 49.39720535
v 23.08896637 -5.35206127 50.59545517
v 23.17948151 -5.35206127 49.39720535
v 23.13524628 -5.38431120 50.60248566
v 23.22628975 -5.38431120 49.39720535
v 23.27917480 -5.40515327 49.39720535
v 23.18753052 -5.40515327 50.61043167
v 23.24311829 -5.41350985 50.61887741
v 23.33540154 -5.41350985 49.39720535
v 24.28987122 -4.78347588 34.51440430
v 24.29290581 -4.60958004 34.51136780
v 24.27137566 -4.78407526 34.46157837
v 24.27441025 -4.61017942 34.45854568
v 24.24159241 -4.78438234 34.41419220
v 24.24462700 -4.61048651 34.41115570
v 24.20201492 -4.78438234 34.37461472
v 24.20504951 -4.61048651 34.37157822
v 24.15462494 -4.78407526 34.34482956
v 24.15766144 -4.61017942 34.34179688
v 24.10180283 -4.78347588 34.32633591
v 24.10483742 -4.60958004 34.32329941
v 24.28678513 -4.98198700 34.70054626
v 24.20153618 -5.11763525 34.70054626
v 24.24024010 -4.92704582 34.45178986
v 24.24331474 -4.95323801 34.47282791
v 24.24556160 -4.97253561 34.49155807
v 24.24805641 -4.99419355 34.51700592
v 24.24983788 -5.00973415 34.53940201
v 24.23963547 -5.07900810 34.70054626
v 24.26850510 -5.03307104 34.70054626
v 24.27893257 -4.24542332 34.31683731
v 24.31249046 -4.28540134 34.33572006
v 24.39917564 -4.38657045 34.50474167
v 24.38709259 -4.37297201 34.45230103
v 24.24236107 -4.50796795 34.38803101
v 24.28674126 -4.41447639 34.38600540
v 24.36793709 -4.35078716 34.40516281
v 24.34265518 -4.32110929 34.36565399
v 24.20153618 -5.11763525 49.39720535
v 24.23963547 -5.07900810 49.39720535
v 24.26850510 -5.03307104 49.39720535
v 24.28678513 -4.98198700 49.39720535
v 24.41921425 -4.36971331 34.50447083
v 24.40698051 -4.35624647 34.45202637
v 24.38758469 -4.33426666 34.40488815
v 24.33143234 -4.26946974 34.33544540
v 24.36198044 -4.30485773 34.36537933
v 24.29744720 -4.22984648 34.31656647
v 24.36900711 -4.32589531 34.38414001
v 24.36250877 -4.33135986 34.38423157
v 15.72631454 -4.98198700 58.46609497
v 15.72140121 -5.11763525 58.38098526
v 24.18299103 -4.98198700 50.76649475
v 24.16492081 -5.03307104 50.76373672
v 24.13638115 -5.07900810 50.75938416
v 24.09871483 -5.11763525 50.75364304
v 23.87397957 -4.98198700 52.10449219
v 23.85653114 -5.03307104 52.09904480
v 23.82897377 -5.07900810 52.09043884
v 23.79260445 -5.11763525 52.07908630
v 23.36681557 -4.98198700 53.38062286
v 23.35038757 -5.03307104 53.37260818
v 23.32444191 -5.07900810 53.35994720
v 23.29019928 -5.11763525 53.34323883
v 22.67308617 -4.98198700 54.56572342
v 22.65805435 -5.03307104 54.55532455
v 22.63431358 -5.07900810 54.53889847
v 22.60298157 -5.11763525 54.51721954
v 21.80864525 -4.98198700 55.63271332
v 21.79535294 -5.03307104 55.62016678
v 21.77435875 -5.07900810 55.60034943
v 21.74665260 -5.11763525 55.57419586
v 20.79324722 -4.98198700 56.55721283
v 20.78199768 -5.03307104 56.54280472
v 20.76423073 -5.07900810 56.52005005
v 20.74078178 -5.11763525 56.49001694
v 19.65009499 -4.98198700 57.31808472
v 19.64114571 -5.03307104 57.30214691
v 19.62701225 -5.07900810 57.27697372
v 19.60835838 -5.11763525 57.24375153
v 18.40531158 -4.98198700 57.89795303
v 18.39886856 -5.03307104 57.88084793
v 18.38869095 -5.07900810 57.85383224
v 18.37525749 -5.11763525 57.81817627
v 17.08734703 -4.98198700 58.28355789
v 15.72526073 -5.03307104 58.44784546
v 17.08355331 -5.03307104 58.26567841
v 15.72359657 -5.07900810 58.41902542
v 17.07756424 -5.07900810 58.23743439
v 17.06966019 -5.11763525 58.20016479
v 24.82434845 -4.16339636 34.31538773
v 24.80136490 -4.21013689 34.33433914
v 24.75021744 -4.31284952 34.45088577
v 24.74190331 -4.32896471 34.50326157
v 24.56599617 -4.23607969 34.38222504
v 24.76336479 -4.28674603 34.40379333
v 24.78069687 -4.25193834 34.36429596
v 15.53163815 -4.78002071 58.47822571
v 15.47678947 -4.78066540 58.46105194
v 15.35449123 -4.78066540 58.34384155
v 15.33500385 -4.78002071 58.28976822
v 15.55198479 -5.00730228 58.43563080
v 15.52414513 -4.98724604 58.43431854
v 15.49870491 -4.96434879 58.43249893
v 15.47355938 -4.93606663 58.42995453
v 15.38581085 -4.78099632 58.39203262
v 15.42730808 -4.78099632 58.43180466
v 25.11286926 -4.37528992 34.68817902
v 24.84463310 -4.40314436 34.68817902
v 24.89798546 -4.42275715 34.68817902
v 24.88468170 -4.33796120 34.42266464
v 24.92186546 -4.37529469 34.47537613
v 25.05161285 -4.38926601 34.56479645
v 25.06468391 -4.40544653 34.68817902
v 25.01093102 -4.42393875 34.68817902
v 24.94584465 -4.40435743 34.53979492
v 24.95439148 -4.42981005 34.68817902
v 15.52859020 -4.60964251 58.48131180
v 15.47375774 -4.61028671 58.46412659
v 15.35150528 -4.61028671 58.34692001
v 15.33202648 -4.60964251 58.29286194
v 15.40441132 -4.72424555 58.41413879
v 15.38281345 -4.61061764 58.39510727
v 15.42429447 -4.61061764 58.43487930
v 25.11286926 -4.37528992 49.39720535
v 25.06468391 -4.40544653 49.39720535
v 25.01093102 -4.42393875 49.39720535
v 24.95439148 -4.42981005 49.39720535
v 24.89798546 -4.42275715 49.39720535
v 24.84463310 -4.40314436 49.39720535
v 15.32544422 -4.24613667 58.46649551
v 15.34493351 -4.28671455 58.50051498
v 15.51854801 -4.38753319 58.58685303
v 15.46487522 -4.37454033 58.57527161
v 15.39744759 -4.41598845 58.47606277
v 15.37579918 -4.32281351 58.53097534
v 15.41647053 -4.35259438 58.55632401
v 17.01735306 -4.40314436 58.86675262
v 15.69603252 -4.40314436 59.02641678
v 17.02739525 -4.42275715 58.91915512
v 15.69876194 -4.42275715 59.07970047
v 17.03800964 -4.42981005 58.97455215
v 15.70164776 -4.42981005 59.13603210
v 17.04865074 -4.42393875 59.03008270
v 15.70453930 -4.42393875 59.19249725
v 17.05876732 -4.40544653 59.08287430
v 15.70728970 -4.40544653 59.24617767
v 17.06783485 -4.37528992 59.13019562
v 15.70975399 -4.37528992 59.29430008
v 18.30410004 -4.40314436 58.52665710
v 18.32126236 -4.42275715 58.57717514
v 18.33940506 -4.42981005 58.63058472
v 18.35758972 -4.42393875 58.68412018
v 18.37487984 -4.40544653 58.73501205
v 18.39037895 -4.37528992 58.78063965
v 19.53175354 -4.40314436 58.01260376
v 19.55570793 -4.42275715 58.06027985
v 19.58103180 -4.42981005 58.11067963
v 19.60641861 -4.42393875 58.16120148
v 19.63055038 -4.40544653 58.20922852
v 19.65218544 -4.37528992 58.25228500
v 20.67692184 -4.40314436 57.33439255
v 20.70721245 -4.42275715 57.37831116
v 20.73923683 -4.42981005 57.42474365
v 20.77133751 -4.42393875 57.47129059
v 20.80185509 -4.40544653 57.51553726
v 20.82921219 -4.37528992 57.55520630
v 21.71778488 -4.40314436 56.50494003
v 21.75383568 -4.42275715 56.54427338
v 21.79194832 -4.42981005 56.58585358
v 21.83015251 -4.42393875 56.62753296
v 21.86647224 -4.40544653 56.66715622
v 21.89903069 -4.37528992 56.70267868
v 22.63450813 -4.40314436 55.54005814
v 22.67563248 -4.42275715 55.57405090
v 22.71910667 -4.42981005 55.60998535
v 22.76268768 -4.42393875 55.64600754
v 22.80411720 -4.40544653 55.68025208
v 22.84125900 -4.37528992 55.71095276
v 23.40962601 -4.40314436 54.45812607
v 23.45503807 -4.42275715 54.48613358
v 23.50304985 -4.42981005 54.51573944
v 23.55117416 -4.42393875 54.54541779
v 23.59692574 -4.40544653 54.57363129
v 23.63793945 -4.37528992 54.59892273
v 24.02836800 -4.40314436 53.27976608
v 24.07720566 -4.42275715 53.30125046
v 24.12883568 -4.42981005 53.32396317
v 24.18058777 -4.42393875 53.34672928
v 24.22978973 -4.40544653 53.36837387
v 24.27389526 -4.37528992 53.38777924
v 24.47894669 -4.40314436 52.02742386
v 24.53027725 -4.42275715 52.04197693
v 24.58454132 -4.42981005 52.05736160
v 24.63893700 -4.42393875 52.07278824
v 24.69065094 -4.40544653 52.08745193
v 24.73700905 -4.37528992 52.10059357
v 24.75277328 -4.40314436 50.72496414
v 24.80561829 -4.42275715 50.73231125
v 24.86148643 -4.42981005 50.74007797
v 24.91748810 -4.42393875 50.74786377
v 24.97072792 -4.40544653 50.75526428
v 25.01845360 -4.37528992 50.76190186
v 15.51833248 -4.37067747 58.60693359
v 15.46464443 -4.35781670 58.59521484
v 15.41622448 -4.33607674 58.57603073
v 15.34466648 -4.27078485 58.51950455
v 15.37554073 -4.30656433 58.55035782
v 15.32517529 -4.23056078 58.48505020
v 15.39494419 -4.33315659 58.55091095
v 15.32360840 -4.16107893 59.00839233
v 15.34218121 -4.20758677 58.98603058
v 15.45662689 -4.31054831 58.93590927
v 15.50822067 -4.32716608 58.92754364
v 15.55178452 -4.36940145 59.25216293
v 15.53973007 -4.39872456 59.14705276
v 15.47875118 -4.37047720 59.10469437
v 15.41033077 -4.28416443 58.94889450
v 15.37156010 -4.24928427 58.96587372
v 15.39106369 -4.23670721 58.75191498
v 15.46578217 -4.31070185 58.67213821
v 25.11754036 3.46959996 45.97162628
v 24.84937477 3.49811864 45.97162628
v 24.90277672 3.51759911 45.97162628
v 25.07087135 3.46322918 45.81900406
v 25.06943130 3.49987602 45.97162628
v 25.01572418 3.51850104 45.97162628
v 24.96541595 3.49393392 45.81157303
v 24.95919991 3.52451229 45.97162628
v 24.92207336 3.46644449 45.75263977
v 24.88561058 3.43013287 45.70314407
v 24.84937477 3.49811864 49.39720535
v 24.90277672 3.51759911 49.39720535
v 24.95919991 3.52451229 49.39720535
v 25.01572418 3.51850104 49.39720535
v 25.06943130 3.49987602 49.39720535
v 25.11754036 3.46959996 49.39720535
v 24.30175209 3.32617664 45.60003662
v 24.33583832 3.36571598 45.61891556
v 24.42387390 3.46574163 45.78794098
v 24.41160583 3.45230579 45.73549652
v 24.53156471 3.33901882 45.66584015
v 24.45129776 3.36878514 45.66648483
v 24.39215279 3.43037462 45.68835831
v 24.36647415 3.40102887 45.64884949
v 17.06844521 3.46959996 59.13483810
v 15.70969296 3.46959996 59.29898071
v 17.05939293 3.49987602 59.08758545
v 15.70723343 3.49987602 59.25093460
v 17.04928780 3.51850104 59.03483963
v 15.70448780 3.51850104 59.19729996
v 17.03865051 3.52451229 58.97932434
v 15.70159817 3.52451229 59.14084625
v 17.02803421 3.51759911 58.92390823
v 15.69871330 3.51759911 59.08449936
v 17.01798630 3.49811864 58.87146378
v 15.69598293 3.49811864 59.03116608
v 18.39164925 3.46959996 58.78514099
v 18.37617493 3.49987602 58.73958588
v 18.35890198 3.51850104 58.68873596
v 18.34072113 3.52451229 58.63521194
v 18.32257462 3.51759911 58.58178711
v 18.30539894 3.49811864 58.53122330
v 19.65408707 3.46959996 58.25655746
v 19.63248825 3.49987602 58.21356964
v 19.60837555 3.51850104 58.16558075
v 19.58299828 3.52451229 58.11507034
v 19.55766869 3.51759911 58.06465530
v 19.53369331 3.49811864 58.01693726
v 20.83170700 3.46959996 57.55915833
v 20.80439377 3.49987602 57.51955414
v 20.77390289 3.51850104 57.47534180
v 20.74181175 3.52451229 57.42881012
v 20.70977974 3.51759911 57.38236237
v 20.67946053 3.49811864 57.33840179
v 21.90206718 3.46959996 56.70623398
v 21.86956024 3.49987602 56.67076874
v 21.83327103 3.51850104 56.63117599
v 21.79507828 3.52451229 56.58950806
v 21.75695419 3.51759911 56.54791260
v 21.72087097 3.49811864 56.50854492
v 22.84477234 3.46959996 55.71403503
v 22.80768967 3.49987602 55.68338394
v 22.76629639 3.51850104 55.64916611
v 22.72272682 3.52451229 55.61315155
v 22.67923927 3.51759911 55.57720566
v 22.63807869 3.49811864 55.54318237
v 23.64185905 3.46959996 54.60146713
v 23.60091019 3.49987602 54.57621384
v 23.55519676 3.51850104 54.54802322
v 23.50708580 3.52451229 54.51835251
v 23.45906067 3.51759911 54.48873901
v 23.41360664 3.49811864 54.46070862
v 24.27813911 3.46959996 53.38973236
v 24.23410225 3.49987602 53.37036133
v 24.18494415 3.51850104 53.34873199
v 24.13320351 3.52451229 53.32597351
v 24.08155823 3.51759911 53.30325317
v 24.03267670 3.49811864 53.28174591
v 24.74148941 3.46959996 52.10192108
v 24.69520378 3.49987602 52.08879852
v 24.64353371 3.51850104 52.07414627
v 24.58915329 3.52451229 52.05872726
v 24.53487015 3.51759911 52.04333496
v 24.48349380 3.49811864 52.02876663
v 25.02307892 3.46959996 50.76256943
v 24.97542572 3.49987602 50.75594711
v 24.92223167 3.51850104 50.74855042
v 24.86624527 3.52451229 50.74076462
v 24.81035995 3.51759911 50.73299408
v 24.75746727 3.49811864 50.72564316
v 24.40384293 3.48267746 45.78821182
v 24.39172363 3.46910954 45.73577118
v 24.37251282 3.44697189 45.68863297
v 24.31690025 3.38172197 45.61919022
v 24.34715462 3.41735601 45.64912415
v 24.28324318 3.34182620 45.60031128
v 24.36704636 3.42754865 45.66770172
v 24.37354088 3.42205858 45.66761017
v 15.32352257 3.25611091 59.01251984
v 15.34209824 3.30267644 58.99027252
v 15.50815392 3.42240047 58.93209457
v 15.45655632 3.40576363 58.94041824
v 15.42073727 3.42124057 59.06306839
v 15.37148094 3.34442544 58.97022247
v 15.41025543 3.37934828 58.95333099
v 15.44700336 3.43802738 59.16002655
v 15.46373463 3.45575929 59.09773636
v 15.48767757 3.47045803 59.11550522
v 15.50275898 3.47833347 59.12463760
v 15.58094406 3.48409486 59.24164581
v 15.52709198 3.48173380 59.06335449
v 15.56483459 3.50308442 59.14157104
v 24.11006355 3.70521855 45.60675812
v 24.16288567 3.70581794 45.62525177
v 24.29813194 3.70521855 45.79482651
v 24.27963638 3.70581794 45.74200439
v 24.29163551 3.51060963 45.66947556
v 24.24749565 3.60389209 45.67149734
v 24.24985313 3.70612502 45.69461441
v 24.21027565 3.70612502 45.65503693
v 15.32511234 3.32689118 58.48936462
v 15.34460354 3.36703157 58.52392197
v 15.51828098 3.46670628 58.61160278
v 15.46458912 3.45387673 58.59984970
v 15.39100075 3.33242655 58.75594711
v 15.37547970 3.40273619 58.55486298
v 15.41616631 3.43218470 58.58061218
v 15.46132565 3.38143420 58.85275650
v 24.29506874 3.88067889 45.79788971
v 24.27657318 3.88127828 45.74506378
v 24.24678993 3.88158584 45.69767761
v 24.20721245 3.88158584 45.65810013
v 24.15982437 3.88127828 45.62831497
v 24.10700035 3.88067889 45.60982132
v 15.51849842 3.48364067 58.59152985
v 15.46482182 3.47067809 58.57991409
v 15.41641426 3.44877958 58.56091309
v 15.37574005 3.41906095 58.53548813
v 15.34487152 3.38303566 58.50493622
v 15.32538223 3.34253955 58.47081375
v 15.39480114 3.42385674 58.56198120
v 24.29200363 4.07926369 45.98403931
v 24.20706177 4.21474600 45.98403931
v 24.25460815 4.10259247 45.81633759
v 24.27379417 4.13025904 45.98403931
v 24.24502945 4.17613745 45.98403931
v 24.25234413 4.08253860 45.78950500
v 24.24971581 4.05987787 45.76519394
v 24.24643135 4.03207588 45.74127197
v 15.33195019 3.70528102 58.29809189
v 15.35142899 3.70592523 58.35214996
v 15.52850723 3.70528102 58.48654556
v 15.47367668 3.70592523 58.46936035
v 15.39991188 3.60515618 58.43735504
v 15.38273430 3.70625615 58.40033722
v 15.42421436 3.70625615 58.44010925
v 24.20706177 4.21474600 49.39720535
v 24.24502945 4.17613745 49.39720535
v 24.27379417 4.13025904 49.39720535
v 24.29200363 4.07926369 49.39720535
v 15.53158283 3.87720704 58.48342896
v 15.47673512 3.87785172 58.46625519
v 15.33495426 3.87720704 58.29497528
v 15.35444069 3.87785172 58.34904480
v 15.40333939 3.76360679 58.42038727
v 15.38575935 3.87818265 58.39723587
v 15.42725563 3.87818265 58.43700790
v 15.72138309 4.21474600 58.38652420
v 15.72627544 4.07926369 58.47132492
v 24.10417175 4.21474600 50.75450897
v 24.14170647 4.17613745 50.76023102
v 24.17014313 4.13025904 50.76456833
v 24.18814468 4.07926369 50.76731491
v 23.79785919 4.21474600 52.08079529
v 23.83410263 4.17613745 52.09211349
v 23.86155891 4.13025904 52.10068512
v 23.87894249 4.07926369 52.10611343
v 23.29512215 4.21474600 53.34575272
v 23.32924461 4.17613745 53.36240387
v 23.35509491 4.13025904 53.37501907
v 23.37146187 4.07926369 53.38300323
v 22.60744858 4.21474600 54.52047348
v 22.63867188 4.17613745 54.54207993
v 22.66232491 4.13025904 54.55844498
v 22.67730141 4.07926369 54.56880569
v 21.75055504 4.21474600 55.57811356
v 21.77816391 4.17613745 55.60417557
v 21.79908180 4.13025904 55.62392044
v 21.81232452 4.07926369 55.63642120
v 20.74402428 4.21474600 56.49449921
v 20.76738930 4.17613745 56.52442551
v 20.78509140 4.13025904 56.54709625
v 20.79629707 4.07926369 56.56145096
v 19.61085701 4.21474600 57.24868774
v 19.62944603 4.17613745 57.28179169
v 19.64352608 4.13025904 57.30687332
v 19.65244293 4.07926369 57.32275391
v 18.37695312 4.21474600 57.82344437
v 18.39033890 4.17613745 57.85897446
v 18.40047836 4.13025904 57.88589096
v 18.40689850 4.07926369 57.90293503
v 17.07050896 4.21474600 58.20563126
v 17.07838631 4.17613745 58.24277496
v 15.72356987 4.17613745 58.42442703
v 17.08435249 4.13025904 58.27091599
v 15.72522640 4.13025904 58.45314407
v 17.08812904 4.07926369 58.28873062
v 15.45886517 4.01318884 58.43331528
v 15.47966290 4.04074287 58.43595123
v 15.50043488 4.06323481 58.43794250
v 15.52324009 4.08367968 58.43957138
v 15.55102634 4.10378218 58.44094467
v 23.11855507 4.35994530 45.98805237
v 23.11855507 4.35994530 49.39720535
v 23.14648628 4.40945339 45.98805237
v 23.14648628 4.40945339 49.39720535
v 23.18488121 4.45137262 45.98805237
v 23.18488121 4.45137262 49.39720535
v 23.23175049 4.48353434 45.98805237
v 23.23175049 4.48353434 49.39720535
v 23.28467560 4.50427723 45.98805237
v 23.28467560 4.50427723 49.39720535
v 23.34091759 4.51252794 45.98805237
v 23.34091759 4.51252794 49.39720535
v 15.70003128 4.35994530 57.29732895
v 16.92831802 4.51252794 57.35029221
v 15.71399975 4.51252794 57.51925278
v 16.91639328 4.50427723 57.29532623
v 15.71046638 4.50427723 57.46312332
v 16.90517044 4.48353434 57.24360657
v 15.70714188 4.48353434 57.41030121
v 16.89523315 4.45137262 57.19779968
v 15.70419788 4.45137262 57.36352539
v 16.88709259 4.40945339 57.16028214
v 15.70178604 4.40945339 57.32520676
v 16.88117027 4.35994530 57.13298416
v 18.10347366 4.51252794 57.00082779
v 18.08342743 4.50427723 56.94828033
v 18.06456375 4.48353434 56.89883041
v 18.04785728 4.45137262 56.85503769
v 18.03417206 4.40945339 56.81916809
v 18.02421761 4.35994530 56.79306793
v 19.21279716 4.51252794 56.47879410
v 19.18508339 4.50427723 56.42985153
v 19.15900612 4.48353434 56.38380051
v 19.13591003 4.45137262 56.34301376
v 19.11699295 4.40945339 56.30960464
v 19.10322952 4.35994530 56.28530121
v 20.23110962 4.51252794 55.79603577
v 20.19635963 4.50427723 55.75181580
v 20.16366005 4.48353434 55.71020126
v 20.13469887 4.45137262 55.67334747
v 20.11097717 4.40945339 55.64316177
v 20.09371948 4.35994530 55.62120056
v 21.13530159 4.51252794 54.96805573
v 21.09430313 4.50427723 54.92955399
v 21.05572319 4.48353434 54.89332581
v 21.02155495 4.45137262 54.86124420
v 20.99356651 4.40945339 54.83496094
v 20.97320557 4.35994530 54.81584167
v 21.90485191 4.51252794 54.01363754
v 21.85853386 4.50427723 53.98173523
v 21.81494904 4.48353434 53.95171356
v 21.77634811 4.45137262 53.92512512
v 21.74473000 4.40945339 53.90334702
v 21.72172737 4.35994530 53.88750076
v 22.52229309 4.51252794 52.95444870
v 22.47170830 4.50427723 52.92986298
v 22.42410660 4.48353434 52.90673065
v 22.38195229 4.45137262 52.88624191
v 22.34741974 4.40945339 52.86946106
v 22.32229805 4.35994530 52.85725403
v 22.97361183 4.51252794 51.81452560
v 22.91990852 4.50427723 51.79781723
v 22.86937332 4.48353434 51.78209686
v 22.82461739 4.45137262 51.76817703
v 22.78795624 4.40945339 51.75677109
v 22.76128578 4.35994530 51.74847412
v 23.24856758 4.51252794 50.61973572
v 23.19296265 4.50427723 50.61128998
v 23.14064026 4.48353434 50.60333633
v 23.09430122 4.45137262 50.59629822
v 23.05634308 4.40945339 50.59053040
v 23.02872849 4.35994530 50.58633423
v 23.26121902 4.16600752 45.61474609
v 23.21294785 4.18667030 45.63344193
v 23.08880043 4.23769712 45.80273056
v 23.10594559 4.23116064 45.75010300
v 23.31045341 4.47769833 45.83588409
v 23.21007156 4.43272924 45.82826233
v 23.19521332 4.38396025 45.76920319
v 23.19141769 4.33298159 45.71950531
v 23.13333321 4.22007704 45.70284271
v 23.16960144 4.20499706 45.66329956
v 15.33923435 4.16424608 57.44757462
v 15.51862621 4.23617506 57.27603531
v 15.46807003 4.22908068 57.29426575
v 15.39262962 4.31299877 57.43885040
v 15.35694599 4.18452454 57.40052414
v 15.38528347 4.20263386 57.35800934
v 15.42291451 4.21772242 57.32202530
v 15.48817062 4.38095856 57.38173676
v 15.58786201 4.48289108 57.46807861
v 15.51753998 4.40565443 57.38498688
v 15.53352451 4.36277246 57.33536911
v 15.57602882 4.43392754 57.38035202
v 22.81680298 3.87427020 45.60957336
v 22.81680298 3.92627025 45.62857056
v 22.81680298 4.04078054 45.74509811
v 22.81680298 4.05887032 45.79742050
v 23.01665497 4.05323696 45.67851257
v 22.81680298 4.01161861 45.69804001
v 22.81680298 3.97281384 45.65855026
v 15.33525181 3.87690043 57.00200272
v 15.35614681 3.93112206 57.00200272
v 15.52910614 4.06017828 57.00200272
v 15.48272514 4.04616833 57.00200272
v 15.40105915 4.05088472 57.20271683
v 15.38879108 3.97916579 57.00200272
v 15.43180752 4.01818848 57.00200272
v 22.79680252 4.05887032 45.79742050
v 22.79680252 4.04078054 45.74509811
v 22.79680252 4.01161861 45.69804001
v 22.79680252 3.97281384 45.65855026
v 22.79680252 3.92627025 45.62857056
v 22.79680252 3.87427020 45.60957336
v 15.33442593 3.87427020 56.98197174
v 15.35342598 3.92627025 56.98197174
v 15.38340473 3.97281384 56.98197174
v 15.42289162 4.01161861 56.98197174
v 15.46995163 4.04078054 56.98197174
v 15.52227592 4.05887032 56.98197174
v 22.35202599 4.16684198 45.61476135
v 22.40033531 4.18741465 45.63345337
v 22.50742531 4.23170424 45.75011826
v 22.52458382 4.23820829 45.80274582
v 22.59666634 4.05342484 45.67851639
v 22.48001671 4.22067213 45.70285797
v 22.44371796 4.20565987 45.66331482
v 15.34004688 4.16886759 56.53723526
v 15.35989475 4.18991661 56.58690643
v 15.53796005 4.23997641 56.71035004
v 15.48298931 4.23414326 56.69458008
v 15.40592480 4.05591059 56.78210068
v 15.39153957 4.20843363 56.63118362
v 15.43330669 4.22344065 56.66771698
v 15.47665501 4.05709743 56.89160156
v 22.27298546 4.51351023 45.98806763
v 22.49505997 4.36051035 45.98806763
v 22.46722031 4.41007090 45.98806763
v 22.42116165 4.33806944 45.72249985
v 22.41745758 4.39027977 45.77539825
v 22.32800674 4.48466682 45.86504364
v 22.32921219 4.50515366 45.98806763
v 22.38209724 4.48431158 45.98806763
v 22.41838837 4.42767143 45.83990860
v 22.42890739 4.45206165 45.98806763
v 15.71172047 4.51351023 56.44905090
v 15.72770596 4.36051035 56.67055130
v 15.72570229 4.41007090 56.64278412
v 15.56180573 4.47953129 56.48429871
v 15.71576786 4.50515366 56.50513458
v 15.71957493 4.48431158 56.55788040
v 15.56022644 4.43587780 56.58641434
v 15.72294426 4.45206165 56.60456848
v 15.50071812 4.38785648 56.60353851
v 15.44957352 4.33700752 56.60865784
v 22.49505997 4.36051035 49.39720535
v 22.46722031 4.41007090 49.39720535
v 22.42890739 4.45206165 49.39720535
v 22.38209724 4.48431158 49.39720535
v 22.32921219 4.50515366 49.39720535
v 22.27298546 4.51351023 49.39720535
v 22.17517853 4.51351023 50.56915283
v 22.23062706 4.50515366 50.57847214
v 22.28277969 4.48431158 50.58723831
v 22.32894135 4.45206165 50.59499741
v 22.36672592 4.41007090 50.60134888
v 22.39418030 4.36051035 50.60596466
v 21.88446236 4.51351023 51.70867920
v 21.93759918 4.50515366 51.72706223
v 21.98757744 4.48431158 51.74435043
v 22.03181458 4.45206165 51.75965500
v 22.06802368 4.41007090 51.77218246
v 22.09433174 4.36051035 51.78128052
v 21.40888023 4.51351023 52.78425217
v 21.45823479 4.50515366 52.81118774
v 21.50465584 4.48431158 52.83652115
v 21.54574585 4.45206165 52.85894775
v 21.57937622 4.41007090 52.87730408
v 21.60381317 4.36051035 52.89064026
v 20.76159096 4.51351023 53.76611328
v 20.80579758 4.50515366 53.80085754
v 20.84737778 4.48431158 53.83353806
v 20.88418198 4.45206165 53.86246109
v 20.91430473 4.41007090 53.88613892
v 20.93619347 4.36051035 53.90333939
v 19.96050453 4.51351023 54.62709808
v 19.99834061 4.50515366 54.66868973
v 20.03392792 4.48431158 54.70780945
v 20.06542778 4.45206165 54.74243164
v 20.09121132 4.41007090 54.77077484
v 20.10994339 4.36051035 54.79136658
v 19.02778244 4.51351023 55.34338379
v 19.05820274 4.50515366 55.39067078
v 19.08681297 4.48431158 55.43514633
v 19.11213684 4.45206165 55.47451401
v 19.13286591 4.41007090 55.50674057
v 19.14792633 4.36051035 55.53015137
v 17.98923492 4.51351023 55.89515305
v 18.01139259 4.50515366 55.94682693
v 18.03223610 4.48431158 55.99543381
v 18.05068398 4.45206165 56.03845215
v 18.06578445 4.41007090 56.07366562
v 18.07675552 4.36051035 56.09925079
v 16.87359047 4.51351023 56.26713943
v 16.88687706 4.50515366 56.32177353
v 16.89937592 4.48431158 56.37316132
v 16.91043663 4.45206165 56.41864395
v 16.91949081 4.41007090 56.45587540
v 16.92607117 4.36051035 56.48292160
v 21.32160378 4.08198738 49.39720535
v 21.32160378 4.08198738 45.98408127
v 21.33988190 4.13307142 49.39720535
v 21.33988190 4.13307142 45.98408127
v 21.36875153 4.17900848 49.39720535
v 21.36875153 4.17900848 45.98408127
v 21.40685272 4.21763563 45.98408127
v 21.40685272 4.21763563 49.39720535
v 15.68516254 4.08198738 55.49696732
v 16.70570183 4.21763563 55.41646957
v 15.69188309 4.21763563 55.58195114
v 16.69647217 4.17900848 55.37950516
v 15.68887997 4.17900848 55.54396820
v 16.68947983 4.13307142 55.35149765
v 15.68660355 4.13307142 55.51519012
v 16.68505096 4.08198738 55.33376312
v 17.67831993 4.21763563 55.08597183
v 17.66311646 4.17900848 55.05103683
v 17.65159798 4.13307142 55.02456665
v 17.64430428 4.08198738 55.00780487
v 18.58306885 4.21763563 54.59951782
v 18.56231117 4.17900848 54.56756973
v 18.54658127 4.13307142 54.54336166
v 18.53662109 4.08198738 54.52803040
v 19.39514923 4.21763563 53.97043991
v 19.36940384 4.17900848 53.94235229
v 19.34989548 4.13307142 53.92107391
v 19.33754349 4.08198738 53.90760040
v 20.09229660 4.21763563 53.21598434
v 20.06226921 4.17900848 53.19253540
v 20.03951645 4.13307142 53.17476273
v 20.02511024 4.08198738 53.16351318
v 20.65539742 4.21763563 52.35684204
v 20.62191200 4.17900848 52.33866501
v 20.59653854 4.13307142 52.32489395
v 20.58047295 4.08198738 52.31617355
v 21.06901550 4.21763563 51.41655731
v 21.03298950 4.17900848 51.40415573
v 21.00569153 4.13307142 51.39476013
v 20.98840714 4.08198738 51.38880920
v 21.32180977 4.21763563 50.42091370
v 21.28423119 4.17900848 50.41462708
v 21.25575829 4.13307142 50.40986252
v 21.23773003 4.08198738 50.40684509
v 21.31851578 3.88347602 45.79793930
v 21.33701134 3.88407540 45.74511337
v 21.50658607 3.88347602 45.60986710
v 21.45376205 3.88407540 45.62836456
v 21.36814880 4.02704620 45.73532486
v 21.36679649 3.88438249 45.69772720
v 21.40637398 3.88438249 45.65814972
v 21.36507416 4.05323839 45.75636292
v 21.36282539 4.07253599 45.77509308
v 21.36033058 4.09419394 45.80054092
v 21.35854912 4.10973454 45.82293701
v 15.51060486 3.88824677 55.50502777
v 15.46064091 3.88878751 55.52517319
v 15.35150051 3.88878751 55.64096451
v 15.33434391 3.88824677 55.69202805
v 15.52687645 4.10314751 55.54319382
v 15.50142956 4.08315659 55.54661560
v 15.47861290 4.06084681 55.55019760
v 15.45630455 4.03370905 55.55433273
v 15.37919807 3.88906455 55.59475708
v 15.41615105 3.88906455 55.55555344
v 21.31548119 3.70958018 45.79490280
v 21.33397675 3.71017957 45.74207687
v 21.36375999 3.71048665 45.69469070
v 21.40333748 3.71048665 45.65511322
v 21.45072556 3.71017957 45.62532806
v 21.50354958 3.70958018 45.60683441
v 15.50757980 3.70949912 55.50205994
v 15.45759392 3.71004033 55.52219391
v 15.33122730 3.70949912 55.68907166
v 15.34839439 3.71004033 55.63799286
v 15.39558887 3.82951713 55.57316208
v 15.37610817 3.71031737 55.59177399
v 15.41308117 3.71031737 55.55256653
v 21.32945633 3.34542346 45.60037231
v 21.29589653 3.38540125 45.61925507
v 21.20921135 3.48657036 45.78827286
v 21.22129440 3.47297215 45.73583221
v 21.36602592 3.60796809 45.67156601
v 21.32164574 3.51447654 45.66954041
v 21.24044991 3.45078707 45.68869781
v 21.26573372 3.42110920 45.64918900
v 15.32491302 3.34442711 55.51387787
v 15.34292221 3.38356543 55.48106003
v 15.50522423 3.48521638 55.39414978
v 15.45460892 3.47077179 55.40690231
v 15.39011192 3.51196289 55.50882339
v 15.37150860 3.41872501 55.45140076
v 15.40932846 3.44825578 55.42628860
v 21.23938179 3.42589545 45.66767502
v 21.24588013 3.43135977 45.66776657
v 15.50483799 3.46835160 55.37413025
v 15.45424652 3.45403337 55.38705063
v 15.40899181 3.43172073 55.40668488
v 15.37119484 3.40245962 55.43211365
v 15.34263039 3.36762285 55.46214676
v 15.32463741 3.32884431 55.49536896
v 15.38925743 3.42884135 55.43169403
v 20.78403854 3.26339626 45.59892273
v 20.80702400 3.31013680 45.61787033
v 20.85816956 3.41284943 45.73442078
v 20.86648560 3.42896485 45.78679657
v 20.94178391 3.33742476 45.66578674
v 20.88806915 3.34989119 45.66605759
v 20.84502220 3.38674617 45.68732834
v 20.82769012 3.35193825 45.64783096
v 15.32408524 3.26755214 54.96046448
v 15.34372807 3.31474471 54.98448944
v 15.51792336 3.43221235 55.04539490
v 15.46413517 3.41702747 55.03724670
v 15.38996124 3.33506155 55.22240829
v 15.37475586 3.35675550 55.00599670
v 15.41558647 3.39143991 55.02388763
v 20.49551964 3.47528982 45.97171402
v 20.76375389 3.50314450 45.97171402
v 20.71040154 3.52275705 45.97171402
v 20.72370529 3.43796110 45.70619965
v 20.68652344 3.47529459 45.75891113
v 20.55677414 3.48926592 45.84833145
v 20.54370499 3.50544667 45.97171402
v 20.59745598 3.52393866 45.97171402
v 20.66254234 3.50435734 45.82332993
v 20.65399551 3.52980995 45.97171402
v 15.67363548 3.47528982 54.66894150
v 15.69749832 3.50314450 54.93611526
v 15.69275188 3.52275705 54.88297272
v 15.53069782 3.46792865 54.72264099
v 15.67792225 3.50544667 54.71693420
v 15.68270397 3.52393866 54.77047348
v 15.53565502 3.50181055 54.82635498
v 15.68773365 3.52980995 54.82678986
v 15.46648693 3.46805429 54.84709930
v 15.48097038 3.47680545 54.86916733
v 15.49695969 3.48285484 54.89112473
v 15.44275379 3.44761181 54.91825485
v 20.76375389 3.50314450 49.39720535
v 20.71040154 3.52275705 49.39720535
v 20.65399551 3.52980995 49.39720535
v 20.59745598 3.52393866 49.39720535
v 20.54370499 3.50544667 49.39720535
v 20.49551964 3.47528982 49.39720535
v 20.40499496 3.47528982 50.37189865
v 20.45235634 3.50544667 50.38077164
v 20.50518990 3.52393866 50.39067078
v 20.56076241 3.52980995 50.40108490
v 20.61620331 3.52275705 50.41147232
v 20.66864395 3.50314450 50.42129517
v 20.13652420 3.47528982 51.31325531
v 20.18144035 3.50544667 51.33069611
v 20.23154640 3.52393866 51.35015488
v 20.28425217 3.52980995 51.37062454
v 20.33683014 3.52275705 51.39104462
v 20.38656616 3.50314450 51.41035843
v 19.69928551 3.47528982 52.18906784
v 19.74022102 3.50544667 52.21448517
v 19.78588676 3.52393866 52.24283600
v 19.83392143 3.52980995 52.27266312
v 19.88183975 3.52275705 52.30241394
v 19.92716789 3.50314450 52.33055878
v 19.10823631 3.47528982 52.96937943
v 19.14379311 3.50544667 53.00189972
v 19.18345642 3.52393866 53.03818130
v 19.22517586 3.52980995 53.07633972
v 19.26679611 3.52275705 53.11441040
v 19.30616570 3.50314450 53.15041733
v 18.38359642 3.47528982 53.62750244
v 18.41255569 3.50544667 53.66601562
v 18.44485855 3.52393866 53.70897675
v 18.47883797 3.52980995 53.75416565
v 18.51273727 3.52275705 53.79924774
v 18.54479980 3.50314450 53.84189224
v 17.55015373 3.47528982 54.14091873
v 17.57152367 3.50544667 54.18410492
v 17.59536362 3.52393866 54.23228073
v 17.62043953 3.52980995 54.28295517
v 17.64545441 3.52275705 54.33351135
v 17.66911697 3.50314450 54.38132858
v 16.63641357 3.47528982 54.49206924
v 16.64946556 3.50544667 54.53845215
v 16.66402626 3.52393866 54.59019470
v 16.67934036 3.52980995 54.64462280
v 16.69461823 3.52275705 54.69891739
v 16.70907021 3.50314450 54.75027847
v 20.49551964 3.47528982 37.61989594
v 20.78403854 3.26339626 37.99268723
v 20.76375389 3.50314450 37.61989594
v 20.71040154 3.52275705 37.61989594
v 20.80702400 3.31013680 37.97373962
v 20.86648560 3.42896485 37.80481720
v 20.85816956 3.41284943 37.85719299
v 20.54216957 3.46880317 37.77251816
v 20.54370499 3.50544667 37.61989594
v 20.59745598 3.52393866 37.61989594
v 20.64770126 3.49924779 37.77994919
v 20.65399551 3.52980995 37.61989594
v 20.69097328 3.47165179 37.83888245
v 20.72734451 3.43525076 37.88837814
v 20.84502220 3.38674617 37.90428543
v 20.82769012 3.35193825 37.94378281
v 20.76375389 3.50314450 34.68817902
v 20.71040154 3.52275705 34.68817902
v 20.65399551 3.52980995 34.68817902
v 20.59745598 3.52393866 34.68817902
v 20.54370499 3.50544667 34.68817902
v 20.49551964 3.47528982 34.68817902
v 21.31093979 3.32984662 37.99150848
v 21.27695465 3.36946964 37.97262955
v 21.20140648 3.45624661 37.85605240
v 21.18917274 3.46971345 37.80360794
v 21.04239273 3.33607984 37.92585373
v 21.22080421 3.43426681 37.90319061
v 21.24640656 3.40485787 37.94269943
v 20.78403854 3.26339626 34.31538773
v 20.80702400 3.31013680 34.33433914
v 20.86648560 3.42896485 34.50326157
v 20.85816956 3.41284943 34.45088577
v 20.72370529 3.43796110 34.42266464
v 20.82769012 3.35193825 34.36429596
v 20.84502220 3.38674617 34.40379333
v 20.68652344 3.47529459 34.47537613
v 20.55677414 3.48926592 34.56479645
v 20.66254234 3.50435734 34.53979492
v 21.20921135 3.48657036 37.80333710
v 21.22129440 3.47297215 37.85577774
v 21.24044991 3.45078707 37.90291595
v 21.29589653 3.38540125 37.97235489
v 21.26573372 3.42110920 37.94242477
v 21.32945633 3.34542346 37.99123764
v 21.24588013 3.43135977 37.92384720
v 21.23938179 3.42589545 37.92393875
v 20.94178391 3.33742476 34.38225174
v 20.88806915 3.34989119 34.38252258
v 21.50354958 3.70958018 37.98477936
v 21.45072556 3.71017957 37.96628189
v 21.31548119 3.70958018 37.79671097
v 21.33397675 3.71017957 37.84953308
v 21.32164574 3.51447654 37.92207336
v 21.36602592 3.60796809 37.92004776
v 21.36375999 3.71048665 37.89692307
v 21.40333748 3.71048665 37.93650055
v 21.20921135 3.48657036 34.50474167
v 21.22129440 3.47297215 34.45230103
v 21.24044991 3.45078707 34.40516281
v 21.26573372 3.42110920 34.36565399
v 21.29589653 3.38540125 34.33572006
v 21.32945633 3.34542346 34.31683731
v 21.23938179 3.42589545 34.38414001
v 21.24588013 3.43135977 34.38423157
v 21.31851578 3.88347602 37.79367447
v 21.33701134 3.88407540 37.84649658
v 21.36679649 3.88438249 37.89388657
v 21.40637398 3.88438249 37.93346405
v 21.45376205 3.88407540 37.96324921
v 21.50658607 3.88347602 37.98174286
v 21.50354958 3.70958018 34.32329941
v 21.45072556 3.71017957 34.34179688
v 21.31548119 3.70958018 34.51136780
v 21.33397675 3.71017957 34.45854568
v 21.36602592 3.60796809 34.38803101
v 21.40333748 3.71048665 34.37157822
v 21.36375999 3.71048665 34.41115570
v 21.32164574 3.51447654 34.38600540
v 21.32160378 4.08198738 37.60752869
v 21.40685272 4.21763563 37.60752869
v 21.35908890 4.10545111 37.77523804
v 21.33988190 4.13307142 37.60752869
v 21.36875153 4.17900848 37.60752869
v 21.36134148 4.08539963 37.80207062
v 21.36396027 4.06273794 37.82638931
v 21.36722946 4.03492832 37.85031509
v 21.50658607 3.88347602 34.32633591
v 21.45376205 3.88407540 34.34482956
v 21.40637398 3.88438249 34.37461472
v 21.36679649 3.88438249 34.41419220
v 21.33701134 3.88407540 34.46157837
v 21.31851578 3.88347602 34.51440430
v 21.32160378 4.08198738 34.70054626
v 21.33988190 4.13307142 34.70054626
v 21.36875153 4.17900848 34.70054626
v 21.40685272 4.21763563 34.70054626
v 21.36814880 4.02704620 34.45178986
v 21.36507416 4.05323839 34.47282791
v 21.36282539 4.07253599 34.49155807
v 21.36033058 4.09419394 34.51700592
v 21.35854912 4.10973454 34.53940201
v 22.49505997 4.36051035 37.60354233
v 22.49505997 4.36051035 34.70453644
v 22.46722031 4.41007090 37.60354233
v 22.46722031 4.41007090 34.70453644
v 22.42890739 4.45206165 37.60354233
v 22.42890739 4.45206165 34.70453644
v 22.38209724 4.48431158 37.60354233
v 22.38209724 4.48431158 34.70453644
v 22.32921219 4.50515366 34.70453644
v 22.32921219 4.50515366 37.60354233
v 22.27298546 4.51351023 34.70453644
v 22.27298546 4.51351023 37.60354233
v 22.35202599 4.16684198 34.33122635
v 22.40033531 4.18741465 34.34991837
v 22.52458382 4.23820829 34.51921082
v 22.50742531 4.23170424 34.46658325
v 22.42116165 4.33806944 34.43896484
v 22.44371796 4.20565987 34.37977982
v 22.48001671 4.22067213 34.41932297
v 22.41745758 4.39027977 34.49186325
v 22.32800674 4.48466682 34.58151245
v 22.41838837 4.42767143 34.55637741
v 22.35202599 4.16684198 37.97684860
v 22.40033531 4.18741465 37.95815659
v 22.52458382 4.23820829 37.78886414
v 22.50742531 4.23170424 37.84149551
v 22.30338287 4.47862387 37.75571060
v 22.40367889 4.43346691 37.76333237
v 22.41844559 4.38467073 37.82239151
v 22.42214394 4.33368540 37.87208939
v 22.48001671 4.22067213 37.88875580
v 22.44371796 4.20565987 37.92829895
v 22.79680252 3.87427020 34.32603836
v 22.79680252 3.92627025 34.34503937
v 22.79680252 4.05887032 34.51388931
v 22.79680252 4.04078054 34.46156311
v 22.59666634 4.05342484 34.39498520
v 22.79680252 3.97281384 34.37501526
v 22.79680252 4.01161861 34.41450500
v 22.79680252 3.87427020 37.98204041
v 22.79680252 3.92627025 37.96303940
v 22.79680252 4.04078054 37.84651184
v 22.79680252 4.05887032 37.79418945
v 22.59666634 4.05342484 37.91309357
v 22.79680252 4.01161861 37.89357376
v 22.79680252 3.97281384 37.93305969
v 22.81680298 3.87427020 34.32603836
v 22.81680298 3.92627025 34.34503937
v 22.81680298 3.97281384 34.37501526
v 22.81680298 4.01161861 34.41450500
v 22.81680298 4.04078054 34.46156311
v 22.81680298 4.05887032 34.51388931
v 22.81680298 4.05887032 37.79418945
v 22.81680298 4.04078054 37.84651184
v 22.81680298 4.01161861 37.89357376
v 22.81680298 3.97281384 37.93305969
v 22.81680298 3.92627025 37.96303940
v 22.81680298 3.87427020 37.98204041
v 23.26121902 4.16600752 34.33121490
v 23.21294785 4.18667030 34.34990692
v 23.08880043 4.23769712 34.51919556
v 23.10594559 4.23116064 34.46656799
v 23.01665497 4.05323696 34.39498138
v 23.16960144 4.20499706 34.37976456
v 23.13333321 4.22007704 34.41930771
v 23.26121902 4.16600752 37.97686386
v 23.21294785 4.18667030 37.95817184
v 23.10594559 4.23116064 37.84151077
v 23.08880043 4.23769712 37.78887939
v 23.01665497 4.05323696 37.91309738
v 23.13333321 4.22007704 37.88876724
v 23.16960144 4.20499706 37.92831039
v 23.34091759 4.51252794 34.70451736
v 23.11855507 4.35994530 34.70451736
v 23.14648628 4.40945339 34.70451736
v 23.31045341 4.47769833 34.55234909
v 23.28467560 4.50427723 34.70451736
v 23.23175049 4.48353434 34.70451736
v 23.21007156 4.43272924 34.54472733
v 23.18488121 4.45137262 34.70451736
v 23.19521332 4.38396025 34.48567200
v 23.19141769 4.33298159 34.43597412
v 23.34091759 4.51252794 37.60355759
v 23.11855507 4.35994530 37.60355759
v 23.14648628 4.40945339 37.60355759
v 23.19240952 4.33736372 37.86912918
v 23.19621086 4.38956738 37.81623077
v 23.28584099 4.48378754 37.72658539
v 23.28467560 4.50427723 37.60355759
v 23.23175049 4.48353434 37.60355759
v 23.19535255 4.42696142 37.75172043
v 23.18488121 4.45137262 37.60355759
v 24.20706177 4.21474600 37.60757446
v 24.20706177 4.21474600 34.70050430
v 24.24502945 4.17613745 37.60757446
v 24.24502945 4.17613745 34.70050430
v 24.27379417 4.13025904 37.60757446
v 24.27379417 4.13025904 34.70050430
v 24.29200363 4.07926369 37.60757446
v 24.29200363 4.07926369 34.70050430
v 24.29506874 3.88067889 34.51435471
v 24.27657318 3.88127828 34.46153259
v 24.15982437 3.88127828 34.34477997
v 24.10700035 3.88067889 34.32628632
v 24.25460815 4.10259247 34.53280640
v 24.25234413 4.08253860 34.50597382
v 24.24971581 4.05987787 34.48165894
v 24.24643135 4.03207588 34.45774078
v 24.20721245 3.88158584 34.37456512
v 24.24678993 3.88158584 34.41414261
v 24.29506874 3.88067889 37.79372406
v 24.27657318 3.88127828 37.84654617
v 24.10700035 3.88067889 37.98179245
v 24.15982437 3.88127828 37.96329498
v 24.24551010 4.02419233 37.85631180
v 24.24678993 3.88158584 37.89393616
v 24.20721245 3.88158584 37.93351364
v 24.24859810 4.05038214 37.83527374
v 24.25085449 4.06967306 37.81655121
v 24.25336075 4.09133196 37.79110718
v 24.25514984 4.10687351 37.76871490
v 24.11006355 3.70521855 34.32322311
v 24.16288567 3.70581794 34.34172058
v 24.21027565 3.70612502 34.37150192
v 24.24985313 3.70612502 34.41107941
v 24.27963638 3.70581794 34.45846939
v 24.29813194 3.70521855 34.51129150
v 24.29813194 3.70521855 37.79678726
v 24.27963638 3.70581794 37.84960938
v 24.24985313 3.70612502 37.89699936
v 24.21027565 3.70612502 37.93657684
v 24.16288567 3.70581794 37.96635818
v 24.11006355 3.70521855 37.98485565
v 24.28324318 3.34182620 34.31677628
v 24.31690025 3.38172197 34.33565903
v 24.40384293 3.48267746 34.50467682
v 24.39172363 3.46910954 34.45223618
v 24.29163551 3.51060963 34.38594055
v 24.34715462 3.41735601 34.36558914
v 24.37251282 3.44697189 34.40509796
v 24.24749565 3.60389209 34.38796234
v 24.28324318 3.34182620 37.99130249
v 24.31690025 3.38172197 37.97241974
v 24.40384293 3.48267746 37.80339813
v 24.39172363 3.46910954 37.85584259
v 24.24749565 3.60389209 37.92011642
v 24.29163551 3.51060963 37.92213821
v 24.37251282 3.44697189 37.90297699
v 24.34715462 3.41735601 37.94248581
v 24.42387390 3.46574163 34.50440598
v 24.41160583 3.45230579 34.45196152
v 24.39215279 3.43037462 34.40482330
v 24.33583832 3.36571598 34.33538055
v 24.36647415 3.40102887 34.36531448
v 24.30175209 3.32617664 34.31650543
v 24.36704636 3.42754865 34.38416672
v 24.37354088 3.42205858 34.38407516
v 24.42387390 3.46574163 37.80366898
v 24.41160583 3.45230579 37.85611343
v 24.39215279 3.43037462 37.90325546
v 24.33583832 3.36571598 37.97269440
v 24.36647415 3.40102887 37.94276428
v 24.30175209 3.32617664 37.99157333
v 24.37354088 3.42205858 37.92400360
v 24.36704636 3.42754865 37.92390823
v 24.53156471 3.33901882 34.38230515
v 24.45129776 3.36878514 34.38294983
v 24.82848358 3.25841904 37.99277496
v 24.80561638 3.30521607 37.97382736
v 24.75473022 3.40805507 37.85727692
v 24.74645805 3.42419171 37.80490494
v 24.57031631 3.33174491 37.92593002
v 24.76781082 3.38191891 37.90436935
v 24.78505516 3.34706831 37.94386673
v 25.11754036 3.46959996 34.68809128
v 24.84937477 3.49811864 34.68809128
v 24.90277672 3.51759911 34.68809128
v 25.07087135 3.46322918 34.53546906
v 25.06943130 3.49987602 34.68809128
v 25.01572418 3.51850104 34.68809128
v 24.96541595 3.49393392 34.52803802
v 24.95919991 3.52451229 34.68809128
v 24.92207336 3.46644449 34.46910477
v 24.88561058 3.43013287 34.41960907
v 25.11754036 3.46959996 37.61998749
v 24.84937477 3.49811864 37.61998749
v 24.90277672 3.51759911 37.61998749
v 24.88925552 3.43283439 37.88550186
v 24.92653275 3.47007632 37.83279037
v 25.05631828 3.48372769 37.74337006
v 25.06943130 3.49987602 37.61998749
v 25.01572418 3.51850104 37.61998749
v 24.95058632 3.49908018 37.76837158
v 24.95919991 3.52451229 37.61998749
v 15.69656754 3.47528982 39.48713303
v 15.69656754 3.50314450 39.75536728
v 15.69656754 3.52275705 39.70201492
v 15.54394722 3.46880317 39.53378296
v 15.69656754 3.50544667 39.53531647
v 15.69656754 3.52393866 39.58906937
v 15.53651524 3.49924779 39.63931274
v 15.69656754 3.52980995 39.64560699
v 15.47758389 3.47165179 39.68258667
v 15.42808628 3.43525076 39.71895599
v 33.83108139 3.50314450 39.75536728
v 33.83108139 3.52275705 39.70201492
v 33.83108139 3.52980995 39.64560699
v 33.83108139 3.52393866 39.58906937
v 33.83108139 3.50544667 39.53531647
v 33.83108139 3.47528982 39.48713303
v 15.32495499 3.32984662 40.30255127
v 15.34383392 3.36946964 40.26856613
v 15.51285839 3.46971345 40.18078613
v 15.46041393 3.45624661 40.19301987
v 15.39076900 3.34339643 40.07336044
v 15.39140892 3.37296033 40.15338516
v 15.41327572 3.43426681 40.21241760
v 15.37376595 3.40485787 40.23801804
v 34.20387268 3.26339626 39.77565002
v 34.18492508 3.31013680 39.79863739
v 34.01599884 3.42896485 39.85809708
v 34.06837463 3.41284943 39.84978104
v 34.09659576 3.43796110 39.71531677
v 34.15496445 3.35193825 39.81930161
v 34.11546707 3.38674617 39.83663559
v 34.04388428 3.47529459 39.67813492
v 33.95446396 3.48926592 39.54838562
v 33.97946548 3.50435734 39.65415573
v 15.51312733 3.48657036 40.20082474
v 15.46068764 3.47297215 40.21290588
v 15.41355038 3.45078707 40.23206329
v 15.34410858 3.38540125 40.28750992
v 15.37404251 3.42110920 40.25734711
v 15.32522583 3.34542346 40.32106781
v 15.39262009 3.43135977 40.23749161
v 15.39252758 3.42589545 40.23099518
v 34.20269394 3.32984662 40.30255127
v 34.18381500 3.36946964 40.26856613
v 34.01478958 3.46971345 40.18078613
v 34.06723404 3.45624661 40.19301987
v 34.13703918 3.33607984 40.03400421
v 34.15388107 3.40485787 40.23801804
v 34.11437225 3.43426681 40.21241760
v 15.33168602 3.70958018 40.49516296
v 15.35018253 3.71017957 40.44233704
v 15.51975536 3.70958018 40.30709457
v 15.46693230 3.71017957 40.32558823
v 15.39439297 3.51447654 40.31325912
v 15.39641953 3.60796809 40.35763931
v 15.41954327 3.71048665 40.35537338
v 15.37996578 3.71048665 40.39495087
v 34.01452255 3.48657036 40.20082474
v 34.06696320 3.47297215 40.21290588
v 34.11409760 3.45078707 40.23206329
v 34.15360641 3.42110920 40.25734711
v 34.18354034 3.38540125 40.28750992
v 34.20242310 3.34542346 40.32106781
v 34.13512039 3.42589545 40.23099518
v 34.13502884 3.43135977 40.23749161
v 15.33472157 3.88347602 40.49819946
v 15.35321808 3.88407540 40.44537354
v 15.38300133 3.88438249 40.39798737
v 15.42257881 3.88438249 40.35840607
v 15.46996689 3.88407540 40.32862473
v 15.52279091 3.88347602 40.31012726
v 34.19596100 3.70958018 40.49516296
v 34.17746735 3.71017957 40.44233704
v 34.00789261 3.70958018 40.30709457
v 34.06071854 3.71017957 40.32558823
v 34.13122940 3.60796809 40.35763931
v 34.14768219 3.71048665 40.39495087
v 34.10810471 3.71048665 40.35537338
v 34.13325500 3.51447654 40.31325912
v 15.70893574 4.08198738 40.31321716
v 15.70893574 4.21763563 40.39846420
v 15.54122925 4.10545111 40.35070038
v 15.70893574 4.13307142 40.33149338
v 15.70893574 4.17900848 40.36036301
v 15.51439285 4.08539963 40.35295486
v 15.49007511 4.06273794 40.35557175
v 15.46614933 4.03492832 40.35884094
v 34.00485611 3.88347602 40.31012726
v 34.05768204 3.88407540 40.32862473
v 34.10506821 3.88438249 40.35840607
v 34.14464569 3.88438249 40.39798737
v 34.17443085 3.88407540 40.44537354
v 34.19292831 3.88347602 40.49819946
v 33.81871414 4.21763563 40.39846420
v 33.81871414 4.17900848 40.36036301
v 33.81871414 4.13307142 40.33149338
v 33.81871414 4.08198738 40.31321716
v 34.06747055 4.02704620 40.35976028
v 34.04643250 4.05323839 40.35668564
v 34.02770233 4.07253599 40.35443878
v 34.00225449 4.09419394 40.35194397
v 33.97985840 4.10973454 40.35016251
v 33.81474304 4.35994530 42.11016846
v 15.71290588 4.35994530 42.11016846
v 33.81474304 4.40945339 42.13809967
v 15.71290588 4.40945339 42.13809967
v 33.81474304 4.45137262 42.17649460
v 15.71290588 4.45137262 42.17649460
v 15.71290588 4.48353434 42.22336197
v 33.81474304 4.48353434 42.22336197
v 15.71290588 4.50427723 42.27628708
v 33.81474304 4.50427723 42.27628708
v 15.71290588 4.51252794 42.33253098
v 33.81474304 4.51252794 42.33253098
v 15.33960056 4.16600752 42.25283051
v 15.35829353 4.18667030 42.20455933
v 15.52758408 4.23769712 42.08041382
v 15.47495651 4.23116064 42.09755707
v 15.44733810 4.33736372 42.18402100
v 15.38815403 4.20499706 42.16121292
v 15.42769623 4.22007704 42.12494659
v 15.50023460 4.38956738 42.18782425
v 15.58988094 4.48378754 42.27745438
v 15.56474686 4.42696142 42.18696213
v 34.18804932 4.16600752 42.25283051
v 34.16935349 4.18667030 42.20455933
v 34.00006485 4.23769712 42.08041382
v 34.05269241 4.23116064 42.09755707
v 33.96691132 4.47769833 42.30206299
v 33.97453308 4.43272924 42.20168304
v 34.03359222 4.38396025 42.18682480
v 34.08329010 4.33298159 42.18302917
v 34.09995270 4.22007704 42.12494659
v 34.13949585 4.20499706 42.16121292
v 15.33442593 3.87427020 41.80841446
v 15.35342598 3.92627025 41.80841446
v 15.52227592 4.05887032 41.80841446
v 15.46995163 4.04078054 41.80841446
v 15.40336704 4.05323696 42.00826645
v 15.38340473 3.97281384 41.80841446
v 15.42289162 4.01161861 41.80841446
v 34.19322205 3.87427020 41.80841446
v 34.17422485 3.92627025 41.80841446
v 34.05769730 4.04078054 41.80841446
v 34.00537109 4.05887032 41.80841446
v 34.12428284 4.05323696 42.00826645
v 34.10475540 4.01161861 41.80841446
v 34.14424515 3.97281384 41.80841446
v 15.33442593 3.87427020 41.78841400
v 15.35342598 3.92627025 41.78841400
v 15.38340473 3.97281384 41.78841400
v 15.42289162 4.01161861 41.78841400
v 15.46995163 4.04078054 41.78841400
v 15.52227592 4.05887032 41.78841400
v 34.00537109 4.05887032 41.78841400
v 34.05769730 4.04078054 41.78841400
v 34.10475540 4.01161861 41.78841400
v 34.14424515 3.97281384 41.78841400
v 34.17422485 3.92627025 41.78841400
v 34.19322205 3.87427020 41.78841400
v 15.33961582 4.16684198 41.34363937
v 15.35830784 4.18741465 41.39194870
v 15.52759933 4.23820829 41.51619720
v 15.47497082 4.23170424 41.49903870
v 15.40337086 4.05342484 41.58827591
v 15.38816738 4.20565987 41.43532944
v 15.42770958 4.22067213 41.47163010
v 34.18803406 4.16684198 41.34363937
v 34.16934204 4.18741465 41.39194870
v 34.05267715 4.23170424 41.49903870
v 34.00004959 4.23820829 41.51619720
v 34.12427902 4.05342484 41.58827591
v 34.09993744 4.22067213 41.47163010
v 34.13948059 4.20565987 41.43532944
v 15.71292210 4.51351023 41.26459885
v 15.71292210 4.36051035 41.48667145
v 15.71292210 4.41007090 41.45883179
v 15.56075382 4.47862387 41.29499435
v 15.71292210 4.50515366 41.32082367
v 15.71292210 4.48431158 41.37371063
v 15.55313206 4.43346691 41.39529037
v 15.71292210 4.45206165 41.42051697
v 15.49407387 4.38467073 41.41005707
v 15.44437504 4.33368540 41.41375732
v 33.81472778 4.51351023 41.26459885
v 33.81472778 4.36051035 41.48667145
v 33.81472778 4.41007090 41.45883179
v 34.08029556 4.33806944 41.41277313
v 34.02739716 4.39027977 41.40906906
v 33.93775177 4.48466682 41.31961823
v 33.81472778 4.50515366 41.32082367
v 33.81472778 4.48431158 41.37371063
v 33.96288681 4.42767143 41.40999985
v 33.81472778 4.45206165 41.42051697
v 33.81875610 4.07926369 43.28361511
v 15.70889187 4.07926369 43.28361511
v 33.81875610 4.13025904 43.26540375
v 15.70889187 4.13025904 43.26540375
v 33.81875610 4.17613745 43.23664093
v 15.70889187 4.17613745 43.23664093
v 33.81875610 4.21474600 43.19867325
v 15.70889187 4.21474600 43.19867325
v 34.00490570 3.88067889 43.28668213
v 34.05773163 3.88127828 43.26818466
v 34.17448044 3.88127828 43.15143585
v 34.19297409 3.88067889 43.09861374
v 33.98645782 4.10259247 43.24621964
v 34.01329041 4.08253860 43.24395752
v 34.03760147 4.05987787 43.24132919
v 34.06152344 4.03207588 43.23804474
v 34.14469528 3.88158584 43.19882584
v 34.10511780 3.88158584 43.23840332
v 15.52274227 3.88067889 43.28668213
v 15.46991825 3.88127828 43.26818466
v 15.33467293 3.88067889 43.09861374
v 15.35316849 3.88127828 43.15143585
v 15.46015358 4.02419233 43.23712158
v 15.42253017 3.88158584 43.23840332
v 15.38295269 3.88158584 43.19882584
v 15.48119068 4.05038214 43.24021149
v 15.49991322 4.06967306 43.24246597
v 15.52535915 4.09133196 43.24497223
v 15.54775143 4.10687351 43.24676132
v 34.00796890 3.70521855 43.28974533
v 34.06079102 3.70581794 43.27124786
v 34.10818100 3.70612502 43.24146652
v 34.14775848 3.70612502 43.20188522
v 34.17754364 3.70581794 43.15449905
v 34.19603729 3.70521855 43.10167313
v 15.33161068 3.70521855 43.10167313
v 15.35010624 3.70581794 43.15449905
v 15.37988949 3.70612502 43.20188522
v 15.41946697 3.70612502 43.24146652
v 15.46685600 3.70581794 43.27124786
v 15.51967907 3.70521855 43.28974533
v 34.20248413 3.34182620 43.27485657
v 34.18360138 3.38172197 43.30851364
v 34.01458359 3.48267746 43.39545441
v 34.06702423 3.46910954 43.38333511
v 34.13331985 3.51060963 43.28324890
v 34.15367126 3.41735601 43.33876801
v 34.11416245 3.44697189 43.36412430
v 34.13129807 3.60389209 43.23910904
v 15.32516384 3.34182620 43.27485657
v 15.34404564 3.38172197 43.30851364
v 15.51306534 3.48267746 43.39545441
v 15.46062374 3.46910954 43.38333511
v 15.39634991 3.60389209 43.23910904
v 15.39432812 3.51060963 43.28324890
v 15.41348743 3.44697189 43.36412430
v 15.37397861 3.41735601 43.33876801
v 34.01485443 3.46574163 43.41548538
v 34.06729889 3.45230579 43.40321732
v 34.11443710 3.43037462 43.38376236
v 34.18387985 3.36571598 43.32744980
v 34.15394592 3.40102887 43.35808563
v 34.20275879 3.32617664 43.29336548
v 34.13509369 3.42754865 43.35865784
v 34.13518524 3.42205858 43.36515427
v 15.39246368 3.42205858 43.36515427
v 15.39255524 3.42754865 43.35865784
v 34.20396042 3.25841904 43.82009506
v 34.18500900 3.30521607 43.79722977
v 34.01608658 3.42419171 43.73807144
v 34.06846237 3.40805507 43.74634171
v 34.13711166 3.33174491 43.56192780
v 34.15505219 3.34706831 43.77666855
v 34.11555481 3.38191891 43.75942230
v 15.32368946 3.25841904 43.82009506
v 15.34263897 3.30521607 43.79722977
v 15.45918751 3.40805507 43.74634171
v 15.51156235 3.42419171 43.73807144
v 15.39056110 3.33292890 43.66313553
v 15.39082813 3.34526110 43.71657181
v 15.41209412 3.38191891 43.75942230
v 15.37259769 3.34706831 43.77666855
v 33.83116913 3.46959996 44.10915375
v 33.83116913 3.49811864 43.84098816
v 33.83116913 3.51759911 43.89439011
v 33.98379135 3.46322918 44.06248474
v 33.83116913 3.49987602 44.06104279
v 33.83116913 3.51850104 44.00733566
v 33.99122238 3.49393392 43.95702744
v 33.83116913 3.52451229 43.95080948
v 34.05015564 3.46644449 43.91368484
v 34.09965134 3.43013287 43.87722397
v 15.69647980 3.46959996 44.10915375
v 15.69647980 3.49811864 43.84098816
v 15.69647980 3.51759911 43.89439011
v 15.43096447 3.43283439 43.88086700
v 15.48367310 3.47007632 43.91814423
v 15.57309437 3.48372769 44.04793167
v 15.69647980 3.49987602 44.06104279
v 15.69647980 3.51850104 44.00733566
v 15.54809284 3.49908018 43.94219971
v 15.69647980 3.52451229 43.95080948
v 35.69831467 3.47528982 48.90343094
v 35.98683548 3.26339626 49.27622223
v 35.96654892 3.50314450 48.90343094
v 35.91319656 3.52275705 48.90343094
v 36.00981903 3.31013680 49.25727463
v 36.06927872 3.42896485 49.08835220
v 36.06096649 3.41284943 49.14072418
v 35.74496460 3.46880317 49.05605316
v 35.74649811 3.50544667 48.90343094
v 35.80025101 3.52393866 48.90343094
v 35.85049820 3.49924779 49.06348419
v 35.85679245 3.52980995 48.90343094
v 35.89376831 3.47165179 49.12241745
v 35.93014145 3.43525076 49.17191315
v 36.04781723 3.38674617 49.18782043
v 36.03048706 3.35193825 49.22731400
v 35.96654892 3.50314450 34.68817902
v 35.91319656 3.52275705 34.68817902
v 35.85679245 3.52980995 34.68817902
v 35.80025101 3.52393866 34.68817902
v 35.74649811 3.50544667 34.68817902
v 35.69831467 3.47528982 34.68817902
v 36.51373672 3.32984662 49.27504349
v 36.47975159 3.36946964 49.25616455
v 36.40420151 3.45624661 49.13958359
v 36.39196777 3.46971345 49.08714294
v 36.24518967 3.33607984 49.20938873
v 36.42359924 3.43426681 49.18672562
v 36.44920349 3.40485787 49.22623444
v 35.98683548 3.26339626 34.31538773
v 36.00981903 3.31013680 34.33433914
v 36.06927872 3.42896485 34.50326157
v 36.06096649 3.41284943 34.45088577
v 35.92650223 3.43796110 34.42266464
v 36.03048706 3.35193825 34.36429596
v 36.04781723 3.38674617 34.40379333
v 35.88932037 3.47529459 34.47537613
v 35.75957108 3.48926592 34.56479645
v 35.86533737 3.50435734 34.53979492
v 36.41200638 3.48657036 49.08687210
v 36.42409134 3.47297215 49.13931274
v 36.44324493 3.45078707 49.18644714
v 36.49869156 3.38540125 49.25588989
v 36.46852875 3.42110920 49.22595596
v 36.53225327 3.34542346 49.27477264
v 36.44867706 3.43135977 49.20737839
v 36.44217682 3.42589545 49.20746994
v 36.14458084 3.33742476 34.38225174
v 36.09086609 3.34989119 34.38252258
v 36.70634460 3.70958018 49.26831436
v 36.65352249 3.71017957 49.24981689
v 36.51827621 3.70958018 49.08024216
v 36.53677368 3.71017957 49.13306808
v 36.52444077 3.51447654 49.20560837
v 36.56882095 3.60796809 49.20357895
v 36.56655502 3.71048665 49.18045425
v 36.60613251 3.71048665 49.22003555
v 36.41200638 3.48657036 34.50474167
v 36.42409134 3.47297215 34.45230103
v 36.44324493 3.45078707 34.40516281
v 36.46852875 3.42110920 34.36565399
v 36.49869156 3.38540125 34.33572006
v 36.53225327 3.34542346 34.31683731
v 36.44217682 3.42589545 34.38414001
v 36.44867706 3.43135977 34.38423157
v 36.70938110 3.88347602 49.26527786
v 36.65655899 3.88407540 49.24678040
v 36.60916901 3.88438249 49.21699905
v 36.56959152 3.88438249 49.17742157
v 36.53980637 3.88407540 49.13003159
v 36.52131271 3.88347602 49.07720947
v 36.70634460 3.70958018 34.32329941
v 36.65352249 3.71017957 34.34179688
v 36.51827621 3.70958018 34.51136780
v 36.53677368 3.71017957 34.45854568
v 36.56882095 3.60796809 34.38803101
v 36.60613251 3.71048665 34.37157822
v 36.56655502 3.71048665 34.41115570
v 36.52444077 3.51447654 34.38600540
v 36.52439880 4.08198738 48.89106369
v 36.60964584 4.21763563 48.89106369
v 36.56188583 4.10545111 49.05876923
v 36.54267883 4.13307142 48.89106369
v 36.57154846 4.17900848 48.89106369
v 36.56413651 4.08539963 49.08560562
v 36.56675720 4.06273794 49.10992432
v 36.57002640 4.03492832 49.13385010
v 36.70938110 3.88347602 34.32633591
v 36.65655899 3.88407540 34.34482956
v 36.60916901 3.88438249 34.37461472
v 36.56959152 3.88438249 34.41419220
v 36.53980637 3.88407540 34.46157837
v 36.52131271 3.88347602 34.51440430
v 36.52439880 4.08198738 34.70054626
v 36.54267883 4.13307142 34.70054626
v 36.57154846 4.17900848 34.70054626
v 36.60964584 4.21763563 34.70054626
v 36.57094574 4.02704620 34.45178986
v 36.56787109 4.05323839 34.47282791
v 36.56562042 4.07253599 34.49155807
v 36.56312561 4.09419394 34.51700592
v 36.56134415 4.10973454 34.53940201
v 37.69785309 4.36051035 48.88707733
v 37.69785309 4.36051035 34.70453644
v 37.67001724 4.41007090 48.88707733
v 37.67001724 4.41007090 34.70453644
v 37.63170242 4.45206165 48.88707733
v 37.63170242 4.45206165 34.70453644
v 37.58489227 4.48431158 48.88707733
v 37.58489227 4.48431158 34.70453644
v 37.53200912 4.50515366 48.88707733
v 37.53200912 4.50515366 34.70453644
v 37.47578049 4.51351023 48.88707733
v 37.47578049 4.51351023 34.70453644
v 37.55482101 4.16684198 34.33122635
v 37.60313034 4.18741465 34.34991837
v 37.72737885 4.23820829 34.51921082
v 37.71022034 4.23170424 34.46658325
v 37.62395477 4.33806944 34.43896484
v 37.64651489 4.20565987 34.37977982
v 37.68281174 4.22067213 34.41932297
v 37.62025452 4.39027977 34.49186325
v 37.53079987 4.48466682 34.58151245
v 37.62118530 4.42767143 34.55637741
v 37.55482101 4.16684198 49.26038361
v 37.60313034 4.18741465 49.24169159
v 37.72737885 4.23820829 49.07239914
v 37.71022034 4.23170424 49.12503052
v 37.50617981 4.47862387 49.03924561
v 37.60647583 4.43346691 49.04686737
v 37.62124252 4.38467073 49.10592651
v 37.62493896 4.33368540 49.15562439
v 37.68281174 4.22067213 49.17229080
v 37.64651489 4.20565987 49.21183395
v 37.99959946 3.87427020 34.32603836
v 37.99959946 3.92627025 34.34503937
v 37.99959946 4.05887032 34.51388931
v 37.99959946 4.04078054 34.46156311
v 37.79946136 4.05342484 34.39498520
v 37.99959946 3.97281384 34.37501526
v 37.99959946 4.01161861 34.41450500
v 37.99959946 3.87427020 49.26557541
v 37.99959946 3.92627025 49.24657440
v 37.99959946 4.04078054 49.13004684
v 37.99959946 4.05887032 49.07772446
v 37.79946136 4.05342484 49.19662857
v 37.99959946 4.01161861 49.17710876
v 37.99959946 3.97281384 49.21659470
v 38.01959991 3.87427020 34.32603836
v 38.01959991 3.92627025 34.34503937
v 38.01959991 3.97281384 34.37501526
v 38.01959991 4.01161861 34.41450500
v 38.01959991 4.04078054 34.46156311
v 38.01959991 4.05887032 34.51388931
v 38.01959991 3.87427020 49.26557541
v 38.01959991 3.92627025 49.24657440
v 38.01959991 3.97281384 49.21659470
v 38.01959991 4.01161861 49.17710876
v 38.01959991 4.04078054 49.13004684
v 38.01959991 4.05887032 49.07772446
v 38.46401596 4.16600752 34.33121490
v 38.41574478 4.18667030 34.34990692
v 38.29159546 4.23769712 34.51919556
v 38.30874252 4.23116064 34.46656799
v 38.21945190 4.05323696 34.39498138
v 38.37239838 4.20499706 34.37976456
v 38.33612823 4.22007704 34.41930771
v 38.46401596 4.16600752 49.26039886
v 38.41574478 4.18667030 49.24170685
v 38.30874252 4.23116064 49.12504196
v 38.29159546 4.23769712 49.07241440
v 38.21945190 4.05323696 49.19663239
v 38.33612823 4.22007704 49.17230225
v 38.37239838 4.20499706 49.21184540
v 38.54371262 4.51252794 34.70451736
v 38.32135010 4.35994530 34.70451736
v 38.34928131 4.40945339 34.70451736
v 38.51324844 4.47769833 34.55234909
v 38.48747253 4.50427723 34.70451736
v 38.43454742 4.48353434 34.70451736
v 38.41286850 4.43272924 34.54472733
v 38.38767624 4.45137262 34.70451736
v 38.39801025 4.38396025 34.48567200
v 38.39421463 4.33298159 34.43597412
v 38.54371262 4.51252794 48.88709259
v 38.32135010 4.35994530 48.88709259
v 38.34928131 4.40945339 48.88709259
v 38.39520645 4.33736372 49.15266037
v 38.39900589 4.38956738 49.09976578
v 38.48863602 4.48378754 49.01011658
v 38.48747253 4.50427723 48.88709259
v 38.43454742 4.48353434 48.88709259
v 38.39814758 4.42696142 49.03525162
v 38.38767624 4.45137262 48.88709259
v 40.32033539 3.46959996 34.68809128
v 40.03128052 3.25841904 34.31530380
v 40.05216980 3.49811864 34.68809128
v 40.10557175 3.51759911 34.68809128
v 40.00841141 3.30521607 34.33425140
v 39.94925308 3.42419171 34.50317383
v 39.95752716 3.40805507 34.45080185
v 40.27366638 3.46322918 34.53546906
v 40.27222824 3.49987602 34.68809128
v 40.21852112 3.51850104 34.68809128
v 40.16821289 3.49393392 34.52803802
v 40.16199493 3.52451229 34.68809128
v 40.12487030 3.46644449 34.46910477
v 40.08840561 3.43013287 34.41960907
v 39.97060776 3.38191891 34.40370560
v 39.98785019 3.34706831 34.36421204
v 40.05216980 3.49811864 48.90351868
v 40.10557175 3.51759911 48.90351868
v 40.16199493 3.52451229 48.90351868
v 40.21852112 3.51850104 48.90351868
v 40.27222824 3.49987602 48.90351868
v 40.32033539 3.46959996 48.90351868
v 39.50454712 3.32617664 34.31650543
v 39.53863144 3.36571598 34.33538055
v 39.61440277 3.45230579 34.45196152
v 39.62667084 3.46574163 34.50440598
v 39.77311325 3.33174491 34.38214874
v 39.59494781 3.43037462 34.40482330
v 39.56927109 3.40102887 34.36531448
v 40.03128052 3.25841904 49.27630997
v 40.00841141 3.30521607 49.25736237
v 39.94925308 3.42419171 49.08843613
v 39.95752716 3.40805507 49.14081192
v 40.09205246 3.43283439 49.16903687
v 39.98785019 3.34706831 49.22740173
v 39.97060776 3.38191891 49.18790436
v 40.12932968 3.47007632 49.11632538
v 40.25911331 3.48372769 49.02690506
v 40.15338135 3.49908018 49.05190659
v 39.60663986 3.48267746 34.50467682
v 39.59452057 3.46910954 34.45223618
v 39.57530594 3.44697189 34.40509796
v 39.51969528 3.38172197 34.33565903
v 39.54994965 3.41735601 34.36558914
v 39.48603821 3.34182620 34.31677628
v 39.56983948 3.42754865 34.38416672
v 39.57633591 3.42205858 34.38407516
v 39.87431717 3.33292890 49.20943832
v 39.92775726 3.34526110 49.20917130
v 39.31285858 3.70521855 34.32322311
v 39.36568069 3.70581794 34.34172058
v 39.50092697 3.70521855 34.51129150
v 39.48243332 3.70581794 34.45846939
v 39.49443054 3.51060963 34.38594055
v 39.45029068 3.60389209 34.38796234
v 39.45264816 3.70612502 34.41107941
v 39.41307068 3.70612502 34.37150192
v 39.60663986 3.48267746 49.08693314
v 39.59452057 3.46910954 49.13937378
v 39.57530594 3.44697189 49.18651199
v 39.54994965 3.41735601 49.22602081
v 39.51969528 3.38172197 49.25595474
v 39.48603821 3.34182620 49.27483749
v 39.57633591 3.42205858 49.20753479
v 39.56983948 3.42754865 49.20744324
v 39.30979538 3.88067889 34.32628632
v 39.36262131 3.88127828 34.34477997
v 39.41000748 3.88158584 34.37456512
v 39.44958496 3.88158584 34.41414261
v 39.47937012 3.88127828 34.46153259
v 39.49786377 3.88067889 34.51435471
v 39.31285858 3.70521855 49.26839066
v 39.36568069 3.70581794 49.24989319
v 39.50092697 3.70521855 49.08031845
v 39.48243332 3.70581794 49.13314438
v 39.45029068 3.60389209 49.20365143
v 39.41307068 3.70612502 49.22010803
v 39.45264816 3.70612502 49.18053055
v 39.49443054 3.51060963 49.20567322
v 39.49480057 4.07926369 34.70050430
v 39.40985489 4.21474600 34.70050430
v 39.45740509 4.10259247 34.53280640
v 39.47658920 4.13025904 34.70050430
v 39.44782639 4.17613745 34.70050430
v 39.45513916 4.08253860 34.50597382
v 39.45251083 4.05987787 34.48165894
v 39.44922638 4.03207588 34.45774078
v 39.30979538 3.88067889 49.26532745
v 39.36262131 3.88127828 49.24682999
v 39.41000748 3.88158584 49.21704865
v 39.44958496 3.88158584 49.17747116
v 39.47937012 3.88127828 49.13008118
v 39.49786377 3.88067889 49.07725906
v 39.49480057 4.07926369 48.89110947
v 39.47658920 4.13025904 48.89110947
v 39.44782639 4.17613745 48.89110947
v 39.40985489 4.21474600 48.89110947
v 39.44830704 4.02419233 49.13984680
v 39.45139313 4.05038214 49.11880875
v 39.45365143 4.06967306 49.10008621
v 39.45615768 4.09133196 49.07463837
v 39.45794678 4.10687351 49.05224609
v 50.87545013 3.46959996 48.92652512
v 51.16748047 3.26256371 49.27600098
v 51.14255142 3.49811864 48.90265656
v 51.08935928 3.51759911 48.90740967
v 51.19138718 3.30981112 49.25636292
v 51.24389267 3.41222119 49.13597107
v 51.25200272 3.42743015 49.08219147
v 50.92918015 3.46235204 49.06944275
v 50.92337036 3.49987602 48.92224121
v 50.97686005 3.51850104 48.91746140
v 51.03280640 3.49648666 49.06448364
v 51.03316116 3.52451229 48.91242981
v 51.05363464 3.46277595 49.13363647
v 51.07567978 3.47158170 49.11915588
v 51.09761810 3.47768641 49.10316849
v 51.12483597 3.44250774 49.15736008
v 51.23059464 3.38659930 49.18451309
v 51.21279144 3.35187197 49.22533798
v 46.58219147 3.46959996 44.19958878
v 45.60838699 3.46959996 44.10915375
v 46.59104919 3.49987602 44.15230179
v 45.60838699 3.49987602 44.06104279
v 46.60094070 3.51850104 44.09951401
v 45.60838699 3.51850104 44.00733566
v 46.61135101 3.52451229 44.04395676
v 45.60838699 3.52451229 43.95080948
v 46.62174225 3.51759911 43.98849869
v 45.60838699 3.51759911 43.89439011
v 46.63157272 3.49811864 43.93601227
v 45.60838699 3.49811864 43.84098816
v 47.52268600 3.46959996 44.46780777
v 47.54010391 3.49987602 44.42296219
v 47.55954361 3.51850104 44.37289810
v 47.58000565 3.52451229 44.32020569
v 47.60043335 3.51759911 44.26761246
v 47.61976242 3.49811864 44.21783066
v 48.39770508 3.46959996 44.90463257
v 48.42308044 3.49987602 44.86376190
v 48.45141220 3.51850104 44.81813431
v 48.48122787 3.52451229 44.77011108
v 48.51098633 3.51759911 44.72217560
v 48.53915405 3.49811864 44.67680740
v 49.17731476 3.46959996 45.49512482
v 49.20978546 3.49987602 45.45962143
v 49.24603271 3.51850104 45.41999435
v 49.28418350 3.52451229 45.37828445
v 49.32226181 3.51759911 45.33664703
v 49.35830307 3.49811864 45.29724121
v 49.83485413 3.46959996 46.21908188
v 49.87330627 3.49987602 46.19016647
v 49.91623306 3.51850104 46.15789032
v 49.96141052 3.52451229 46.12392044
v 50.00650406 3.51759911 46.09000778
v 50.04918671 3.49811864 46.05791473
v 50.34782791 3.46959996 47.05174637
v 50.39094925 3.49987602 47.03040695
v 50.43908310 3.51850104 47.00658798
v 50.48974609 3.52451229 46.98151779
v 50.54031372 3.51759911 46.95648956
v 50.58817291 3.49811864 46.93280411
v 50.69869614 3.46959996 47.96463776
v 50.74500656 3.49987602 47.95160294
v 50.79670334 3.51850104 47.93705368
v 50.85111618 3.52451229 47.92174149
v 50.90542603 3.51759911 47.90645599
v 50.95683289 3.49811864 47.89198685
v 51.70225143 3.32517290 49.27542496
v 51.66893005 3.36386681 49.25743866
v 51.59362030 3.45008993 49.14583969
v 51.58066177 3.46437812 49.09525299
v 51.42926788 3.33070469 49.21012878
v 51.61331177 3.42782497 49.19108582
v 51.63881302 3.39862776 49.22887802
v 42.18280792 3.49811864 43.84098816
v 42.18280792 3.51759911 43.89439011
v 42.18280792 3.52451229 43.95080948
v 42.18280792 3.51850104 44.00733566
v 42.18280792 3.49987602 44.06104279
v 42.18280792 3.46959996 44.10915375
v 51.60067368 3.48132157 49.09486389
v 51.61346436 3.46690607 49.14547348
v 51.63290787 3.44443703 49.19075012
v 51.68783951 3.37988353 49.25714493
v 51.65809250 3.41496873 49.22856522
v 51.72075272 3.34082818 49.27515030
v 51.63835144 3.42502666 49.21081543
v 41.81002045 3.25841904 43.82009506
v 41.82896805 3.30521607 43.79722977
v 41.99789047 3.42419171 43.73807144
v 41.94551849 3.40805507 43.74634171
v 41.91729355 3.43283439 43.88086700
v 41.85892868 3.34706831 43.77666855
v 41.89842606 3.38191891 43.75942230
v 41.97000504 3.47007632 43.91814423
v 42.05942535 3.48372769 44.04793167
v 42.03442383 3.49908018 43.94219971
v 51.89502716 3.70513797 49.26884842
v 51.84394836 3.70567870 49.25168228
v 51.72814941 3.70567870 49.14248657
v 51.70801544 3.70513797 49.09250259
v 51.71511841 3.50809741 49.20996094
v 51.75852585 3.70595574 49.18700027
v 51.79773331 3.70595574 49.22396851
v 41.87689209 3.33292890 43.66313553
v 41.87715912 3.34526110 43.71657181
v 51.71101379 3.88548017 49.08945084
v 51.73115540 3.88602042 49.13941193
v 51.89801025 3.88548017 49.26570511
v 51.84694672 3.88602042 49.24854660
v 51.77913666 3.82621837 49.20447159
v 51.76153564 3.88629746 49.18390274
v 51.80073929 3.88629746 49.22085190
v 41.99939728 3.48267746 43.39545441
v 41.94695282 3.46910954 43.38333511
v 41.89981842 3.44697189 43.36412430
v 41.86030960 3.41735601 43.33876801
v 41.83037567 3.38172197 43.30851364
v 41.81149292 3.34182620 43.27485657
v 41.87879181 3.42205858 43.36515427
v 41.87888718 3.42754865 43.35865784
v 51.70292282 4.07926369 48.91491699
v 51.78760147 4.21474600 48.90821838
v 51.74906921 4.10029459 49.07318497
v 51.72107697 4.13025904 48.91348267
v 51.74975204 4.17613745 48.91121292
v 51.75249863 4.08030415 49.09862137
v 51.75609207 4.05799818 49.12143326
v 51.76024246 4.03087139 49.14373016
v 41.81793976 3.70521855 43.10167313
v 41.83643723 3.70581794 43.15449905
v 42.00600815 3.70521855 43.28974533
v 41.95318604 3.70581794 43.27124786
v 41.88267899 3.60389209 43.23910904
v 41.86621857 3.70612502 43.20188522
v 41.90579605 3.70612502 43.24146652
v 41.88065720 3.51060963 43.28324890
v 45.60838699 4.07926369 43.28361511
v 51.62222290 4.21474600 47.89534760
v 51.58538437 4.17613745 47.90454483
v 51.55747604 4.13025904 47.91151428
v 51.53981018 4.07926369 47.91592789
v 51.29198456 4.21474600 46.92364502
v 51.25717163 4.17613745 46.93879700
v 51.23079681 4.13025904 46.95027542
v 51.21409988 4.07926369 46.95754242
v 50.80594635 4.21474600 46.01975250
v 50.77410889 4.17613745 46.04043961
v 50.74998856 4.13025904 46.05611420
v 50.73471832 4.07926369 46.06603622
v 50.17742538 4.21474600 45.20844650
v 50.14943695 4.17613745 45.23410416
v 50.12823486 4.13025904 45.25354004
v 50.11481094 4.07926369 45.26584625
v 49.42365265 4.21474600 44.51196671
v 49.40028000 4.17613745 44.54188919
v 49.38257599 4.13025904 44.56455994
v 49.37136841 4.07926369 44.57891083
v 48.56528854 4.21474600 43.94940567
v 48.54717636 4.17613745 43.98277664
v 48.53345490 4.13025904 44.00805664
v 48.52476883 4.07926369 44.02405930
v 47.62587357 4.21474600 43.53618622
v 47.61351395 4.17613745 43.57208633
v 47.60415268 4.13025904 43.59928513
v 47.59822464 4.07926369 43.61650467
v 46.63114929 4.21474600 43.28363419
v 45.60838699 4.21474600 43.19867325
v 46.62488174 4.17613745 43.32108307
v 45.60838699 4.17613745 43.23664093
v 46.62013626 4.13025904 43.34945297
v 45.60838699 4.13025904 43.26540375
v 46.61713409 4.07926369 43.36741257
v 42.00907135 3.88067889 43.28668213
v 41.95624924 3.88127828 43.26818466
v 41.90885925 3.88158584 43.23840332
v 41.86928177 3.88158584 43.19882584
v 41.83950043 3.88127828 43.15143585
v 41.82100296 3.88067889 43.09861374
v 42.19522095 4.07926369 43.28361511
v 42.19522095 4.13025904 43.26540375
v 42.19522095 4.17613745 43.23664093
v 42.19522095 4.21474600 43.19867325
v 41.94648361 4.02419233 43.23712158
v 41.96752167 4.05038214 43.24021149
v 41.98624420 4.06967306 43.24246597
v 42.01168823 4.09133196 43.24497223
v 42.03408051 4.10687351 43.24676132
v 52.65471268 4.51252794 48.88834763
v 52.87649536 4.35994530 48.87232971
v 46.77938843 4.51252794 42.43025589
v 45.60838699 4.51252794 42.33253098
v 46.78871155 4.50427723 42.37479019
v 45.60838699 4.50427723 42.27628708
v 46.79748154 4.48353434 42.32259750
v 45.60838699 4.48353434 42.22336197
v 46.80525208 4.45137262 42.27637482
v 45.60838699 4.45137262 42.17649460
v 46.81161499 4.40945339 42.23851395
v 45.60838699 4.40945339 42.13809967
v 46.81624603 4.35994530 42.21096802
v 45.60838699 4.35994530 42.11016846
v 47.91799164 4.51252794 42.72072601
v 47.93637848 4.50427723 42.66757584
v 47.95367813 4.48353434 42.61755753
v 47.96900177 4.45137262 42.57326508
v 47.98155594 4.40945339 42.53697968
v 47.99068451 4.35994530 42.51058197
v 48.99269867 4.51252794 43.19590759
v 49.01963806 4.50427723 43.14653778
v 49.04499435 4.48353434 43.10008240
v 49.06744766 4.45137262 43.05894089
v 49.08583832 4.40945339 43.02523804
v 49.09922028 4.35994530 43.00072098
v 49.97377396 4.51252794 43.84265518
v 50.00852585 4.50427723 43.79843521
v 50.04122925 4.48353434 43.75682449
v 50.07019043 4.45137262 43.71997070
v 50.09391403 4.40945339 43.68978500
v 50.11117554 4.35994530 43.66782379
v 50.83407974 4.51252794 44.64307022
v 50.87567902 4.50427723 44.60522461
v 50.91482925 4.48353434 44.56960678
v 50.94949722 4.45137262 44.53806686
v 50.97789764 4.40945339 44.51222992
v 50.99855804 4.35994530 44.49343491
v 51.54980850 4.51252794 45.57501602
v 51.59711075 4.50427723 45.54458618
v 51.64162064 4.48353434 45.51595306
v 51.68103790 4.45137262 45.49059677
v 51.71332550 4.40945339 45.46982193
v 51.73681641 4.35994530 45.45471191
v 52.10116577 4.51252794 46.61270523
v 52.15285492 4.50427723 46.59053802
v 52.20149612 4.48353434 46.56967545
v 52.24457169 4.45137262 46.55120468
v 52.27985764 4.40945339 46.53607178
v 52.30552673 4.35994530 46.52506256
v 52.47289658 4.51252794 47.72742844
v 52.52754211 4.50427723 47.71413422
v 52.71080780 4.50427723 48.88429642
v 52.57896805 4.48353434 47.70162582
v 52.76359558 4.48353434 48.88048553
v 52.62451172 4.45137262 47.69054794
v 52.81034470 4.45137262 48.87710953
v 52.66181564 4.40945339 47.68147278
v 52.84863663 4.40945339 48.87434387
v 52.68895721 4.35994530 47.67486954
v 42.19923782 4.35994530 42.11016846
v 42.19923782 4.40945339 42.13809967
v 42.19923782 4.45137262 42.17649460
v 42.19923782 4.48353434 42.22336197
v 42.19923782 4.50427723 42.27628708
v 42.19923782 4.51252794 42.33253098
v 52.74354553 4.16804838 49.25996780
v 52.79317856 4.18918848 49.24011993
v 52.90076447 4.23361444 49.11702347
v 52.91652298 4.23947668 49.06205750
v 52.69002914 4.47860003 49.03824234
v 52.79222488 4.43513870 49.03981400
v 52.80944061 4.38714743 49.09931183
v 52.81465530 4.33630991 49.15044785
v 52.87392426 4.22286177 49.16670609
v 52.83741760 4.20778751 49.20847321
v 41.82593155 4.16600752 42.25283051
v 41.84462357 4.18667030 42.20455933
v 42.01391602 4.23769712 42.08041382
v 41.96128845 4.23116064 42.09755707
v 41.93367004 4.33736372 42.18402100
v 41.87448502 4.20499706 42.16121292
v 41.91402817 4.22007704 42.12494659
v 41.98656464 4.38956738 42.18782425
v 42.07621002 4.48378754 42.27745438
v 42.05107880 4.42696142 42.18696213
v 53.18793106 3.86746383 49.26700211
v 53.18793106 3.91359353 49.25218201
v 53.18793488 4.03814411 49.13494492
v 53.18793869 4.05808973 49.08036804
v 52.98833847 4.05572367 49.19408035
v 53.18793488 4.00634384 49.18355179
v 53.18793488 3.96401429 49.22332001
v 41.82075500 3.87427020 41.80841446
v 41.83975601 3.92627025 41.80841446
v 42.00860596 4.05887032 41.80841446
v 41.95628357 4.04078054 41.80841446
v 41.88969803 4.05323696 42.00826645
v 41.86973572 3.97281384 41.80841446
v 41.90922165 4.01161861 41.80841446
v 53.20795441 3.87427020 49.26557541
v 53.20795441 3.92627025 49.24657440
v 53.20795441 3.97281384 49.21659470
v 53.20795441 4.01161861 49.17710876
v 53.20795441 4.04078054 49.13004684
v 53.20795441 4.05887032 49.07772446
v 42.00860596 4.05887032 41.78841400
v 41.95628357 4.04078054 41.78841400
v 41.90922165 4.01161861 41.78841400
v 41.86973572 3.97281384 41.78841400
v 41.83975601 3.92627025 41.78841400
v 41.82075500 3.87427020 41.78841400
v 53.65390396 4.16509199 49.26074982
v 53.60681534 4.18528032 49.24304199
v 53.50046921 4.22963428 49.13192368
v 53.48222351 4.23669434 49.08137131
v 53.40889740 4.05102348 49.19894028
v 53.52825165 4.21832848 49.17707825
v 53.56426620 4.20330858 49.21470642
v 41.82594681 4.16684198 41.34363937
v 41.84463882 4.18741465 41.39194870
v 42.01393127 4.23820829 41.51619720
v 41.96129990 4.23170424 41.49903870
v 41.88970184 4.05342484 41.58827591
v 41.87449646 4.20565987 41.43532944
v 41.91403961 4.22067213 41.47163010
v 53.72491074 4.51351023 48.88602829
v 53.50327682 4.36051035 48.89998627
v 53.53106308 4.41007090 48.89823532
v 53.64489746 4.31381798 49.20736313
v 53.58765030 4.38167095 49.11182785
v 53.67379761 4.48376513 49.01215363
v 53.66879654 4.50515366 48.88956070
v 53.61601639 4.48431158 48.89288712
v 53.59085464 4.40637493 49.08245850
v 53.54131317 4.36340094 49.06647491
v 53.58616257 4.43463898 49.02397919
v 53.56930161 4.45206165 48.89582825
v 42.19925308 4.51351023 41.26459885
v 42.19925308 4.36051035 41.48667145
v 42.19925308 4.41007090 41.45883179
v 42.04708481 4.47862387 41.29499435
v 42.19925308 4.50515366 41.32082367
v 42.19925308 4.48431158 41.37371063
v 42.03946304 4.43346691 41.39529037
v 42.19925308 4.45206165 41.42051697
v 41.98040390 4.38467073 41.41005707
v 41.93070602 4.33368540 41.41375732
v 45.60838699 4.51351023 41.26459885
v 45.60838699 4.36051035 41.48667145
v 53.55602264 4.51351023 47.67256927
v 53.50107574 4.50515366 47.68449402
v 53.44939423 4.48431158 47.69570923
v 53.40364838 4.45206165 47.70563507
v 53.36620712 4.41007090 47.71376038
v 53.33900070 4.36051035 47.71966553
v 53.20676804 4.51351023 46.49825287
v 53.15423203 4.50515366 46.51829529
v 53.10482407 4.48431158 46.53714752
v 53.06108856 4.45206165 46.55383301
v 53.02529144 4.41007090 46.56748962
v 52.99927902 4.36051035 46.57741165
v 52.68506622 4.51351023 45.38972473
v 52.63614273 4.50515366 45.41743088
v 52.59012222 4.48431158 45.44349289
v 52.54939270 4.45206165 45.46655655
v 52.51605225 4.41007090 45.48543930
v 52.49182892 4.36051035 45.49915695
v 52.00276566 4.51351023 44.37214661
v 51.95855713 4.50515366 44.40688705
v 51.91697693 4.48431158 44.43956375
v 51.88017273 4.45206165 44.46848679
v 51.85004425 4.41007090 44.49216080
v 51.82815933 4.36051035 44.50936508
v 51.17534637 4.51351023 43.46860886
v 51.13685989 4.50515366 43.50959778
v 51.10065842 4.48431158 43.54814911
v 51.06861496 4.45206165 43.58227539
v 51.04238892 4.41007090 43.61020279
v 51.02333450 4.36051035 43.63049698
v 50.22158813 4.51351023 42.69961929
v 50.18969345 4.50515366 42.74592209
v 50.15969467 4.48431158 42.78947449
v 50.13314438 4.45206165 42.82802582
v 50.11140823 4.41007090 42.85958099
v 50.09561920 4.36051035 42.88250732
v 49.16313553 4.51351023 42.08262634
v 49.13855743 4.50515366 42.13319778
v 49.11544418 4.48431158 42.18076324
v 49.09498215 4.45206165 42.22286224
v 49.07823563 4.41007090 42.25732422
v 49.06606674 4.36051035 42.28236389
v 48.02400970 4.51351023 41.63163376
v 48.00730896 4.50515366 41.68532562
v 47.99160004 4.48431158 41.73582077
v 47.97769547 4.45206165 41.78051758
v 47.96631622 4.41007090 41.81710434
v 47.95804596 4.36051035 41.84368515
v 46.83005905 4.51351023 41.35688019
v 46.82161331 4.50515366 41.41246796
v 45.60838699 4.50515366 41.32082367
v 45.60838699 4.48431158 41.37371063
v 46.81367111 4.48431158 41.46475220
v 46.80663681 4.45206165 41.51103210
v 45.60838699 4.45206165 41.42051697
v 46.80088425 4.41007090 41.54891205
v 45.60838699 4.41007090 41.45883179
v 46.79669952 4.36051035 41.57643509
v 54.67727661 4.08198738 48.87368393
v 46.96482849 4.21763563 40.50128555
v 45.60838699 4.21763563 40.39846420
v 46.97056961 4.17900848 40.46361923
v 45.60838699 4.17900848 40.36036301
v 46.97492218 4.13307142 40.43508148
v 45.60838699 4.13307142 40.33149338
v 46.97767639 4.08198738 40.41700745
v 45.60838699 4.08198738 40.31321716
v 48.29026794 4.21763563 40.80739594
v 48.30162430 4.17900848 40.77102661
v 48.31022644 4.13307142 40.74346924
v 48.31567383 4.08198738 40.72602081
v 49.55442429 4.21763563 41.30979919
v 49.57113266 4.17900848 41.27555847
v 49.58378983 4.13307142 41.24961090
v 49.59180832 4.08198738 41.23318481
v 50.72840500 4.21763563 41.99702072
v 50.75008392 4.17900848 41.96568680
v 50.76651001 4.13307142 41.94194412
v 50.77690887 4.08198738 41.92691422
v 51.78538132 4.21763563 42.85334778
v 51.81153488 4.17900848 42.82564163
v 51.83135223 4.13307142 42.80464554
v 51.84389877 4.08198738 42.79135513
v 52.70120239 4.21763563 43.85921860
v 52.73123169 4.17900848 43.83576965
v 52.75398636 4.13307142 43.81800079
v 52.76839447 4.08198738 43.80675507
v 53.45493698 4.21763563 44.99164200
v 53.48815918 4.17900848 44.97298813
v 53.51333237 4.13307142 44.95885468
v 53.52927017 4.08198738 44.94990540
v 54.02936172 4.21763563 46.22474289
v 54.06501389 4.17900848 46.21130753
v 54.09202957 4.13307142 46.20112991
v 54.10913467 4.08198738 46.19468689
v 54.41135025 4.21763563 47.53033829
v 54.59217072 4.21763563 48.87859726
v 54.44861984 4.17900848 47.52243423
v 54.63020706 4.17900848 48.87640381
v 54.47686005 4.13307142 47.51644516
v 54.65903091 4.13307142 48.87474060
v 54.49474335 4.08198738 47.51265335
v 42.19526672 4.21763563 40.39846420
v 42.19526672 4.17900848 40.36036301
v 42.19526672 4.13307142 40.33149338
v 42.19526672 4.08198738 40.31321716
v 54.68940735 3.88002086 49.06836319
v 54.67223358 3.88066554 49.12321091
v 54.50095367 3.88002086 49.26499557
v 54.55502319 3.88066554 49.24551010
v 54.63922501 4.01604700 49.14111328
v 54.64299011 3.88099647 49.17269135
v 54.60321808 3.88099647 49.21418762
v 54.64184952 4.04360533 49.12031555
v 54.64382935 4.06610203 49.09954071
v 54.64544678 4.08654833 49.07672882
v 54.64681244 4.10664845 49.04893875
v 42.00912094 3.88347602 40.31012726
v 41.95629883 3.88407540 40.32862473
v 41.83955002 3.88407540 40.44537354
v 41.82105255 3.88347602 40.49819946
v 42.02756119 4.10545111 40.35070038
v 42.00072479 4.08539963 40.35295486
v 41.97640610 4.06273794 40.35557175
v 41.95248032 4.03492832 40.35884094
v 41.86933136 3.88438249 40.39798737
v 41.90890884 3.88438249 40.35840607
v 54.69249725 3.70964265 49.07141113
v 54.67531204 3.71028686 49.12623978
v 54.50404358 3.70964265 49.26797485
v 54.55810547 3.71028686 49.24849319
v 54.62634659 3.76745248 49.19659042
v 54.64606094 3.71061778 49.17570496
v 54.60629272 3.71061778 49.21718597
v 42.00608444 3.70958018 40.30709457
v 41.95326233 3.71017957 40.32558823
v 41.90587234 3.71048665 40.35537338
v 41.86629486 3.71048665 40.39495087
v 41.83651352 3.71017957 40.44233704
v 41.81801605 3.70958018 40.49516296
v 54.67767715 3.34613657 49.27455521
v 54.71169662 3.38671446 49.25506592
v 54.78645706 3.47454023 49.13512421
v 54.79803848 3.48753333 49.08145142
v 54.64339828 3.60923600 49.20001602
v 54.76750946 3.45259428 49.18352890
v 54.74215698 3.42281342 49.22420120
v 41.81155777 3.34542346 40.32106781
v 41.83044052 3.38540125 40.28750992
v 41.99945831 3.48657036 40.20082474
v 41.94701767 3.47297215 40.21290588
v 41.88072205 3.51447654 40.31325912
v 41.86037064 3.42110920 40.25734711
v 41.89987946 3.45078707 40.23206329
v 41.88275146 3.60796809 40.35763931
v 54.81811905 3.47067761 49.08166885
v 54.80640030 3.45781684 49.13535690
v 54.78721237 3.43607664 49.18377686
v 54.73069000 3.37078476 49.25533295
v 54.76153946 3.40656447 49.22445679
v 54.69623184 3.33056092 49.27482605
v 54.76861572 3.42769289 49.20513916
v 41.99918747 3.46971345 40.18078613
v 41.94674301 3.45624661 40.19301987
v 41.89960480 3.43426681 40.21241760
v 41.83016586 3.36946964 40.26856613
v 41.86009598 3.40485787 40.23801804
v 41.81128693 3.32984662 40.30255127
v 41.87894821 3.43135977 40.23749161
v 41.87885666 3.42589545 40.23099518
v 55.21957397 3.26107883 49.27639008
v 55.19721222 3.30758691 49.25781631
v 55.13872910 3.42716622 49.09177780
v 54.96280289 3.33674884 49.20893097
v 55.17705917 3.34928441 49.22843933
v 55.05949402 3.38599849 49.13861084
v 55.14709473 3.41054845 49.14337158
v 55.16007996 3.38416433 49.18966675
v 41.87709808 3.34339643 40.07336044
v 41.87773895 3.37296033 40.15338516
v 55.50548553 3.47528982 48.89024353
v 55.23759842 3.50314450 48.90396881
v 55.29088211 3.52275705 48.90123749
v 55.26970673 3.42632866 49.17918396
v 55.36661530 3.44335675 49.15291595
v 55.30428314 3.46093416 49.13618851
v 55.32201385 3.47567749 49.11224747
v 55.33112717 3.48357654 49.09716797
v 55.44811249 3.48963165 49.01898956
v 55.45736313 3.50544667 48.89271164
v 55.40367889 3.52393866 48.89545822
v 55.26983643 3.48682618 49.07283783
v 55.34799576 3.50837183 49.03509903
v 55.34721375 3.52980995 48.89835358
v 42.18289948 3.47528982 39.48713303
v 42.18289948 3.50314450 39.75536728
v 42.18289948 3.52275705 39.70201492
v 42.03027725 3.46880317 39.53378296
v 42.18289948 3.50544667 39.53531647
v 42.18289948 3.52393866 39.58906937
v 42.02284622 3.49924779 39.63931274
v 42.18289948 3.52980995 39.64560699
v 41.96391296 3.47165179 39.68258667
v 41.91441727 3.43525076 39.71895599
v 45.60838699 3.47528982 39.48713303
v 55.34138107 3.47528982 47.53216553
v 55.29405594 3.50544667 47.54123306
v 55.24126434 3.52393866 47.55134964
v 55.18573380 3.52980995 47.56198883
v 55.13034058 3.52275705 47.57260513
v 55.07793808 3.50314450 47.58264542
v 54.99182129 3.47528982 46.20962143
v 54.94619751 3.50544667 46.22512054
v 54.89530182 3.52393866 46.24240875
v 54.84176636 3.52980995 46.26059341
v 54.78836060 3.52275705 46.27873611
v 54.73784256 3.50314450 46.29589844
v 54.46347046 3.47528982 44.94781494
v 54.42041397 3.50544667 44.96944809
v 54.37238312 3.52393866 44.99358368
v 54.32186127 3.52980995 45.01896667
v 54.27146149 3.52275705 45.04429245
v 54.22378922 3.50314450 45.06824493
v 53.76638794 3.47528982 43.77078629
v 53.72672272 3.50544667 43.79814529
v 53.68247223 3.52393866 43.82866287
v 53.63592911 3.52980995 43.86076355
v 53.58949661 3.52275705 43.89278793
v 53.54557800 3.50314450 43.92307663
v 52.91386414 3.47528982 42.70096970
v 52.87834167 3.50544667 42.73352814
v 52.83871841 3.52393866 42.76984787
v 52.79703903 3.52980995 42.80805206
v 52.75545883 3.52275705 42.84616470
v 52.71612549 3.50314450 42.88221359
v 51.92213821 3.47528982 41.75874329
v 51.89143753 3.50544667 41.79588318
v 51.85719299 3.52393866 41.83731079
v 51.82117081 3.52980995 41.88089371
v 51.78523636 3.52275705 41.92436981
v 51.75124359 3.50314450 41.96549225
v 50.81010818 3.47528982 40.96205902
v 50.78481293 3.50544667 41.00307465
v 50.75659943 3.52393866 41.04882431
v 50.72692490 3.52980995 41.09695053
v 50.69731522 3.52275705 41.14496231
v 50.66931152 3.50314450 41.19037247
v 49.59896088 3.47528982 40.32610321
v 49.57955933 3.50544667 40.37020874
v 49.55791473 3.52393866 40.41941071
v 49.53514481 3.52980995 40.47116470
v 49.51243210 3.52275705 40.52279282
v 49.49094772 3.50314450 40.57163239
v 48.31177902 3.47528982 39.86299133
v 48.29863358 3.50544667 39.90934753
v 48.28396988 3.52393866 39.96106339
v 48.26854706 3.52980995 40.01545715
v 48.25316238 3.52275705 40.06972504
v 48.23860550 3.50314450 40.12105179
v 46.97308350 3.47528982 39.58154678
v 46.96644974 3.50544667 39.62927246
v 45.60838699 3.50544667 39.53531647
v 45.60838699 3.52393866 39.58906937
v 46.95904541 3.52393866 39.68251038
v 46.95125961 3.52980995 39.73851395
v 45.60838699 3.52980995 39.64560699
v 46.94349289 3.52275705 39.79438019
v 45.60838699 3.52275705 39.70201492
v 46.93614578 3.50314450 39.84722519
v 45.60838699 3.50314450 39.75536728
f 9522 9502 9499
f 9522 7802 7804
f 9522 7800 7802
f 9522 3476 3475
f 9522 7804 9521
f 9522 3475 9497
f 9522 9499 7800
f 9522 9521 3476
f 3665 3465 9513
f 9503 9513 9517
f 9503 3665 9513
f 9509 9517 9518
f 9522 9501 9502
f 9522 9497 9501
f 9521 9516 3476
f 9521 7790 9519
f 9521 9519 9516
f 9521 7804 7790
f 9519 9518 9516
f 9519 7792 9515
f 9519 9515 9520
f 9519 9520 9518
f 9519 7790 7792
f 9516 9513 3464
f 9524 9523 725
f 9530 9527 9532
f 9530 9532 9531
f 9530 9531 9524
f 7773 7774 9528
f 7774 7772 9528
f 9528 7772 9529
f 7766 7764 9527
f 7764 7762 9525
f 7764 9525 9527
f 9526 721 714
f 7762 7760 9525
f 9509 9503 9517
f 725 9523 723
f 9523 726 723
f 7808 9504 7791
f 9504 9505 9514
f 9504 9514 7791
f 9505 9512 9515
f 9505 9515 9514
f 9512 9510 9520
f 9512 9520 9515
f 9510 9509 9518
f 9510 9518 9520
f 9506 3680 3679
f 9508 9509 9510
f 9508 3678 3677
f 9508 3677 3664
f 9507 7803 9506
f 9507 9506 3679
f 9507 7806 7805
f 9507 7805 7803
f 9507 3679 3678
f 9506 7801 9491
f 9506 9490 3680
f 9506 7803 7801
f 9508 9503 9509
f 9506 9495 9490
f 9506 9494 9495
f 9506 9491 9494
f 7808 7809 9504
f 7809 7807 9504
f 9504 7807 9505
f 7801 7799 9491
f 7799 7797 9492
f 7799 9492 9491
f 9503 3664 3665
f 7797 7795 9492
f 7792 9514 9515
f 9516 3478 3477
f 9516 3477 3476
f 9516 9518 9517
f 9516 9517 9513
f 7794 7796 9498
f 7796 7798 9498
f 7798 7800 9498
f 9498 7800 9499
f 9497 3470 9496
f 9497 3475 3470
f 7792 7791 9514
f 9516 3464 3478
f 9496 3470 3469
f 9513 3465 3464
f 9511 9507 9508
f 9511 9505 7807
f 9511 7806 9507
f 9511 9508 9510
f 9511 7807 7806
f 9511 9510 9512
f 9511 9512 9505
f 9508 9507 3678
f 9508 3664 9503
f 7757 7756 9544
f 9551 773 787
f 9551 787 786
f 9551 9540 9539
f 9551 9541 9540
f 7759 7761 9549
f 7761 7763 9549
f 7763 7765 9549
f 9549 7765 9550
f 9548 777 9547
f 9548 778 777
f 7757 9544 9543
f 9551 774 773
f 9547 777 776
f 9539 713 774
f 9546 9527 235
f 9546 235 9545
f 9546 228 9524
f 9546 9545 228
f 9546 9532 9527
f 9546 9531 9532
f 9546 9524 9531
f 9545 235 242
f 9545 242 241
f 9554 9555 9550
f 9558 231 230
f 9557 232 5390
f 9557 230 232
f 9554 9550 7765
f 9554 778 9548
f 9554 7769 9553
f 9554 9553 786
f 9554 7765 7767
f 9554 7767 7769
f 9554 9548 9556
f 9554 9556 9555
f 9545 241 228
f 9554 786 778
f 9553 9552 9551
f 9553 7755 9552
f 9553 9551 786
f 9553 7769 7755
f 9552 7757 9543
f 9552 9541 9551
f 9552 7755 7757
f 9552 9542 9541
f 9552 9543 9542
f 9551 9539 774
f 9534 9526 9535
f 9526 714 9539
f 714 713 9539
f 9537 9533 9534
f 9537 9529 7772
f 9537 7771 9533
f 9537 9534 9536
f 9537 7772 7771
f 9537 9536 9538
f 9537 9538 9529
f 9534 9533 731
f 9534 721 9526
f 9535 9539 9540
f 9534 9535 9536
f 9534 731 722
f 9534 722 721
f 9533 7768 9530
f 9533 9530 732
f 9533 7771 7770
f 9533 7770 7768
f 9533 732 731
f 9530 7766 9527
f 9530 9524 725
f 9530 7768 7766
f 4498 225 227
f 7760 7758 9525
f 9525 7758 9527
f 7758 235 9527
f 7758 7753 235
f 7753 236 233
f 7753 233 235
f 9524 4497 9523
f 9524 228 4497
f 9523 4497 726
f 4497 228 4498
f 228 225 4498
f 9530 725 732
f 7773 9528 9544
f 7773 9544 7756
f 9528 9529 9544
f 9529 9538 9542
f 9529 9542 9543
f 9529 9543 9544
f 9538 9536 9541
f 9538 9541 9542
f 9536 9535 9540
f 9536 9540 9541
f 9535 9526 9539
f 9444 9443 4522
f 9467 9451 9452
f 9467 9446 9451
f 5343 7838 9466
f 9466 7838 9465
f 7838 7836 9465
f 9464 4512 9463
f 9464 4514 4512
f 7832 7830 9446
f 9463 4512 4511
f 7830 9445 9446
f 7830 7828 9445
f 4520 9444 4522
f 9467 9452 9444
f 4522 9443 739
f 9462 9460 9461
f 9462 9439 7811
f 9462 7813 9460
f 9462 9461 9435
f 9462 7811 7813
f 9462 9437 9439
f 9462 9435 9437
f 9461 756 9431
f 9461 9460 770
f 9461 770 769
f 3508 9470 3510
f 7827 7829 9455
f 9455 7829 9456
f 7829 7831 9456
f 9454 3500 9453
f 9454 3501 3500
f 7835 7837 9473
f 9453 3500 761
f 7837 5342 9472
f 7837 9472 9473
f 3506 9471 3508
f 9471 9470 3508
f 9461 769 756
f 9467 9465 7836
f 9467 7832 9446
f 9467 4514 9464
f 9467 9444 4520
f 9467 7836 7834
f 9467 7834 7832
f 9467 9464 9469
f 9467 9469 9468
f 9467 9468 9465
f 9467 4520 4517
f 9467 4517 4514
f 9449 9448 9447
f 9453 761 762
f 9450 9446 7822
f 9450 745 9444
f 9450 7818 9449
f 9450 9449 746
f 9450 7822 7820
f 9450 7820 7818
f 9450 9444 9452
f 9450 9452 9451
f 9450 9451 9446
f 9450 746 745
f 772 9453 762
f 9449 7815 9448
f 9449 9447 746
f 9449 7818 7815
f 9448 7817 9440
f 9448 9436 9447
f 9448 7815 7817
f 9448 9438 9436
f 9448 9440 9438
f 9447 9432 734
f 9447 734 748
f 9447 748 747
f 9457 9459 9458
f 9461 9433 9435
f 9461 9431 9433
f 9460 7819 9457
f 9460 9457 771
f 9460 771 770
f 9460 7813 7816
f 9460 7816 7819
f 9457 7821 9456
f 9457 9454 772
f 9457 772 771
f 9457 9456 9459
f 9474 9454 9458
f 9457 9458 9454
f 9457 7819 7821
f 7810 7812 9441
f 7812 7811 9441
f 9441 7811 9439
f 7821 7823 9456
f 7823 7825 9455
f 7823 9455 9456
f 9431 756 757
f 7825 7827 9455
f 9454 9453 772
f 9493 9495 9494
f 7789 9498 9499
f 3490 9497 3489
f 9497 9496 3489
f 3489 9496 3469
f 9493 9491 7788
f 9493 7784 9481
f 9493 4501 9490
f 9493 9478 4505
f 9493 7788 7785
f 9493 7785 7784
f 9493 9490 9495
f 7789 7794 9498
f 9493 9494 9491
f 9493 4505 4503
f 9493 4503 4501
f 9493 9479 9478
f 9493 9480 9479
f 9493 9481 9480
f 7795 7793 9492
f 9492 7793 9491
f 7793 7788 9491
f 9490 4502 9489
f 9490 4501 4502
f 9500 7783 7786
f 3680 9489 3670
f 9489 3669 3670
f 9500 9487 7783
f 9500 7787 9499
f 9500 3494 9484
f 9500 9497 3490
f 9500 3490 3492
f 9500 3492 3494
f 9500 9499 9502
f 9500 9502 9501
f 9500 9501 9497
f 7784 7782 9481
f 9500 7786 7787
f 9500 9486 9487
f 9500 9485 9486
f 9500 9484 9485
f 5345 7781 9488
f 9488 7781 9487
f 7781 7783 9487
f 9484 3496 9483
f 9484 3494 3496
f 7787 7789 9499
f 9483 3496 3498
f 9474 7835 9473
f 9465 9468 9480
f 9465 9480 9481
f 9468 9469 9479
f 9468 9479 9480
f 9469 9464 9478
f 9469 9478 9479
f 9464 9463 9477
f 9464 9477 9478
f 9463 4509 9477
f 9463 4511 4509
f 9474 9456 7831
f 9466 9481 9482
f 9474 3501 9454
f 9474 9471 3506
f 9474 3506 3504
f 9474 3504 3501
f 9474 9473 9476
f 9474 9476 9475
f 9474 9475 9471
f 9474 7831 7833
f 9474 7833 7835
f 9474 9459 9456
f 9474 9458 9459
f 9487 9476 9473
f 9489 4502 3669
f 7782 9482 9481
f 7782 5344 9482
f 4505 9478 4507
f 9478 9477 4507
f 4507 9477 4509
f 5345 9488 9472
f 5345 9472 5342
f 9488 9487 9473
f 9488 9473 9472
f 9487 9486 9476
f 9490 9489 3680
f 9486 9485 9475
f 9486 9475 9476
f 9485 9484 9471
f 9485 9471 9475
f 9484 9483 9470
f 9484 9470 9471
f 9483 3498 3510
f 9483 3510 9470
f 5343 9466 9482
f 5343 9482 5344
f 9466 9465 9481
f 9648 822 820
f 9654 822 9648
f 9653 9647 9652
f 9652 9646 9645
f 9652 9645 9651
f 9652 9647 9646
f 9651 9645 9644
f 9651 9644 9650
f 9650 9644 9643
f 9650 9643 9649
f 9649 9643 6891
f 9649 6891 6898
f 9648 820 9642
f 9654 828 822
f 9648 9642 9647
f 9647 9642 9641
f 9647 9641 9640
f 9647 9640 9646
f 9646 9640 9639
f 9646 9639 9645
f 9645 9639 9638
f 9645 9638 9644
f 9644 9637 9643
f 9644 9638 9637
f 9643 9637 6884
f 9659 9653 9652
f 9663 9657 9662
f 9662 9655 9661
f 9662 9657 9656
f 9662 9656 9655
f 9661 9655 6912
f 9660 9653 9659
f 9660 9654 9653
f 9660 840 834
f 9660 834 828
f 9660 828 9654
f 9659 9652 9658
f 9643 6884 6891
f 9658 9652 9651
f 9658 9651 9657
f 9657 9650 9656
f 9657 9651 9650
f 9656 9650 9649
f 9656 9649 9655
f 9655 9649 6898
f 9655 6898 6905
f 9655 6905 6912
f 9654 9648 9647
f 9654 9647 9653
f 9624 9614 9615
f 9627 9626 9625
f 9627 9628 9626
f 9625 6870 6879
f 9625 9626 6870
f 9624 9623 5385
f 9624 9615 3472
f 9624 5387 9612
f 9624 3482 9623
f 9624 5385 5386
f 9624 5386 5387
f 9624 3472 3482
f 9629 9630 9628
f 9624 9613 9614
f 9624 9612 9613
f 9623 3481 9622
f 9623 9622 5385
f 9623 3482 3481
f 9622 9621 5385
f 9622 3481 9621
f 9621 3480 9620
f 9621 9617 5382
f 9621 5382 5384
f 9621 5384 5385
f 9638 9627 9625
f 9642 9635 9633
f 9642 9633 9641
f 9642 816 9635
f 9642 820 816
f 9641 9633 9631
f 9641 9631 9640
f 9640 9629 9639
f 9640 9631 9629
f 9639 9627 9638
f 9639 9629 9627
f 9638 9625 9637
f 9664 9658 9657
f 9637 9625 6879
f 9637 6879 6884
f 9635 9634 9633
f 9635 807 9636
f 9635 9636 9634
f 9635 816 807
f 9633 9632 9631
f 9633 9634 9632
f 9631 9630 9629
f 9631 9632 9630
f 9629 9628 9627
f 9668 6933 9670
f 9692 9689 928
f 9692 928 927
f 9692 927 926
f 9692 9676 9674
f 9689 6876 9688
f 9689 9686 929
f 9689 929 928
f 9689 9688 9691
f 9689 9691 9690
f 9689 9690 9686
f 6926 6933 9668
f 9692 926 9676
f 6933 6932 9670
f 6876 6873 9688
f 9676 926 9678
f 6873 6875 9687
f 6873 9687 9688
f 9678 926 925
f 9678 925 811
f 6875 6874 9687
f 9686 9685 929
f 929 9685 930
f 9685 931 930
f 9679 808 933
f 9699 9680 9679
f 9699 9681 9680
f 6863 6868 9697
f 6868 6867 9697
f 6867 6866 9697
f 9697 6866 9698
f 9696 936 9695
f 9696 937 936
f 6869 9684 9683
f 6869 6871 9684
f 9695 936 935
f 6870 9626 6871
f 9694 9670 6932
f 9694 6876 9689
f 9694 9689 9693
f 9694 9693 9672
f 9694 6932 6931
f 9694 6931 6877
f 9694 6877 6876
f 9694 9672 9670
f 9693 9692 9674
f 9693 9689 9692
f 9693 9674 9672
f 9669 9667 9668
f 9675 9674 9676
f 9673 9671 9672
f 9673 9663 9671
f 9673 9664 9663
f 9673 9672 9674
f 9671 9669 9670
f 9671 9662 9669
f 9671 9663 9662
f 9671 9670 9672
f 9669 9661 9667
f 9669 9662 9661
f 9675 9665 9664
f 9669 9668 9670
f 9667 9661 6912
f 9667 6912 6919
f 9667 6919 6926
f 9667 6926 9668
f 9666 9659 9665
f 9666 9660 9659
f 9666 840 9660
f 9665 9659 9658
f 9665 9658 9664
f 9664 9657 9663
f 9636 808 9679
f 9626 9628 9684
f 9626 9684 6871
f 9628 9630 9683
f 9628 9683 9684
f 9630 9632 9682
f 9630 9682 9683
f 9632 9634 9680
f 9632 9680 9681
f 9632 9681 9682
f 9634 9636 9679
f 9634 9679 9680
f 9621 9618 9617
f 9636 807 808
f 9677 9675 9676
f 9677 9665 9675
f 9677 9666 9665
f 9677 840 9666
f 9677 811 810
f 9677 810 840
f 9677 9676 9678
f 9677 9678 811
f 9675 9673 9674
f 9675 9664 9673
f 9579 4504 4506
f 9566 9584 9571
f 9566 9583 9584
f 9570 9582 9567
f 9582 9581 9567
f 9567 9581 9568
f 9581 9580 9568
f 9568 9580 5391
f 9580 5392 5391
f 9579 9558 7780
f 9579 4506 9561
f 9579 9576 4504
f 9579 7778 9576
f 9565 9585 9583
f 9579 7780 7778
f 9579 9559 9558
f 9579 9560 9559
f 9579 9561 9560
f 9576 7776 9575
f 9576 9573 4499
f 9576 4499 4504
f 9576 9575 9578
f 9576 9578 9577
f 9576 9577 9573
f 9576 7778 7776
f 9574 5380 9588
f 4500 9572 9593
f 4500 9593 3667
f 9572 9573 9593
f 9573 9577 9592
f 9573 9592 9593
f 9577 9578 9591
f 9577 9591 9592
f 9578 9575 9590
f 9578 9590 9591
f 9575 9574 9589
f 9575 9589 9590
f 5390 7780 9557
f 9574 9588 9589
f 5380 5379 9588
f 9587 9571 9586
f 9587 9586 9570
f 9587 9570 9571
f 9586 9571 9584
f 9586 9582 9570
f 9586 9584 9582
f 3499 9585 9565
f 3499 3497 9585
f 9565 9583 9566
f 9564 238 9563
f 9566 3491 9565
f 9566 3488 3491
f 7752 7754 9550
f 9565 3491 3499
f 7754 9549 9550
f 7754 7759 9549
f 3484 9548 3483
f 9548 9547 3483
f 3483 9547 776
f 9564 9560 238
f 9564 239 9559
f 7749 7750 9567
f 9564 9563 239
f 9564 9559 9560
f 9563 238 239
f 4508 223 9562
f 223 222 9562
f 9562 222 9561
f 222 224 9561
f 9561 224 9560
f 224 238 9560
f 9559 231 9558
f 9559 239 231
f 9569 7750 7751
f 9557 7780 9558
f 7776 5380 9574
f 7776 9574 9575
f 9561 4506 9562
f 9562 4506 4508
f 9573 9572 4499
f 4499 9572 4500
f 9569 9567 7750
f 9569 7752 9550
f 9569 3488 9566
f 9569 9548 3484
f 3495 9585 3497
f 9569 7751 7752
f 9569 9566 9571
f 9569 9571 9570
f 9569 9570 9567
f 9569 3484 3486
f 9569 3486 3488
f 9569 9556 9548
f 9569 9555 9556
f 9569 9550 9555
f 5391 7749 9568
f 9568 7749 9567
f 9611 5389 9596
f 9616 9615 9595
f 9616 9595 9594
f 9615 9614 9601
f 9615 9601 9595
f 9614 9613 9600
f 9614 9600 9601
f 9613 9612 9600
f 9612 9611 9597
f 9612 9597 9600
f 9611 5388 5389
f 9611 9596 9597
f 3473 9594 3485
f 9608 9607 5373
f 9608 9603 3675
f 9608 3674 9607
f 9608 5372 9602
f 9608 3675 3674
f 9608 9602 9610
f 9608 9610 9609
f 9608 9609 9603
f 9608 5373 5372
f 9607 3673 9606
f 9607 9606 5374
f 9617 5381 5383
f 9621 9619 9618
f 9621 9620 9619
f 9621 3481 3480
f 3473 3471 9616
f 9616 3471 9615
f 3471 3472 9615
f 9612 5387 9611
f 9611 5387 5388
f 3480 3466 9620
f 3466 3467 9620
f 5382 9617 5383
f 9607 3674 3673
f 3663 9603 9620
f 3663 9620 3467
f 9603 9609 9620
f 9609 9610 9619
f 9609 9619 9620
f 9610 9602 9618
f 9610 9618 9619
f 9602 5370 9617
f 9602 9617 9618
f 5370 5381 9617
f 3473 9616 9594
f 9598 7777 7779
f 9599 9597 7775
f 9599 9598 3493
f 9599 3487 9595
f 9599 7777 9598
f 9599 7775 7777
f 9599 9595 9601
f 9599 9601 9600
f 9599 9600 9597
f 9599 3493 3487
f 9598 7779 9581
f 9598 9583 3495
f 9588 5379 5378
f 9598 3495 3493
f 9598 9584 9583
f 9598 9582 9584
f 9598 9581 9582
f 5389 7775 9596
f 9596 7775 9597
f 7779 9580 9581
f 7779 5392 9580
f 9595 3487 9594
f 9594 3487 3485
f 9583 9585 3495
f 9604 9590 9589
f 9607 5374 5373
f 9606 3673 9605
f 9606 9605 5374
f 9605 9604 5375
f 9605 3673 9604
f 9605 5375 5374
f 9604 3668 9592
f 9604 9589 5376
f 9604 3673 3672
f 9604 3672 3668
f 9604 5376 5375
f 9558 230 9557
f 9604 9591 9590
f 9604 9592 9591
f 3663 3662 9603
f 3662 3675 9603
f 9602 5372 5371
f 9602 5371 5370
f 3668 9593 9592
f 3668 3667 9593
f 5376 9589 5377
f 9589 9588 5377
f 5377 9588 5378
f 525 524 9273
f 9276 9275 5509
f 9275 9274 5507
f 9275 535 9274
f 9275 5507 5509
f 9274 530 9263
f 9274 9260 5504
f 9274 535 534
f 9274 534 530
f 9274 5504 5507
f 9274 9261 9260
f 9274 9262 9261
f 9274 9263 9262
f 9276 535 9275
f 524 537 9273
f 9272 5505 5506
f 9272 5506 5497
f 530 9264 9263
f 530 529 9264
f 5504 9260 5503
f 9260 9259 5503
f 5503 9259 5502
f 9259 5498 5502
f 9269 9253 9268
f 9269 9266 9254
f 9278 9273 537
f 9283 682 669
f 676 675 9267
f 9267 675 9268
f 675 673 9268
f 9266 5511 9265
f 9265 5511 5517
f 669 668 9282
f 668 665 9282
f 5515 9281 5516
f 9281 5510 5516
f 9278 9277 5508
f 9269 9268 9271
f 9278 536 9277
f 9278 5505 9272
f 9278 537 536
f 9278 9272 9280
f 9278 9280 9279
f 9278 9279 9273
f 9278 5508 5505
f 9277 535 9276
f 9277 9276 5509
f 9277 536 535
f 9277 5509 5508
f 9256 3992 3990
f 9246 5499 9259
f 9246 9259 9260
f 5499 5498 9259
f 9256 9254 6940
f 9256 6942 9238
f 9256 3982 9253
f 9256 9240 3992
f 9256 6940 6942
f 9256 9253 9258
f 9256 9258 9257
f 9256 9257 9254
f 9247 9260 9261
f 9256 3990 3982
f 9256 9241 9240
f 9256 9239 9241
f 9256 9238 9239
f 5518 6941 9255
f 9255 6941 9254
f 6941 6940 9254
f 6942 9237 9238
f 6942 5551 9237
f 9253 3982 9252
f 9252 3982 3980
f 9255 5517 5518
f 9269 9271 9270
f 9269 9270 9266
f 9269 9258 9253
f 9269 9257 9258
f 9269 9254 9257
f 3980 676 9252
f 9252 9267 9253
f 9252 676 9267
f 9253 9267 9268
f 9254 9265 9255
f 9254 9266 9265
f 9283 9284 9281
f 9255 9265 5517
f 4260 9244 9264
f 4260 9264 529
f 9244 9245 9264
f 9245 9249 9263
f 9245 9263 9264
f 9249 9250 9262
f 9249 9262 9263
f 9250 9247 9261
f 9250 9261 9262
f 9247 9246 9260
f 9304 632 9300
f 9308 637 9304
f 9308 9304 9303
f 9308 640 637
f 9307 9302 9306
f 9307 9303 9302
f 9306 9301 9305
f 9306 9302 9301
f 9305 9301 5532
f 9305 5532 5530
f 9304 9299 9303
f 9304 9300 9299
f 9308 9303 9307
f 9304 637 632
f 9303 9299 9298
f 9303 9298 9302
f 9302 9298 9297
f 9302 9297 9301
f 9301 9297 5534
f 9301 5534 5532
f 9300 9295 9299
f 9300 629 9296
f 9300 9296 9295
f 9300 632 629
f 9313 9309 5528
f 9318 9314 9313
f 9317 9313 5526
f 9317 5526 5524
f 9316 644 9312
f 9316 9311 9315
f 9316 9312 9311
f 9316 648 644
f 9315 9310 9314
f 9315 9311 9310
f 9314 9310 9309
f 9314 9309 9313
f 9299 9294 9298
f 9313 5528 5526
f 9312 640 9308
f 9312 9307 9311
f 9312 644 640
f 9312 9308 9307
f 9311 9306 9310
f 9311 9307 9306
f 9310 9306 9305
f 9310 9305 9309
f 9309 9305 5530
f 9309 5530 5528
f 9287 682 9286
f 9289 9273 9279
f 568 525 9273
f 9288 9287 5512
f 9288 9268 673
f 9288 5511 9266
f 9288 674 9287
f 9288 5512 5511
f 9288 673 674
f 9288 9271 9268
f 9288 9270 9271
f 9288 9266 9270
f 9289 568 9273
f 9287 9286 5513
f 9287 5513 5512
f 9287 674 682
f 9286 9283 5513
f 9286 682 9283
f 9283 669 9282
f 9283 9281 5515
f 9283 5515 5514
f 9283 5514 5513
f 9283 9282 9285
f 9283 9285 9284
f 9294 9291 9292
f 9299 9295 9294
f 9298 9293 9297
f 9298 9294 9293
f 9297 9293 5536
f 9297 5536 5534
f 9296 9290 9295
f 9296 629 9289
f 9296 9289 9290
f 9295 9291 9294
f 9295 9290 9291
f 9294 9292 9293
f 9240 9242 3992
f 9293 5501 5536
f 9293 9292 5501
f 665 661 9282
f 629 568 9289
f 5501 9292 5497
f 9292 9291 9272
f 9292 9272 5497
f 9291 9290 9280
f 9291 9280 9272
f 9290 9289 9279
f 9290 9279 9280
f 9209 4038 4037
f 9211 9206 9213
f 9211 9213 9212
f 9211 9212 9207
f 9211 4037 4035
f 9210 6986 9132
f 9210 9136 9209
f 9210 6981 6986
f 9210 9134 9136
f 9210 9132 9134
f 9209 9140 4032
f 9209 4032 4031
f 9209 4031 4038
f 9211 6979 6981
f 9209 9138 9140
f 9209 9136 9138
f 6980 6985 9208
f 6985 6984 9208
f 6984 6983 9208
f 9208 6983 9207
f 6983 6982 9207
f 9206 4034 9205
f 9206 4035 4034
f 6986 9130 9132
f 6986 6988 9130
f 9195 4272 4271
f 9218 7058 7059
f 9218 7059 7060
f 9218 9201 9198
f 9218 9200 9201
f 9218 9196 9200
f 7053 7054 9197
f 9197 7054 9198
f 7054 7058 9198
f 9196 4272 9195
f 9196 4273 4272
f 7060 7061 9217
f 9205 4034 3978
f 7061 5585 9216
f 7061 9216 9217
f 4276 9215 4269
f 9215 9214 4269
f 4269 9214 4268
f 9211 9210 9209
f 9211 9207 6982
f 9211 6981 9210
f 9211 4035 9206
f 9211 9209 4037
f 9211 6982 6979
f 4547 9195 4546
f 9199 9200 9196
f 9199 7051 7057
f 7047 7049 9128
f 7049 7048 9128
f 9128 7048 9126
f 7057 7056 9198
f 7056 7055 9197
f 7056 9197 9198
f 9118 4544 4527
f 7055 7053 9197
f 9196 9195 4547
f 9199 9201 9200
f 9195 4271 4546
f 9194 9187 9193
f 9194 9188 9187
f 9194 4387 9188
f 9194 9193 9119
f 9194 4388 4387
f 9194 9117 4388
f 9194 9119 9117
f 9193 9192 9119
f 9193 9187 9186
f 9193 9186 9192
f 9203 4545 4544
f 9140 4033 4032
f 9204 9202 9203
f 9204 9126 7048
f 9204 7052 9202
f 9204 9203 9122
f 9204 7048 7052
f 9204 9124 9126
f 9204 9122 9124
f 9203 4544 9118
f 9203 9202 4550
f 9203 4550 4545
f 9218 9219 9215
f 9203 9120 9122
f 9203 9118 9120
f 9202 7051 9199
f 9202 9199 4551
f 9202 4551 4550
f 9202 7052 7050
f 9202 7050 7051
f 9199 7057 9198
f 9199 9196 4547
f 9199 4547 4551
f 9199 9198 9201
f 9228 9239 9227
f 4261 9244 4260
f 9243 9225 9241
f 9243 9239 9228
f 9243 9241 9239
f 9243 9228 9225
f 3996 9242 9221
f 3996 3994 9242
f 9221 9240 9222
f 9221 9242 9240
f 9222 9241 9225
f 9222 9240 9241
f 9245 9244 4261
f 9239 9238 9227
f 9227 9238 9223
f 9238 9237 9223
f 9223 9237 5553
f 9237 5551 5553
f 9236 9232 9219
f 9236 9220 9231
f 9236 9219 9235
f 9236 9235 9220
f 9236 9231 9232
f 9235 9219 9220
f 9248 9245 4261
f 3992 9242 3994
f 9251 9230 6976
f 9251 4265 9233
f 9251 9248 4263
f 9251 6977 9248
f 9251 4263 4265
f 9251 6976 6977
f 9251 9231 9230
f 9251 9232 9231
f 9251 9233 9232
f 9248 6978 9247
f 4267 4268 9234
f 9248 4261 4263
f 9248 9247 9250
f 9248 9250 9249
f 9248 9249 9245
f 9248 6977 6978
f 5584 6976 9229
f 9229 6976 9230
f 6978 5499 9246
f 6978 9246 9247
f 9233 4265 9234
f 9234 4265 4267
f 6987 6980 9208
f 9224 3979 3981
f 9224 3981 3984
f 9224 9213 9206
f 9224 9212 9213
f 9224 9207 9212
f 5553 6992 9223
f 9222 3988 9221
f 9222 3984 3988
f 6989 6987 9207
f 9221 3988 3996
f 6987 9208 9207
f 9224 9222 9225
f 3979 9206 3977
f 9206 9205 3977
f 3977 9205 3978
f 9218 9198 7058
f 9218 7060 9217
f 9218 4273 9196
f 9218 9215 4276
f 9218 4276 4274
f 9218 4274 4273
f 9218 9217 9220
f 9218 9220 9219
f 9226 9223 6992
f 4268 9214 9234
f 9234 9214 9233
f 9214 9215 9233
f 9233 9215 9232
f 9215 9219 9232
f 9231 9217 9230
f 9231 9220 9217
f 9230 9216 9229
f 9230 9217 9216
f 9229 5585 5584
f 9229 9216 5585
f 9318 9315 9314
f 9226 6990 9224
f 9226 9224 9225
f 9226 6992 6991
f 9226 6991 6990
f 9226 9225 9228
f 9226 9228 9227
f 9226 9227 9223
f 9224 6989 9207
f 9224 3984 9222
f 9224 9206 3979
f 9224 6990 6989
f 9404 9388 9390
f 9405 4519 9401
f 9405 7842 9404
f 9405 7844 7842
f 9405 9401 9407
f 9405 9407 9406
f 9405 9406 9403
f 9405 4516 4519
f 9404 7840 9387
f 9404 9389 4513
f 9404 7842 7840
f 9404 4513 4516
f 9404 9390 9389
f 9405 9404 4516
f 9404 9387 9388
f 5347 7844 9402
f 9402 7844 9403
f 7840 9386 9387
f 7840 5366 9386
f 9401 4519 9400
f 9400 4519 4523
f 9389 9391 4513
f 4513 9391 4510
f 3502 9378 759
f 9378 9379 9399
f 9410 9398 9397
f 9412 9411 5365
f 9411 9410 5363
f 9411 765 9410
f 9411 5363 5365
f 9410 760 9398
f 9410 9395 5360
f 9410 765 764
f 9410 764 760
f 9410 5360 5363
f 9410 9396 9395
f 9410 9397 9396
f 9378 9399 759
f 755 754 9409
f 754 767 9409
f 9408 5361 5362
f 9408 5362 5356
f 760 9399 9398
f 760 759 9399
f 5360 9395 5359
f 9395 9394 5359
f 5359 9394 5357
f 9394 5358 5357
f 9405 9403 7844
f 9385 9364 9363
f 9388 9387 9373
f 9373 9387 9372
f 9387 9386 9372
f 9372 9386 5369
f 9386 5366 5369
f 9385 9363 7839
f 9385 3507 9366
f 9385 9382 3505
f 9385 7841 9382
f 9385 3505 3507
f 9385 7839 7841
f 9376 9388 9373
f 9385 9365 9364
f 9385 9366 9365
f 9382 7843 9381
f 9382 9379 3503
f 9382 3503 3505
f 9382 9381 9384
f 9382 9384 9383
f 9382 9383 9379
f 9382 7841 7843
f 5367 7839 9362
f 9362 7839 9363
f 9393 9377 9392
f 9379 9383 9398
f 9379 9398 9399
f 9383 9384 9397
f 9383 9397 9398
f 9384 9381 9396
f 9384 9396 9397
f 9381 9380 9394
f 9381 9394 9395
f 9381 9395 9396
f 9380 5358 9394
f 9380 5355 5358
f 9412 765 9411
f 9393 9392 9376
f 9393 9376 9377
f 9392 9377 9390
f 9392 9388 9376
f 9392 9390 9388
f 4515 9391 9370
f 4515 4510 9391
f 9370 9389 9371
f 9370 9391 9389
f 9371 9390 9377
f 9371 9389 9390
f 9430 9418 9419
f 9431 735 9432
f 9431 757 735
f 9430 9429 5351
f 9430 9421 742
f 9430 5349 9418
f 9430 752 9429
f 9430 5351 5350
f 9430 5350 5349
f 9430 742 752
f 9430 9420 9421
f 9430 9419 9420
f 9433 9432 9434
f 9429 751 9428
f 9429 9428 5351
f 9429 752 751
f 9428 9427 5351
f 9428 751 9427
f 9427 750 9423
f 9427 9426 5353
f 9427 5353 5352
f 9427 5352 5351
f 9427 9425 9426
f 9427 9424 9425
f 9432 735 734
f 9447 9434 9432
f 9447 9436 9434
f 7828 7826 9445
f 7826 7824 9445
f 7824 7822 9445
f 9445 7822 9446
f 9444 740 9443
f 9444 745 740
f 7817 9442 9440
f 7817 7814 9442
f 9443 740 739
f 9427 9423 9424
f 7810 9441 9442
f 7810 9442 7814
f 9441 9439 9440
f 9441 9440 9442
f 9439 9437 9438
f 9439 9438 9440
f 9437 9435 9436
f 9437 9436 9438
f 9435 9433 9434
f 9435 9434 9436
f 9433 9431 9432
f 9414 9409 767
f 9421 9420 9407
f 9421 9407 9401
f 9420 9419 9406
f 9420 9406 9407
f 9419 9418 9403
f 9419 9403 9406
f 9418 9417 9402
f 9418 9402 9403
f 9417 5348 5347
f 9417 5347 9402
f 9414 9413 5364
f 9422 9401 9400
f 9414 766 9413
f 9414 5361 9408
f 9414 767 766
f 9414 9408 9416
f 9414 9416 9415
f 9414 9415 9409
f 9414 5364 5361
f 9413 765 9412
f 9413 9412 5365
f 9413 766 765
f 9413 5365 5364
f 5346 9408 5356
f 9427 751 750
f 743 741 9422
f 9422 741 9421
f 741 742 9421
f 9418 5349 9417
f 9417 5349 5348
f 750 736 9423
f 736 737 9423
f 5353 9426 5354
f 9426 5346 5354
f 5346 9426 9408
f 7843 5355 9380
f 9426 9425 9416
f 9426 9416 9408
f 9425 9424 9415
f 9425 9415 9416
f 9424 9423 9409
f 9424 9409 9415
f 9423 737 755
f 9423 755 9409
f 743 9422 9400
f 743 9400 4523
f 9422 9421 9401
f 9340 3540 3535
f 9343 9339 9340
f 9343 9335 7846
f 9343 7848 9339
f 9343 9340 9342
f 9343 7846 7848
f 9343 9342 9344
f 9343 9344 9335
f 9340 9339 3540
f 9340 3534 9332
f 9340 9332 9341
f 9340 9341 9342
f 3381 3380 9345
f 9340 3535 3534
f 9339 7854 9336
f 9339 9336 3541
f 9339 7848 7851
f 9339 7851 7854
f 9339 3541 3540
f 9336 7856 9333
f 9336 9330 3537
f 9336 7854 7856
f 9336 3537 3541
f 9336 9333 9338
f 9334 9335 9350
f 7863 7864 9333
f 9330 3515 9329
f 9330 3516 3515
f 7867 7869 9354
f 9329 3515 3514
f 7869 5368 9353
f 7869 9353 9354
f 3519 9352 3512
f 9352 9351 3512
f 3512 9351 3511
f 7845 9334 7849
f 9336 9338 9337
f 9334 9350 7849
f 9335 9344 9349
f 9335 9349 9350
f 9344 9342 9348
f 9344 9348 9349
f 9342 9341 9347
f 9342 9347 9348
f 9341 9332 9346
f 9341 9346 9347
f 9332 3381 9345
f 9332 9345 9346
f 9323 9319 9318
f 9326 9325 9281
f 9326 9322 9321
f 9326 9281 9284
f 9325 9321 5522
f 9325 5522 5520
f 9325 5520 5510
f 9325 5510 9281
f 9324 9320 9319
f 9324 9319 9323
f 9324 656 9320
f 9323 9318 9322
f 9326 9323 9322
f 9322 9318 9321
f 9321 9317 5524
f 9321 9318 9317
f 9321 5524 5522
f 9320 9315 9319
f 9320 9316 9315
f 9320 648 9316
f 9320 656 652
f 9320 652 648
f 9319 9315 9318
f 9318 9313 9317
f 9329 3514 3536
f 9336 9337 9330
f 7845 7847 9334
f 7847 7846 9334
f 9334 7846 9335
f 7856 7858 9333
f 7858 7860 9331
f 7858 9331 9333
f 9332 3534 3381
f 7860 7862 9331
f 9330 9329 3537
f 3537 9329 3536
f 9331 7863 9333
f 9328 9282 661
f 9328 9323 9327
f 9328 9324 9323
f 9328 9327 9285
f 9328 656 9324
f 9328 661 656
f 9328 9285 9282
f 9327 9323 9326
f 9327 9326 9284
f 9327 9284 9285
f 9326 9321 9325
f 9367 9351 9366
f 9370 4518 4515
f 250 247 4521
f 4521 247 249
f 9369 9365 9356
f 9369 9357 9364
f 9369 9356 9368
f 9369 9368 9357
f 9369 9364 9365
f 9368 9356 9357
f 3509 3511 9367
f 3511 9351 9367
f 9371 4518 9370
f 9351 9352 9366
f 9366 9352 9365
f 9352 9356 9365
f 9364 9354 9363
f 9364 9357 9354
f 9363 9353 9362
f 9363 9354 9353
f 9362 5368 5367
f 9362 9353 5368
f 9361 254 7857
f 9361 3546 246
f 9375 9377 9376
f 7843 9380 9381
f 9366 3507 9367
f 9367 3507 3509
f 9379 9378 3503
f 3503 9378 3502
f 9375 9373 7868
f 9375 7866 9374
f 9375 4518 9371
f 9375 9374 4518
f 9375 7868 7866
f 9375 9371 9377
f 9361 7853 9360
f 9375 9376 9373
f 9374 7866 255
f 9374 250 4521
f 9374 4521 4518
f 9374 255 264
f 9374 264 263
f 9374 263 250
f 5369 7868 9372
f 9372 7868 9373
f 7866 258 257
f 7866 257 255
f 9355 9352 3519
f 7859 7857 253
f 253 7857 254
f 246 3545 244
f 246 3546 3545
f 7852 9350 9349
f 7852 7849 9350
f 244 3545 245
f 9345 3380 3543
f 9355 9333 7864
f 9355 7867 9354
f 9355 3516 9330
f 7861 7859 253
f 9355 3519 3517
f 9355 3517 3516
f 9355 9354 9357
f 9355 9357 9356
f 9355 9356 9352
f 9355 7864 7865
f 9355 7865 7867
f 9355 9338 9333
f 9355 9337 9338
f 9355 9330 9337
f 7862 7863 9331
f 9359 7852 9349
f 9361 9360 3549
f 9361 7857 7855
f 9361 7855 7853
f 9361 246 261
f 9361 261 260
f 9361 260 254
f 9361 3549 3546
f 9360 9359 9358
f 9360 7850 9359
f 9360 9358 3549
f 9360 7853 7850
f 9447 747 746
f 9359 9347 9358
f 9359 7850 7852
f 9359 9348 9347
f 9359 9349 9348
f 9358 9345 3543
f 9358 3543 3542
f 9358 3542 3550
f 9358 3550 3549
f 9358 9346 9345
f 9358 9347 9346
f 252 7861 253
f 10063 10062 10058
f 10069 10052 10053
f 10068 10054 10067
f 10068 10053 10054
f 10067 10055 10066
f 10067 10054 10055
f 10066 5177 5214
f 10066 10055 5177
f 853 852 10065
f 10064 5198 5188
f 857 856 10052
f 10063 10051 10060
f 10063 10058 10050
f 10069 857 10052
f 10063 10060 10062
f 10063 10050 10051
f 10062 10060 10058
f 3357 3359 10044
f 3359 10061 10044
f 10044 10061 10045
f 10061 10059 10045
f 10045 10059 10051
f 10059 10060 10051
f 10050 10057 10047
f 10050 10058 10057
f 10074 5212 5210
f 10078 10074 5210
f 10078 5210 5208
f 10077 860 10073
f 10077 10073 10072
f 10077 10072 10076
f 10077 864 860
f 10076 10071 10075
f 10076 10072 10071
f 10075 10070 10074
f 10075 10071 10070
f 10074 10070 5212
f 10047 10056 10046
f 10073 10069 10068
f 10073 857 10069
f 10073 10068 10072
f 10073 860 857
f 10072 10068 10067
f 10072 10067 10071
f 10071 10066 10070
f 10071 10067 10066
f 10070 10066 5214
f 10070 5214 5212
f 10069 10053 10068
f 10032 10034 3348
f 10048 6724 6726
f 10048 3348 3353
f 10048 10030 10032
f 10048 10028 10030
f 10048 10026 10028
f 5262 6722 10046
f 10046 6722 10047
f 6726 10024 10026
f 6726 5179 10024
f 10045 3355 10044
f 10044 3355 3357
f 10048 10032 3348
f 3348 10034 3349
f 10041 10040 5186
f 10041 10036 961
f 10041 960 10040
f 10041 5183 10035
f 10041 961 960
f 10041 10035 10043
f 10041 10043 10042
f 10041 10042 10036
f 10041 5186 5183
f 10040 959 10039
f 10052 856 893
f 10047 10057 10056
f 10046 5263 5262
f 10046 10056 5263
f 5177 10055 5175
f 10055 10054 10035
f 10055 10035 5175
f 10054 10053 10043
f 10054 10043 10035
f 10053 10052 10036
f 10053 10042 10043
f 10053 10036 10042
f 10078 10075 10074
f 10052 893 10036
f 10049 10047 6722
f 10049 10048 3353
f 10049 3355 10045
f 10049 6724 10048
f 10049 6722 6724
f 10049 10045 10051
f 10049 10051 10050
f 10049 10050 10047
f 10049 3353 3355
f 10048 6726 10026
f 10103 852 885
f 10104 3343 3213
f 6604 10056 10057
f 6604 5263 10056
f 3346 10059 3347
f 10059 10061 3347
f 3347 10061 3359
f 10103 10065 852
f 10103 10096 10102
f 10103 10102 10065
f 10103 10097 10096
f 10103 885 10097
f 6603 6604 10057
f 10102 10096 10100
f 10102 10100 10101
f 10102 10101 10065
f 10100 10094 10098
f 10100 10098 10099
f 10100 10096 10095
f 10100 10095 10094
f 10100 10099 10101
f 10098 5198 10064
f 10098 10094 5200
f 10098 10064 10099
f 10108 10110 10109
f 896 895 10065
f 895 853 10065
f 5193 10064 5194
f 10064 5188 5194
f 10108 10106 6601
f 10108 6603 10057
f 10108 3344 10105
f 10108 10059 3346
f 10108 6601 6602
f 10108 6602 6603
f 10108 10105 10110
f 10098 5200 5198
f 10108 10109 10106
f 10108 3346 3345
f 10108 3345 3344
f 10108 10060 10059
f 10108 10058 10060
f 10108 10057 10058
f 6597 6600 10107
f 10107 6600 10106
f 6600 6601 10106
f 10105 3343 10104
f 10105 3344 3343
f 10084 10080 10079
f 10088 10083 10087
f 10088 10084 10083
f 10087 10082 10086
f 10087 10083 10082
f 10086 10082 5206
f 10086 5206 5204
f 10085 868 10081
f 10085 872 868
f 10085 10080 10084
f 10085 10081 10080
f 10084 10079 10083
f 10089 10085 10084
f 10083 10079 10082
f 10082 10079 10078
f 10082 10078 5208
f 10082 5208 5206
f 10081 10077 10080
f 10081 864 10077
f 10081 868 864
f 10080 10075 10079
f 10080 10076 10075
f 10080 10077 10076
f 10079 10075 10078
f 10093 877 10089
f 10097 10092 10096
f 10097 10093 10092
f 10097 885 880
f 10097 880 10093
f 10096 10091 10095
f 10096 10092 10091
f 10095 10090 10094
f 10095 10091 10090
f 10094 10090 5202
f 10094 5202 5200
f 10093 10088 10092
f 10040 10039 5187
f 10093 880 877
f 10093 10089 10088
f 10092 10088 10091
f 10091 10086 10090
f 10091 10088 10087
f 10091 10087 10086
f 10090 10086 5204
f 10090 5204 5202
f 10089 877 872
f 10089 10084 10088
f 10089 872 10085
f 9989 9982 9988
f 9994 9988 6670
f 9994 6670 6668
f 9993 9986 9992
f 9993 9987 9986
f 9993 874 9987
f 9993 875 874
f 9992 9985 9991
f 9992 9986 9985
f 9991 9985 9990
f 9990 9984 9983
f 9990 9983 9989
f 9990 9985 9984
f 9995 9989 9988
f 9989 9983 9982
f 9988 6678 6670
f 9988 9982 6678
f 9987 9980 9986
f 9987 874 9981
f 9987 9981 9980
f 9986 9979 9985
f 9986 9980 9979
f 9985 9978 9984
f 9985 9979 9978
f 9984 9977 9983
f 10000 6668 6663
f 10005 870 9999
f 10005 866 870
f 10004 9998 9997
f 10004 9997 10003
f 10003 9996 10002
f 10003 9997 9996
f 10002 9996 10001
f 10001 9994 10000
f 10001 9996 9995
f 10001 9995 9994
f 10000 9994 6668
f 9984 9978 9977
f 9999 9992 9998
f 9999 9993 9992
f 9999 875 9993
f 9999 870 875
f 9998 9991 9997
f 9998 9992 9991
f 9997 9990 9996
f 9997 9991 9990
f 9996 9990 9995
f 9995 9988 9994
f 9995 9990 9989
f 9969 9944 9948
f 9974 9968 9967
f 9973 9966 9972
f 9973 9967 9966
f 9972 9966 9965
f 9972 9965 9971
f 9971 9964 9970
f 9971 9965 9964
f 9970 9964 6693
f 9970 6693 6688
f 9969 890 9944
f 9969 9948 9968
f 9974 9967 9973
f 9968 9949 9967
f 9968 9948 9949
f 9967 9951 9966
f 9967 9949 9951
f 9966 9946 9965
f 9966 9951 9946
f 9965 9945 9964
f 9965 9946 9945
f 9964 6704 6693
f 9964 9945 6704
f 9963 6651 6653
f 9979 9973 9972
f 9983 9977 9982
f 9982 9977 9976
f 9982 9976 6683
f 9982 6683 6678
f 9981 874 883
f 9981 883 882
f 9981 9975 9980
f 9981 882 9975
f 9980 9973 9979
f 9980 9975 9974
f 9980 9974 9973
f 10005 9999 9998
f 9979 9972 9978
f 9978 9972 9977
f 9977 9972 9971
f 9977 9971 9970
f 9977 9970 9976
f 9976 9970 6688
f 9976 6688 6683
f 9975 890 9969
f 9975 9969 9968
f 9975 9968 9974
f 9975 882 890
f 10026 10025 10027
f 10023 5178 5180
f 3349 10034 953
f 10034 10032 10033
f 10034 10033 953
f 10032 10030 10031
f 10032 10031 10033
f 10030 10028 10029
f 10030 10029 10031
f 10028 10026 10027
f 10028 10027 10029
f 10026 10024 10025
f 5181 10023 5180
f 10024 5179 10023
f 10024 10023 10025
f 5179 5178 10023
f 6721 9954 9963
f 6721 9963 6653
f 9954 9955 10014
f 9954 10014 9963
f 9955 9962 10016
f 9955 10016 10014
f 9962 9960 10018
f 9962 10018 10016
f 10037 5182 5185
f 10040 960 959
f 10040 5187 5186
f 10039 959 10038
f 10039 10038 5187
f 10038 10037 5185
f 10038 959 10037
f 10038 5185 5187
f 10037 954 10031
f 10037 10025 5182
f 10037 959 958
f 10037 958 954
f 9960 9959 10019
f 10037 10027 10025
f 10037 10029 10027
f 10037 10031 10029
f 893 950 10036
f 950 961 10036
f 10035 5183 5184
f 10035 5184 5175
f 954 10033 10031
f 954 953 10033
f 5182 10025 5181
f 10025 10023 5181
f 10011 10004 10010
f 10015 10009 10008
f 10013 10012 9963
f 10013 10007 10006
f 10013 9963 10014
f 10013 10006 10012
f 10012 6651 9963
f 10012 10006 6659
f 10012 6659 6651
f 10011 10005 10004
f 10011 866 10005
f 10011 862 866
f 10015 10013 10014
f 10010 10003 10009
f 10010 10004 10003
f 10009 10003 10008
f 10008 10003 10002
f 10008 10002 10001
f 10008 10001 10007
f 10007 10001 10006
f 10006 10001 10000
f 10006 10000 6663
f 10006 6663 6659
f 10005 9998 10004
f 10021 10022 849
f 9960 10019 10018
f 9959 9953 10022
f 9959 10022 10019
f 9953 849 10022
f 9953 891 849
f 10021 862 10011
f 10021 849 848
f 10021 848 862
f 10021 10020 10019
f 10021 10011 10020
f 10021 10019 10022
f 10111 5189 5195
f 10020 10011 10010
f 10020 10017 10019
f 10020 10009 10017
f 10020 10010 10009
f 10017 10009 10015
f 10017 10016 10018
f 10017 10018 10019
f 10017 10015 10016
f 10015 10008 10007
f 10015 10014 10016
f 10015 10007 10013
f 10213 10142 10141
f 10216 10209 10215
f 10216 10139 10138
f 10215 10214 10140
f 10215 10208 10214
f 10215 10209 10208
f 10215 10140 10139
f 10214 10213 10141
f 10214 10208 10207
f 10214 10141 10140
f 10214 10207 10213
f 10213 10212 10142
f 10213 10207 10212
f 10216 10138 4554
f 10212 10206 10205
f 10212 10205 10211
f 10212 10211 10143
f 10212 10207 10206
f 10212 10143 10142
f 10211 10205 6579
f 10211 6579 6535
f 10211 6535 6537
f 10211 6537 10143
f 10210 10203 10209
f 10210 4560 10204
f 10220 10149 10221
f 6528 6530 10152
f 10224 3625 3565
f 10162 3624 3623
f 10223 10221 10149
f 10223 10150 10219
f 10223 10219 10221
f 10223 10149 10150
f 3583 10144 10222
f 3583 3581 10144
f 10222 10145 10220
f 10222 10144 10145
f 10210 4557 4560
f 10220 10145 10149
f 10219 10150 10218
f 10150 10147 10218
f 10218 10147 10217
f 10147 10146 10217
f 10217 10146 5231
f 10146 5229 5231
f 10216 10215 10139
f 10216 10210 10209
f 10216 4554 4557
f 10216 4557 10210
f 10194 10188 10193
f 10199 6569 6574
f 10198 10191 10197
f 10198 10192 10191
f 10198 4566 10192
f 10198 4563 4566
f 10197 10190 10196
f 10197 10191 10190
f 10196 10190 10189
f 10196 10189 10195
f 10195 10188 10194
f 10195 10189 10188
f 10199 10193 6569
f 10193 10187 6564
f 10193 10188 10187
f 10193 6564 6569
f 10192 10185 10191
f 10192 10186 10185
f 10192 4570 10186
f 10192 4566 4570
f 10191 10184 10190
f 10191 10185 10184
f 10190 10184 10189
f 10189 10183 10188
f 10204 10198 10197
f 10210 10204 10203
f 10209 10203 10208
f 10208 10202 10201
f 10208 10201 10207
f 10208 10203 10202
f 10207 10200 10206
f 10207 10201 10200
f 10206 10200 10205
f 10205 10200 10199
f 10205 10199 6574
f 10205 6574 6579
f 6528 10152 10154
f 10204 4563 10198
f 10204 4560 4563
f 10204 10197 10203
f 10203 10197 10196
f 10203 10196 10202
f 10202 10195 10201
f 10202 10196 10195
f 10201 10194 10200
f 10201 10195 10194
f 10200 10193 10199
f 10200 10194 10193
f 5761 10236 10237
f 10238 2267 2277
f 10238 2277 2276
f 10238 10240 10239
f 10238 10239 10235
f 208 5768 209
f 5768 5767 209
f 5767 5766 209
f 209 5766 210
f 202 2269 200
f 202 2270 2269
f 5761 5763 10236
f 10238 2268 2267
f 200 2269 201
f 10235 2113 2268
f 10234 10217 6534
f 10234 6532 10233
f 10234 10233 10221
f 10234 6534 6533
f 10234 6533 6532
f 10234 10218 10217
f 10234 10219 10218
f 10234 10221 10219
f 10233 6531 10226
f 10244 217 216
f 10236 5763 10245
f 10236 10245 10246
f 5763 5709 10245
f 10244 10243 2276
f 10244 210 5766
f 10244 2270 202
f 10244 5764 10243
f 10244 2276 2270
f 10244 5766 5765
f 10244 5765 5764
f 10244 202 217
f 10233 3571 10220
f 10244 216 210
f 10243 10238 2276
f 10243 5762 10241
f 10243 10241 10238
f 10243 5764 5762
f 10241 10240 10238
f 10241 5761 10237
f 10241 10237 10242
f 10241 10242 10240
f 10241 5762 5761
f 10238 10235 2268
f 10228 3623 3622
f 10230 6521 6523
f 10230 10225 10232
f 10230 10232 10231
f 10230 10231 10226
f 10230 3628 3626
f 10229 6528 10154
f 10229 10158 10228
f 10229 6523 6528
f 10229 10156 10158
f 10229 10154 10156
f 10228 10162 3623
f 10230 6524 6521
f 10228 3622 3629
f 10228 3629 3628
f 10228 10160 10162
f 10228 10158 10160
f 6522 6527 10227
f 6527 6526 10227
f 6526 6525 10227
f 10227 6525 10226
f 6525 6524 10226
f 10225 3625 10224
f 10225 3626 3625
f 6531 6529 10226
f 10233 10225 3566
f 10233 3566 3568
f 10233 3568 3571
f 10233 10232 10225
f 10233 10231 10232
f 10233 10226 10231
f 10233 6532 6531
f 10233 10220 10221
f 5231 6534 10217
f 10220 3575 10222
f 10220 3571 3575
f 10189 10184 10183
f 10222 3575 3583
f 6529 10227 10226
f 6529 6522 10227
f 3566 10225 3564
f 10225 10224 3564
f 3564 10224 3565
f 10230 10229 10228
f 10230 10226 6524
f 10230 6523 10229
f 10230 3626 10225
f 10230 10228 3628
f 10129 10126 10128
f 3567 903 10134
f 10134 10114 10133
f 10134 903 10114
f 10133 10114 10113
f 10132 10111 10131
f 10132 10112 10111
f 10131 5195 5196
f 10131 10111 5195
f 10129 10125 10126
f 10129 10123 6591
f 10129 6595 10125
f 10135 10113 10119
f 10129 6591 6595
f 10129 10128 10130
f 10129 10130 10123
f 10126 10125 3216
f 10126 3206 10121
f 10126 10121 10127
f 10126 10127 10128
f 10126 3216 3209
f 10126 3209 3206
f 10125 6594 10124
f 10125 10124 3217
f 10127 10121 10139
f 10145 10144 3579
f 3579 10144 3581
f 6590 10122 6537
f 10122 10123 10143
f 10122 10143 6537
f 10123 10130 10142
f 10123 10142 10143
f 10130 10128 10141
f 10130 10141 10142
f 10128 10127 10140
f 10128 10140 10141
f 10125 6595 6593
f 10127 10139 10140
f 10121 3208 10138
f 10121 10138 10139
f 3208 3681 10138
f 10135 10133 10113
f 10135 10112 10132
f 10135 10132 10137
f 10135 10137 10136
f 10135 10136 10133
f 10135 10120 10112
f 10135 10119 10120
f 10115 896 10065
f 10118 900 901
f 10118 10112 10120
f 10118 10120 10119
f 10118 10119 10113
f 10118 5190 5189
f 10117 909 10116
f 10117 10116 5191
f 10117 901 909
f 10117 5191 5190
f 10116 909 10115
f 10116 10115 5191
f 10118 10117 5190
f 10115 10064 5193
f 10115 909 896
f 10115 5193 5192
f 10115 5192 5191
f 10115 10099 10064
f 10115 10101 10099
f 10115 10065 10101
f 903 902 10114
f 10114 902 10113
f 902 900 10113
f 10112 5189 10111
f 10122 6591 10123
f 10125 6593 6594
f 10125 3217 3216
f 10124 6599 10106
f 10124 10105 3212
f 10124 6594 6599
f 10124 3212 3217
f 10124 10110 10105
f 10124 10109 10110
f 10124 10106 10109
f 6590 6592 10122
f 6592 6591 10122
f 10134 3569 3567
f 6599 6598 10106
f 6598 6596 10107
f 6598 10107 10106
f 10121 3206 3208
f 6596 6597 10107
f 10105 10104 3212
f 3212 10104 3210
f 10104 3213 3210
f 10118 10113 900
f 10118 5189 10112
f 10118 901 10117
f 10174 4573 4576
f 10178 10172 10177
f 10177 10171 10170
f 10177 10170 10176
f 10177 10172 10171
f 10176 10170 10175
f 10175 10170 10169
f 10175 10169 6554
f 10175 6554 6559
f 10174 4576 10168
f 10174 10168 10167
f 10174 10167 10173
f 10179 10173 10172
f 10173 10167 10166
f 10173 10166 10172
f 10172 10165 10171
f 10172 10166 10165
f 10171 10165 10170
f 10170 10164 10163
f 10170 10163 10169
f 10170 10165 10164
f 10169 10163 6544
f 10169 6544 6549
f 10169 6549 6554
f 10184 10178 10177
f 10188 10181 10187
f 10188 10183 10182
f 10188 10182 10181
f 10187 10181 6559
f 10187 6559 6564
f 10186 10179 10185
f 10186 10180 10179
f 10186 4569 10180
f 10186 4570 4569
f 10185 10178 10184
f 10185 10179 10178
f 10168 10159 10167
f 10184 10177 10183
f 10183 10176 10182
f 10183 10177 10176
f 10182 10175 10181
f 10182 10176 10175
f 10181 10175 6559
f 10180 10174 10173
f 10180 4573 10174
f 10180 10173 10179
f 10180 4569 4573
f 10179 10172 10178
f 10148 10150 10149
f 10153 10152 10151
f 10151 6530 6540
f 10151 10152 6530
f 3681 4554 10138
f 10148 10132 6728
f 10148 6730 10147
f 10148 3569 10133
f 10148 10145 3579
f 10148 3579 3577
f 10148 3577 3569
f 10148 10147 10150
f 10153 10154 10152
f 10148 10149 10145
f 10148 6728 6730
f 10148 10137 10132
f 10148 10136 10137
f 10148 10133 10136
f 5196 6729 10131
f 10131 6729 10132
f 6729 6728 10132
f 6730 5229 10146
f 6730 10146 10147
f 10133 3569 10134
f 10163 10151 6540
f 10168 10161 10159
f 10168 4581 10161
f 10168 4576 4581
f 10167 10157 10166
f 10167 10159 10157
f 10166 10157 10155
f 10166 10155 10165
f 10165 10155 10153
f 10165 10153 10164
f 10164 10153 10151
f 10164 10151 10163
f 890 889 9944
f 10163 6540 6544
f 10161 10160 10159
f 10161 3624 10162
f 10161 10162 10160
f 10161 4581 3624
f 10159 10158 10157
f 10159 10160 10158
f 10157 10156 10155
f 10157 10158 10156
f 10155 10154 10153
f 10155 10156 10154
f 9780 3237 9779
f 9785 3607 9765
f 9784 9771 9783
f 9784 9765 9771
f 9783 9772 9782
f 9783 9771 9772
f 9782 9764 5280
f 9782 9772 9764
f 4588 4590 9781
f 5280 9764 5282
f 9780 9779 5297
f 9780 9762 3227
f 9780 5299 9759
f 9785 4614 3607
f 9780 5297 5298
f 9780 5298 5299
f 9780 3227 3237
f 9780 9761 9762
f 9780 9760 9761
f 9780 9759 9760
f 9779 3236 9778
f 9779 9778 5297
f 9779 3237 3236
f 9778 9775 5297
f 9778 3236 9775
f 9790 5278 5276
f 9794 9791 9790
f 9794 5276 5274
f 9793 4615 9789
f 9793 9789 9788
f 9793 9788 9792
f 9793 4610 4615
f 9792 9788 9791
f 9791 9787 9786
f 9791 9786 9790
f 9791 9788 9787
f 9790 9786 5278
f 9775 3235 9774
f 9789 9785 9784
f 9789 4614 9785
f 9789 9784 9788
f 9789 4615 4614
f 9788 9783 9787
f 9788 9784 9783
f 9787 9783 9782
f 9787 9782 9786
f 9786 9782 5280
f 9786 5280 5278
f 9785 9765 9784
f 9766 3610 9753
f 9770 5291 5289
f 9769 3618 9768
f 9769 9768 5292
f 9769 3619 3618
f 9769 5292 5291
f 9768 3618 9767
f 9768 9767 5292
f 9767 9766 5290
f 9767 3617 9766
f 9767 3618 3617
f 9767 5290 5292
f 9770 9771 9765
f 9766 9752 5287
f 9766 3617 3610
f 9766 5287 5290
f 9766 9757 9752
f 9766 9756 9757
f 9766 9753 9756
f 3607 3606 9765
f 3606 3620 9765
f 9764 5289 5288
f 9764 5288 5282
f 3610 9754 9753
f 9758 5299 5300
f 9775 9773 5294
f 9775 5294 5296
f 9775 5296 5297
f 9775 9774 9777
f 9775 9777 9776
f 9775 9776 9773
f 9775 3236 3235
f 3228 3226 9763
f 9763 3226 9762
f 3226 3227 9762
f 9759 5299 9758
f 9794 9790 5276
f 3235 3221 9774
f 3221 3222 9774
f 5294 9773 5295
f 9773 5293 5295
f 9770 9765 3620
f 9770 3619 9769
f 9770 9769 5291
f 9770 5289 9764
f 9770 3620 3619
f 9770 9764 9772
f 9770 9772 9771
f 9813 9776 9777
f 9821 9822 9820
f 9819 6778 6791
f 9819 9820 6778
f 3609 4582 9818
f 4586 4585 9817
f 4588 9781 3222
f 9781 9814 9774
f 9781 9774 3222
f 9814 9813 9777
f 9814 9777 9774
f 9813 9811 9776
f 9821 9820 9819
f 9811 5264 9773
f 9811 9773 9776
f 5264 5293 9773
f 9816 9781 4590
f 9816 9815 9814
f 9816 9809 9808
f 9816 4594 9809
f 9816 9808 9815
f 9816 4590 4594
f 9816 9814 9781
f 9815 9807 9812
f 9831 9821 9819
f 9835 4586 9829
f 9835 9829 9827
f 9835 9827 9834
f 9835 4592 4586
f 9834 9827 9825
f 9834 9825 9833
f 9833 9823 9832
f 9833 9825 9823
f 9832 9823 9821
f 9832 9821 9831
f 9831 9819 9830
f 9815 9812 9814
f 9830 9819 6791
f 9830 6791 6798
f 9829 9828 9827
f 9829 4586 9817
f 9829 9817 9828
f 9827 9826 9825
f 9827 9828 9826
f 9825 9824 9823
f 9825 9826 9824
f 9823 9822 9821
f 9823 9824 9822
f 9799 9795 9794
f 9804 9799 9803
f 9804 9800 9799
f 9803 9799 9798
f 9803 9798 9802
f 9802 9798 5270
f 9801 4606 9797
f 9801 9796 9800
f 9801 4602 4606
f 9801 9797 9796
f 9800 9796 9795
f 9800 9795 9799
f 9805 9800 9804
f 9799 9794 9798
f 9798 9794 5274
f 9798 5274 5272
f 9798 5272 5270
f 9797 9792 9796
f 9797 9793 9792
f 9797 4610 9793
f 9797 4606 4610
f 9796 9791 9795
f 9796 9792 9791
f 9795 9791 9794
f 9809 4598 9805
f 9815 9808 9807
f 9812 9810 9811
f 9812 9806 9810
f 9812 9807 9806
f 9812 9811 9813
f 9812 9813 9814
f 9810 5264 9811
f 9810 9806 5265
f 9810 5265 5264
f 9809 9804 9808
f 9809 4594 4598
f 3610 3589 9754
f 9809 9805 9804
f 9808 9803 9807
f 9808 9804 9803
f 9807 9802 9806
f 9807 9803 9802
f 9806 9802 5270
f 9806 5270 5268
f 9806 5268 5265
f 9805 9801 9800
f 9805 4598 4602
f 9805 4602 9801
f 9715 3369 3366
f 9718 9715 9720
f 9718 9720 9719
f 9718 9719 9716
f 9718 3375 3372
f 9718 3372 3369
f 9718 9704 9696
f 9718 9703 9704
f 9718 9698 9703
f 5304 6853 9717
f 9717 6853 9716
f 6853 6855 9716
f 9715 3366 9714
f 9718 6857 6859
f 6859 6861 9698
f 9714 3366 3365
f 6861 9697 9698
f 6861 6863 9697
f 3375 9696 3376
f 9696 9695 3376
f 3376 9695 935
f 9713 9711 9709
f 9713 9712 6934
f 9713 6937 9708
f 9713 9709 9712
f 9724 9706 9710
f 9717 9728 5304
f 9728 5305 5304
f 9727 9725 9710
f 9727 9711 9723
f 9727 9723 9725
f 9727 9710 9711
f 3596 9705 9726
f 3596 3598 9705
f 9726 9706 9724
f 9726 9705 9706
f 9724 9710 9725
f 9713 9708 9711
f 9723 9711 9722
f 9711 9708 9722
f 9722 9708 9721
f 9708 9707 9721
f 9721 9707 5315
f 9707 5313 5315
f 9718 9716 6855
f 9718 6859 9698
f 9718 3369 9715
f 9718 9696 3375
f 9718 6855 6857
f 9701 9700 9699
f 3599 9705 3598
f 9702 9698 6866
f 9702 937 9696
f 9702 6865 9701
f 9702 9701 945
f 9702 6866 6864
f 9702 6864 6865
f 9702 9696 9704
f 9702 9704 9703
f 9702 9703 9698
f 9702 945 937
f 9706 9705 3599
f 9701 6872 9700
f 9701 9699 945
f 9701 6865 6872
f 9700 6869 9683
f 9700 9681 9699
f 9700 6872 6869
f 9700 9682 9681
f 9700 9683 9682
f 9699 9679 933
f 9699 933 932
f 9699 932 946
f 9709 3599 3603
f 9713 6934 6936
f 9713 6936 6939
f 9713 6939 6937
f 9712 9709 3602
f 9712 9688 6934
f 9712 3601 9686
f 9712 3602 3601
f 9712 9691 9688
f 9712 9690 9691
f 9712 9686 9690
f 9709 9706 3599
f 9729 9728 9717
f 9709 3603 3602
f 9709 9711 9710
f 9709 9710 9706
f 6874 6930 9687
f 9687 6930 9688
f 6930 6934 9688
f 9686 3600 9685
f 9686 3601 3600
f 9685 3600 931
f 6937 5313 9707
f 6937 9707 9708
f 9748 9747 3367
f 9755 9741 9742
f 9755 9737 9741
f 3589 3588 9754
f 9754 9736 9753
f 9754 3588 9736
f 9753 9736 9737
f 9752 9738 9751
f 9752 9739 9738
f 9751 5283 5284
f 9751 9738 5283
f 9748 9746 6635
f 9755 9742 9739
f 9748 3370 9744
f 9748 6636 9747
f 9748 6635 6636
f 9748 9744 9750
f 9748 9750 9749
f 9748 9749 9746
f 9748 3367 3370
f 9747 6637 9729
f 9747 9731 3363
f 9747 6636 6637
f 9747 3363 3367
f 9761 9749 9750
f 5287 9752 5286
f 9752 9751 5286
f 5286 9751 5285
f 9751 5284 5285
f 3228 9763 3374
f 9763 9762 9744
f 9763 9743 3374
f 9763 9744 9743
f 9762 9761 9750
f 9762 9750 9744
f 9761 9760 9749
f 9747 9732 9731
f 9760 9759 9746
f 9760 9746 9749
f 9759 9758 9745
f 9759 9745 9746
f 9758 5300 5301
f 9758 5301 9745
f 9755 9753 9737
f 9755 9739 9752
f 9755 9752 9757
f 9755 9757 9756
f 9755 9756 9753
f 9734 9720 9732
f 9721 6610 9722
f 6610 6608 9722
f 6606 5283 9738
f 6606 9738 9739
f 9724 3594 9726
f 9726 3594 3596
f 9737 9736 3590
f 3590 9736 3588
f 9735 9720 9734
f 9735 9734 9719
f 9735 9719 9720
f 5315 6610 9721
f 9734 9730 9719
f 9734 9732 9730
f 3365 9733 9714
f 3365 3360 9733
f 9714 9731 9715
f 9714 9733 9731
f 9715 9732 9720
f 9715 9731 9732
f 9719 9730 9716
f 9730 9729 9716
f 9716 9729 9717
f 9740 6606 9739
f 9747 9730 9732
f 9747 9729 9730
f 5301 6635 9745
f 9745 6635 9746
f 6637 9728 9729
f 6637 5305 9728
f 9744 3370 9743
f 9743 3370 3374
f 9731 9733 3363
f 3363 9733 3360
f 9740 9722 6608
f 9836 6798 6804
f 9740 3594 9724
f 9740 9737 3590
f 9740 3590 3592
f 9740 3592 3594
f 9740 9739 9742
f 9740 9742 9741
f 9740 9741 9737
f 9740 6608 6606
f 9740 9723 9722
f 9740 9725 9723
f 9740 9724 9725
f 9912 9924 9925
f 3572 9930 898
f 5173 9914 9929
f 5173 9929 5174
f 9914 9913 9928
f 9914 9928 9929
f 9913 9916 9927
f 9913 9927 9928
f 9916 9917 9926
f 9916 9926 9927
f 9917 9912 9925
f 9917 9925 9926
f 9912 9911 9924
f 9931 9930 3572
f 9911 3358 9924
f 9911 3361 3358
f 5169 9923 9904
f 5169 9904 5170
f 9923 9922 9908
f 9923 9908 9904
f 9922 9921 9906
f 9922 9906 9908
f 9921 9920 9907
f 9921 9907 9906
f 9920 9919 9903
f 9934 9920 9921
f 9934 6700 9933
f 9934 3578 9919
f 9934 9931 3573
f 9934 3573 3576
f 9934 3576 3578
f 9934 9933 9936
f 9934 9936 9935
f 9934 9935 9931
f 9934 6696 6697
f 9934 6697 6700
f 9934 9921 9922
f 9920 9903 9907
f 9934 9919 9920
f 5169 6698 9923
f 9923 6698 9922
f 6698 6696 9922
f 9919 3580 9918
f 9919 3578 3580
f 6700 6702 9933
f 9918 3580 3582
f 6702 6638 9932
f 6702 9932 9933
f 3573 9931 3572
f 9910 9886 9885
f 9911 3362 3361
f 6769 9894 9895
f 6769 6771 9894
f 3371 9893 3373
f 9893 9892 3373
f 3373 9892 3224
f 9910 9885 6843
f 9910 9909 9888
f 9910 6849 9909
f 9910 6843 6847
f 9910 6847 6849
f 6767 6769 9895
f 9910 9889 9886
f 9910 9888 9889
f 9909 6849 9905
f 9909 3587 9884
f 9909 9905 9907
f 9909 9903 3593
f 9909 3593 3591
f 9909 3591 3587
f 9909 9907 9903
f 9909 9884 9888
f 9905 6789 9904
f 9915 9917 9916
f 9919 9918 9902
f 9919 9902 9903
f 9918 3597 9902
f 9918 3582 3597
f 9915 9913 6763
f 9915 6767 9895
f 9915 3364 9912
f 9915 9893 3371
f 9915 6763 6765
f 9915 6765 6767
f 9915 9912 9917
f 9934 9922 6696
f 9915 9916 9913
f 9915 3371 3368
f 9915 3368 3364
f 9915 9901 9893
f 9915 9900 9901
f 9915 9895 9900
f 5173 6761 9914
f 9914 6761 9913
f 6761 6763 9913
f 9912 3362 9911
f 9912 3364 3362
f 9937 955 956
f 9956 9939 9942
f 6721 6720 9954
f 6720 6719 9954
f 9954 6719 9955
f 6715 6714 9939
f 6714 6713 9940
f 6714 9940 9939
f 9953 951 891
f 6713 6712 9940
f 9938 9937 966
f 966 9937 956
f 9956 9942 9943
f 9952 9947 906
f 9952 9933 6643
f 9952 905 9931
f 9952 6706 9950
f 9952 9950 9947
f 9952 906 905
f 9952 6643 6642
f 9952 6642 6706
f 9952 9936 9933
f 9952 9935 9936
f 9952 9931 9935
f 9958 964 963
f 9961 9957 9958
f 9961 9955 6719
f 9961 6718 9957
f 9961 9958 9960
f 9961 6719 6718
f 9961 9960 9962
f 9961 9962 9955
f 9958 9957 964
f 9958 951 9953
f 9958 9953 9959
f 9958 9959 9960
f 9950 9949 9947
f 9958 963 951
f 9957 6716 9956
f 9957 9956 965
f 9957 6718 6717
f 9957 6717 6716
f 9957 965 964
f 9956 6715 9939
f 9956 9938 966
f 9956 6716 6715
f 9956 966 965
f 9956 9943 9938
f 6712 6711 9940
f 9941 9925 3354
f 9941 6710 6709
f 9941 6709 6708
f 9941 9938 9943
f 9941 9943 9942
f 9941 9942 9939
f 9941 3354 3352
f 9941 3352 3350
f 9941 9926 9925
f 9941 9927 9926
f 9941 9928 9927
f 9941 3350 9938
f 9940 6711 9939
f 6711 6710 9939
f 9938 3351 9937
f 9938 3350 3351
f 6708 6707 9928
f 9937 3351 955
f 6707 9929 9928
f 6707 5174 9929
f 3354 9925 3356
f 9925 9924 3356
f 3356 9924 3358
f 6640 6639 9932
f 9950 6705 9946
f 9950 9946 9951
f 9950 9951 9949
f 9950 6706 6705
f 9947 9944 894
f 9947 894 908
f 9947 908 907
f 9947 907 906
f 9947 9949 9948
f 9947 9948 9944
f 6638 6640 9932
f 9905 9904 9908
f 6639 6641 9932
f 9932 6641 9933
f 6641 6643 9933
f 9931 899 9930
f 9931 905 899
f 6705 6704 9945
f 6705 9945 9946
f 9930 899 898
f 9944 889 894
f 9941 9939 6710
f 9941 6708 9928
f 9862 9857 9856
f 9866 6781 9867
f 9866 9867 9868
f 9865 9858 9864
f 9865 9859 9858
f 9865 4608 9859
f 9865 4612 4608
f 9864 9857 9863
f 9864 9858 9857
f 9863 9857 9862
f 9862 9855 9861
f 9862 9856 9855
f 9866 6782 6781
f 9861 9854 9860
f 9861 9855 9854
f 9860 9854 6823
f 9860 6823 6830
f 9859 9852 9858
f 9859 9853 9852
f 9859 4604 9853
f 9859 4608 4604
f 9858 9851 9857
f 9858 9852 9851
f 9857 9851 9856
f 9872 9863 9862
f 9876 9818 4582
f 9876 9865 9864
f 9876 9875 9874
f 9876 4612 9865
f 9876 4582 4612
f 9876 9874 9818
f 9875 9864 9872
f 9875 9872 9874
f 9872 9870 9871
f 9872 9862 9870
f 9872 9864 9863
f 9856 9849 9855
f 9872 9871 9873
f 9872 9873 9874
f 9870 9861 9869
f 9870 9869 9868
f 9870 9862 9861
f 9870 9868 9871
f 9869 9861 9866
f 9869 9866 9868
f 9866 9860 6830
f 9866 9861 9860
f 9866 6830 6782
f 9841 9835 9834
f 9846 9839 9845
f 9846 9840 9839
f 9845 9839 9838
f 9845 9838 9844
f 9844 9838 9837
f 9844 9837 9843
f 9843 9836 9842
f 9843 9837 9836
f 9842 9836 6804
f 9842 6804 6810
f 9841 4592 9835
f 9847 4596 9841
f 9841 9834 9840
f 9841 4596 4592
f 9840 9834 9833
f 9840 9833 9839
f 9839 9833 9832
f 9839 9832 9838
f 9838 9831 9837
f 9838 9832 9831
f 9837 9830 9836
f 9837 9831 9830
f 9836 9830 6798
f 9851 9844 9850
f 9856 9851 9850
f 9856 9850 9849
f 9855 9849 9854
f 9854 9849 9848
f 9854 9848 6816
f 9854 6816 6823
f 9853 9846 9852
f 9853 4600 9847
f 9853 9847 9846
f 9853 4604 4600
f 9852 9846 9851
f 9876 9864 9875
f 9851 9846 9845
f 9851 9845 9844
f 9850 9843 9849
f 9850 9844 9843
f 9849 9842 9848
f 9849 9843 9842
f 9848 9842 6810
f 9848 6810 6816
f 9847 9840 9846
f 9847 9841 9840
f 9847 4600 4596
f 9896 9878 9877
f 9898 9896 3231
f 9898 6773 6780
f 9897 6777 9881
f 9897 9879 9896
f 9897 6780 6777
f 9897 9880 9879
f 9897 9881 9880
f 9896 9877 3219
f 9896 3219 3233
f 9896 3233 3232
f 9896 3232 3231
f 9898 6780 9897
f 9896 9879 9878
f 6771 6776 9894
f 6776 6775 9894
f 6775 6774 9894
f 9894 6774 9895
f 9893 3225 9892
f 9893 3230 3225
f 6777 9882 9881
f 6777 6779 9882
f 9892 3225 3224
f 9877 3220 3219
f 3595 9902 3597
f 9905 9908 9906
f 9905 9906 9907
f 9905 6849 6851
f 9905 6851 6789
f 6784 6843 9885
f 9884 3586 9883
f 9884 3587 3586
f 9883 3586 3585
f 6789 5170 9904
f 3593 9903 3595
f 9903 9902 3595
f 9891 9868 6845
f 9899 9895 6774
f 9899 3230 9893
f 9899 6773 9898
f 9899 9898 3231
f 9899 6774 6772
f 9899 6772 6773
f 9899 9893 9901
f 9899 9901 9900
f 9899 9900 9895
f 9899 3231 3230
f 9898 9897 9896
f 9820 9882 6779
f 6786 6783 9886
f 6783 6785 9885
f 6783 9885 9886
f 9818 3611 3608
f 9818 3608 3609
f 6785 6784 9885
f 9884 9883 3613
f 3613 9883 3615
f 9883 3585 3615
f 6778 9820 6779
f 9820 9822 9882
f 9874 3611 9818
f 9822 9824 9881
f 9822 9881 9882
f 9824 9826 9880
f 9824 9880 9881
f 9826 9828 9879
f 9826 9879 9880
f 9828 9817 9878
f 9828 9878 9879
f 9817 4585 9877
f 9817 9877 9878
f 4585 3220 9877
f 9890 6844 6788
f 9891 3611 9874
f 9891 6844 9890
f 9891 9890 3612
f 9891 3612 3611
f 9891 6845 6844
f 9891 9871 9868
f 9891 9873 9871
f 9891 9874 9873
f 9890 6787 9887
f 9890 9887 3614
f 9890 3614 3612
f 9699 946 945
f 9890 6788 6787
f 9887 6786 9886
f 9887 9884 3613
f 9887 3613 3614
f 9887 9886 9889
f 9887 9889 9888
f 9887 9888 9884
f 9887 6787 6786
f 6781 6846 9867
f 6846 6845 9867
f 9867 6845 9868
f 8447 8468 8466
f 8458 8471 8472
f 8457 5623 8471
f 8457 5624 5623
f 8470 8454 8469
f 8470 8469 8453
f 8470 8453 8454
f 8469 8454 8467
f 8469 8465 8453
f 8469 8467 8465
f 4314 8468 8447
f 4314 4309 8468
f 8447 8466 8448
f 8458 8457 8471
f 8448 8467 8454
f 8448 8466 8467
f 8453 8465 8450
f 8465 8464 8450
f 8450 8464 8449
f 8464 8463 8449
f 8449 8463 5634
f 8463 5635 5634
f 8462 8440 8015
f 8462 3868 8443
f 8462 8459 3866
f 8466 8468 4312
f 8481 8018 8016
f 8481 4312 4315
f 8481 8467 8466
f 8481 8465 8467
f 8481 8464 8465
f 5633 8020 8479
f 8479 8020 8480
f 8016 8463 8464
f 8016 5635 8463
f 8478 4318 8477
f 8477 4318 4322
f 8462 8017 8459
f 4312 8468 4309
f 3863 8455 8476
f 3863 8476 509
f 8455 8456 8475
f 8455 8475 8476
f 8456 8460 8474
f 8456 8474 8475
f 8460 8461 8473
f 8460 8473 8474
f 8461 8458 8472
f 8461 8472 8473
f 8449 8013 8450
f 8452 8013 8011
f 8452 8448 8454
f 8452 8454 8453
f 8452 8453 8450
f 8451 8011 299
f 8451 294 4320
f 8451 4320 4317
f 8451 299 308
f 8451 308 307
f 8451 307 294
f 5634 8013 8449
f 8452 8451 4317
f 8011 302 301
f 8011 301 299
f 8448 4317 8447
f 8447 4317 4314
f 294 291 4320
f 4320 291 293
f 8446 8442 8433
f 8446 8434 8441
f 8446 8433 8445
f 8446 8445 8434
f 8446 8441 8442
f 8459 8017 8019
f 8462 3866 3868
f 8462 8015 8017
f 8462 8441 8440
f 8462 8442 8441
f 8462 8443 8442
f 8459 8019 8458
f 8459 8456 3864
f 8459 3864 3866
f 8459 8458 8461
f 8459 8461 8460
f 8459 8460 8456
f 8481 8466 4312
f 5636 8015 8439
f 8439 8015 8440
f 8019 5624 8457
f 8019 8457 8458
f 8443 3868 8444
f 8444 3868 3870
f 8456 8455 3864
f 3864 8455 3863
f 8452 8450 8013
f 8452 8011 8451
f 8452 4317 8448
f 493 8499 4322
f 8503 5627 5626
f 5627 8503 8485
f 5627 8485 5614
f 8503 8502 8493
f 8503 8493 8485
f 8502 8501 8492
f 8502 8492 8493
f 8501 8500 8486
f 8501 8486 8492
f 8500 487 505
f 8500 505 8486
f 5625 8503 5626
f 8499 8498 8477
f 8499 8477 4322
f 8498 8497 8478
f 8498 8478 8477
f 8497 8496 8484
f 8497 8484 8478
f 8496 8495 8483
f 8496 8483 8484
f 8495 8494 8480
f 8495 8480 8483
f 8494 5632 5633
f 8504 5628 5629
f 8507 8497 8498
f 8507 8496 8497
f 8507 8495 8496
f 8506 501 8505
f 8506 8505 5629
f 8506 502 501
f 8505 8504 5629
f 8505 501 8504
f 8504 500 8500
f 8504 8503 5625
f 8504 5625 5628
f 8494 8479 8480
f 8504 8502 8503
f 8504 8501 8502
f 8504 8500 8501
f 8504 501 500
f 493 491 8499
f 8499 491 8498
f 491 492 8498
f 8495 5631 8494
f 8494 5631 5632
f 500 486 8500
f 486 487 8500
f 5621 8471 5622
f 8487 8473 8472
f 8487 8474 8473
f 8487 8475 8474
f 505 506 8486
f 506 517 8486
f 8485 5616 5615
f 8485 5615 5614
f 510 8476 8475
f 510 509 8476
f 5620 8472 5621
f 8472 8471 5621
f 8487 5620 5619
f 8471 5623 5622
f 8482 8480 8020
f 8482 8481 4315
f 8482 4318 8478
f 8482 8018 8481
f 8482 8020 8018
f 8482 8478 8484
f 8482 8484 8483
f 8482 8483 8480
f 8482 4315 4318
f 8481 8016 8464
f 8490 8489 5618
f 8494 5633 8479
f 8491 8490 5617
f 8491 8486 517
f 8491 516 8490
f 8491 5616 8485
f 8491 517 516
f 8491 8485 8493
f 8491 8493 8492
f 8491 8492 8486
f 8491 5617 5616
f 8490 515 8489
f 8445 8433 8434
f 8490 516 515
f 8490 5618 5617
f 8489 515 8488
f 8489 8488 5618
f 8488 8487 5619
f 8488 515 8487
f 8488 5619 5618
f 8487 510 8475
f 8487 8472 5620
f 8487 515 514
f 8487 514 510
f 3688 3087 8398
f 8407 8406 3894
f 3894 8406 3893
f 8406 3875 3893
f 5638 8389 5647
f 8389 8392 8397
f 8389 8397 5647
f 8392 8393 8405
f 8392 8405 8397
f 8393 8390 8404
f 8393 8404 8405
f 8390 3688 8398
f 8390 8398 8404
f 8005 8007 8408
f 8403 8402 5656
f 8403 8398 3096
f 8403 3095 8402
f 8403 5653 8397
f 8403 3096 3095
f 8403 8397 8405
f 8403 8405 8404
f 8403 8404 8398
f 8403 5656 5653
f 8402 3094 8401
f 8402 8401 5657
f 8413 7999 8001
f 8417 8409 8418
f 8417 8418 8419
f 8417 3897 3892
f 8417 3892 3889
f 8416 7999 8413
f 8416 8413 3898
f 8416 7993 7996
f 8416 7996 7999
f 8416 3898 3897
f 8413 8001 8410
f 8413 8407 3894
f 8402 3095 3094
f 8413 3894 3898
f 8413 8410 8415
f 8413 8415 8414
f 8413 8414 8407
f 7990 7992 8411
f 7992 7991 8411
f 8411 7991 8412
f 8001 8003 8410
f 8003 8005 8408
f 8003 8408 8410
f 8409 3889 3891
f 8395 8394 5643
f 8396 8395 5643
f 8396 8381 3693
f 8396 5641 8378
f 8396 3703 8395
f 8396 5643 5642
f 8396 5642 5641
f 8396 3693 3703
f 8396 8380 8381
f 8396 8379 8380
f 8396 8378 8379
f 8395 3702 8394
f 8383 5649 5650
f 8395 3703 3702
f 8394 8391 5643
f 8394 3702 8391
f 8391 3701 8390
f 8391 8389 5645
f 8391 5645 5644
f 8391 5644 5643
f 8391 8390 8393
f 8391 8393 8392
f 8391 8392 8389
f 8391 3702 3701
f 8399 8385 8384
f 8402 5657 5656
f 8401 3094 8400
f 8401 8400 5657
f 8400 8399 5655
f 8400 3094 8399
f 8400 5655 5657
f 8399 3090 8387
f 8399 8384 5652
f 8399 3094 3093
f 8399 3093 3090
f 8399 5652 5655
f 8417 3889 8409
f 8399 8386 8385
f 8399 8387 8386
f 3087 3086 8398
f 3086 3096 8398
f 8397 5653 5654
f 8397 5654 5647
f 3090 8388 8387
f 3090 3030 8388
f 5652 8384 5651
f 8384 8383 5651
f 5651 8383 5650
f 8435 8423 8422
f 8437 8435 3909
f 8437 7998 7995
f 8436 7997 8426
f 8436 8424 8435
f 8436 7995 7997
f 8436 8425 8424
f 8436 8426 8425
f 8435 8422 3903
f 8435 3903 3902
f 8435 3902 3910
f 8435 3910 3909
f 8437 7995 8436
f 8435 8424 8423
f 296 8006 297
f 8006 8004 297
f 8004 8002 297
f 297 8002 298
f 290 3905 288
f 290 3906 3905
f 7997 8427 8426
f 7997 7994 8427
f 288 3905 289
f 8422 3900 3903
f 8439 8430 5637
f 3870 3872 8444
f 3872 8428 8444
f 8444 8428 8443
f 8428 8429 8443
f 8443 8429 8442
f 8429 8433 8442
f 8441 8431 8440
f 8441 8434 8431
f 8440 8430 8439
f 8440 8431 8430
f 8439 5637 5636
f 8432 8410 8009
f 8438 298 8002
f 8438 3906 290
f 8438 7998 8437
f 8438 8437 3909
f 8438 8002 8000
f 8438 8000 7998
f 8438 290 305
f 8438 305 304
f 8438 304 298
f 8438 3909 3906
f 8437 8436 8435
f 8418 8409 8422
f 3873 8428 3872
f 7990 8411 8427
f 7990 8427 7994
f 8411 8412 8426
f 8411 8426 8427
f 8412 8421 8425
f 8412 8425 8426
f 8421 8419 8424
f 8421 8424 8425
f 8419 8418 8423
f 8419 8423 8424
f 8429 8428 3873
f 8418 8422 8423
f 8409 3891 8422
f 3891 3900 8422
f 8420 8416 8417
f 8420 8412 7991
f 8420 7993 8416
f 8420 8417 8419
f 8420 7991 7993
f 8420 8419 8421
f 8420 8421 8412
f 8417 8416 3897
f 8432 8414 8415
f 8432 8012 8431
f 8432 3877 8407
f 8432 8429 3880
f 8432 3880 3878
f 8432 3878 3877
f 8432 8431 8434
f 8432 8434 8433
f 8432 8433 8429
f 8432 8009 8010
f 8432 8010 8012
f 8432 8415 8410
f 8507 492 502
f 8432 8407 8414
f 8007 8008 8408
f 8408 8008 8410
f 8008 8009 8410
f 8407 3876 8406
f 8407 3877 3876
f 8012 8014 8431
f 8406 3876 3875
f 8014 5637 8430
f 8014 8430 8431
f 3880 8429 3873
f 8585 8584 3929
f 8574 3941 3937
f 8038 8037 8591
f 8038 8591 8592
f 8573 3937 3851
f 8590 3932 3935
f 8588 8584 8585
f 8588 8582 8053
f 8588 8052 8584
f 8588 8585 8587
f 8588 8053 8052
f 8588 8587 8589
f 8588 8589 8582
f 8574 3937 8573
f 8585 3915 8580
f 8585 8580 8586
f 8585 8586 8587
f 8585 3929 3928
f 8585 3928 3915
f 8584 8049 8583
f 8584 8583 3930
f 8584 8052 8051
f 8584 8051 8049
f 8584 3930 3929
f 8583 8047 8568
f 8596 8597 8595
f 8599 8048 8050
f 8599 8579 8576
f 8599 8578 8579
f 8599 8574 8578
f 8598 8593 3942
f 8598 8036 8596
f 8598 8596 8593
f 8598 8050 8036
f 8596 8595 8593
f 8596 8038 8592
f 8596 8592 8597
f 8583 8567 3931
f 8596 8036 8038
f 8593 8590 3935
f 8593 3935 3944
f 8593 3944 3943
f 8593 3943 3942
f 8593 8595 8594
f 8593 8594 8590
f 8040 8042 8575
f 8042 8044 8575
f 8044 8046 8575
f 8575 8046 8576
f 8033 8035 8576
f 8577 8578 8574
f 8577 8029 8031
f 8577 8031 8033
f 8577 8563 8564
f 8577 8562 8563
f 8577 8561 8562
f 5587 8027 8565
f 8565 8027 8564
f 8027 8029 8564
f 8561 3858 8560
f 8561 3856 3858
f 8577 8579 8578
f 8560 3858 3860
f 8035 8040 8575
f 8035 8575 8576
f 3852 8574 3850
f 8574 8573 3850
f 3850 8573 3851
f 8570 8568 8034
f 8570 8030 8558
f 8570 4299 8567
f 8570 8555 4303
f 8570 8034 8032
f 8580 3915 3916
f 8583 8049 8047
f 8583 3931 3930
f 8583 8572 8567
f 8583 8571 8572
f 8583 8568 8571
f 8054 8055 8581
f 8055 8053 8581
f 8581 8053 8582
f 8047 8045 8568
f 8045 8043 8569
f 8045 8569 8568
f 8599 8046 8048
f 8043 8041 8569
f 8567 8566 3931
f 3931 8566 3921
f 8566 3920 3921
f 8577 8564 8029
f 8577 8033 8576
f 8577 3856 8561
f 8577 8574 3852
f 8577 3852 3854
f 8577 3854 3856
f 8577 8576 8579
f 8618 3926 3925
f 8620 5593 8619
f 8619 5593 5592
f 3946 3936 8600
f 3936 3934 8600
f 5597 8606 5598
f 8606 5590 5598
f 8618 8601 3926
f 8618 8617 5608
f 8618 3925 8617
f 8618 5605 8607
f 8618 5608 5605
f 3938 3939 8621
f 8618 8603 8601
f 8618 8605 8603
f 8618 8607 8605
f 8617 8616 5609
f 8617 3924 8616
f 8617 5609 5608
f 8617 3925 3924
f 8616 3924 8615
f 8616 8615 5609
f 8615 3924 8612
f 8615 8612 5607
f 8624 3947 8623
f 8626 5593 8620
f 8626 8625 5595
f 8626 3939 3948
f 8626 8620 8628
f 8626 8628 8627
f 8626 8627 8621
f 8626 5595 5594
f 8626 5594 5593
f 8625 3947 8624
f 8625 8624 5595
f 8625 3948 3947
f 8615 5607 5609
f 8624 8623 5595
f 8623 3946 8600
f 8623 8606 5597
f 8623 3947 3946
f 8623 5597 5596
f 8623 5596 5595
f 8623 8604 8606
f 8623 8602 8604
f 8623 8600 8602
f 3845 3938 8622
f 8622 3938 8621
f 8587 8586 8595
f 8602 8600 8601
f 8602 8601 8603
f 8600 3914 8601
f 8600 3934 3914
f 8054 8581 8037
f 8581 8582 8591
f 8581 8591 8037
f 8582 8589 8592
f 8582 8592 8591
f 8589 8587 8597
f 8589 8597 8592
f 8604 8603 8605
f 8587 8595 8597
f 8586 8580 8594
f 8586 8594 8595
f 8580 3916 8590
f 8580 8590 8594
f 3916 3932 8590
f 8599 8598 3942
f 8599 8576 8046
f 8599 3941 8574
f 8599 8050 8598
f 8599 3942 3941
f 8607 5606 5600
f 8612 3919 8611
f 8612 8609 5604
f 8612 5604 5607
f 8612 8611 8614
f 8612 8614 8613
f 8612 8613 8609
f 8612 3924 3923
f 8612 3923 3919
f 3914 3913 8601
f 3913 3926 8601
f 8607 5605 5606
f 8570 8032 8030
f 3919 3918 8610
f 3919 8610 8611
f 5604 8609 5603
f 8609 8608 5603
f 5603 8608 5602
f 8608 5601 5602
f 5590 8606 8607
f 5590 8607 5600
f 8606 8604 8605
f 8606 8605 8607
f 8604 8602 8603
f 8508 507 503
f 8534 522 521
f 8534 8533 8536
f 8534 8536 8535
f 8534 8535 8531
f 8534 8065 8067
f 8056 8058 8519
f 8058 8057 8519
f 8519 8057 8517
f 8067 8069 8533
f 8069 8071 8532
f 8069 8532 8533
f 8534 8531 522
f 8071 8073 8532
f 8531 8530 522
f 522 8530 512
f 8530 511 512
f 8527 8523 8068
f 8527 495 8521
f 8527 8064 8526
f 8527 8526 496
f 8527 8068 8066
f 8527 8066 8064
f 8527 8521 8529
f 8538 507 8508
f 8075 8074 8522
f 4319 8521 4321
f 8521 8520 4321
f 4321 8520 489
f 8539 8537 8538
f 8539 8517 8057
f 8539 8059 8537
f 8539 8538 8513
f 8539 8057 8059
f 8539 8515 8517
f 8539 8513 8515
f 8527 8529 8528
f 8538 8537 520
f 8538 520 519
f 8538 519 507
f 8538 8510 8513
f 8538 8508 8510
f 8537 8065 8534
f 8537 8534 521
f 8537 521 520
f 8537 8059 8062
f 8537 8062 8065
f 8534 8067 8533
f 8513 8512 8514
f 8063 8060 8518
f 8520 490 489
f 8509 485 484
f 8056 8519 8060
f 8519 8517 8518
f 8519 8518 8060
f 8517 8515 8516
f 8517 8516 8518
f 8515 8513 8514
f 8515 8514 8516
f 8513 8510 8512
f 8063 8518 8516
f 8510 8508 8509
f 8510 8509 8511
f 8510 8511 8512
f 8508 485 8509
f 8508 503 485
f 8507 8506 5629
f 8507 8498 492
f 8507 5631 8495
f 8507 502 8506
f 8507 5629 5630
f 8507 5630 5631
f 8524 8509 484
f 8527 8528 8523
f 8527 496 495
f 8526 8525 8524
f 8526 8061 8525
f 8526 8524 496
f 8526 8064 8061
f 8525 8063 8516
f 8525 8512 8524
f 8525 8061 8063
f 8525 8514 8512
f 8525 8516 8514
f 8075 8522 8523
f 8524 484 498
f 8524 498 497
f 8524 497 496
f 8524 8511 8509
f 8524 8512 8511
f 8074 8072 8522
f 8072 8070 8522
f 8070 8068 8522
f 8522 8068 8523
f 8521 490 8520
f 8521 495 490
f 5589 8559 5586
f 8564 8563 8553
f 8564 8553 8550
f 8563 8562 8552
f 8563 8552 8553
f 8562 8561 8548
f 8562 8548 8552
f 8561 8560 8547
f 8561 8547 8548
f 8560 3860 3871
f 8560 3871 8547
f 5589 8543 8559
f 8565 8550 8549
f 8543 8542 8558
f 8543 8558 8559
f 8542 8545 8557
f 8542 8557 8558
f 8545 8546 8556
f 8545 8556 8557
f 8546 8541 8555
f 8546 8555 8556
f 8541 8540 8554
f 8541 8554 8555
f 8540 4307 8554
f 8567 4300 8566
f 8570 8567 8572
f 8570 8572 8571
f 8570 8571 8568
f 8570 4303 4301
f 8570 4301 4299
f 8570 8556 8555
f 8570 8557 8556
f 8570 8558 8557
f 8041 8039 8569
f 8569 8039 8568
f 8039 8034 8568
f 8540 4310 4307
f 8567 4299 4300
f 8030 8028 8558
f 8566 4300 3920
f 8028 8559 8558
f 8028 5586 8559
f 4303 8555 4305
f 8555 8554 4305
f 4305 8554 4307
f 5587 8565 8549
f 5587 8549 5588
f 8565 8564 8550
f 8544 4319 4316
f 8548 8547 3869
f 3869 8547 3871
f 8544 8542 8081
f 8544 8077 8523
f 8544 4313 8541
f 8544 8521 4319
f 8544 8081 8079
f 8544 8079 8077
f 8544 8541 8546
f 8544 8546 8545
f 8544 8545 8542
f 3867 8548 3869
f 8544 4316 4313
f 8544 8529 8521
f 8544 8528 8529
f 8544 8523 8528
f 5589 8083 8543
f 8543 8083 8542
f 8083 8081 8542
f 8541 4311 8540
f 8541 4313 4311
f 8077 8075 8523
f 8540 4311 4310
f 8551 8536 8533
f 8551 8533 8078
f 8551 8082 8550
f 8551 3862 8531
f 8551 8548 3867
f 8551 3867 3865
f 8551 3865 3862
f 8551 8550 8553
f 8551 8553 8552
f 8551 8552 8548
f 8551 8078 8080
f 8551 8080 8082
f 3694 3692 8382
f 8551 8535 8536
f 8551 8531 8535
f 8073 8076 8532
f 8532 8076 8533
f 8076 8078 8533
f 8531 3861 8530
f 8531 3862 3861
f 8082 8084 8550
f 8530 3861 511
f 8084 5588 8549
f 8084 8549 8550
f 8230 7906 8229
f 8234 364 365
f 8231 8227 7913
f 8231 430 8225
f 8231 7909 8230
f 8231 8230 431
f 8231 7913 7911
f 8231 7911 7909
f 8231 8225 8233
f 8231 8233 8232
f 8231 8232 8227
f 8231 431 430
f 8230 8229 8228
f 375 8234 365
f 8230 8228 431
f 8230 7909 7906
f 8229 7908 8220
f 8229 8216 8228
f 8229 7906 7908
f 8229 8218 8216
f 8229 8220 8218
f 8228 8213 421
f 8228 421 433
f 8228 433 432
f 8228 432 431
f 8238 8240 8239
f 8242 8214 8217
f 8242 8212 8214
f 8241 7910 8238
f 8241 8238 374
f 8241 374 373
f 8241 7904 7907
f 8241 7907 7910
f 8238 7912 8237
f 8238 8235 375
f 8238 375 374
f 8238 8237 8240
f 8228 8215 8213
f 8238 8239 8235
f 8238 7910 7912
f 7901 7903 8223
f 7903 7902 8223
f 8223 7902 8221
f 7912 7914 8237
f 7914 7916 8236
f 7914 8236 8237
f 8212 360 355
f 7916 7918 8236
f 8235 8234 375
f 8210 436 8209
f 8212 355 354
f 8211 8210 5681
f 8211 8202 427
f 8211 5683 8199
f 8211 437 8210
f 8211 5681 5682
f 8211 5682 5683
f 8211 427 437
f 8211 8201 8202
f 8211 8200 8201
f 8211 8199 8200
f 8212 354 8213
f 8210 8209 5681
f 8210 437 436
f 8209 8208 5681
f 8209 436 8208
f 8208 435 8204
f 8208 8207 5678
f 8208 5678 5680
f 8208 5680 5681
f 8208 8206 8207
f 8208 8205 8206
f 8208 8204 8205
f 7901 8223 7905
f 8228 8216 8215
f 7919 7917 8226
f 7917 7915 8226
f 7915 7913 8226
f 8226 7913 8227
f 8225 425 8224
f 8225 430 425
f 7908 8222 8220
f 7908 7905 8222
f 8224 425 424
f 8213 354 421
f 8242 372 360
f 8223 8221 8222
f 8223 8222 7905
f 8221 8219 8220
f 8221 8220 8222
f 8219 8217 8218
f 8219 8218 8220
f 8217 8214 8216
f 8217 8216 8218
f 8214 8212 8213
f 8214 8213 8215
f 8214 8215 8216
f 8255 4471 8235
f 8246 8261 8262
f 8249 8250 8260
f 8249 8260 8261
f 8250 8245 8259
f 8250 8259 8260
f 8245 8244 8258
f 8245 8258 8259
f 8244 3040 8258
f 8244 3044 3040
f 8255 8237 7922
f 8255 7926 8254
f 8246 8249 8261
f 8255 8252 4476
f 8255 4476 4474
f 8255 4474 4471
f 8255 8254 8257
f 8255 8257 8256
f 8255 8256 8252
f 8255 7922 7924
f 8255 7924 7926
f 8255 8240 8237
f 8255 8239 8240
f 8255 8235 8239
f 8267 8266 8256
f 7931 8263 8262
f 7931 5663 8263
f 3036 8259 3038
f 8259 8258 3038
f 3038 8258 3040
f 5664 8269 8253
f 5664 8253 5665
f 8269 8268 8254
f 8269 8254 8253
f 8268 8267 8257
f 8268 8257 8254
f 7918 7920 8236
f 8267 8256 8257
f 8266 8265 8252
f 8266 8252 8256
f 8265 8264 8251
f 8265 8251 8252
f 8264 4468 4480
f 8264 4480 8251
f 5662 8247 8263
f 5662 8263 5663
f 8247 8246 8262
f 8247 8262 8263
f 8225 8224 3056
f 8248 8227 8232
f 5662 7929 8247
f 8247 7929 8246
f 7929 7927 8246
f 8245 3045 8244
f 8245 3047 3045
f 7923 7921 8227
f 8244 3045 3044
f 7921 8226 8227
f 7921 7919 8226
f 3054 8225 3056
f 8248 8232 8233
f 3056 8224 424
f 8243 8241 8242
f 8243 8221 7902
f 8243 7904 8241
f 8243 8242 8217
f 8243 7902 7904
f 8243 8219 8221
f 8243 8217 8219
f 8242 360 8212
f 8242 8241 373
f 8242 373 372
f 8248 8246 7927
f 8236 7920 8237
f 7920 7922 8237
f 8235 4470 8234
f 8235 4471 4470
f 7926 7928 8254
f 8234 4470 364
f 7928 5665 8253
f 7928 8253 8254
f 4476 8252 4478
f 8252 8251 4478
f 4478 8251 4480
f 8208 436 435
f 8248 7923 8227
f 8248 3047 8245
f 8248 8225 3054
f 8248 7927 7925
f 8248 7925 7923
f 8248 8245 8250
f 8248 8250 8249
f 8248 8249 8246
f 8248 3054 3050
f 8248 3050 3047
f 8248 8233 8225
f 8166 8146 8145
f 8169 8168 8154
f 8154 8168 8153
f 8168 8167 8153
f 8153 8167 5686
f 8167 5687 5686
f 8166 8144 7895
f 8166 4477 8147
f 8166 8163 4475
f 8166 7897 8163
f 8166 4475 4477
f 8166 7895 7897
f 8166 8145 8144
f 8157 8169 8154
f 8166 8147 8146
f 8163 7899 8162
f 8163 8160 4473
f 8163 4473 4475
f 8163 8162 8165
f 8163 8165 8164
f 8163 8164 8160
f 8163 7897 7899
f 5688 7895 8143
f 8143 7895 8144
f 7899 5676 8161
f 8174 8158 8173
f 8159 8179 8180
f 8160 8164 8178
f 8160 8178 8179
f 8164 8165 8177
f 8164 8177 8178
f 8165 8162 8176
f 8165 8176 8177
f 8162 8161 8175
f 8162 8175 8176
f 8161 5675 8175
f 8161 5676 5675
f 7899 8161 8162
f 8174 8173 8157
f 8174 8157 8158
f 8173 8158 8171
f 8173 8169 8157
f 8173 8171 8169
f 3048 8172 8151
f 3048 3043 8172
f 8151 8170 8152
f 8151 8172 8170
f 8152 8171 8158
f 8152 8170 8171
f 8132 8133 8147
f 338 335 3055
f 3055 335 337
f 8150 8146 8137
f 8150 8138 8145
f 8150 8137 8149
f 8150 8149 8138
f 8150 8145 8146
f 8149 8137 8138
f 4479 4481 8148
f 4481 8132 8148
f 8148 8132 8147
f 8151 3051 3048
f 8147 8133 8146
f 8133 8137 8146
f 8145 8135 8144
f 8145 8138 8135
f 8144 8134 8143
f 8144 8135 8134
f 8143 5689 5688
f 8143 8134 5689
f 8142 342 7882
f 8142 3079 334
f 8142 7878 8141
f 8156 8157 8154
f 8147 4477 8148
f 8148 4477 4479
f 8160 8159 4473
f 4473 8159 4472
f 8156 8154 7893
f 8156 7891 8155
f 8156 3051 8152
f 8156 8155 3051
f 8156 7893 7891
f 8156 8152 8158
f 8156 8158 8157
f 8159 8160 8179
f 8155 7891 343
f 8155 338 3055
f 8155 3055 3051
f 8155 343 352
f 8155 352 351
f 8155 351 338
f 5686 7893 8153
f 8153 7893 8154
f 7891 346 345
f 7891 345 343
f 8152 3051 8151
f 8195 369 8194
f 8201 8200 8188
f 8201 8188 8182
f 8200 8199 8187
f 8200 8187 8188
f 8199 8198 8184
f 8199 8184 8187
f 8198 5684 5685
f 8198 8183 8184
f 8198 5685 8183
f 8195 8194 5669
f 8195 8190 370
f 8202 8182 8181
f 8195 5668 8189
f 8195 370 369
f 8195 8189 8197
f 8195 8197 8196
f 8195 8196 8190
f 8195 5669 5668
f 8194 368 8193
f 8194 8193 5670
f 8194 369 368
f 8194 5670 5669
f 8193 368 8192
f 8207 8189 5666
f 428 426 8203
f 8203 426 8202
f 426 427 8202
f 8199 5683 8198
f 8198 5683 5684
f 435 422 8204
f 422 358 8204
f 5678 8207 5679
f 8207 5677 5679
f 5677 8207 5666
f 8207 8206 8197
f 8193 8192 5670
f 8207 8197 8189
f 8206 8205 8196
f 8206 8196 8197
f 8205 8204 8190
f 8205 8190 8196
f 8204 358 357
f 8204 357 8190
f 428 8203 8181
f 428 8181 3057
f 8203 8202 8181
f 8202 8201 8182
f 8185 8169 8171
f 8186 7898 8185
f 8186 7900 7898
f 8186 8182 8188
f 8186 8188 8187
f 8186 8187 8184
f 8186 3049 3053
f 8185 7896 8168
f 8185 8170 3046
f 8185 7898 7896
f 8185 3046 3049
f 8185 8171 8170
f 8186 3053 8182
f 8185 8168 8169
f 5685 7900 8183
f 8183 7900 8184
f 7896 8167 8168
f 7896 5687 8167
f 8182 3053 8181
f 8181 3053 3057
f 8170 8172 3046
f 3046 8172 3043
f 4472 8159 8180
f 4472 8180 362
f 357 359 8190
f 8192 8191 5671
f 8192 368 8191
f 8192 5671 5670
f 8191 363 8179
f 8191 8176 5672
f 8191 368 367
f 8191 367 363
f 8191 5672 5671
f 8191 8177 8176
f 8191 8178 8177
f 8191 8179 8178
f 8270 3032 3035
f 359 370 8190
f 8189 5668 5667
f 8189 5667 5666
f 363 8180 8179
f 363 362 8180
f 5672 8176 5673
f 8176 8175 5673
f 5673 8175 5674
f 8175 5675 5674
f 8186 8184 7900
f 8186 8185 3049
f 8342 8325 8326
f 8342 8323 7984
f 8342 7987 8341
f 8342 3023 8321
f 8342 8339 3025
f 8342 3025 3024
f 8342 3024 3023
f 8342 8341 8344
f 8342 8344 8343
f 8342 8343 8339
f 8342 7984 7985
f 8342 7985 7987
f 8342 8326 8323
f 8345 5659 5658
f 8342 8321 8325
f 7982 7983 8322
f 8322 7983 8323
f 7983 7984 8323
f 8321 3022 8320
f 8321 3023 3022
f 7987 7989 8341
f 8320 3022 414
f 7989 5661 8340
f 7989 8340 8341
f 3025 8339 3026
f 8351 8349 8347
f 8355 8341 8354
f 8355 8344 8341
f 8354 8340 8353
f 8354 8341 8340
f 8353 5661 5660
f 8353 8340 5661
f 8352 8337 8351
f 8352 8351 8336
f 8352 8336 8337
f 8351 8337 8349
f 8351 8347 8336
f 8339 8338 3026
f 4469 8350 8330
f 4469 4467 8350
f 8330 8348 8331
f 8330 8350 8348
f 8331 8349 8337
f 8331 8348 8349
f 8336 8347 8333
f 8347 8346 8333
f 8333 8346 8332
f 8346 8345 8332
f 8332 8345 5658
f 8328 8304 8306
f 8329 8312 7966
f 8329 7968 8327
f 8329 8328 8308
f 8329 7966 7968
f 8329 8310 8312
f 8329 8308 8310
f 8328 409 8304
f 8328 8327 419
f 8328 419 410
f 8328 410 409
f 8328 8306 8308
f 8329 8327 8328
f 8327 7974 8324
f 8327 8324 420
f 8327 420 419
f 8327 7968 7971
f 8327 7971 7974
f 8324 7976 8323
f 8324 8321 413
f 8324 413 420
f 8324 8323 8326
f 8324 8326 8325
f 8324 8325 8321
f 8334 4457 4460
f 3026 8338 3041
f 8335 8333 7988
f 8335 7986 8334
f 8335 4460 8331
f 8335 8334 4460
f 8335 7988 7986
f 8335 8331 8337
f 8335 8337 8336
f 8335 8336 8333
f 8334 7986 321
f 8334 316 4457
f 8339 8343 8356
f 8334 321 330
f 8334 330 329
f 8334 329 316
f 5658 7988 8332
f 8332 7988 8333
f 7986 324 323
f 7986 323 321
f 8331 4460 8330
f 8330 4460 4469
f 316 313 4457
f 4457 313 315
f 8377 5639 8363
f 8382 8361 4456
f 8381 8380 8362
f 8381 8362 8361
f 8380 8379 8368
f 8380 8368 8362
f 8379 8378 8367
f 8379 8367 8368
f 8378 8377 8363
f 8378 8364 8367
f 8378 8363 8364
f 8377 5640 5639
f 8382 8381 8361
f 8376 8354 7959
f 8376 3037 8357
f 8376 8373 3034
f 8376 7961 8373
f 8376 3034 3037
f 8376 7959 7961
f 8376 8355 8354
f 8376 8356 8355
f 8376 8357 8356
f 8373 7963 8372
f 8373 8370 3028
f 8369 8387 8388
f 8382 3692 8381
f 3692 3693 8381
f 8378 5641 8377
f 8377 5641 5640
f 3701 3687 8390
f 3687 3688 8390
f 5645 8389 5646
f 8389 5638 5646
f 3029 8369 8388
f 3029 8388 3030
f 8369 8370 8387
f 8373 3028 3034
f 8370 8374 8386
f 8370 8386 8387
f 8374 8375 8385
f 8374 8385 8386
f 8375 8372 8384
f 8375 8384 8385
f 8372 8371 8383
f 8372 8383 8384
f 8371 5649 8383
f 8371 5648 5649
f 3694 8382 4456
f 4465 8350 4467
f 8365 4465 4463
f 8365 8349 8348
f 8365 8347 8349
f 8365 8346 8347
f 5639 7964 8363
f 8363 7964 8364
f 7960 8345 8346
f 7960 5659 8345
f 8362 4458 8361
f 8361 4458 4456
f 8348 8350 4465
f 8365 7962 7960
f 8360 8356 8343
f 8360 8344 8355
f 8360 8343 8359
f 8360 8359 8344
f 8360 8355 8356
f 8359 8343 8344
f 3039 3041 8358
f 3041 8338 8358
f 8358 8338 8357
f 8338 8339 8357
f 8357 8339 8356
f 3028 8369 3029
f 8373 8372 8375
f 8373 8375 8374
f 8373 8374 8370
f 8373 7961 7963
f 5660 7959 8353
f 8353 7959 8354
f 7963 5648 8371
f 7963 8371 8372
f 8357 3037 8358
f 8358 3037 3039
f 8370 8369 3028
f 8324 7974 7976
f 8366 8364 7964
f 8366 8365 4463
f 8366 4458 8362
f 8366 7962 8365
f 8366 7964 7962
f 8366 8362 8368
f 8366 8368 8367
f 8366 8367 8364
f 8366 4463 4458
f 8365 7960 8346
f 8365 8348 4465
f 8287 8276 8271
f 8289 3099 3098
f 8289 3098 3088
f 8288 7952 8287
f 8288 8287 3100
f 8288 7955 7954
f 8288 7954 7952
f 8288 3100 3099
f 8287 7950 8272
f 8287 8271 3101
f 8287 7952 7950
f 8287 3101 3100
f 8289 8290 8291
f 8287 8275 8276
f 8287 8272 8275
f 7957 7958 8285
f 7958 7956 8285
f 8285 7956 8286
f 7950 7948 8272
f 7948 7946 8273
f 7948 8273 8272
f 8284 3088 3089
f 7946 7943 8273
f 8271 8270 3101
f 8277 3691 3690
f 8297 3698 3697
f 8297 8299 8298
f 8297 8298 8294
f 7944 7945 8279
f 7945 7947 8279
f 7947 7949 8279
f 8279 7949 8280
f 8278 3691 8277
f 8278 3696 3691
f 7940 7939 8295
f 7940 8295 8296
f 3101 8270 3091
f 8294 3686 3685
f 8292 8288 8289
f 8292 8286 7956
f 8292 7955 8288
f 8292 8289 8291
f 8292 7956 7955
f 8292 8291 8293
f 8292 8293 8286
f 8289 8288 3099
f 8289 3088 8284
f 8289 8284 8290
f 8274 8275 8272
f 4461 8278 4459
f 8278 8277 4459
f 4459 8277 3690
f 8274 8272 7936
f 8274 7933 8262
f 8274 3031 8271
f 8274 8259 3036
f 8274 7936 7934
f 8274 7934 7933
f 8274 8271 8276
f 8274 8276 8275
f 7942 8279 8280
f 8274 3036 3033
f 8274 3033 3031
f 8274 8260 8259
f 8274 8261 8260
f 8274 8262 8261
f 7943 7941 8273
f 8273 7941 8272
f 7941 7936 8272
f 8271 3032 8270
f 8271 3031 3032
f 7933 7931 8262
f 8281 7935 7937
f 8270 3035 3091
f 8281 8268 7932
f 8281 7937 8280
f 8281 4464 8265
f 8281 8278 4461
f 8281 4461 4462
f 8281 4462 4464
f 8281 8280 8283
f 8281 8283 8282
f 8281 8282 8278
f 8281 7932 7935
f 8297 3699 3698
f 8281 8267 8268
f 8281 8266 8267
f 8281 8265 8266
f 5664 7930 8269
f 8269 7930 8268
f 7930 7932 8268
f 8265 4466 8264
f 8265 4464 4466
f 7937 7942 8280
f 8264 4466 4468
f 7942 7944 8279
f 8316 8309 8307
f 8318 7973 7970
f 8317 7972 8313
f 8317 8309 8316
f 8317 7970 7972
f 8317 8311 8309
f 8317 8313 8311
f 8316 8305 387
f 8316 387 386
f 8316 386 399
f 8316 399 398
f 8316 8307 8305
f 8318 8316 398
f 318 7981 319
f 7981 7979 319
f 7979 7977 319
f 319 7977 320
f 312 389 310
f 312 390 389
f 7972 8315 8313
f 7972 7969 8315
f 310 389 311
f 8305 377 387
f 7965 8314 8315
f 8319 320 7977
f 7965 7967 8314
f 7967 7966 8314
f 8314 7966 8312
f 7976 7978 8323
f 7978 7980 8322
f 7978 8322 8323
f 8304 409 378
f 7980 7982 8322
f 8321 8320 413
f 413 8320 411
f 8320 414 411
f 7965 8315 7969
f 8319 390 312
f 8319 7973 8318
f 8319 8318 398
f 8319 7977 7975
f 8319 7975 7973
f 8319 312 327
f 8319 327 326
f 8319 326 320
f 8319 398 390
f 8318 8317 8316
f 8318 7970 8317
f 8303 8278 8282
f 8284 8294 8298
f 3089 3686 8294
f 8303 8302 3697
f 8303 8280 7949
f 8303 3696 8278
f 8303 7953 8302
f 8303 3697 3696
f 8303 7949 7951
f 8303 7951 7953
f 8303 8283 8280
f 8303 8282 8283
f 8284 3089 8294
f 8302 8297 3697
f 8302 7938 8300
f 8302 8300 8297
f 8302 7953 7938
f 8300 8299 8297
f 8300 7940 8296
f 8300 8296 8301
f 8300 8301 8299
f 8300 7938 7940
f 8297 8294 3685
f 8297 3685 3699
f 8304 378 377
f 8314 8312 8313
f 8314 8313 8315
f 8312 8310 8311
f 8312 8311 8313
f 8310 8308 8309
f 8310 8309 8311
f 8308 8306 8307
f 8308 8307 8309
f 8306 8304 8305
f 8306 8305 8307
f 8304 377 8305
f 8626 8621 3939
f 7957 8285 7939
f 8285 8286 8295
f 8285 8295 7939
f 8286 8293 8296
f 8286 8296 8295
f 8293 8291 8301
f 8293 8301 8296
f 8291 8290 8299
f 8291 8299 8301
f 8290 8284 8298
f 8290 8298 8299
f 8990 8989 8928
f 8992 8921 4423
f 8992 8986 8985
f 8992 8991 8922
f 8992 4450 8986
f 8992 4423 4450
f 8992 8922 8921
f 8991 8984 8990
f 8991 8990 8929
f 8991 8985 8984
f 8991 8929 8922
f 8990 8983 8989
f 8990 8984 8983
f 8992 8985 8991
f 8990 8928 8929
f 8989 8988 8924
f 8989 8983 8982
f 8989 8982 8988
f 8989 8924 8928
f 8988 8981 8987
f 8988 8987 8923
f 8988 8982 8981
f 8988 8923 8924
f 8987 8981 7119
f 8987 7119 7129
f 8997 8996 8931
f 9003 9001 8999
f 9003 8999 9004
f 9002 8935 8937
f 9001 9000 8932
f 9001 8937 9000
f 9001 8932 8997
f 9001 8997 8999
f 9000 8937 8932
f 8997 8994 8995
f 8997 8931 8994
f 8997 8932 8996
f 8987 7129 7134
f 8997 8995 8998
f 8997 8998 8999
f 8996 8932 8931
f 8994 8931 8993
f 8994 8993 7334
f 8994 7274 8995
f 8994 7334 7318
f 8994 7318 7274
f 8993 7336 7334
f 8993 8931 7336
f 626 625 8930
f 8972 8966 8971
f 8977 8970 8976
f 8976 8969 8975
f 8976 8970 8969
f 8975 8969 7100
f 8975 7100 7110
f 8974 8967 8973
f 8974 4438 8968
f 8974 8968 8967
f 8974 4442 4438
f 8973 8966 8972
f 8973 8967 8966
f 8977 8971 8970
f 8971 8964 8970
f 8971 8966 8965
f 8971 8965 8964
f 8970 8964 8963
f 8970 8963 8969
f 8969 8963 7093
f 8969 7093 7100
f 8968 8961 8967
f 8968 8962 8961
f 8968 4438 4434
f 8968 4434 8962
f 8982 8977 8976
f 8987 7134 8923
f 8986 8979 8985
f 8986 8980 8979
f 8986 4446 8980
f 8986 4450 4446
f 8985 8979 8978
f 8985 8978 8984
f 8984 8977 8983
f 8984 8978 8977
f 8983 8977 8982
f 8982 8976 8981
f 9003 8935 9002
f 8981 8975 7110
f 8981 8976 8975
f 8981 7110 7119
f 8980 4442 8974
f 8980 8973 8979
f 8980 8974 8973
f 8980 4446 4442
f 8979 8973 8978
f 8978 8972 8977
f 8978 8973 8972
f 8977 8972 8971
f 9029 658 9023
f 9034 9028 9027
f 9034 9027 9033
f 9033 9027 9026
f 9033 9026 9032
f 9032 9026 9025
f 9032 9025 9031
f 9031 9025 9024
f 9031 9024 9030
f 9030 9024 7283
f 9030 7283 7289
f 9029 9022 9028
f 9035 9028 9034
f 9029 9023 9022
f 9029 659 658
f 9028 9021 9027
f 9028 9022 9021
f 9027 9020 9026
f 9027 9021 9020
f 9026 9019 9025
f 9026 9020 9019
f 9025 9019 9018
f 9025 9018 9024
f 9024 9018 7271
f 9039 9033 9038
f 9044 9037 9043
f 9044 9038 9037
f 9043 9037 9036
f 9043 9036 9042
f 9042 7272 7297
f 9042 9036 7272
f 9041 9034 9040
f 9041 650 9035
f 9041 9035 9034
f 9040 9034 9033
f 9040 9033 9039
f 9024 7271 7283
f 9038 9032 9031
f 9038 9031 9037
f 9038 9033 9032
f 9037 9031 9030
f 9037 9030 9036
f 9036 7289 7272
f 9036 9030 7289
f 9035 9029 9028
f 9035 659 9029
f 9035 650 654
f 9035 654 659
f 9009 9010 664
f 8949 8939 9012
f 8949 9012 9013
f 8939 4426 9011
f 8939 9011 9012
f 4426 4526 9011
f 9009 9006 9007
f 9009 666 9008
f 9009 9008 8934
f 9009 8934 9006
f 9009 664 666
f 9009 9007 9010
f 8947 9013 9014
f 9008 626 8930
f 9008 666 626
f 9008 8930 8934
f 9006 9003 9004
f 9006 9005 8935
f 9006 8935 9003
f 9006 8934 9005
f 9006 9004 9007
f 9005 8934 8935
f 9003 9002 8937
f 9003 8937 9001
f 9018 8995 7274
f 9023 9010 9022
f 9023 664 9010
f 9023 658 664
f 9022 9007 9021
f 9022 9010 9007
f 9021 8999 9020
f 9021 9004 8999
f 9021 9007 9004
f 9020 8998 9019
f 9020 8999 8998
f 9019 8998 9018
f 8967 8960 8966
f 9018 8998 8995
f 9018 7274 7271
f 566 624 9017
f 7072 8941 7159
f 8941 8943 9016
f 8941 9016 7159
f 8943 8945 9015
f 8943 9015 9016
f 8945 8947 9014
f 8945 9014 9015
f 8947 8949 9013
f 8918 8897 8899
f 8918 7328 8917
f 8918 3991 8897
f 8918 8915 3986
f 8918 3986 3989
f 8918 3989 3991
f 8918 8917 8920
f 8918 8920 8919
f 8918 8919 8915
f 8918 7323 7330
f 8918 7330 7328
f 8918 8901 8903
f 8918 8899 8901
f 8918 8903 7323
f 5394 7317 8905
f 8905 7317 8903
f 7317 7323 8903
f 8897 3993 8895
f 8897 3991 3993
f 7328 7341 8917
f 8895 3993 3995
f 7341 7348 8916
f 7341 8916 8917
f 3986 8915 3985
f 8915 8914 3985
f 7139 7138 8923
f 8926 7137 7067
f 8926 7067 7066
f 8926 3967 3965
f 8925 7065 8912
f 8925 8907 3966
f 8925 7066 7065
f 8925 3966 3967
f 8925 8910 8907
f 8925 8913 8910
f 8925 8912 8913
f 7134 7139 8923
f 3985 8914 671
f 8923 7138 8924
f 8922 3964 8921
f 7065 7062 8912
f 7062 7064 8908
f 7062 8908 8912
f 8921 3964 3959
f 8921 3959 3960
f 7064 7063 8908
f 8907 8906 3966
f 3966 8906 3968
f 8906 3969 3968
f 8899 8897 8898
f 7068 5395 8904
f 4003 8896 4005
f 8896 8894 4005
f 4005 8894 4007
f 5394 8905 5395
f 8905 8903 8904
f 8905 8904 5395
f 8903 8901 8902
f 8903 8902 8904
f 8901 8899 8900
f 8901 8900 8902
f 7068 8904 8902
f 8899 8898 8900
f 8897 8895 8896
f 8897 8896 8898
f 8895 3995 8894
f 8895 8894 8896
f 3995 4007 8894
f 8893 8876 7235
f 8893 7237 8886
f 8893 4244 8878
f 8893 8884 4238
f 8893 4238 4242
f 8909 7143 7145
f 8911 8908 7140
f 8911 7143 8909
f 8911 8909 8910
f 8911 7140 7142
f 8911 7142 7143
f 8911 8910 8913
f 8911 8913 8912
f 8911 8912 8908
f 8909 7145 8902
f 8909 3998 8907
f 8909 8896 4003
f 8926 8925 3967
f 8909 8907 8910
f 8909 4003 4001
f 8909 4001 3998
f 8909 8898 8896
f 8909 8900 8898
f 8909 8902 8900
f 7063 7140 8908
f 8907 3997 8906
f 8907 3998 3997
f 7145 7068 8902
f 8906 3997 3969
f 8951 8940 7073
f 8956 8950 8948
f 8956 8948 8955
f 8956 4430 4427
f 8955 8948 8946
f 8955 8946 8954
f 8954 8944 8953
f 8954 8946 8944
f 8953 8944 8942
f 8953 8942 8952
f 8952 8940 8951
f 8952 8942 8940
f 8956 4427 8950
f 8951 7073 7081
f 8950 8949 8948
f 8950 4427 8939
f 8950 8939 8949
f 8948 8947 8946
f 8948 8949 8947
f 8946 8945 8944
f 8946 8947 8945
f 8944 8943 8942
f 8944 8945 8943
f 8942 8941 8940
f 8962 4434 4430
f 8967 8961 8960
f 8966 8960 8959
f 8966 8959 8965
f 8965 8959 8958
f 8965 8958 8964
f 8964 8957 8963
f 8964 8958 8957
f 8963 8957 7093
f 8962 4430 8956
f 8962 8956 8955
f 8962 8955 8961
f 8942 8943 8941
f 8961 8955 8954
f 8961 8954 8960
f 8960 8954 8953
f 8960 8953 8959
f 8959 8952 8958
f 8959 8953 8952
f 8958 8951 8957
f 8958 8952 8951
f 8957 8951 7081
f 8957 7081 7086
f 8957 7086 7093
f 8914 672 671
f 8933 8935 8934
f 8933 8934 8930
f 7348 7351 8916
f 7351 7350 8916
f 7350 7349 8916
f 8916 7349 8917
f 7349 7346 8917
f 8915 672 8914
f 8915 678 672
f 7337 7336 8931
f 7337 8931 8932
f 8933 680 679
f 8930 625 667
f 8927 8924 7138
f 8927 7137 8926
f 8927 3964 8922
f 8927 8926 3965
f 8927 7138 7137
f 8927 8922 8929
f 8927 8929 8928
f 8927 8928 8924
f 8927 3965 3964
f 8926 7066 8925
f 8938 7344 7342
f 8940 7072 7073
f 8940 8941 7072
f 3960 4423 8921
f 4427 4426 8939
f 8938 8933 679
f 8938 8917 7346
f 8938 678 8915
f 8938 7342 8936
f 8938 8936 8933
f 8938 679 678
f 8938 7346 7344
f 9045 9039 9038
f 8938 8920 8917
f 8938 8919 8920
f 8938 8915 8919
f 8936 8935 8933
f 8936 7337 8932
f 8936 8932 8937
f 8936 8937 8935
f 8936 7342 7337
f 8933 8930 667
f 8933 667 681
f 8933 681 680
f 9137 9136 9135
f 9144 9135 9133
f 9144 9133 9143
f 9143 9133 9131
f 9143 9131 9142
f 9142 9131 9129
f 9142 9129 9141
f 9141 9129 6998
f 9141 6998 7002
f 9139 9138 9137
f 9139 4033 9140
f 9139 9140 9138
f 9139 4416 4033
f 9145 9137 9135
f 9137 9138 9136
f 9135 9134 9133
f 9135 9136 9134
f 9133 9132 9131
f 9133 9134 9132
f 9131 9132 9130
f 9131 9130 9129
f 9129 6988 6998
f 9129 9130 6988
f 9127 6993 6995
f 7047 9128 9127
f 9150 9144 9143
f 9154 9147 9153
f 9154 9149 9148
f 9153 9147 7006
f 9153 7006 7011
f 9152 4417 9146
f 9152 9146 9151
f 9152 4413 4417
f 9151 9145 9144
f 9151 9146 9145
f 9151 9144 9150
f 9150 9143 9149
f 7047 9127 6995
f 9149 9142 9148
f 9149 9143 9142
f 9148 9142 9147
f 9147 9142 9141
f 9147 9141 7002
f 9147 7002 7006
f 9146 9137 9145
f 9146 9139 9137
f 9146 4416 9139
f 9146 4417 4416
f 9145 9135 9144
f 4264 9111 4266
f 9116 9105 9106
f 9116 9101 9105
f 7257 7260 9102
f 9102 7260 9103
f 7260 7262 9103
f 9101 4258 9100
f 9101 4259 4258
f 7266 7268 9114
f 9100 4258 531
f 7268 9115 9114
f 7268 5412 9115
f 9116 9106 9103
f 9111 9110 4266
f 4266 9110 4257
f 5413 9096 5412
f 9096 9095 9115
f 9096 9115 5412
f 9095 9098 9114
f 9095 9114 9115
f 9098 9099 9113
f 9098 9113 9114
f 9099 9094 9112
f 9099 9112 9113
f 4527 4388 9117
f 9128 9126 9127
f 9126 9124 9125
f 9126 9125 9127
f 9124 9122 9123
f 9124 9123 9125
f 9122 9120 9121
f 9122 9121 9123
f 9120 9118 9119
f 9120 9119 9121
f 9118 4527 9117
f 9118 9117 9119
f 9154 9148 9147
f 9116 9103 7262
f 9116 7266 9114
f 9116 4259 9101
f 9116 9111 4264
f 9116 4264 4262
f 9116 4262 4259
f 9116 9112 9111
f 9116 9113 9112
f 9116 9114 9113
f 9116 7262 7264
f 9116 7264 7266
f 9180 9175 9174
f 9185 9178 9184
f 9184 9178 9177
f 9184 9177 9183
f 9183 9177 7031
f 9183 7031 7036
f 9182 9176 9175
f 9182 4398 9176
f 9182 4395 4398
f 9182 9175 9181
f 9181 9175 9180
f 9180 9173 9179
f 9185 9179 9178
f 9180 9174 9173
f 9179 9172 9178
f 9179 9173 9172
f 9178 9172 9177
f 9177 9172 9171
f 9177 9171 7026
f 9177 7026 7031
f 9176 9169 9175
f 9176 9170 9169
f 9176 4401 9170
f 9176 4398 4401
f 9189 6993 9127
f 9192 9191 9123
f 9192 9186 9185
f 9192 9121 9119
f 9192 9123 9121
f 9191 9185 9190
f 9191 9190 9125
f 9191 9125 9123
f 9190 9185 9184
f 9190 9189 9127
f 9190 9184 9189
f 9190 9127 9125
f 9175 9169 9168
f 9189 9183 7036
f 9189 7036 6993
f 9189 9184 9183
f 9188 9181 9187
f 9188 4387 4395
f 9188 4395 9182
f 9188 9182 9181
f 9187 9180 9186
f 9187 9181 9180
f 9186 9179 9185
f 9186 9180 9179
f 9160 9153 9159
f 9164 9157 9163
f 9164 4410 9158
f 9164 9158 9157
f 9164 4407 4410
f 9163 9157 9156
f 9163 9156 9162
f 9162 9156 9155
f 9162 9155 9161
f 9161 9154 9160
f 9161 9155 9154
f 9160 9154 9153
f 9165 7016 7021
f 9159 9153 7011
f 9159 7011 7016
f 9158 9152 9157
f 9158 4413 9152
f 9158 4410 4413
f 9157 9152 9151
f 9157 9151 9150
f 9157 9150 9156
f 9156 9149 9155
f 9156 9150 9149
f 9155 9149 9154
f 9170 4401 4404
f 9175 9168 9174
f 9174 9167 9173
f 9174 9168 9167
f 9173 9167 9166
f 9173 9166 9172
f 9172 9165 9171
f 9172 9166 9165
f 9171 9165 7021
f 9171 7021 7026
f 9170 9164 9169
f 9170 4407 9164
f 9094 9093 9111
f 9170 4404 4407
f 9169 9162 9168
f 9169 9164 9163
f 9169 9163 9162
f 9168 9162 9167
f 9167 9161 9166
f 9167 9162 9161
f 9166 9159 9165
f 9166 9161 9160
f 9166 9160 9159
f 9165 9159 7016
f 9070 9061 9068
f 9076 9064 9074
f 9076 9017 624
f 9074 9063 9072
f 9074 9072 9073
f 9074 9073 9075
f 9074 9064 9063
f 9072 9062 9070
f 9072 9070 9071
f 9072 9071 9073
f 9072 9063 9062
f 9070 9062 9061
f 9076 9075 9017
f 9070 9069 9071
f 9070 9068 9069
f 9068 9066 9067
f 9068 9067 9069
f 9068 9061 9066
f 9066 9061 9060
f 9066 9060 7309
f 9066 7252 9067
f 9066 7309 7273
f 9066 7273 7252
f 9065 9059 9058
f 7156 7155 9079
f 9082 7160 7158
f 9082 9014 9013
f 9082 9015 9014
f 9081 9011 4530
f 9081 4530 4539
f 9081 4539 4538
f 9081 4538 4537
f 9081 9012 9011
f 9081 9013 9012
f 7152 7157 9079
f 7157 7156 9079
f 9065 634 9059
f 9079 7155 9080
f 9078 4532 9077
f 9078 4536 4532
f 7158 9016 9015
f 7158 7159 9016
f 9077 4532 4246
f 9011 4526 4530
f 9076 9065 9064
f 9076 624 635
f 9076 635 9065
f 9076 9074 9075
f 9050 9044 9043
f 9054 7301 7305
f 9053 9046 9052
f 9053 9047 9046
f 9053 646 9047
f 9053 634 642
f 9053 642 646
f 9052 9045 9051
f 9052 9046 9045
f 9051 9045 9050
f 9050 9043 9049
f 9050 9045 9044
f 9054 9048 7301
f 9049 9042 9048
f 9049 9043 9042
f 9048 9042 7297
f 9048 7297 7301
f 9047 9040 9046
f 9047 9041 9040
f 9047 650 9041
f 9047 646 650
f 9046 9040 9045
f 9045 9038 9044
f 9045 9040 9039
f 9060 7305 7309
f 9065 635 634
f 9065 9058 9064
f 9064 9057 9063
f 9064 9058 9057
f 9063 9057 9062
f 9062 9055 9061
f 9062 9057 9056
f 9062 9056 9055
f 9061 9054 9060
f 9061 9055 9054
f 9060 9054 7305
f 9082 9013 9081
f 9059 9052 9058
f 9059 9053 9052
f 9059 634 9053
f 9058 9051 9057
f 9058 9052 9051
f 9057 9050 9056
f 9057 9051 9050
f 9056 9050 9055
f 9055 9048 9054
f 9055 9050 9049
f 9055 9049 9048
f 9087 526 527
f 9104 542 541
f 9104 9103 9106
f 9104 9106 9105
f 9104 9105 9101
f 9104 7253 7259
f 7248 7250 9092
f 7250 7249 9092
f 9092 7249 9091
f 7259 7258 9103
f 7258 7255 9102
f 7258 9102 9103
f 9104 9101 542
f 7255 7257 9102
f 9101 9100 542
f 542 9100 532
f 9100 531 532
f 9097 9095 7148
f 9097 7150 9080
f 9097 4251 9094
f 9097 9078 4248
f 9097 7148 7149
f 9097 7149 7150
f 9097 9094 9099
f 9108 526 9087
f 9094 9111 9112
f 9093 4255 9110
f 9093 9110 9111
f 4255 4257 9110
f 9109 9107 9108
f 9109 9091 7249
f 9109 7254 9107
f 9109 9108 9089
f 9109 7249 7254
f 9109 9090 9091
f 9109 9089 9090
f 9097 9099 9098
f 9108 9107 540
f 9108 540 539
f 9108 539 526
f 9108 9088 9089
f 9108 9087 9088
f 9107 7253 9104
f 9107 9104 541
f 9107 541 540
f 9107 7254 7251
f 9107 7251 7253
f 9104 7259 9103
f 9084 9083 4537
f 9090 9071 9069
f 9089 9088 9073
f 9089 9073 9071
f 9088 9087 9075
f 9088 9075 9073
f 9087 527 9017
f 9087 9017 9075
f 527 566 9017
f 9084 9080 7155
f 9084 4536 9078
f 9084 7154 9083
f 9090 9089 9071
f 9084 7155 7153
f 9084 7153 7154
f 9084 9078 9086
f 9084 9086 9085
f 9084 9085 9080
f 9084 4537 4536
f 9083 9082 9081
f 9083 7160 9082
f 9083 9081 4537
f 9083 7154 7160
f 9082 7158 9015
f 7150 7151 9080
f 9097 9098 9095
f 9097 4248 4249
f 9097 4249 4251
f 9097 9086 9078
f 9097 9085 9086
f 9097 9080 9085
f 5413 7147 9096
f 9096 7147 9095
f 7147 7148 9095
f 9094 4253 9093
f 9094 4251 4253
f 8893 4242 4244
f 9093 4253 4255
f 7151 9079 9080
f 7151 7152 9079
f 4248 9078 4245
f 9078 9077 4245
f 4245 9077 4246
f 7248 9092 7252
f 9092 9091 9067
f 9092 9067 7252
f 9091 9090 9069
f 9091 9069 9067
f 8709 8707 8706
f 8704 8702 5441
f 5441 8702 5440
f 8702 5439 5440
f 8710 8705 8704
f 8710 8706 8708
f 8710 8704 8714
f 8710 8714 8713
f 8710 8713 8706
f 8710 8708 8712
f 8710 8712 8711
f 8710 8711 8705
f 3962 3999 8709
f 5442 8704 5441
f 8709 3999 8707
f 8706 8707 8708
f 8704 8703 8702
f 8704 8705 8703
f 8702 5438 5439
f 8702 8703 5438
f 8085 8683 8693
f 8085 8693 8089
f 8683 8684 8694
f 8683 8694 8693
f 8684 8691 8699
f 8717 8704 5442
f 8720 3972 8719
f 8720 8719 5447
f 8720 3973 3972
f 8720 5447 5446
f 8719 3972 8718
f 8719 8718 5447
f 8718 8717 5445
f 8718 3971 8717
f 8718 3972 3971
f 8718 5445 5447
f 8717 3963 8706
f 8684 8699 8694
f 8717 3971 3963
f 8717 5442 5445
f 8717 8714 8704
f 8717 8713 8714
f 8717 8706 8713
f 3958 3957 8716
f 3957 3974 8716
f 8715 5444 5443
f 8715 5443 5437
f 3963 8709 8706
f 3963 3962 8709
f 8099 8097 274
f 8698 8694 8699
f 8698 8699 8697
f 8698 8090 8092
f 8695 8692 440
f 8695 440 439
f 8695 439 455
f 8695 455 454
f 8695 8697 8696
f 8695 8696 8692
f 276 8101 274
f 8101 8099 274
f 8698 8092 8694
f 274 8097 275
f 268 443 266
f 268 444 443
f 8092 8089 8693
f 8092 8693 8694
f 266 443 267
f 8692 441 440
f 8690 8686 8687
f 8690 8684 8086
f 8690 8088 8686
f 8690 8687 8689
f 8701 8093 8700
f 8691 8689 8697
f 8691 8697 8699
f 8689 8688 8696
f 8689 8696 8697
f 8688 8682 8692
f 8688 8692 8696
f 8682 441 8692
f 8682 459 441
f 8701 8700 454
f 8701 275 8097
f 8701 444 268
f 8721 5446 5444
f 8701 454 444
f 8701 8097 8095
f 8701 8095 8093
f 8701 283 275
f 8701 282 283
f 8701 268 282
f 8700 8695 454
f 8700 8090 8698
f 8700 8698 8695
f 8700 8093 8090
f 8698 8697 8695
f 8743 4452 8739
f 8747 8742 8746
f 8747 8743 8742
f 8747 4448 8743
f 8747 4444 4448
f 8746 8741 8745
f 8746 8742 8741
f 8745 8740 8744
f 8745 8741 8740
f 8744 8740 5431
f 8744 5431 5429
f 8743 8739 8738
f 8748 5429 5427
f 8743 8738 8742
f 8743 4448 4452
f 8742 8738 8737
f 8742 8737 8741
f 8741 8737 8736
f 8741 8736 8740
f 8740 8736 5433
f 8740 5433 5431
f 8739 8734 8738
f 8739 8735 8734
f 8739 4455 8735
f 8753 8750 8749
f 8757 8753 8756
f 8756 8752 5425
f 8756 5425 5423
f 8756 8753 8752
f 8755 4440 8751
f 8755 8750 8754
f 8755 4436 4440
f 8755 8751 8750
f 8754 8750 8753
f 8753 8749 8748
f 8753 8748 8752
f 8739 4452 4455
f 8752 8748 5427
f 8752 5427 5425
f 8751 8747 8746
f 8751 4444 8747
f 8751 4440 4444
f 8751 8746 8750
f 8750 8746 8745
f 8750 8745 8749
f 8749 8745 8748
f 8748 8745 8744
f 8748 8744 5429
f 8725 4004 8724
f 8728 8729 8726
f 8728 4000 4002
f 8728 4002 4004
f 8728 8712 8708
f 8728 8711 8712
f 8728 8705 8711
f 5470 7362 8727
f 8727 7362 8726
f 7362 7360 8726
f 7358 8703 8705
f 7358 5438 8703
f 8728 8730 8729
f 8724 4004 4006
f 8708 8707 4000
f 4000 8707 3999
f 8721 8716 3974
f 8721 3973 8720
f 8721 8720 5446
f 8721 5444 8715
f 8721 3974 3973
f 8721 8715 8723
f 8721 8723 8722
f 8721 8722 8716
f 8733 8715 8732
f 8738 8734 8733
f 8738 8733 8737
f 8737 8733 8732
f 8737 8732 8736
f 8736 8732 5435
f 8736 5435 5433
f 8735 8722 8734
f 8735 4455 8716
f 8735 8716 8722
f 8734 8723 8733
f 8734 8722 8723
f 8690 8086 8088
f 8733 8723 8715
f 8732 5437 5435
f 8732 8715 5437
f 4421 4420 8731
f 4455 3958 8716
f 8728 8726 7360
f 8728 7358 8705
f 8728 4004 8725
f 8728 8708 4000
f 8728 7360 7358
f 8728 8725 8730
f 8635 8026 8636
f 8656 8026 8024
f 8656 8637 8636
f 8656 8638 8637
f 8656 8639 8638
f 8653 8022 8652
f 8653 8650 3857
f 8653 3857 3855
f 8653 8652 8655
f 8653 8655 8654
f 8653 8654 8650
f 8653 8024 8022
f 5591 8026 8635
f 8656 3855 3848
f 8022 5610 8651
f 8022 8651 8652
f 8639 3848 8640
f 8640 3848 3846
f 8650 8649 3857
f 3857 8649 3859
f 8646 8644 8021
f 8646 8645 4302
f 8646 4304 8642
f 8646 8023 8645
f 8646 8021 8023
f 8642 8660 8648
f 8651 5610 5613
f 8664 8648 8661
f 8664 8659 8647
f 8664 8663 8659
f 8664 8661 8663
f 8664 8647 8648
f 8663 8661 8659
f 4306 4308 8641
f 4308 8662 8641
f 8641 8662 8642
f 8662 8660 8642
f 8646 8642 8648
f 8660 8661 8648
f 8647 8658 8644
f 8647 8659 8658
f 8644 8657 8643
f 8644 8658 8657
f 8643 5612 5611
f 8643 8657 5612
f 8656 8636 8026
f 8656 3848 8639
f 8656 8653 3855
f 8656 8024 8653
f 8634 8611 8610
f 8627 8638 8639
f 8628 8620 8637
f 8628 8637 8638
f 8620 8619 8636
f 8620 8636 8637
f 8619 5592 8635
f 8619 8635 8636
f 5592 5591 8635
f 4298 8634 8610
f 4298 8610 3918
f 8634 8633 8611
f 8627 8628 8638
f 8633 8632 8614
f 8633 8614 8611
f 8632 8631 8613
f 8632 8613 8614
f 8631 8630 8609
f 8631 8609 8613
f 8630 8629 8608
f 8630 8608 8609
f 8629 5599 5601
f 8629 5601 8608
f 8626 3948 8625
f 8643 8021 8644
f 8646 8648 8647
f 8646 8647 8644
f 8646 4302 4304
f 8645 8025 8630
f 8645 8633 4297
f 8645 8023 8025
f 8645 4297 4302
f 8645 8632 8633
f 8645 8631 8632
f 8645 8630 8631
f 5611 8021 8643
f 8665 8651 5613
f 8025 8629 8630
f 8025 5599 8629
f 8642 4304 8641
f 8641 4304 4306
f 8633 8634 4297
f 4297 8634 4298
f 3845 8622 3846
f 8622 8621 8640
f 8622 8640 3846
f 8621 8627 8639
f 8621 8639 8640
f 8681 8108 8106
f 8098 8100 8676
f 8098 8676 8675
f 8682 471 459
f 8100 8102 8676
f 8674 8673 475
f 475 8673 473
f 8673 476 473
f 8681 8666 8108
f 8681 8106 8680
f 8681 3849 8668
f 8681 8680 3849
f 8096 8098 8675
f 8681 8667 8666
f 8681 8669 8667
f 8681 8668 8669
f 8680 8106 277
f 8680 272 3847
f 8680 3847 3849
f 8680 277 286
f 8680 286 285
f 8680 285 272
f 5613 8108 8665
f 8665 8108 8666
f 8686 8091 8094
f 8690 8689 8691
f 8690 8691 8684
f 8687 8686 481
f 8687 471 8682
f 8687 8682 8688
f 8687 8688 8689
f 8687 481 472
f 8687 472 471
f 8686 8094 8685
f 8686 8685 482
f 8686 8088 8091
f 8106 280 279
f 8686 482 481
f 8685 8096 8675
f 8685 8674 475
f 8685 8094 8096
f 8685 475 482
f 8685 8679 8674
f 8685 8678 8679
f 8685 8675 8678
f 8085 8087 8683
f 8087 8086 8683
f 8683 8086 8684
f 8671 8655 8667
f 8107 8109 8658
f 8673 4292 476
f 8109 8657 8658
f 8109 5612 8657
f 4295 8660 4296
f 8660 8662 4296
f 4296 8662 4308
f 8672 8671 8667
f 8672 8669 8671
f 8672 8667 8669
f 8671 8669 8654
f 8674 4293 4292
f 8671 8654 8655
f 3853 8649 8670
f 3853 3859 8649
f 8670 8650 8668
f 8670 8649 8650
f 8668 8654 8669
f 8668 8650 8654
f 8667 8655 8666
f 8655 8652 8666
f 8666 8652 8665
f 8652 8651 8665
f 8677 8674 8679
f 8106 279 277
f 8668 3849 8670
f 8670 3849 3853
f 272 269 3847
f 3847 269 271
f 8677 8675 8104
f 8677 8107 8658
f 8677 4293 8674
f 8677 8660 4295
f 8677 8104 8105
f 8677 8105 8107
f 8758 8754 8753
f 8677 8679 8678
f 8677 8678 8675
f 8677 4295 4294
f 8677 4294 4293
f 8677 8661 8660
f 8677 8659 8661
f 8677 8658 8659
f 8102 8103 8676
f 8676 8103 8675
f 8103 8104 8675
f 8674 4292 8673
f 8856 8850 8849
f 8859 8853 8852
f 8859 8803 8798
f 8858 8852 8857
f 8858 8857 8805
f 8858 8805 8803
f 8857 8850 8856
f 8857 8856 8799
f 8857 8852 8851
f 8857 8851 8850
f 8857 8799 8805
f 8856 8849 8855
f 8856 8855 8800
f 8859 8858 8803
f 8856 8800 8799
f 8855 8849 7206
f 8855 7206 7213
f 8855 7213 7220
f 8855 7220 8800
f 8854 8848 8853
f 8854 616 8848
f 8853 8847 8852
f 8853 8848 8847
f 8852 8847 8846
f 8852 8846 8845
f 8811 4243 8812
f 8865 7356 8864
f 8865 8862 4252
f 8865 4252 4250
f 8865 8864 8867
f 8865 8867 8866
f 8865 8866 8862
f 8865 7354 7356
f 5456 7352 8807
f 8807 7352 8808
f 7356 5460 8863
f 7356 8863 8864
f 8852 8845 8851
f 8812 4243 4241
f 8862 8861 4252
f 4252 8861 4254
f 8860 8797 586
f 8860 8853 8859
f 8860 8859 8798
f 8860 8854 8853
f 8860 616 8854
f 8860 586 616
f 8860 8798 8797
f 8859 8852 8858
f 8836 598 8830
f 8841 8835 8840
f 8840 8834 8833
f 8840 8833 8839
f 8840 8835 8834
f 8839 8833 8832
f 8839 8832 8838
f 8838 8832 8831
f 8838 8831 8837
f 8837 8831 7185
f 8837 7185 7192
f 8837 7192 7199
f 8842 8836 8835
f 8836 8830 8835
f 8835 8830 8829
f 8835 8829 8828
f 8835 8828 8834
f 8834 8828 8827
f 8834 8827 8833
f 8833 8827 8826
f 8833 8826 8832
f 8832 8825 8831
f 8832 8826 8825
f 8831 8825 7178
f 8847 8840 8846
f 8851 8844 8850
f 8851 8845 8844
f 8850 8843 8849
f 8850 8844 8843
f 8849 8843 7199
f 8849 7199 7206
f 8848 8841 8847
f 8848 8842 8841
f 8848 604 8842
f 8848 616 610
f 8848 610 604
f 8868 8811 8810
f 8847 8841 8840
f 8846 8839 8845
f 8846 8840 8839
f 8845 8838 8844
f 8845 8839 8838
f 8844 8838 8837
f 8844 8837 8843
f 8843 8837 7199
f 8842 8835 8841
f 8842 604 598
f 8842 598 8836
f 8888 8871 8887
f 8890 7242 7240
f 8890 7240 7241
f 8890 8884 8892
f 8890 8892 8891
f 8890 8891 8886
f 8890 560 550
f 8889 8888 8887
f 8889 7247 8888
f 8889 8887 560
f 8889 7241 7247
f 8888 7245 8873
f 8890 8889 560
f 8888 7247 7245
f 8888 8872 8871
f 8888 8873 8872
f 8887 8869 545
f 8887 545 544
f 8887 544 561
f 8887 561 560
f 8887 8870 8869
f 8887 8871 8870
f 7239 7244 8885
f 7244 7243 8885
f 8878 4247 8880
f 8893 8892 8884
f 8893 8891 8892
f 8893 8886 8891
f 8893 7235 7236
f 8893 7236 7237
f 8893 8877 8876
f 8893 8879 8877
f 8893 8878 8879
f 5459 7234 8875
f 8875 7234 8876
f 7234 7235 8876
f 7243 7242 8885
f 8878 4244 4247
f 7237 7238 8886
f 8880 4247 4256
f 7238 8885 8886
f 7238 7239 8885
f 4238 8884 4237
f 8884 8883 4237
f 4237 8883 548
f 8890 8886 7242
f 8890 550 8884
f 8890 7241 8889
f 8822 8824 8869
f 8863 5460 5459
f 7169 8814 8874
f 7169 8874 7246
f 8814 8816 8873
f 8814 8873 8874
f 8816 8818 8872
f 8816 8872 8873
f 8818 8820 8871
f 8818 8871 8872
f 8820 8822 8870
f 8820 8870 8871
f 8875 8863 5459
f 8822 8869 8870
f 8824 546 8869
f 8824 584 546
f 8868 8808 7352
f 8868 4243 8811
f 8868 8865 4250
f 8868 7354 8865
f 8868 4250 4243
f 8868 7352 7354
f 8868 8809 8808
f 8868 8810 8809
f 8881 8867 8877
f 8885 7242 8886
f 8884 549 8883
f 8884 550 549
f 7245 8874 8873
f 7245 7246 8874
f 8883 549 548
f 8869 546 545
f 8882 8881 8877
f 8882 8879 8881
f 8882 8877 8879
f 8881 8879 8866
f 8831 7178 7185
f 8881 8866 8867
f 4256 8861 8880
f 4256 4254 8861
f 8880 8862 8878
f 8880 8861 8862
f 8878 8866 8879
f 8878 8862 8866
f 8877 8867 8876
f 8867 8864 8876
f 8876 8864 8875
f 8864 8863 8875
f 7162 7227 8781
f 8783 4011 8779
f 8783 8782 4012
f 8783 8779 8785
f 8783 8785 8784
f 8783 8784 8780
f 8783 4012 4011
f 8782 8770 4009
f 8782 4009 4013
f 8782 4013 4012
f 8782 8771 8770
f 8782 8769 8771
f 8783 8780 7229
f 8781 7227 8780
f 7227 7229 8780
f 8779 4010 8778
f 8779 4011 4010
f 8778 4010 704
f 7232 8767 8768
f 7232 5468 8767
f 8770 8772 4009
f 4009 8772 4008
f 4421 8731 8777
f 4421 8777 4524
f 4541 4531 8777
f 8791 4542 4541
f 8791 5449 5451
f 8791 5451 5452
f 8791 8775 8774
f 8791 8776 8775
f 8791 8777 8776
f 4240 4533 8790
f 8790 4533 8789
f 4533 4534 8789
f 8788 5454 8787
f 8787 5454 5455
f 8731 8764 8776
f 4531 4524 8777
f 5449 8774 5450
f 8774 5448 5450
f 8786 8782 8783
f 8786 8783 7229
f 8786 7232 8768
f 8786 8769 8782
f 8786 7229 7230
f 8786 7230 7233
f 8786 7233 7232
f 8786 8768 8769
f 8762 8757 8756
f 8766 8758 8765
f 8766 8765 8731
f 8766 8759 8758
f 8766 4432 8759
f 8766 4420 4432
f 8765 8758 8762
f 8765 8762 8764
f 8765 8764 8731
f 8762 8760 8761
f 8762 8756 8760
f 8762 8758 8757
f 8766 8731 4420
f 8762 8761 8763
f 8762 8763 8764
f 8760 8756 5423
f 8760 5422 8761
f 8760 5423 5420
f 8760 5420 5422
f 8759 8754 8758
f 8759 4432 4436
f 8759 4436 8755
f 8759 8755 8754
f 8758 8753 8757
f 4006 8772 8724
f 8731 8776 8777
f 8764 8763 8775
f 8764 8775 8776
f 8763 8761 8775
f 8761 5422 8774
f 8761 8774 8775
f 5422 5448 8774
f 8773 8730 8771
f 8773 8769 8729
f 8773 8771 8769
f 8773 8729 8730
f 8791 8774 5449
f 4006 4008 8772
f 8724 8770 8725
f 8724 8772 8770
f 8725 8771 8730
f 8725 8770 8771
f 8729 8769 8726
f 8769 8768 8726
f 8726 8768 8727
f 8768 8767 8727
f 8727 8767 5470
f 8767 5468 5470
f 8789 8810 8811
f 8817 8818 8816
f 8815 8814 8813
f 8815 8816 8814
f 8813 7169 7170
f 8813 8814 7169
f 587 586 8797
f 4240 8790 4241
f 8790 8789 8811
f 8790 8811 8812
f 8790 8812 4241
f 8789 8795 8810
f 8817 8816 8815
f 8795 8796 8809
f 8795 8809 8810
f 8796 8788 8808
f 8796 8808 8809
f 8788 8787 8807
f 8788 8807 8808
f 8787 5456 8807
f 8787 5455 5456
f 8806 8801 8804
f 8806 8799 7225
f 8806 7164 8801
f 8826 8813 8825
f 8830 8823 8821
f 8830 8821 8829
f 8830 592 8823
f 8830 598 596
f 8830 596 592
f 8829 8821 8819
f 8829 8819 8828
f 8828 8817 8827
f 8828 8819 8817
f 8827 8815 8826
f 8827 8817 8815
f 8806 8804 8805
f 8826 8815 8813
f 8825 8813 7170
f 8825 7170 7178
f 8823 8822 8821
f 8823 584 8824
f 8823 8824 8822
f 8823 592 584
f 8821 8820 8819
f 8821 8822 8820
f 8819 8818 8817
f 8819 8820 8818
f 8794 4534 4543
f 7161 8781 8780
f 8797 699 698
f 8797 698 587
f 7163 7162 8781
f 8779 8778 702
f 702 8778 703
f 8778 704 703
f 8794 4543 8793
f 8794 8789 4534
f 8794 5454 8788
f 8794 8793 5452
f 7161 7163 8781
f 8794 8788 8796
f 8794 8796 8795
f 8794 8795 8789
f 8794 5452 5453
f 8794 5453 5454
f 8793 4542 8792
f 8793 8792 5452
f 8793 4543 4542
f 8792 4542 8791
f 8792 8791 5452
f 8791 4541 8777
f 8802 700 699
f 8806 7225 7223
f 8806 7223 7165
f 8806 7165 7164
f 8806 8805 8799
f 8804 8801 8802
f 8804 8802 8803
f 8804 8803 8805
f 8802 699 8798
f 8802 8801 701
f 8802 8798 8803
f 8802 701 700
f 9192 9185 9191
f 8801 7164 8780
f 8801 8779 702
f 8801 702 701
f 8801 8785 8779
f 8801 8784 8785
f 8801 8780 8784
f 7220 7226 8800
f 8800 7226 8799
f 7226 7225 8799
f 7164 7161 8780
f 8798 699 8797
f 11618 7464 7466
f 7461 11605 11604
f 11619 1414 1415
f 7459 7457 11605
f 11603 11602 1430
f 1430 11602 1420
f 11602 1419 1420
f 11618 11617 1540
f 11618 11598 7462
f 11618 1539 11596
f 11618 7466 11617
f 11618 1540 1539
f 11618 7462 7464
f 7461 7459 11605
f 11618 11601 11598
f 11618 11600 11601
f 11618 11596 11600
f 11617 11612 1540
f 11617 7468 11615
f 11617 11615 11612
f 11617 7466 7468
f 11615 11614 11612
f 11615 7470 11611
f 11615 11611 11616
f 11615 11616 11614
f 11623 1429 1428
f 11627 11628 11621
f 11624 11623 1428
f 11624 1414 11619
f 11624 11619 11625
f 11624 11625 11626
f 11624 1428 1427
f 11624 1427 1414
f 11623 7465 11622
f 11623 11622 1429
f 11623 7469 7467
f 11623 7467 7465
f 11615 7468 7470
f 11622 7463 11604
f 11622 11603 1430
f 11622 7465 7463
f 11622 1430 1429
f 11622 11608 11603
f 11622 11607 11608
f 11622 11604 11607
f 7474 7473 11620
f 7473 7471 11620
f 11620 7471 11621
f 7463 7461 11604
f 7448 7447 11593
f 11606 11607 11604
f 11606 1441 1439
f 11606 1439 1437
f 11606 11591 11590
f 11606 11592 11591
f 11606 11593 11592
f 7457 7455 11605
f 11605 7455 11604
f 7455 7453 11604
f 11603 1438 11602
f 11603 1437 1438
f 11606 11608 11607
f 11602 1438 1419
f 7447 11594 11593
f 7447 4910 11594
f 1441 11590 1443
f 11590 11589 1443
f 1443 11589 1445
f 11599 11587 7449
f 11599 7452 11598
f 11599 1558 11584
f 11599 11596 1554
f 11599 1554 1556
f 11596 1539 1534
f 11612 11609 1528
f 11612 1528 1542
f 11612 1542 1541
f 11612 1541 1540
f 11612 11614 11613
f 11612 11613 11609
f 7456 7458 11597
f 7458 7460 11597
f 7460 7462 11597
f 11597 7462 11598
f 11596 1534 11595
f 11627 11626 11628
f 7470 7472 11610
f 7470 11610 11611
f 11595 1534 1533
f 11609 1529 1528
f 11606 11604 7453
f 11606 7448 11593
f 11606 1437 11603
f 11606 11590 1441
f 11606 7453 7450
f 11606 7450 7448
f 11606 11603 11608
f 11640 11632 11646
f 1548 11633 1547
f 11633 11630 1547
f 1547 11630 1510
f 1508 11629 11650
f 1508 11650 1399
f 11629 11637 11649
f 11629 11649 11650
f 11637 11638 11648
f 11637 11648 11649
f 11638 11640 11647
f 11638 11647 11648
f 7480 7482 11634
f 11640 11646 11647
f 11632 11631 11645
f 11632 11645 11646
f 11631 7498 11645
f 7498 7500 11645
f 11642 11641 1522
f 11642 11635 7488
f 11642 1512 11633
f 11642 7492 11641
f 11642 1522 1512
f 11642 7488 7490
f 11655 1550 1552
f 11658 1404 1401
f 11655 11653 7476
f 11655 7478 11635
f 11655 1552 11652
f 11655 11633 1548
f 11655 7476 7477
f 11655 7477 7478
f 11655 11652 11657
f 11655 11657 11656
f 11655 11656 11653
f 11655 1548 1550
f 11642 7490 7492
f 11655 11644 11633
f 11655 11643 11644
f 11655 11635 11643
f 4958 7475 11654
f 11654 7475 11653
f 7475 7476 11653
f 11652 1555 11651
f 11652 1552 1555
f 7478 7480 11635
f 11651 1555 1563
f 7480 11634 11635
f 11614 11628 11626
f 7496 7498 11631
f 7496 11631 11632
f 11630 1511 1510
f 11629 1508 1507
f 1529 11609 11619
f 1529 11619 1415
f 11609 11613 11625
f 11609 11625 11619
f 11613 11614 11626
f 11613 11626 11625
f 11614 11616 11628
f 11633 1512 1511
f 11616 11611 11621
f 11616 11621 11628
f 11611 11610 11620
f 11611 11620 11621
f 11610 7474 11620
f 11610 7472 7474
f 11627 11623 11624
f 11627 11621 7471
f 11627 7469 11623
f 11627 11624 11626
f 11627 7471 7469
f 11639 7494 7496
f 11642 11633 11644
f 11642 11644 11643
f 11642 11643 11635
f 11641 11636 1522
f 11641 7494 11639
f 11641 11639 11636
f 11641 7492 7494
f 11639 11638 11636
f 11639 7496 11632
f 11639 11632 11640
f 11639 11640 11638
f 11599 1556 1558
f 11636 11629 1507
f 11636 1507 1506
f 11636 1506 1523
f 11636 1523 1522
f 11636 11638 11637
f 11636 11637 11629
f 7482 7484 11634
f 7484 7486 11634
f 7486 7488 11634
f 11634 7488 11635
f 11633 1511 11630
f 7421 7420 11537
f 11563 1589 1598
f 11563 1598 1597
f 11563 1597 1596
f 11563 11545 11547
f 11563 11543 11545
f 7435 7433 11561
f 7433 7431 11561
f 7431 7429 11561
f 11561 7429 11562
f 11560 1591 11559
f 11560 1595 1591
f 7421 11537 11539
f 11563 11547 1589
f 11559 1591 1463
f 11547 1368 1589
f 11558 11556 11557
f 11558 11540 7418
f 11558 7422 11556
f 11558 11557 11544
f 11558 7418 7422
f 11558 11542 11540
f 11558 11544 11542
f 11557 1471 11548
f 11557 11556 1484
f 11566 11568 11567
f 7445 11571 11572
f 1571 11570 1573
f 11570 11569 1573
f 1573 11569 1564
f 11566 11562 7429
f 11566 1595 11560
f 11566 7425 11565
f 11566 11565 1596
f 11566 7429 7427
f 11566 7427 7425
f 11566 11560 11568
f 11557 1484 1483
f 11566 11567 11562
f 11566 1596 1595
f 11565 11564 11563
f 11565 7423 11564
f 11565 11563 1596
f 11565 7425 7423
f 11564 7421 11539
f 11564 11543 11563
f 11564 7423 7421
f 11564 11541 11543
f 11564 11539 11541
f 11541 11540 11542
f 1486 11549 1476
f 11549 1475 1476
f 1368 11547 11548
f 1368 11548 1370
f 11547 11545 11546
f 11547 11546 11548
f 11545 11543 11544
f 11545 11544 11546
f 11543 11541 11542
f 11543 11542 11544
f 11541 11539 11540
f 11550 11549 1486
f 11539 11537 11538
f 11539 11538 11540
f 11537 7417 11538
f 11537 7420 7417
f 11536 11535 4932
f 11536 11531 1481
f 11536 1480 11535
f 11536 4929 11528
f 11536 1481 1480
f 11536 11530 11531
f 11536 11529 11530
f 11553 11552 11555
f 11557 1483 1471
f 11557 11546 11544
f 11557 11548 11546
f 11556 7426 11553
f 11556 11553 1485
f 11556 1485 1484
f 11556 7422 7424
f 11556 7424 7426
f 11553 7428 11552
f 11553 11550 1486
f 11553 1486 1485
f 7445 4911 11571
f 11553 11555 11554
f 11553 11554 11550
f 11553 7426 7428
f 7417 7419 11538
f 7419 7418 11538
f 11538 7418 11540
f 7428 7430 11552
f 7430 7432 11551
f 7430 11551 11552
f 11548 1471 1370
f 7432 7434 11551
f 4913 11571 4911
f 11578 11581 11592
f 11578 11592 11593
f 11581 11582 11591
f 11581 11591 11592
f 11582 11577 11590
f 11582 11590 11591
f 11577 11576 11589
f 11577 11589 11590
f 11576 1445 11589
f 11576 1446 1445
f 4913 11588 11571
f 11579 11593 11594
f 11588 11587 11572
f 11588 11572 11571
f 11587 11586 11575
f 11587 11575 11572
f 11586 11585 11574
f 11586 11574 11575
f 11585 11584 11570
f 11585 11570 11574
f 11584 11583 11569
f 11584 11569 11570
f 11583 1562 1564
f 11584 1560 11583
f 11599 11598 11601
f 11599 11601 11600
f 11599 11600 11596
f 11599 7449 7451
f 11599 7451 7452
f 11599 11586 11587
f 11599 11585 11586
f 11599 11584 11585
f 4913 7446 11588
f 11588 7446 11587
f 7446 7449 11587
f 11583 1564 11569
f 11584 1558 1560
f 7452 7454 11598
f 11583 1560 1562
f 7454 7456 11597
f 7454 11597 11598
f 1554 11596 1553
f 11596 11595 1553
f 1553 11595 1533
f 4912 11579 11594
f 4912 11594 4910
f 11579 11578 11593
f 11573 7439 7441
f 11560 11559 1462
f 1462 11559 1463
f 11573 11552 7439
f 11573 7443 11572
f 11573 1566 11550
f 11573 11570 1571
f 11573 1571 1569
f 11573 1569 1566
f 11573 11572 11575
f 11573 11575 11574
f 11573 11574 11570
f 1459 11560 1462
f 11573 7441 7443
f 11573 11555 11552
f 11573 11554 11555
f 11573 11550 11554
f 7434 7437 11551
f 11551 7437 11552
f 7437 7439 11552
f 11550 1565 11549
f 11550 1566 1565
f 7443 7445 11572
f 11549 1565 1475
f 11580 11568 11560
f 11580 11578 7442
f 11580 7438 11562
f 11580 1451 11577
f 11580 11560 1459
f 11580 7442 7440
f 11580 7440 7438
f 11580 11577 11582
f 11580 11582 11581
f 11580 11581 11578
f 11580 1459 1455
f 11580 1455 1451
f 1403 11658 1401
f 11580 11567 11568
f 11580 11562 11567
f 4912 7444 11579
f 11579 7444 11578
f 7444 7442 11578
f 11577 1449 11576
f 11577 1451 1449
f 7438 7436 11562
f 11576 1449 1446
f 7436 11561 11562
f 7436 7435 11561
f 11735 1340 11732
f 11741 11734 11742
f 11741 11742 11740
f 11738 11731 1338
f 11738 1338 1337
f 11738 1337 1343
f 11738 1343 1342
f 11738 11740 11739
f 11738 11739 11731
f 6120 6122 11737
f 6122 6121 11737
f 11737 6121 11736
f 6121 6125 11736
f 11741 6185 11734
f 6185 6174 11733
f 6185 11733 11734
f 11732 1340 1339
f 11732 1339 1336
f 11731 1107 1338
f 11730 11729 4940
f 11730 11725 1425
f 11730 1424 11729
f 11730 4939 11722
f 11730 1425 1424
f 11730 11724 11725
f 11746 11735 11748
f 11751 11752 11750
f 11749 1102 1101
f 11749 11750 1102
f 11731 1108 1107
f 11746 11743 1340
f 11746 11736 6125
f 11746 6124 11745
f 11746 1340 11735
f 11746 11745 11744
f 11746 11744 11743
f 11746 6125 6124
f 11730 11723 11724
f 11746 11748 11747
f 11746 11747 11736
f 11745 11741 11744
f 11745 6185 11741
f 11745 6124 6123
f 11745 6123 6185
f 11744 11741 11743
f 11743 11738 1342
f 11743 11741 11738
f 11743 1342 1340
f 11741 11740 11738
f 11723 11711 11712
f 1418 1417 11716
f 4943 11720 4944
f 11720 11721 4944
f 4944 11721 4945
f 11721 4946 4945
f 1413 11725 1531
f 11725 11724 11709
f 11725 11709 1531
f 11724 11723 11712
f 11724 11712 11709
f 11723 11722 11711
f 1418 11716 11717
f 11722 4937 11708
f 11722 11708 11711
f 4937 4950 11708
f 4946 11721 11702
f 4946 11702 4947
f 11721 11720 11703
f 11721 11703 11702
f 11720 11719 11706
f 11720 11706 11703
f 11719 11718 11705
f 11719 11705 11706
f 11726 1418 11717
f 11730 11722 11723
f 11730 4940 4939
f 11729 1423 11728
f 11729 11728 4941
f 11729 1424 1423
f 11729 4941 4940
f 11728 1423 11727
f 11728 11727 4941
f 11727 11726 4942
f 11727 1423 11726
f 11727 4942 4941
f 11751 11750 11749
f 11726 11720 4943
f 11726 1423 1422
f 11726 1422 1418
f 11726 4943 4942
f 11726 11719 11720
f 11726 11718 11719
f 11726 11717 11718
f 1413 1412 11725
f 1412 1425 11725
f 11722 4939 4938
f 11722 4938 4937
f 11782 11776 11775
f 11786 11779 11785
f 11786 11780 11779
f 11786 11781 11780
f 11785 11779 1135
f 11785 1135 1140
f 11784 11778 11777
f 11784 11777 11783
f 11784 6147 11778
f 11784 6154 6147
f 11783 11776 11782
f 11783 11777 11776
f 11787 11782 11781
f 11782 11775 11781
f 11781 11774 11780
f 11781 11775 11774
f 11780 11773 11779
f 11780 11774 11773
f 11779 11773 1129
f 11779 1129 1135
f 11778 11772 11771
f 11778 11771 11777
f 11778 6147 11772
f 11777 11771 11776
f 11792 11731 11739
f 11794 11793 11740
f 11794 11787 11793
f 11794 11788 11787
f 11794 11740 11742
f 11793 11792 11739
f 11793 11787 11786
f 11793 11786 11792
f 11793 11739 11740
f 11792 11785 11791
f 11792 11791 11731
f 11792 11786 11785
f 11776 11770 11769
f 11791 1108 11731
f 11791 11785 1140
f 11791 1140 1108
f 11790 11783 11789
f 11790 11784 11783
f 11790 6154 11784
f 11790 6160 6154
f 11789 11782 11788
f 11789 11783 11782
f 11788 11782 11787
f 11787 11781 11786
f 11761 11749 1101
f 11766 11757 11765
f 11766 6128 11759
f 11766 6132 6128
f 11765 11757 11755
f 11765 11755 11764
f 11764 11753 11763
f 11764 11755 11753
f 11763 11751 11762
f 11763 11753 11751
f 11762 11749 11761
f 11762 11751 11749
f 11766 11759 11757
f 11761 1101 1115
f 11759 11758 11757
f 11759 6114 11760
f 11759 11760 11758
f 11759 6128 6114
f 11757 11756 11755
f 11757 11758 11756
f 11755 11754 11753
f 11755 11756 11754
f 11753 11752 11751
f 11753 11754 11752
f 11772 11766 11771
f 11776 11771 11770
f 11776 11769 11775
f 11775 11769 11768
f 11775 11768 11774
f 11774 11768 11773
f 11773 11767 1121
f 11773 11768 11767
f 11773 1121 1129
f 11772 6132 11766
f 11772 6147 6139
f 11772 6139 6132
f 11718 11717 11701
f 11771 11766 11765
f 11771 11765 11764
f 11771 11764 11770
f 11770 11763 11769
f 11770 11764 11763
f 11769 11762 11768
f 11769 11763 11762
f 11768 11761 11767
f 11768 11762 11761
f 11767 11761 1115
f 11767 1115 1121
f 7479 60 57
f 11677 11676 52
f 11677 11664 11661
f 11677 11663 11664
f 11677 11659 11663
f 11676 59 66
f 11676 66 65
f 11676 65 52
f 7483 7481 11660
f 11660 7481 11661
f 7481 59 11661
f 7481 7479 59
f 11677 52 11659
f 7479 57 59
f 11659 1431 11658
f 11659 52 1431
f 11658 1431 1404
f 1431 52 1432
f 52 49 1432
f 1432 49 51
f 11675 11657 11674
f 11675 11674 11656
f 11675 11656 11657
f 11674 11657 11672
f 11682 11670 11672
f 11683 7503 11682
f 11683 7501 7503
f 11683 11679 11685
f 11683 11685 11684
f 11683 11684 11681
f 11683 1557 1551
f 11682 7505 11669
f 11682 11671 1559
f 11682 7503 7505
f 11682 1559 1557
f 11682 11672 11671
f 11674 11670 11656
f 11682 11669 11670
f 4956 7501 11680
f 11680 7501 11681
f 7505 11668 11669
f 7505 4959 11668
f 11679 1551 11678
f 11678 1551 1549
f 11671 11673 1559
f 1559 11673 1561
f 11677 11661 59
f 11677 59 11676
f 11662 11664 11663
f 11666 11649 11648
f 11666 11650 11649
f 11665 7491 11662
f 11665 11662 1410
f 11665 1410 1409
f 11665 7495 7493
f 11665 7493 7491
f 11662 7489 11661
f 11662 11659 1403
f 11662 1403 1410
f 11662 11661 11664
f 11666 1400 1397
f 11662 11663 11659
f 11662 7491 7489
f 7500 7499 11645
f 7499 7497 11645
f 11645 7497 11646
f 7489 7487 11661
f 7487 7485 11660
f 7487 11660 11661
f 11650 1397 1399
f 7485 7483 11660
f 11659 11658 1403
f 11654 11668 4958
f 11674 11672 11670
f 1563 11673 11651
f 1563 1561 11673
f 11651 11671 11652
f 11651 11673 11671
f 11652 11672 11657
f 11652 11671 11672
f 11656 11670 11653
f 11670 11669 11653
f 11653 11669 11654
f 11669 11668 11654
f 11683 1551 11679
f 11668 4959 4958
f 11667 11665 11666
f 11667 11646 7497
f 11667 7495 11665
f 11667 11666 11648
f 11667 7497 7495
f 11667 11647 11646
f 11667 11648 11647
f 11666 1397 11650
f 11666 11665 1409
f 11666 1409 1400
f 4948 11708 4949
f 11710 11709 11712
f 11710 11712 11711
f 11710 11711 11708
f 11710 1545 1544
f 1537 1535 11694
f 11694 1535 11695
f 1535 1536 11695
f 11698 4954 11699
f 11699 4954 4955
f 1544 1530 11709
f 1530 1531 11709
f 11710 4951 4952
f 11708 4950 4949
f 11707 11687 7506
f 11707 1442 11690
f 11707 11704 1440
f 11707 7504 11704
f 11707 1440 1442
f 11707 7506 7504
f 11707 11688 11687
f 11707 11689 11688
f 11707 11690 11689
f 11704 7502 11703
f 11715 1536 1546
f 11718 11701 11705
f 11717 11716 11700
f 11717 11700 11701
f 11716 1417 1436
f 11716 1436 11700
f 11715 11714 4952
f 11715 11695 1536
f 11715 4954 11698
f 11715 1546 11714
f 11715 4952 4953
f 11715 4953 4954
f 11704 11701 1435
f 11715 11696 11695
f 11715 11697 11696
f 11715 11698 11697
f 11714 1545 11713
f 11714 11713 4952
f 11714 1546 1545
f 11713 11710 4952
f 11713 1545 11710
f 11710 1544 11709
f 11710 11708 4948
f 11710 4948 4951
f 11691 46 11690
f 11679 11694 11695
f 11678 1549 11694
f 1549 1537 11694
f 11693 11689 62
f 11693 63 11688
f 11693 62 11692
f 11693 11692 63
f 11693 11688 11689
f 11692 62 63
f 1444 47 11691
f 47 46 11691
f 11679 11678 11694
f 46 48 11690
f 11690 48 11689
f 48 62 11689
f 11688 55 11687
f 11688 63 55
f 11687 54 11686
f 11687 55 54
f 11686 56 4957
f 11686 54 56
f 11683 11681 7501
f 11683 11682 1557
f 11701 11700 1435
f 11704 1435 1440
f 11704 11703 11706
f 11704 11706 11705
f 11704 11705 11701
f 11704 7504 7502
f 4957 7506 11686
f 11686 7506 11687
f 7502 4947 11702
f 7502 11702 11703
f 11690 1442 11691
f 11691 1442 1444
f 11536 11528 11529
f 1435 11700 1436
f 4956 11680 11699
f 4956 11699 4955
f 11680 11681 11698
f 11680 11698 11699
f 11681 11684 11697
f 11681 11697 11698
f 11684 11685 11696
f 11684 11696 11697
f 11685 11679 11695
f 11685 11695 11696
f 11378 7537 11377
f 11382 1971 1973
f 11369 11368 1964
f 1964 11368 1965
f 11381 11363 7533
f 11381 1860 11366
f 11381 11378 1868
f 11381 7535 11378
f 11381 1868 1860
f 11381 7533 7535
f 11381 11364 11363
f 11381 11365 11364
f 11381 11366 11365
f 11383 1971 11382
f 11378 11375 1870
f 11378 1870 1868
f 11378 11377 11380
f 11378 11380 11379
f 11378 11379 11375
f 11378 7535 7537
f 4816 7533 11362
f 11362 7533 11363
f 7537 4813 11376
f 7537 11376 11377
f 11366 1860 11367
f 11387 1969 1971
f 11377 11376 11390
f 11390 11376 4812
f 11376 4813 4812
f 11387 11385 7538
f 11387 11386 1969
f 11387 1971 11383
f 11387 7536 11386
f 11387 7538 7536
f 11387 11383 11389
f 11387 11389 11388
f 11387 11388 11385
f 11367 1860 1857
f 11386 7534 11372
f 11386 11369 1964
f 11386 7536 7534
f 11386 1964 1969
f 11386 11370 11369
f 11386 11371 11370
f 11386 11372 11371
f 4814 7538 11384
f 11384 7538 11385
f 7534 11373 11372
f 7534 4825 11373
f 11361 1954 1953
f 11350 11364 11365
f 11342 11341 11363
f 11342 11363 11364
f 11341 4817 11362
f 11341 11362 11363
f 4817 4816 11362
f 11361 11340 1954
f 11361 11360 4833
f 11361 1953 11360
f 11361 4830 11334
f 11361 4833 4830
f 11350 11342 11364
f 11361 11338 11340
f 11361 11336 11338
f 11361 11334 11336
f 11360 11359 4834
f 11360 1952 11359
f 11360 4834 4833
f 11360 1953 1952
f 11359 1952 11358
f 11359 11358 4834
f 11358 1952 11355
f 11358 11355 4832
f 11357 11369 11370
f 11375 11374 1870
f 1870 11374 1872
f 4827 11351 4825
f 11351 11352 11372
f 11351 11372 11373
f 11351 11373 4825
f 11352 11356 11371
f 11352 11371 11372
f 11356 11357 11370
f 11356 11370 11371
f 11357 11354 11369
f 11391 11377 11390
f 11354 11353 11368
f 11354 11368 11369
f 11353 1965 11368
f 11353 1946 1965
f 1856 11344 1857
f 11344 11343 11367
f 11344 11367 1857
f 11343 11349 11366
f 11343 11366 11367
f 11349 11350 11365
f 11349 11365 11366
f 96 93 1961
f 11411 109 96
f 7515 7513 11410
f 11410 7513 11409
f 7513 103 11409
f 7513 7511 103
f 7511 104 101
f 7511 101 103
f 11408 1960 11407
f 11408 96 1960
f 11407 1960 1936
f 1960 96 1961
f 11411 110 109
f 1961 93 95
f 11404 11391 7508
f 11404 7510 11403
f 11404 1861 11393
f 11404 11401 1854
f 11404 1854 1858
f 11404 1858 1861
f 11404 11403 11406
f 11404 11406 11405
f 11404 11405 11401
f 11404 7508 7509
f 7528 7532 11416
f 11418 2078 2077
f 11418 2077 2087
f 11418 2087 2086
f 11418 11420 11419
f 11418 11419 11415
f 7514 7516 11402
f 7516 7518 11402
f 7518 7520 11402
f 11402 7520 11403
f 11401 2079 11400
f 11401 2080 2079
f 11404 7509 7510
f 7528 11416 11417
f 11400 2079 1853
f 11415 1918 2078
f 11412 11409 103
f 11412 103 11411
f 11412 96 11408
f 11412 11411 96
f 11412 11408 11414
f 11412 11414 11413
f 11412 11413 11409
f 11411 103 110
f 11397 11392 11394
f 90 92 11383
f 11383 92 11389
f 92 107 11389
f 11388 100 11385
f 11388 106 100
f 11385 99 11384
f 11385 100 99
f 11384 98 4814
f 11384 99 98
f 11397 11394 11396
f 11397 11396 11392
f 11382 90 11383
f 11396 11394 11379
f 11396 11380 11392
f 11396 11379 11380
f 1874 11374 11395
f 1874 1872 11374
f 11395 11375 11393
f 11395 11374 11375
f 11393 11379 11394
f 11393 11375 11379
f 11392 11380 11391
f 11380 11377 11391
f 7512 11402 11403
f 11404 11392 11391
f 11404 11394 11392
f 11404 11393 11394
f 4812 7507 11390
f 11390 7507 11391
f 7507 7508 11391
f 11393 1865 11395
f 11393 1861 1865
f 7510 7512 11403
f 11395 1865 1874
f 7512 7514 11402
f 11358 4832 4834
f 1854 11401 1852
f 11401 11400 1852
f 1852 11400 1853
f 11399 11389 107
f 11399 106 11388
f 11399 11398 106
f 11399 107 11398
f 11399 11388 11389
f 11398 107 106
f 1973 91 11382
f 91 90 11382
f 11316 2006 2005
f 11321 11316 2005
f 11321 7574 11319
f 11321 11319 11316
f 11321 7576 7574
f 11319 11318 11316
f 11319 7572 11315
f 11319 11315 11320
f 11319 11320 11318
f 11319 7574 7572
f 11316 11313 1996
f 11316 1996 2007
f 11316 2007 2006
f 11322 11300 11304
f 11316 11318 11317
f 11316 11317 11313
f 7586 7584 11301
f 7584 7582 11301
f 7582 7580 11301
f 11301 7580 11302
f 11300 2000 11299
f 11300 2004 2000
f 7572 7571 11314
f 7572 11314 11315
f 11299 2000 1991
f 11307 11306 2062
f 11326 11312 11307
f 11326 11311 11312
f 11326 11308 11311
f 7568 7570 11324
f 7570 7569 11324
f 11324 7569 11325
f 7579 7581 11308
f 7581 7583 11309
f 7581 11309 11308
f 11323 2050 2030
f 7583 7585 11309
f 11313 1997 1996
f 2062 11306 2052
f 11306 1877 2052
f 11322 11321 2005
f 11322 11302 7580
f 11322 2004 11300
f 11322 7576 11321
f 11322 2005 2004
f 11322 7580 7578
f 11322 7578 7576
f 11322 11305 11302
f 11322 11304 11305
f 11303 7594 7592
f 11297 11298 1887
f 1887 11298 1875
f 11303 11291 7594
f 11303 7590 11302
f 11303 1980 11288
f 11303 11300 1987
f 11303 1987 1983
f 11303 1983 1980
f 11303 11302 11305
f 11303 11305 11304
f 11303 11304 11300
f 1885 11297 1887
f 11303 7592 7590
f 11303 11290 11291
f 11303 11289 11290
f 11303 11288 11289
f 4809 7596 11292
f 11292 7596 11291
f 7596 7594 11291
f 11288 1978 11287
f 11288 1980 1978
f 7590 7588 11302
f 11287 1978 1975
f 11310 11296 11297
f 11310 11308 7589
f 11310 7593 11294
f 11310 1879 11307
f 11310 11297 1885
f 11310 7589 7591
f 11310 7591 7593
f 11310 11307 11312
f 11310 11312 11311
f 11310 11311 11308
f 11310 1885 1883
f 11310 1883 1879
f 11326 2062 2061
f 11310 11295 11296
f 11310 11294 11295
f 7585 7587 11309
f 11309 7587 11308
f 7587 7589 11308
f 11307 1878 11306
f 11307 1879 1878
f 7593 7595 11294
f 11306 1878 1877
f 7595 11293 11294
f 7595 4808 11293
f 11345 2103 2102
f 11348 11350 11349
f 11348 11349 11343
f 11348 4820 4819
f 11348 4819 4818
f 11347 2103 11346
f 11347 11346 4820
f 11347 2104 2103
f 11346 2103 11345
f 11346 11345 4820
f 11345 2102 11339
f 11345 11333 4822
f 11348 11342 11350
f 11345 4822 4821
f 11345 4821 4820
f 11345 11335 11333
f 11345 11337 11335
f 11345 11339 11337
f 1856 2094 11344
f 11344 2094 11343
f 2094 2095 11343
f 11342 4818 11341
f 11341 4818 4817
f 2102 2092 11339
f 11334 4831 4824
f 11355 1947 11354
f 11355 11352 4829
f 11355 4829 4832
f 11355 11354 11357
f 11355 11357 11356
f 11355 11356 11352
f 11355 1952 1951
f 11355 1951 1947
f 1919 1943 11340
f 1943 1954 11340
f 11334 4830 4831
f 2092 1920 11339
f 1947 1946 11353
f 1947 11353 11354
f 4829 11352 4828
f 11352 11351 4828
f 4828 11351 4826
f 11351 4827 4826
f 11348 2104 11347
f 11348 11343 2095
f 11348 4818 11342
f 11348 11347 4820
f 11348 2095 2104
f 11328 11323 11329
f 11314 11324 11325
f 7571 7568 11324
f 11331 11327 11328
f 11331 11325 7569
f 11331 7573 11327
f 11331 11328 11330
f 11331 7569 7573
f 11331 11330 11332
f 11331 11332 11325
f 11328 11327 2060
f 11328 2050 11323
f 11314 7571 11324
f 11328 11329 11330
f 11328 2060 2059
f 11328 2059 2050
f 11327 7577 11326
f 11327 11326 2061
f 11327 7573 7575
f 11327 7575 7577
f 11327 2061 2060
f 11326 7579 11308
f 11326 11307 2062
f 11326 7577 7579
f 4824 4815 11333
f 4822 11333 4823
f 11333 4815 4823
f 1919 11340 1920
f 11340 11338 11339
f 11340 11339 1920
f 11338 11336 11337
f 11338 11337 11339
f 11336 11334 11335
f 11336 11335 11337
f 11334 4824 11333
f 11334 11333 11335
f 11418 11415 2078
f 1997 11313 11323
f 1997 11323 2030
f 11313 11317 11329
f 11313 11329 11323
f 11317 11318 11330
f 11317 11330 11329
f 11318 11320 11332
f 11318 11332 11330
f 11320 11315 11325
f 11320 11325 11332
f 11315 11314 11325
f 11496 70 11495
f 11484 1464 11500
f 1464 1467 11500
f 11499 11495 84
f 11499 85 11494
f 11499 84 11498
f 11499 11498 85
f 11499 11494 11495
f 11498 84 85
f 1574 69 11497
f 69 68 11497
f 11497 68 11496
f 68 70 11496
f 11485 11500 11501
f 70 84 11495
f 11494 77 11493
f 11494 85 77
f 11493 76 11492
f 11493 77 76
f 11492 78 4934
f 11492 76 78
f 11489 11487 7411
f 11489 11488 1454
f 11489 1458 11485
f 11489 7413 11488
f 1568 11506 1567
f 11510 11509 11512
f 11510 11512 11511
f 11510 11511 11507
f 11510 7414 7412
f 4934 7416 11492
f 11492 7416 11493
f 7412 4925 11508
f 7412 11508 11509
f 11496 1572 11497
f 11497 1572 1574
f 11507 11506 1568
f 11489 7411 7413
f 4915 11486 11505
f 4915 11505 4916
f 11486 11487 11504
f 11486 11504 11505
f 11487 11490 11503
f 11487 11503 11504
f 11490 11491 11503
f 11491 11485 11501
f 11491 11501 11502
f 11491 11502 11503
f 11485 11484 11500
f 11465 1575 11464
f 11483 11469 11470
f 11483 11465 11469
f 11482 81 88
f 11482 88 87
f 11482 87 74
f 7393 7391 11466
f 11466 7391 11467
f 7391 81 11467
f 7391 7389 81
f 7389 82 79
f 7389 79 81
f 11483 11470 11467
f 11465 74 1575
f 11464 1575 1498
f 1575 74 1576
f 74 71 1576
f 1576 71 73
f 11481 11463 11480
f 11481 11480 11462
f 11481 11462 11463
f 11480 11463 11478
f 11480 11476 11462
f 11480 11478 11476
f 4915 7411 11486
f 11489 11485 11491
f 11489 11491 11490
f 11489 11490 11487
f 11489 1454 1458
f 11488 7415 11475
f 11488 11477 1450
f 11488 7413 7415
f 11488 1450 1454
f 11488 11478 11477
f 11488 11476 11478
f 11488 11475 11476
f 11510 1568 1570
f 11486 7411 11487
f 7415 11474 11475
f 7415 4936 11474
f 11485 1458 11484
f 11484 1458 1464
f 11477 11479 1450
f 1450 11479 1448
f 11483 11467 81
f 11483 81 11482
f 11483 74 11465
f 11483 11482 74
f 11529 11514 11517
f 4928 11526 4927
f 11526 11527 4927
f 4927 11527 4926
f 11527 4924 4926
f 1369 11531 11515
f 1369 11515 1366
f 11531 11530 11518
f 11531 11518 11515
f 11530 11529 11517
f 11530 11517 11518
f 11529 11528 11514
f 1474 1473 11522
f 11528 4923 4914
f 11528 4914 11514
f 4924 11527 11508
f 4924 11508 4925
f 11527 11526 11508
f 11526 11525 11509
f 11526 11509 11508
f 11525 11524 11511
f 11525 11512 11509
f 11525 11511 11512
f 11524 11523 11507
f 11532 11526 4928
f 11536 4932 4929
f 11535 1479 11534
f 11535 11534 4933
f 11535 1480 1479
f 11535 4933 4932
f 11534 1479 11533
f 11534 11533 4933
f 11533 11532 4931
f 11533 1479 11532
f 11533 4931 4933
f 11532 1474 11523
f 11524 11507 11511
f 11532 1479 1478
f 11532 1478 1474
f 11532 4928 4931
f 11532 11525 11526
f 11532 11524 11525
f 11532 11523 11524
f 1369 1470 11531
f 1470 1481 11531
f 11528 4929 4930
f 11528 4930 4923
f 1474 11522 11523
f 11514 4914 4922
f 11516 11518 11517
f 11516 11517 11514
f 11516 1601 1600
f 1467 1592 11500
f 11500 1592 11501
f 1592 1593 11501
f 11504 4917 11505
f 11505 4917 4916
f 1600 1590 11515
f 1590 1366 11515
f 4921 11514 4922
f 11516 11515 11518
f 11513 11493 7416
f 11513 1572 11496
f 11513 11510 1570
f 11513 7414 11510
f 11513 1570 1572
f 11513 7416 7414
f 11513 11494 11493
f 11513 11495 11494
f 11513 11496 11495
f 11510 7412 11509
f 11510 11507 1568
f 11521 11502 11501
f 11523 11522 11506
f 11523 11506 11507
f 11522 1473 1567
f 11522 1567 11506
f 11521 11520 4919
f 11521 11501 1593
f 11521 4917 11504
f 11521 1602 11520
f 11521 4919 4918
f 11521 4918 4917
f 11521 1593 1602
f 1452 11479 11457
f 11521 11503 11502
f 11521 11504 11503
f 11520 1601 11519
f 11520 11519 4919
f 11520 1602 1601
f 11519 11516 4919
f 11519 1601 11516
f 11516 1600 11515
f 11516 11514 4921
f 11516 4921 4920
f 11516 4920 4919
f 11417 11416 11427
f 11436 1605 1469
f 11435 1387 1604
f 1918 11415 1917
f 11415 11419 11425
f 11415 11425 1917
f 11419 11420 11431
f 11419 11431 11425
f 11420 11422 11432
f 11420 11432 11431
f 11422 11417 11434
f 11422 11434 11432
f 7406 11437 11438
f 11417 11427 11434
f 11416 7532 11426
f 11416 11426 11427
f 7532 7531 11426
f 11433 11429 11430
f 11433 11427 7529
f 11433 7527 11429
f 11433 11430 11432
f 11433 7529 7527
f 11433 11432 11434
f 11433 11434 11427
f 11442 1604 1603
f 11448 11449 11441
f 11447 11442 1612
f 11447 7404 11445
f 11447 11445 11442
f 11447 7402 7404
f 11445 11444 11442
f 11445 7406 11438
f 11445 11438 11446
f 11445 11446 11444
f 11445 7404 7406
f 11442 11435 1604
f 11430 11429 1941
f 11442 1603 1613
f 11442 1613 1612
f 11442 11444 11443
f 11442 11443 11435
f 7392 7394 11440
f 7394 7396 11440
f 7396 7398 11440
f 11440 7398 11441
f 11439 1605 11436
f 11439 1606 1605
f 7406 7408 11437
f 11424 11406 11403
f 7517 7515 11410
f 11408 11407 1935
f 1935 11407 1933
f 11407 1936 1933
f 11424 11423 2086
f 11424 11403 7520
f 11424 2080 11401
f 11424 7524 11423
f 11424 2086 2080
f 11424 7520 7522
f 11424 7522 7524
f 11425 1931 1917
f 11424 11405 11406
f 11424 11401 11405
f 11423 11418 2086
f 11423 7526 11421
f 11423 11421 11418
f 11423 7524 7526
f 11421 11420 11418
f 11421 7528 11417
f 11421 11417 11422
f 11421 11422 11420
f 11421 7526 7528
f 11428 11408 1935
f 11430 1931 11425
f 11430 11425 11431
f 11430 11431 11432
f 11430 1941 1932
f 11430 1932 1931
f 11429 7523 11428
f 11429 11428 1942
f 11429 7527 7525
f 11429 7525 7523
f 11429 1942 1941
f 11428 7521 11409
f 11448 11450 11449
f 11428 7523 7521
f 11428 1935 1942
f 11428 11414 11408
f 11428 11413 11414
f 11428 11409 11413
f 7531 7530 11426
f 7530 7529 11426
f 11426 7529 11427
f 7521 7519 11409
f 7519 7517 11410
f 7519 11410 11409
f 11468 7401 7399
f 11471 7401 11468
f 11471 11468 1504
f 11471 1504 1503
f 11471 7405 7403
f 11471 7403 7401
f 11468 7399 11467
f 11468 11465 1497
f 11468 1497 1504
f 11468 11467 11470
f 11468 11470 11469
f 11468 11469 11465
f 11472 11456 11455
f 7410 7409 11451
f 7409 7407 11451
f 11451 7407 11452
f 7399 7397 11467
f 7397 7395 11466
f 7397 11466 11467
f 11456 1493 1388
f 7395 7393 11466
f 11465 11464 1497
f 1497 11464 1495
f 11464 1498 1495
f 11473 11471 11472
f 1452 1448 11479
f 11457 11477 11458
f 11457 11479 11477
f 11458 11478 11463
f 11458 11477 11478
f 11462 11476 11459
f 11476 11475 11459
f 11459 11475 11460
f 11475 11474 11460
f 11460 11474 4935
f 11474 4936 4935
f 11461 11459 7386
f 11473 11452 7407
f 11473 7405 11471
f 11473 11472 11454
f 11473 7407 7405
f 11473 11453 11452
f 11473 11454 11453
f 11472 1493 11456
f 11472 11471 1503
f 11472 1503 1494
f 11472 1494 1493
f 11472 11455 11454
f 11438 11437 11451
f 1468 11436 1469
f 1387 11435 11456
f 1387 11456 1388
f 11435 11443 11455
f 11435 11455 11456
f 11443 11444 11454
f 11443 11454 11455
f 11444 11446 11453
f 11444 11453 11454
f 11446 11438 11452
f 11446 11452 11453
f 11439 11436 1468
f 11438 11451 11452
f 11437 7410 11451
f 11437 7408 7410
f 11448 11447 1612
f 11448 11441 7398
f 11448 1606 11439
f 11448 7402 11447
f 11448 1612 1606
f 11448 7398 7400
f 11448 7400 7402
f 11448 11439 11450
f 11461 11449 11450
f 11461 7388 11441
f 11461 1456 11458
f 11461 11439 1466
f 11461 7386 7387
f 11461 7387 7388
f 11461 11458 11463
f 11461 11463 11462
f 11461 11462 11459
f 11461 1466 1460
f 11461 1460 1456
f 11461 11450 11439
f 11795 11742 11734
f 11461 11441 11449
f 4935 7385 11460
f 11460 7385 11459
f 7385 7386 11459
f 11458 1453 11457
f 11458 1456 1453
f 7388 7390 11441
f 11457 1453 1452
f 7390 11440 11441
f 7390 7392 11440
f 1466 11439 1468
f 12157 12154 12153
f 12162 5092 12158
f 12162 5094 5092
f 12161 12157 12156
f 12161 12156 12160
f 12160 12156 12159
f 12159 12156 12155
f 12159 12155 1014
f 12159 1014 1018
f 12158 12154 12157
f 12158 5090 12154
f 12158 5092 5090
f 12157 12152 12156
f 12162 12158 12157
f 12157 12153 12152
f 12156 12152 12155
f 12155 1010 1014
f 12155 12151 1010
f 12155 12152 12151
f 12154 12149 12153
f 12154 5088 12150
f 12154 5090 5088
f 12154 12150 12149
f 12153 12148 12152
f 12153 12149 12148
f 12167 12165 12166
f 12170 972 12128
f 12170 12128 12130
f 972 973 12128
f 12169 12126 5096
f 12169 12161 12167
f 12169 12162 12161
f 12169 5094 12162
f 12169 12167 12168
f 12169 5096 5094
f 12169 12168 12126
f 12167 12160 12165
f 12152 12147 12151
f 12167 12161 12160
f 12167 12166 12168
f 12165 12159 12163
f 12165 12163 12164
f 12165 12160 12159
f 12165 12164 12166
f 12163 12159 1018
f 12163 1018 985
f 12163 985 984
f 12163 984 12164
f 12162 12157 12161
f 12138 12133 12131
f 12142 5082 12138
f 12142 12137 12141
f 12142 5084 5082
f 12141 12137 12136
f 12141 12136 12140
f 12140 12136 12135
f 12140 12135 12139
f 12139 12135 994
f 12139 994 998
f 12138 12131 12137
f 12138 5080 12133
f 12142 12138 12137
f 12138 5082 5080
f 12137 12131 12129
f 12137 12129 12136
f 12136 12127 12135
f 12136 12129 12127
f 12135 12127 990
f 12135 990 994
f 12133 12132 12131
f 12133 5069 12134
f 12133 12134 12132
f 12133 5080 5069
f 12147 12143 1002
f 12152 12148 12147
f 12151 12147 1007
f 12151 1007 1010
f 12150 5086 12146
f 12150 5088 5086
f 12150 12146 12149
f 12149 12146 12145
f 12149 12145 12144
f 12149 12144 12148
f 12148 12144 12143
f 12148 12143 12147
f 12171 12130 12132
f 12147 1002 1007
f 12146 5084 12142
f 12146 12142 12141
f 12146 5086 5084
f 12146 12141 12145
f 12145 12141 12140
f 12145 12140 12144
f 12144 12139 12143
f 12144 12140 12139
f 12143 12139 998
f 12143 998 1002
f 12190 1082 12189
f 12192 5076 12186
f 12192 12191 5074
f 12192 1073 1083
f 12192 12186 12194
f 12192 12194 12193
f 12192 12193 12187
f 12192 5074 5075
f 12192 5075 5076
f 12191 1082 12190
f 12191 12190 5074
f 12191 1083 1082
f 12192 12187 1073
f 12190 12189 5074
f 12189 1081 12170
f 12189 12173 5071
f 12189 1082 1081
f 12189 5071 5073
f 12189 5073 5074
f 12189 12172 12173
f 12189 12171 12172
f 12189 12170 12171
f 1074 1072 12188
f 12188 1072 12187
f 12199 12180 12177
f 12194 12186 12203
f 12194 12203 12204
f 12186 12185 12202
f 12186 12202 12203
f 12185 5078 12202
f 12185 5077 5078
f 12199 12177 12198
f 12199 12196 12175
f 12199 12198 12201
f 12199 12201 12200
f 12199 12200 12196
f 1072 1073 12187
f 12199 12179 12180
f 12199 12175 12179
f 1257 12197 12176
f 1257 1302 12197
f 12176 12198 12177
f 12176 12197 12198
f 12175 12196 12174
f 12174 12195 5106
f 12174 12196 12195
f 5106 12195 5107
f 12192 1083 12191
f 12126 5100 5098
f 12181 1267 1266
f 12178 1258 12177
f 12178 12175 5104
f 12178 5104 5103
f 12178 12177 12180
f 12178 12180 12179
f 12178 12179 12175
f 12178 1266 1258
f 984 1254 12164
f 1254 1269 12164
f 12126 5099 5100
f 12181 5103 5102
f 1258 1257 12176
f 1258 12176 12177
f 12175 12174 5104
f 5104 12174 5105
f 12174 5106 5105
f 5068 12173 5069
f 12173 12172 12134
f 12173 12134 5069
f 12172 12171 12132
f 12172 12132 12134
f 12171 12170 12130
f 12184 1269 1268
f 12186 5076 12185
f 12185 5076 5077
f 1081 1068 12170
f 1068 972 12170
f 5071 12173 5072
f 12173 5068 5072
f 12184 12164 1269
f 12184 1268 12183
f 12184 12183 5101
f 12184 5099 12126
f 12184 5101 5099
f 12131 12130 12129
f 12184 12166 12164
f 12184 12168 12166
f 12184 12126 12168
f 12183 12182 5102
f 12183 1267 12182
f 12183 5102 5101
f 12183 1268 1267
f 12182 1267 12181
f 12182 12181 5102
f 12181 1266 12178
f 12181 12178 5103
f 12079 12072 12078
f 12084 12078 12077
f 12084 12077 12083
f 12083 12077 12076
f 12083 12076 12082
f 12082 12075 12081
f 12082 12076 12075
f 12081 12074 12080
f 12081 12075 12074
f 12080 12074 1016
f 12080 1016 1012
f 12079 12073 12072
f 12079 6385 12073
f 12085 12078 12084
f 12079 6380 6385
f 12078 12071 12077
f 12078 12072 12071
f 12077 12071 12070
f 12077 12070 12076
f 12076 12070 12069
f 12076 12069 12075
f 12075 12068 12074
f 12075 12069 12068
f 12074 12068 1020
f 12074 1020 1016
f 12090 12083 12089
f 12094 12088 12087
f 12094 12087 12093
f 12093 12087 12086
f 12093 12086 12092
f 12092 12086 1005
f 12092 1005 1004
f 12091 6375 12085
f 12091 12084 12090
f 12091 6370 6375
f 12091 12085 12084
f 12090 12084 12083
f 12073 6385 12045
f 12089 12083 12088
f 12088 12082 12081
f 12088 12081 12087
f 12088 12083 12082
f 12087 12081 12086
f 12086 12080 1012
f 12086 1012 1005
f 12086 12081 12080
f 12085 12079 12078
f 12085 6380 12079
f 12085 6375 6380
f 12059 1067 1079
f 12065 12038 12042
f 12064 12059 1077
f 12064 6319 12062
f 12064 12062 12059
f 12064 6322 6319
f 12062 12061 12059
f 12062 6318 12058
f 12062 12058 12063
f 12062 12063 12061
f 12062 6319 6318
f 12059 12056 1067
f 12065 12042 12043
f 12059 1079 1078
f 12059 1078 1077
f 12059 12061 12060
f 12059 12060 12056
f 6328 6327 12039
f 6327 6326 12039
f 6326 6325 12039
f 12039 6325 12040
f 12038 1071 12037
f 12038 1076 1071
f 6318 6320 12057
f 12068 12044 1021
f 12073 12046 12072
f 12073 12045 12046
f 12072 12055 12071
f 12072 12046 12055
f 12071 12051 12070
f 12071 12055 12051
f 12070 12050 12069
f 12070 12051 12050
f 12069 12044 12068
f 12069 12050 12044
f 12068 1021 1020
f 12095 12089 12088
f 6321 6338 12067
f 12066 988 968
f 6385 6390 12045
f 12065 12064 1077
f 12065 12040 6325
f 12065 1076 12038
f 12065 6322 12064
f 12065 1077 1076
f 12065 6325 6324
f 12065 6324 6322
f 12065 12043 12040
f 12120 12117 12119
f 12123 12114 12121
f 12123 12122 12124
f 12123 12124 12067
f 12123 12121 12122
f 12123 12115 12114
f 12121 12113 12112
f 12121 12119 12122
f 12121 12112 12120
f 12121 12120 12119
f 12121 12114 12113
f 12120 12112 12117
f 12125 12067 6338
f 12117 12116 12066
f 12117 12112 12111
f 12117 12111 12116
f 12117 12066 12118
f 12117 12118 12119
f 12116 988 12066
f 12116 12110 992
f 12116 12111 12110
f 12116 992 988
f 12115 12109 12108
f 12115 6354 12109
f 12060 12119 12118
f 12131 12132 12130
f 12129 12128 12127
f 12129 12130 12128
f 12127 973 990
f 12127 12128 973
f 5098 5096 12126
f 967 12056 12066
f 967 12066 968
f 12056 12060 12118
f 12056 12118 12066
f 12060 12061 12119
f 12115 6338 6349
f 12061 12063 12122
f 12061 12122 12119
f 12063 12058 12124
f 12063 12124 12122
f 12058 12057 12067
f 12058 12067 12124
f 12057 6321 12067
f 12057 6320 6321
f 12125 12123 12067
f 12125 12115 12123
f 12125 6338 12115
f 12099 12092 12098
f 12104 12098 1000
f 12104 1000 996
f 12103 12097 12102
f 12103 6365 12097
f 12103 6359 6365
f 12102 12097 12096
f 12102 12096 12095
f 12102 12095 12101
f 12101 12095 12094
f 12101 12094 12100
f 12100 12094 12099
f 12105 12099 12098
f 12099 12094 12093
f 12099 12093 12092
f 12098 12092 1004
f 12098 1004 1000
f 12097 12091 12096
f 12097 6365 6370
f 12097 6370 12091
f 12096 12089 12095
f 12096 12091 12090
f 12096 12090 12089
f 12095 12088 12094
f 12110 996 992
f 12115 6349 6354
f 12115 12108 12114
f 12114 12108 12107
f 12114 12107 12113
f 12113 12107 12106
f 12113 12106 12112
f 12112 12105 12111
f 12112 12106 12105
f 12111 12104 12110
f 12111 12105 12104
f 12110 12104 996
f 12193 12204 12205
f 12109 12102 12108
f 12109 12103 12102
f 12109 6359 12103
f 12109 6354 6359
f 12108 12101 12107
f 12108 12102 12101
f 12107 12101 12106
f 12106 12099 12105
f 12106 12101 12100
f 12106 12100 12099
f 12105 12098 12104
f 12288 12281 12287
f 12293 12287 12286
f 12292 12285 12291
f 12292 12286 12285
f 12291 12285 1052
f 12291 1052 1051
f 12290 12283 12289
f 12290 6479 12284
f 12290 12284 12283
f 12290 6484 6479
f 12289 12283 12288
f 12288 12282 12281
f 12288 12283 12282
f 12293 12286 12292
f 12287 12281 12280
f 12287 12280 12286
f 12286 12279 12285
f 12286 12280 12279
f 12285 12279 1059
f 12285 1059 1052
f 12284 12278 12277
f 12284 12277 12283
f 12284 6474 12278
f 12284 6479 6474
f 12283 12276 12282
f 12298 12292 12291
f 12303 1047 1040
f 12302 12296 12295
f 12302 6495 12296
f 12302 12295 12301
f 12301 12294 12300
f 12301 12295 12294
f 12300 12293 12299
f 12300 12294 12293
f 12299 12292 12298
f 12299 12293 12292
f 12298 12291 12297
f 12283 12277 12276
f 12297 12291 1051
f 12297 1051 1047
f 12296 6484 12290
f 12296 6495 6489
f 12296 6489 6484
f 12296 12290 12289
f 12296 12289 12295
f 12295 12289 12288
f 12295 12288 12294
f 12294 12287 12293
f 12294 12288 12287
f 12270 12268 12265
f 12271 11 6447
f 12271 1088 4
f 12271 6444 12270
f 12271 1096 1088
f 12271 6447 6446
f 12271 6446 6444
f 12271 19 11
f 12271 18 19
f 12271 4 18
f 12270 12265 1096
f 12270 6441 12268
f 12271 12270 1096
f 12270 6444 6441
f 12268 12267 12265
f 12268 6440 12264
f 12268 12264 12269
f 12268 12269 12267
f 12268 6441 6440
f 12265 12262 1085
f 12265 1085 1084
f 12265 1084 1097
f 12265 1097 1096
f 12265 12267 12266
f 12278 6467 12249
f 12282 12275 12281
f 12282 12276 12275
f 12281 12275 12274
f 12281 12274 12280
f 12280 12273 12279
f 12280 12274 12273
f 12279 12273 1060
f 12279 1060 1059
f 12278 6474 6467
f 12278 12250 12277
f 12278 12249 12250
f 12303 12297 1047
f 12277 12261 12276
f 12277 12250 12261
f 12276 12261 12258
f 12276 12258 12275
f 12275 12257 12274
f 12275 12258 12257
f 12274 12248 12273
f 12274 12257 12248
f 12273 1064 1060
f 12273 12248 1064
f 12272 1027 976
f 12328 12272 12329
f 12334 12333 12335
f 12334 12332 12333
f 12332 12331 12330
f 12332 12323 12331
f 12332 12330 12333
f 12332 12324 12323
f 12331 12323 12328
f 12331 12328 12330
f 12328 12322 12321
f 12328 12321 12327
f 12328 12327 12272
f 12334 12325 12324
f 12328 12329 12330
f 12328 12323 12322
f 12327 12321 1031
f 12327 1027 12272
f 12327 1031 1027
f 12326 6515 6510
f 12326 12319 12325
f 12326 6510 12320
f 12326 12320 12319
f 12325 12319 12324
f 12324 12317 12323
f 975 12272 976
f 12263 12337 12335
f 12263 6442 12337
f 12264 12335 12333
f 12264 12263 12335
f 12269 12264 12333
f 12267 12333 12330
f 12267 12269 12333
f 12266 12330 12329
f 12266 12267 12330
f 12262 12329 12272
f 12262 12266 12329
f 12324 12319 12318
f 975 12262 12272
f 6442 6443 12337
f 12336 12325 12334
f 12336 6443 6471
f 12336 6471 6515
f 12336 6515 12326
f 12336 12326 12325
f 12336 12334 12335
f 12336 12335 12337
f 12336 12337 6443
f 12334 12324 12332
f 12308 12301 12307
f 12314 6505 6500
f 12313 12307 12306
f 12313 12306 12312
f 12312 12305 12311
f 12312 12306 12305
f 12311 12304 12310
f 12311 12305 12304
f 12310 12303 12309
f 12310 12304 12303
f 12309 12303 1040
f 12309 1040 1039
f 12314 6500 12308
f 12308 12302 12301
f 12308 6495 12302
f 12308 6500 6495
f 12307 12300 12306
f 12307 12301 12300
f 12306 12299 12305
f 12306 12300 12299
f 12305 12298 12304
f 12305 12299 12298
f 12304 12297 12303
f 12304 12298 12297
f 12319 12313 12318
f 12324 12318 12317
f 12323 12317 12322
f 12322 12316 12315
f 12322 12317 12316
f 12322 12315 12321
f 12321 12315 1035
f 12321 1035 1031
f 12320 12314 12313
f 12320 6505 12314
f 12320 6510 6505
f 12320 12313 12319
f 12265 12266 12262
f 12318 12313 12312
f 12318 12312 12311
f 12318 12311 12317
f 12317 12311 12310
f 12317 12310 12316
f 12316 12310 12315
f 12315 12309 1039
f 12315 12310 12309
f 12315 1039 1035
f 12314 12307 12313
f 12314 12308 12307
f 12226 12227 12214
f 12230 12217 5066
f 12217 5062 5066
f 12229 12214 12227
f 12229 12225 12213
f 12229 12227 12225
f 12229 12213 12214
f 1310 1312 12208
f 1312 12228 12208
f 12208 12228 12209
f 12228 12226 12209
f 12209 12226 12214
f 12218 12217 12230
f 12213 12224 12210
f 12213 12225 12224
f 12210 12223 12211
f 12210 12224 12223
f 12211 5123 5121
f 12211 12223 5123
f 12222 12203 6406
f 12222 1249 12206
f 12222 12219 1246
f 12222 6404 12219
f 12222 1246 1249
f 12236 12234 12220
f 12239 1295 1294
f 6468 6466 12224
f 12238 1294 1270
f 6466 12223 12224
f 6466 5123 12223
f 1297 12226 1298
f 12226 12228 1298
f 1298 12228 1312
f 12237 12234 12236
f 12237 12236 12232
f 12237 12232 12234
f 12222 6406 6404
f 12236 12221 12232
f 12236 12220 12221
f 1245 12215 12235
f 1245 1241 12215
f 12235 12216 12233
f 12235 12215 12216
f 12233 12220 12234
f 12233 12216 12220
f 12232 12221 12231
f 12221 12218 12231
f 12231 12218 12230
f 6409 5107 12195
f 12212 12214 12213
f 12212 12213 12210
f 12212 1301 1306
f 12212 1306 1308
f 12212 12201 12198
f 12212 12200 12201
f 12212 12196 12200
f 5121 6407 12211
f 12211 6407 12210
f 6407 6408 12210
f 6409 12195 12196
f 12212 12209 12214
f 12209 1308 12208
f 12208 1308 1310
f 12198 12197 1301
f 1301 12197 1302
f 1074 12188 12207
f 1074 12207 1253
f 12188 12187 12206
f 12188 12206 12207
f 12187 12193 12205
f 12187 12205 12206
f 12193 12194 12204
f 12202 6406 12203
f 12222 12204 12203
f 12222 12205 12204
f 12222 12206 12205
f 12219 6402 12218
f 12219 12216 1243
f 12219 1243 1246
f 12219 12218 12221
f 12219 12221 12220
f 12219 12220 12216
f 12219 6404 6402
f 5078 6406 12202
f 12239 1294 12238
f 6402 5062 12217
f 6402 12217 12218
f 12206 1249 12207
f 12207 1249 1253
f 12216 12215 1243
f 1243 12215 1241
f 12212 12210 6408
f 12212 6409 12196
f 12212 1308 12209
f 12212 12198 1301
f 12212 6408 6409
f 12252 12251 1293
f 12259 6460 6459
f 12256 12252 1291
f 12256 1289 12248
f 12256 12255 12252
f 12256 12248 12257
f 12256 12257 12258
f 12256 1291 1290
f 12256 1290 1289
f 12255 12254 12252
f 12254 12253 12252
f 12253 12251 12252
f 12259 6461 6460
f 12252 1293 1292
f 12252 1292 1291
f 12251 6459 12244
f 12251 12239 1293
f 12251 12242 12239
f 12251 12245 12242
f 12251 12244 12245
f 6467 6465 12249
f 6465 6464 12249
f 12249 6464 12250
f 6459 6457 12244
f 12260 12255 12256
f 12 6449 10
f 6449 6448 10
f 6448 6447 10
f 10 6447 11
f 4 1087 2
f 4 1088 1087
f 6440 6442 12263
f 6440 12263 12264
f 2 1087 3
f 12262 975 1085
f 12260 12250 6464
f 12248 1289 1064
f 12260 12256 12258
f 12260 6464 12259
f 12260 12259 12255
f 12260 12258 12261
f 12260 12261 12250
f 12259 12253 12254
f 12259 12251 12253
f 12259 12254 12255
f 12259 6459 12251
f 12259 6464 6462
f 12259 6462 6461
f 12243 12244 12240
f 12233 1248 12235
f 12235 1248 1245
f 8 5 1251
f 1251 5 7
f 12243 12240 6463
f 12243 6469 12241
f 12243 12241 12242
f 12243 6463 6470
f 12243 6470 6469
f 12243 12242 12245
f 12243 12245 12244
f 6452 15 13
f 12241 6468 12224
f 12241 1295 12239
f 12241 12226 1297
f 12241 6469 6468
f 12241 12239 12242
f 12241 1297 1296
f 12241 1296 1295
f 12241 12227 12226
f 12241 12225 12227
f 12241 12224 12225
f 6458 6463 12240
f 12247 12232 12231
f 6457 6456 12240
f 6457 12240 12244
f 6456 6458 12240
f 12239 12238 1293
f 1293 12238 1272
f 12238 1270 1272
f 12247 12231 6454
f 12247 6452 12246
f 12247 1248 12233
f 12247 12246 1248
f 12247 6454 6452
f 6318 12057 12058
f 12247 12234 12232
f 12247 12233 12234
f 12246 6452 13
f 12246 8 1251
f 12246 1251 1248
f 12246 13 22
f 12246 22 21
f 12246 21 8
f 5066 6454 12230
f 12230 6454 12231
f 6452 16 15
f 11874 11870 11869
f 11879 5004 5002
f 11878 11874 11877
f 11877 11874 11873
f 11877 11873 11872
f 11877 11872 11876
f 11876 11872 1176
f 11876 1176 1172
f 11875 5000 11871
f 11875 11870 11874
f 11875 11871 11870
f 11875 5002 5000
f 11874 11869 11873
f 11879 5002 11875
f 11873 11868 11872
f 11873 11869 11868
f 11872 11868 1180
f 11872 1180 1176
f 11871 11854 11870
f 11871 5000 11851
f 11871 11851 11854
f 11870 11855 11869
f 11870 11854 11855
f 11869 11852 11868
f 11869 11855 11852
f 11883 11878 11882
f 11888 1164 1160
f 11887 11883 11882
f 11887 5006 11883
f 11887 5008 5006
f 11887 11882 11886
f 11886 11882 11881
f 11886 11881 11885
f 11885 11881 11880
f 11885 11880 11884
f 11884 11880 1168
f 11884 1168 1164
f 11868 1181 1180
f 11883 11879 11878
f 11883 5004 11879
f 11883 5006 5004
f 11882 11877 11881
f 11882 11878 11877
f 11881 11876 11880
f 11881 11877 11876
f 11880 11876 1172
f 11880 1172 1168
f 11879 11875 11874
f 11879 11874 11878
f 11858 11841 11842
f 11848 1236 1238
f 11860 11859 1229
f 1229 11859 1230
f 11858 11839 1356
f 11858 4990 11837
f 11858 11857 4994
f 11858 1357 11857
f 11858 4994 4993
f 11858 4993 4990
f 11858 1356 1357
f 11858 11842 11839
f 11847 1236 11848
f 11858 11837 11841
f 11857 1360 11856
f 11857 11856 4994
f 11857 1357 1360
f 11856 1360 11853
f 11856 11853 4995
f 11856 4995 4994
f 11853 1354 11852
f 11853 11851 4996
f 11853 4996 4995
f 11853 11852 11855
f 11866 11847 11846
f 11868 11852 1181
f 5016 5014 11867
f 5000 4991 11851
f 11866 11844 6191
f 11866 1236 11847
f 11866 11863 1234
f 11866 6189 11863
f 11866 1234 1236
f 11866 6191 6189
f 11866 11845 11844
f 11866 11846 11845
f 11888 11884 1164
f 11863 6187 11862
f 11863 11860 1229
f 11863 1229 1234
f 11863 11862 11865
f 11863 11865 11864
f 11863 11864 11860
f 11863 6189 6187
f 4987 6191 11843
f 11843 6191 11844
f 6187 5020 11861
f 6187 11861 11862
f 1189 11897 1152
f 1189 1210 11912
f 1210 1221 11912
f 11909 5023 5024
f 11909 5024 5017
f 1214 11908 11907
f 1214 1213 11908
f 5022 11904 5021
f 11904 11903 5021
f 5021 11903 5018
f 11903 5019 5018
f 1189 11912 11897
f 11913 11907 11906
f 11912 11911 11899
f 11912 11899 11897
f 11911 11910 11901
f 11911 11901 11899
f 11910 11909 11867
f 11910 11867 11901
f 11909 5017 5016
f 11909 5016 11867
f 1230 11859 11908
f 1230 11908 1213
f 11859 11860 11907
f 11915 1219 11914
f 11917 1220 11916
f 11917 5023 11909
f 11917 1221 1220
f 11917 11911 11912
f 11917 11910 11911
f 11917 11909 11910
f 11917 5026 5023
f 11916 1219 11915
f 11916 11915 5027
f 11916 1220 1219
f 11916 5027 5026
f 11859 11907 11908
f 11915 11914 5027
f 11914 11913 5025
f 11914 1219 11913
f 11914 5025 5027
f 11913 1214 11907
f 11913 11904 5022
f 11913 1219 1218
f 11913 1218 1214
f 11913 5022 5025
f 11913 11905 11904
f 11913 11906 11905
f 11893 11888 11892
f 11898 11897 11899
f 11896 1152 11897
f 11896 11892 1156
f 11896 1156 1153
f 11896 1153 1152
f 11895 11891 11894
f 11895 5012 11891
f 11894 11889 11893
f 11894 11890 11889
f 11894 11891 11890
f 11893 11889 11888
f 11898 11894 11893
f 11892 11888 1160
f 11892 1160 1156
f 11891 5008 11887
f 11891 11886 11890
f 11891 5012 5010
f 11891 5010 5008
f 11891 11887 11886
f 11890 11886 11889
f 11889 11884 11888
f 11889 11886 11885
f 11889 11885 11884
f 11902 11900 11901
f 11860 11864 11906
f 11860 11906 11907
f 11864 11865 11905
f 11864 11905 11906
f 11865 11862 11904
f 11865 11904 11905
f 11862 11861 11903
f 11862 11903 11904
f 11861 5019 11903
f 11861 5020 5019
f 11902 11867 5014
f 11853 11855 11854
f 11902 11894 11900
f 11902 11895 11894
f 11902 5012 11895
f 11902 5014 5012
f 11902 11901 11867
f 11900 11894 11898
f 11900 11898 11899
f 11900 11899 11901
f 11898 11892 11896
f 11898 11896 11897
f 11898 11893 11892
f 11815 11813 11798
f 11809 1198 1188
f 6110 6109 11819
f 11818 11817 1202
f 1202 11817 1200
f 11817 1203 1200
f 11816 11803 11814
f 11816 11812 11802
f 11816 11814 11812
f 11816 11802 11803
f 1319 1314 11797
f 1314 11815 11797
f 11797 11815 11798
f 6111 11819 11820
f 11798 11813 11803
f 11813 11814 11803
f 11802 11811 11799
f 11802 11812 11811
f 11799 11810 11800
f 11799 11811 11810
f 11800 5035 5033
f 11800 11810 5035
f 1102 11750 1188
f 11750 11752 11809
f 11750 11809 1188
f 11821 6112 11820
f 11825 1198 11809
f 11825 11824 1208
f 11825 1208 1199
f 11825 1199 1198
f 11825 11808 11807
f 11825 11809 11808
f 11824 6113 11821
f 11824 11821 1209
f 11824 1209 1208
f 11824 6116 6115
f 11824 6115 6113
f 11752 11754 11808
f 11821 11818 1202
f 11821 1202 1209
f 11821 11820 11823
f 11821 11823 11822
f 11821 11822 11818
f 11821 6113 6112
f 6118 6119 11804
f 6119 6117 11804
f 11804 6117 11805
f 6112 6111 11820
f 6111 6110 11819
f 1335 11732 1336
f 5033 6179 11800
f 11800 6179 11799
f 6179 6177 11799
f 11798 1320 11797
f 11798 1323 1320
f 6181 6183 11736
f 11797 1320 1319
f 6183 11737 11736
f 6183 6120 11737
f 1333 11735 1335
f 11735 11732 1335
f 11801 11736 11747
f 11796 11789 11795
f 11796 11795 11734
f 11796 11790 11789
f 11796 6160 11790
f 11796 6174 6167
f 11796 6167 6160
f 11796 11733 6174
f 11796 11734 11733
f 11795 11794 11742
f 11795 11789 11788
f 11795 11788 11794
f 11801 6181 11736
f 11752 11808 11809
f 11754 11756 11807
f 11754 11807 11808
f 11756 11758 11806
f 11756 11806 11807
f 11758 11760 11805
f 11758 11805 11806
f 11760 6114 11804
f 11760 11804 11805
f 6114 6118 11804
f 11801 11799 6177
f 11826 11807 11806
f 11801 1323 11798
f 11801 11735 1333
f 11801 6177 6178
f 11801 6178 6181
f 11801 11798 11803
f 11801 11803 11802
f 11801 11802 11799
f 11801 1333 1327
f 11801 1327 1323
f 11801 11748 11735
f 11801 11747 11748
f 11840 11832 11833
f 11845 41 33
f 11844 32 11843
f 11844 33 32
f 11843 34 4987
f 11843 32 34
f 11840 11828 11839
f 11840 11837 11829
f 11840 11839 11842
f 11840 11842 11841
f 11840 11841 11837
f 11840 11833 11828
f 11845 33 11844
f 11840 11829 11832
f 1331 11838 11827
f 1331 1334 11838
f 11827 11839 11828
f 11827 11838 11839
f 11829 11837 11830
f 11830 11836 4998
f 11830 11837 11836
f 4998 11836 4992
f 11835 11820 37
f 11835 37 11834
f 11850 11846 40
f 11853 11854 11851
f 11853 1360 1354
f 1334 1358 11838
f 11838 1358 11839
f 1358 1356 11839
f 11837 4990 11836
f 11836 4990 4992
f 1354 1353 11852
f 1353 1181 11852
f 4996 11851 4997
f 11851 4991 4997
f 11835 30 11818
f 11850 41 11845
f 11850 40 11849
f 11850 11849 41
f 11850 11845 11846
f 11849 40 41
f 1238 25 11848
f 25 24 11848
f 11848 24 11847
f 24 26 11847
f 11847 26 11846
f 26 40 11846
f 6192 11810 11811
f 11831 11828 11833
f 11831 11833 11832
f 11831 11832 11829
f 11831 1317 1321
f 11831 1321 1325
f 11831 11814 11813
f 11831 11812 11814
f 11831 11811 11812
f 4998 6197 11830
f 11830 6197 11829
f 6197 6194 11829
f 11831 6194 6192
f 6192 5035 11810
f 11828 1325 11827
f 11827 1325 1331
f 11813 11815 1317
f 1317 11815 1314
f 11826 11824 11825
f 11826 11805 6117
f 11826 6116 11824
f 11826 11825 11807
f 11826 6117 6116
f 11826 11806 11805
f 6105 38 35
f 11835 11834 30
f 11835 11823 11820
f 11835 11822 11823
f 11835 11818 11822
f 11834 37 44
f 11834 44 43
f 11834 43 30
f 6109 6107 11819
f 11819 6107 11820
f 6107 37 11820
f 6107 6105 37
f 11917 11912 1221
f 6105 35 37
f 11818 1227 11817
f 11818 30 1227
f 11817 1227 1203
f 1227 30 1228
f 30 27 1228
f 1228 27 29
f 11831 11829 6194
f 11831 6192 11811
f 11831 1325 11828
f 11831 11813 1317
f 12015 11999 12000
f 12015 11997 6225
f 12015 6221 12014
f 12015 1231 11995
f 12015 12012 1235
f 12015 1235 1233
f 12015 1233 1231
f 12015 12014 12017
f 12015 12017 12016
f 12015 12016 12012
f 12015 6225 6223
f 12015 6223 6221
f 12015 12000 11997
f 12004 1315 1311
f 12015 11995 11999
f 6229 6227 11996
f 11996 6227 11997
f 6227 6225 11997
f 11995 1232 11994
f 11995 1231 1232
f 6221 6219 12014
f 11994 1232 1215
f 6219 4975 12013
f 6219 12013 12014
f 1235 12012 1237
f 4962 12023 4960
f 12012 12016 12027
f 12012 12027 12028
f 12016 12017 12026
f 12016 12026 12027
f 12017 12014 12026
f 12014 12013 12025
f 12014 12025 12026
f 12013 4974 12024
f 12013 12024 12025
f 12013 4975 4974
f 4962 12007 12023
f 12012 12011 1237
f 12007 12006 12022
f 12007 12022 12023
f 12006 12009 12021
f 12006 12021 12022
f 12009 12010 12020
f 12009 12020 12021
f 12010 12005 12019
f 12010 12019 12020
f 12005 12004 12018
f 12005 12018 12019
f 12004 1311 12018
f 12002 12001 1224
f 1326 11985 1329
f 11985 11984 1329
f 1329 11984 1330
f 12003 12001 12002
f 12003 11979 6237
f 12003 6236 12001
f 12003 12002 11981
f 12003 6237 6236
f 12003 11980 11979
f 12003 11981 11980
f 12002 1211 11983
f 6312 6241 11987
f 12002 1224 1223
f 12002 1223 1211
f 12002 11982 11981
f 12002 11983 11982
f 12001 6233 11998
f 12001 11998 1225
f 12001 1225 1224
f 12001 6236 6235
f 12001 6235 6233
f 11998 6232 11997
f 11998 11995 1226
f 12008 1322 1318
f 1237 12011 1239
f 12008 12006 6308
f 12008 6311 11986
f 12008 1318 12005
f 12008 11985 1326
f 12008 6308 6310
f 12008 6310 6311
f 12008 12005 12010
f 12008 12010 12009
f 12008 12009 12006
f 12008 1326 1322
f 12011 12028 12029
f 12008 11993 11985
f 12008 11992 11993
f 12008 11986 11992
f 4962 6240 12007
f 12007 6240 12006
f 6240 6308 12006
f 12005 1316 12004
f 12005 1318 1316
f 6311 6312 11986
f 12004 1316 1315
f 6312 11987 11986
f 12044 1255 1021
f 12048 12032 12035
f 12047 12030 1263
f 12047 1263 1261
f 12047 1261 1262
f 12047 1262 1260
f 12047 12031 12030
f 12047 12036 12031
f 12047 12035 12036
f 6390 6392 12045
f 12045 6392 12046
f 6342 6339 12032
f 12048 12047 1260
f 6339 6341 12033
f 6339 12033 12032
f 6341 6340 12033
f 12030 1264 1263
f 12041 12025 6335
f 12041 6331 12040
f 12041 1244 12028
f 12041 12038 1250
f 12041 1250 1247
f 12041 1247 1244
f 12041 12040 12043
f 12053 12048 12052
f 12037 1071 1070
f 12056 967 1067
f 12054 12046 6392
f 12054 6392 12053
f 12054 12049 12051
f 12054 12052 12049
f 12054 12053 12052
f 12054 12051 12055
f 12054 12055 12046
f 12053 12032 12048
f 12053 6342 12032
f 12041 12043 12042
f 12053 6392 6391
f 12053 6391 6343
f 12053 6343 6342
f 12052 12048 1260
f 12052 1260 12049
f 12049 1255 12044
f 12049 12044 12050
f 12049 12050 12051
f 12049 1260 1259
f 12049 1259 1255
f 12048 12035 12047
f 12031 1304 12030
f 12034 12031 12036
f 12034 12036 12035
f 12034 12035 12032
f 12034 1307 1305
f 12034 1305 1303
f 12034 12020 12019
f 12034 12021 12020
f 12034 12022 12021
f 6340 6393 12033
f 12033 6393 12032
f 6393 6395 12032
f 12034 6396 6398
f 12031 1303 1304
f 6398 6400 12022
f 12030 1304 1264
f 6400 12023 12022
f 6400 4960 12023
f 1307 12019 1309
f 12019 12018 1309
f 1309 12018 1311
f 1239 12011 12029
f 1239 12029 1240
f 12011 12012 12028
f 6331 6329 12040
f 12041 12042 12038
f 12041 6335 6333
f 12041 6333 6331
f 12041 12026 12025
f 12041 12027 12026
f 12041 12028 12027
f 4974 6337 12024
f 12024 6337 12025
f 6337 6335 12025
f 12028 1242 12029
f 12028 1244 1242
f 11998 1226 1225
f 12029 1242 1240
f 6329 6328 12039
f 6329 12039 12040
f 1250 12038 1252
f 12038 12037 1252
f 1252 12037 1070
f 12034 12032 6395
f 12034 6398 12022
f 12034 1303 12031
f 12034 12019 1307
f 12034 6395 6396
f 11950 1166 1170
f 11955 11949 11948
f 11955 6282 6275
f 11954 11947 11953
f 11954 11948 11947
f 11953 11946 11952
f 11953 11947 11946
f 11952 11945 11951
f 11952 11946 11945
f 11951 11944 11950
f 11951 11945 11944
f 11950 11944 1166
f 11955 6275 11949
f 11949 11942 11948
f 11949 6263 11943
f 11949 6275 6263
f 11949 11943 11942
f 11948 11942 11941
f 11948 11941 11947
f 11947 11940 11946
f 11947 11941 11940
f 11946 11940 11939
f 11946 11939 11945
f 11945 11939 11938
f 11960 11955 11954
f 11965 11959 11958
f 11964 11958 11963
f 11963 11956 11962
f 11963 11958 11957
f 11963 11957 11956
f 11962 11956 1174
f 11962 1174 1178
f 11961 11955 11960
f 11961 6282 11955
f 11961 6296 6289
f 11961 6289 6282
f 11945 11938 11944
f 11960 11954 11953
f 11960 11953 11959
f 11959 11952 11958
f 11959 11953 11952
f 11958 11952 11957
f 11957 11950 11956
f 11957 11952 11951
f 11957 11951 11950
f 11956 11950 1170
f 11956 1170 1174
f 11955 11948 11954
f 11928 11929 11927
f 11934 11924 11922
f 11934 11922 11933
f 11933 11920 11932
f 11933 11922 11920
f 11932 11920 1144
f 11932 1144 1158
f 11930 11929 11928
f 11930 6234 11931
f 11930 11931 11929
f 11930 6250 6234
f 11928 11927 11926
f 11935 11926 11924
f 11926 11925 11924
f 11926 11927 11925
f 11924 11923 11922
f 11924 11925 11923
f 11922 11921 11920
f 11922 11923 11921
f 11920 1145 1144
f 11920 11921 1145
f 6316 6306 11919
f 11918 1148 1147
f 11917 11916 5026
f 11940 11933 11939
f 11944 11938 1162
f 11944 1162 1166
f 11943 6258 11937
f 11943 11937 11942
f 11943 6263 6258
f 11942 11935 11941
f 11942 11937 11936
f 11942 11936 11935
f 11941 11935 11934
f 11941 11934 11940
f 11940 11934 11933
f 11965 11958 11964
f 11939 11932 11938
f 11939 11933 11932
f 11938 11932 1158
f 11938 1158 1162
f 11937 6250 11930
f 11937 11928 11936
f 11937 11930 11928
f 11937 6258 6250
f 11936 11928 11926
f 11936 11926 11935
f 11935 11924 11934
f 11988 1364 1363
f 11990 11989 11988
f 11990 6317 11989
f 11990 11988 1362
f 11990 6245 6317
f 11989 6315 11976
f 11989 11972 11988
f 11989 6317 6315
f 11989 11974 11972
f 11989 11976 11974
f 11988 11918 1352
f 11988 1352 1364
f 11991 1362 1361
f 11988 1363 1362
f 11988 11970 11918
f 11988 11972 11970
f 6241 6243 11987
f 6243 6242 11987
f 6242 6244 11987
f 11987 6244 11986
f 6244 6246 11986
f 11985 1355 11984
f 11985 1361 1355
f 6315 11919 11976
f 6230 6229 11996
f 11998 11997 12000
f 11998 12000 11999
f 11998 11999 11995
f 11998 6233 6232
f 6238 6239 11978
f 6239 6237 11978
f 11978 6237 11979
f 6232 6231 11997
f 6231 6230 11996
f 6231 11996 11997
f 11983 1211 1191
f 6315 6316 11919
f 11995 11994 1226
f 1226 11994 1216
f 11994 1215 1216
f 11991 11990 1362
f 11991 11986 6246
f 11991 1361 11985
f 11991 6245 11990
f 11991 6246 6245
f 11991 11985 11993
f 11991 11993 11992
f 11991 11992 11986
f 11969 11962 11968
f 11975 11973 11974
f 11975 11974 11976
f 11973 11971 11972
f 11973 11964 11971
f 11973 11966 11965
f 11973 11965 11964
f 11973 11972 11974
f 11971 11969 11970
f 11971 11964 11963
f 11971 11963 11969
f 11971 11970 11972
f 11975 11966 11973
f 11969 11963 11962
f 11969 11968 11918
f 11969 11918 11970
f 11968 1148 11918
f 11968 11962 1178
f 11968 1178 1148
f 11967 11961 11966
f 11967 6296 11961
f 11966 11959 11965
f 11966 11961 11960
f 11966 11960 11959
f 11929 11931 11979
f 11984 1355 1330
f 11918 1147 1352
f 1145 11921 1191
f 11921 11923 11983
f 11921 11983 1191
f 11923 11925 11982
f 11923 11982 11983
f 11925 11927 11981
f 11925 11981 11982
f 11927 11929 11980
f 11927 11980 11981
f 7588 7586 11301
f 11929 11979 11980
f 11931 6234 11978
f 11931 11978 11979
f 6234 6238 11978
f 11977 11966 11975
f 11977 11919 6306
f 11977 11975 11976
f 11977 11967 11966
f 11977 6296 11967
f 11977 6306 6296
f 11977 11976 11919
f 10621 10614 10620
f 10626 10620 2183
f 10626 2183 2187
f 10625 5905 10619
f 10625 10619 10618
f 10625 10618 10624
f 10625 5912 5905
f 10624 10618 10617
f 10624 10617 10623
f 10623 10617 10616
f 10623 10616 10622
f 10622 10616 10615
f 10622 10615 10621
f 10627 10620 10626
f 10621 10615 10614
f 10620 10614 2179
f 10620 2179 2183
f 10619 10613 10612
f 10619 10612 10618
f 10619 5899 10613
f 10619 5905 5899
f 10618 10612 10611
f 10618 10611 10617
f 10617 10610 10616
f 10617 10611 10610
f 10631 5912 10625
f 10636 10629 10635
f 10636 10631 10630
f 10636 10630 10629
f 10635 10628 10634
f 10635 10629 10628
f 10634 10627 10633
f 10634 10628 10627
f 10633 10626 10632
f 10633 10627 10626
f 10632 10626 2187
f 10632 2187 2192
f 10616 10610 10609
f 10631 10624 10630
f 10631 5926 5919
f 10631 5919 5912
f 10631 10625 10624
f 10630 10624 10629
f 10629 10623 10622
f 10629 10622 10628
f 10629 10624 10623
f 10628 10622 10621
f 10628 10621 10627
f 10627 10621 10620
f 10601 2425 10575
f 10606 10588 10582
f 10605 10604 10589
f 10605 10589 10588
f 10604 10603 10591
f 10604 10591 10589
f 10603 10602 10584
f 10603 10584 10591
f 10602 5901 10583
f 10602 10583 10584
f 5901 5967 10583
f 10601 10577 5893
f 10606 10605 10588
f 10601 10600 2426
f 10601 5892 10600
f 10601 2426 2425
f 10601 5893 5892
f 10601 10580 10577
f 10601 10579 10580
f 10601 10575 10579
f 10600 10595 2426
f 10600 5964 10598
f 10600 10598 10595
f 10600 5892 5964
f 10611 10605 10610
f 10616 10609 10615
f 10615 10608 10614
f 10615 10609 10608
f 10614 10608 2165
f 10614 2165 2179
f 10613 10603 10612
f 10613 10602 10603
f 10613 5901 10602
f 10613 5899 5901
f 10612 10604 10611
f 10612 10603 10604
f 10637 5933 5926
f 10611 10604 10605
f 10610 10606 10609
f 10610 10605 10606
f 10609 10607 10608
f 10609 10606 10607
f 10608 2166 2165
f 10608 10607 2166
f 10592 2169 2168
f 2166 10607 2212
f 10607 10606 10582
f 10607 10582 2212
f 10659 10658 10660
f 10667 10668 10666
f 10665 2201 2202
f 10665 10666 2201
f 10663 2174 2173
f 4746 4737 10664
f 2210 10662 10663
f 2210 10663 2173
f 10662 10661 10660
f 10662 10660 10663
f 10661 10659 10660
f 10659 10657 10658
f 10667 10666 10665
f 10657 4763 10656
f 10657 10656 10658
f 4763 4762 10656
f 10655 10648 10654
f 10655 10654 10593
f 10655 10649 10648
f 10655 5940 10649
f 10655 5955 5947
f 10655 5947 5940
f 10655 10593 5955
f 10654 10647 10653
f 10675 4748 4746
f 10679 4748 10675
f 10679 4750 4748
f 10678 10674 10673
f 10678 10673 10677
f 10677 10673 10672
f 10677 10672 10676
f 10676 10672 2197
f 10676 2197 2190
f 10675 10669 10674
f 10675 4746 10671
f 10675 10671 10669
f 10654 10653 10599
f 10674 10669 10667
f 10674 10667 10673
f 10673 10665 10672
f 10673 10667 10665
f 10672 10665 2202
f 10672 2202 2197
f 10671 10670 10669
f 10671 4746 10664
f 10671 10664 10670
f 10669 10668 10667
f 10669 10670 10668
f 10642 10636 10635
f 10646 10640 10645
f 10646 10641 10640
f 10645 10638 10644
f 10645 10640 10639
f 10645 10639 10638
f 10644 10638 2195
f 10644 2195 2199
f 10643 10636 10642
f 10643 10637 10636
f 10643 5933 10637
f 10643 5940 5933
f 10647 10641 10646
f 10642 10635 10641
f 10641 10635 10640
f 10640 10633 10639
f 10640 10635 10634
f 10640 10634 10633
f 10639 10632 10638
f 10639 10633 10632
f 10638 10632 2192
f 10638 2192 2195
f 10637 10631 10636
f 10637 5926 10631
f 10651 10644 10650
f 10654 10648 10647
f 10654 10594 10593
f 10654 10599 10594
f 10653 10652 10597
f 10653 10647 10646
f 10653 10646 10652
f 10653 10597 10599
f 10652 10651 10596
f 10652 10645 10651
f 10652 10646 10645
f 10652 10596 10597
f 10598 10597 10595
f 10651 10645 10644
f 10651 10650 10592
f 10651 10592 10596
f 10650 2169 10592
f 10650 10644 2199
f 10650 2199 2169
f 10649 10642 10648
f 10649 10643 10642
f 10649 5940 10643
f 10648 10641 10647
f 10648 10642 10641
f 10558 10546 10547
f 10563 10549 10553
f 10562 10561 10548
f 10562 10548 10549
f 10561 2487 10548
f 10561 2489 2487
f 2233 10560 2231
f 10560 10559 10542
f 10560 10541 2231
f 10560 10542 10541
f 10559 10558 10542
f 10558 10557 10546
f 10558 10547 10542
f 10563 10562 10549
f 10557 10556 10546
f 10556 10555 10544
f 10556 10543 10546
f 10556 10544 10543
f 10555 4642 10544
f 4642 4641 10544
f 10552 10531 5813
f 10552 2479 10533
f 10552 5811 10551
f 10552 10549 2483
f 10552 2483 2481
f 5981 4642 10555
f 10571 10558 10559
f 10571 10557 10558
f 10571 10556 10557
f 5974 5977 10570
f 10570 5977 10569
f 5977 5978 10569
f 10568 2236 10567
f 10568 2237 2236
f 5980 5981 10556
f 10567 2236 2235
f 5981 10555 10556
f 10552 2481 2479
f 2243 10559 2245
f 10559 10560 2245
f 2245 10560 2233
f 4637 10566 10550
f 4637 10550 4638
f 10566 10565 10551
f 10566 10551 10550
f 10565 10564 10554
f 10565 10554 10551
f 10564 10563 10553
f 10564 10553 10554
f 10544 5886 10543
f 10545 5885 5884
f 10545 5884 5883
f 10545 10542 10547
f 10545 10547 10546
f 10545 10546 10543
f 10545 2224 2225
f 10545 2225 2227
f 10545 10528 10520
f 10545 10527 10528
f 10545 10522 10527
f 4641 5886 10544
f 10545 10520 2224
f 5886 5885 10543
f 10542 2229 10541
f 10542 2227 2229
f 5883 5882 10522
f 10541 2229 2231
f 5882 10521 10522
f 5882 5881 10521
f 2224 10520 2220
f 10520 10519 2220
f 2220 10519 2221
f 10540 10469 5821
f 10533 2480 10529
f 10552 10551 10554
f 10552 10554 10553
f 10552 10553 10549
f 10552 5813 5812
f 10552 5812 5811
f 10552 10535 10531
f 10552 10534 10535
f 10552 10533 10534
f 5816 5820 10530
f 10530 5820 10531
f 5820 5813 10531
f 10571 2241 2237
f 10533 2479 2480
f 5811 5810 10551
f 10529 2480 2440
f 5810 4638 10550
f 5810 10550 10551
f 2483 10549 2485
f 10549 10548 2485
f 2485 10548 2487
f 10545 10543 5885
f 10545 5883 10522
f 10545 2227 10542
f 10586 10585 2307
f 10590 10587 10589
f 10590 5968 5970
f 10590 10589 10591
f 10590 10591 10584
f 10587 10586 2306
f 10587 2296 10582
f 10587 10582 10588
f 10587 10588 10589
f 10587 2306 2305
f 10587 2305 2296
f 10586 5972 10585
f 10590 5970 10586
f 10586 5970 5971
f 10586 5971 5972
f 10586 2307 2306
f 10585 5976 10569
f 10585 10568 2308
f 10585 5972 5976
f 10585 2308 2307
f 10585 10573 10568
f 10585 10572 10573
f 10585 10569 10572
f 5967 5969 10583
f 5890 5889 10576
f 10598 5966 10594
f 10598 10594 10599
f 10598 10599 10597
f 10598 5964 5966
f 10595 10592 2414
f 10595 2414 2428
f 10595 2428 2427
f 10595 2427 2426
f 10595 10597 10596
f 10595 10596 10592
f 5888 5890 10576
f 5969 5968 10583
f 5889 5891 10576
f 10576 5891 10577
f 5891 5893 10577
f 10575 2419 10574
f 10575 2425 2419
f 5966 5955 10593
f 5966 10593 10594
f 10574 2419 2418
f 10592 2168 2414
f 10590 10586 10587
f 10590 10584 5968
f 10575 10574 2502
f 10578 10579 10575
f 10578 5958 5961
f 10578 10562 10563
f 4637 5959 10566
f 10562 2491 10561
f 10562 2493 2491
f 5961 5963 10577
f 10561 2491 2489
f 5963 5888 10576
f 5963 10576 10577
f 2500 10575 2502
f 10578 10580 10579
f 2502 10574 2418
f 10571 10569 5978
f 10571 5980 10556
f 10571 2237 10568
f 10571 10559 2243
f 10571 5978 5979
f 10571 5979 5980
f 10571 10568 10573
f 10571 10573 10572
f 10571 10572 10569
f 10571 2243 2241
f 10581 10578 10563
f 10583 5968 10584
f 5976 5975 10569
f 5975 5973 10570
f 5975 10570 10569
f 10582 2296 2212
f 5973 5974 10570
f 10568 10567 2308
f 2308 10567 2298
f 10567 2235 2298
f 10581 10566 5959
f 10581 5958 10578
f 10679 10674 10678
f 10581 5959 5957
f 10581 5957 5958
f 10581 10565 10566
f 10581 10564 10565
f 10581 10563 10564
f 10578 5961 10577
f 10578 2493 10562
f 10578 10575 2500
f 10578 2500 2497
f 10578 2497 2493
f 10578 10577 10580
f 10762 198 197
f 6086 10768 10769
f 2504 10767 2505
f 10767 10766 2505
f 2505 10766 2396
f 10763 10760 191
f 10763 10762 184
f 10763 191 10762
f 10763 184 10759
f 10763 10759 10765
f 10763 10765 10764
f 10763 10764 10760
f 10762 191 198
f 6086 6015 10768
f 10762 197 184
f 6092 6091 10761
f 10761 6091 10760
f 6091 191 10760
f 6091 6090 191
f 6090 192 189
f 6090 189 191
f 10759 2249 10758
f 10759 184 2249
f 10758 2249 2248
f 2249 184 2250
f 10770 6081 6082
f 2288 10758 2287
f 10758 2248 2287
f 10770 10752 6081
f 10770 6084 10769
f 10770 2498 10755
f 10770 10767 2504
f 10770 2504 2501
f 10770 2501 2498
f 10770 10769 10772
f 10770 10772 10771
f 10770 10771 10767
f 184 181 2250
f 10770 6082 6084
f 10770 10753 10752
f 10770 10754 10753
f 10770 10755 10754
f 4779 6080 10751
f 10751 6080 10752
f 6080 6081 10752
f 10755 2495 10756
f 10755 2498 2495
f 6084 6086 10769
f 10756 2495 2494
f 10746 10728 5985
f 179 178 10734
f 10734 178 10735
f 178 180 10735
f 10735 180 10741
f 180 195 10741
f 10740 188 10737
f 10740 194 188
f 10737 187 10736
f 10737 188 187
f 10736 186 4733
f 10736 187 186
f 2246 179 10734
f 10746 5983 10745
f 10746 2499 10730
f 10746 10743 2492
f 10746 2492 2496
f 10746 2496 2499
f 10746 10745 10748
f 10746 10748 10747
f 10746 10747 10743
f 10746 5985 5983
f 10746 10733 10728
f 10746 10732 10733
f 10753 10745 10752
f 2250 181 183
f 10757 10754 10747
f 10757 10748 10753
f 10757 10753 10754
f 10757 10747 10748
f 2494 2490 10756
f 2490 10742 10756
f 10756 10742 10755
f 10742 10743 10755
f 10755 10743 10754
f 10743 10747 10754
f 10759 10758 2288
f 10753 10748 10745
f 10752 10744 10751
f 10752 10745 10744
f 10751 4781 4779
f 10751 10744 4781
f 10750 10741 195
f 10750 194 10740
f 10750 10749 194
f 10750 195 10749
f 10750 10740 10741
f 10749 195 194
f 10793 6088 10789
f 10794 10791 2398
f 10794 10769 6019
f 10794 6018 10793
f 10794 10793 10792
f 10794 2398 10767
f 10794 10792 10791
f 10794 6019 6018
f 10794 10772 10769
f 10794 10771 10772
f 10794 10767 10771
f 10793 10789 10792
f 10795 6100 10774
f 10793 6018 6089
f 10793 6089 6088
f 10792 10789 10791
f 10791 10786 2399
f 10791 10789 10786
f 10791 2399 2398
f 10789 10788 10786
f 10789 6088 10785
f 10789 10785 10790
f 10789 10790 10788
f 10786 10783 2402
f 2134 10773 2209
f 10805 10796 10797
f 10804 10798 10803
f 10804 10797 10798
f 10803 10799 10802
f 10803 10798 10799
f 10802 10800 10801
f 10802 10799 10800
f 10801 2134 2133
f 10801 10800 2134
f 6025 6030 10795
f 2134 10800 10773
f 10786 2402 2401
f 10800 10799 10779
f 10800 10779 10773
f 10799 10798 10780
f 10799 10780 10779
f 10798 10797 10782
f 10798 10782 10780
f 10797 10796 10775
f 10797 10775 10782
f 10796 10795 10774
f 10796 10774 10775
f 10795 6030 6100
f 10776 2288 2294
f 10778 10779 10780
f 10778 2293 2286
f 10778 2286 2285
f 10777 6096 10776
f 10777 10776 2294
f 10777 6098 6097
f 10777 6097 6096
f 10777 2294 2293
f 10776 6095 10760
f 10776 10759 2288
f 10776 6096 6095
f 10778 10773 10779
f 10776 10765 10759
f 10776 10764 10765
f 10776 10760 10764
f 6100 6101 10774
f 6101 6099 10774
f 10774 6099 10775
f 6095 6094 10760
f 6094 6093 10761
f 6094 10761 10760
f 10773 2285 2209
f 6093 6092 10761
f 10766 2398 2397
f 10786 2401 2400
f 10786 2400 2399
f 10786 10788 10787
f 10786 10787 10783
f 6015 6017 10768
f 6017 6016 10768
f 10768 6016 10769
f 6016 6019 10769
f 10767 2398 10766
f 6088 6077 10784
f 6088 10784 10785
f 10746 10730 10732
f 10766 2397 2396
f 10783 2125 2402
f 10781 10777 10778
f 10781 10775 6099
f 10781 6098 10777
f 10781 10778 10780
f 10781 6099 6098
f 10781 10780 10782
f 10781 10782 10775
f 10778 10777 2293
f 10778 2285 10773
f 10699 10694 10698
f 10704 2300 2297
f 2210 2295 10662
f 2295 2303 10662
f 10657 4769 4770
f 10657 4770 4763
f 2297 2239 10702
f 2297 10702 10703
f 4768 10701 4767
f 10701 10700 4767
f 4767 10700 4766
f 10700 4764 4766
f 10704 2301 2300
f 10699 10698 10658
f 10699 10695 10694
f 10699 4758 10695
f 10699 4762 4760
f 10699 4760 4758
f 10699 10656 4762
f 10699 10658 10656
f 10698 10697 10660
f 10698 10694 10693
f 10698 10693 10697
f 10698 10660 10658
f 10709 2302 2301
f 10710 10709 4772
f 10710 2302 10709
f 10710 4769 10657
f 10710 4772 4769
f 10710 2303 2302
f 10710 10661 10662
f 10710 10659 10661
f 10710 10657 10659
f 10709 10708 4773
f 10709 2301 10708
f 10709 4773 4772
f 10697 10692 10696
f 10708 2301 10707
f 10708 10707 4773
f 10707 2301 10704
f 10707 10704 4771
f 10707 4771 4773
f 10704 2297 10703
f 10704 10701 4768
f 10704 4768 4771
f 10704 10703 10706
f 10704 10706 10705
f 10704 10705 10701
f 10684 2189 2185
f 10688 2185 2181
f 10688 10685 10684
f 10687 10683 10682
f 10687 4752 10683
f 10687 4754 4752
f 10687 10682 10686
f 10686 10682 10681
f 10686 10681 10685
f 10685 10681 10680
f 10685 10680 10684
f 10684 10680 2189
f 10688 10684 2185
f 10683 10678 10682
f 10683 10679 10678
f 10683 4750 10679
f 10683 4752 4750
f 10682 10677 10681
f 10682 10678 10677
f 10681 10676 10680
f 10681 10677 10676
f 10680 10676 2190
f 10680 2190 2189
f 10679 10675 10674
f 10693 10690 10689
f 10697 10696 10663
f 10697 10693 10692
f 10697 10663 10660
f 10696 2174 10663
f 10696 10692 2177
f 10696 2177 2174
f 10695 10690 10694
f 10695 10691 10690
f 10695 4756 10691
f 10695 4758 4756
f 10694 10690 10693
f 10710 10662 2303
f 10693 10689 10688
f 10693 10688 10692
f 10692 2181 2177
f 10692 10688 2181
f 10691 10687 10690
f 10691 4754 10687
f 10691 4756 4754
f 10690 10685 10689
f 10690 10687 10686
f 10690 10686 10685
f 10689 10685 10688
f 10731 10728 10733
f 10738 10722 10723
f 4733 6014 10736
f 10736 6014 10737
f 6012 10721 10722
f 6012 4765 10721
f 10735 2244 10734
f 10734 2244 2246
f 10725 10726 2240
f 2240 10726 2238
f 10731 10730 10713
f 10731 10712 10728
f 10738 10723 10724
f 10731 10733 10732
f 10731 10732 10730
f 10731 10720 10712
f 10731 10719 10720
f 10731 10713 10719
f 2503 10714 10729
f 2503 2423 10714
f 10729 10713 10730
f 10729 10714 10713
f 10728 10712 10727
f 10727 10711 4744
f 10739 2244 10735
f 4744 5988 10727
f 10727 5988 10728
f 5988 5985 10728
f 5983 4781 10744
f 5983 10744 10745
f 10730 2499 10729
f 10729 2499 2503
f 10743 10742 2492
f 2492 10742 2490
f 10739 10737 6014
f 10739 10738 2242
f 10727 10712 10711
f 10739 6013 10738
f 10739 6014 6013
f 10739 10735 10741
f 10739 10741 10740
f 10739 10740 10737
f 10739 2242 2244
f 10738 6012 10722
f 10738 10725 2240
f 10738 6013 6012
f 10738 2240 2242
f 10738 10724 10725
f 10715 10670 10664
f 10718 4739 4736
f 10717 2429 10716
f 10717 10716 4740
f 10717 2421 2429
f 10716 2429 10715
f 10716 10715 4741
f 10716 4741 4740
f 10715 2416 10666
f 10715 10664 4742
f 10715 2429 2416
f 10715 4742 4741
f 10718 4740 4739
f 10715 10668 10670
f 10715 10666 10668
f 2423 2422 10714
f 10714 2422 10713
f 2422 2420 10713
f 10712 4736 10711
f 10711 4736 4738
f 2416 2415 10666
f 2415 2201 10666
f 4742 10664 4743
f 10664 4737 4743
f 10722 10721 10700
f 4744 10711 4738
f 2238 10726 2239
f 10726 10725 10703
f 10726 10702 2239
f 10726 10703 10702
f 10725 10724 10706
f 10725 10706 10703
f 10724 10723 10705
f 10724 10705 10706
f 10723 10722 10701
f 10723 10701 10705
f 10540 5821 10539
f 10722 10700 10701
f 10721 4765 4764
f 10721 4764 10700
f 10718 2421 10717
f 10718 10713 2420
f 10718 4736 10712
f 10718 10717 4740
f 10718 2420 2421
f 10718 10712 10720
f 10718 10720 10719
f 10718 10719 10713
f 5807 4643 10325
f 10352 10353 10350
f 10352 2226 2219
f 10351 5807 10326
f 10351 10328 2228
f 10351 5808 5807
f 10351 2228 2226
f 10351 10329 10328
f 10351 10327 10329
f 10351 10326 10327
f 4659 5809 10349
f 10349 5809 10350
f 5807 10325 10326
f 10352 10354 10353
f 10348 2219 10347
f 10347 2219 2216
f 10328 10330 2228
f 2228 10330 2230
f 10346 10345 10343
f 10346 10268 5698
f 10346 10344 10264
f 10346 10343 10344
f 10346 5698 10345
f 10346 10266 10268
f 10346 10264 10266
f 10333 2470 2446
f 10359 2473 2472
f 10359 2472 2471
f 10359 10358 10361
f 10359 10361 10360
f 10359 10360 10356
f 10359 5703 5702
f 10359 10334 10338
f 5692 5697 10335
f 10334 2470 10333
f 10334 2471 2470
f 5702 5700 10358
f 10345 10342 10343
f 5700 4704 10357
f 5700 10357 10358
f 2473 10356 2474
f 10356 10355 2474
f 2474 10355 2488
f 10352 10350 5809
f 10352 10351 2226
f 10352 2219 10348
f 10352 5808 10351
f 10352 5809 5808
f 10352 10348 10354
f 10333 2446 2448
f 10337 10338 10334
f 5701 5699 10270
f 5699 5698 10270
f 10270 5698 10268
f 5693 5691 10336
f 10260 2465 2389
f 5691 5690 10335
f 5691 10335 10336
f 5690 5692 10335
f 10334 10333 2469
f 2469 10333 2448
f 10337 10339 10338
f 10332 10258 10331
f 10332 10331 10257
f 10332 10257 10258
f 10331 10258 10329
f 10331 10327 10257
f 10331 10329 10327
f 2232 10330 10251
f 2232 2230 10330
f 10251 10328 10252
f 10251 10330 10328
f 10252 10329 10258
f 10344 2466 2465
f 10345 5693 10337
f 10345 10341 10342
f 10345 10337 10341
f 10345 5698 5696
f 10345 5696 5695
f 10345 5695 5694
f 10345 5694 5693
f 10344 10343 10340
f 10344 2465 10260
f 10344 10340 2467
f 10344 2467 2466
f 10359 10356 2473
f 10344 10262 10264
f 10344 10260 10262
f 10343 10342 10340
f 10342 10341 10340
f 10341 10337 10340
f 10340 10337 2469
f 10340 2469 2468
f 10340 2468 2467
f 10337 5693 10336
f 10337 10334 2469
f 10337 10336 10339
f 10382 2266 2265
f 10383 10367 2257
f 10383 4657 10364
f 10383 2266 10382
f 10383 4655 4656
f 10383 4656 4657
f 10383 2257 2266
f 10383 10366 10367
f 10383 10365 10366
f 10383 10364 10365
f 10382 2265 10381
f 10382 10381 4655
f 10383 10382 4655
f 10381 10378 4655
f 10381 2265 10378
f 10378 2264 10377
f 10378 10376 4652
f 10378 4652 4654
f 10378 4654 4655
f 10378 10377 10380
f 10378 10380 10379
f 10378 10379 10376
f 10378 2265 2264
f 2215 2256 10368
f 10388 10371 10370
f 2110 2111 10391
f 10388 10370 5773
f 10388 5774 10387
f 10388 2484 10373
f 10388 10385 2477
f 10388 2477 2482
f 10388 2482 2484
f 10388 10387 10390
f 10388 10390 10389
f 10388 10389 10385
f 10388 5773 5774
f 10368 2256 10367
f 10388 10372 10371
f 10388 10373 10372
f 4702 5772 10369
f 10369 5772 10370
f 5772 5773 10370
f 5774 4688 10386
f 5774 10386 10387
f 10373 2484 10374
f 10374 2484 2486
f 10385 10384 2477
f 2477 10384 2478
f 10363 10349 10350
f 10368 10367 10347
f 10368 10347 2216
f 10367 10366 10348
f 10367 10348 10347
f 10366 10365 10354
f 10366 10354 10348
f 10365 10364 10353
f 10365 10353 10354
f 10364 10363 10350
f 10364 10350 10353
f 10363 4658 4659
f 2215 10368 2216
f 10363 4659 10349
f 10362 10335 5697
f 10362 5703 10359
f 10362 10359 10338
f 10362 5697 5704
f 10362 5704 5703
f 10362 10336 10335
f 10362 10339 10336
f 10362 10338 10339
f 10359 5702 10358
f 10359 2471 10334
f 2486 2488 10374
f 2256 2257 10367
f 10364 4657 10363
f 10363 4657 4658
f 2264 2254 10377
f 2254 2110 10377
f 4652 10376 4653
f 10376 4649 4653
f 10375 10372 10360
f 10375 10361 10371
f 10375 10371 10372
f 10375 10360 10361
f 10252 10328 10329
f 2488 10355 10374
f 10374 10355 10373
f 10355 10356 10373
f 10373 10356 10372
f 10356 10360 10372
f 10371 10358 10370
f 10371 10361 10358
f 10370 10357 10369
f 10370 10358 10357
f 10369 4704 4702
f 10369 10357 4704
f 10276 10269 10267
f 10282 5727 5722
f 10282 5722 5717
f 10281 10275 10274
f 10281 10274 10280
f 10280 10273 10279
f 10280 10274 10273
f 10279 10272 10278
f 10279 10273 10272
f 10278 10272 10271
f 10278 10271 10277
f 10277 10271 2384
f 10277 2384 2380
f 10282 10275 10281
f 10276 5712 10269
f 10276 10267 10275
f 10276 5717 5712
f 10275 10267 10265
f 10275 10265 10274
f 10274 10265 10263
f 10274 10263 10273
f 10273 10263 10261
f 10273 10261 10272
f 10272 10259 10271
f 10272 10261 10259
f 10287 10280 10286
f 10291 10284 10290
f 10291 10285 10284
f 10291 10286 10285
f 10290 10284 10283
f 10290 10283 10289
f 10289 10283 2376
f 10289 2376 2369
f 10288 5727 10282
f 10288 10281 10287
f 10288 10282 10281
f 10288 5732 5727
f 10271 10259 2388
f 10287 10281 10280
f 10286 10279 10285
f 10286 10280 10279
f 10285 10279 10278
f 10285 10278 10284
f 10284 10278 10277
f 10284 10277 10283
f 10283 10277 2380
f 10283 2380 2376
f 10282 5717 10276
f 10282 10276 10275
f 206 203 2217
f 10255 206 2217
f 10255 2217 2223
f 10255 211 220
f 10255 220 219
f 10255 219 206
f 4647 5770 10253
f 10253 5770 10254
f 5769 214 213
f 5769 213 211
f 10252 2223 10251
f 10251 2223 2232
f 10255 5769 211
f 2217 203 205
f 2113 10235 2114
f 10235 10239 10250
f 10235 10250 2114
f 10239 10240 10249
f 10239 10249 10250
f 10240 10242 10248
f 10240 10248 10249
f 10242 10237 10247
f 10242 10247 10248
f 10237 10236 10246
f 10261 10262 10260
f 10271 2388 2384
f 10269 10268 10267
f 10269 5701 10270
f 10269 10270 10268
f 10269 5712 5701
f 10267 10266 10265
f 10267 10268 10266
f 10265 10264 10263
f 10265 10266 10264
f 10263 10262 10261
f 10263 10264 10262
f 10292 10286 10291
f 10261 10260 10259
f 10259 2389 2388
f 10259 10260 2389
f 10256 10254 5770
f 10256 5769 10255
f 10256 2223 10252
f 10256 10255 2223
f 10256 5770 5769
f 10256 10252 10258
f 10256 10258 10257
f 10256 10257 10254
f 10318 5706 5753
f 10321 10315 10314
f 10320 10313 10319
f 10320 10319 10249
f 10320 10314 10313
f 10319 10313 2356
f 10319 2356 2352
f 10319 2352 2114
f 10319 10250 10249
f 10319 2114 10250
f 10318 5748 10312
f 10318 10311 10317
f 10321 10314 10320
f 10318 5753 5748
f 10318 10312 10311
f 10317 10310 10316
f 10317 10311 10310
f 10316 10309 10315
f 10316 10310 10309
f 10315 10309 10308
f 10315 10308 10314
f 10314 10308 10307
f 10314 10307 10313
f 10313 10307 2360
f 10324 10245 5709
f 10257 10327 10254
f 10327 10326 10254
f 10254 10326 10253
f 10326 10325 10253
f 10253 10325 4647
f 10325 4643 4647
f 10324 10317 10323
f 10324 10323 10245
f 10324 10318 10317
f 10324 5706 10318
f 10324 5709 5706
f 10313 2360 2356
f 10323 10322 10247
f 10323 10317 10316
f 10323 10316 10322
f 10323 10246 10245
f 10323 10247 10246
f 10322 10315 10321
f 10322 10321 10247
f 10322 10316 10315
f 10321 10320 10249
f 10321 10248 10247
f 10321 10249 10248
f 10297 10292 10291
f 10302 10295 10301
f 10302 10296 10295
f 10301 10295 2368
f 10301 2368 2364
f 10300 10293 10299
f 10300 10294 10293
f 10300 5738 10294
f 10299 10292 10298
f 10299 10293 10292
f 10298 10292 10297
f 10297 10290 10296
f 10303 10296 10302
f 10297 10291 10290
f 10296 10289 10295
f 10296 10290 10289
f 10295 10289 2369
f 10295 2369 2368
f 10294 10287 10293
f 10294 10288 10287
f 10294 5732 10288
f 10294 5738 5732
f 10293 10286 10292
f 10293 10287 10286
f 10307 10302 10301
f 10312 10306 10305
f 10312 5743 10306
f 10312 5748 5743
f 10312 10305 10311
f 10311 10305 10310
f 10310 10305 10304
f 10310 10304 10303
f 10310 10303 10309
f 10309 10302 10308
f 10309 10303 10302
f 10308 10302 10307
f 10377 10391 10392
f 10307 10301 2364
f 10307 2364 2360
f 10306 10299 10305
f 10306 10300 10299
f 10306 5738 10300
f 10306 5743 5738
f 10305 10298 10304
f 10305 10299 10298
f 10304 10297 10303
f 10304 10298 10297
f 10303 10297 10296
f 10497 10492 10491
f 10503 10496 10502
f 10502 10495 10501
f 10502 10496 10495
f 10501 10495 2325
f 10501 2325 2321
f 10500 10493 10499
f 10500 10494 10493
f 10500 5858 10494
f 10499 10492 10498
f 10499 10493 10492
f 10498 10492 10497
f 10497 10490 10496
f 10503 10497 10496
f 10497 10491 10490
f 10496 10490 10495
f 10495 10490 10489
f 10495 10489 2329
f 10495 2329 2325
f 10494 10487 10493
f 10494 10488 10487
f 10494 5850 10488
f 10494 5858 5854
f 10494 5854 5850
f 10493 10486 10492
f 10508 10501 10507
f 10513 2317 2313
f 10512 10506 10505
f 10512 5823 10506
f 10512 5824 5823
f 10512 10505 10511
f 10511 10504 10510
f 10511 10505 10504
f 10510 10503 10509
f 10510 10504 10503
f 10509 10502 10508
f 10509 10503 10502
f 10493 10487 10486
f 10508 10502 10501
f 10507 10501 2321
f 10507 2321 2317
f 10506 10499 10505
f 10506 10500 10499
f 10506 5858 10500
f 10506 5823 5858
f 10505 10498 10504
f 10505 10499 10498
f 10504 10498 10503
f 10503 10498 10497
f 10477 2338 2337
f 10482 10475 10481
f 10482 5846 5840
f 10481 10475 10474
f 10481 10474 10480
f 10480 10473 10479
f 10480 10474 10473
f 10479 10472 10478
f 10479 10473 10472
f 10478 10472 10471
f 10478 10471 10477
f 10477 10471 2338
f 10482 10476 10475
f 10476 10468 10475
f 10476 5835 10470
f 10476 10470 10468
f 10476 5840 5835
f 10475 10466 10474
f 10475 10468 10466
f 10474 10464 10473
f 10474 10466 10464
f 10473 10464 10462
f 10473 10462 10472
f 10472 10460 10471
f 10488 5850 5846
f 10492 10485 10491
f 10492 10486 10485
f 10491 10484 10490
f 10491 10485 10484
f 10490 10483 10489
f 10490 10484 10483
f 10489 2333 2329
f 10489 10483 2333
f 10488 5846 10482
f 10488 10481 10487
f 10488 10482 10481
f 10513 10507 2317
f 10487 10481 10486
f 10486 10481 10480
f 10486 10480 10479
f 10486 10479 10485
f 10485 10479 10478
f 10485 10478 10484
f 10484 10477 10483
f 10484 10478 10477
f 10483 10477 2337
f 10483 2337 2333
f 10482 5840 10476
f 10529 2440 2439
f 10532 2438 2436
f 10532 10535 10534
f 10532 10534 10533
f 10532 10533 10529
f 5822 5821 10459
f 10459 5821 10469
f 5817 5815 10531
f 10461 2431 2346
f 5815 5814 10530
f 5815 10530 10531
f 5814 5816 10530
f 10532 2437 2438
f 10526 10522 5878
f 10526 2259 10520
f 10526 5876 10525
f 10526 10525 2260
f 10526 5878 5877
f 10526 5877 5876
f 10526 10520 10528
f 10526 10528 10527
f 10526 10527 10522
f 10526 2260 2259
f 10525 10524 10523
f 10538 2436 10537
f 10540 10539 10538
f 10540 10538 10537
f 10540 10537 10465
f 10540 10467 10469
f 10540 10465 10467
f 10539 5817 10531
f 10539 10536 10538
f 10539 10531 10536
f 10539 5821 5819
f 10539 5819 5818
f 10539 5818 5817
f 10525 5874 10524
f 10538 10536 2436
f 10537 2431 10461
f 10537 2436 2435
f 10537 2435 2431
f 10537 10463 10465
f 10537 10461 10463
f 10536 10532 2436
f 10536 10535 10532
f 10536 10531 10535
f 10532 10529 2439
f 10532 2439 2437
f 10516 10509 10515
f 10518 10511 10517
f 10518 5824 10512
f 10518 10517 10450
f 10518 5830 5824
f 10518 10450 10448
f 10518 10448 5830
f 10517 10510 10516
f 10517 10452 10450
f 10517 10511 10510
f 10517 10516 10452
f 10516 10515 10454
f 10518 10512 10511
f 10516 10454 10452
f 10516 10510 10509
f 10515 10514 10456
f 10515 10509 10514
f 10515 10456 10454
f 10514 10509 10508
f 10514 10513 10458
f 10514 10508 10513
f 10514 10458 10456
f 10513 10508 10507
f 10513 2313 10458
f 10523 10455 10457
f 10525 10523 2260
f 10525 5876 5874
f 10524 5873 10449
f 10524 10453 10523
f 10524 5874 5873
f 10524 10451 10453
f 10524 10449 10451
f 10523 10457 2253
f 10523 2253 2262
f 10523 2262 2261
f 10523 2261 2260
f 10472 10462 10460
f 10523 10453 10455
f 5881 5880 10521
f 5880 5879 10521
f 5879 5878 10521
f 10521 5878 10522
f 10520 2255 10519
f 10520 2259 2255
f 5873 10447 10449
f 5873 5875 10447
f 10519 2255 2221
f 10457 2105 2253
f 10417 10412 10416
f 10422 10418 10417
f 10421 10417 10416
f 10421 10416 10420
f 10420 10416 2327
f 10420 2327 2331
f 10419 10414 10418
f 10419 10415 10414
f 10419 4665 10415
f 10419 4667 4665
f 10418 10413 10417
f 10418 10414 10413
f 10422 10417 10421
f 10417 10413 10412
f 10416 10412 2323
f 10416 2323 2327
f 10415 10411 10410
f 10415 4663 10411
f 10415 10410 10414
f 10415 4665 4663
f 10414 10409 10413
f 10414 10410 10409
f 10413 10409 10408
f 10413 10408 10412
f 10427 10422 10426
f 10431 4671 10427
f 10431 4673 4671
f 10431 10427 10426
f 10430 10425 10429
f 10430 10426 10425
f 10429 10425 10424
f 10429 10424 10428
f 10428 2335 2340
f 10428 10424 2335
f 10427 10423 10422
f 10427 4671 4669
f 10412 10408 2319
f 10427 4669 10423
f 10426 10422 10425
f 10425 10421 10424
f 10425 10422 10421
f 10424 10421 10420
f 10424 10420 2331
f 10424 2331 2335
f 10423 4667 10419
f 10423 4669 4667
f 10423 10418 10422
f 10423 10419 10418
f 10396 10387 10395
f 10399 10387 10396
f 10399 10396 10401
f 10399 10401 10400
f 10399 10400 10398
f 10399 10390 10387
f 10399 10389 10390
f 10399 10385 10389
f 2433 10384 10397
f 2433 2478 10384
f 10397 10385 10398
f 10397 10384 10385
f 10399 10398 10385
f 10395 10386 4687
f 10395 10387 10386
f 4687 10386 4688
f 4649 10376 4650
f 10376 10379 10394
f 10376 10394 4650
f 10379 10380 10393
f 10379 10393 10394
f 10380 10377 10392
f 10380 10392 10393
f 10377 2110 10391
f 10407 10393 10406
f 10412 2319 2323
f 10411 10407 10406
f 10411 4661 10407
f 10411 10406 10410
f 10411 4663 4661
f 10410 10406 10405
f 10410 10405 10409
f 10409 10404 10408
f 10409 10405 10404
f 10408 10404 2315
f 10408 2315 2319
f 10431 10426 10430
f 10407 4661 4650
f 10407 10394 10393
f 10407 4650 10394
f 10406 10392 10405
f 10406 10393 10392
f 10405 10391 10404
f 10405 10392 10391
f 10404 2111 2315
f 10404 10391 2111
f 4679 4677 10403
f 10402 2310 2309
f 10446 4680 10403
f 10453 10451 10452
f 10453 10452 10454
f 10451 10449 10450
f 10451 10450 10452
f 10449 10447 10448
f 10449 10448 10450
f 10447 5831 10448
f 10447 5875 5831
f 10446 10402 2445
f 10446 10445 4682
f 10446 2444 10445
f 10455 10454 10456
f 10446 2445 2444
f 10446 10438 10402
f 10446 10440 10438
f 10446 10403 10440
f 10446 4682 4680
f 10445 2443 10444
f 10445 10444 4683
f 10445 2444 2443
f 10445 4683 4682
f 10444 10443 4683
f 10444 2443 10443
f 10462 10461 10460
f 10471 10460 2345
f 10471 2345 2338
f 10470 5835 10459
f 10470 10469 10468
f 10470 10459 10469
f 10468 10467 10466
f 10468 10469 10467
f 10466 10465 10464
f 10466 10467 10465
f 10464 10463 10462
f 10464 10465 10463
f 10443 10442 4684
f 10462 10463 10461
f 10460 2346 2345
f 10460 10461 2346
f 5831 5830 10448
f 10458 2313 2106
f 5835 5822 10459
f 2105 10457 10458
f 2105 10458 2106
f 10457 10455 10456
f 10457 10456 10458
f 10455 10453 10454
f 10436 2343 2310
f 10441 10440 10403
f 10439 10433 10437
f 10439 10437 10438
f 10439 10434 10433
f 10439 10438 10440
f 10437 10436 10402
f 10437 10432 10436
f 10437 10433 10432
f 10437 10402 10438
f 10436 2310 10402
f 10436 10432 2343
f 10441 10434 10439
f 10435 10430 10434
f 10435 10431 10430
f 10435 4677 4675
f 10435 4675 4673
f 10435 4673 10431
f 10434 10430 10429
f 10434 10429 10433
f 10433 10428 10432
f 10433 10429 10428
f 10432 10428 2340
f 10432 2340 2343
f 2430 2445 10402
f 10443 2442 10442
f 10443 2443 2442
f 10443 4684 4683
f 10442 2434 10398
f 10442 10396 4685
f 10442 2442 2434
f 10442 4685 4684
f 10442 10401 10396
f 10442 10400 10401
f 10442 10398 10400
f 2309 2430 10402
f 10805 10797 10804
f 10403 4680 4681
f 10403 4681 4679
f 2434 10397 10398
f 2434 2433 10397
f 10396 10395 4685
f 4685 10395 4686
f 10395 4687 4686
f 10441 10403 4677
f 10441 10439 10440
f 10441 10435 10434
f 10441 4677 10435
f 11134 1807 1800
f 11120 7728 7724
f 11137 11133 11134
f 11137 11131 7725
f 11137 7727 11133
f 11137 11134 11136
f 11137 7725 7727
f 11137 11136 11138
f 11137 11138 11131
f 11134 11133 1807
f 11134 1799 11129
f 11134 11129 11135
f 11134 11135 11136
f 11120 7724 11130
f 11134 1800 1799
f 11133 7733 11132
f 11133 11132 1808
f 11133 7727 7730
f 11133 7730 7733
f 11133 1808 1807
f 11132 7735 11114
f 11132 11113 1802
f 11132 7733 7735
f 11132 1802 1808
f 11132 11118 11113
f 1751 11119 11129
f 11142 11143 11139
f 120 7619 121
f 7619 7617 121
f 7617 7615 121
f 121 7615 122
f 114 2016 112
f 114 2017 2016
f 7607 7606 11140
f 7607 11140 11141
f 112 2016 113
f 11139 2015 2014
f 11132 11117 11118
f 1751 11129 1752
f 11119 11123 11135
f 11119 11135 11129
f 11123 11124 11136
f 11123 11136 11135
f 11124 11126 11138
f 11124 11138 11136
f 11126 11121 11131
f 11126 11131 11138
f 11121 11120 11130
f 11121 11130 11131
f 11122 11124 11123
f 11127 11125 11122
f 11127 7732 7729
f 11125 11124 11122
f 11125 7731 11121
f 11125 11121 11126
f 11125 11126 11124
f 11125 7729 7731
f 11122 11119 1768
f 11122 1768 1767
f 11122 1767 1777
f 11122 1777 1776
f 11127 7729 11125
f 11122 11123 11119
f 144 7740 142
f 7740 7738 142
f 7738 7736 142
f 142 7736 143
f 136 1769 134
f 136 1770 1769
f 7731 7728 11120
f 7731 11120 11121
f 134 1769 135
f 11119 1751 1768
f 11112 1619 1801
f 11132 11114 11117
f 7724 7726 11130
f 7726 7725 11130
f 11130 7725 11131
f 7735 7737 11114
f 7737 7739 11115
f 7737 11115 11114
f 11129 1799 1752
f 7739 7741 11115
f 11113 11112 1802
f 1802 11112 1801
f 11142 11144 11143
f 11128 11127 1776
f 11128 143 7736
f 11128 1770 136
f 11128 7732 11127
f 11128 1776 1770
f 11128 7736 7734
f 11128 7734 7732
f 11128 151 143
f 11128 150 151
f 11128 136 150
f 11127 11122 1776
f 11163 1892 2069
f 11167 7612 7614
f 7603 7605 11149
f 7605 7604 11149
f 11149 7604 11150
f 7614 7616 11166
f 7616 7618 11165
f 7616 11165 11166
f 11154 2067 2033
f 7618 7620 11165
f 11164 11163 2070
f 2070 11163 2069
f 11167 11168 11164
f 11160 11158 7626
f 11160 7624 11159
f 11160 1984 11156
f 11160 11159 1984
f 11160 7626 7624
f 11160 11156 11162
f 11160 11162 11161
f 11160 11161 11158
f 11159 7624 123
f 11159 118 1988
f 11159 1988 1984
f 11171 11153 11152
f 11172 11170 11171
f 11172 11150 7604
f 11172 7608 11170
f 11172 11171 11152
f 11172 7604 7608
f 11172 11151 11150
f 11172 11152 11151
f 11171 2067 11154
f 11171 11170 2075
f 11171 2075 2068
f 11171 2068 2067
f 11159 123 132
f 11171 11154 11153
f 11170 7612 11167
f 11170 11167 2076
f 11170 2076 2075
f 11170 7608 7610
f 11170 7610 7612
f 11167 7614 11166
f 11167 11164 2070
f 11167 2070 2076
f 11167 11166 11169
f 11167 11169 11168
f 11147 7609 11145
f 11148 11147 2025
f 11148 122 7615
f 11148 2017 114
f 11148 7611 11147
f 11148 2025 2017
f 11148 7615 7613
f 11148 7613 7611
f 11148 114 129
f 11148 129 128
f 11148 128 122
f 11147 11142 2025
f 7606 7603 11149
f 11147 11145 11142
f 11147 7611 7609
f 11145 11144 11142
f 11145 7607 11141
f 11145 11141 11146
f 11145 11146 11144
f 11145 7609 7607
f 11142 11139 2014
f 11142 2014 2013
f 11142 2013 2026
f 11142 2026 2025
f 2015 11154 2033
f 11159 132 131
f 11159 131 118
f 4838 7626 11157
f 11157 7626 11158
f 7624 126 125
f 7624 125 123
f 11156 1984 11155
f 11155 1984 1981
f 118 115 1988
f 1988 115 117
f 2015 11139 11154
f 11116 11114 7743
f 11139 11143 11153
f 11139 11153 11154
f 11143 11144 11152
f 11143 11152 11153
f 11144 11146 11151
f 11144 11151 11152
f 11146 11141 11150
f 11146 11150 11151
f 11141 11140 11149
f 11141 11149 11150
f 11140 7606 11149
f 1628 11057 1629
f 11082 11084 11083
f 11082 11083 11079
f 11082 7721 7719
f 4909 7723 11071
f 11071 7723 11070
f 7719 4887 11080
f 7719 11080 11081
f 11067 1721 11066
f 11066 1721 1719
f 11079 11078 1732
f 1732 11078 1734
f 1628 11077 11057
f 11082 11081 11084
f 11077 11076 11058
f 11077 11058 11057
f 11076 11075 11061
f 11076 11061 11058
f 11075 11074 11060
f 11075 11060 11061
f 11074 11073 11056
f 11074 11056 11060
f 11073 11072 11055
f 11073 11055 11056
f 11072 4900 11055
f 11085 11070 7723
f 11090 11075 11076
f 11090 11074 11075
f 11090 11073 11074
f 4888 7718 11088
f 11088 7718 11089
f 7722 11072 11073
f 7722 4900 11072
f 11087 1636 11086
f 11086 1636 1638
f 11076 11077 1627
f 1627 11077 1628
f 4900 4899 11055
f 11085 1721 11067
f 11085 11082 1730
f 11085 7721 11082
f 11085 1730 1721
f 11085 7723 7721
f 11085 11069 11070
f 11085 11068 11069
f 11085 11067 11068
f 11082 7719 11081
f 11082 11079 1732
f 11082 1732 1730
f 11059 11058 11061
f 11064 1815 11063
f 11064 4894 4893
f 11064 1816 1815
f 11063 1815 11062
f 11063 11062 4894
f 11062 1815 11059
f 11062 11059 4895
f 11062 4895 4894
f 11059 1811 11058
f 11059 11056 4896
f 11059 4896 4895
f 11064 11063 4894
f 11059 11061 11060
f 11059 11060 11056
f 11059 1815 1814
f 11059 1814 1811
f 1766 1809 11037
f 1809 1817 11037
f 11043 4892 4891
f 11043 4891 4890
f 1811 1629 11057
f 1811 11057 11058
f 4896 11056 4897
f 11066 1719 11048
f 4909 11071 4908
f 11071 11070 11045
f 11071 11045 4908
f 11070 11069 11046
f 11070 11046 11045
f 11069 11068 11054
f 11069 11054 11046
f 11068 11067 11053
f 11068 11053 11054
f 11067 11066 11047
f 11067 11047 11053
f 11090 1627 1633
f 11066 11048 11047
f 1719 1718 11048
f 11065 11037 1817
f 11065 11064 4893
f 11065 1816 11064
f 11065 4892 11043
f 11065 4893 4892
f 11065 1817 1816
f 11065 11039 11037
f 11065 11041 11039
f 11065 11043 11041
f 11110 1720 1723
f 1625 11107 1640
f 11111 11095 7747
f 11111 7745 11110
f 11111 1723 11097
f 11111 11110 1723
f 11111 7747 7745
f 11111 11096 11095
f 11111 11098 11096
f 11111 11097 11098
f 11110 7745 145
f 11110 140 1720
f 11105 11107 1625
f 11110 145 154
f 11110 154 153
f 11110 153 140
f 4886 7747 11094
f 11094 7747 11095
f 7745 148 147
f 7745 147 145
f 11097 1723 11099
f 11099 1723 1728
f 140 137 1720
f 1720 137 139
f 11116 11104 11106
f 11116 7746 11103
f 11116 1620 11113
f 11116 11105 1623
f 11116 7743 7744
f 11116 7744 7746
f 11116 11113 11118
f 11116 11118 11117
f 11116 11117 11114
f 11116 1623 1621
f 11116 1621 1620
f 11116 11106 11105
f 11109 11093 11106
f 11116 11103 11104
f 7741 7742 11115
f 11115 7742 11114
f 7742 7743 11114
f 11113 1617 11112
f 11113 1620 1617
f 7746 7748 11103
f 11112 1617 1619
f 7748 11102 11103
f 7748 4889 11102
f 1623 11105 1625
f 11091 11089 7718
f 1728 1734 11078
f 11099 11079 11097
f 11099 11078 11079
f 11097 11083 11098
f 11097 11079 11083
f 11096 11084 11095
f 11084 11081 11095
f 11095 11081 11094
f 11081 11080 11094
f 11094 11080 4886
f 11080 4887 4886
f 1728 11078 11099
f 11091 11090 1633
f 11091 1636 11087
f 11091 7720 11090
f 11091 7718 7720
f 11091 11087 11093
f 11091 11093 11092
f 11091 11092 11089
f 11091 1633 1636
f 11090 7722 11073
f 11090 11076 1627
f 11090 7720 7722
f 11092 11103 11089
f 11109 11104 11092
f 11109 11108 11104
f 11109 11106 11108
f 11109 11092 11093
f 11108 11106 11104
f 1638 1640 11086
f 1640 11107 11086
f 11086 11107 11087
f 11107 11105 11087
f 11087 11105 11093
f 11105 11106 11093
f 11173 4835 4838
f 11092 11104 11103
f 11089 11102 11088
f 11089 11103 11102
f 11088 4889 4888
f 11088 11102 4889
f 11101 11098 11100
f 11101 11100 11096
f 11101 11096 11098
f 11100 11098 11083
f 11100 11084 11096
f 11100 11083 11084
f 11260 7558 11257
f 11262 11244 7564
f 11262 7562 11260
f 11262 11261 11247
f 11262 7564 7562
f 11262 11246 11244
f 11262 11247 11246
f 11261 1944 11251
f 11261 11260 1957
f 11261 1957 1956
f 11261 1956 1944
f 11261 11249 11247
f 11261 11251 11249
f 11262 11260 11261
f 11260 11257 1958
f 11260 1958 1957
f 11260 7562 7560
f 11260 7560 7558
f 11257 7556 11256
f 11257 11254 1959
f 11257 1959 1958
f 11257 11256 11259
f 11257 11259 11258
f 11257 11258 11254
f 11257 7558 7556
f 11267 11250 11252
f 11269 11267 2098
f 11269 7559 7561
f 11268 7563 11243
f 11268 11248 11267
f 11268 7561 7563
f 11268 11245 11248
f 11268 11243 11245
f 11267 11252 2091
f 11267 2091 2100
f 11267 2100 2099
f 11267 2099 2098
f 7565 7567 11242
f 11267 11248 11250
f 7550 7551 11265
f 7551 7553 11265
f 7553 7555 11265
f 11265 7555 11266
f 11264 2093 11263
f 11264 2097 2093
f 7563 11241 11243
f 7563 7566 11241
f 11263 2093 1863
f 11252 1923 2091
f 11239 2056 2055
f 11240 11239 4842
f 11240 11232 2057
f 11240 2056 11239
f 11240 4841 11235
f 11240 2057 2056
f 11240 11233 11232
f 11240 11234 11233
f 11240 11235 11234
f 11240 4842 4841
f 11239 2055 11238
f 11239 11238 4843
f 11241 7566 7565
f 11239 4843 4842
f 11238 2055 11237
f 11238 11237 4843
f 11237 11236 4844
f 11237 2055 11236
f 11237 4844 4843
f 11236 2051 11230
f 11236 11227 4845
f 11236 2055 2054
f 11236 2054 2051
f 11236 4845 4844
f 11252 11250 11251
f 7567 7564 11242
f 11242 7564 11244
f 7556 7554 11256
f 7554 7552 11255
f 7554 11255 11256
f 11251 1944 1924
f 7552 7549 11255
f 11254 11253 1959
f 1959 11253 1949
f 11253 1948 1949
f 1923 11252 1924
f 11269 7561 11268
f 11252 11251 1924
f 11250 11248 11249
f 11250 11249 11251
f 11248 11245 11247
f 11248 11247 11249
f 11245 11243 11244
f 11245 11244 11246
f 11245 11246 11247
f 11243 11241 11242
f 11243 11242 11244
f 11241 7565 11242
f 11284 11264 1866
f 11290 11289 11278
f 11290 11278 11279
f 11289 11288 11274
f 11289 11274 11278
f 11288 11287 11273
f 11288 11273 11274
f 11287 1975 11273
f 1975 1974 11273
f 11284 11282 7541
f 11284 7545 11266
f 11284 1869 11281
f 11291 11279 11276
f 11284 7541 7543
f 11284 7543 7545
f 11284 11281 11286
f 11284 11286 11285
f 11284 11285 11282
f 11284 1866 1867
f 11284 1867 1869
f 11284 11272 11264
f 11284 11271 11272
f 11284 11266 11271
f 4810 7540 11283
f 11296 11285 11286
f 7588 11301 11302
f 1987 11300 1990
f 11300 11299 1990
f 1990 11299 1991
f 1875 11298 11280
f 1875 11280 1873
f 11298 11297 11281
f 11298 11281 11280
f 11297 11296 11286
f 11297 11286 11281
f 11296 11295 11285
f 11283 7540 11282
f 11295 11294 11282
f 11295 11282 11285
f 11294 11293 11283
f 11294 11283 11282
f 11293 4808 4810
f 11293 4810 11283
f 4809 11292 4811
f 11292 11291 11276
f 11292 11275 4811
f 11292 11276 11275
f 11291 11290 11279
f 1972 11273 1974
f 7549 7547 11255
f 11255 7547 11256
f 7547 7546 11256
f 11254 1967 11253
f 11254 1966 1967
f 7542 7539 11276
f 11253 1967 1948
f 7539 4811 11275
f 7539 11275 11276
f 1970 11274 1972
f 11274 11273 1972
f 11277 11254 11258
f 11270 11266 7555
f 11270 2097 11264
f 11270 7559 11269
f 11270 11269 2098
f 11270 7555 7557
f 11270 7557 7559
f 11270 11264 11272
f 11270 11272 11271
f 11270 11271 11266
f 11270 2098 2097
f 11269 11268 11267
f 11277 7542 11276
f 7540 7541 11282
f 11281 1871 11280
f 11281 1869 1871
f 7545 7548 11266
f 11280 1871 1873
f 7548 11265 11266
f 7548 7550 11265
f 1866 11264 1862
f 11264 11263 1862
f 1862 11263 1863
f 11277 11256 7546
f 11236 11228 11227
f 11277 1966 11254
f 11277 11274 1970
f 11277 1970 1968
f 11277 1968 1966
f 11277 11276 11279
f 11277 11279 11278
f 11277 11278 11274
f 11277 7546 7544
f 11277 7544 7542
f 11277 11259 11256
f 11277 11258 11259
f 11193 11194 11191
f 11197 11183 11196
f 11197 11184 11183
f 11196 4837 4836
f 11196 11183 4837
f 11193 11191 7602
f 11193 11192 1982
f 11193 1986 11189
f 11193 7600 11192
f 11193 7602 7600
f 11193 11189 11195
f 11193 11195 11194
f 11198 11187 11184
f 11193 1982 1986
f 11192 7598 11174
f 11192 11176 1979
f 11192 7600 7598
f 11192 1979 1982
f 11192 11177 11176
f 11192 11175 11177
f 11192 11174 11175
f 4858 7602 11190
f 11190 7602 11191
f 7598 11173 11174
f 11203 11187 11198
f 11191 11194 11207
f 11191 11207 11208
f 11194 11195 11206
f 11194 11206 11207
f 11195 11189 11205
f 11195 11205 11206
f 11189 11188 11204
f 11189 11204 11205
f 11188 1994 11204
f 11188 1992 1994
f 11203 11199 11186
f 7598 4835 11173
f 11203 11186 11202
f 11203 11202 11187
f 11203 11198 11199
f 11202 11186 11187
f 1888 1889 11201
f 1889 11181 11201
f 11201 11181 11200
f 11181 11182 11200
f 11200 11182 11199
f 11182 11186 11199
f 11198 11184 11197
f 11179 11177 11175
f 11163 1893 1892
f 7627 4837 11183
f 7627 11183 11184
f 1897 11182 1890
f 11182 11181 1890
f 1890 11181 1889
f 11180 11162 11179
f 11180 11179 11161
f 11180 11161 11162
f 11179 11162 11177
f 11179 11175 11161
f 7625 7627 11184
f 1981 11178 11155
f 1981 1977 11178
f 11155 11176 11156
f 11155 11178 11176
f 11156 11177 11162
f 11156 11176 11177
f 11161 11175 11158
f 11175 11174 11158
f 11158 11174 11157
f 11174 11173 11157
f 11157 11173 4838
f 11185 11187 11186
f 11189 1986 11188
f 11188 1986 1992
f 11176 11178 1979
f 1979 11178 1977
f 11185 11166 7622
f 11185 7625 11184
f 11185 1894 11164
f 11185 11182 1897
f 11185 1897 1895
f 11185 1895 1894
f 11185 11184 11187
f 11190 11208 11209
f 11185 11186 11182
f 11185 7622 7623
f 11185 7623 7625
f 11185 11169 11166
f 11185 11168 11169
f 11185 11164 11168
f 7620 7621 11165
f 11165 7621 11166
f 7621 7622 11166
f 11164 1893 11163
f 11164 1894 1893
f 4849 4848 11226
f 11210 11211 11231
f 11211 11215 11230
f 11211 11230 11231
f 11215 11216 11229
f 11215 11229 11230
f 11216 11213 11228
f 11216 11228 11229
f 11213 11212 11227
f 11213 11227 11228
f 11212 4849 11226
f 11212 11226 11227
f 1880 11231 1881
f 11225 11224 4854
f 11225 11205 2002
f 11225 4856 11208
f 11225 2011 11224
f 11225 4854 4855
f 11225 4855 4856
f 11225 2002 2011
f 11225 11206 11205
f 11225 11207 11206
f 11225 11208 11207
f 11224 2010 11223
f 11226 4848 4847
f 11236 11229 11228
f 11236 11230 11229
f 2032 2049 11232
f 2049 2057 11232
f 11235 4841 4840
f 11235 4840 4839
f 2051 11231 11230
f 2051 1881 11231
f 4845 11227 4846
f 11227 11226 4846
f 4846 11226 4847
f 11224 11223 4854
f 4850 11218 11235
f 4850 11235 4839
f 11218 11221 11235
f 11221 11222 11233
f 11221 11233 11234
f 11221 11234 11235
f 11222 11219 11233
f 11219 1999 11232
f 11219 11232 11233
f 1999 2032 11232
f 1880 11210 11231
f 11214 7599 7601
f 11217 1884 1886
f 11217 7597 7599
f 11217 11198 11197
f 11217 11199 11198
f 11217 11200 11199
f 11214 7601 11213
f 11214 11211 1882
f 11214 1882 1884
f 11214 11213 11216
f 11214 11216 11215
f 11214 11215 11211
f 11217 7599 11214
f 4836 7597 11196
f 11196 7597 11197
f 7601 4849 11212
f 7601 11212 11213
f 11200 1886 11201
f 11201 1886 1888
f 11211 11210 1882
f 1882 11210 1880
f 4858 11190 11209
f 4858 11209 4857
f 11190 11191 11208
f 1994 2001 11204
f 11224 2011 2010
f 11223 11220 4854
f 11223 2010 11220
f 11220 2009 11219
f 11220 11218 4851
f 11220 4851 4853
f 11220 4853 4854
f 11220 11219 11222
f 11220 11222 11221
f 11220 11221 11218
f 11220 2010 2009
f 11056 11055 4897
f 11204 2001 11205
f 2001 2002 11205
f 11208 4856 11209
f 11209 4856 4857
f 2009 1998 11219
f 1998 1999 11219
f 4851 11218 4852
f 11218 4850 4852
f 11217 11197 7597
f 11217 1886 11200
f 11217 11214 1884
f 1645 10887 1643
f 10896 7656 7658
f 10896 1645 1649
f 10896 10886 10885
f 10896 10884 10886
f 10896 10883 10884
f 4867 7654 10894
f 10894 7654 10895
f 7658 10882 10883
f 7658 4865 10882
f 10893 1652 10892
f 10892 1652 1659
f 10885 10887 1645
f 10896 10885 1645
f 10891 10875 169
f 10891 169 10890
f 10891 162 10873
f 10891 10890 162
f 10891 10878 10875
f 10891 10877 10878
f 10891 10873 10877
f 10890 169 176
f 10890 176 175
f 10890 175 162
f 7639 7637 10874
f 10900 166 4863
f 10906 172 173
f 1746 157 10905
f 157 156 10905
f 10905 156 10904
f 156 158 10904
f 10904 158 10903
f 158 172 10903
f 10902 165 10901
f 10902 173 165
f 10901 164 10900
f 10901 165 164
f 10874 7637 10875
f 10900 164 166
f 10897 10895 7654
f 10897 10896 1649
f 10897 1652 10893
f 10897 7656 10896
f 10897 7654 7656
f 10897 10893 10899
f 10897 10899 10898
f 10897 10898 10895
f 10897 1649 1652
f 10896 7658 10883
f 10880 1704 10864
f 10867 10883 10868
f 10883 10882 10868
f 10868 10882 4864
f 10882 4865 4864
f 10881 10879 10880
f 10881 10860 7651
f 10881 7650 10879
f 10881 10880 10862
f 10881 7651 7650
f 10881 10861 10860
f 10881 10862 10861
f 10884 10883 10867
f 10880 10879 1714
f 10880 1714 1705
f 10880 1705 1704
f 10880 10863 10862
f 10880 10864 10863
f 10879 7647 10876
f 10879 10876 1715
f 10879 1715 1714
f 10879 7650 7649
f 10879 7649 7647
f 10876 7645 10875
f 10889 10888 10870
f 7637 169 10875
f 7637 7632 169
f 7632 170 167
f 7632 167 169
f 10873 1747 10872
f 10873 162 1747
f 10872 1747 1709
f 1747 162 1748
f 162 159 1748
f 1748 159 161
f 10889 10871 10888
f 10907 10902 10903
f 10889 10870 10871
f 10888 10871 10886
f 10888 10884 10870
f 10888 10886 10884
f 1647 10887 10865
f 1647 1643 10887
f 10865 10885 10866
f 10865 10887 10885
f 10866 10886 10871
f 10866 10885 10886
f 10870 10884 10867
f 10927 1835 10924
f 10929 1836 10928
f 10929 4871 4870
f 10929 4870 4869
f 10929 1827 1836
f 10929 10911 10912
f 10929 10910 10911
f 10929 10909 10910
f 10928 1835 10927
f 10928 10927 4871
f 10928 1836 1835
f 10927 10924 4871
f 10929 4869 10909
f 10924 1834 10923
f 10924 10922 4873
f 10924 4873 4872
f 10924 4872 4871
f 10924 10923 10926
f 10924 10926 10925
f 10924 10925 10922
f 10924 1835 1834
f 1662 1826 10913
f 10913 1826 10912
f 1826 1827 10912
f 10934 10933 10920
f 10939 10926 10923
f 10938 10937 10926
f 10937 10936 10922
f 10937 10925 10926
f 10937 10922 10925
f 10936 4876 10922
f 4876 4866 10922
f 4877 10935 4875
f 10935 10934 10917
f 10935 10916 4875
f 10935 10917 10916
f 10909 4869 10908
f 10934 10920 10917
f 10933 10932 10919
f 10933 10919 10920
f 10932 10931 10915
f 10932 10915 10919
f 10931 10930 10914
f 10931 10914 10915
f 10930 1684 1739
f 10930 1739 10914
f 10929 10928 4871
f 10929 10912 1827
f 10911 10899 10893
f 7655 10916 10917
f 10904 1744 10905
f 10905 1744 1746
f 10915 10914 1740
f 1740 10914 1739
f 1662 10913 1659
f 10913 10912 10892
f 10913 10892 1659
f 10912 10911 10893
f 10912 10893 10892
f 10911 10910 10899
f 7655 4875 10916
f 10910 10909 10898
f 10910 10898 10899
f 10909 10908 10895
f 10909 10895 10898
f 10908 4868 4867
f 10908 10894 10895
f 10908 4867 10894
f 10907 10903 172
f 10907 173 10902
f 10907 172 10906
f 10907 10906 173
f 10921 10902 10901
f 10908 4869 4868
f 1834 1824 10923
f 1824 1666 10923
f 4873 10922 4874
f 10922 4866 4874
f 10921 10901 7659
f 10921 1744 10904
f 10921 10918 1742
f 10921 7657 10918
f 10921 1742 1744
f 10921 7659 7657
f 10876 10873 1708
f 10921 10903 10902
f 10921 10904 10903
f 10918 7655 10917
f 10918 10915 1740
f 10918 1740 1742
f 10918 10917 10920
f 10918 10920 10919
f 10918 10919 10915
f 10918 7657 7655
f 4863 7659 10900
f 10900 7659 10901
f 10831 2156 2161
f 10836 10830 10829
f 10836 6056 10830
f 10836 6062 6056
f 10835 10829 10828
f 10835 10828 10834
f 10834 10828 10833
f 10833 10827 10832
f 10833 10828 10827
f 10832 10827 10826
f 10832 10825 10831
f 10832 10826 10825
f 10831 10825 2156
f 10836 10829 10835
f 10830 10823 10829
f 10830 6050 10824
f 10830 6056 6050
f 10830 10824 10823
f 10829 10823 10822
f 10829 10822 10828
f 10828 10821 10827
f 10828 10822 10821
f 10827 10820 10826
f 10827 10821 10820
f 10826 10820 10819
f 10839 10838 10787
f 10842 6069 6062
f 10842 10784 6077
f 10842 10785 10784
f 10841 10840 10785
f 10841 10834 10840
f 10841 10835 10834
f 10840 10833 10839
f 10840 10839 10790
f 10840 10834 10833
f 10840 10790 10785
f 10839 10833 10838
f 10826 10819 10825
f 10839 10788 10790
f 10839 10787 10788
f 10838 10831 10837
f 10838 10833 10832
f 10838 10837 10787
f 10838 10832 10831
f 10837 10831 2161
f 10837 2161 2126
f 10837 2126 2125
f 10837 10783 10787
f 10837 2125 10783
f 10811 10805 10804
f 10815 10808 10814
f 10815 10809 10808
f 10814 10807 10813
f 10814 10808 10807
f 10813 10807 2140
f 10813 2140 2142
f 10812 10806 10805
f 10812 6025 10806
f 10812 10805 10811
f 10812 6034 6025
f 10811 10804 10810
f 10816 10810 10809
f 10810 10803 10809
f 10810 10804 10803
f 10809 10803 10802
f 10809 10802 10808
f 10808 10802 10801
f 10808 10801 10807
f 10807 10801 2133
f 10807 2133 2140
f 10806 10796 10805
f 10806 6025 10795
f 10806 10795 10796
f 10821 10815 10814
f 10825 10819 2150
f 10825 2150 2156
f 10824 6042 10818
f 10824 6050 6042
f 10824 10818 10823
f 10823 10817 10822
f 10823 10818 10817
f 10822 10816 10815
f 10822 10817 10816
f 10822 10815 10821
f 10821 10814 10820
f 10842 6077 6069
f 10820 10814 10813
f 10820 10813 10819
f 10819 10813 2142
f 10819 2142 2150
f 10818 6034 10812
f 10818 10812 10811
f 10818 6042 6034
f 10818 10811 10817
f 10817 10811 10810
f 10817 10810 10816
f 10816 10809 10815
f 7631 7633 10849
f 10869 10870 10867
f 10869 1661 1655
f 10869 1655 1651
f 10869 10858 10847
f 10869 10857 10858
f 10869 10849 10857
f 4864 7628 10868
f 10868 7628 10867
f 7628 7629 10867
f 10866 1648 10865
f 10866 1651 1648
f 10869 10871 10870
f 10865 1648 1647
f 7633 10848 10849
f 7633 7638 10848
f 1661 10847 1663
f 10847 10844 1663
f 1663 10844 1664
f 1680 10843 1679
f 10843 10851 10864
f 10843 10864 1679
f 10851 10852 10863
f 10851 10863 10864
f 10864 1704 1679
f 10876 1708 1715
f 10876 10875 10878
f 10876 10878 10877
f 10876 10877 10873
f 10876 7647 7645
f 7652 7653 10859
f 7653 7651 10859
f 10859 7651 10860
f 7645 7643 10875
f 7643 7641 10874
f 7643 10874 10875
f 10852 10854 10862
f 7641 7639 10874
f 10873 10872 1708
f 1708 10872 1706
f 10872 1709 1706
f 10869 10867 7629
f 10869 7631 10849
f 10869 1651 10866
f 10869 10847 1661
f 10869 7629 7630
f 10869 7630 7631
f 10869 10866 10871
f 7642 7644 10848
f 10853 10846 10854
f 10853 10854 10852
f 10853 7634 7636
f 10850 10843 1838
f 10850 1838 1837
f 10850 1837 1847
f 10850 1847 1846
f 10850 10852 10851
f 10850 10851 10843
f 7638 7640 10848
f 7640 7642 10848
f 10853 7636 10846
f 10848 7644 10849
f 10847 1839 10844
f 10847 1840 1839
f 7636 7635 10845
f 7636 10845 10846
f 10844 1839 1664
f 10843 1680 1838
f 10842 10841 10785
f 10842 10835 10841
f 10842 10836 10835
f 10842 6062 10836
f 10856 7648 10855
f 10852 10862 10863
f 10854 10846 10861
f 10854 10861 10862
f 10846 10845 10860
f 10846 10860 10861
f 10845 7635 10859
f 10845 10859 10860
f 7635 7652 10859
f 10856 10855 1846
f 10856 10849 7644
f 10856 1840 10847
f 10939 10923 1666
f 10856 1846 1840
f 10856 7644 7646
f 10856 7646 7648
f 10856 10847 10858
f 10856 10858 10857
f 10856 10857 10849
f 10855 10850 1846
f 10855 7634 10853
f 10855 10853 10850
f 10855 7648 7634
f 10853 10852 10850
f 11014 11001 1635
f 7705 7703 11005
f 7703 7701 11005
f 11005 7701 11006
f 11004 1783 11003
f 11004 1787 1783
f 7696 7693 11018
f 7696 11018 11019
f 11003 1783 1725
f 11017 1762 1781
f 11014 11012 7711
f 11014 7715 10998
f 11014 1630 11011
f 7707 7705 11005
f 11014 7711 7713
f 11014 7713 7715
f 11014 11011 11016
f 11014 11016 11015
f 11014 11015 11012
f 11014 1635 1632
f 11014 1632 1630
f 11014 11000 11001
f 11014 10999 11000
f 11014 10998 10999
f 7706 7709 11013
f 11025 7697 7694
f 11026 1787 11004
f 11026 7697 11025
f 11026 1788 1787
f 11026 7701 7699
f 11026 7699 7697
f 11026 11009 11006
f 11026 11008 11009
f 11026 11004 11008
f 11025 11020 1788
f 11025 7694 11023
f 11025 11023 11020
f 11013 7709 11012
f 11023 11022 11020
f 11023 7696 11019
f 11023 11019 11024
f 11023 11024 11022
f 11023 7694 7696
f 11020 11017 1781
f 11020 1781 1790
f 11020 1790 1789
f 11020 1789 1788
f 11020 11022 11021
f 11020 11021 11017
f 1724 11003 1725
f 4862 7716 10996
f 10996 7716 10995
f 7716 7714 10995
f 10992 1733 10991
f 10992 1731 1733
f 7710 7708 11006
f 10991 1733 1735
f 7708 7707 11005
f 7708 11005 11006
f 1726 11004 1724
f 11004 11003 1724
f 11007 10992 10993
f 1639 11002 10984
f 1639 10984 1641
f 11002 11001 10985
f 11002 10985 10984
f 11001 11000 10990
f 11001 10990 10985
f 11000 10999 10989
f 11000 10989 10990
f 10999 10998 10986
f 10999 10986 10989
f 10998 10997 10987
f 11007 7710 11006
f 7709 7711 11012
f 11011 1631 11010
f 11011 1630 1631
f 7715 7717 10998
f 11010 1631 1634
f 7717 10997 10998
f 7717 4859 10997
f 1635 11001 1637
f 11001 11002 1637
f 1637 11002 1639
f 11007 10995 7714
f 11026 11006 7701
f 11007 1731 10992
f 11007 11004 1726
f 11007 1726 1729
f 11007 1729 1731
f 11007 11006 11009
f 11007 11009 11008
f 11007 11008 11004
f 11007 7714 7712
f 11007 7712 7710
f 11007 10994 10995
f 11007 10993 10994
f 11044 11042 11043
f 11049 11038 11040
f 1718 1784 11048
f 11048 1784 11047
f 1784 1785 11047
f 11046 4907 11045
f 11045 4907 4908
f 1792 1782 11038
f 1782 1765 11038
f 4902 11044 4903
f 11044 4901 4903
f 4901 11044 4890
f 11049 11040 11042
f 11044 11043 4890
f 11042 11040 11041
f 11042 11041 11043
f 11040 11038 11039
f 11040 11039 11041
f 11038 1765 11037
f 11038 11037 11039
f 1765 1766 11037
f 1762 11017 1763
f 11017 11021 11027
f 11017 11027 1763
f 11052 4906 4907
f 4897 11055 4898
f 11055 4899 4898
f 11052 1794 11051
f 11052 11047 1785
f 11052 4907 11046
f 11052 11051 4905
f 11052 1785 1794
f 11052 11046 11054
f 11052 11054 11053
f 11052 11053 11047
f 11052 4905 4906
f 11021 11022 11033
f 11051 1793 11050
f 11051 11050 4905
f 11051 1794 1793
f 11050 1793 11049
f 11050 11049 4905
f 11049 1792 11038
f 11049 11044 4902
f 11049 1793 1792
f 11049 4902 4904
f 11049 4904 4905
f 11049 11042 11044
f 7689 7691 11028
f 11031 11030 1821
f 11031 7692 7695
f 11031 7695 7698
f 11031 1821 1820
f 11030 7700 11012
f 11030 11011 1822
f 11030 7698 7700
f 11030 1822 1821
f 11030 11016 11011
f 11030 11015 11016
f 11030 11012 11015
f 11031 7698 11030
f 7691 7690 11028
f 11028 7690 11029
f 7700 7702 11012
f 7702 7704 11013
f 7702 11013 11012
f 11027 1810 1763
f 7704 7706 11013
f 11011 11010 1822
f 1822 11010 1812
f 11010 1634 1812
f 11026 11025 1788
f 11035 11029 7690
f 11021 11033 11027
f 11022 11024 11034
f 11022 11034 11033
f 11024 11019 11036
f 11024 11036 11034
f 11019 11018 11029
f 11019 11029 11036
f 11018 7693 11028
f 11018 11028 11029
f 7693 7689 11028
f 11035 11031 11032
f 10998 10987 10986
f 11035 7692 11031
f 11035 11032 11034
f 11035 7690 7692
f 11035 11034 11036
f 11035 11036 11029
f 11032 11031 1820
f 11032 1810 11027
f 11032 11027 11033
f 11032 11033 11034
f 11032 1820 1819
f 11032 1819 1810
f 7671 7673 10960
f 10964 7667 7669
f 10961 7671 10960
f 10961 10958 1697
f 10961 1697 1696
f 10961 10960 10963
f 10961 10963 10962
f 10961 10962 10958
f 10961 7669 7671
f 7660 7662 10946
f 7662 7661 10946
f 10946 7661 10948
f 10964 7663 7667
f 7673 7675 10959
f 7673 10959 10960
f 10955 1682 1670
f 7675 7677 10959
f 10958 10957 1697
f 1697 10957 1687
f 10957 1686 1687
f 1668 10956 1670
f 10956 10954 10955
f 10956 10955 1670
f 10954 10951 10953
f 10966 7661 7663
f 10969 7672 10970
f 10968 1825 10967
f 10968 1829 1825
f 7664 10945 10947
f 7664 7666 10945
f 10967 1825 1658
f 10956 1668 1823
f 10966 10964 10965
f 10966 10948 7661
f 10966 7663 10964
f 10966 10965 10952
f 10954 10953 10955
f 10966 10950 10948
f 10966 10952 10950
f 10965 1682 10955
f 10965 10964 1695
f 10965 1695 1694
f 10965 1694 1682
f 10965 10953 10952
f 10965 10955 10953
f 10964 7669 10961
f 10964 10961 1696
f 10964 1696 1695
f 1669 1681 10939
f 10941 10940 4883
f 10941 1690 10940
f 10941 4883 4885
f 10940 1685 10931
f 10940 10934 4880
f 10940 1690 1689
f 10940 1689 1685
f 10940 4880 4883
f 10940 10933 10934
f 10940 10932 10933
f 10940 10931 10932
f 10942 10941 4885
f 1681 1692 10939
f 10936 4881 4882
f 10936 4882 4876
f 1685 10930 10931
f 1685 1684 10930
f 4880 10934 4879
f 10934 10935 4879
f 4879 10935 4878
f 10935 4877 4878
f 1669 10939 1666
f 10939 10938 10926
f 10944 1691 10943
f 10951 10949 10950
f 10951 10950 10952
f 10951 10952 10953
f 10949 10947 10948
f 10949 10948 10950
f 10947 10945 10946
f 10947 10946 10948
f 10945 7660 10946
f 10945 7666 7660
f 10944 10943 4884
f 10944 10939 1692
f 7674 7672 10969
f 10944 4881 10936
f 10944 1692 1691
f 10944 10938 10939
f 10944 10937 10938
f 10944 10936 10937
f 10944 4884 4881
f 10943 1690 10942
f 10943 10942 4885
f 10943 1691 1690
f 10943 4885 4884
f 10942 1690 10941
f 7682 7680 10970
f 10988 10989 10986
f 10988 1653 1650
f 10988 1650 1646
f 10988 10976 10968
f 10988 10975 10976
f 10988 10970 10975
f 4861 7687 10987
f 10987 7687 10986
f 7687 7686 10986
f 10985 1644 10984
f 10985 1646 1644
f 10988 10990 10989
f 10984 1644 1641
f 7680 10969 10970
f 7680 7678 10969
f 1653 10968 1657
f 10968 10967 1657
f 1657 10967 1658
f 10981 10960 7681
f 10981 7685 10980
f 10981 1738 10958
f 10981 10978 1743
f 10981 1743 1741
f 10993 10978 10982
f 10997 4859 4861
f 10997 4861 10987
f 4862 10996 10979
f 4862 10979 4860
f 10996 10995 10980
f 10996 10980 10979
f 10995 10994 10983
f 10995 10983 10980
f 10994 10993 10983
f 10993 10992 10978
f 10993 10982 10983
f 10981 1741 1738
f 10992 10991 10977
f 10992 10977 10978
f 10991 1735 1736
f 10991 1736 10977
f 10988 10986 7686
f 10988 7682 10970
f 10988 1646 10985
f 10988 10968 1653
f 10988 7686 7684
f 10988 7684 7682
f 10988 10985 10990
f 10972 10951 10971
f 10974 7672 7670
f 10974 7670 7668
f 10974 10968 10976
f 10974 10976 10975
f 10974 10975 10970
f 10974 1830 1829
f 10973 10972 10971
f 10973 7665 10972
f 10973 10971 1830
f 10973 7668 7665
f 10972 7664 10947
f 10974 10973 1830
f 10972 7665 7664
f 10972 10949 10951
f 10972 10947 10949
f 10971 10956 1823
f 10971 1823 1832
f 10971 1832 1831
f 10971 1831 1830
f 10971 10954 10956
f 10971 10951 10954
f 7678 7676 10969
f 7676 7674 10969
f 10958 1737 10957
f 10981 10980 10983
f 10981 10983 10982
f 10981 10982 10978
f 10981 7681 7683
f 10981 7683 7685
f 10981 10963 10960
f 10981 10962 10963
f 10981 10958 10962
f 7677 7679 10959
f 10959 7679 10960
f 7679 7681 10960
f 10237 10246 10247
f 10958 1738 1737
f 7685 7688 10980
f 10957 1737 1686
f 7688 4860 10979
f 7688 10979 10980
f 1743 10978 1745
f 10978 10977 1745
f 1745 10977 1736
f 10974 10970 7672
f 10974 1829 10968
f 10974 7668 10973
f 3084 3069 3070
f 3092 3095 3096
f 3092 3094 3095
f 3092 3093 3094
f 3092 3090 3093
f 3035 3027 3091
f 3027 3030 3090
f 3088 3085 3089
f 3085 3086 3087
f 3084 3072 3052
f 3084 3080 3069
f 3084 3081 3074
f 3084 3058 3081
f 3092 3096 3086
f 3084 3070 3071
f 3084 3071 3072
f 3084 3074 3080
f 3084 3052 3058
f 3081 3058 3079
f 3081 3075 3074
f 3081 3083 3075
f 3081 3082 3083
f 3081 3079 3082
f 3042 3052 3073
f 3073 3052 3072
f 406 1578 3102
f 403 417 3107
f 403 3107 3108
f 417 416 3106
f 417 3106 3107
f 416 408 3105
f 416 3105 3106
f 408 407 3104
f 408 3104 3105
f 407 406 3102
f 407 3102 3103
f 407 3103 3104
f 3069 3080 3068
f 3097 3091 3027
f 3097 3085 3088
f 3097 3027 3092
f 3097 3092 3085
f 3097 3101 3091
f 3097 3100 3101
f 3097 3099 3100
f 3097 3098 3099
f 3097 3088 3098
f 3092 3027 3090
f 3092 3086 3085
f 333 3058 331
f 3065 3064 1501
f 3065 1501 1491
f 3064 3063 1500
f 3064 1500 1501
f 3063 3062 1488
f 3063 1488 1500
f 3062 3061 1487
f 3062 1487 1488
f 3061 3059 1487
f 3059 3060 1378
f 3059 1378 1487
f 3066 1491 1490
f 331 3058 336
f 428 3057 423
f 3058 3052 3055
f 3058 337 336
f 3058 3055 337
f 3057 3053 423
f 423 3056 424
f 423 3054 3056
f 423 3053 3054
f 3055 3052 3051
f 3053 3050 3054
f 3071 3064 3065
f 3068 3080 3067
f 3058 3078 3079
f 3058 333 3078
f 3074 3076 3077
f 3074 3075 3076
f 3042 3073 1577
f 3073 3072 3066
f 3073 3066 1577
f 3072 3071 3065
f 3072 3065 3066
f 3071 3070 3064
f 404 3108 2903
f 3070 3069 3063
f 3070 3063 3064
f 3069 3068 3062
f 3069 3062 3063
f 3068 3067 3059
f 3068 3059 3061
f 3068 3061 3062
f 3067 3060 3059
f 1577 3066 1490
f 1577 1490 1492
f 3066 3065 1491
f 3129 3146 3131
f 3150 3151 3139
f 3141 3151 3142
f 3139 3151 3141
f 3149 3150 3137
f 3137 3150 3139
f 3148 3149 3135
f 3135 3149 3137
f 3147 3148 3133
f 3133 3148 3135
f 3146 3147 3131
f 3131 3147 3133
f 3142 3152 3144
f 3145 3146 3129
f 3142 3144 3143
f 3141 3142 3140
f 3140 3142 3143
f 3139 3141 3140
f 3137 3139 3138
f 3138 3139 3140
f 3135 3137 3136
f 3136 3137 3138
f 3133 3135 3134
f 3134 3135 3136
f 3160 3164 3165
f 3150 3166 3162
f 3157 3166 3147
f 3164 3166 3154
f 3159 3166 3164
f 3162 3166 3159
f 3149 3166 3150
f 3148 3166 3149
f 3147 3166 3148
f 3154 3166 3157
f 3159 3164 3160
f 3156 3164 3154
f 3131 3133 3132
f 3165 3164 3163
f 3163 3164 3156
f 3162 3152 3151
f 3162 3151 3150
f 3161 3159 3158
f 3158 3159 3160
f 3157 3147 3146
f 3157 3146 3145
f 3153 3156 3154
f 3153 3154 3155
f 3151 3152 3142
f 3107 1525 1516
f 2588 3118 2043
f 3114 3117 3115
f 3114 3115 3116
f 3113 3112 3109
f 3112 3110 3109
f 3109 3110 3111
f 2903 3108 1513
f 2903 1513 1515
f 3108 3107 1516
f 3108 1516 1513
f 3107 3106 1525
f 3119 3114 3116
f 3106 3105 1526
f 3106 1526 1525
f 3105 3104 1519
f 3105 1519 1526
f 3104 3103 1517
f 3104 1517 1519
f 3103 3102 1517
f 3102 1520 1517
f 3102 1578 1520
f 383 404 2903
f 404 403 3108
f 3123 3126 3125
f 3132 3133 3134
f 3129 3131 3130
f 3130 3131 3132
f 3128 3129 3130
f 3123 2586 3122
f 3123 3119 3116
f 3123 3120 2587
f 3123 3112 3113
f 3123 3113 3127
f 3123 3127 3120
f 3123 3116 3126
f 3053 3049 3050
f 3123 3125 3112
f 3123 3122 3124
f 3123 3124 3119
f 3123 2591 2586
f 3123 2590 2591
f 3123 2587 2590
f 2585 3121 2584
f 2584 3121 2586
f 3121 3122 2586
f 2587 3118 2588
f 2587 3120 3118
f 2975 2976 2968
f 2984 2963 2983
f 464 2982 447
f 2983 2963 2981
f 2982 2980 2962
f 2982 2962 447
f 2981 2963 2980
f 2980 2963 2962
f 2978 2979 2971
f 2977 2978 2970
f 2970 2978 2971
f 2976 2977 2969
f 2969 2977 2970
f 2985 2963 2984
f 2968 2976 2969
f 2974 2975 2967
f 2967 2975 2968
f 2973 2974 2966
f 2966 2974 2967
f 2972 2973 2964
f 2964 2973 2965
f 2965 2973 2966
f 2963 2972 2964
f 2970 2971 2940
f 2940 2971 2941
f 2954 2993 2956
f 2995 2983 2981
f 2995 2981 2980
f 2995 2990 2998
f 2995 2998 2997
f 2995 2997 2987
f 2995 2994 2996
f 2995 2996 2992
f 2995 2961 2956
f 2995 2960 2961
f 2995 2957 2960
f 2955 2993 2954
f 2969 2970 2942
f 2993 2994 2956
f 2957 2982 2958
f 2957 2980 2982
f 2992 2988 2990
f 2958 2982 464
f 2988 2991 2989
f 2988 2989 2990
f 2983 2987 2984
f 2987 2986 2984
f 2984 2986 2985
f 2972 2963 2985
f 468 470 2952
f 2959 466 478
f 464 463 2958
f 2958 465 2957
f 2958 463 465
f 463 462 465
f 2957 465 466
f 2956 468 2954
f 2956 469 468
f 2954 468 2953
f 2954 2953 2955
f 2953 468 2952
f 2959 478 479
f 2946 2949 2944
f 2943 2949 2948
f 2939 2949 2942
f 2948 2949 2938
f 2942 2949 2951
f 2951 2949 2950
f 2950 2949 2946
f 2938 2949 2939
f 2944 2949 2943
f 2943 2948 2713
f 2711 2948 2938
f 2963 2964 2947
f 2942 2970 2940
f 2968 2969 2951
f 2951 2969 2942
f 2967 2968 2950
f 2950 2968 2951
f 2966 2967 2946
f 2946 2967 2950
f 2965 2966 2945
f 2945 2966 2946
f 2964 2965 2945
f 2947 2964 2945
f 2995 2987 2983
f 2963 2947 2962
f 2947 2944 1391
f 2947 1391 2962
f 2944 2943 1391
f 2943 1585 1391
f 2959 2957 466
f 2959 469 2956
f 2959 2956 2961
f 2959 2961 2960
f 2959 2960 2957
f 2959 479 469
f 2985 2986 2972
f 3031 3028 3027
f 3027 3029 3030
f 3027 3028 3029
f 1577 1578 406
f 3026 406 3025
f 3025 405 3024
f 3025 406 405
f 3024 412 3023
f 3024 405 412
f 3023 412 3022
f 3022 412 414
f 3032 3031 3027
f 2986 2987 3003
f 2986 3003 2972
f 2987 2997 3000
f 2987 3000 3003
f 2997 2998 3001
f 2997 3001 3000
f 2998 2990 3015
f 2998 3015 3001
f 2990 2989 3016
f 2990 3016 3015
f 2989 2991 3013
f 3043 3044 3045
f 3051 3042 3048
f 3051 3052 3042
f 3049 3047 3050
f 3049 3046 3047
f 3048 3042 3026
f 3048 3040 3044
f 3048 3026 3041
f 3048 3044 3043
f 3048 3041 3040
f 3046 3045 3047
f 3046 3043 3045
f 2989 3013 3016
f 3042 406 3026
f 3042 1577 406
f 3040 3041 3039
f 3040 3039 3038
f 3038 3037 3036
f 3038 3039 3037
f 3036 3034 3033
f 3036 3037 3034
f 3035 3032 3027
f 3033 3028 3031
f 3033 3034 3028
f 3006 3008 3009
f 3003 3011 2974
f 3008 3011 3000
f 2974 3011 2975
f 2975 3011 2976
f 2976 3011 2977
f 3000 3011 3003
f 3007 3011 3004
f 3004 3008 3006
f 3002 3008 3000
f 3010 3008 3002
f 3009 3008 3010
f 3004 3011 3008
f 3007 2979 2978
f 3007 2978 2977
f 3005 3004 3006
f 577 3004 3005
f 3003 2974 2973
f 3003 2973 2972
f 2999 3002 3000
f 2999 3000 3001
f 2995 2956 2994
f 2995 2992 2990
f 2995 2980 2957
f 3019 3018 3020
f 2991 3014 3013
f 3006 3018 578
f 580 3018 3017
f 3016 3018 3002
f 3012 3018 3013
f 3002 3018 3010
f 3010 3018 3009
f 3009 3018 3006
f 3013 3018 3016
f 3021 3018 3012
f 3020 3018 3021
f 3145 3167 3168
f 3017 3018 3019
f 579 3018 580
f 578 3018 579
f 578 577 3005
f 578 3005 3006
f 582 580 3017
f 3015 3002 2999
f 3016 3002 3015
f 3015 2999 3001
f 3012 3013 3014
f 2977 3011 3007
f 3267 3293 3265
f 3273 3286 3276
f 3288 3287 3273
f 3289 3288 3275
f 3275 3288 3273
f 3290 3289 3282
f 3282 3289 3275
f 3291 3290 3281
f 3281 3290 3282
f 3292 3291 3268
f 3268 3291 3281
f 3293 3292 3265
f 3265 3292 3268
f 3287 3286 3273
f 3292 3293 3258
f 3258 3293 3256
f 3291 3292 3259
f 3259 3292 3258
f 3290 3291 3262
f 3262 3291 3259
f 3289 3290 3263
f 3263 3290 3262
f 3288 3289 3255
f 3255 3289 3263
f 3287 3288 3254
f 3301 3299 3302
f 3296 3295 3304
f 3272 3299 3298
f 794 3299 3279
f 3296 3299 3297
f 3294 3299 795
f 3279 3299 3285
f 3285 3299 3284
f 3284 3299 3272
f 795 3299 794
f 3303 3299 3294
f 3302 3299 3303
f 3254 3288 3255
f 3297 3299 3301
f 3300 3299 3296
f 3298 3299 3300
f 3298 3271 3270
f 3298 3270 3272
f 3295 3296 3297
f 794 3279 3278
f 791 3278 792
f 794 3278 791
f 3294 795 797
f 3286 3246 3276
f 3263 3261 3255
f 3265 3266 3267
f 3248 3264 3260
f 2646 3264 3250
f 3260 3264 3261
f 3261 3264 2646
f 3250 3264 3253
f 3253 3264 3252
f 3252 3264 3248
f 3257 3261 3259
f 3255 3261 2648
f 2648 3261 2646
f 3265 3268 3266
f 3262 3261 3263
f 3259 3261 3262
f 3260 3261 3257
f 3260 2048 3247
f 3260 3247 3248
f 3258 3257 3259
f 3256 3257 3258
f 2646 3250 3249
f 2646 3249 2644
f 3254 3255 2648
f 3254 2648 2650
f 3274 3280 3275
f 3286 3287 3254
f 2650 3286 3254
f 3246 3286 2650
f 3279 3283 3277
f 3269 3283 3272
f 3280 3283 3269
f 3277 3283 3280
f 3285 3283 3279
f 3284 3283 3285
f 3272 3283 3284
f 3268 3280 3266
f 3296 3304 3305
f 3275 3280 3282
f 3282 3280 3281
f 3281 3280 3268
f 3277 3280 3274
f 3266 3280 3269
f 3277 792 3278
f 3277 3278 3279
f 3276 3274 3273
f 3273 3274 3275
f 3269 3272 3270
f 3269 3270 3271
f 3345 3205 3211
f 3352 3348 3350
f 3352 3353 3348
f 3351 3350 952
f 3350 3348 952
f 952 3349 953
f 952 3348 3349
f 1749 1750 3197
f 3347 3197 3346
f 3346 3205 3345
f 3346 3197 3205
f 3345 3211 3344
f 955 3351 952
f 3344 3211 3343
f 3343 3211 3213
f 3340 3319 3336
f 3340 3334 3315
f 3340 3336 3342
f 3340 3342 3341
f 3340 3341 3334
f 3340 3329 3319
f 3340 3328 3329
f 3340 3315 3328
f 3320 3339 3318
f 3365 3361 3360
f 3370 3368 3371
f 3370 3367 3368
f 3369 943 3366
f 3369 941 943
f 3367 3364 3368
f 3367 3363 3364
f 3366 3197 3347
f 3366 3347 3359
f 3366 943 3197
f 3366 3359 3365
f 3365 3358 3361
f 3339 3337 3318
f 3365 3359 3358
f 3363 3362 3364
f 3363 3360 3362
f 3360 3361 3362
f 943 1749 3197
f 3358 3359 3357
f 3358 3357 3356
f 3356 3355 3354
f 3356 3357 3355
f 3354 3353 3352
f 3354 3355 3353
f 3267 3266 3310
f 3305 3324 3306
f 3324 3325 3306
f 3309 3321 3310
f 3309 3323 3321
f 3322 3317 3319
f 3310 3321 3311
f 3317 3320 3318
f 3317 3318 3319
f 3316 3315 3312
f 3315 3313 3312
f 3312 3313 3314
f 3304 3324 3305
f 3267 3310 3311
f 3266 3269 3309
f 3266 3309 3310
f 3269 3271 3308
f 3269 3308 3309
f 3271 3298 3307
f 3271 3307 3308
f 3298 3300 3306
f 3298 3306 3307
f 3300 3296 3305
f 3300 3305 3306
f 3326 3323 3309
f 3318 3335 3319
f 3318 3337 3335
f 3337 3338 3335
f 3319 3335 3336
f 3315 3332 3313
f 3315 3334 3332
f 3313 3332 3331
f 3313 3331 3314
f 3331 3332 3333
f 3326 3306 3325
f 3326 3322 3319
f 3250 3251 2642
f 3326 3315 3316
f 3326 3316 3330
f 3326 3330 3323
f 3326 3319 3329
f 3326 3329 3328
f 3326 3328 3315
f 3326 3325 3327
f 3326 3327 3322
f 3326 3307 3306
f 3326 3308 3307
f 3326 3309 3308
f 2824 2606 2043
f 3195 3194 1779
f 3195 1779 1772
f 3194 3193 1780
f 3194 1780 1779
f 3193 3192 1774
f 3193 1774 1780
f 3192 3191 1773
f 3192 1773 1774
f 3191 3190 1773
f 3190 1727 1773
f 3190 1750 1727
f 3196 1772 1771
f 2824 3118 3144
f 2824 2043 3118
f 2606 2603 2043
f 2603 2600 2043
f 2600 2042 2043
f 3144 3109 3111
f 3144 3113 3109
f 3144 3127 3113
f 3144 3120 3127
f 3144 3118 3120
f 3144 3111 3143
f 3201 3194 3195
f 3206 3207 3208
f 3205 3198 3199
f 3205 3197 3198
f 3204 3203 2904
f 3204 3202 3203
f 2904 3203 2902
f 3203 3202 3196
f 3203 3196 2902
f 3202 3201 3195
f 3202 3195 3196
f 3201 3200 3194
f 3060 3184 3129
f 3200 3199 3193
f 3200 3193 3194
f 3199 3198 3192
f 3199 3192 3193
f 3198 3197 3190
f 3198 3190 3191
f 3198 3191 3192
f 3197 1750 3190
f 2902 3196 1771
f 2902 1771 1758
f 3196 3195 1772
f 3176 3174 3175
f 3185 3186 2512
f 2514 3182 2519
f 2514 3184 3182
f 3183 3181 3173
f 2519 3182 2520
f 3181 3177 3175
f 3181 3175 3173
f 3180 3169 3179
f 3169 3168 3179
f 3179 3168 3167
f 3178 3176 3177
f 2510 3185 2512
f 3176 3175 3177
f 3174 3172 3173
f 3174 3173 3175
f 3172 3155 3171
f 3172 3171 3173
f 3155 3154 3170
f 3155 3170 3171
f 3154 3157 3169
f 3154 3169 3170
f 3157 3145 3168
f 3157 3168 3169
f 3187 3169 3180
f 3060 3067 3182
f 3060 3182 3184
f 3067 2520 3182
f 3129 3167 3145
f 3129 3179 3167
f 3129 3180 3179
f 3129 3189 3180
f 3129 3184 3189
f 3187 2512 3186
f 3187 3183 3173
f 3187 3184 2514
f 3209 3207 3206
f 3187 3180 3189
f 3187 3189 3184
f 3187 3173 3171
f 3187 3171 3170
f 3187 3170 3169
f 3187 3186 3188
f 3187 3188 3183
f 3187 2525 2512
f 3187 2524 2525
f 3187 2514 2524
f 2511 3185 2510
f 3243 3242 1711
f 2655 3246 2669
f 2669 3246 2662
f 2662 3246 2660
f 2660 3246 2651
f 2651 3246 2650
f 1749 3245 1701
f 1749 1701 1703
f 3245 3244 1702
f 3245 1702 1701
f 3244 3243 1712
f 3244 1712 1702
f 3238 2655 2652
f 3243 1711 1712
f 3242 3241 1699
f 3242 1699 1711
f 3241 3240 1698
f 3241 1698 1699
f 3240 3239 1698
f 3239 3238 1671
f 3239 1671 1698
f 943 940 1749
f 940 942 3245
f 940 3245 1749
f 3248 3251 3252
f 2046 3251 3248
f 2637 3251 2632
f 2636 3251 2045
f 2632 3251 2633
f 2633 3251 2634
f 2634 3251 2635
f 2635 3251 2636
f 2640 3251 2637
f 2642 3251 2640
f 3253 3251 3250
f 3252 3251 3253
f 942 948 3244
f 2045 3251 2046
f 2642 2644 3249
f 2642 3249 3250
f 2631 2637 2632
f 2046 3248 3247
f 2047 3247 2048
f 2046 3247 2047
f 2636 2045 2044
f 1671 3238 2652
f 1671 2652 1672
f 3238 3246 2655
f 3215 3217 3212
f 3229 3230 3231
f 3229 3225 3230
f 3228 3223 3226
f 3226 3223 3227
f 3223 3224 3225
f 3221 3218 3222
f 3218 3219 3220
f 3215 3212 3211
f 3215 3207 3209
f 3215 3214 3207
f 3215 3211 3214
f 3229 3231 3232
f 3215 3216 3217
f 3215 3209 3216
f 3214 3202 3204
f 3214 3205 3199
f 3214 3201 3202
f 3214 3200 3201
f 3214 3199 3200
f 3214 3211 3205
f 3214 3204 3207
f 3213 3211 3210
f 3210 3211 3212
f 3234 3227 3223
f 942 3244 3245
f 948 949 3243
f 948 3243 3244
f 949 939 3242
f 949 3242 3243
f 939 938 3241
f 939 3241 3242
f 938 793 3239
f 938 3239 3240
f 938 3240 3241
f 793 3238 3239
f 2716 2948 2711
f 3234 3218 3221
f 3234 3223 3229
f 3234 3229 3218
f 3234 3237 3227
f 3234 3236 3237
f 3234 3235 3236
f 3234 3221 3235
f 3229 3223 3225
f 3229 3219 3218
f 3229 3233 3219
f 3229 3232 3233
f 2658 1843 1844
f 2672 1842 2654
f 2672 1844 1850
f 2672 1850 1849
f 2672 1849 1842
f 2672 2668 2658
f 2672 2667 2668
f 2672 2654 2667
f 2659 2671 2657
f 2671 2670 2657
f 2657 1843 2658
f 2657 2670 1843
f 2670 1642 1843
f 2672 2658 1844
f 2654 1841 2653
f 2654 1842 1841
f 2653 1841 1673
f 2653 1673 1672
f 1673 1841 1674
f 2665 2641 2664
f 2665 2661 2658
f 2665 2662 2647
f 2665 2654 2655
f 2665 2655 2669
f 2665 2669 2662
f 2680 1796 1804
f 1581 2685 2684
f 1579 2684 1580
f 1581 2684 1579
f 2683 1582 1583
f 2680 2678 1796
f 2680 1798 2677
f 2680 2677 2682
f 2680 2682 2681
f 2680 2681 2678
f 2680 1805 1798
f 2680 1804 1805
f 2665 2658 2668
f 1760 1759 2679
f 2679 1795 2678
f 2679 1759 1795
f 1759 1757 1795
f 2678 1795 1796
f 2677 1797 2675
f 2677 1798 1797
f 2675 1797 2674
f 2675 2674 2676
f 2674 1797 2673
f 1797 1624 2673
f 2620 2636 2618
f 2646 2645 2647
f 2644 2642 2643
f 2644 2643 2645
f 2642 2640 2641
f 2642 2641 2643
f 2640 2637 2639
f 2640 2639 2641
f 2637 2638 2639
f 2637 2631 2638
f 2636 2044 2036
f 2635 2636 2620
f 2646 2644 2645
f 2618 2636 2036
f 2634 2635 2620
f 2633 2634 2621
f 2621 2634 2620
f 2632 2633 2622
f 2622 2633 2621
f 2631 2632 2613
f 2613 2632 2622
f 2615 2631 2613
f 2615 2614 2630
f 2614 2617 2629
f 2647 2662 2660
f 2665 2668 2667
f 2665 2667 2654
f 2665 2664 2666
f 2665 2666 2661
f 2665 2643 2641
f 2665 2645 2643
f 2665 2647 2645
f 2638 2663 2639
f 2639 2663 2641
f 2663 2664 2641
f 2647 2660 2649
f 2686 2687 2688
f 2661 2656 2658
f 2649 2660 2651
f 2656 2659 2657
f 2656 2657 2658
f 2655 2654 2652
f 2654 2653 2652
f 2652 2653 1672
f 2650 2648 2649
f 2650 2649 2651
f 2648 2646 2647
f 2648 2647 2649
f 2734 2733 2720
f 2731 2736 2729
f 2721 2736 2724
f 2733 2736 2721
f 2729 2736 2733
f 2738 2736 2731
f 2737 2736 2738
f 2724 2736 2737
f 2720 2733 2718
f 2726 2733 2727
f 2727 2733 2735
f 2735 2733 2734
f 2739 2740 2741
f 2729 2733 2726
f 2718 2733 2721
f 2729 2732 2730
f 2729 2730 2731
f 2728 2726 2725
f 2725 2726 2727
f 2721 2724 2722
f 2721 2722 2723
f 2717 2720 2718
f 2717 2718 2719
f 2713 2714 1586
f 2740 2749 2743
f 2753 2746 2754
f 2744 2746 2753
f 2685 2752 2748
f 2743 2752 2691
f 2748 2752 2749
f 2749 2752 2743
f 2691 2752 2695
f 2695 2752 2694
f 2694 2752 2685
f 2745 2749 2747
f 2742 2749 2740
f 1588 2714 2700
f 2751 2749 2742
f 2750 2749 2751
f 2747 2749 2750
f 2748 2749 2745
f 2748 1580 2684
f 2748 2684 2685
f 2746 2745 2747
f 2744 2745 2746
f 2743 2691 2690
f 2743 2690 2692
f 2739 2742 2740
f 2688 2693 2699
f 2701 2702 2697
f 2698 2702 2699
f 2697 2702 2698
f 2700 2701 2683
f 2683 2701 2697
f 1583 2700 2683
f 1584 2700 1583
f 2691 2693 2689
f 1581 2693 2685
f 2687 2693 2688
f 2683 2693 1582
f 2699 2703 2688
f 2699 2693 2698
f 2698 2693 2697
f 2697 2693 2683
f 2696 2693 2687
f 2689 2693 2696
f 2695 2693 2691
f 2694 2693 2695
f 2685 2693 2694
f 1582 2693 1581
f 2689 2692 2690
f 2689 2690 2691
f 1586 2714 1587
f 2710 2714 2711
f 2704 2714 2706
f 2711 2714 2716
f 2716 2714 2715
f 2715 2714 2713
f 2706 2714 2710
f 2703 2714 2704
f 2702 2714 2703
f 2701 2714 2702
f 2700 2714 2701
f 1587 2714 1588
f 2614 2629 2630
f 1586 1585 2712
f 1586 2712 2713
f 1584 1588 2700
f 2707 2711 2708
f 2710 2711 2707
f 2707 2708 2709
f 2704 2706 2705
f 2704 2705 2688
f 2688 2705 2686
f 2703 2704 2688
f 2702 2703 2699
f 2549 2548 2550
f 2547 2548 1910
f 2530 2548 2544
f 1912 2548 2545
f 2542 2548 2528
f 2545 2548 2553
f 2553 2548 2552
f 2552 2548 2551
f 2551 2548 2542
f 1911 2548 1912
f 1910 2548 1911
f 2550 2548 2547
f 1914 2545 1906
f 2544 2548 2549
f 2528 2548 2530
f 1910 1909 2546
f 1910 2546 2547
f 1914 1912 2545
f 2532 2544 2543
f 2530 2544 2532
f 2532 2543 2534
f 2542 2528 2527
f 2541 2539 2540
f 2539 2537 2538
f 2560 2561 2562
f 2572 2570 2571
f 2572 2571 2573
f 2570 2568 2569
f 2570 2569 2571
f 2568 2566 2567
f 2568 2567 2569
f 2566 2564 2565
f 2566 2565 2567
f 2564 2560 2563
f 2564 2563 2565
f 2560 2562 2563
f 2539 2538 2540
f 2542 2527 2559
f 2551 2542 2557
f 2557 2542 2558
f 2558 2542 2559
f 2552 2551 2556
f 2556 2551 2557
f 2553 2552 2555
f 2555 2552 2556
f 2545 2553 2554
f 2554 2553 2555
f 1906 2545 2554
f 2503 2499 2417
f 2512 2506 2510
f 2512 2513 2506
f 2510 2506 2509
f 2510 2509 2511
f 2509 2506 2508
f 2506 2507 2508
f 2396 2394 2505
f 2505 2394 2504
f 2423 2503 2417
f 2394 2393 2501
f 2394 2501 2504
f 2514 2515 2516
f 2417 2502 2418
f 2417 2500 2502
f 2417 2499 2500
f 2501 2393 2498
f 2499 2496 2497
f 2499 2497 2500
f 2498 2393 2408
f 2498 2408 2495
f 2496 2493 2497
f 2496 2492 2493
f 2495 2456 2474
f 2521 2514 2516
f 2537 2535 2536
f 2537 2536 2538
f 2535 2533 2534
f 2535 2534 2536
f 2533 2531 2532
f 2533 2532 2534
f 2531 2529 2530
f 2531 2530 2532
f 2529 2526 2528
f 2529 2528 2530
f 2526 2527 2528
f 2574 2573 2559
f 2521 2513 2512
f 2521 2512 2525
f 2521 2525 2524
f 2521 2524 2514
f 2521 2523 2513
f 2521 2522 2523
f 2521 2516 2522
f 2520 2517 2519
f 2519 2515 2514
f 2519 2517 2515
f 2517 2518 2515
f 2607 2610 2593
f 2041 2619 2039
f 2041 2042 2601
f 2041 2601 2602
f 2036 2038 2618
f 2616 2595 2592
f 2617 2595 2616
f 2616 2592 2594
f 2613 2614 2615
f 2605 2610 2603
f 2600 2610 2607
f 2596 2610 2599
f 2039 2619 2038
f 2599 2610 2612
f 2612 2610 2611
f 2611 2610 2605
f 2593 2610 2596
f 2603 2610 2600
f 2600 2607 2602
f 2595 2607 2593
f 2609 2607 2595
f 2608 2607 2609
f 2602 2607 2608
f 2603 2606 2604
f 2602 2619 2041
f 2617 2616 2628
f 2617 2628 2629
f 2616 2594 2627
f 2616 2627 2628
f 2594 2593 2626
f 2594 2626 2627
f 2593 2596 2625
f 2593 2625 2626
f 2596 2598 2624
f 2596 2624 2625
f 2598 2623 2624
f 2603 2604 2605
f 2038 2619 2618
f 2617 2619 2595
f 2613 2619 2614
f 2595 2619 2609
f 2609 2619 2608
f 2608 2619 2602
f 2614 2619 2617
f 2622 2619 2613
f 2621 2619 2622
f 2620 2619 2621
f 2618 2619 2620
f 2557 2579 2556
f 2065 1898 2582
f 2578 2579 2569
f 1903 2579 2576
f 2573 2579 2558
f 2554 2579 1904
f 2576 2579 2581
f 2581 2579 2580
f 2580 2579 2578
f 1904 2579 1903
f 2555 2579 2554
f 2556 2579 2555
f 2583 2065 2582
f 2558 2579 2557
f 2571 2579 2573
f 2569 2579 2571
f 2569 2567 2577
f 2569 2577 2578
f 2559 2573 2558
f 1903 2576 2575
f 1899 2575 1900
f 1903 2575 1899
f 2554 1904 1906
f 2574 2572 2573
f 2589 2073 2066
f 2601 2600 2602
f 2042 2600 2601
f 2596 2599 2597
f 2596 2597 2598
f 2592 2595 2593
f 2592 2593 2594
f 2589 2587 2064
f 2589 2066 2586
f 2589 2586 2591
f 2589 2591 2590
f 2589 2590 2587
f 2754 2747 2755
f 2589 2072 2073
f 2589 2064 2072
f 2043 2040 2588
f 2588 2063 2587
f 2588 2040 2063
f 2040 2037 2063
f 2587 2063 2064
f 2586 2065 2584
f 2586 2066 2065
f 2584 2065 2583
f 2584 2583 2585
f 2888 2869 2854
f 2900 2887 2878
f 2899 2898 2880
f 2899 2880 2887
f 2898 2897 2883
f 2898 2883 2880
f 2897 2895 2896
f 2897 2896 2883
f 2895 2891 2894
f 2895 2894 2896
f 2891 2893 2894
f 2891 2892 2893
f 2869 2871 2852
f 2900 2899 2887
f 2854 2869 2852
f 2889 2888 2858
f 2858 2888 2854
f 2890 2889 2859
f 2859 2889 2858
f 2879 2890 2860
f 2860 2890 2859
f 2877 2879 2847
f 2847 2879 2860
f 2849 2877 2847
f 2882 2884 2880
f 1515 1580 2748
f 2903 2753 2787
f 2903 2787 2784
f 2787 2753 2801
f 2801 2753 2794
f 2794 2753 2792
f 2792 2753 2783
f 2783 2753 2719
f 2903 1515 2744
f 2903 2744 2753
f 1515 2745 2744
f 1515 2748 2745
f 2872 2884 2876
f 2902 2810 2816
f 2902 1758 2808
f 2902 2808 2810
f 1758 1760 2808
f 2816 2623 2598
f 2816 2805 2623
f 2816 2806 2805
f 2816 2815 2806
f 2816 2810 2815
f 2901 2900 2878
f 2901 2878 2877
f 2851 2856 2836
f 2865 2864 2835
f 2865 2835 2834
f 2864 2863 2850
f 2864 2850 2835
f 2863 2862 2851
f 2863 2851 2850
f 2862 2861 2848
f 2862 2848 2851
f 2861 2849 2848
f 2841 2856 2855
f 2853 2856 2854
f 2866 2834 2837
f 2847 2856 2848
f 2836 2856 2845
f 2845 2856 2844
f 2844 2856 2841
f 2848 2856 2851
f 2860 2856 2847
f 2859 2856 2860
f 2858 2856 2859
f 2854 2856 2858
f 2857 2856 2853
f 2855 2856 2857
f 2870 2884 2872
f 2878 2884 2879
f 2869 2884 2870
f 2879 2884 2890
f 2890 2884 2889
f 2889 2884 2888
f 2888 2884 2869
f 2887 2884 2878
f 2880 2884 2887
f 2886 2884 2882
f 2885 2884 2886
f 2876 2884 2885
f 383 2784 385
f 2880 2883 2881
f 2880 2881 2882
f 2877 2878 2879
f 2872 2876 2873
f 2874 2873 2875
f 2872 2873 2874
f 2869 2870 2871
f 2868 2867 2825
f 2867 2866 2837
f 2867 2837 2825
f 2866 2865 2834
f 2922 2921 2932
f 2935 1900 2575
f 2935 2575 2576
f 2933 2934 2932
f 2932 2934 2931
f 2565 2578 2577
f 2565 2577 2567
f 2927 2928 2563
f 2927 2563 2562
f 2920 2919 2933
f 2921 2920 2932
f 2932 2920 2933
f 2563 2936 2565
f 2923 2922 2931
f 2931 2922 2932
f 2924 2923 2930
f 2930 2923 2931
f 2925 2924 2929
f 2929 2924 2930
f 2926 2925 2928
f 2928 2925 2929
f 2916 2926 2927
f 2927 2926 2928
f 2562 2916 2927
f 2565 2937 2578
f 2715 2948 2716
f 2713 2948 2715
f 2944 2947 2945
f 2944 2945 2946
f 2712 2943 2713
f 1585 2943 2712
f 2939 2942 2940
f 2939 2940 2941
f 2708 2711 2938
f 2708 2938 2709
f 2576 2937 2935
f 2926 2916 2909
f 2936 2937 2565
f 2935 2937 2936
f 2581 2937 2576
f 2580 2937 2581
f 2578 2937 2580
f 2928 2936 2563
f 2934 2936 2931
f 2931 2936 2930
f 2930 2936 2929
f 2929 2936 2928
f 2935 2936 2934
f 2909 2908 2910
f 2886 2915 2885
f 2885 2915 2876
f 2908 2912 2910
f 2906 2912 2894
f 2894 2912 2896
f 2914 2912 2906
f 2913 2912 2914
f 2910 2912 2913
f 2911 2912 2908
f 2911 2875 2873
f 2911 2873 2876
f 2882 2915 2886
f 2907 2908 2909
f 2896 2882 2881
f 2896 2881 2883
f 2905 2906 2894
f 2905 2894 2893
f 2904 2902 2832
f 2904 2839 2838
f 2904 2842 2839
f 2904 2832 2842
f 2902 2816 2832
f 383 2903 2784
f 2920 2921 2905
f 2909 2916 2907
f 2925 2926 2910
f 2910 2926 2909
f 2924 2925 2913
f 2913 2925 2910
f 2923 2924 2914
f 2914 2924 2913
f 2922 2923 2906
f 2906 2923 2914
f 2921 2922 2905
f 2905 2922 2906
f 2855 2838 2840
f 2893 2920 2905
f 2919 2920 2893
f 2875 2911 2918
f 2911 2908 2918
f 2908 2907 2918
f 2907 2917 2918
f 2907 2916 2917
f 2876 2915 2911
f 2896 2915 2882
f 2911 2915 2912
f 2912 2915 2896
f 2718 2721 2781
f 2781 2792 2782
f 2781 2794 2792
f 2793 2788 2790
f 2782 2792 2783
f 2788 2791 2789
f 2788 2789 2790
f 2787 2786 2784
f 2786 2785 2784
f 2784 2785 385
f 2719 2718 2782
f 2719 2782 2783
f 2795 2796 2778
f 2718 2781 2782
f 2721 2723 2780
f 2721 2780 2781
f 2723 2770 2779
f 2723 2779 2780
f 2770 2772 2778
f 2770 2778 2779
f 2772 2768 2777
f 2772 2777 2778
f 2768 2776 2777
f 2768 2767 2776
f 2797 2787 2801
f 2802 396 393
f 2790 393 395
f 2786 391 2785
f 2786 392 391
f 2785 391 384
f 2785 384 385
f 384 391 382
f 2797 2778 2796
f 2797 2793 2790
f 2797 2794 2781
f 2797 2786 2787
f 2724 2771 2770
f 2797 2801 2794
f 2797 2790 2800
f 2797 2800 2799
f 2797 2799 2786
f 2797 2796 2798
f 2797 2798 2793
f 2797 2779 2778
f 2797 2780 2779
f 2797 2781 2780
f 2776 2795 2777
f 2777 2795 2778
f 2739 2741 2760
f 2757 2758 2727
f 2727 2758 2725
f 2756 2757 2735
f 2735 2757 2727
f 2755 2756 2734
f 2734 2756 2735
f 2754 2755 2720
f 2720 2755 2734
f 2753 2754 2717
f 2717 2754 2720
f 2719 2753 2717
f 2758 2759 2725
f 2760 2741 2761
f 2742 2739 2758
f 2759 2739 2760
f 2758 2739 2759
f 2751 2742 2757
f 2757 2742 2758
f 2750 2751 2756
f 2756 2751 2757
f 2747 2750 2755
f 2755 2750 2756
f 2746 2747 2754
f 2772 2771 2768
f 2765 2771 2731
f 2768 2771 2769
f 2762 2771 2763
f 2731 2771 2738
f 2738 2771 2737
f 2737 2771 2724
f 2763 2771 2765
f 2775 2771 2762
f 2774 2771 2775
f 2773 2771 2774
f 2769 2771 2773
f 2789 2802 393
f 2770 2771 2772
f 2770 2723 2722
f 2770 2722 2724
f 2767 2768 2769
f 2765 2731 2730
f 2766 2730 2732
f 2765 2730 2766
f 2762 2763 2764
f 2760 2761 2728
f 2759 2760 2725
f 2725 2760 2728
f 2828 2829 2821
f 2837 2827 2826
f 2837 2826 2825
f 2833 2836 2834
f 2833 2834 2835
f 2831 2832 2817
f 2817 2832 2816
f 2830 2831 2819
f 2818 2831 2817
f 2819 2831 2818
f 2829 2830 2820
f 2820 2830 2819
f 2838 2839 2840
f 2821 2829 2820
f 2827 2828 2822
f 2822 2828 2821
f 2826 2827 2823
f 2823 2827 2822
f 2824 2826 2823
f 2825 2826 2824
f 2604 2606 2824
f 2605 2604 2823
f 2823 2604 2824
f 2611 2605 2822
f 2828 2846 2829
f 2855 2840 2841
f 2852 2853 2854
f 2850 2836 2833
f 2851 2836 2850
f 2850 2833 2835
f 2847 2848 2849
f 2830 2846 2842
f 2839 2846 2843
f 2837 2846 2827
f 2843 2846 2834
f 2827 2846 2828
f 2822 2605 2823
f 2829 2846 2830
f 2834 2846 2837
f 2842 2846 2839
f 2839 2843 2841
f 2836 2843 2834
f 2845 2843 2836
f 2844 2843 2845
f 2841 2843 2844
f 2842 2832 2831
f 2842 2831 2830
f 2840 2839 2841
f 2805 2624 2623
f 2676 2811 2675
f 2675 2811 2677
f 2811 2812 2677
f 2678 2808 2679
f 2678 2810 2808
f 2809 2807 2628
f 2679 2808 1760
f 2807 2630 2629
f 2807 2629 2628
f 2806 2625 2805
f 2625 2624 2805
f 2813 2678 2681
f 2804 2790 395
f 2804 392 2786
f 2804 395 402
f 2804 402 401
f 2804 401 392
f 2804 2800 2790
f 2804 2799 2800
f 2804 2786 2799
f 2791 2803 2789
f 2803 2802 2789
f 2789 393 2790
f 2813 2809 2628
f 2612 2611 2821
f 2821 2611 2822
f 2599 2612 2820
f 2820 2612 2821
f 2597 2599 2819
f 2819 2599 2820
f 2598 2597 2817
f 2817 2597 2818
f 2818 2597 2819
f 2816 2598 2817
f 2813 2677 2812
f 3372 941 3369
f 2813 2810 2678
f 2813 2625 2806
f 2813 2806 2815
f 2813 2815 2810
f 2813 2628 2627
f 2813 2627 2626
f 2813 2626 2625
f 2813 2812 2814
f 2813 2814 2809
f 2813 2682 2677
f 2813 2681 2682
f 3968 3961 3966
f 3975 1299 3951
f 3970 3967 3961
f 3970 3956 3965
f 3970 3961 3963
f 3970 3957 3956
f 3970 3965 3967
f 3970 3974 3957
f 3970 3973 3974
f 3970 3972 3973
f 3970 3971 3972
f 3970 3963 3971
f 3969 3961 3968
f 3975 3951 3952
f 3966 3961 3967
f 3965 3956 3964
f 3964 3956 3959
f 3961 3962 3963
f 3959 3956 3960
f 3956 3957 3958
f 3949 1299 1313
f 3949 3950 3955
f 3949 3955 3954
f 3949 3954 3953
f 3949 3953 3952
f 3975 685 1299
f 3987 3988 3984
f 3986 3985 670
f 3986 670 3982
f 3985 671 670
f 3983 3981 3976
f 3983 3984 3981
f 3982 670 3980
f 3981 3979 3976
f 670 676 3980
f 3979 3977 3976
f 3976 3977 3978
f 3949 3952 3951
f 3975 690 685
f 3975 689 690
f 3975 688 689
f 3975 687 688
f 3975 686 687
f 3975 588 686
f 3975 3950 588
f 3975 3955 3950
f 3975 3954 3955
f 3975 3953 3954
f 3975 3952 3953
f 3927 3922 3912
f 3938 3844 3939
f 3844 3851 3937
f 3936 3933 3934
f 3933 3935 3932
f 3934 3933 3912
f 3934 3912 3914
f 3933 3932 3912
f 3932 3916 3912
f 3927 3921 3917
f 3927 3912 3915
f 3927 3917 3922
f 3845 3844 3938
f 3927 3931 3921
f 3927 3930 3931
f 3927 3929 3930
f 3927 3928 3929
f 3927 3915 3928
f 3922 3917 3919
f 3922 3913 3912
f 3922 3926 3913
f 3922 3925 3926
f 3922 3924 3925
f 3922 3923 3924
f 3945 3940 3933
f 3949 3951 1299
f 3949 1106 3950
f 3949 1351 1106
f 3949 1350 1351
f 3949 1349 1350
f 3949 1348 1349
f 3949 1347 1348
f 3949 1313 1347
f 3945 3939 3844
f 3945 3844 3940
f 3945 3933 3936
f 3987 3984 3983
f 3945 3948 3939
f 3945 3947 3948
f 3945 3946 3947
f 3945 3936 3946
f 3940 3844 3937
f 3940 3935 3933
f 3940 3944 3935
f 3940 3943 3944
f 3940 3942 3943
f 3940 3941 3942
f 3940 3937 3941
f 4022 1300 3987
f 3976 3978 4034
f 4030 4032 4033
f 4030 4031 4032
f 4022 4024 4016
f 4022 3987 4029
f 4022 4029 4028
f 4022 4028 4027
f 4022 4027 4026
f 4022 4026 4025
f 4022 4025 4023
f 4022 4023 4024
f 3976 4034 4035
f 4022 4021 1300
f 4022 4020 4021
f 4022 4019 4020
f 4022 4018 4019
f 4022 4017 4018
f 4022 4015 4017
f 4022 4016 4015
f 4014 1280 1300
f 4014 1023 1277
f 4014 1277 1276
f 4014 1276 1275
f 4042 4040 4024
f 4043 4041 4040
f 4043 4040 4042
f 4043 4042 4027
f 4043 4029 3987
f 4043 4028 4029
f 4043 4027 4028
f 4043 3987 3983
f 4042 4026 4027
f 4042 4025 4026
f 4042 4023 4025
f 4042 4024 4023
f 4014 1275 1274
f 4041 4039 4040
f 4041 3983 4039
f 4039 3976 4036
f 4039 4036 4030
f 4039 4030 4040
f 4039 3983 3976
f 4036 3976 4035
f 4036 4031 4030
f 4036 4038 4031
f 4036 4037 4038
f 4036 4035 4037
f 4000 3999 3961
f 4008 3996 3988
f 4008 4006 4007
f 4008 4007 3995
f 4006 4005 4007
f 4006 4004 4005
f 4004 4003 4005
f 4004 4002 4003
f 4002 4000 4001
f 4002 4001 4003
f 4000 3961 3998
f 4000 3998 4001
f 4008 3995 3996
f 3999 3962 3961
f 3961 3997 3998
f 3961 3969 3997
f 3995 3993 3994
f 3995 3994 3996
f 3993 3991 3992
f 3993 3992 3994
f 3991 3989 3990
f 3991 3990 3992
f 3989 3986 3982
f 3989 3982 3990
f 1299 685 3987
f 4014 1274 1282
f 4014 1282 1281
f 4014 1281 1280
f 4014 4016 1023
f 4014 1300 4021
f 4014 4021 4020
f 4014 4020 4019
f 4014 4019 4018
f 4014 4018 4017
f 4014 4017 4015
f 4014 4015 4016
f 3922 3919 3923
f 1299 3987 1300
f 685 684 4013
f 685 4013 4009
f 685 4009 3987
f 684 695 4012
f 684 4012 4013
f 695 4011 4012
f 695 4010 4011
f 695 704 4010
f 4009 3988 3987
f 4009 4008 3988
f 271 270 442
f 3854 3848 3855
f 452 3849 450
f 452 3853 3849
f 3852 3850 3844
f 3852 3844 3848
f 3850 3851 3844
f 450 3847 442
f 450 3849 3847
f 3848 3844 3846
f 3847 271 442
f 3844 3845 3846
f 3854 3852 3848
f 270 265 442
f 442 265 267
f 3828 3843 3829
f 3843 3842 3836
f 3843 3836 3829
f 3842 3841 3835
f 3842 3835 3836
f 3841 3840 3834
f 3841 3834 3835
f 3840 3839 3833
f 3840 3833 3834
f 3864 3862 3865
f 3873 3853 452
f 3873 3872 3853
f 3872 3860 3853
f 3872 3871 3860
f 3872 3870 3871
f 3870 3868 3869
f 3870 3869 3871
f 3868 3867 3869
f 3868 3866 3867
f 3866 3865 3867
f 3866 3864 3865
f 3839 3838 3832
f 3864 3863 508
f 3864 508 3862
f 3863 509 508
f 508 3861 3862
f 508 511 3861
f 3860 3858 3859
f 3860 3859 3853
f 3858 3856 3857
f 3858 3857 3859
f 3856 3854 3855
f 3856 3855 3857
f 3825 3792 3802
f 3749 3806 3820
f 3749 3764 3806
f 3818 3817 3829
f 3817 3828 3829
f 3817 3789 3828
f 3825 3811 3824
f 3825 3821 3792
f 3825 3822 3807
f 3825 3790 3818
f 3825 3818 3827
f 3825 3827 3822
f 3749 3820 3822
f 3825 3802 3801
f 3825 3801 3790
f 3825 3824 3826
f 3825 3826 3821
f 3825 3809 3811
f 3825 3808 3809
f 3825 3807 3808
f 3815 3823 3813
f 3813 3823 3811
f 3823 3824 3811
f 3807 3820 3805
f 3834 3833 1616
f 3839 3832 3833
f 3838 3837 3830
f 3838 3830 3831
f 3838 3831 3832
f 3837 1433 3830
f 3829 3836 1607
f 3829 1607 1373
f 3836 3835 1608
f 3836 1608 1607
f 3835 3834 1615
f 3835 1615 1608
f 3874 3875 3876
f 3834 1616 1615
f 3833 3832 1610
f 3833 1610 1616
f 3832 3831 1609
f 3832 1609 1610
f 3831 3830 1609
f 3830 1447 1609
f 3830 1433 1447
f 3749 3818 3829
f 3749 3827 3818
f 3749 3822 3827
f 3896 3890 3892
f 3899 3903 3900
f 3899 3902 3903
f 3789 3785 3828
f 3785 3787 3828
f 3787 3901 3888
f 3787 3888 3828
f 3901 3899 3890
f 3901 3890 3888
f 3899 3891 3890
f 3899 3900 3891
f 3896 3894 3874
f 3904 289 3905
f 3896 3895 3890
f 3896 3874 3895
f 3896 3898 3894
f 3896 3897 3898
f 3896 3892 3897
f 3895 3842 3888
f 3895 3879 3839
f 3895 3841 3842
f 3895 3840 3841
f 3895 3839 3840
f 3895 3874 3879
f 3911 3899 3901
f 3920 3917 3921
f 3917 3918 3919
f 3915 3912 3916
f 3912 3913 3914
f 3911 3794 3907
f 3911 3908 3899
f 3911 3901 3791
f 3911 3904 3908
f 3911 3804 3794
f 3911 3803 3804
f 3911 3791 3803
f 3895 3888 3890
f 3911 3907 3904
f 3908 3904 3906
f 3908 3902 3899
f 3908 3910 3902
f 3908 3909 3910
f 3908 3906 3909
f 3796 3907 3793
f 3793 3907 3794
f 3791 3901 3786
f 3786 3901 3787
f 3904 3905 3906
f 3882 3881 1390
f 1434 1394 1396
f 3887 3886 1395
f 3887 1395 1394
f 3886 3885 1407
f 3886 1407 1395
f 3885 3884 1406
f 3885 1406 1407
f 3884 3883 1392
f 3884 1392 1406
f 3883 3882 1390
f 3883 1390 1392
f 1434 3887 1394
f 3881 2962 1391
f 3881 1391 1390
f 1433 3837 1434
f 3837 452 1434
f 3837 3879 3880
f 3837 3873 452
f 3837 3880 3873
f 3879 3874 3878
f 3879 3878 3880
f 3874 3877 3878
f 3874 3876 3877
f 451 457 3886
f 3875 3874 3893
f 3893 3874 3894
f 3892 3890 3889
f 3889 3890 3891
f 3879 3838 3839
f 3879 3837 3838
f 3888 3843 3828
f 3888 3842 3843
f 452 449 1434
f 449 451 3887
f 449 3887 1434
f 4043 3983 4041
f 451 3886 3887
f 457 458 3885
f 457 3885 3886
f 458 448 3884
f 458 3884 3885
f 448 445 3883
f 448 3883 3884
f 445 447 3881
f 445 3881 3882
f 445 3882 3883
f 447 2962 3881
f 1184 1183 4123
f 4139 4142 4132
f 1094 4141 4138
f 4138 4141 4139
f 1197 1094 4138
f 4140 4126 1193
f 4140 1196 4130
f 4140 4130 4135
f 4140 4135 4134
f 4140 4134 4126
f 4140 1206 1196
f 4140 1205 1206
f 4140 1193 1205
f 4141 4142 4139
f 4123 1192 4126
f 4123 1183 1192
f 1183 1185 1192
f 4126 1192 1193
f 4130 1195 4131
f 4130 1196 1195
f 4131 1195 4139
f 4131 4139 4132
f 4139 1195 4138
f 1195 1197 4138
f 4133 4130 4129
f 4122 4119 4118
f 4108 4151 4107
f 4107 4151 4103
f 4150 3128 3130
f 4150 3130 3132
f 1379 4149 4104
f 4104 4149 4105
f 4110 3138 3140
f 4110 3140 3143
f 4100 4103 4109
f 4100 4109 4101
f 4148 4119 4122
f 4133 4125 4116
f 4147 4148 4125
f 4125 4148 4122
f 4146 4147 4136
f 4136 4147 4125
f 4145 4146 4129
f 4129 4146 4136
f 4144 4145 4128
f 4128 4145 4129
f 4143 4144 4132
f 4132 4144 4128
f 4142 4143 4132
f 2938 2939 4113
f 4118 2686 2705
f 4119 2686 4118
f 2705 2706 4118
f 2706 2710 4117
f 2706 4117 4118
f 2710 2707 4116
f 2710 4116 4117
f 2707 2709 4115
f 2707 4115 4116
f 2709 2938 4114
f 2709 4114 4115
f 4120 4112 4111
f 2938 4113 4114
f 2939 2941 4112
f 2939 4112 4113
f 2941 4111 4112
f 3111 3110 3143
f 3110 3112 4110
f 3110 4110 3143
f 3112 3125 4109
f 3112 4109 4110
f 3125 3126 4101
f 3125 4101 4109
f 4133 4126 4134
f 4133 4127 4126
f 4133 4113 4121
f 4133 4121 4137
f 4133 4137 4127
f 4133 4116 4115
f 4133 4115 4114
f 4133 4114 4113
f 4133 4129 4136
f 4133 4136 4125
f 4133 4135 4130
f 4133 4134 4135
f 4105 4151 4108
f 4132 4128 4131
f 4131 4128 4130
f 4128 4129 4130
f 4126 4124 4123
f 4126 4127 4124
f 4125 4122 4116
f 4123 4124 1184
f 4122 4118 4117
f 4122 4117 4116
f 4121 4113 4120
f 4113 4112 4120
f 4171 4170 4169
f 4182 2895 2897
f 2901 4180 2900
f 2900 4180 2899
f 4180 4181 2899
f 2895 4177 2891
f 2895 4179 4177
f 4178 4173 4175
f 2891 4177 2892
f 4173 4176 4174
f 4173 4174 4175
f 4172 4171 4169
f 4182 2897 2898
f 4169 4170 571
f 3416 4165 801
f 3429 4165 3412
f 803 4165 4164
f 4163 4165 3431
f 4164 4165 4168
f 4168 4165 4167
f 4167 4165 4166
f 4166 4165 4163
f 802 4165 803
f 801 4165 802
f 4182 2899 4181
f 4176 4188 4174
f 4188 4187 4174
f 4174 555 4175
f 4174 4187 555
f 4187 558 555
f 4175 555 557
f 4171 551 4170
f 4171 554 551
f 4170 551 572
f 4170 572 571
f 572 551 553
f 3420 4165 3416
f 4182 4178 4175
f 4182 4179 2895
f 4182 4171 4172
f 4182 4172 4186
f 4182 4186 4179
f 4182 4175 4185
f 4182 4185 4184
f 4182 4184 4171
f 4182 4181 4183
f 4182 4183 4178
f 4182 2898 2899
f 4153 3176 3178
f 4157 4158 4159
f 3165 4158 3160
f 3163 4158 3165
f 3156 4158 3163
f 3176 4158 3174
f 4157 3161 3158
f 4157 3158 3160
f 4154 4155 4156
f 3172 3156 3153
f 3174 3156 3172
f 3172 3153 3155
f 4159 4158 4155
f 3132 4152 4150
f 4110 4152 3138
f 4151 4152 4109
f 4149 4152 4151
f 4150 4152 4149
f 3134 4152 3132
f 3136 4152 3134
f 3138 4152 3136
f 4109 4152 4110
f 4149 4151 4105
f 4103 4151 4109
f 1378 4149 1379
f 3418 4165 3420
f 3412 4165 3418
f 3431 4165 3429
f 801 800 3414
f 801 3414 3416
f 798 803 4164
f 3427 3412 3409
f 3429 3412 3427
f 3427 3409 3411
f 4163 3431 3433
f 1378 3060 3128
f 3126 3116 4099
f 1378 4150 4149
f 1378 3128 4150
f 3060 3129 3128
f 3160 4158 4157
f 3174 4158 3156
f 4155 4158 4156
f 4153 4158 3176
f 4156 4158 4162
f 4162 4158 4161
f 4161 4158 4160
f 4160 4158 4153
f 4072 4073 4074
f 4077 4071 4069
f 4077 4069 4067
f 4076 4066 4075
f 4066 4065 4075
f 4075 4065 2121
f 4072 4067 2274
f 4072 2272 4066
f 4072 2274 2280
f 4072 2280 2279
f 4072 2279 2272
f 4072 4074 4067
f 2560 4078 2561
f 4072 4066 4073
f 4071 4070 4069
f 4070 4068 4069
f 4069 2273 4067
f 4069 4068 2273
f 4068 2222 2273
f 4067 2273 2274
f 4066 2271 4065
f 4066 2272 2271
f 4065 2271 2120
f 4065 2120 2121
f 4083 4073 4066
f 2252 2222 4044
f 2559 2527 2574
f 2574 2527 2526
f 4083 2570 4082
f 4083 4079 4067
f 4083 4080 2564
f 4083 4066 4076
f 4083 4076 4085
f 4083 4085 4080
f 4083 4067 4074
f 4083 4074 4073
f 2120 2271 2118
f 4083 4082 4084
f 4083 4084 4079
f 4083 2568 2570
f 4083 2566 2568
f 4083 2564 2566
f 2574 4081 2572
f 2572 4081 2570
f 4081 4082 2570
f 2564 4078 2560
f 2564 4080 4078
f 4079 4077 4067
f 4050 2281 4049
f 2537 2539 4054
f 4054 2539 2541
f 4051 4049 2282
f 4051 2284 4048
f 4051 4048 4053
f 4051 4053 4052
f 4051 4052 4049
f 4051 2291 2284
f 4051 2290 2291
f 4051 2282 2290
f 2205 2204 4050
f 4055 2537 4054
f 4050 2204 2281
f 2204 2206 2281
f 4049 2281 2282
f 4048 2283 4046
f 4048 2284 2283
f 4046 2283 4045
f 4046 4045 4047
f 4045 2283 4044
f 2283 2252 4044
f 3178 2776 2767
f 3177 2776 3178
f 4062 4053 4048
f 4062 4048 4061
f 4062 4058 2531
f 4062 4059 4049
f 4062 2537 4055
f 4062 4055 4064
f 4062 4064 4059
f 4062 2531 2533
f 4062 2533 2535
f 4062 2535 2537
f 4062 4061 4063
f 4062 4063 4058
f 4044 4068 4045
f 4062 4052 4053
f 4062 4049 4052
f 4047 4060 4046
f 4046 4060 4048
f 4060 4061 4048
f 4049 4057 4050
f 4049 4059 4057
f 4058 4056 2531
f 4050 4057 2205
f 4056 2526 2529
f 4056 2529 2531
f 4090 4091 4092
f 4102 4103 4099
f 4099 4100 4101
f 4096 4098 4086
f 4096 4086 4097
f 4097 4086 4087
f 4095 4096 4094
f 4094 4096 4097
f 4093 4095 4094
f 4091 4093 4092
f 4092 4093 4094
f 4089 4091 4090
f 4099 4103 4100
f 1385 4089 4088
f 4088 4089 4090
f 1377 1385 4088
f 4087 3117 3741
f 4086 3117 4087
f 3737 3741 3114
f 3114 3741 3117
f 3738 3737 3119
f 3119 3737 3114
f 3745 3738 3119
f 3734 3745 3122
f 4091 4106 4093
f 3126 4099 4101
f 3116 3115 4102
f 3116 4102 4099
f 3115 3117 4098
f 3115 4098 4102
f 3117 4086 4098
f 4105 4106 1380
f 4102 4106 4103
f 1382 4106 4089
f 4096 4106 4098
f 4089 4106 4091
f 3122 3745 3124
f 4093 4106 4095
f 4095 4106 4096
f 1381 4106 1382
f 1380 4106 1381
f 4108 4106 4105
f 4107 4106 4108
f 4103 4106 4107
f 4098 4106 4102
f 1380 1379 4104
f 1380 4104 4105
f 1385 1382 4089
f 4084 4082 4063
f 2670 2671 2674
f 2674 2671 2676
f 1642 2670 2673
f 2673 2670 2674
f 1624 1642 2673
f 2615 2638 2631
f 2630 2638 2615
f 4081 2574 4056
f 4056 2574 2526
f 4082 4081 4058
f 4058 4081 4056
f 2676 2659 2811
f 4063 4082 4058
f 4079 4084 4061
f 4061 4084 4063
f 4077 4079 4060
f 4060 4079 4061
f 4071 4077 4047
f 4047 4077 4060
f 4070 4071 4047
f 4068 4070 4045
f 4045 4070 4047
f 2222 4068 4044
f 2663 2638 2630
f 3124 3745 3119
f 3730 3734 3122
f 3724 3730 3121
f 3121 3730 3122
f 3723 3724 2585
f 2585 3724 3121
f 3721 3723 2583
f 2583 3723 2585
f 1864 3721 2582
f 2582 3721 2583
f 1898 1864 2582
f 3807 3822 3820
f 2664 2663 2809
f 2809 2663 2807
f 2807 2663 2630
f 2666 2664 2814
f 2814 2664 2809
f 2661 2666 2812
f 2812 2666 2814
f 2656 2661 2812
f 2659 2656 2811
f 2811 2656 2812
f 2671 2659 2676
f 3529 3528 3521
f 3384 3533 3378
f 3378 3533 3527
f 3378 3527 3377
f 3533 3532 3525
f 3533 3526 3527
f 3533 3525 3526
f 3532 3531 3524
f 3532 3524 3525
f 3531 3530 3523
f 3531 3523 3524
f 3530 3529 3522
f 3530 3522 3523
f 3384 3532 3533
f 3529 3521 3522
f 3528 3520 1962
f 3528 1962 3521
f 3377 3527 2020
f 3527 3526 2018
f 3527 2018 2020
f 3526 3525 2018
f 3525 3524 2021
f 3525 2021 2018
f 3524 3523 2029
f 3524 2029 2021
f 3538 3532 3384
f 3544 245 3545
f 3379 3543 3380
f 3379 3542 3543
f 3539 3537 3513
f 3539 3382 3535
f 3539 3538 3382
f 3539 3513 3538
f 3539 3541 3537
f 3539 3540 3541
f 3539 3535 3540
f 3538 3518 3529
f 3523 3522 2028
f 3538 3529 3530
f 3538 3530 3531
f 3538 3531 3532
f 3538 3513 3518
f 3538 3384 3382
f 3514 3513 3536
f 3536 3513 3537
f 3535 3382 3534
f 3534 3382 3381
f 3518 3520 3528
f 3518 3528 3529
f 3498 3497 3499
f 3507 3506 3508
f 3507 3505 3506
f 3505 3504 3506
f 3505 3503 3504
f 3503 3501 3504
f 3503 3502 758
f 3503 758 3501
f 3502 759 758
f 758 3500 3501
f 758 761 3500
f 3498 3496 3497
f 3509 3508 3510
f 3496 3494 3495
f 3496 3495 3497
f 3494 3492 3493
f 3494 3493 3495
f 3492 3490 3487
f 3492 3487 3493
f 784 3488 782
f 784 3491 3488
f 3490 3489 3468
f 3490 3468 3487
f 3489 3469 3468
f 3518 3513 3517
f 3523 2028 2029
f 3522 3521 2023
f 3522 2023 2028
f 3521 1962 2022
f 3521 2022 2023
f 1962 1976 2022
f 1962 3520 1963
f 3520 784 1963
f 3520 3518 3519
f 3520 3512 784
f 3520 3519 3512
f 3544 3545 3546
f 3518 3517 3519
f 3513 3516 3517
f 3513 3515 3516
f 3513 3514 3515
f 3512 3491 784
f 3512 3499 3491
f 3512 3511 3499
f 3511 3498 3499
f 3511 3510 3498
f 3511 3509 3510
f 3509 3507 3508
f 3457 3456 1925
f 3455 3392 3558
f 1963 3462 1928
f 3462 3461 1929
f 3462 1929 1928
f 3461 3460 1929
f 3460 3459 1930
f 3460 1930 1929
f 3459 3458 1938
f 3459 1938 1930
f 3458 3457 1939
f 3458 1939 1938
f 1908 3558 3560
f 3457 1925 1939
f 3456 3455 1926
f 3456 1926 1925
f 3455 1908 1926
f 3556 3562 3560
f 2538 3562 3553
f 3561 3562 2536
f 3559 3562 3561
f 3560 3562 3559
f 3555 3562 3556
f 3554 3562 3555
f 3573 897 3569
f 3582 3580 3581
f 3582 3581 3583
f 3580 3578 3579
f 3580 3579 3581
f 3578 3576 3577
f 3578 3577 3579
f 3576 3573 3569
f 3576 3569 3577
f 3574 3571 3570
f 3574 3575 3571
f 3573 3572 897
f 3553 3562 3554
f 3572 898 897
f 3570 3568 3563
f 3570 3571 3568
f 3569 897 3567
f 3568 3566 3563
f 897 903 3567
f 3566 3564 3563
f 3563 3564 3565
f 1908 3455 3558
f 1908 3559 1909
f 1908 3560 3559
f 3551 3334 3341
f 3403 3554 3401
f 3552 3553 3405
f 3405 3553 3403
f 3407 3552 3405
f 2540 3552 3407
f 3551 3336 3547
f 3551 3548 3379
f 3551 3383 3334
f 3551 3544 3548
f 3551 3342 3336
f 3551 3341 3342
f 3553 3554 3403
f 3551 3379 3383
f 3551 3547 3544
f 3548 3544 3546
f 3548 3542 3379
f 3548 3550 3542
f 3548 3549 3550
f 3548 3546 3549
f 3338 3547 3335
f 3335 3547 3336
f 3334 3383 3332
f 3332 3383 3333
f 2538 3552 2540
f 2536 3562 2538
f 3559 3561 2547
f 2544 3561 2536
f 2547 3561 2550
f 2550 3561 2549
f 2549 3561 2544
f 3560 3558 3557
f 3560 3557 3556
f 1909 3559 2546
f 2546 3559 2547
f 2538 3553 3552
f 782 3486 775
f 2543 2544 2536
f 2543 2536 2534
f 3557 3558 3394
f 3394 3558 3392
f 3556 3557 3397
f 3395 3557 3394
f 3397 3557 3395
f 3555 3556 3399
f 3399 3556 3397
f 3554 3555 3401
f 3401 3555 3399
f 3406 3408 3407
f 3416 3419 3420
f 3420 3419 3418
f 3418 3419 3412
f 3417 3408 3406
f 3417 3406 3404
f 800 3415 3414
f 3414 3415 3416
f 3413 3398 3396
f 3413 3396 3393
f 3409 3412 3410
f 3409 3410 3411
f 3412 3419 3410
f 3404 3406 3405
f 3405 3406 3407
f 3402 3404 3403
f 3403 3404 3405
f 3400 3402 3401
f 3401 3402 3403
f 3398 3400 3399
f 3399 3400 3401
f 3396 3398 3397
f 3397 3398 3399
f 3393 3396 3394
f 3413 3423 3424
f 3431 3429 3430
f 3431 3430 3432
f 3429 3427 3428
f 3429 3428 3430
f 3427 3411 3426
f 3427 3426 3428
f 3411 3410 3425
f 3411 3425 3426
f 3410 3413 3424
f 3410 3424 3425
f 3413 3393 3423
f 3394 3396 3395
f 3393 3422 3423
f 3404 3421 3417
f 3413 3421 3398
f 3419 3421 3410
f 3415 3421 3419
f 3417 3421 3415
f 3402 3421 3404
f 3400 3421 3402
f 3398 3421 3400
f 3410 3421 3413
f 3415 3419 3416
f 3323 3293 3321
f 3333 3384 3378
f 3383 3379 3382
f 3383 3382 3384
f 3379 3381 3382
f 3379 3380 3381
f 3378 3377 3312
f 3378 3312 3314
f 3377 3293 3316
f 3377 3316 3312
f 3316 3293 3330
f 3330 3293 3323
f 3333 3383 3384
f 3321 3293 3311
f 3311 3293 3267
f 935 934 3376
f 3376 934 3375
f 3228 3374 3223
f 934 941 3372
f 934 3372 3375
f 3374 3370 3223
f 3223 3373 3224
f 3223 3371 3373
f 3223 3370 3371
f 3385 3390 3391
f 3395 3396 3397
f 3392 3393 3394
f 3385 2124 3386
f 3385 2408 2413
f 3385 2413 2412
f 3385 2412 2411
f 3385 2411 2410
f 3385 2410 2409
f 3385 2409 2124
f 3385 2475 2408
f 3385 3391 2475
f 3433 3431 3432
f 3385 3389 3390
f 3385 3388 3389
f 3385 3387 3388
f 3385 3386 3387
f 3377 2020 3256
f 3377 3256 3293
f 2020 3257 3256
f 2020 3260 3257
f 2020 2048 3260
f 3314 3331 3378
f 3331 3333 3378
f 789 780 3457
f 3466 3463 3467
f 3463 3464 3465
f 784 781 3462
f 784 3462 1963
f 781 783 3460
f 781 3461 3462
f 781 3460 3461
f 783 790 3459
f 783 3459 3460
f 790 789 3458
f 790 3458 3459
f 3468 3469 3470
f 789 3457 3458
f 780 779 3456
f 780 3456 3457
f 779 707 3455
f 779 3455 3456
f 3455 3441 3392
f 3455 707 3438
f 3455 3438 3441
f 707 706 3438
f 3392 3422 3393
f 3392 3434 3422
f 3479 3481 3482
f 782 3488 3486
f 3487 3468 3485
f 3486 3484 775
f 3468 3473 3485
f 3484 3483 775
f 775 3483 776
f 3479 3472 3468
f 3479 3468 3474
f 3479 3463 3466
f 3479 3474 3463
f 3479 3482 3472
f 3392 3435 3434
f 3479 3480 3481
f 3479 3466 3480
f 3474 3468 3470
f 3474 3464 3463
f 3474 3478 3464
f 3474 3477 3478
f 3474 3476 3477
f 3474 3475 3476
f 3474 3470 3475
f 3473 3468 3471
f 3471 3468 3472
f 3446 3442 3445
f 3447 3424 3435
f 3447 3435 3451
f 3447 3451 3441
f 3447 3428 3426
f 3447 3426 3425
f 3447 3425 3424
f 3447 3443 3450
f 3447 3450 3439
f 3447 3449 3444
f 3447 3448 3449
f 3447 3440 3448
f 3447 3441 3440
f 3445 3442 3444
f 3442 3443 3444
f 3440 3438 3437
f 3440 3441 3438
f 3439 3436 3428
f 3437 3438 706
f 3436 3432 3430
f 3436 3430 3428
f 3435 3424 3434
f 3424 3423 3434
f 3434 3423 3422
f 3437 715 3440
f 3392 3451 3435
f 3392 3441 3451
f 3454 3440 716
f 3454 719 3444
f 3454 3444 3449
f 3454 3449 3448
f 3454 3448 3440
f 3454 729 719
f 3454 728 729
f 3454 716 728
f 706 705 3437
f 3584 3585 3586
f 3437 705 715
f 705 708 715
f 3440 715 716
f 3444 718 3445
f 3444 719 718
f 3445 718 3453
f 3445 3453 3446
f 3453 718 3452
f 718 720 3452
f 3447 3444 3443
f 3447 3439 3428
f 3725 2084 2090
f 3737 3738 3739
f 3735 3732 3731
f 3735 3736 3732
f 3734 3730 3720
f 3731 3732 3733
f 3730 3724 3722
f 3730 3722 3720
f 3729 3719 3728
f 3719 3718 3728
f 3728 3718 1901
f 3725 3720 2084
f 3725 2082 3719
f 3740 3737 3739
f 3725 2090 2089
f 3725 2089 2082
f 3725 3727 3720
f 3725 3726 3727
f 3725 3719 3726
f 3724 3723 3722
f 3723 3721 3722
f 3722 2083 3720
f 3722 3721 2083
f 3721 1864 2083
f 3720 2083 2084
f 3742 3719 3729
f 2919 3747 3728
f 2919 3728 1901
f 3728 3747 3729
f 3729 3747 3746
f 3746 3747 3736
f 3736 3747 3732
f 3732 3747 3733
f 3733 3747 3748
f 3742 3739 3738
f 3742 3734 3720
f 3742 3736 3735
f 3719 2081 3718
f 3742 3729 3746
f 3742 3746 3736
f 3742 3720 3727
f 3742 3727 3726
f 3742 3726 3719
f 3742 3738 3745
f 3742 3745 3734
f 3742 3744 3739
f 3742 3743 3744
f 3742 3735 3743
f 3741 3737 3740
f 3688 3085 3087
f 3714 3711 3705
f 3714 3704 3707
f 3713 3711 3710
f 3710 3711 3712
f 3709 3707 3706
f 3706 3707 3708
f 3705 2507 2506
f 3705 2506 2513
f 3704 2516 2515
f 3704 2515 2518
f 3688 3684 3085
f 3714 2522 2516
f 3684 3686 3085
f 3686 3089 3085
f 3700 3693 3689
f 3700 3689 3695
f 3700 3684 3687
f 3700 3695 3684
f 3700 3703 3693
f 3700 3702 3703
f 3700 3701 3702
f 3700 3687 3701
f 3695 3689 3691
f 3077 3708 3707
f 3719 2082 2081
f 3718 2081 1902
f 3718 1902 1901
f 1902 2081 1905
f 3067 3080 2518
f 3067 2517 2520
f 3067 2518 2517
f 3080 3074 3704
f 3080 3704 2518
f 3074 3077 3707
f 3074 3707 3704
f 2933 2919 1901
f 3715 3712 3711
f 3715 3707 3709
f 3715 3714 3707
f 3715 3711 3714
f 3715 3717 3712
f 3715 3716 3717
f 3715 3709 3716
f 3714 2516 3704
f 3714 3705 2513
f 3714 2513 2523
f 3714 2523 2522
f 3790 3786 3788
f 3800 3804 3803
f 3800 3803 3791
f 3800 3802 3792
f 3800 3801 3802
f 3800 3790 3801
f 3799 3798 3797
f 3798 3795 3797
f 3797 3793 3792
f 3797 3795 3793
f 3795 3796 3793
f 3792 3793 3794
f 3800 3794 3804
f 3790 3791 3786
f 3788 3786 3785
f 3788 3785 3789
f 3785 3786 3787
f 3780 3783 3778
f 3773 3783 3776
f 3778 3783 3781
f 3781 3783 3773
f 3776 3783 3784
f 3784 3783 3782
f 3782 3783 3780
f 3811 3809 3810
f 3821 3819 3792
f 3805 3820 3806
f 3819 3799 3797
f 3819 3797 3792
f 3818 3790 3817
f 3790 3788 3817
f 3817 3788 3789
f 3815 3813 3814
f 3815 3814 3816
f 3813 3811 3812
f 3813 3812 3814
f 3777 3781 3769
f 3811 3810 3812
f 3809 3808 3775
f 3809 3775 3810
f 3808 3807 3773
f 3808 3773 3775
f 3807 3805 3772
f 3807 3772 3773
f 3805 3764 3772
f 3805 3806 3764
f 3800 3792 3794
f 3800 3791 3790
f 3758 3759 3760
f 3752 3754 3765
f 3765 3754 3766
f 3751 3752 3765
f 3764 3751 3765
f 3749 3751 3764
f 3763 3748 3747
f 3761 3763 3762
f 3762 3763 3747
f 3759 3761 3760
f 3760 3761 3762
f 3757 3759 3758
f 3766 3756 3767
f 3755 3757 3756
f 3756 3757 3758
f 3753 3755 3754
f 3754 3755 3756
f 3750 3753 3751
f 3751 3753 3752
f 3752 3753 3754
f 3749 3750 3751
f 1900 2935 1901
f 2935 2934 1901
f 2934 2933 1901
f 3773 3774 3775
f 3766 3781 3772
f 3772 3781 3773
f 3767 3781 3766
f 3768 3781 3767
f 3769 3781 3768
f 3778 3781 3777
f 3778 570 3779
f 3778 3779 3780
f 3770 3777 3769
f 3771 3777 3770
f 3773 3776 3774
f 3695 3685 3684
f 3765 3766 3772
f 3765 3772 3764
f 3762 3747 3770
f 3770 3747 3771
f 3760 3762 3769
f 3769 3762 3770
f 3758 3760 3768
f 3768 3760 3769
f 3756 3758 3767
f 3767 3758 3768
f 3754 3756 3766
f 3621 3622 3623
f 3630 3627 3621
f 3630 3621 3631
f 3630 3570 3563
f 3627 3563 3626
f 3627 3622 3621
f 3627 3629 3622
f 3627 3628 3629
f 3627 3626 3628
f 3563 3625 3626
f 3563 3565 3625
f 3621 3623 3624
f 3630 3563 3627
f 3616 3614 3584
f 3616 3605 3612
f 3616 3584 3610
f 3616 3606 3605
f 3616 3612 3614
f 3616 3620 3606
f 3616 3619 3620
f 3616 3618 3619
f 3616 3617 3618
f 3616 3610 3617
f 3585 3584 3615
f 3639 3633 3636
f 3642 2456 2476
f 3642 2458 2456
f 3642 2457 2458
f 3642 2453 2457
f 3642 2452 2453
f 3642 2451 2452
f 3642 2450 2451
f 3642 2348 2450
f 3639 3631 3633
f 3639 3632 3631
f 3639 3570 3632
f 3615 3584 3613
f 3639 3636 3641
f 3639 3641 3640
f 3639 3640 3574
f 3639 3574 3570
f 3633 3634 3638
f 3633 3638 3637
f 3633 3637 3635
f 3633 3635 3636
f 3633 3631 3634
f 3632 3630 3631
f 3632 3570 3630
f 3598 3596 3597
f 912 3603 3599
f 911 922 3602
f 911 3602 3603
f 922 3601 3602
f 922 3600 3601
f 922 931 3600
f 3599 3575 3574
f 3599 3598 3575
f 3598 3582 3583
f 3598 3583 3575
f 3598 3597 3582
f 912 3599 3574
f 3596 3595 3597
f 3596 3594 3595
f 3594 3593 3595
f 3594 3592 3593
f 3592 3591 3593
f 3592 3590 3591
f 3590 3587 3591
f 3590 3588 3584
f 3590 3584 3587
f 3588 3589 3584
f 3584 3586 3587
f 3604 3388 3387
f 3613 3584 3614
f 3612 3605 3611
f 3611 3605 3608
f 3584 3589 3610
f 3608 3605 3609
f 3605 3606 3607
f 3604 3386 812
f 3604 2475 3391
f 3604 3391 3390
f 3604 3390 3389
f 3604 3389 3388
f 3642 2476 3643
f 3604 3387 3386
f 3604 912 2475
f 3604 812 917
f 3604 917 916
f 3604 916 915
f 3604 915 914
f 3604 914 913
f 3604 913 912
f 2475 912 3574
f 2475 3574 2476
f 912 911 3603
f 3676 3679 3680
f 3682 3681 3207
f 3681 3208 3207
f 3665 3661 3465
f 3661 3663 3467
f 3661 3463 3465
f 3661 3467 3463
f 3676 3670 3666
f 3676 3661 3664
f 3676 3666 3671
f 3676 3671 3661
f 3676 3680 3670
f 2853 3204 2904
f 3676 3678 3679
f 3676 3677 3678
f 3676 3664 3677
f 3671 3666 3668
f 3671 3662 3661
f 3671 3675 3662
f 3671 3674 3675
f 3671 3673 3674
f 3671 3672 3673
f 3671 3668 3672
f 3669 3666 3670
f 2918 2874 2875
f 3695 3699 3685
f 3695 3698 3699
f 3695 3697 3698
f 3695 3696 3697
f 3695 3691 3696
f 3694 3689 3692
f 3692 3689 3693
f 3689 3690 3691
f 3687 3684 3688
f 3684 3685 3686
f 2918 3683 2870
f 3666 3667 3668
f 2918 2872 2874
f 2918 2870 2872
f 2870 3683 2871
f 2871 3683 3204
f 2871 3204 2852
f 3683 3682 3207
f 3683 3207 3204
f 2838 2855 2904
f 2855 2857 2904
f 2857 2853 2904
f 2853 2852 3204
f 3651 3650 2358
f 3657 2382 2386
f 3656 3655 2378
f 3656 2378 2382
f 3655 3654 2374
f 3655 2374 2378
f 3654 3653 2371
f 3654 2371 2374
f 3653 3652 2366
f 3653 2366 2371
f 3652 3651 2362
f 3652 2362 2366
f 3657 3656 2382
f 3651 2358 2362
f 3650 2917 2354
f 3650 2354 2358
f 2917 2119 2354
f 3642 3649 2348
f 3642 3648 3649
f 3642 3647 3648
f 3642 3646 3647
f 3642 3645 3646
f 3642 3644 3645
f 3642 3643 3644
f 3660 3638 3634
f 3664 3661 3665
f 3661 3662 3663
f 3660 2476 3574
f 3660 3649 3648
f 3660 3648 3647
f 3660 3647 3646
f 3660 3646 3645
f 3660 3645 3644
f 3660 3644 3643
f 3660 3643 2476
f 3660 3634 3649
f 2495 2474 2494
f 3660 3637 3638
f 3660 3635 3637
f 3660 3636 3635
f 3660 3641 3636
f 3660 3640 3641
f 3660 3574 3640
f 3649 3659 2348
f 3659 3658 2349
f 3659 2349 2348
f 3658 3657 2386
f 3658 2386 2349
f 855 892 893
f 904 906 907
f 904 905 906
f 904 899 905
f 903 897 902
f 902 897 900
f 900 897 901
f 897 898 899
f 896 851 895
f 895 851 853
f 851 894 889
f 856 855 893
f 855 850 892
f 904 907 908
f 850 891 892
f 850 849 891
f 888 887 851
f 888 886 884
f 888 882 886
f 888 884 887
f 888 890 882
f 888 889 890
f 888 851 889
f 887 852 851
f 887 884 885
f 910 914 915
f 921 922 911
f 920 911 918
f 920 919 809
f 920 918 919
f 919 918 814
f 919 814 809
f 918 911 910
f 918 910 814
f 910 917 812
f 910 916 917
f 910 915 916
f 887 885 852
f 910 913 914
f 910 912 913
f 910 911 912
f 910 812 814
f 904 901 897
f 904 851 896
f 904 897 899
f 904 894 851
f 904 909 901
f 904 896 909
f 904 908 894
f 863 860 864
f 869 866 865
f 869 863 867
f 869 865 863
f 869 870 866
f 867 863 864
f 867 864 868
f 865 862 861
f 865 859 863
f 865 861 859
f 865 866 862
f 863 859 860
f 871 868 872
f 861 854 859
f 861 848 858
f 861 858 854
f 861 862 848
f 859 854 857
f 859 857 860
f 858 855 854
f 858 848 850
f 858 850 855
f 854 856 857
f 854 855 856
f 879 877 880
f 886 879 884
f 886 881 879
f 886 882 881
f 884 879 880
f 884 880 885
f 881 876 879
f 881 878 876
f 881 874 878
f 881 883 874
f 881 882 883
f 879 876 877
f 921 911 920
f 878 871 876
f 878 874 873
f 878 873 871
f 876 871 872
f 876 872 877
f 873 869 867
f 873 870 869
f 873 867 871
f 873 875 870
f 873 874 875
f 871 867 868
f 972 971 973
f 987 969 968
f 984 985 986
f 983 982 981
f 982 980 981
f 980 978 979
f 980 979 981
f 978 974 977
f 978 977 979
f 974 976 977
f 974 975 976
f 972 970 971
f 987 968 988
f 970 967 969
f 970 969 971
f 967 968 969
f 962 956 952
f 962 892 951
f 962 952 957
f 962 957 892
f 962 966 956
f 962 965 966
f 962 964 965
f 962 963 964
f 995 991 992
f 1003 1000 1004
f 1001 998 997
f 1001 997 999
f 1001 1002 998
f 999 995 996
f 999 997 995
f 999 996 1000
f 997 991 995
f 997 993 991
f 997 994 993
f 997 998 994
f 962 951 963
f 995 992 996
f 993 989 987
f 993 990 989
f 993 987 991
f 993 994 990
f 991 987 988
f 991 988 992
f 989 969 987
f 989 990 973
f 989 971 969
f 989 973 971
f 924 931 922
f 944 937 945
f 943 941 940
f 940 941 942
f 939 796 938
f 938 796 793
f 934 936 937
f 934 935 936
f 805 933 808
f 805 932 933
f 924 922 923
f 924 923 809
f 944 945 946
f 924 930 931
f 924 929 930
f 924 928 929
f 924 927 928
f 924 926 927
f 924 925 926
f 924 811 925
f 924 809 811
f 923 922 921
f 923 920 809
f 923 921 920
f 947 942 941
f 957 952 954
f 957 950 892
f 957 961 950
f 957 960 961
f 957 959 960
f 957 958 959
f 957 954 958
f 955 952 956
f 952 953 954
f 951 892 891
f 892 950 893
f 851 852 853
f 947 796 939
f 947 944 805
f 947 934 944
f 947 939 949
f 947 949 948
f 947 948 942
f 947 805 796
f 947 941 934
f 944 934 937
f 944 932 805
f 944 946 932
f 749 750 751
f 763 764 765
f 763 760 764
f 761 758 762
f 758 759 760
f 756 753 757
f 753 754 755
f 749 742 738
f 749 733 736
f 749 738 744
f 749 744 733
f 749 752 742
f 749 751 752
f 763 765 766
f 749 736 750
f 744 738 740
f 744 734 733
f 744 748 734
f 744 747 748
f 744 746 747
f 744 745 746
f 744 740 745
f 743 738 741
f 741 738 742
f 738 739 740
f 768 753 756
f 785 786 787
f 785 778 786
f 784 782 781
f 781 782 783
f 780 709 779
f 779 709 707
f 775 777 778
f 775 776 777
f 711 774 713
f 711 773 774
f 768 762 758
f 736 733 737
f 768 758 763
f 768 763 753
f 768 772 762
f 768 771 772
f 768 770 771
f 768 769 770
f 768 756 769
f 763 758 760
f 763 754 753
f 763 767 754
f 763 766 767
f 697 702 703
f 712 710 711
f 712 711 713
f 710 708 709
f 710 709 711
f 708 705 707
f 708 707 709
f 705 706 707
f 697 695 696
f 697 696 585
f 697 704 695
f 697 703 704
f 714 712 713
f 697 701 702
f 697 700 701
f 697 699 700
f 697 698 699
f 697 587 698
f 697 585 587
f 696 695 694
f 696 693 585
f 696 694 693
f 694 684 693
f 694 695 684
f 727 729 728
f 733 734 735
f 730 725 724
f 730 712 722
f 730 727 712
f 730 724 727
f 730 732 725
f 730 731 732
f 730 722 731
f 727 716 710
f 727 717 719
f 727 719 729
f 785 787 773
f 727 728 716
f 727 724 717
f 727 710 712
f 726 724 723
f 723 724 725
f 722 712 721
f 721 712 714
f 717 720 718
f 717 718 719
f 710 716 715
f 710 715 708
f 832 829 827
f 838 835 831
f 838 831 833
f 838 836 835
f 837 833 834
f 835 832 827
f 835 827 831
f 835 830 832
f 835 836 830
f 833 831 828
f 833 828 834
f 832 830 829
f 839 834 840
f 831 827 828
f 829 825 821
f 829 826 827
f 829 824 825
f 829 821 826
f 829 830 824
f 827 826 822
f 827 822 828
f 826 821 822
f 825 824 823
f 825 823 821
f 845 842 844
f 848 849 850
f 847 843 846
f 847 845 843
f 847 813 845
f 847 814 813
f 847 846 814
f 846 843 840
f 846 810 809
f 846 809 814
f 846 840 810
f 845 844 843
f 823 818 817
f 845 813 842
f 844 839 843
f 844 841 837
f 844 842 841
f 844 837 839
f 843 839 840
f 841 838 833
f 841 833 837
f 841 836 838
f 841 842 836
f 839 837 834
f 735 757 753
f 799 801 802
f 799 800 801
f 798 797 796
f 796 795 793
f 796 797 795
f 795 794 793
f 794 791 793
f 791 792 793
f 737 733 753
f 737 753 755
f 733 735 753
f 799 802 803
f 788 783 782
f 788 709 780
f 788 785 711
f 788 775 785
f 788 790 783
f 788 789 790
f 788 780 789
f 788 711 709
f 788 782 775
f 785 775 778
f 785 773 711
f 817 799 804
f 823 819 821
f 823 817 815
f 823 815 819
f 823 824 818
f 821 819 820
f 821 820 822
f 819 815 816
f 819 816 820
f 817 806 815
f 817 818 799
f 817 804 806
f 1003 1004 1005
f 815 807 816
f 815 806 807
f 812 813 814
f 809 810 811
f 807 806 805
f 807 805 808
f 806 804 805
f 804 799 803
f 804 798 796
f 804 803 798
f 804 796 805
f 1182 1177 1175
f 1188 1187 1102
f 1187 1186 1103
f 1187 1103 1102
f 1186 1185 1111
f 1186 1111 1103
f 1185 1183 1112
f 1185 1112 1111
f 1183 1184 1112
f 1182 1175 1179
f 1182 1178 1177
f 1182 1149 1148
f 1182 1179 1149
f 1189 1152 1151
f 1182 1148 1178
f 1179 1175 1176
f 1179 1181 1149
f 1179 1180 1181
f 1179 1176 1180
f 1177 1171 1175
f 1177 1173 1171
f 1177 1174 1173
f 1177 1178 1174
f 1175 1171 1172
f 1175 1172 1176
f 1203 1201 1200
f 1207 1201 1204
f 1207 1209 1202
f 1207 1208 1209
f 1207 1199 1208
f 1204 1193 1186
f 1204 1194 1196
f 1204 1196 1206
f 1204 1206 1205
f 1204 1205 1193
f 1204 1201 1194
f 1204 1186 1187
f 1173 1167 1171
f 1200 1201 1202
f 1199 1187 1198
f 1198 1187 1188
f 1194 1197 1195
f 1194 1195 1196
f 1186 1193 1192
f 1186 1192 1185
f 1191 1190 1146
f 1191 1146 1145
f 1190 1189 1151
f 1190 1151 1146
f 1144 1145 1146
f 1157 1154 1150
f 1157 1150 1155
f 1157 1158 1144
f 1155 1150 1153
f 1155 1153 1156
f 1154 1144 1146
f 1154 1151 1150
f 1154 1146 1151
f 1150 1152 1153
f 1150 1151 1152
f 1147 1148 1149
f 1157 1144 1154
f 1143 1141 1138
f 1143 1140 1141
f 1143 1142 1104
f 1143 1109 1108
f 1143 1108 1140
f 1143 1104 1109
f 1143 1138 1142
f 1142 1138 1105
f 1142 1105 1104
f 1141 1139 1138
f 1141 1140 1139
f 1165 1161 1163
f 1173 1170 1169
f 1173 1169 1167
f 1173 1174 1170
f 1171 1167 1168
f 1171 1168 1172
f 1169 1165 1167
f 1169 1166 1165
f 1169 1170 1166
f 1167 1163 1164
f 1167 1165 1163
f 1167 1164 1168
f 1207 1204 1187
f 1165 1162 1161
f 1165 1166 1162
f 1163 1159 1160
f 1163 1161 1159
f 1163 1160 1164
f 1161 1155 1159
f 1161 1157 1155
f 1161 1158 1157
f 1161 1162 1158
f 1159 1155 1156
f 1159 1156 1160
f 1069 1252 1070
f 1256 1257 1258
f 1255 986 1021
f 986 1254 984
f 3 1086 1
f 1 1086 6
f 1074 1253 1069
f 1086 7 6
f 1086 1092 1251
f 1086 1251 7
f 1253 1249 1069
f 1069 1249 1250
f 1259 986 1255
f 1069 1250 1252
f 1251 1094 1248
f 1251 1092 1094
f 1249 1246 1247
f 1249 1247 1250
f 1248 23 25
f 1248 1094 23
f 1248 25 1245
f 1246 1244 1247
f 1246 1243 1244
f 1245 1240 1241
f 1265 1256 1258
f 1278 1281 1282
f 1278 1280 1281
f 1278 1279 1280
f 1273 1277 1023
f 1273 1276 1277
f 1273 1275 1276
f 1273 1274 1275
f 1273 1023 1025
f 1270 1271 1272
f 1265 1262 1256
f 1265 986 1260
f 1245 25 1240
f 1265 1254 986
f 1265 1269 1254
f 1265 1268 1269
f 1265 1267 1268
f 1265 1266 1267
f 1265 1258 1266
f 1265 1260 1262
f 1264 1256 1263
f 1263 1256 1261
f 1261 1256 1262
f 1260 986 1259
f 1217 1210 1190
f 1227 1201 1203
f 1222 1216 1212
f 1222 1190 1211
f 1222 1212 1217
f 1222 1217 1190
f 1222 1226 1216
f 1222 1225 1226
f 1222 1224 1225
f 1222 1223 1224
f 1222 1211 1223
f 1217 1212 1214
f 1228 1201 1227
f 1217 1221 1210
f 1217 1220 1221
f 1217 1219 1220
f 1217 1218 1219
f 1217 1214 1218
f 1215 1212 1216
f 1212 1213 1214
f 1211 1190 1191
f 1190 1210 1189
f 1207 1202 1201
f 1207 1187 1199
f 1215 1232 1212
f 1243 1242 1244
f 1243 1241 1242
f 1241 1240 1242
f 1094 1197 23
f 1240 25 1239
f 1239 1238 1237
f 1239 25 1238
f 1237 1236 1235
f 1237 1238 1236
f 1235 1234 1233
f 1235 1236 1234
f 1139 1136 1138
f 1233 1229 1231
f 1233 1234 1229
f 1232 1231 1212
f 1231 1229 1212
f 1212 1230 1213
f 1212 1229 1230
f 23 1197 28
f 28 1201 29
f 28 1194 1201
f 28 1197 1194
f 29 1201 1228
f 1044 1045 1042
f 1050 1051 1052
f 1050 1047 1051
f 1048 1044 1046
f 1048 1045 1044
f 1048 1049 1045
f 1046 1044 1043
f 1046 1043 1040
f 1046 1040 1047
f 1044 1038 1043
f 1044 1042 1041
f 1044 1041 1038
f 1050 1046 1047
f 1043 1038 1040
f 1041 1034 1038
f 1041 1036 1034
f 1041 1037 1036
f 1041 1042 1037
f 1038 1034 1035
f 1038 1039 1040
f 1038 1035 1039
f 1036 1033 1032
f 1036 1032 1034
f 1036 1037 1033
f 1058 1055 1052
f 1066 1024 1062
f 1066 1065 1025
f 1066 1063 1065
f 1066 1061 1058
f 1063 1058 1060
f 1063 1064 1065
f 1063 1060 1064
f 1061 1057 1056
f 1061 1056 1055
f 1061 1062 1057
f 1061 1055 1058
f 1034 1032 1030
f 1058 1059 1060
f 1058 1052 1059
f 1056 1050 1055
f 1056 1053 1050
f 1056 1054 1053
f 1056 1057 1054
f 1055 1050 1052
f 1053 1046 1050
f 1053 1049 1048
f 1053 1048 1046
f 1053 1054 1049
f 1011 1008 1005
f 1019 1016 1020
f 1017 1011 1015
f 1017 1013 1011
f 1017 1014 1013
f 1017 1018 1014
f 1015 1011 1012
f 1015 1012 1016
f 1013 1009 1011
f 1013 1010 1009
f 1013 1014 1010
f 1011 1009 1008
f 1019 1020 1021
f 1011 1005 1012
f 1009 1003 1008
f 1009 1006 1003
f 1009 1007 1006
f 1009 1010 1007
f 1008 1003 1005
f 1006 1002 1001
f 1006 999 1003
f 1006 1001 999
f 1006 1007 1002
f 1003 999 1000
f 1028 981 979
f 1034 1030 1031
f 1034 1031 1035
f 1032 1028 1026
f 1032 1029 1028
f 1032 1026 1030
f 1032 1033 1029
f 1030 1026 1027
f 1030 1027 1031
f 1028 977 1026
f 1028 1029 981
f 1028 979 977
f 1066 1062 1061
f 1026 976 1027
f 1026 977 976
f 1023 1024 1025
f 1022 1015 1019
f 1022 1017 1015
f 1022 1018 1017
f 1022 986 985
f 1022 1019 986
f 1022 985 1018
f 1019 1015 1016
f 1019 1021 986
f 1119 1114 1110
f 1126 1124 1123
f 1126 1123 1127
f 1125 1120 1118
f 1125 1118 1122
f 1125 1121 1120
f 1124 1122 1123
f 1122 1118 1117
f 1122 1117 1123
f 1120 1115 1119
f 1120 1119 1118
f 1120 1121 1115
f 1128 1129 1121
f 1119 1115 1114
f 1119 1116 1118
f 1119 1110 1116
f 1118 1116 1117
f 1116 1110 1113
f 1116 1113 1117
f 1114 1111 1110
f 1114 1101 1103
f 1114 1103 1111
f 1114 1115 1101
f 1110 1112 1113
f 1134 1126 1130
f 1139 1137 1132
f 1139 1132 1136
f 1139 1135 1137
f 1139 1140 1135
f 1138 1136 1133
f 1138 1133 1105
f 1137 1134 1132
f 1137 1135 1134
f 1136 1132 1133
f 1134 1130 1132
f 1134 1131 1126
f 1110 1111 1112
f 1134 1129 1131
f 1134 1135 1129
f 1132 1130 1127
f 1132 1127 1133
f 1131 1128 1124
f 1131 1124 1126
f 1131 1129 1128
f 1130 1126 1127
f 1128 1121 1125
f 1128 1122 1124
f 1128 1125 1122
f 1075 1079 1067
f 974 1084 1085
f 1080 1073 1069
f 1080 1069 1075
f 1080 970 1068
f 1080 1075 970
f 1080 1083 1073
f 1080 1082 1083
f 1080 1081 1082
f 1080 1068 1081
f 1075 1069 1071
f 1075 1067 970
f 974 1085 975
f 1075 1078 1079
f 1075 1077 1078
f 1075 1076 1077
f 1075 1071 1076
f 1074 1069 1072
f 1072 1069 1073
f 1069 1070 1071
f 1068 970 972
f 970 1067 967
f 1066 1025 1024
f 1066 1058 1063
f 1098 1092 1086
f 1107 1108 1109
f 1104 1105 1106
f 1101 1102 1103
f 1098 1093 1092
f 1098 1095 974
f 1098 978 1090
f 1098 1086 1095
f 1098 1100 1093
f 1098 1099 1100
f 1098 1090 1099
f 1098 974 978
f 693 692 585
f 1095 1086 1088
f 1095 1084 974
f 1095 1097 1084
f 1095 1096 1097
f 1095 1088 1096
f 1094 1092 1091
f 1091 1092 1093
f 1090 978 1089
f 1089 978 980
f 1086 1087 1088
f 1086 3 1087
f 255 251 254
f 262 255 259
f 262 264 255
f 262 263 264
f 262 250 263
f 259 255 254
f 259 246 250
f 259 261 246
f 259 260 261
f 259 254 260
f 258 256 257
f 257 256 255
f 256 251 255
f 262 259 250
f 251 253 254
f 251 252 253
f 250 248 247
f 250 246 243
f 250 243 248
f 247 248 249
f 246 244 243
f 243 244 245
f 240 235 234
f 240 226 228
f 240 237 221
f 280 278 279
f 287 288 289
f 284 281 272
f 284 277 281
f 284 286 277
f 284 285 286
f 284 272 285
f 281 277 275
f 281 268 272
f 281 275 283
f 281 283 282
f 281 282 268
f 240 234 237
f 279 278 277
f 278 273 277
f 277 273 275
f 273 276 274
f 273 274 275
f 272 270 269
f 272 268 265
f 272 265 270
f 269 270 271
f 268 266 265
f 265 266 267
f 206 202 199
f 215 202 206
f 215 217 202
f 215 216 217
f 215 210 216
f 214 212 213
f 213 212 211
f 212 207 211
f 211 207 210
f 207 209 210
f 207 208 209
f 206 204 203
f 215 211 210
f 206 199 204
f 203 204 205
f 202 200 199
f 199 200 201
f 196 191 190
f 196 182 184
f 196 193 177
f 196 190 193
f 196 198 191
f 196 197 198
f 196 184 197
f 233 234 235
f 240 242 235
f 240 241 242
f 240 228 241
f 240 221 226
f 237 229 231
f 237 224 221
f 237 231 239
f 237 239 238
f 237 238 224
f 237 234 229
f 236 234 233
f 290 288 287
f 229 232 230
f 229 230 231
f 228 226 225
f 225 226 227
f 224 222 221
f 221 222 223
f 218 215 206
f 218 211 215
f 218 220 211
f 218 219 220
f 218 206 219
f 350 338 351
f 361 362 363
f 360 356 355
f 356 359 357
f 358 353 357
f 353 356 357
f 353 355 356
f 353 354 355
f 350 347 338
f 350 343 347
f 350 352 343
f 350 351 352
f 364 361 365
f 347 343 342
f 347 334 338
f 347 349 334
f 347 348 349
f 347 342 348
f 346 344 345
f 345 344 343
f 344 339 343
f 343 339 342
f 339 341 342
f 339 340 341
f 371 375 365
f 384 382 383
f 382 380 381
f 382 381 383
f 380 376 379
f 380 379 381
f 376 378 379
f 376 377 378
f 371 365 361
f 371 356 360
f 371 361 366
f 371 366 356
f 338 336 335
f 371 374 375
f 371 373 374
f 371 372 373
f 371 360 372
f 366 361 363
f 366 359 356
f 366 370 359
f 366 369 370
f 366 368 369
f 366 367 368
f 366 363 367
f 303 304 305
f 313 314 315
f 312 310 309
f 309 310 311
f 306 303 294
f 306 299 303
f 306 308 299
f 306 307 308
f 306 294 307
f 303 299 298
f 303 290 294
f 303 305 290
f 316 309 314
f 303 298 304
f 302 300 301
f 301 300 299
f 300 295 299
f 299 295 298
f 295 297 298
f 295 296 297
f 294 292 291
f 294 290 287
f 294 287 292
f 291 292 293
f 325 312 316
f 338 334 331
f 338 331 336
f 335 336 337
f 334 332 331
f 331 332 333
f 328 325 316
f 328 321 325
f 328 330 321
f 328 329 330
f 328 316 329
f 325 321 320
f 196 177 182
f 325 327 312
f 325 326 327
f 325 320 326
f 324 322 323
f 323 322 321
f 322 317 321
f 321 317 320
f 317 319 320
f 317 318 319
f 316 314 313
f 316 312 309
f 64 45 50
f 74 72 71
f 71 72 73
f 70 68 67
f 67 68 69
f 64 59 58
f 64 50 52
f 64 61 45
f 64 58 61
f 64 66 59
f 64 65 66
f 64 52 65
f 75 76 77
f 61 53 55
f 61 48 45
f 61 55 63
f 61 63 62
f 61 62 48
f 61 58 53
f 60 58 57
f 57 58 59
f 53 56 54
f 53 54 55
f 52 50 49
f 86 87 88
f 97 99 100
f 97 98 99
f 96 94 93
f 93 94 95
f 92 90 89
f 89 90 91
f 86 81 80
f 86 72 74
f 86 83 67
f 86 80 83
f 86 88 81
f 49 50 51
f 86 74 87
f 86 67 72
f 83 75 77
f 83 70 67
f 83 77 85
f 83 85 84
f 83 84 70
f 83 80 75
f 82 80 79
f 79 80 81
f 75 78 76
f 15 14 13
f 20 17 8
f 20 13 17
f 20 22 13
f 20 21 22
f 20 8 21
f 17 13 11
f 17 4 8
f 17 11 19
f 17 19 18
f 17 18 4
f 16 14 15
f 23 24 25
f 14 9 13
f 13 9 11
f 9 12 10
f 9 10 11
f 8 6 5
f 8 4 1
f 8 1 6
f 5 6 7
f 4 2 1
f 1 2 3
f 8142 8141 3082
f 39 26 23
f 48 46 45
f 45 46 47
f 42 37 36
f 42 28 30
f 42 39 23
f 42 36 39
f 42 44 37
f 42 43 44
f 42 30 43
f 42 23 28
f 39 31 33
f 101 102 103
f 39 33 41
f 39 41 40
f 39 40 26
f 39 36 31
f 38 36 35
f 35 36 37
f 31 34 32
f 31 32 33
f 30 28 27
f 27 28 29
f 26 24 23
f 155 156 157
f 171 165 173
f 171 173 172
f 171 172 158
f 171 168 163
f 170 168 167
f 167 168 169
f 163 166 164
f 163 164 165
f 162 160 159
f 159 160 161
f 158 156 155
f 171 158 155
f 152 149 140
f 152 145 149
f 152 154 145
f 152 153 154
f 152 140 153
f 149 145 143
f 149 136 140
f 149 143 151
f 149 151 150
f 149 150 136
f 148 146 147
f 181 182 183
f 193 185 188
f 193 180 177
f 193 195 180
f 193 194 195
f 193 188 194
f 193 190 185
f 192 190 189
f 189 190 191
f 185 187 188
f 185 186 187
f 184 182 181
f 147 146 145
f 180 178 177
f 177 178 179
f 174 169 168
f 174 160 162
f 174 171 155
f 174 168 171
f 174 176 169
f 174 175 176
f 174 162 175
f 174 155 160
f 171 163 165
f 108 102 105
f 119 121 122
f 119 120 121
f 118 116 115
f 118 114 111
f 118 111 116
f 115 116 117
f 114 112 111
f 111 112 113
f 108 103 102
f 108 94 96
f 108 105 89
f 123 119 122
f 108 110 103
f 108 109 110
f 108 96 109
f 108 89 94
f 105 97 100
f 105 92 89
f 105 107 92
f 105 106 107
f 105 100 106
f 105 102 97
f 104 102 101
f 130 123 127
f 146 141 145
f 145 141 143
f 141 144 142
f 141 142 143
f 140 138 137
f 140 136 133
f 140 133 138
f 137 138 139
f 136 134 133
f 133 134 135
f 130 127 118
f 385 384 383
f 130 132 123
f 130 131 132
f 130 118 131
f 127 123 122
f 127 114 118
f 127 129 114
f 127 128 129
f 127 122 128
f 126 124 125
f 125 124 123
f 124 119 123
f 607 603 604
f 614 607 609
f 614 612 611
f 613 609 610
f 611 608 603
f 611 603 607
f 611 606 608
f 611 612 606
f 609 607 604
f 609 604 610
f 608 606 605
f 608 605 602
f 608 602 603
f 614 611 607
f 605 601 597
f 605 600 601
f 605 597 602
f 605 606 600
f 603 602 598
f 603 598 604
f 602 597 598
f 601 600 599
f 601 599 597
f 599 594 593
f 599 595 597
f 621 618 620
f 623 619 622
f 623 589 621
f 623 621 619
f 623 590 589
f 623 622 590
f 622 619 616
f 622 586 585
f 622 585 590
f 622 616 586
f 621 620 615
f 621 615 619
f 599 593 591
f 621 589 618
f 620 617 613
f 620 618 617
f 620 613 615
f 619 615 616
f 617 614 609
f 617 609 613
f 617 612 614
f 617 618 612
f 615 613 610
f 615 610 616
f 565 527 523
f 576 577 578
f 552 575 553
f 575 574 553
f 574 573 572
f 574 572 553
f 573 569 572
f 569 571 572
f 569 570 571
f 568 567 525
f 567 565 523
f 567 523 525
f 576 578 579
f 565 566 527
f 562 557 556
f 562 559 543
f 562 552 554
f 562 547 559
f 562 564 557
f 562 563 564
f 562 554 563
f 562 543 552
f 562 556 547
f 559 547 550
f 591 583 584
f 599 591 595
f 599 600 594
f 597 595 596
f 597 596 598
f 595 591 592
f 595 592 596
f 593 583 591
f 593 594 576
f 593 581 583
f 593 576 581
f 591 584 592
f 624 566 565
f 588 589 590
f 585 586 587
f 584 583 543
f 584 543 546
f 583 581 552
f 583 552 543
f 581 576 580
f 581 575 552
f 581 582 575
f 581 580 582
f 576 579 580
f 663 665 627
f 677 672 678
f 676 670 675
f 675 670 673
f 673 670 674
f 670 671 672
f 669 627 668
f 668 627 665
f 627 667 625
f 663 627 626
f 663 666 664
f 663 626 666
f 677 678 679
f 663 661 665
f 663 662 660
f 663 658 662
f 663 660 661
f 663 664 658
f 662 655 660
f 662 658 657
f 662 657 655
f 660 655 656
f 660 656 661
f 657 653 655
f 683 686 588
f 693 684 691
f 693 691 692
f 692 691 590
f 692 590 585
f 691 684 683
f 691 683 590
f 683 685 690
f 683 690 689
f 683 689 688
f 683 688 687
f 683 687 686
f 657 654 653
f 683 684 685
f 683 588 590
f 677 674 670
f 677 627 669
f 677 670 672
f 677 667 627
f 677 682 674
f 677 669 682
f 677 681 667
f 677 680 681
f 677 679 680
f 633 624 630
f 641 634 638
f 641 642 634
f 639 638 636
f 639 636 637
f 639 637 640
f 638 631 636
f 638 634 633
f 638 633 631
f 636 631 632
f 636 632 637
f 633 628 631
f 641 638 639
f 633 630 628
f 633 635 624
f 633 634 635
f 631 628 629
f 631 629 632
f 630 567 628
f 630 624 565
f 630 565 567
f 628 568 629
f 628 567 568
f 625 626 627
f 649 646 645
f 657 659 654
f 657 658 659
f 655 653 651
f 655 651 652
f 655 652 656
f 653 647 651
f 653 649 647
f 653 650 649
f 653 654 650
f 651 647 648
f 651 648 652
f 559 544 543
f 649 643 647
f 649 645 643
f 649 650 646
f 647 643 644
f 647 644 648
f 645 639 643
f 645 641 639
f 645 642 641
f 645 646 642
f 643 639 640
f 643 640 644
f 434 437 427
f 449 450 451
f 448 446 445
f 445 446 447
f 442 443 444
f 442 267 443
f 438 440 441
f 438 439 440
f 434 427 423
f 434 353 422
f 434 423 429
f 434 429 353
f 452 450 449
f 434 436 437
f 434 435 436
f 434 422 435
f 429 423 425
f 429 421 353
f 429 433 421
f 429 432 433
f 429 431 432
f 429 430 431
f 429 425 430
f 428 423 426
f 456 453 438
f 461 465 462
f 447 446 462
f 447 463 464
f 447 462 463
f 446 438 461
f 446 461 462
f 438 441 460
f 438 460 461
f 441 459 460
f 456 451 450
f 456 446 448
f 426 423 427
f 456 442 453
f 456 448 458
f 456 458 457
f 456 457 451
f 456 438 446
f 456 450 442
f 453 442 444
f 453 439 438
f 453 455 439
f 453 454 455
f 453 444 454
f 397 386 376
f 381 403 404
f 400 395 394
f 400 397 376
f 400 380 392
f 400 388 397
f 400 402 395
f 400 401 402
f 400 392 401
f 400 376 380
f 400 394 388
f 397 388 390
f 381 404 383
f 397 399 386
f 397 398 399
f 397 390 398
f 396 394 393
f 393 394 395
f 392 380 391
f 391 380 382
f 388 389 390
f 388 311 389
f 376 387 377
f 376 386 387
f 415 405 408
f 423 424 425
f 422 353 358
f 353 421 354
f 418 413 412
f 418 379 410
f 418 415 379
f 418 412 415
f 418 420 413
f 418 419 420
f 418 410 419
f 415 403 381
f 461 466 465
f 415 417 403
f 415 416 417
f 415 408 416
f 415 412 405
f 415 381 379
f 414 412 411
f 411 412 413
f 410 379 409
f 409 379 378
f 405 407 408
f 405 406 407
f 518 522 512
f 533 535 536
f 533 534 535
f 533 530 534
f 531 528 532
f 528 529 530
f 526 523 527
f 523 524 525
f 518 512 508
f 518 504 507
f 518 508 513
f 518 513 504
f 533 536 537
f 518 521 522
f 518 520 521
f 518 519 520
f 518 507 519
f 513 508 510
f 513 506 504
f 513 517 506
f 513 516 517
f 513 515 516
f 513 514 515
f 513 510 514
f 538 532 528
f 559 561 544
f 559 560 561
f 559 550 560
f 558 556 555
f 555 556 557
f 554 552 551
f 551 552 553
f 547 549 550
f 547 548 549
f 543 545 546
f 543 544 545
f 511 508 512
f 538 523 526
f 538 528 533
f 538 533 523
f 538 542 532
f 538 541 542
f 538 540 541
f 538 539 540
f 538 526 539
f 533 528 530
f 533 524 523
f 533 537 524
f 477 467 469
f 488 489 490
f 486 483 487
f 483 484 485
f 480 475 474
f 480 460 472
f 480 477 460
f 480 474 477
f 480 482 475
f 480 481 482
f 480 472 481
f 477 466 461
f 491 488 492
f 477 469 479
f 477 479 478
f 477 478 466
f 477 474 467
f 477 461 460
f 476 474 473
f 473 474 475
f 472 460 471
f 471 460 459
f 467 470 468
f 467 468 469
f 499 502 492
f 508 509 510
f 507 504 503
f 504 506 505
f 487 483 504
f 487 504 505
f 483 485 504
f 485 503 504
f 499 492 488
f 499 483 486
f 499 488 494
f 499 494 483
f 1278 1282 1274
f 499 501 502
f 499 500 501
f 499 486 500
f 494 488 490
f 494 484 483
f 494 498 484
f 494 497 498
f 494 496 497
f 494 495 496
f 494 490 495
f 493 488 491
f 2118 2116 2117
f 2136 2128 2131
f 2136 2131 2137
f 2132 2129 2128
f 2132 2134 2135
f 2132 2135 2129
f 2132 2133 2134
f 2128 2130 2131
f 2128 2129 2130
f 2125 2126 2127
f 2122 2123 2124
f 2121 2120 2119
f 2120 2118 2119
f 2138 2136 2137
f 2118 2117 2119
f 2116 2112 2115
f 2116 2115 2117
f 2112 2114 2115
f 2112 2113 2114
f 2110 2108 2109
f 2110 2109 2111
f 2108 2105 2107
f 2108 2107 2109
f 2105 2106 2107
f 2101 2095 1855
f 2146 2141 2138
f 2152 2145 2147
f 2152 2150 2149
f 2151 2147 2148
f 2149 2142 2146
f 2149 2146 2145
f 2149 2150 2142
f 2147 2145 2144
f 2147 2144 2148
f 2146 2142 2141
f 2146 2143 2145
f 2146 2138 2143
f 2101 1855 2096
f 2145 2143 2144
f 2143 2138 2137
f 2143 2137 2144
f 2141 2140 2139
f 2141 2136 2138
f 2141 2139 2136
f 2141 2142 2140
f 2139 2132 2128
f 2139 2133 2132
f 2139 2128 2136
f 2139 2140 2133
f 2081 1907 1905
f 2088 2082 2089
f 2088 1916 1907
f 2088 1859 1851
f 2085 1851 2080
f 2085 2077 1916
f 2085 2087 2077
f 2085 2086 2087
f 2085 2080 2086
f 1864 1859 2083
f 2083 1859 2084
f 2082 1907 2081
f 2088 2089 2090
f 1851 2079 2080
f 1851 1853 2079
f 1916 2078 1918
f 1916 2077 2078
f 2074 2070 1891
f 2074 2034 2068
f 2074 2071 2034
f 2074 1891 2071
f 2074 2076 2070
f 2074 2075 2076
f 2074 2068 2075
f 2096 2097 2098
f 2101 1921 2092
f 2101 2096 1921
f 2101 2104 2095
f 2101 2103 2104
f 2101 2102 2103
f 2101 2092 2102
f 2096 1855 2093
f 2096 2091 1921
f 2096 2100 2091
f 2096 2099 2100
f 2096 2098 2099
f 2152 2149 2145
f 2096 2093 2097
f 1856 1855 2094
f 2094 1855 2095
f 1855 1863 2093
f 2092 1921 1920
f 1921 2091 1923
f 2088 2084 1859
f 2088 2085 1916
f 2088 1907 2082
f 2088 1851 2085
f 2088 2090 2084
f 2191 2187 2186
f 2198 2193 2196
f 2198 2194 2193
f 2198 2195 2194
f 2198 2199 2195
f 2196 2193 2190
f 2196 2190 2197
f 2194 2191 2193
f 2194 2192 2191
f 2194 2195 2192
f 2193 2188 2190
f 2193 2191 2188
f 2200 2201 2170
f 2191 2184 2188
f 2191 2186 2184
f 2191 2192 2187
f 2188 2184 2185
f 2188 2189 2190
f 2188 2185 2189
f 2186 2183 2182
f 2186 2180 2184
f 2186 2182 2180
f 2186 2187 2183
f 2184 2180 2181
f 2206 2204 2130
f 2213 199 201
f 2212 2211 2167
f 2212 2167 2166
f 2211 2210 2172
f 2211 2172 2167
f 2210 2173 2172
f 2209 2208 2134
f 2208 2207 2135
f 2208 2135 2134
f 2207 2206 2129
f 2207 2129 2135
f 2184 2181 2185
f 2206 2130 2129
f 2204 2205 2130
f 2203 2196 2200
f 2203 2198 2196
f 2203 2199 2198
f 2203 2200 2170
f 2203 2170 2169
f 2203 2169 2199
f 2200 2196 2197
f 2200 2202 2201
f 2200 2197 2202
f 2159 2157 2154
f 2164 2122 2127
f 2164 2159 2163
f 2163 2159 2123
f 2163 2123 2122
f 2162 2160 2157
f 2162 2157 2159
f 2162 2161 2160
f 2160 2158 2153
f 2160 2153 2157
f 2160 2156 2158
f 2160 2161 2156
f 2164 2126 2161
f 2159 2154 2123
f 2158 2155 2151
f 2158 2151 2153
f 2158 2156 2155
f 2157 2153 2154
f 2155 2152 2151
f 2155 2150 2152
f 2155 2156 2150
f 2153 2151 2148
f 2153 2148 2154
f 2152 2147 2151
f 2176 2174 2177
f 2182 2176 2180
f 2182 2178 2176
f 2182 2179 2178
f 2182 2183 2179
f 2180 2176 2177
f 2180 2177 2181
f 2178 2171 2176
f 2178 2165 2175
f 2178 2175 2171
f 2178 2179 2165
f 2176 2171 2174
f 2071 2064 2035
f 2175 2172 2171
f 2175 2165 2167
f 2175 2167 2172
f 2171 2173 2174
f 2171 2172 2173
f 2168 2169 2170
f 2165 2166 2167
f 2164 2162 2159
f 2164 2163 2122
f 2164 2161 2162
f 2164 2127 2126
f 1968 1964 1966
f 1977 1975 1978
f 1976 1928 91
f 1976 1962 1928
f 1975 91 1974
f 1974 91 1973
f 1974 1973 1972
f 1972 1971 1970
f 1972 1973 1971
f 1970 1969 1968
f 1970 1971 1969
f 1948 1967 1945
f 1979 1978 1980
f 1968 1969 1964
f 1967 1966 1945
f 1966 1964 1945
f 1945 1965 1946
f 1945 1964 1965
f 1962 1963 1928
f 91 1928 89
f 89 1927 94
f 89 1928 1927
f 94 1934 95
f 94 1927 1934
f 1989 1986 1987
f 1998 1995 1999
f 1995 1996 1997
f 113 1993 111
f 111 1993 116
f 1994 1992 1989
f 1993 1985 1988
f 1993 117 116
f 1993 1988 117
f 1992 1986 1989
f 1989 1990 1991
f 1989 1987 1990
f 95 1934 1961
f 1988 1985 1984
f 1986 1983 1987
f 1986 1982 1983
f 1984 1976 1981
f 1984 1985 1976
f 1982 1980 1983
f 1982 1979 1980
f 1981 1975 1977
f 1981 1976 91
f 1981 91 1975
f 1979 1977 1978
f 1937 1913 1915
f 1940 1937 1915
f 1940 1934 1937
f 1940 1942 1935
f 1940 1941 1942
f 1940 1932 1941
f 1937 1925 1913
f 1937 1927 1930
f 1937 1939 1925
f 1937 1938 1939
f 1937 1930 1938
f 1937 1934 1927
f 1940 1915 1932
f 1936 1934 1933
f 1933 1934 1935
f 1932 1915 1931
f 1931 1915 1917
f 1927 1929 1930
f 1927 1928 1929
f 1913 1926 1908
f 1913 1925 1926
f 1924 1922 1923
f 1922 1919 1921
f 1922 1921 1923
f 1950 1945 1947
f 1961 1934 1960
f 1960 1934 1936
f 1955 1949 1945
f 1955 1922 1944
f 1955 1945 1950
f 1955 1950 1922
f 1955 1959 1949
f 1955 1958 1959
f 1955 1957 1958
f 1955 1956 1957
f 1955 1944 1956
f 1989 1991 2000
f 1950 1943 1922
f 1950 1954 1943
f 1950 1953 1954
f 1950 1952 1953
f 1950 1951 1952
f 1950 1947 1951
f 1948 1945 1949
f 1945 1946 1947
f 1944 1922 1924
f 1922 1943 1919
f 1940 1935 1934
f 2020 2047 2048
f 2053 2049 2031
f 2053 2057 2049
f 2053 2056 2057
f 2053 2055 2056
f 2053 2054 2055
f 2053 2051 2054
f 1877 1876 2052
f 1876 1881 2051
f 2050 2031 2030
f 2031 2049 2032
f 2020 2019 2045
f 2053 1876 2051
f 2020 2046 2047
f 2020 2045 2046
f 2045 2019 2044
f 2044 2019 2036
f 2042 2041 2040
f 2042 2040 2043
f 2019 2035 2036
f 2019 2012 2035
f 2041 2039 2040
f 2039 2038 2037
f 2039 2037 2040
f 1896 2065 2066
f 2071 1896 2066
f 2071 2066 2073
f 2071 2073 2072
f 2071 2072 2064
f 2071 1891 1896
f 2071 2035 2034
f 1892 1891 2069
f 2069 1891 2070
f 2068 2034 2067
f 2067 2034 2033
f 1896 1898 2065
f 2038 2036 2037
f 2035 2064 2063
f 2035 2063 2037
f 2058 2052 1876
f 2058 2031 2050
f 2058 1876 2053
f 2058 2053 2031
f 2058 2062 2052
f 2058 2061 2062
f 2058 2060 2061
f 2058 2059 2060
f 2058 2050 2059
f 2008 2010 2011
f 2021 2019 2018
f 2018 2019 2020
f 1993 2016 2017
f 1993 113 2016
f 2012 2014 2015
f 2012 2013 2014
f 2008 2002 1989
f 2008 1995 1998
f 2008 1989 2003
f 2008 2003 1995
f 2008 2011 2002
f 2022 1985 2023
f 2008 2009 2010
f 2008 1998 2009
f 2003 1989 2000
f 2003 1996 1995
f 2003 2007 1996
f 2003 2006 2007
f 2003 2005 2006
f 2003 2004 2005
f 2003 2000 2004
f 1994 1989 2001
f 2001 1989 2002
f 2027 1993 2024
f 2036 2035 2037
f 2012 2015 2034
f 2012 2034 2035
f 2015 2033 2034
f 1999 1995 2031
f 1999 2031 2032
f 1995 2030 2031
f 1995 1997 2030
f 2027 2023 1985
f 2027 2019 2021
f 2027 2024 2012
f 204 199 2213
f 2027 2021 2029
f 2027 2029 2028
f 2027 2028 2023
f 2027 2012 2019
f 2027 1985 1993
f 2024 1993 2017
f 2024 2013 2012
f 2024 2026 2013
f 2024 2025 2026
f 2024 2017 2025
f 1976 1985 2022
f 2391 2385 2383
f 2395 2125 2127
f 2395 2402 2125
f 2395 2401 2402
f 2395 2400 2401
f 2395 2399 2400
f 2395 2398 2399
f 2395 2397 2398
f 2395 2396 2397
f 2395 2394 2396
f 2392 2127 2122
f 2392 2393 2394
f 2391 2350 2349
f 2403 2394 2395
f 2391 2386 2385
f 2391 2349 2386
f 2391 2390 2350
f 2391 2383 2387
f 2391 2387 2390
f 2387 2383 2384
f 2387 2389 2390
f 2387 2388 2389
f 2387 2384 2388
f 2385 2382 2381
f 2385 2386 2382
f 2407 2124 2409
f 2417 2418 2419
f 2416 2170 2415
f 2415 2170 2201
f 2170 2414 2168
f 2407 2393 2406
f 2407 2406 2122
f 2407 2413 2408
f 2407 2412 2413
f 2407 2411 2412
f 2407 2410 2411
f 2407 2409 2410
f 2385 2381 2383
f 2407 2122 2124
f 2407 2408 2393
f 2406 2393 2405
f 2406 2405 2122
f 2405 2392 2122
f 2405 2393 2392
f 2404 2127 2392
f 2404 2392 2394
f 2404 2403 2127
f 2404 2394 2403
f 2403 2395 2127
f 2361 2358 2357
f 2367 2363 2364
f 2367 2368 2369
f 2367 2364 2368
f 2365 2361 2363
f 2365 2362 2361
f 2365 2366 2362
f 2363 2361 2359
f 2363 2359 2360
f 2363 2360 2364
f 2361 2355 2359
f 2361 2357 2355
f 2370 2371 2366
f 2361 2362 2358
f 2359 2355 2356
f 2359 2356 2360
f 2357 2353 2351
f 2357 2354 2353
f 2357 2351 2355
f 2357 2358 2354
f 2355 2351 2352
f 2355 2352 2356
f 2353 2115 2351
f 2353 2354 2119
f 2377 2378 2374
f 2383 2379 2380
f 2383 2381 2379
f 2383 2380 2384
f 2381 2375 2379
f 2381 2377 2375
f 2381 2378 2377
f 2381 2382 2378
f 2379 2375 2376
f 2379 2376 2380
f 2377 2373 2375
f 2377 2374 2373
f 2420 2417 2421
f 2375 2372 2369
f 2375 2373 2372
f 2375 2369 2376
f 2373 2371 2370
f 2373 2367 2372
f 2373 2370 2367
f 2373 2374 2371
f 2372 2367 2369
f 2370 2366 2365
f 2370 2363 2367
f 2370 2365 2363
f 2464 2467 2468
f 2473 2455 2472
f 2473 2456 2455
f 2472 2447 2471
f 2472 2455 2447
f 2471 2447 2470
f 2470 2447 2446
f 2464 2448 2447
f 2464 2463 2390
f 2464 2447 2463
f 2464 2469 2448
f 2464 2468 2469
f 2474 2456 2473
f 2464 2466 2467
f 2464 2465 2466
f 2464 2389 2465
f 2464 2390 2389
f 2463 2462 2461
f 2463 2461 2390
f 2463 2447 2462
f 2462 2455 2461
f 2462 2447 2455
f 2461 2459 2460
f 2461 2460 2390
f 2485 2484 2483
f 2495 2408 2456
f 2494 2474 2488
f 2494 2489 2490
f 2494 2488 2489
f 2492 2490 2491
f 2492 2491 2493
f 2490 2489 2491
f 2408 2475 2456
f 2489 2488 2487
f 2487 2488 2486
f 2487 2486 2485
f 2461 2455 2459
f 2485 2486 2484
f 2483 2482 2481
f 2483 2484 2482
f 2440 2480 2432
f 2481 2477 2479
f 2481 2482 2477
f 2480 2479 2432
f 2479 2477 2432
f 2432 2478 2433
f 2432 2477 2478
f 2475 2476 2456
f 2424 2170 2416
f 2441 2442 2443
f 2441 2434 2442
f 2440 2432 2439
f 2439 2432 2437
f 2437 2432 2438
f 2436 2311 2435
f 2435 2311 2431
f 2432 2433 2434
f 2431 2311 2346
f 2311 2430 2309
f 2424 2421 2417
f 2441 2443 2444
f 2424 2417 2419
f 2424 2414 2170
f 2424 2429 2421
f 2424 2416 2429
f 2424 2428 2414
f 2424 2427 2428
f 2424 2426 2427
f 2424 2425 2426
f 2424 2419 2425
f 2423 2417 2422
f 2422 2417 2420
f 2449 2452 2451
f 2460 2459 2350
f 2460 2350 2390
f 2459 2455 2454
f 2459 2454 2350
f 2454 2453 2449
f 2454 2449 2350
f 2454 2456 2458
f 2454 2458 2457
f 2454 2457 2453
f 2454 2455 2456
f 2449 2453 2452
f 2353 2119 2117
f 2449 2451 2450
f 2449 2450 2348
f 2449 2348 2350
f 2446 2447 2448
f 2441 2438 2432
f 2441 2311 2436
f 2441 2432 2434
f 2441 2430 2311
f 2441 2436 2438
f 2441 2445 2430
f 2441 2444 2445
f 2263 2266 2257
f 2273 2218 2274
f 2272 2116 2271
f 2271 2116 2118
f 2213 2269 2270
f 2213 201 2269
f 2112 2268 2113
f 2112 2267 2268
f 2263 2257 2214
f 2263 2108 2254
f 2263 2214 2258
f 2263 2258 2108
f 2222 2218 2273
f 2263 2265 2266
f 2263 2264 2265
f 2263 2254 2264
f 2258 2214 2255
f 2258 2253 2108
f 2258 2262 2253
f 2258 2261 2262
f 2258 2260 2261
f 2258 2259 2260
f 2258 2255 2259
f 2215 2214 2256
f 2278 2116 2272
f 2289 2207 2208
f 2248 2247 2287
f 2287 2247 2288
f 2286 2208 2285
f 2285 2208 2209
f 2251 2252 2283
f 2251 2283 2284
f 2207 2282 2281
f 2207 2281 2206
f 2278 2274 2218
f 2278 2275 2112
f 2256 2214 2257
f 2278 2213 2275
f 2278 2280 2274
f 2278 2279 2280
f 2278 2272 2279
f 2278 2112 2116
f 2278 2218 2213
f 2275 2213 2270
f 2275 2267 2112
f 2275 2277 2267
f 2275 2276 2277
f 2275 2270 2276
f 2225 2224 2219
f 2240 2234 2237
f 2238 2239 2234
f 2234 2236 2237
f 2234 2235 2236
f 2233 2231 2232
f 2231 2229 2230
f 2231 2230 2232
f 2229 2227 2228
f 2229 2228 2230
f 2227 2225 2226
f 2227 2226 2228
f 2240 2238 2234
f 2225 2219 2226
f 2224 2220 2214
f 2224 2214 2219
f 2222 2217 2218
f 2222 2223 2217
f 2220 2221 2214
f 2219 2214 2216
f 2218 2217 2213
f 2217 205 2213
f 2214 2215 2216
f 205 204 2213
f 2247 2248 2249
f 2214 2221 2255
f 2254 2108 2110
f 2108 2253 2105
f 2252 2223 2222
f 2252 2251 182
f 2252 177 2223
f 2252 182 177
f 2251 2247 182
f 2247 183 182
f 2247 2250 183
f 2247 2249 2250
f 2289 2247 2251
f 177 179 2232
f 177 2232 2223
f 179 2233 2232
f 179 2246 2233
f 2246 2245 2233
f 2246 2244 2245
f 2244 2243 2245
f 2244 2242 2243
f 2242 2241 2243
f 2242 2240 2241
f 2240 2237 2241
f 2330 2331 2327
f 2336 2337 2338
f 2336 2333 2337
f 2334 2328 2332
f 2334 2330 2328
f 2334 2331 2330
f 2334 2335 2331
f 2332 2328 2329
f 2332 2329 2333
f 2330 2327 2326
f 2330 2324 2328
f 2330 2326 2324
f 2336 2332 2333
f 2328 2324 2325
f 2328 2325 2329
f 2326 2320 2324
f 2326 2323 2322
f 2326 2322 2320
f 2326 2327 2323
f 2324 2320 2321
f 2324 2321 2325
f 2322 2316 2320
f 2322 2318 2316
f 2322 2319 2318
f 2344 2346 2311
f 2353 2117 2115
f 2351 2114 2352
f 2351 2115 2114
f 2348 2349 2350
f 2347 2341 2344
f 2347 2342 2341
f 2347 2311 2310
f 2347 2344 2311
f 2347 2343 2342
f 2347 2310 2343
f 2344 2341 2338
f 2322 2323 2319
f 2344 2345 2346
f 2344 2338 2345
f 2342 2339 2341
f 2342 2340 2339
f 2342 2343 2340
f 2341 2339 2336
f 2341 2336 2338
f 2339 2334 2336
f 2339 2335 2334
f 2339 2340 2335
f 2336 2334 2332
f 2292 2288 2247
f 2299 2234 2297
f 2299 2295 2211
f 2299 2303 2295
f 2299 2302 2303
f 2299 2301 2302
f 2299 2300 2301
f 2299 2297 2300
f 2235 2234 2298
f 2234 2239 2297
f 2296 2211 2212
f 2211 2295 2210
f 2304 2296 2305
f 2292 2208 2286
f 2292 2289 2208
f 2292 2247 2289
f 2292 2294 2288
f 2292 2293 2294
f 2292 2286 2293
f 2289 2282 2207
f 2289 2251 2284
f 2289 2284 2291
f 2289 2291 2290
f 2289 2290 2282
f 2314 2109 2107
f 2320 2316 2317
f 2320 2317 2321
f 2318 2314 2312
f 2318 2315 2314
f 2318 2312 2316
f 2318 2319 2315
f 2316 2312 2313
f 2316 2313 2317
f 2314 2107 2312
f 2314 2315 2111
f 2314 2111 2109
f 1919 1920 1921
f 2312 2106 2313
f 2312 2107 2106
f 2309 2310 2311
f 2304 2298 2234
f 2304 2211 2296
f 2304 2234 2299
f 2304 2299 2211
f 2304 2308 2298
f 2304 2307 2308
f 2304 2306 2307
f 2304 2305 2306
f 1495 1496 1497
f 1502 1496 1499
f 1502 1504 1497
f 1502 1503 1504
f 1502 1494 1503
f 1499 1489 1491
f 1499 1488 1383
f 1499 1491 1501
f 1499 1501 1500
f 1499 1500 1488
f 1499 1496 1489
f 1499 1383 1386
f 1498 1496 1495
f 1502 1499 1386
f 1494 1386 1493
f 1493 1386 1388
f 1489 1492 1490
f 1489 1490 1491
f 1383 1488 1487
f 1383 1487 1378
f 1482 1476 1472
f 1482 1365 1471
f 1482 1472 1477
f 1482 1477 1365
f 1482 1486 1476
f 1521 1522 1523
f 1524 1514 1516
f 1524 1521 1505
f 1524 1509 1521
f 1524 1526 1519
f 1524 1525 1526
f 1524 1516 1525
f 1524 1505 1514
f 1524 1518 1509
f 1521 1509 1512
f 1521 1506 1505
f 1521 1523 1506
f 1482 1485 1486
f 1521 1512 1522
f 1520 1518 1517
f 1517 1518 1519
f 1516 1514 1513
f 1513 1514 1515
f 1509 1511 1512
f 1509 1510 1511
f 1505 1507 1508
f 1505 1506 1507
f 1502 1497 1496
f 1502 1386 1494
f 1450 1448 1449
f 1458 1455 1459
f 1458 1454 1455
f 1456 1447 1453
f 1456 1457 1447
f 1454 1451 1455
f 1454 1450 1451
f 1453 1396 47
f 1453 47 1452
f 1453 1447 1396
f 1452 1446 1448
f 1452 47 1446
f 1460 1457 1456
f 1450 1449 1451
f 1448 1446 1449
f 1447 1433 1396
f 1446 47 1445
f 1445 47 1444
f 1445 1444 1443
f 1443 1442 1441
f 1443 1444 1442
f 1441 1440 1439
f 1441 1442 1440
f 1419 1438 1416
f 1472 1473 1474
f 1482 1484 1485
f 1482 1483 1484
f 1482 1471 1483
f 1477 1472 1474
f 1477 1470 1365
f 1477 1481 1470
f 1477 1480 1481
f 1477 1479 1480
f 1477 1478 1479
f 1477 1474 1478
f 1475 1472 1476
f 1524 1519 1518
f 1471 1365 1370
f 1365 1470 1369
f 1469 1465 1468
f 1468 1465 1466
f 1467 1464 1461
f 1465 1457 1460
f 1465 1460 1466
f 1464 1458 1461
f 1461 1462 1463
f 1461 1459 1462
f 1461 1458 1459
f 1496 73 72
f 1582 1581 1515
f 1581 1579 1515
f 1579 1580 1515
f 1577 1492 1520
f 1577 1520 1578
f 1492 1555 1520
f 1492 67 69
f 1492 1489 67
f 1492 69 1555
f 1489 72 67
f 1489 1496 72
f 1514 1583 1582
f 1496 1576 73
f 1496 1575 1576
f 1496 1498 1575
f 69 1563 1555
f 69 1574 1564
f 69 1564 1563
f 1574 1572 1573
f 1574 1573 1564
f 1572 1571 1573
f 1572 1570 1571
f 1570 1568 1569
f 1399 1398 1505
f 1594 1595 1596
f 1594 1591 1595
f 1467 1461 1592
f 1592 1461 1593
f 1461 1463 1591
f 1590 1367 1366
f 1367 1589 1368
f 1415 1411 1527
f 1415 1527 1529
f 1411 1413 1531
f 1411 1531 1527
f 1570 1569 1571
f 1399 1505 1508
f 1398 1389 1514
f 1398 1514 1505
f 1389 1391 1588
f 1389 1584 1514
f 1389 1588 1584
f 1391 1587 1588
f 1391 1586 1587
f 1391 1585 1586
f 1584 1583 1514
f 1514 1582 1515
f 1538 1532 1534
f 1532 1537 1549
f 1548 1547 1509
f 1509 1547 1510
f 1543 1536 1532
f 1543 1532 1538
f 1543 1527 1530
f 1543 1538 1527
f 1543 1546 1536
f 1543 1545 1546
f 1543 1544 1545
f 1543 1530 1544
f 1550 1548 1509
f 1538 1528 1527
f 1538 1542 1528
f 1538 1541 1542
f 1538 1540 1541
f 1538 1539 1540
f 1538 1534 1539
f 1537 1532 1535
f 1535 1532 1536
f 1532 1533 1534
f 1530 1527 1531
f 1527 1528 1529
f 1558 1556 1557
f 1568 1567 1472
f 1568 1566 1569
f 1568 1472 1566
f 1567 1473 1472
f 1472 1565 1566
f 1472 1475 1565
f 1564 1562 1563
f 1562 1560 1561
f 1562 1561 1563
f 1560 1558 1559
f 1560 1559 1561
f 1439 1435 1437
f 1558 1557 1559
f 1556 1554 1551
f 1556 1551 1557
f 1520 1552 1518
f 1520 1555 1552
f 1554 1553 1532
f 1554 1532 1551
f 1553 1533 1532
f 1518 1550 1509
f 1518 1552 1550
f 1551 1532 1549
f 1323 1313 1320
f 1335 1332 1333
f 1334 1331 1328
f 1332 1324 1327
f 1332 1327 1333
f 1331 1325 1328
f 1328 1329 1330
f 1328 1326 1329
f 1328 1325 1326
f 1327 1324 1323
f 1325 1322 1326
f 1325 1321 1322
f 1336 1332 1335
f 1323 1324 1313
f 1321 1318 1322
f 1321 1317 1318
f 1320 1280 1298
f 1320 1298 1319
f 1320 1313 1280
f 1319 1311 1315
f 1319 1298 1312
f 1319 1315 1314
f 1319 1312 1311
f 1317 1314 1316
f 1344 1341 1109
f 1346 1106 1351
f 1346 1351 1350
f 1346 1350 1349
f 1346 1349 1348
f 1346 1348 1347
f 1346 1347 1313
f 1346 1104 1106
f 1346 1313 1324
f 1345 1344 1104
f 1345 1324 1344
f 1344 1332 1341
f 1317 1316 1318
f 1344 1109 1104
f 1344 1324 1332
f 1341 1332 1340
f 1341 1337 1109
f 1341 1343 1337
f 1341 1342 1343
f 1341 1340 1342
f 1332 1339 1340
f 1332 1336 1339
f 1109 1338 1107
f 1109 1337 1338
f 1287 1271 1286
f 1288 1287 1065
f 1288 1271 1287
f 1288 1293 1272
f 1288 1292 1293
f 1288 1291 1292
f 1288 1290 1291
f 1288 1289 1290
f 1288 1064 1289
f 1288 1065 1064
f 1287 1286 1285
f 1287 1285 1065
f 1288 1272 1271
f 1286 1279 1285
f 1286 1271 1279
f 1285 1283 1284
f 1285 1284 1065
f 1285 1279 1283
f 1284 1283 1025
f 1284 1025 1065
f 1283 1279 1278
f 1283 1278 1025
f 1278 1274 1273
f 1278 1273 1025
f 1304 1303 1256
f 1314 1315 1316
f 1313 1299 1280
f 1311 1312 1310
f 1311 1310 1309
f 1309 1308 1307
f 1309 1310 1308
f 1307 1306 1305
f 1307 1308 1306
f 1264 1304 1256
f 1305 1301 1303
f 1305 1306 1301
f 1346 1345 1104
f 1303 1301 1256
f 1256 1302 1257
f 1256 1301 1302
f 1299 1300 1280
f 1298 1280 1297
f 1297 1279 1296
f 1297 1280 1279
f 1296 1271 1295
f 1296 1279 1271
f 1295 1271 1294
f 1294 1271 1270
f 1408 1398 1400
f 1421 1412 1411
f 1421 1425 1412
f 1421 1424 1425
f 1421 1423 1424
f 1421 1422 1423
f 1421 1418 1422
f 1419 1416 1420
f 1416 1417 1418
f 1414 1411 1415
f 1411 1412 1413
f 1408 1403 1402
f 1421 1416 1418
f 1408 1405 1398
f 1408 1402 1405
f 1408 1410 1403
f 1408 1409 1410
f 1408 1400 1409
f 1405 1393 1395
f 1405 1392 1389
f 1405 1395 1407
f 1405 1407 1406
f 1405 1406 1392
f 1405 1402 1393
f 51 1402 1432
f 1439 1440 1435
f 1438 1437 1416
f 1437 1435 1416
f 1416 1436 1417
f 1416 1435 1436
f 1433 1434 1396
f 47 1396 45
f 45 1393 50
f 45 1396 1393
f 50 1402 51
f 50 1393 1402
f 1405 1389 1398
f 1432 1402 1431
f 1431 1402 1404
f 1426 1420 1416
f 1426 1411 1414
f 1426 1416 1421
f 1426 1421 1411
f 1426 1430 1420
f 1426 1429 1430
f 1426 1428 1429
f 1426 1427 1428
f 1426 1414 1427
f 1359 1361 1362
f 1370 1365 1368
f 1365 1369 1366
f 1365 1367 1368
f 1365 1366 1367
f 1359 1357 1328
f 1359 1149 1354
f 1359 1328 1355
f 1359 1352 1149
f 1359 1364 1352
f 1359 1363 1364
f 1359 1362 1363
f 1371 1372 1373
f 1359 1355 1361
f 1359 1360 1357
f 1359 1354 1360
f 1334 1328 1358
f 1358 1328 1356
f 1356 1328 1357
f 1328 1330 1355
f 1354 1149 1353
f 1353 1149 1181
f 1149 1352 1147
f 1346 1324 1345
f 1383 1378 1382
f 1404 1402 1401
f 1401 1402 1403
f 1400 1398 1397
f 1397 1398 1399
f 1393 1396 1394
f 1393 1394 1395
f 1389 1392 1390
f 1389 1390 1391
f 1388 1386 1387
f 1386 1383 1384
f 1386 1384 1387
f 1594 1596 1597
f 1383 1377 1376
f 1383 1385 1377
f 1383 1382 1385
f 1383 1376 1384
f 1378 1381 1382
f 1378 1380 1381
f 1378 1379 1380
f 1376 1375 1373
f 1376 1377 1375
f 1375 1374 1373
f 1374 1371 1373
f 1806 1800 1807
f 1813 1814 1815
f 1813 1811 1814
f 1634 1626 1812
f 1626 1629 1811
f 1810 1764 1763
f 1764 1809 1766
f 1806 1802 1618
f 1806 1753 1800
f 1806 1803 1753
f 1806 1618 1803
f 1806 1808 1802
f 1806 1807 1808
f 1813 1815 1816
f 1803 1796 1755
f 1803 1622 1798
f 1803 1798 1805
f 1803 1805 1804
f 1803 1804 1796
f 1803 1618 1622
f 1803 1755 1753
f 1619 1618 1801
f 1801 1618 1802
f 1800 1753 1799
f 1799 1753 1752
f 1818 1764 1810
f 1828 1832 1823
f 1828 1831 1832
f 1828 1830 1831
f 1828 1829 1830
f 1828 1825 1829
f 1662 1656 1826
f 1826 1656 1827
f 1656 1658 1825
f 1824 1667 1666
f 1667 1823 1668
f 1818 1812 1626
f 1622 1624 1797
f 1818 1626 1813
f 1818 1813 1764
f 1818 1822 1812
f 1818 1821 1822
f 1818 1820 1821
f 1818 1819 1820
f 1818 1810 1819
f 1813 1626 1811
f 1813 1809 1764
f 1813 1817 1809
f 1813 1816 1817
f 1775 1776 1777
f 1778 1756 1772
f 1778 1775 1754
f 1778 1716 1775
f 1778 1780 1774
f 1778 1779 1780
f 1778 1772 1779
f 1778 1754 1756
f 1778 1722 1716
f 1775 1716 1770
f 1775 1767 1754
f 1775 1777 1767
f 1778 1774 1722
f 1775 1770 1776
f 1727 1722 1773
f 1773 1722 1774
f 1772 1756 1771
f 1771 1756 1758
f 1716 1769 1770
f 1716 135 1769
f 1754 1768 1751
f 1754 1767 1768
f 1765 1761 1764
f 1765 1764 1766
f 1786 1717 1783
f 1622 1797 1798
f 1755 1796 1795
f 1755 1795 1757
f 1791 1785 1717
f 1791 1717 1786
f 1791 1761 1782
f 1791 1786 1761
f 1791 1794 1785
f 1791 1793 1794
f 1791 1792 1793
f 1791 1782 1792
f 1828 1823 1667
f 1786 1781 1761
f 1786 1790 1781
f 1786 1789 1790
f 1786 1788 1789
f 1786 1787 1788
f 1786 1783 1787
f 1718 1717 1784
f 1784 1717 1785
f 1717 1725 1783
f 1782 1761 1765
f 1761 1781 1762
f 1884 1883 1885
f 1891 1894 1895
f 1891 1893 1894
f 1891 1892 1893
f 1890 1889 1865
f 1889 1875 1874
f 1889 1874 1865
f 1889 1888 1875
f 1888 1886 1887
f 1888 1887 1875
f 1886 1884 1885
f 1886 1885 1887
f 1896 1891 1895
f 1884 1882 1883
f 1882 1880 1876
f 1882 1879 1883
f 1882 1876 1879
f 1880 1881 1876
f 1876 1878 1879
f 1876 1877 1878
f 1875 1873 1874
f 1873 1871 1872
f 1873 1872 1874
f 1871 1869 1870
f 1907 1906 1905
f 1917 1915 1916
f 1917 1916 1918
f 1915 1913 1907
f 1915 1907 1916
f 1913 1908 1912
f 1913 1906 1907
f 1913 1914 1906
f 1913 1912 1914
f 1908 1911 1912
f 1908 1910 1911
f 1908 1909 1910
f 1871 1870 1872
f 1906 1904 1905
f 1904 1903 1902
f 1904 1902 1905
f 1903 1899 1902
f 1899 1901 1902
f 1899 1900 1901
f 1898 1865 1864
f 1898 1897 1890
f 1898 1896 1897
f 1898 1890 1865
f 1896 1895 1897
f 1660 1664 1839
f 1848 1654 1660
f 1845 1660 1840
f 1845 1837 1678
f 1845 1847 1837
f 1845 1846 1847
f 1845 1840 1846
f 1642 1654 1843
f 1843 1654 1844
f 1842 1676 1841
f 1841 1676 1674
f 1660 1839 1840
f 1848 1678 1676
f 1678 1838 1680
f 1678 1837 1838
f 1833 1827 1656
f 1833 1667 1824
f 1833 1656 1828
f 1833 1828 1667
f 1833 1836 1827
f 1833 1835 1836
f 1833 1834 1835
f 1833 1824 1834
f 1828 1656 1825
f 1859 1858 1851
f 1869 1867 1868
f 1869 1868 1870
f 1867 1866 1860
f 1867 1860 1868
f 1866 1862 1855
f 1866 1855 1860
f 1864 1861 1859
f 1864 1865 1861
f 1862 1863 1855
f 1861 1858 1859
f 1860 1855 1857
f 1761 1763 1764
f 1858 1854 1851
f 1855 1856 1857
f 1854 1852 1851
f 1851 1852 1853
f 1848 1844 1654
f 1848 1845 1678
f 1848 1676 1842
f 1848 1660 1845
f 1848 1850 1844
f 1848 1849 1850
f 1848 1842 1849
f 1647 1640 1641
f 1655 1654 1651
f 1654 1642 1651
f 1652 1649 1650
f 1652 1650 1653
f 1651 1642 1648
f 1649 1646 1650
f 1649 1645 1646
f 1648 1625 1647
f 1648 1642 1625
f 1647 1625 1640
f 1647 1641 1643
f 1656 1652 1653
f 1645 1644 1646
f 1645 1643 1644
f 1643 1641 1644
f 1642 1624 1625
f 1641 1640 1639
f 1639 1638 1637
f 1639 1640 1638
f 1637 1636 1635
f 1637 1638 1636
f 1635 1633 1632
f 1635 1636 1633
f 1670 1665 1668
f 1683 1684 1685
f 1682 1665 1670
f 1665 1681 1669
f 1679 1677 1678
f 1679 1678 1680
f 1677 1675 1676
f 1677 1676 1678
f 1675 1671 1674
f 1675 1674 1676
f 1671 1673 1674
f 1671 1672 1673
f 1634 1631 1626
f 1665 1669 1666
f 1665 1667 1668
f 1665 1666 1667
f 1664 1660 1663
f 1663 1660 1661
f 1662 1659 1656
f 1660 1654 1655
f 1660 1655 1661
f 1659 1652 1656
f 1656 1657 1658
f 1656 1653 1657
f 1599 1593 1461
f 1611 1613 1603
f 1611 1612 1613
f 1611 1606 1612
f 1447 1457 1609
f 1609 1457 1610
f 1608 1376 1607
f 1607 1376 1373
f 1465 1605 1606
f 1465 1469 1605
f 1384 1604 1387
f 1384 1603 1604
f 1611 1603 1384
f 1599 1367 1590
f 1599 1461 1594
f 1599 1594 1367
f 1599 1602 1593
f 1599 1601 1602
f 1599 1600 1601
f 1599 1590 1600
f 1594 1461 1591
f 1594 1589 1367
f 1594 1598 1589
f 1594 1597 1598
f 1620 1618 1617
f 1632 1627 1630
f 1632 1633 1627
f 1631 1630 1626
f 1630 1627 1626
f 1626 1628 1629
f 1626 1627 1628
f 1625 1624 1623
f 1623 1622 1621
f 1623 1624 1622
f 1621 1618 1620
f 1621 1622 1618
f 1686 1683 1687
f 1617 1618 1619
f 1614 1610 1457
f 1614 1376 1608
f 1614 1611 1384
f 1614 1465 1611
f 1614 1616 1610
f 1614 1615 1616
f 1614 1608 1615
f 1614 1384 1376
f 1614 1457 1465
f 1611 1465 1606
f 1736 1735 1728
f 1746 1745 1736
f 1744 1743 1745
f 1744 1742 1743
f 1742 1740 1741
f 1742 1741 1743
f 1740 1739 1683
f 1740 1738 1741
f 1740 1683 1738
f 1739 1684 1683
f 1683 1737 1738
f 1683 1686 1737
f 1746 1744 1745
f 1735 1733 1734
f 1735 1734 1728
f 1733 1731 1732
f 1733 1732 1734
f 1731 1729 1730
f 1731 1730 1732
f 1729 1726 1721
f 1729 1721 1730
f 1727 1723 1722
f 1727 1728 1723
f 1726 1724 1717
f 1703 1728 1727
f 1761 1762 1763
f 1758 1756 1757
f 1758 1759 1760
f 1758 1757 1759
f 1756 1754 1755
f 1756 1755 1757
f 1754 1751 1753
f 1754 1753 1755
f 1751 1752 1753
f 1749 1703 1727
f 1749 1727 1750
f 1726 1717 1721
f 1703 155 157
f 1703 1700 155
f 1703 157 1728
f 1700 160 155
f 1700 1707 160
f 1707 161 160
f 1707 1748 161
f 1707 1747 1748
f 1707 1709 1747
f 157 1746 1736
f 157 1736 1728
f 1693 1697 1687
f 1706 1707 1708
f 1705 1677 1704
f 1704 1677 1679
f 1700 1703 1701
f 1700 1701 1702
f 1675 1699 1698
f 1675 1698 1671
f 1693 1687 1683
f 1693 1665 1682
f 1693 1683 1688
f 1693 1688 1665
f 1709 1707 1706
f 1693 1696 1697
f 1693 1695 1696
f 1693 1694 1695
f 1693 1682 1694
f 1688 1683 1685
f 1688 1681 1665
f 1688 1692 1681
f 1688 1691 1692
f 1688 1690 1691
f 1688 1689 1690
f 1688 1685 1689
f 1713 1710 1677
f 1724 1725 1717
f 1722 1720 1716
f 1722 1723 1720
f 1721 1717 1719
f 1720 139 1716
f 1717 1718 1719
f 139 138 1716
f 138 133 1716
f 1716 133 135
f 1713 1708 1707
f 1713 1677 1705
f 8142 7882 7880
f 1713 1707 1710
f 1713 1715 1708
f 1713 1714 1715
f 1713 1705 1714
f 1710 1700 1702
f 1710 1699 1675
f 1710 1702 1712
f 1710 1712 1711
f 1710 1711 1699
f 1710 1707 1700
f 1710 1675 1677
f 6740 6743 5209
f 6745 6748 6747
f 6744 6747 6743
f 6743 6747 6746
f 6745 6747 6744
f 6743 6746 5207
f 5207 6746 5205
f 6741 6745 6744
f 5217 6745 6742
f 6742 6745 6741
f 5216 6745 5217
f 6741 6744 6743
f 6741 6743 6740
f 6747 6748 5219
f 5209 6743 5207
f 5247 6742 6739
f 6739 6742 6738
f 6738 6742 6741
f 5217 6742 5247
f 6738 6741 6737
f 6737 6741 6740
f 6737 6740 5211
f 5211 6740 5209
f 5243 6739 6736
f 6736 6739 6735
f 6749 6752 5203
f 6752 6756 6755
f 5223 6756 6753
f 6753 6756 6752
f 6752 6755 5201
f 5201 6755 5199
f 6753 6754 5223
f 5221 6754 6753
f 5223 6754 5221
f 6749 6753 6752
f 5221 6753 6750
f 6750 6753 6749
f 6735 6739 6738
f 5203 6752 5201
f 5221 6751 5219
f 6750 6751 5221
f 5219 6751 6750
f 6747 6750 6749
f 5219 6750 6747
f 6747 6749 6746
f 6746 6749 5205
f 5205 6749 5203
f 5216 6748 6745
f 5219 6748 5216
f 6717 6718 6653
f 6727 5176 5179
f 6725 6727 6726
f 6726 6727 5179
f 6723 6725 6724
f 6724 6725 6726
f 5238 6723 6722
f 6722 6723 6724
f 5262 5238 6722
f 6719 6721 6653
f 6720 6721 6719
f 6718 6719 6653
f 5227 6728 6729
f 6716 6717 6653
f 6715 6716 6654
f 6654 6716 6653
f 6714 6715 6654
f 6713 6714 6654
f 6712 6713 6654
f 6711 6712 6654
f 6710 6711 6649
f 6649 6711 6654
f 6709 6710 6647
f 6647 6710 6649
f 6731 6734 5215
f 5247 6739 5243
f 6734 6738 6737
f 6735 6738 6734
f 6734 6737 5213
f 5213 6737 5211
f 6732 6736 6735
f 5237 6736 6733
f 6733 6736 6732
f 5243 6736 5237
f 6732 6735 6731
f 6731 6735 6734
f 5225 6757 5223
f 5215 6734 5213
f 6725 6733 6732
f 5237 6733 5238
f 5238 6733 6723
f 6723 6733 6725
f 6727 6732 6731
f 6725 6732 6727
f 5176 6731 5215
f 6727 6731 5176
f 5227 5229 6730
f 5227 6730 6728
f 6796 6797 6795
f 6801 6803 6800
f 6798 6803 6804
f 6797 6802 6801
f 5162 6802 6799
f 6799 6802 6797
f 5158 6802 5162
f 6797 6801 6800
f 6797 6800 6798
f 5162 6799 6796
f 6796 6799 6797
f 6795 6797 6794
f 6800 6803 6798
f 6794 6797 6791
f 6791 6797 6798
f 6792 6796 6790
f 6793 6796 6792
f 5166 6796 6793
f 5162 6796 5166
f 6790 6796 6795
f 6790 6795 6794
f 6790 6794 6791
f 6762 6793 6792
f 5172 6793 6762
f 6804 6809 6810
f 6812 6815 6810
f 6810 6815 6816
f 6809 6814 6813
f 5154 6814 6811
f 6811 6814 6809
f 5153 6814 5154
f 6809 6813 6812
f 6809 6812 6810
f 6808 6811 6809
f 5154 6811 6808
f 6806 6809 6804
f 5166 6793 5172
f 6808 6809 6807
f 6807 6809 6806
f 6803 6808 6807
f 5158 6808 6805
f 6805 6808 6803
f 5154 6808 5158
f 6803 6807 6806
f 6803 6806 6804
f 6802 6805 6803
f 5158 6805 6802
f 6802 6803 6801
f 5227 6760 5225
f 6766 6768 6767
f 6767 6768 6769
f 6764 6766 6765
f 6765 6766 6767
f 6762 6764 6763
f 6763 6764 6765
f 5172 6762 6761
f 6761 6762 6763
f 5173 5172 6761
f 5225 6760 6759
f 6759 6760 5227
f 6769 6770 6771
f 6729 6759 5227
f 6755 6759 6758
f 6758 6759 6729
f 5225 6759 6756
f 6756 6759 6755
f 6755 6758 5199
f 5196 6758 6729
f 5197 6758 5196
f 5199 6758 5197
f 5223 6757 6756
f 6756 6757 5225
f 6783 6784 6785
f 6762 6792 6764
f 6764 6792 6766
f 6766 6792 6790
f 6778 6790 6791
f 6766 6790 6768
f 6768 6790 6770
f 6770 6790 6778
f 5168 5170 6789
f 6788 6784 6787
f 6787 6784 6786
f 6786 6784 6783
f 6708 6709 6644
f 5164 6781 6782
f 6770 6778 6773
f 6773 6778 6780
f 6780 6778 6777
f 6777 6778 6779
f 6768 6770 6769
f 6771 6770 6776
f 6776 6770 6775
f 6775 6770 6774
f 6774 6770 6772
f 6772 6770 6773
f 6605 6634 5317
f 6642 6643 6638
f 6638 6641 6639
f 6638 6639 6640
f 6605 5307 5305
f 6632 6605 6637
f 6637 6605 5305
f 6631 6632 6636
f 6636 6632 6637
f 5266 6631 6635
f 6635 6631 6636
f 5301 5266 6635
f 5321 6634 6629
f 6638 6643 6641
f 6633 6634 6632
f 6628 6634 6633
f 6629 6634 6628
f 5317 6634 5321
f 6632 6634 6605
f 6628 6633 6630
f 6630 6633 6632
f 6628 6630 6627
f 5267 6630 5266
f 5269 6630 5267
f 6627 6630 5269
f 5167 6655 5163
f 5163 6660 5159
f 6652 6658 6650
f 6650 6658 6657
f 6659 6658 6651
f 6651 6658 6652
f 6650 6657 6648
f 6648 6657 6656
f 6648 6656 6645
f 6655 6656 5163
f 6645 6656 6655
f 6645 6655 5167
f 6631 6630 6632
f 6649 6652 6650
f 6654 6652 6649
f 6653 6652 6654
f 6651 6652 6653
f 6647 6650 6648
f 6649 6650 6647
f 6644 6648 6645
f 6647 6648 6644
f 5171 6645 5167
f 6646 6645 5171
f 6644 6645 6646
f 6613 6617 6616
f 5275 6621 5273
f 6616 6620 6619
f 5310 6620 6617
f 6617 6620 6616
f 5333 6620 5310
f 6616 6619 6615
f 6615 6619 6618
f 6615 6618 5277
f 5277 6618 5275
f 5312 6617 6614
f 6614 6617 6613
f 6619 6621 6618
f 5310 6617 5312
f 6612 6616 6615
f 6613 6616 6612
f 6612 6615 5279
f 5279 6615 5277
f 6611 6614 6609
f 5314 6614 6611
f 6609 6614 6613
f 5312 6614 5314
f 6607 6613 6612
f 6609 6613 6607
f 5329 6626 6623
f 5266 6630 6631
f 5325 6629 6626
f 6626 6629 6628
f 5321 6629 5325
f 6625 6628 6627
f 6626 6628 6625
f 6625 6627 6624
f 6624 6627 5271
f 5271 6627 5269
f 6623 6626 6622
f 6622 6626 6625
f 6656 6661 5163
f 5325 6626 5329
f 6621 6625 6624
f 6622 6625 6621
f 6621 6624 5273
f 5273 6624 5271
f 6619 6623 6622
f 6620 6623 6619
f 5333 6623 6620
f 5329 6623 5333
f 6619 6622 6621
f 6618 6621 5275
f 6682 6689 6687
f 5165 6695 5169
f 6688 6694 6689
f 5161 6694 6692
f 6692 6694 5165
f 6689 6694 5161
f 6693 6694 6688
f 6691 6692 5165
f 5161 6692 6691
f 6690 6691 5165
f 5161 6691 6690
f 5161 6690 5165
f 6696 6695 6697
f 6687 6689 5161
f 6684 6689 6682
f 6683 6689 6684
f 6688 6689 6683
f 6686 6687 5161
f 5157 6687 6686
f 6682 6687 5157
f 6685 6686 5161
f 5157 6686 6685
f 5157 6685 5161
f 6677 6684 6682
f 6638 6703 6642
f 6644 6709 6647
f 6707 6708 6646
f 6646 6708 6644
f 5171 6707 6646
f 5174 6707 5171
f 6693 6703 6694
f 6694 6703 5165
f 6642 6703 6706
f 6706 6703 6705
f 6705 6703 6704
f 6702 6703 6638
f 6679 6684 6677
f 6704 6703 6693
f 6701 6703 6702
f 5165 6703 6701
f 6699 6701 6700
f 6700 6701 6702
f 5165 6701 6699
f 6695 6699 6697
f 6697 6699 6700
f 5165 6699 6695
f 5169 6695 6698
f 6698 6695 6696
f 6661 6666 5159
f 6666 6672 5155
f 6667 6672 6666
f 6671 6672 5151
f 5155 6671 5151
f 6662 6669 6667
f 6663 6669 6664
f 6664 6669 6662
f 6670 6669 6668
f 6668 6669 6663
f 6661 6667 6666
f 6662 6667 6661
f 5155 6672 6671
f 5159 6666 6665
f 6665 6666 5155
f 5159 6665 5155
f 6658 6664 6657
f 6659 6664 6658
f 6657 6664 6662
f 6663 6664 6659
f 6657 6662 6656
f 6656 6662 6661
f 5163 6661 6660
f 6660 6661 5159
f 6678 6679 6670
f 6678 6684 6679
f 6683 6684 6678
f 6681 6682 5157
f 5152 6682 6681
f 6677 6682 5152
f 6680 6681 5157
f 5152 6681 6680
f 5152 6680 5157
f 6673 6679 6677
f 6674 6679 6673
f 6670 6679 6674
f 6813 6815 6812
f 6676 6677 5152
f 5151 6677 6676
f 6673 6677 5151
f 5151 6676 6675
f 6675 6676 5152
f 5151 6675 5152
f 6670 6674 6669
f 6667 6674 6673
f 6669 6674 6667
f 6672 6673 5151
f 6667 6673 6672
f 6953 6956 6952
f 5539 6960 6957
f 5538 6960 5539
f 6956 6959 6958
f 6957 6959 6956
f 6956 6958 6955
f 6955 6958 5531
f 5531 6958 5529
f 6954 6957 6953
f 5565 6957 6954
f 6953 6957 6956
f 5539 6957 5565
f 6952 6956 6955
f 6957 6960 6959
f 6952 6955 5531
f 5566 6954 6951
f 6950 6954 6953
f 6951 6954 6950
f 5565 6954 5566
f 6949 6953 6952
f 6950 6953 6949
f 6949 6952 5535
f 5533 6952 5531
f 5535 6952 5533
f 6946 6951 6950
f 5541 6965 6962
f 5543 6968 6965
f 6964 6968 6967
f 6965 6968 6964
f 6964 6967 5525
f 5523 6967 5521
f 5525 6967 5523
f 5543 6966 5541
f 6965 6966 5543
f 5541 6966 6965
f 6962 6965 6961
f 6961 6965 6964
f 5559 6951 6947
f 6961 6964 5527
f 5527 6964 5525
f 5538 6963 6960
f 5541 6963 5538
f 6962 6963 5541
f 6960 6963 6962
f 6959 6962 6958
f 6958 6962 6961
f 6960 6962 6959
f 6958 6961 5529
f 5529 6961 5527
f 6931 6929 6877
f 6939 6938 6937
f 6937 6938 5313
f 6925 6935 6929
f 6929 6935 6930
f 6930 6935 6934
f 6934 6935 6936
f 6877 6929 6874
f 6925 6929 6926
f 6926 6929 6933
f 6933 6929 6932
f 6932 6929 6931
f 6936 6938 6939
f 6874 6929 6930
f 6924 6928 6927
f 5311 6928 6924
f 6923 6927 6925
f 6924 6927 6923
f 6923 6925 6922
f 6922 6925 6919
f 6919 6925 6926
f 6920 6924 6923
f 6921 6924 6920
f 5308 6924 6921
f 6945 6946 6943
f 6947 6951 6946
f 5566 6951 5559
f 6946 6950 6944
f 6944 6950 6949
f 6944 6949 5537
f 5537 6949 5535
f 6945 6947 6946
f 5559 6947 5560
f 6948 6947 6945
f 5560 6947 6948
f 6943 6946 6944
f 5543 6969 6968
f 5500 6944 5537
f 6943 6944 5500
f 5549 5551 6942
f 5549 6942 6940
f 5549 6940 6941
f 6928 6938 6927
f 5311 6938 6928
f 6927 6938 6925
f 6935 6938 6936
f 5313 6938 5311
f 6925 6938 6935
f 7002 7005 7006
f 7010 7012 7011
f 7006 7012 7010
f 7006 7010 7011
f 7004 7009 7002
f 5550 7009 7004
f 7002 7009 7008
f 5548 7009 5550
f 7007 7008 7006
f 7002 7008 7007
f 7002 7007 7005
f 7005 7007 7006
f 7008 7013 7006
f 7003 7004 7002
f 5552 7004 7000
f 5550 7004 5552
f 7000 7004 6998
f 6998 7004 7003
f 7001 7003 7002
f 6998 7003 7001
f 6998 7001 7002
f 6999 7000 6998
f 6988 7000 6999
f 5553 7000 6988
f 7017 7018 7016
f 5540 7024 5542
f 7016 7023 7022
f 7022 7023 7021
f 7018 7023 7016
f 7020 7022 7021
f 7016 7022 7020
f 7016 7020 7021
f 7013 7019 7018
f 5544 7019 7014
f 7014 7019 7013
f 7011 7018 7017
f 5552 7000 5553
f 7013 7018 7011
f 7011 7017 7015
f 7015 7017 7016
f 7011 7015 7016
f 7009 7014 7008
f 5548 7014 7009
f 5546 7014 5548
f 5544 7014 5546
f 7008 7014 7013
f 7012 7013 7011
f 7006 7013 7012
f 5518 6973 6941
f 6976 6948 6977
f 5584 5560 6976
f 6974 6975 5549
f 5547 6975 6974
f 5549 6975 5547
f 6941 6974 5549
f 6973 6974 6941
f 6970 6974 6973
f 6971 6974 6970
f 5547 6974 6971
f 6970 6973 5521
f 5560 6948 6976
f 5519 6973 5518
f 5521 6973 5519
f 5545 6972 6971
f 6971 6972 5547
f 5547 6972 5545
f 6967 6971 6970
f 6968 6971 6967
f 5545 6971 6968
f 6967 6970 5521
f 6968 6969 5545
f 5545 6969 5543
f 6981 6987 6986
f 6988 6999 6997
f 6997 6999 6998
f 6988 6997 6998
f 6993 6996 6994
f 6993 6994 6995
f 6992 5553 6988
f 6991 6992 6988
f 6990 6991 6988
f 6989 6990 6988
f 6987 6989 6988
f 6980 6987 6981
f 5311 6924 5308
f 6986 6987 6988
f 6985 6980 6984
f 6984 6980 6983
f 6983 6980 6982
f 6982 6980 6979
f 6979 6980 6981
f 6943 5500 5499
f 6945 6943 6978
f 6978 6943 5499
f 6948 6945 6977
f 6977 6945 6978
f 6846 6842 6845
f 6851 6852 6789
f 5164 6850 6848
f 6848 6850 6849
f 6849 6850 6851
f 6842 6848 6843
f 5164 6848 6842
f 6843 6848 6847
f 6847 6848 6849
f 6788 6842 6784
f 5164 6842 6781
f 6781 6842 6846
f 5168 6852 5164
f 6845 6842 6844
f 6844 6842 6788
f 6784 6842 6843
f 6837 6841 6840
f 5160 6841 6838
f 5164 6841 5160
f 6840 6841 5164
f 6838 6841 6837
f 6839 6840 5164
f 6837 6840 6836
f 6836 6840 6839
f 6858 6860 6859
f 6862 6870 6865
f 6865 6870 6872
f 6872 6870 6869
f 6869 6870 6871
f 6860 6862 6861
f 6863 6862 6868
f 6868 6862 6867
f 6867 6862 6866
f 6866 6862 6864
f 6864 6862 6865
f 6861 6862 6863
f 6782 6839 5164
f 6859 6860 6861
f 6856 6858 6857
f 6857 6858 6859
f 6854 6856 6855
f 6855 6856 6857
f 5303 6854 6853
f 6853 6854 6855
f 5304 5303 6853
f 6789 6852 5168
f 5164 6852 6850
f 6850 6852 6851
f 6816 6822 6823
f 6824 6828 6822
f 5150 6828 6825
f 5156 6828 5150
f 6822 6827 6826
f 6822 6826 6823
f 6821 6825 6824
f 5150 6825 6821
f 6820 6824 6822
f 6821 6824 6820
f 6820 6822 6819
f 6819 6822 6816
f 6825 6828 6824
f 6815 6821 6820
f 6818 6821 6817
f 6817 6821 6815
f 5153 6821 6818
f 5150 6821 5153
f 6815 6820 6819
f 6815 6819 6816
f 6814 6818 6817
f 5153 6818 6814
f 6814 6817 6815
f 6814 6815 6813
f 5160 6835 5156
f 6836 6839 6782
f 6835 6838 6837
f 5160 6838 6835
f 6834 6837 6836
f 6835 6837 6834
f 6834 6836 6833
f 6833 6836 6830
f 6830 6836 6782
f 6831 6835 6834
f 6832 6835 6831
f 5156 6835 6832
f 6873 6874 6875
f 6829 6834 6833
f 6831 6834 6829
f 6829 6833 6830
f 6828 6832 6831
f 5156 6832 6828
f 6827 6831 6829
f 6828 6831 6827
f 6827 6829 6826
f 6826 6829 6823
f 6823 6829 6830
f 6822 6828 6827
f 6902 6904 6901
f 6906 6910 6909
f 6907 6910 6906
f 5335 6910 6907
f 5309 6910 5335
f 6904 6909 6908
f 6906 6909 6904
f 6904 6908 6905
f 6903 6907 6906
f 5335 6907 6903
f 6902 6906 6904
f 6903 6906 6902
f 6905 6911 6912
f 6901 6904 6898
f 6898 6904 6905
f 6897 6903 6902
f 5331 6903 6900
f 6900 6903 6899
f 6899 6903 6897
f 5335 6903 5331
f 6897 6902 6901
f 6897 6901 6898
f 5331 6900 6896
f 6896 6900 6899
f 6914 6917 6913
f 6918 6923 6922
f 6920 6923 6918
f 6918 6922 6919
f 6917 6921 6920
f 5308 6921 6917
f 6916 6920 6918
f 6917 6920 6916
f 6916 6918 6915
f 6915 6918 6912
f 6912 6918 6919
f 6911 6917 6916
f 6895 6899 6897
f 6913 6917 6911
f 5309 6917 6914
f 5308 6917 5309
f 6911 6916 6915
f 6911 6915 6912
f 6910 6914 6913
f 5309 6914 6910
f 6910 6913 6911
f 6910 6911 6909
f 6909 6911 6908
f 6908 6911 6905
f 6858 6881 6880
f 6881 6887 6886
f 5319 6887 6882
f 6882 6887 6881
f 5323 6887 5319
f 6879 6886 6883
f 6881 6886 6879
f 6883 6885 6884
f 6879 6883 6884
f 6854 6882 6881
f 5303 6882 6854
f 5319 6882 5303
f 6883 6888 6885
f 6880 6881 6879
f 6854 6881 6856
f 6856 6881 6858
f 6878 6880 6879
f 6858 6880 6860
f 6860 6880 6878
f 6870 6878 6879
f 6860 6878 6862
f 6862 6878 6870
f 6877 6874 6876
f 6876 6874 6873
f 5327 6893 6889
f 6896 6899 6895
f 6895 6897 6894
f 6894 6897 6891
f 6891 6897 6898
f 5327 6896 6893
f 6893 6896 6892
f 6892 6896 6895
f 5331 6896 5327
f 6892 6895 6890
f 6890 6895 6894
f 6890 6894 6891
f 6607 6612 5281
f 6889 6893 6892
f 6888 6892 6890
f 6889 6892 6888
f 6885 6890 6884
f 6884 6890 6891
f 6888 6890 6885
f 6883 6889 6888
f 6887 6889 6886
f 5323 6889 6887
f 6886 6889 6883
f 5327 6889 5323
f 6324 6325 6323
f 6336 6337 4976
f 6333 6335 6334
f 6334 6335 6336
f 6331 6333 6332
f 6332 6333 6334
f 6329 6331 6330
f 6330 6331 6332
f 6328 6329 6323
f 6323 6329 6330
f 6327 6328 6323
f 6326 6327 6323
f 6325 6326 6323
f 6335 6337 6336
f 6322 6324 6323
f 6319 6322 6321
f 6321 6322 6323
f 6320 6319 6321
f 6318 6319 6320
f 6313 6314 6241
f 6316 6314 6306
f 6306 6314 6305
f 6305 6314 6304
f 6245 6314 6317
f 6317 6314 6315
f 6332 6346 6345
f 6346 6351 6345
f 6345 6351 6350
f 4980 6351 6346
f 6344 6350 6348
f 6345 6350 6344
f 6344 6348 6338
f 6338 6348 6349
f 6336 6347 6346
f 4980 6347 4976
f 6346 6347 4980
f 4976 6347 6336
f 6315 6314 6316
f 6336 6346 6334
f 6334 6346 6332
f 6330 6345 6344
f 6332 6345 6330
f 6323 6344 6338
f 6330 6344 6323
f 6343 6340 6342
f 6342 6340 6339
f 6339 6340 6341
f 6323 6338 6321
f 6337 4974 4976
f 6291 6297 6295
f 6297 6301 6300
f 6296 6301 6297
f 6299 6300 4966
f 6297 6300 6295
f 6295 6300 6299
f 6295 6299 6294
f 6294 6299 6298
f 6298 6299 4966
f 6294 6298 4968
f 4968 6298 4966
f 6293 6297 6292
f 4966 6302 4964
f 6292 6297 6291
f 6289 6297 6293
f 6296 6297 6289
f 6291 6295 6294
f 6291 6294 4968
f 6290 6293 6292
f 6289 6293 6290
f 6290 6292 6291
f 6290 6291 6288
f 6288 6291 6287
f 6287 6291 4982
f 6240 6307 6308
f 6241 6314 6245
f 6304 6314 6313
f 6309 6313 6311
f 4964 6313 6309
f 6304 6313 4964
f 6311 6313 6312
f 6312 6313 6241
f 6307 6309 6308
f 6308 6309 6310
f 6310 6309 6311
f 4964 6309 6307
f 4970 6352 4980
f 4964 6307 4961
f 4961 6307 6240
f 6306 6305 6296
f 6301 6305 6304
f 6296 6305 6301
f 4966 6304 6303
f 6303 6304 4964
f 6301 6304 6300
f 6300 6304 4966
f 6302 6303 4964
f 4966 6303 6302
f 6381 6382 4965
f 4965 6387 6386
f 6386 6387 4963
f 4965 6386 6384
f 6384 6386 4963
f 6379 6384 6380
f 4965 6384 6379
f 6380 6384 6385
f 4967 6383 6382
f 6382 6383 4965
f 4965 6383 4967
f 4967 6382 6381
f 4963 6388 4965
f 4967 6381 6379
f 6379 6381 4965
f 4967 6379 6374
f 6374 6379 6375
f 6375 6379 6380
f 4969 6378 6377
f 6377 6378 4967
f 4967 6378 4969
f 4969 6377 6376
f 6376 6377 4967
f 6374 6376 4967
f 6395 6394 6396
f 5063 5062 6401
f 4963 6399 6397
f 4960 6399 4963
f 6398 6399 6400
f 6400 6399 4960
f 6397 6399 6398
f 4963 6397 6394
f 6394 6397 6396
f 6396 6397 6398
f 4963 6394 6389
f 6393 6394 6395
f 6369 6376 6374
f 6389 6394 6393
f 6343 6389 6340
f 6384 6389 6385
f 4963 6389 6384
f 6340 6389 6393
f 6390 6389 6392
f 6392 6389 6391
f 6391 6389 6343
f 6385 6389 6390
f 4965 6388 6387
f 6387 6388 4963
f 4970 6357 6356
f 6361 6363 6362
f 4978 6363 6361
f 6362 6363 4978
f 6360 6361 6362
f 4978 6361 6360
f 6355 6360 6353
f 6353 6360 6358
f 4978 6360 6355
f 6353 6358 6354
f 6354 6358 6359
f 6356 6357 4978
f 6359 6364 6365
f 4978 6357 4970
f 6350 6356 6355
f 6351 6356 6350
f 4970 6356 6351
f 6355 6356 4978
f 6348 6355 6353
f 6350 6355 6348
f 6348 6353 6349
f 6349 6353 6354
f 6351 6352 4970
f 4980 6352 6351
f 4983 6371 6366
f 4969 6376 6371
f 6371 6376 6369
f 6369 6374 6370
f 6370 6374 6375
f 4983 6373 6372
f 6372 6373 4969
f 4969 6373 4983
f 6371 6372 4969
f 4983 6372 6371
f 6366 6371 6364
f 6364 6371 6369
f 4982 6291 4968
f 6364 6369 6365
f 6365 6369 6370
f 4983 6368 6362
f 6362 6368 6367
f 6367 6368 4983
f 6362 6367 6366
f 6366 6367 4983
f 6362 6366 6360
f 6360 6366 6364
f 6360 6364 6358
f 6358 6364 6359
f 6211 6215 6214
f 5015 6218 5013
f 6188 6218 6186
f 6186 6218 5015
f 6216 6217 6188
f 6214 6217 6216
f 6214 6216 6213
f 5039 6216 6190
f 6213 6216 5043
f 5043 6216 5039
f 6190 6216 6188
f 5009 6215 6212
f 6215 6218 6214
f 5011 6215 5009
f 5013 6215 5011
f 6212 6215 6211
f 6211 6214 6210
f 6210 6214 6213
f 6210 6213 5047
f 5047 6213 5043
f 6209 6212 6211
f 5007 6212 6209
f 5009 6212 5007
f 6207 6211 6210
f 6226 6227 6228
f 6239 6238 6237
f 6237 6238 6236
f 6235 6236 6234
f 6233 6235 6234
f 6232 6233 6228
f 6228 6233 6234
f 6231 6232 6228
f 6230 6231 6228
f 6229 6230 6228
f 6227 6229 6228
f 6225 6227 6226
f 6209 6211 6208
f 6223 6225 6224
f 6224 6225 6226
f 6221 6223 6222
f 6222 6223 6224
f 6219 6221 6220
f 6220 6221 6222
f 4975 6219 4973
f 4973 6219 6220
f 5013 6218 6215
f 6214 6218 6217
f 6217 6218 6188
f 6194 6196 6195
f 6198 6202 6201
f 6198 6201 5032
f 5032 6201 5029
f 6196 6200 6195
f 6195 6200 6199
f 4999 6200 6196
f 5001 6200 4999
f 6193 6199 6198
f 6195 6199 6193
f 6193 6198 5034
f 5034 6198 5032
f 6199 6202 6198
f 4998 6196 6197
f 6197 6196 6194
f 4999 6196 4998
f 6192 6195 6193
f 6194 6195 6192
f 5035 6193 5034
f 6192 6193 5035
f 5039 6190 4989
f 6191 4987 4989
f 6189 6191 6190
f 6190 6191 4989
f 6202 6206 6205
f 6208 6211 6207
f 6207 6210 5051
f 5051 6210 5047
f 6206 6209 6205
f 5005 6209 6206
f 6205 6209 6208
f 5007 6209 5005
f 6204 6208 6207
f 6205 6208 6204
f 6204 6207 5055
f 5055 6207 5051
f 6236 6238 6234
f 6203 6206 6202
f 5003 6206 6203
f 5005 6206 5003
f 6201 6205 6204
f 6202 6205 6201
f 6201 6204 5029
f 5029 6204 5055
f 5001 6203 6200
f 6199 6203 6202
f 6200 6203 6199
f 5003 6203 5001
f 6269 6273 6268
f 6273 6278 6277
f 6274 6278 6273
f 6273 6277 6271
f 6271 6277 6272
f 6272 6277 4984
f 6263 6276 6270
f 6270 6276 6274
f 6275 6276 6263
f 6269 6274 6273
f 6270 6274 6269
f 6268 6273 6271
f 6274 6279 6278
f 6268 6271 4977
f 4977 6271 6272
f 6266 6270 6265
f 6265 6270 6269
f 6263 6270 6267
f 6267 6270 6266
f 6265 6269 6264
f 6264 6269 6268
f 6264 6268 4977
f 6263 6267 6262
f 6262 6267 6266
f 6281 6284 6280
f 6285 6290 6288
f 6286 6290 6285
f 6282 6290 6286
f 6289 6290 6282
f 6284 6288 6287
f 6285 6288 6284
f 6284 6287 4982
f 6283 6286 6285
f 6282 6286 6283
f 6281 6285 6284
f 6283 6285 6281
f 6262 6266 6261
f 6280 6284 4984
f 4984 6284 4982
f 6277 6283 6281
f 6275 6283 6279
f 6279 6283 6278
f 6278 6283 6277
f 6282 6283 6275
f 6277 6281 6280
f 6277 6280 4984
f 6275 6279 6276
f 6276 6279 6274
f 6250 6249 6234
f 6248 6253 6252
f 6252 6253 4971
f 6249 6253 6248
f 6247 6252 6251
f 6251 6252 4971
f 6248 6252 6247
f 6247 6251 4981
f 4981 6251 4971
f 6234 6249 6228
f 6228 6249 6226
f 6226 6249 6224
f 6249 6254 6253
f 6224 6249 6248
f 6222 6248 6247
f 6224 6248 6222
f 6220 6247 4981
f 6222 6247 6220
f 6241 6246 6244
f 6245 6246 6241
f 6241 6244 6242
f 6241 6242 6243
f 4961 6240 4962
f 6220 4981 4973
f 4972 6260 4979
f 6261 6266 6265
f 6261 6265 6264
f 6260 6264 4979
f 4979 6264 4977
f 6261 6264 6260
f 6257 6262 4972
f 6258 6262 6259
f 6263 6262 6258
f 4972 6262 6261
f 6259 6262 6257
f 4972 6261 6260
f 6401 6402 6403
f 6253 6259 6257
f 6250 6259 6254
f 6254 6259 6253
f 6258 6259 6250
f 6256 6257 4972
f 4971 6257 6256
f 6253 6257 4971
f 6255 6256 4972
f 4971 6256 6255
f 4971 6255 4972
f 6250 6254 6249
f 6539 6541 6540
f 5228 6547 5230
f 6542 6547 6540
f 6540 6546 6545
f 6545 6546 6544
f 6543 6545 6544
f 6540 6545 6543
f 6540 6543 6544
f 6541 6542 6540
f 6530 6542 6541
f 5231 6542 6530
f 5230 6542 5231
f 6530 6541 6539
f 5230 6547 6542
f 6530 6539 6540
f 6535 6538 6536
f 6535 6536 6537
f 6534 5231 6530
f 6533 6534 6530
f 6532 6533 6530
f 6531 6532 6530
f 6529 6531 6530
f 6522 6529 6523
f 6523 6529 6528
f 6528 6529 6530
f 6549 6553 6554
f 6558 6560 6559
f 6554 6558 6559
f 5226 6557 6552
f 6552 6557 6551
f 5224 6557 5226
f 6551 6557 6556
f 6549 6556 6555
f 6555 6556 6554
f 6551 6556 6549
f 6553 6555 6554
f 6549 6555 6553
f 6527 6522 6526
f 5228 6552 6547
f 6547 6552 6544
f 6544 6552 6551
f 5226 6552 5228
f 6550 6551 6549
f 6544 6551 6550
f 6544 6550 6548
f 6548 6550 6549
f 6544 6548 6549
f 6546 6547 6544
f 6540 6547 6546
f 6508 6509 6510
f 6515 6516 6510
f 6510 6514 6513
f 6510 6513 6508
f 6507 6513 6512
f 6508 6513 6507
f 6507 6512 5135
f 5135 6512 5131
f 6505 6511 6509
f 6509 6511 6510
f 6510 6511 6505
f 6505 6509 6508
f 6514 6516 6515
f 6502 6508 6507
f 6505 6508 6503
f 6503 6508 6502
f 6502 6507 5109
f 5109 6507 5135
f 6500 6506 6504
f 6504 6506 6505
f 6505 6506 6500
f 6500 6504 6503
f 6503 6504 6505
f 6500 6503 6498
f 6513 6519 6518
f 6526 6522 6525
f 6525 6522 6524
f 6524 6522 6521
f 6521 6522 6523
f 6515 6520 6519
f 6519 6520 6471
f 6471 6520 6515
f 6514 6519 6513
f 6515 6519 6514
f 6450 6519 6471
f 6518 6519 6451
f 6554 6560 6558
f 6451 6519 6450
f 6512 6518 6517
f 6517 6518 6453
f 6513 6518 6512
f 6453 6518 6451
f 6512 6517 5131
f 5127 6517 5067
f 5131 6517 5127
f 5067 6517 6455
f 6455 6517 6453
f 6510 6516 6514
f 6588 6589 5233
f 6598 6536 6596
f 6596 6536 6597
f 6590 6537 6591
f 6591 6537 6595
f 6595 6537 6593
f 6593 6537 6594
f 6590 6591 6592
f 6586 6589 6588
f 5241 6589 6582
f 5234 6589 5241
f 5233 6589 5234
f 6599 6536 6598
f 6581 6589 6586
f 6582 6589 6581
f 6580 6586 6584
f 6581 6586 6580
f 6584 6586 6585
f 6587 6586 6588
f 6585 6586 6587
f 6579 6584 6583
f 6583 6584 6538
f 6538 6584 6585
f 6580 6584 6579
f 6604 5233 5263
f 5281 6612 5279
f 6610 6611 6609
f 5315 6611 6610
f 5314 6611 5315
f 6606 6609 6607
f 6610 6609 6608
f 6608 6609 6606
f 5283 6607 5281
f 6606 6607 5283
f 5317 5307 6605
f 6588 5233 6604
f 6535 6583 6538
f 6587 6588 6603
f 6603 6588 6604
f 6585 6587 6602
f 6602 6587 6603
f 6538 6585 6601
f 6601 6585 6602
f 6536 6538 6600
f 6600 6538 6601
f 6537 6536 6594
f 6597 6536 6600
f 6594 6536 6599
f 6565 6566 6564
f 5245 6572 5218
f 6564 6571 6570
f 6566 6571 6564
f 6568 6570 6569
f 6564 6570 6568
f 6564 6568 6569
f 5222 6567 6562
f 6561 6567 6566
f 6562 6567 6561
f 5220 6567 5222
f 6559 6566 6565
f 5218 6572 5220
f 6561 6566 6559
f 6563 6565 6564
f 6559 6565 6563
f 6559 6563 6564
f 5224 6562 6557
f 6557 6562 6556
f 6556 6562 6561
f 5222 6562 5224
f 6556 6561 6554
f 6560 6561 6559
f 6554 6561 6560
f 5245 6577 6572
f 6579 6583 6535
f 5245 6582 6577
f 6577 6582 6576
f 5241 6582 5245
f 6576 6582 6581
f 6575 6581 6580
f 6576 6581 6575
f 6578 6580 6579
f 6575 6580 6574
f 6574 6580 6578
f 6574 6578 6579
f 6498 6503 6497
f 6571 6577 6576
f 6572 6577 6571
f 6570 6576 6575
f 6571 6576 6570
f 6573 6575 6574
f 6569 6575 6573
f 6570 6575 6569
f 6569 6573 6574
f 5220 6572 6567
f 6566 6572 6571
f 6567 6572 6566
f 6428 6429 5113
f 6430 6433 6429
f 5113 6432 6431
f 6431 6432 5115
f 6429 6432 5113
f 5113 6431 5115
f 6427 6430 6426
f 5091 6430 5089
f 6426 6430 6429
f 5089 6430 6427
f 6426 6429 5111
f 5111 6429 6428
f 5091 6433 6430
f 5111 6428 5113
f 5087 6427 6424
f 5089 6427 5087
f 6423 6427 6426
f 6424 6427 6423
f 6423 6426 5108
f 5108 6426 6425
f 6425 6426 5111
f 5108 6425 5111
f 6421 6424 6423
f 5085 6424 6421
f 6437 6438 5119
f 6440 6441 6442
f 6438 6439 6409
f 6436 6439 6438
f 5095 6439 6436
f 5097 6439 5095
f 5107 6439 5097
f 6409 6439 5107
f 5119 6438 6409
f 5117 6438 6437
f 6436 6438 6435
f 6435 6438 5117
f 5087 6424 5085
f 5117 6437 5119
f 6432 6436 6435
f 5095 6436 6433
f 6433 6436 6432
f 5115 6435 6434
f 6434 6435 5117
f 6432 6435 5115
f 5115 6434 5117
f 5093 6433 5091
f 5095 6433 5093
f 6429 6433 6432
f 5063 6410 5125
f 6412 6415 6411
f 5081 6415 5079
f 6411 6414 6410
f 6410 6414 6413
f 6410 6413 5125
f 5125 6413 5129
f 6403 6412 6411
f 5079 6412 6405
f 6405 6412 6403
f 6401 6411 6410
f 6403 6411 6401
f 5079 6415 6412
f 6401 6410 5063
f 5119 6409 6408
f 5119 6408 6407
f 5119 6407 5121
f 5070 5079 6405
f 6406 5078 5070
f 6404 6406 6405
f 6405 6406 5070
f 6402 6404 6403
f 6403 6404 6405
f 5062 6402 6401
f 6417 6419 6416
f 6420 6423 5110
f 5110 6423 6422
f 6421 6423 6420
f 6422 6423 5108
f 5110 6422 5108
f 6417 6421 6420
f 6418 6421 6417
f 5083 6421 6418
f 5085 6421 5083
f 6419 6420 5110
f 6417 6420 6419
f 6442 6441 6443
f 6416 6419 5133
f 5133 6419 5110
f 5081 6418 6415
f 6415 6418 6414
f 6414 6418 6417
f 5083 6418 5081
f 6413 6417 6416
f 6414 6417 6413
f 6413 6416 5129
f 5129 6416 5133
f 6411 6415 6414
f 6479 6485 6483
f 6489 6491 6484
f 6484 6490 6488
f 6488 6490 6489
f 6484 6488 6487
f 6487 6488 6489
f 6482 6487 5118
f 6484 6487 6482
f 5118 6487 5116
f 6485 6486 6484
f 6479 6486 6485
f 6484 6486 6479
f 6490 6491 6489
f 6483 6485 6484
f 6479 6483 6482
f 6482 6483 6484
f 6477 6482 5120
f 5120 6482 5118
f 6479 6482 6477
f 6474 6481 6480
f 6480 6481 6479
f 6479 6481 6474
f 6474 6480 6478
f 6478 6480 6479
f 5114 6497 5112
f 6497 6503 6502
f 6497 6502 5112
f 5112 6502 5109
f 6495 6501 6499
f 6499 6501 6500
f 6500 6501 6495
f 6498 6499 6500
f 6495 6499 6498
f 6492 6498 6497
f 6493 6498 6492
f 6495 6498 6493
f 6474 6478 6477
f 6492 6497 5114
f 6489 6496 6494
f 6494 6496 6495
f 6495 6496 6489
f 6489 6494 6493
f 6493 6494 6495
f 6489 6493 6492
f 6487 6492 5116
f 6489 6492 6487
f 5116 6492 5114
f 6484 6491 6490
f 14 16 6451
f 6458 6462 6463
f 6460 6461 6458
f 6459 6460 6458
f 6457 6459 6458
f 6456 6457 6458
f 6454 5066 6455
f 6455 5066 5067
f 6452 6454 6453
f 6453 6454 6455
f 16 6452 6451
f 6451 6452 6453
f 6461 6462 6458
f 9 14 6450
f 6450 14 6451
f 12 9 6445
f 6445 9 6450
f 6449 12 6445
f 6448 6449 6445
f 6447 6448 6445
f 6446 6447 6445
f 6444 6446 6445
f 6441 6444 6443
f 6443 6444 6445
f 6467 6472 5123
f 6477 6478 6479
f 5122 6477 5120
f 6474 6477 6472
f 6472 6477 5122
f 6467 6476 6475
f 6475 6476 6474
f 6474 6476 6467
f 6467 6475 6473
f 6473 6475 6474
f 6472 6473 6474
f 6467 6473 6472
f 5542 7024 5544
f 5123 6472 5122
f 6471 6443 6445
f 6471 6445 6450
f 6465 6467 6463
f 6463 6467 6470
f 6470 6467 6469
f 6469 6467 6468
f 6468 6467 6466
f 6466 6467 5123
f 6464 6465 6463
f 6462 6464 6463
f 7739 7740 7741
f 7745 7747 7746
f 7746 7747 7748
f 148 7745 7744
f 7744 7745 7746
f 146 148 7743
f 7743 148 7744
f 141 146 7742
f 7742 146 7743
f 144 141 7741
f 7741 141 7742
f 7740 144 7741
f 7738 7740 7739
f 7748 4886 4889
f 7736 7738 7737
f 7737 7738 7739
f 7734 7736 7735
f 7735 7736 7737
f 7732 7734 7733
f 7733 7734 7735
f 7729 7732 7730
f 7730 7732 7733
f 7724 7729 7727
f 7731 7729 7728
f 7727 7729 7730
f 7754 7758 7759
f 7766 7768 7767
f 7767 7768 7769
f 7764 7766 7765
f 7765 7766 7767
f 7762 7764 7763
f 7763 7764 7765
f 7760 7762 7761
f 7761 7762 7763
f 7758 7760 7759
f 7759 7760 7761
f 7753 7758 7754
f 7728 7729 7724
f 7755 7756 7757
f 236 7753 7752
f 7752 7753 7754
f 234 236 7751
f 7751 236 7752
f 229 234 7750
f 7750 234 7751
f 232 229 7749
f 7749 229 7750
f 5391 232 7749
f 7747 4886 7748
f 7692 7694 7695
f 7704 7705 7706
f 7701 7703 7702
f 7702 7703 7704
f 7699 7701 7700
f 7700 7701 7702
f 7697 7699 7698
f 7698 7699 7700
f 7694 7697 7695
f 7695 7697 7698
f 7689 7694 7692
f 7696 7694 7693
f 7703 7705 7704
f 7693 7694 7689
f 7689 7692 7690
f 7689 7690 7691
f 7687 4861 7688
f 7688 4861 4860
f 7686 7687 7685
f 7685 7687 7688
f 7684 7686 7685
f 7682 7684 7683
f 7683 7684 7685
f 7680 7682 7681
f 7717 4862 4859
f 7724 7727 7725
f 7724 7725 7726
f 7723 4909 4900
f 7721 7723 7722
f 7722 7723 4900
f 7719 7721 7720
f 7720 7721 7722
f 4887 7719 7718
f 7718 7719 7720
f 4888 4887 7718
f 7716 4862 7717
f 7769 7770 7755
f 7714 7716 7715
f 7715 7716 7717
f 7712 7714 7713
f 7713 7714 7715
f 7710 7712 7711
f 7711 7712 7713
f 7708 7710 7709
f 7709 7710 7711
f 7707 7708 7706
f 7706 7708 7709
f 7705 7707 7706
f 7827 7828 7829
f 7836 7838 7837
f 7837 7838 5342
f 7834 7836 7835
f 7835 7836 7837
f 7832 7834 7833
f 7833 7834 7835
f 7830 7832 7831
f 7831 7832 7833
f 7828 7830 7829
f 7829 7830 7831
f 7826 7828 7827
f 7838 5343 5342
f 7824 7826 7825
f 7825 7826 7827
f 7822 7824 7823
f 7823 7824 7825
f 7820 7822 7821
f 7821 7822 7823
f 7818 7820 7819
f 7819 7820 7821
f 7815 7818 7816
f 7816 7818 7819
f 7810 7815 7813
f 7848 7850 7851
f 7860 7861 7862
f 7857 7859 7858
f 7858 7859 7860
f 7855 7857 7856
f 7856 7857 7858
f 7853 7855 7854
f 7854 7855 7856
f 7850 7853 7851
f 7851 7853 7854
f 7845 7850 7848
f 7852 7850 7849
f 7817 7815 7814
f 7849 7850 7845
f 7845 7848 7846
f 7845 7846 7847
f 7844 5347 5355
f 7842 7844 7843
f 7843 7844 5355
f 7840 7842 7841
f 7841 7842 7843
f 5366 7840 7839
f 7839 7840 7841
f 5367 5366 7839
f 7779 7780 5392
f 7785 7788 7786
f 7786 7788 7787
f 7787 7788 7789
f 7784 7785 7783
f 7783 7785 7786
f 7782 7784 7783
f 5344 7782 5345
f 5345 7782 7781
f 7781 7782 7783
f 7780 5390 5392
f 7778 7780 7779
f 7790 7791 7792
f 7776 7778 7777
f 7777 7778 7779
f 5380 7776 7775
f 7775 7776 7777
f 5389 5380 7775
f 7771 7773 7755
f 7755 7773 7756
f 7774 7773 7772
f 7772 7773 7771
f 7770 7771 7755
f 7768 7770 7769
f 7801 7803 7802
f 7813 7815 7816
f 7814 7815 7810
f 7810 7813 7811
f 7810 7811 7812
f 7806 7808 7790
f 7790 7808 7791
f 7809 7808 7807
f 7807 7808 7806
f 7805 7806 7790
f 7803 7805 7804
f 7804 7805 7790
f 7681 7682 7683
f 7802 7803 7804
f 7799 7801 7800
f 7800 7801 7802
f 7797 7799 7798
f 7798 7799 7800
f 7795 7797 7796
f 7796 7797 7798
f 7793 7795 7794
f 7794 7795 7796
f 7788 7793 7789
f 7789 7793 7794
f 7556 7558 7557
f 7569 7572 7573
f 7571 7572 7568
f 7568 7569 7570
f 7564 7565 7563
f 7567 7565 7564
f 7563 7565 7566
f 7562 7564 7563
f 7560 7562 7561
f 7561 7562 7563
f 7558 7560 7559
f 7559 7560 7561
f 7568 7572 7569
f 7557 7558 7559
f 7554 7556 7555
f 7555 7556 7557
f 7552 7554 7553
f 7553 7554 7555
f 7549 7552 7551
f 7551 7552 7553
f 7547 7549 7548
f 7550 7549 7551
f 7548 7549 7550
f 7546 7547 7545
f 7582 7584 7583
f 7594 7596 7595
f 7592 7594 7593
f 7593 7594 7595
f 7590 7592 7591
f 7591 7592 7593
f 7588 7590 7589
f 7589 7590 7591
f 7586 7588 7587
f 7587 7588 7589
f 7584 7586 7585
f 7585 7586 7587
f 7545 7547 7548
f 7583 7584 7585
f 7580 7582 7581
f 7581 7582 7583
f 7578 7580 7579
f 7579 7580 7581
f 7576 7578 7577
f 7577 7578 7579
f 7574 7576 7575
f 7575 7576 7577
f 7572 7574 7573
f 7573 7574 7575
f 7512 7513 7514
f 7521 7523 7522
f 7522 7523 7524
f 7519 7521 7520
f 7520 7521 7522
f 7517 7519 7518
f 7518 7519 7520
f 7515 7517 7516
f 7516 7517 7518
f 7513 7515 7514
f 7514 7515 7516
f 7511 7513 7512
f 7524 7525 7526
f 104 7511 7510
f 7510 7511 7512
f 102 104 7509
f 7509 104 7510
f 97 102 7508
f 7508 102 7509
f 98 97 7507
f 7507 97 7508
f 4812 98 7507
f 7506 4957 4959
f 7504 7506 7505
f 7534 7536 7535
f 7544 7546 7545
f 7542 7544 7543
f 7543 7544 7545
f 7539 7542 7540
f 7540 7542 7541
f 7541 7542 7543
f 4811 7539 4810
f 4810 7539 7540
f 7538 4814 4813
f 7536 7538 7537
f 7537 7538 4813
f 7595 4809 4808
f 7535 7536 7537
f 4825 7534 7533
f 7533 7534 7535
f 4816 4825 7533
f 7529 7531 7528
f 7528 7531 7532
f 7530 7531 7529
f 7527 7529 7528
f 7525 7527 7526
f 7526 7527 7528
f 7523 7525 7524
f 7645 7647 7646
f 7656 7657 7658
f 4875 7655 7654
f 7654 7655 7656
f 4867 4875 7654
f 7650 7652 7634
f 7634 7652 7635
f 7653 7652 7651
f 7651 7652 7650
f 7649 7650 7634
f 7647 7649 7648
f 7648 7649 7634
f 7655 7657 7656
f 7646 7647 7648
f 7643 7645 7644
f 7644 7645 7646
f 7641 7643 7642
f 7642 7643 7644
f 7639 7641 7640
f 7640 7641 7642
f 7637 7639 7638
f 7638 7639 7640
f 7632 7637 7633
f 7633 7637 7638
f 7669 7670 7671
f 7678 7680 7677
f 7677 7680 7679
f 7679 7680 7681
f 7676 7678 7677
f 7674 7676 7675
f 7675 7676 7677
f 7672 7674 7673
f 7673 7674 7675
f 7670 7672 7671
f 7671 7672 7673
f 7668 7670 7669
f 7634 7635 7636
f 7665 7668 7667
f 7667 7668 7669
f 7660 7665 7663
f 7663 7665 7667
f 7666 7665 7660
f 7664 7665 7666
f 7660 7663 7661
f 7660 7661 7662
f 7659 4863 4865
f 7657 7659 7658
f 7658 7659 4865
f 7604 7607 7608
f 7615 7617 7616
f 7616 7617 7618
f 7613 7615 7614
f 7614 7615 7616
f 7611 7613 7612
f 7612 7613 7614
f 7609 7611 7610
f 7610 7611 7612
f 7607 7609 7608
f 7608 7609 7610
f 7603 7607 7604
f 7618 7619 7620
f 7606 7607 7603
f 7603 7604 7605
f 7602 4858 4849
f 7600 7602 7601
f 7601 7602 4849
f 7598 7600 7599
f 7599 7600 7601
f 4835 7598 7597
f 7597 7598 7599
f 4836 4835 7597
f 7596 4809 7595
f 7624 7626 7625
f 170 7632 7631
f 7631 7632 7633
f 168 170 7630
f 7630 170 7631
f 163 168 7629
f 7629 168 7630
f 166 163 7628
f 7628 163 7629
f 4864 166 7628
f 7626 4838 7627
f 7627 4838 4837
f 7859 7861 7860
f 7625 7626 7627
f 126 7624 7623
f 7623 7624 7625
f 124 126 7622
f 7622 126 7623
f 119 124 7621
f 7621 124 7622
f 120 119 7620
f 7620 119 7621
f 7619 120 7620
f 7617 7619 7618
f 8088 8090 8091
f 8099 8101 8100
f 8100 8101 8102
f 8097 8099 8098
f 8098 8099 8100
f 8095 8097 8096
f 8096 8097 8098
f 8093 8095 8094
f 8094 8095 8096
f 8090 8093 8091
f 8091 8093 8094
f 8085 8090 8088
f 8092 8090 8089
f 8101 276 8102
f 8089 8090 8085
f 8085 8088 8086
f 8085 8086 8087
f 8083 5589 8084
f 8084 5589 5588
f 8081 8083 8082
f 8082 8083 8084
f 8079 8081 8080
f 8080 8081 8082
f 8077 8079 8078
f 8078 8079 8080
f 8108 5613 8109
f 7870 7872 8115
f 7872 7871 8115
f 8115 7871 8116
f 7881 7883 8114
f 7883 7885 8112
f 7883 8112 8114
f 8113 3706 3708
f 7885 7887 8112
f 8111 8110 3712
f 3712 8110 3710
f 8110 3713 3710
f 8075 8077 8076
f 8109 5613 5612
f 8106 8108 8107
f 8107 8108 8109
f 280 8106 8105
f 8105 8106 8107
f 278 280 8104
f 8104 280 8105
f 273 278 8103
f 8103 278 8104
f 276 273 8102
f 8102 273 8103
f 8039 8041 8040
f 8051 8052 8036
f 8049 8051 8050
f 8050 8051 8036
f 8047 8049 8048
f 8048 8049 8050
f 8045 8047 8046
f 8046 8047 8048
f 8043 8045 8044
f 8044 8045 8046
f 8041 8043 8042
f 8042 8043 8044
f 8053 8054 8052
f 8040 8041 8042
f 8034 8039 8035
f 8035 8039 8040
f 8036 8037 8038
f 8032 8034 8033
f 8033 8034 8035
f 8030 8032 8031
f 8031 8032 8033
f 8028 8030 8029
f 8029 8030 8031
f 5586 8028 8027
f 8065 8066 8067
f 8076 8077 8078
f 8074 8075 8073
f 8073 8075 8076
f 8072 8074 8073
f 8070 8072 8071
f 8071 8072 8073
f 8068 8070 8069
f 8069 8070 8071
f 8066 8068 8067
f 8067 8068 8069
f 8064 8066 8065
f 8117 8118 8111
f 8061 8064 8062
f 8062 8064 8065
f 8056 8061 8059
f 8063 8061 8060
f 8059 8061 8062
f 8060 8061 8056
f 8056 8059 8057
f 8056 8057 8058
f 8052 8054 8036
f 8036 8054 8037
f 8055 8054 8053
f 8136 4486 4485
f 341 7882 342
f 334 3078 332
f 334 3079 3078
f 7877 8131 8130
f 7877 7874 8131
f 332 3078 333
f 8126 3077 3076
f 8136 8114 7889
f 8136 7892 8135
f 8136 4484 8111
f 8136 8133 4486
f 7884 7882 341
f 8136 4485 4484
f 8136 8135 8138
f 8136 8138 8137
f 8136 8137 8133
f 8136 7889 7890
f 8136 7890 7892
f 8136 8119 8114
f 8136 8118 8119
f 8136 8111 8118
f 7887 7888 8112
f 8112 7888 8114
f 8140 8128 8139
f 4189 4171 4184
f 8142 7880 7878
f 8142 334 349
f 8142 349 348
f 8142 348 342
f 8142 3082 3079
f 8141 8140 8139
f 8141 7875 8140
f 8141 8139 3082
f 8141 7878 7875
f 8140 7877 8130
f 7888 7889 8114
f 8140 7875 7877
f 8140 8129 8128
f 8140 8130 8129
f 8139 8126 3076
f 8139 3076 3075
f 8139 3075 3083
f 8139 3083 3082
f 8139 8127 8126
f 8139 8128 8127
f 340 7886 341
f 7886 7884 341
f 8121 3709 3706
f 8124 8116 7871
f 8124 7873 8120
f 8124 8121 8123
f 8124 7871 7873
f 8124 8123 8125
f 8124 8125 8116
f 8121 8120 3716
f 8121 3706 8113
f 8121 8113 8122
f 8121 8122 8123
f 8121 3716 3709
f 8124 8120 8121
f 8120 7879 8117
f 8120 8117 3717
f 8120 7873 7876
f 8120 7876 7879
f 8120 3717 3716
f 8117 7881 8114
f 8117 8111 3712
f 8117 7879 7881
f 8117 3712 3717
f 8117 8114 8119
f 8117 8119 8118
f 8115 8130 8131
f 8111 4483 8110
f 8111 4484 4483
f 7892 7894 8135
f 8110 4483 3713
f 7894 5689 8134
f 7894 8134 8135
f 4486 8133 4482
f 8133 8132 4482
f 4482 8132 4481
f 7870 8115 7874
f 8115 8116 8130
f 8027 8028 8029
f 8115 8131 7874
f 8116 8125 8129
f 8116 8129 8130
f 8125 8123 8128
f 8125 8128 8129
f 8123 8122 8127
f 8123 8127 8128
f 8122 8113 8126
f 8122 8126 8127
f 8113 3077 8126
f 8113 3708 3077
f 7909 7911 7910
f 7922 7923 7924
f 7919 7921 7920
f 7920 7921 7922
f 7917 7919 7918
f 7918 7919 7920
f 7915 7917 7916
f 7916 7917 7918
f 7913 7915 7914
f 7914 7915 7916
f 7911 7913 7912
f 7912 7913 7914
f 7921 7923 7922
f 7910 7911 7912
f 7906 7909 7907
f 7907 7909 7910
f 7901 7906 7904
f 7908 7906 7905
f 7904 7906 7907
f 7905 7906 7901
f 7901 7904 7902
f 7901 7902 7903
f 7900 5685 5676
f 7898 7900 7899
f 7932 7934 7935
f 7943 7946 7945
f 7945 7946 7947
f 7941 7943 7942
f 7944 7943 7945
f 7942 7943 7944
f 7936 7941 7937
f 7937 7941 7942
f 7938 7939 7940
f 7934 7936 7935
f 7935 7936 7937
f 7933 7934 7932
f 7899 7900 5676
f 7931 7933 7932
f 5663 7931 7930
f 7930 7931 7932
f 5664 5663 7930
f 7929 5662 5665
f 7927 7929 7928
f 7928 7929 5665
f 7925 7927 7926
f 7926 7927 7928
f 7923 7925 7924
f 7924 7925 7926
f 7869 5369 5368
f 7878 7880 7879
f 7879 7880 7881
f 7875 7878 7876
f 7876 7878 7879
f 7870 7875 7873
f 7877 7875 7874
f 7873 7875 7876
f 7874 7875 7870
f 7870 7873 7871
f 7870 7871 7872
f 7868 5369 7869
f 7881 7882 7883
f 7866 7868 7867
f 7867 7868 7869
f 258 7866 7865
f 7865 7866 7867
f 256 258 7864
f 7864 258 7865
f 251 256 7863
f 7863 256 7864
f 252 251 7862
f 7862 251 7863
f 7861 252 7862
f 344 346 7889
f 7896 7898 7897
f 7897 7898 7899
f 5687 7896 7895
f 7895 7896 7897
f 5688 5687 7895
f 7893 5686 7894
f 7894 5686 5689
f 7891 7893 7892
f 7892 7893 7894
f 346 7891 7890
f 7890 7891 7892
f 7947 7948 7949
f 7889 346 7890
f 339 344 7888
f 7888 344 7889
f 340 339 7887
f 7887 339 7888
f 7886 340 7887
f 7884 7886 7885
f 7885 7886 7887
f 7882 7884 7883
f 7883 7884 7885
f 7880 7882 7881
f 8001 8002 8003
f 8009 302 8010
f 295 300 8008
f 8008 300 8009
f 296 295 8007
f 8007 295 8008
f 8006 296 8007
f 8004 8006 8005
f 8005 8006 8007
f 8002 8004 8003
f 8003 8004 8005
f 8000 8002 8001
f 300 302 8009
f 7998 8000 7999
f 7999 8000 8001
f 7995 7998 7996
f 7996 7998 7999
f 7990 7995 7993
f 7997 7995 7994
f 7993 7995 7996
f 7994 7995 7990
f 7990 7993 7991
f 7990 7991 7992
f 7988 5658 7989
f 8019 8020 5624
f 5587 5586 8027
f 8026 5591 5599
f 8024 8026 8025
f 8025 8026 5599
f 8022 8024 8023
f 8023 8024 8025
f 5610 8022 8021
f 8021 8022 8023
f 5611 5610 8021
f 8020 5633 5624
f 8018 8020 8019
f 7989 5658 5661
f 8016 8018 8017
f 8017 8018 8019
f 5635 8016 8015
f 8015 8016 8017
f 5636 5635 8015
f 8013 5634 8014
f 8014 5634 5637
f 8011 8013 8012
f 8012 8013 8014
f 302 8011 8010
f 8010 8011 8012
f 7955 7957 7938
f 7969 7970 7965
f 7965 7968 7966
f 7965 7966 7967
f 7964 5639 5648
f 7962 7964 7963
f 7963 7964 5648
f 7960 7962 7961
f 7961 7962 7963
f 5659 7960 7959
f 7959 7960 7961
f 5660 5659 7959
f 7968 7970 7971
f 7938 7957 7939
f 7958 7957 7956
f 7956 7957 7955
f 7954 7955 7938
f 7952 7954 7953
f 7953 7954 7938
f 7950 7952 7951
f 7951 7952 7953
f 7948 7950 7949
f 7949 7950 7951
f 7946 7948 7947
f 7979 7981 7980
f 7986 7988 7987
f 7987 7988 7989
f 324 7986 7985
f 7985 7986 7987
f 322 324 7984
f 7984 324 7985
f 317 322 7983
f 7983 322 7984
f 318 317 7982
f 7982 317 7983
f 7981 318 7982
f 7505 7506 4959
f 7980 7981 7982
f 7977 7979 7978
f 7978 7979 7980
f 7975 7977 7976
f 7976 7977 7978
f 7973 7975 7974
f 7974 7975 7976
f 7970 7973 7971
f 7971 7973 7974
f 7965 7970 7968
f 7972 7970 7969
f 5474 7176 5458
f 5478 7183 5479
f 7180 7183 7177
f 7177 7182 7179
f 7176 7181 7174
f 7174 7181 7180
f 5479 7181 5474
f 5474 7181 7176
f 7170 7180 7177
f 7174 7180 7170
f 7177 7179 7178
f 7170 7177 7178
f 7173 7176 7174
f 7177 7183 7182
f 5458 7176 7173
f 7172 7174 7170
f 7171 7174 7172
f 7175 7174 7171
f 7173 7174 7175
f 7167 7172 7170
f 7166 7172 7167
f 7171 7172 7166
f 7169 7167 7170
f 7168 7167 7169
f 7166 7167 7168
f 7184 7190 7189
f 7190 7194 7193
f 5487 7194 7190
f 7189 7193 7191
f 7190 7193 7189
f 7188 7191 7185
f 7189 7191 7188
f 7185 7191 7192
f 7187 7190 7186
f 5478 7190 7187
f 5487 7190 5478
f 7186 7190 7184
f 7165 7162 7164
f 7184 7189 7188
f 7184 7188 7185
f 7183 7187 7186
f 5478 7187 7183
f 7183 7186 7182
f 7182 7186 7184
f 7179 7184 7178
f 7182 7184 7179
f 7178 7184 7185
f 5479 7183 7181
f 7181 7183 7180
f 7133 7141 7136
f 7068 7146 5397
f 7135 7146 7133
f 5415 7146 7135
f 7133 7146 7144
f 5397 7146 5415
f 7143 7144 7145
f 7141 7144 7143
f 7133 7144 7141
f 7140 7141 7142
f 7142 7141 7143
f 7136 7141 7140
f 7144 7146 7145
f 7063 7136 7140
f 7134 7136 7139
f 7139 7136 7138
f 7138 7136 7137
f 7137 7136 7067
f 7133 7136 7134
f 7067 7136 7063
f 7127 7135 7132
f 7131 7135 7133
f 7132 7135 7131
f 5415 7135 7127
f 7153 7071 7154
f 7164 7162 7161
f 7161 7162 7163
f 7071 7072 7154
f 7154 7072 7160
f 7160 7072 7158
f 7158 7072 7159
f 7069 7071 7151
f 7152 7071 7157
f 7157 7071 7156
f 7156 7071 7155
f 7155 7071 7153
f 7191 7195 7192
f 7151 7071 7152
f 7074 7069 7150
f 7150 7069 7151
f 7078 7074 7149
f 7149 7074 7150
f 7076 7078 7148
f 7148 7078 7149
f 5410 7076 7147
f 7147 7076 7148
f 5413 5410 7147
f 7145 7146 7068
f 7162 7224 7227
f 7230 7231 7233
f 7233 7231 7232
f 7232 7231 5468
f 7228 7231 7230
f 7219 7231 7228
f 7219 7228 7224
f 7227 7228 7229
f 7229 7228 7230
f 7224 7228 7227
f 7165 7224 7162
f 7219 7224 7220
f 5468 7231 5466
f 7220 7224 7226
f 7226 7224 7225
f 7225 7224 7223
f 7223 7224 7165
f 7218 7222 7221
f 5466 7222 7218
f 7217 7221 7219
f 7218 7221 7217
f 7217 7219 7216
f 7216 7219 7213
f 7213 7219 7220
f 7171 7166 7237
f 7168 7169 7241
f 7241 7169 7247
f 7247 7169 7245
f 7245 7169 7246
f 7166 7168 7238
f 7239 7168 7244
f 7244 7168 7243
f 7243 7168 7242
f 7242 7168 7240
f 7240 7168 7241
f 7238 7168 7239
f 7212 7218 7217
f 7237 7166 7238
f 7175 7171 7236
f 7236 7171 7237
f 7173 7175 7235
f 7235 7175 7236
f 5458 7173 7234
f 7234 7173 7235
f 5459 5458 7234
f 7222 7231 7221
f 5466 7231 7222
f 7221 7231 7219
f 5486 7201 7197
f 7203 7205 7202
f 7202 7205 7199
f 7199 7205 7206
f 7198 7204 7203
f 7201 7204 7200
f 5486 7204 7201
f 7200 7204 7198
f 5464 7204 5486
f 7198 7203 7202
f 7198 7202 7199
f 7197 7201 7200
f 7204 7205 7203
f 7197 7200 7198
f 7197 7198 7196
f 7196 7198 7195
f 7195 7198 7192
f 7192 7198 7199
f 5486 7197 5487
f 7191 7197 7196
f 7194 7197 7193
f 7193 7197 7191
f 5487 7197 7194
f 7191 7196 7195
f 7209 7212 7206
f 7215 7218 7214
f 7214 7218 7212
f 5463 7218 7215
f 5466 7218 5463
f 7212 7217 7216
f 7212 7216 7213
f 7211 7215 7214
f 5463 7215 7211
f 7210 7214 7212
f 7211 7214 7210
f 7210 7212 7209
f 7129 7133 7134
f 7206 7212 7213
f 7205 7211 7210
f 7208 7211 7207
f 5464 7211 7208
f 7207 7211 7205
f 5463 7211 5464
f 7205 7210 7209
f 7205 7209 7206
f 7204 7208 7207
f 5464 7208 7204
f 7204 7207 7205
f 6995 6994 7051
f 7062 7063 7064
f 7045 5555 7061
f 7061 5555 5585
f 7044 7045 7060
f 7060 7045 7061
f 7042 7044 7059
f 7059 7044 7060
f 6996 7042 7058
f 7058 7042 7059
f 6994 6996 7054
f 7054 6996 7058
f 7065 7063 7062
f 7051 6994 7057
f 7057 6994 7056
f 7056 6994 7055
f 7055 6994 7053
f 7053 6994 7054
f 7047 6995 7048
f 7048 6995 7052
f 7052 6995 7050
f 7050 6995 7051
f 7047 7048 7049
f 7043 7046 7045
f 7074 7077 7075
f 5404 7084 5406
f 5406 7084 5408
f 7077 7083 7075
f 7075 7083 7082
f 7080 7082 7081
f 7075 7082 7073
f 7073 7082 7080
f 7073 7080 7081
f 7076 7079 7077
f 5410 7079 7076
f 5408 7079 5410
f 5563 7046 7039
f 7078 7077 7074
f 7076 7077 7078
f 7070 7075 7073
f 7069 7075 7070
f 7074 7075 7069
f 7072 7070 7073
f 7071 7070 7072
f 7069 7070 7071
f 5397 5395 7068
f 7067 7063 7066
f 7066 7063 7065
f 7026 7030 7031
f 7031 7037 7035
f 7031 7035 7036
f 7029 7034 7028
f 7028 7034 7033
f 5540 7034 7029
f 5568 7034 5540
f 7027 7033 7032
f 7028 7033 7027
f 7030 7032 7031
f 7026 7032 7030
f 7027 7032 7026
f 7032 7037 7031
f 7024 7029 7028
f 5540 7029 7024
f 7021 7028 7027
f 7024 7028 7023
f 7023 7028 7021
f 7025 7027 7026
f 7021 7027 7025
f 7021 7025 7026
f 5544 7024 7019
f 7018 7024 7023
f 7019 7024 7018
f 7040 7041 6996
f 7038 7046 7043
f 5556 7046 5563
f 5555 7046 5556
f 7045 7046 5555
f 7039 7046 7038
f 7037 7043 7041
f 7038 7043 7037
f 7044 7043 7045
f 7042 7043 7044
f 7041 7043 7042
f 7036 7041 7040
f 7079 7084 7077
f 6996 7041 7042
f 7037 7041 7036
f 6993 7040 6996
f 7036 7040 6993
f 7034 7039 7033
f 5568 7039 7034
f 5563 7039 5568
f 7033 7039 7038
f 7032 7038 7037
f 7033 7038 7032
f 7035 7037 7036
f 7109 7114 7110
f 7117 7120 7115
f 7115 7118 7114
f 7114 7118 7110
f 7110 7118 7119
f 7112 7117 7111
f 7111 7117 7115
f 7113 7117 7112
f 5418 7117 7113
f 7116 7117 5418
f 7109 7115 7114
f 7111 7115 7109
f 7115 7120 7118
f 7108 7113 7112
f 5418 7113 7108
f 7108 7112 7107
f 7107 7112 7106
f 7106 7112 7111
f 7105 7111 7109
f 7106 7111 7105
f 7105 7109 7100
f 7100 7109 7110
f 7104 7108 7107
f 5400 7108 7104
f 7116 7125 7121
f 7131 7133 7130
f 7130 7133 7129
f 7125 7132 7124
f 7124 7132 7131
f 7127 7132 7125
f 7124 7131 7123
f 7123 7131 7130
f 7119 7130 7128
f 7123 7130 7119
f 7128 7130 7129
f 7119 7128 7129
f 5418 7108 5400
f 7127 7125 7126
f 7126 7125 7116
f 7121 7125 7124
f 7121 7124 7120
f 7120 7124 7118
f 7118 7124 7123
f 7118 7123 7122
f 7122 7123 7119
f 7118 7122 7119
f 7117 7121 7120
f 7116 7121 7117
f 7088 7091 7087
f 7091 7095 7094
f 5402 7095 7091
f 7091 7094 7090
f 7090 7094 7092
f 7089 7092 7086
f 7090 7092 7089
f 7086 7092 7093
f 7087 7091 7085
f 7085 7091 7090
f 5404 7091 7088
f 5402 7091 5404
f 7092 7096 7093
f 7085 7090 7089
f 7085 7089 7086
f 7083 7088 7087
f 5404 7088 7084
f 7084 7088 7083
f 7083 7087 7082
f 7082 7087 7085
f 7081 7085 7086
f 7082 7085 7081
f 5408 7084 7079
f 7077 7084 7083
f 7098 7101 7099
f 7103 7107 7106
f 7104 7107 7103
f 7102 7106 7105
f 7103 7106 7102
f 7102 7105 7100
f 7099 7104 7103
f 7101 7104 7099
f 5398 7104 7101
f 5400 7104 5398
f 7099 7103 7102
f 7099 7102 7100
f 7248 7249 7250
f 5398 7101 7098
f 7098 7099 7097
f 7097 7099 7096
f 7096 7099 7093
f 7093 7099 7100
f 5402 7098 7095
f 7094 7098 7092
f 7092 7098 7097
f 7095 7098 7094
f 5398 7098 5402
f 7092 7097 7096
f 7381 7384 7380
f 82 7389 7388
f 7388 7389 7390
f 80 82 7387
f 7387 82 7388
f 75 80 7386
f 7386 80 7387
f 78 75 7385
f 7385 75 7386
f 4935 78 7385
f 7357 7384 5472
f 7380 7384 7383
f 7383 7384 7355
f 7390 7391 7392
f 5476 7384 7381
f 5472 7384 5476
f 7355 7384 7357
f 7380 7383 7379
f 7382 7383 7353
f 7379 7383 7382
f 7353 7383 7355
f 5421 7382 5419
f 5424 7382 5421
f 5419 7382 7353
f 7379 7382 5424
f 7402 7403 7404
f 7413 7414 7415
f 4925 7412 7411
f 7411 7412 7413
f 4915 4925 7411
f 7407 7410 7408
f 7409 7410 7407
f 7405 7407 7406
f 7406 7407 7408
f 7403 7405 7404
f 7404 7405 7406
f 7401 7403 7402
f 5481 7381 7378
f 7399 7401 7400
f 7400 7401 7402
f 7397 7399 7398
f 7398 7399 7400
f 7395 7397 7396
f 7396 7397 7398
f 7393 7395 7394
f 7394 7395 7396
f 7391 7393 7392
f 7392 7393 7394
f 7389 7391 7390
f 7364 7368 7367
f 5465 7372 7369
f 7369 7372 7368
f 5489 7372 5465
f 7368 7371 7367
f 7367 7371 7370
f 7367 7370 5432
f 5432 7370 5430
f 5467 7369 7366
f 7366 7369 7365
f 7365 7369 7368
f 5465 7369 5467
f 7368 7372 7371
f 7365 7368 7364
f 7364 7367 5434
f 5434 7367 5432
f 7363 7366 7361
f 5469 7366 7363
f 7361 7366 7365
f 5467 7366 5469
f 7359 7365 7364
f 7361 7365 7359
f 7359 7364 5436
f 5436 7364 5434
f 7373 7377 7376
f 7377 7381 7380
f 5476 7381 5481
f 7378 7381 7377
f 7377 7380 7379
f 7377 7379 7376
f 7376 7379 5426
f 5426 7379 5424
f 7375 7378 7374
f 7374 7378 7377
f 5484 7378 7375
f 5481 7378 5484
f 7412 7414 7413
f 7374 7377 7373
f 7373 7376 5428
f 5428 7376 5426
f 7371 7375 7374
f 7372 7375 7371
f 5489 7375 7372
f 5484 7375 5489
f 7371 7374 7373
f 7370 7373 5430
f 7371 7373 7370
f 5430 7373 5428
f 7473 7474 7471
f 7480 7481 7482
f 60 7479 7478
f 7478 7479 7480
f 58 60 7477
f 7477 60 7478
f 53 58 7476
f 7476 58 7477
f 56 53 7475
f 7475 53 7476
f 4958 56 7475
f 7471 7474 7472
f 7479 7481 7480
f 7469 7471 7470
f 7470 7471 7472
f 7467 7469 7468
f 7468 7469 7470
f 7465 7467 7466
f 7466 7467 7468
f 7463 7465 7464
f 7464 7465 7466
f 7461 7463 7462
f 7462 7463 7464
f 7459 7461 7460
f 7491 7493 7492
f 7502 7504 7503
f 7503 7504 7505
f 4947 7502 7501
f 7501 7502 7503
f 4956 4947 7501
f 7497 7500 7498
f 7499 7500 7497
f 7495 7497 7496
f 7496 7497 7498
f 7493 7495 7494
f 7494 7495 7496
f 7460 7461 7462
f 7492 7493 7494
f 7489 7491 7490
f 7490 7491 7492
f 7487 7489 7488
f 7488 7489 7490
f 7485 7487 7486
f 7486 7487 7488
f 7483 7485 7484
f 7484 7485 7486
f 7481 7483 7482
f 7482 7483 7484
f 7426 7427 7428
f 7437 7438 7439
f 7435 7436 7434
f 7434 7436 7437
f 7433 7435 7434
f 7431 7433 7432
f 7432 7433 7434
f 7429 7431 7430
f 7430 7431 7432
f 7427 7429 7428
f 7428 7429 7430
f 7425 7427 7426
f 7436 7438 7437
f 7423 7425 7424
f 7424 7425 7426
f 7421 7423 7422
f 7422 7423 7424
f 7420 7421 7418
f 7418 7421 7422
f 7417 7420 7418
f 7417 7418 7419
f 7416 4934 4936
f 7414 7416 7415
f 7415 7416 4936
f 7447 7448 7446
f 7457 7459 7458
f 7458 7459 7460
f 7455 7457 7456
f 7456 7457 7458
f 7453 7455 7454
f 7454 7455 7456
f 7450 7453 7451
f 7451 7453 7452
f 7452 7453 7454
f 7448 7450 7449
f 7449 7450 7451
f 7362 7363 7361
f 7446 7448 7449
f 4910 7447 7446
f 4913 4910 7446
f 7444 4912 7445
f 7445 4912 4911
f 7442 7444 7443
f 7443 7444 7445
f 7440 7442 7441
f 7441 7442 7443
f 7438 7440 7439
f 7439 7440 7441
f 7293 7294 7272
f 5399 7299 7272
f 7298 7299 7297
f 7272 7299 7298
f 7296 7298 7297
f 7272 7298 7296
f 7272 7296 7297
f 7292 7295 7294
f 7294 7295 7272
f 7272 7295 5414
f 5414 7295 7292
f 7292 7294 7293
f 7297 7300 7301
f 7291 7293 7289
f 7292 7293 7291
f 7289 7293 7272
f 7286 7292 7290
f 7290 7292 7288
f 7288 7292 7291
f 5414 7292 7286
f 7288 7291 7289
f 7287 7290 7288
f 7286 7290 7287
f 7285 7288 7283
f 5403 7307 5401
f 5407 7313 5405
f 7308 7312 7311
f 7308 7311 7309
f 7306 7310 7308
f 7307 7310 7306
f 5403 7310 7307
f 5405 7310 5403
f 7306 7308 7305
f 7305 7308 7309
f 7301 7307 7306
f 5401 7307 7303
f 7287 7288 7285
f 7303 7307 7301
f 7304 7306 7305
f 7301 7306 7304
f 7301 7304 7305
f 5401 7303 5399
f 7302 7303 7301
f 7297 7303 7302
f 5399 7303 7299
f 7299 7303 7297
f 7300 7302 7301
f 7297 7302 7300
f 7256 7261 7260
f 5414 5399 7272
f 5416 7270 7271
f 5417 5416 7269
f 7267 5411 7268
f 7268 5411 5412
f 7265 7267 7266
f 7266 7267 7268
f 7263 7265 7264
f 7264 7265 7266
f 7261 7263 7262
f 7262 7263 7264
f 7273 7256 7252
f 7260 7261 7262
f 7252 7256 7253
f 7257 7256 7260
f 7253 7256 7259
f 7259 7256 7258
f 7258 7256 7255
f 7255 7256 7257
f 7248 7252 7249
f 7249 7252 7254
f 7254 7252 7251
f 7251 7252 7253
f 7271 7281 5416
f 7283 7288 7289
f 7270 7287 7284
f 7284 7287 7282
f 7282 7287 7285
f 7286 7287 7270
f 7282 7285 7283
f 7271 7284 7282
f 7270 7284 7271
f 7271 7282 7283
f 7279 7281 7271
f 5416 7281 7269
f 5405 7313 7310
f 7278 7281 7279
f 7269 7281 7278
f 7275 7279 7271
f 7276 7279 7275
f 7280 7279 7276
f 7278 7279 7280
f 7277 7275 7274
f 7276 7275 7277
f 7274 7275 7271
f 5409 5411 7267
f 5409 7267 7265
f 7328 7340 7341
f 7345 7347 7339
f 7343 7345 7333
f 7333 7345 7339
f 7342 7345 7343
f 7346 7345 7344
f 7344 7345 7342
f 7338 7343 7332
f 7337 7343 7338
f 7332 7343 7333
f 7342 7343 7337
f 7339 7340 7328
f 7341 7347 7348
f 7333 7339 7328
f 7335 7338 7329
f 7329 7338 7332
f 7336 7338 7335
f 7337 7338 7336
f 7277 7335 7329
f 7318 7335 7277
f 7336 7335 7334
f 7334 7335 7318
f 7326 7333 7328
f 7325 7333 7326
f 7353 7355 7354
f 5470 7363 7362
f 5469 7363 5470
f 7358 7361 7359
f 7362 7361 7360
f 7360 7361 7358
f 5438 7359 5436
f 7358 7359 5438
f 5472 5462 7357
f 7357 5462 5460
f 7355 7357 7356
f 7356 7357 5460
f 7332 7333 7325
f 7354 7355 7356
f 5419 7353 7352
f 7352 7353 7354
f 5456 5419 7352
f 7339 7347 7340
f 7346 7347 7345
f 7340 7347 7341
f 7348 7347 7351
f 7351 7347 7350
f 7350 7347 7349
f 7349 7347 7346
f 7312 7315 7314
f 7319 7320 5396
f 7278 7319 7269
f 7269 7319 5417
f 5417 7319 5396
f 7274 7318 7277
f 5393 7317 5394
f 7265 7316 5409
f 5407 7316 7315
f 7315 7316 7265
f 5409 7316 5407
f 7314 7315 7263
f 7278 7320 7319
f 5407 7315 7312
f 7263 7315 7265
f 7273 7314 7256
f 7311 7314 7309
f 7312 7314 7311
f 7256 7314 7261
f 7261 7314 7263
f 7309 7314 7273
f 7308 7313 7312
f 7312 7313 5407
f 7310 7313 7308
f 7325 7326 7320
f 7329 7332 7280
f 7280 7332 7325
f 7327 7331 7323
f 7328 7331 7327
f 7323 7331 7330
f 7330 7331 7328
f 7277 7329 7276
f 7276 7329 7280
f 7328 7327 7326
f 7326 7327 7323
f 7321 7326 7323
f 4189 4184 4185
f 7320 7326 7321
f 7278 7325 7320
f 7324 7325 7278
f 7280 7325 7324
f 7280 7324 7278
f 7323 7322 7321
f 7321 7322 5393
f 5393 7322 7317
f 7317 7322 7323
f 7320 7321 5396
f 5396 7321 5393
f 4616 4582 3605
f 4618 4619 4620
f 4585 4584 3220
f 4584 4589 3218
f 4584 3218 3220
f 4589 3222 3218
f 4589 4588 3222
f 4617 4616 3605
f 4617 4613 4611
f 4617 4614 4613
f 4617 4611 4616
f 4617 3607 4614
f 4617 3605 3607
f 4618 4621 4619
f 4616 4611 4612
f 4616 4612 4582
f 4613 4607 4611
f 4613 4609 4607
f 4613 4610 4609
f 4613 4615 4610
f 4613 4614 4615
f 4611 4607 4608
f 4611 4608 4612
f 4609 4603 4607
f 4609 4605 4603
f 4633 4635 4634
f 4643 4645 4646
f 4643 4644 4645
f 4629 4633 4630
f 4623 4629 4626
f 4641 4642 4640
f 4639 4641 4640
f 4635 4640 4634
f 4639 4640 4635
f 4632 4637 4636
f 4636 4637 4638
f 4632 4636 4631
f 4609 4606 4605
f 4633 4634 4630
f 4628 4632 4631
f 4628 4631 4627
f 4629 4630 4626
f 4625 4628 4627
f 4625 4627 4624
f 4623 4626 4622
f 4621 4625 4624
f 4621 4624 4619
f 4620 4623 4622
f 4620 4622 4618
f 4580 4578 4577
f 4593 4594 4590
f 4591 4583 4586
f 4591 4586 4592
f 4587 4584 4583
f 4587 4590 4588
f 4587 4589 4584
f 4587 4588 4589
f 4583 4585 4586
f 4583 4584 4585
f 3605 4582 3609
f 4580 4579 3621
f 4593 4583 4591
f 4580 4577 4579
f 4580 4581 4576
f 4580 4576 4578
f 4580 3624 4581
f 4580 3621 3624
f 4579 4487 3631
f 4579 4577 4488
f 4579 4488 4487
f 4579 3631 3621
f 4578 4575 4574
f 4578 4576 4575
f 4601 4598 4597
f 4609 4610 4606
f 4607 4603 4604
f 4607 4604 4608
f 4605 4601 4603
f 4605 4602 4601
f 4605 4606 4602
f 4603 4601 4599
f 4603 4599 4600
f 4603 4600 4604
f 4601 4595 4599
f 4601 4597 4595
f 4647 4646 4648
f 4601 4602 4598
f 4599 4595 4596
f 4599 4596 4600
f 4597 4591 4595
f 4597 4593 4591
f 4597 4594 4593
f 4597 4598 4594
f 4595 4591 4592
f 4595 4592 4596
f 4593 4590 4587
f 4593 4587 4583
f 4711 4707 4705
f 4718 4690 4716
f 4717 4691 4690
f 4717 4716 4713
f 4717 4713 4714
f 4717 4714 4691
f 4715 4712 4713
f 4715 4713 4716
f 4715 4716 4712
f 4713 4709 4710
f 4713 4712 4709
f 4713 4710 4714
f 4718 4716 4717
f 4711 4708 4707
f 4711 4709 4712
f 4711 4705 4709
f 4711 4712 4708
f 4709 4705 4706
f 4709 4706 4710
f 4707 4645 4705
f 4707 4648 4646
f 4707 4646 4645
f 4707 4708 4648
f 4705 4645 4644
f 4723 4695 4694
f 4727 4698 4701
f 4727 4699 4698
f 4726 4697 4725
f 4726 4725 4699
f 4726 4699 4697
f 4725 4696 4699
f 4725 4697 4696
f 4724 4695 4723
f 4724 4723 4697
f 4724 4697 4695
f 4723 4694 4697
f 4705 4644 4706
f 4722 4721 4695
f 4722 4693 4721
f 4722 4695 4693
f 4721 4692 4695
f 4721 4693 4692
f 4720 4690 4719
f 4720 4719 4693
f 4720 4693 4690
f 4719 4689 4693
f 4719 4690 4689
f 4718 4717 4690
f 4660 4650 4661
f 4672 4670 4671
f 4671 4670 4669
f 4670 4668 4669
f 4669 4668 4667
f 4668 4666 4667
f 4667 4666 4665
f 4666 4664 4665
f 4665 4664 4663
f 4664 4662 4663
f 4662 4660 4661
f 4662 4661 4663
f 4673 4672 4671
f 4660 4651 4650
f 4659 4658 4649
f 4659 4649 4651
f 4658 4657 4649
f 4657 4656 4649
f 4656 4655 4649
f 4655 4654 4649
f 4654 4652 4649
f 4652 4653 4649
f 4649 4650 4651
f 4647 4643 4646
f 4686 4679 4685
f 4704 4703 4702
f 4702 4703 4700
f 4700 4701 4698
f 4698 4699 4696
f 4696 4697 4694
f 4694 4695 4692
f 4692 4693 4689
f 4689 4690 4691
f 4688 4679 4687
f 4688 4678 4679
f 4687 4679 4686
f 4578 4574 4577
f 4685 4679 4684
f 4684 4679 4683
f 4683 4679 4682
f 4682 4679 4680
f 4680 4679 4681
f 4679 4678 4677
f 4678 4676 4677
f 4677 4676 4675
f 4676 4674 4675
f 4675 4674 4673
f 4674 4672 4673
f 4518 3338 720
f 3544 3547 4521
f 3544 249 248
f 3544 4521 249
f 4523 4519 738
f 738 4522 739
f 738 4520 4522
f 738 4519 4520
f 4521 3547 3338
f 4521 3338 4518
f 4519 4517 4520
f 4519 4516 4517
f 4518 720 221
f 743 4523 738
f 4518 221 4515
f 4516 4514 4517
f 4516 4513 4514
f 4515 223 4509
f 4515 4509 4511
f 4515 221 223
f 4515 4511 4510
f 4513 4510 4512
f 4513 4512 4514
f 4510 4511 4512
f 4509 4508 4507
f 4155 4154 4363
f 4344 2765 2766
f 4344 2763 2765
f 2763 4391 2764
f 2764 4391 4154
f 3161 4157 4362
f 3161 4362 4349
f 4391 4529 4154
f 4391 4389 4529
f 4157 4159 4362
f 4159 4155 4363
f 4159 4363 4362
f 4509 223 4508
f 4154 4529 4363
f 4389 4388 4528
f 4389 4528 4529
f 4388 4527 4528
f 4426 4425 4526
f 4425 4422 4525
f 4425 4525 4526
f 4422 4524 4525
f 4422 4421 4524
f 245 3544 243
f 243 3544 248
f 3657 4488 4489
f 3652 3653 4493
f 3652 4493 4494
f 3653 3654 4492
f 3653 4492 4493
f 3654 3655 4491
f 3654 4491 4492
f 3655 3656 4490
f 3655 4490 4491
f 3656 3657 4489
f 3656 4489 4490
f 3657 3658 4488
f 3651 4494 4495
f 3658 3659 4487
f 3658 4487 4488
f 3659 3634 4487
f 3659 3649 3634
f 2916 4076 2917
f 2916 4085 4076
f 2916 4080 4085
f 2916 4078 4080
f 2916 2561 4078
f 2916 2562 2561
f 4076 4075 2917
f 221 720 226
f 4507 4506 4505
f 4507 4508 4506
f 4505 4504 4503
f 4505 4506 4504
f 3669 4502 3666
f 4503 4499 4501
f 4503 4504 4499
f 4502 4501 3666
f 4501 4499 3666
f 3666 4500 3667
f 3666 4499 4500
f 4344 2766 2732
f 226 724 227
f 226 717 724
f 226 720 717
f 227 724 4498
f 4498 724 4497
f 4497 724 726
f 2917 3650 4496
f 2917 4496 2918
f 3650 3651 4495
f 3650 4495 4496
f 3651 3652 4494
f 4559 4556 4555
f 4565 4566 4563
f 4564 4561 4493
f 4564 4493 4492
f 4562 4559 4558
f 4562 4558 4561
f 4562 4560 4559
f 4562 4563 4560
f 4561 4558 4494
f 4561 4494 4493
f 4559 4555 4558
f 4559 4557 4556
f 4565 4562 4561
f 4559 4560 4557
f 4558 4555 4495
f 4558 4495 4494
f 4556 4554 4553
f 4556 4552 4555
f 4556 4553 4552
f 4556 4557 4554
f 4555 4552 4496
f 4555 4496 4495
f 4553 3683 4552
f 4553 3681 3682
f 4571 4568 4567
f 4577 4574 4489
f 4577 4489 4488
f 4575 4571 4574
f 4575 4572 4571
f 4575 4573 4572
f 4575 4576 4573
f 4574 4571 4490
f 4574 4490 4489
f 4572 4568 4571
f 4572 4569 4568
f 4572 4573 4569
f 4553 3682 3683
f 4571 4567 4491
f 4571 4491 4490
f 4568 4565 4564
f 4568 4566 4565
f 4568 4564 4567
f 4568 4570 4566
f 4568 4569 4570
f 4567 4564 4492
f 4567 4492 4491
f 4565 4563 4562
f 4565 4561 4564
f 4535 4530 4525
f 4529 4361 4360
f 4529 4360 4363
f 4540 4534 4239
f 4540 4525 4531
f 4540 4239 4535
f 4540 4535 4525
f 4540 4543 4534
f 4540 4542 4543
f 4540 4541 4542
f 4540 4531 4541
f 4535 4239 4532
f 4275 4358 4359
f 4535 4539 4530
f 4535 4538 4539
f 4535 4537 4538
f 4535 4536 4537
f 4535 4532 4536
f 4240 4239 4533
f 4533 4239 4534
f 4239 4246 4532
f 4531 4525 4524
f 4525 4530 4526
f 4344 4391 2763
f 4548 4361 4529
f 4553 4554 3681
f 4552 2918 4496
f 4552 3683 2918
f 3631 4487 3634
f 4549 4547 4270
f 4549 4528 4545
f 4549 4548 4528
f 4549 4270 4548
f 4549 4551 4547
f 4549 4550 4551
f 4549 4545 4550
f 4728 4701 4699
f 4548 4275 4359
f 4548 4359 4366
f 4548 4366 4365
f 4548 4365 4361
f 4548 4270 4275
f 4548 4529 4528
f 4271 4270 4546
f 4546 4270 4547
f 4545 4528 4544
f 4544 4528 4527
f 4275 4198 4358
f 4995 4991 4994
f 5006 5007 5005
f 5004 5006 5005
f 5004 5005 5003
f 5002 5004 5003
f 5002 5003 5001
f 5000 5002 5001
f 5000 5001 4999
f 4991 5000 4999
f 4991 4999 4998
f 4992 4991 4998
f 4997 4991 4996
f 4996 4991 4995
f 5006 5008 5007
f 4994 4991 4993
f 4993 4991 4990
f 4990 4991 4992
f 4987 34 4986
f 4987 4986 4988
f 4987 4988 4989
f 34 4985 4986
f 4982 4983 4984
f 4982 4969 4983
f 4982 4968 4969
f 4981 4976 4973
f 5017 5015 5016
f 5035 5034 5033
f 5033 5034 5031
f 5031 5032 5028
f 5028 5029 5030
f 5027 5017 5026
f 5027 5025 5017
f 5026 5017 5023
f 5025 5022 5017
f 5023 5017 5024
f 5022 5021 5017
f 5021 5018 5017
f 4970 4980 4971
f 5017 5020 5015
f 5017 5019 5020
f 5017 5018 5019
f 5014 5016 5015
f 5014 5015 5013
f 5012 5014 5013
f 5012 5013 5011
f 5010 5012 5011
f 5010 5011 5009
f 5008 5010 5009
f 5008 5009 5007
f 4934 78 4935
f 4948 4949 4950
f 4947 4937 4946
f 4946 4937 4945
f 4945 4937 4944
f 4937 4943 4944
f 4937 4942 4943
f 4937 4941 4942
f 4937 4940 4941
f 4937 4939 4940
f 4937 4938 4939
f 4934 4935 4936
f 4951 4948 4950
f 4933 4923 4932
f 4933 4931 4923
f 4932 4923 4929
f 4931 4928 4923
f 4929 4923 4930
f 4928 4927 4923
f 4927 4926 4923
f 4926 4924 4923
f 4923 4915 4914
f 4923 4925 4915
f 4923 4924 4925
f 4963 4964 4961
f 4978 4972 4979
f 4978 4970 4972
f 4977 4978 4979
f 4965 4967 4966
f 4963 4965 4964
f 4976 4974 4973
f 4973 4974 4975
f 4970 4971 4972
f 4967 4969 4968
f 4967 4968 4966
f 4965 4966 4964
f 5036 4985 5037
f 4960 4963 4961
f 4960 4961 4962
f 4957 4958 4959
f 4957 56 4958
f 4956 4955 4950
f 4956 4937 4947
f 4956 4950 4937
f 4955 4954 4950
f 4954 4953 4950
f 4953 4952 4950
f 4952 4951 4950
f 5078 5077 5068
f 5089 5087 5088
f 5088 5087 5086
f 5087 5085 5086
f 5086 5085 5084
f 5085 5083 5084
f 5084 5083 5082
f 5083 5081 5082
f 5081 5079 5080
f 5081 5080 5082
f 5079 5069 5080
f 5079 5070 5069
f 5090 5089 5088
f 5078 5068 5070
f 5077 5076 5068
f 5076 5075 5068
f 5075 5074 5068
f 5074 5073 5068
f 5073 5071 5068
f 5071 5072 5068
f 5068 5069 5070
f 5066 5062 5065
f 5066 5065 5067
f 5062 5064 5065
f 5103 5098 5102
f 5119 5120 5117
f 5117 5118 5115
f 5115 5116 5113
f 5113 5114 5111
f 5111 5112 5108
f 5108 5109 5110
f 5107 5098 5106
f 5107 5097 5098
f 5106 5098 5105
f 5105 5098 5104
f 5104 5098 5103
f 5062 5063 5064
f 5102 5098 5101
f 5101 5098 5099
f 5099 5098 5100
f 5098 5097 5096
f 5097 5095 5096
f 5096 5095 5094
f 5095 5093 5094
f 5094 5093 5092
f 5093 5091 5092
f 5092 5091 5090
f 5091 5089 5090
f 5042 5039 5038
f 5050 5048 5051
f 5050 5051 5047
f 5048 5044 5045
f 5048 5047 5044
f 5048 5045 5049
f 5046 5044 5047
f 5046 5043 5044
f 5046 5047 5043
f 5044 5040 5041
f 5044 5043 5040
f 5044 5041 5045
f 5050 5047 5048
f 5042 5038 5036
f 5042 5040 5043
f 5042 5036 5040
f 5042 5043 5039
f 5040 5036 5037
f 5040 5037 5041
f 5038 4986 5036
f 5038 4988 4986
f 5038 4989 4988
f 5038 5039 4989
f 5036 4986 4985
f 5057 5056 5029
f 5061 5032 5060
f 5061 5060 5034
f 5061 5034 5032
f 5060 5031 5034
f 5060 5032 5031
f 5059 5029 5058
f 5059 5058 5032
f 5059 5032 5029
f 5058 5028 5032
f 5058 5029 5028
f 5057 5055 5056
f 4914 4921 4922
f 5057 5029 5055
f 5056 5030 5029
f 5056 5055 5052
f 5056 5052 5053
f 5056 5053 5030
f 5054 5051 5052
f 5054 5052 5055
f 5054 5055 5051
f 5052 5048 5049
f 5052 5051 5048
f 5052 5049 5053
f 4788 4789 4785
f 4794 4791 4795
f 4792 4790 4793
f 4792 4789 4790
f 4792 4793 4789
f 4790 4786 4787
f 4790 4789 4786
f 4790 4787 4791
f 4788 4785 4784
f 4788 4784 4782
f 4788 4786 4789
f 4788 4782 4786
f 4794 4793 4790
f 4786 4782 4783
f 4786 4783 4787
f 4784 4732 4782
f 4784 4734 4732
f 4784 4735 4734
f 4784 4785 4735
f 4782 4732 4731
f 4782 4731 4783
f 4781 4780 4779
f 4779 4780 4777
f 4777 4778 4774
f 4802 4798 4799
f 4806 4778 4777
f 4805 4775 4804
f 4805 4804 4778
f 4805 4778 4775
f 4804 4774 4778
f 4804 4775 4774
f 4803 4801 4802
f 4803 4802 4775
f 4803 4775 4801
f 4802 4776 4775
f 4802 4801 4798
f 4774 4775 4776
f 4802 4799 4776
f 4800 4797 4798
f 4800 4798 4801
f 4800 4801 4797
f 4798 4794 4795
f 4798 4797 4794
f 4798 4795 4799
f 4796 4793 4794
f 4796 4794 4797
f 4796 4797 4793
f 4794 4790 4791
f 4736 4737 4738
f 4748 4749 4747
f 4746 4748 4747
f 4746 4747 4745
f 4737 4746 4745
f 4737 4745 4744
f 4738 4737 4744
f 4743 4737 4742
f 4742 4737 4741
f 4741 4737 4740
f 4740 4737 4739
f 4739 4737 4736
f 4748 4750 4749
f 4733 186 4732
f 4733 4732 4734
f 4733 4734 4735
f 186 4731 4732
f 4730 4703 4701
f 4730 4701 4729
f 4730 4729 4703
f 4729 4700 4703
f 4729 4701 4700
f 4728 4699 4727
f 4728 4727 4701
f 4760 4762 4761
f 4773 4763 4772
f 4773 4771 4763
f 4772 4763 4769
f 4771 4768 4763
f 4769 4763 4770
f 4768 4767 4763
f 4767 4766 4763
f 4766 4764 4763
f 4763 4765 4761
f 4763 4764 4765
f 4763 4761 4762
f 4806 4777 4780
f 4760 4761 4759
f 4758 4760 4759
f 4758 4759 4757
f 4756 4758 4757
f 4756 4757 4755
f 4754 4756 4755
f 4754 4755 4753
f 4752 4754 4753
f 4752 4753 4751
f 4750 4752 4751
f 4750 4751 4749
f 4878 4877 4876
f 4890 4892 4893
f 4890 4891 4892
f 4886 4888 4889
f 4886 4887 4888
f 4885 4876 4884
f 4885 4883 4876
f 4884 4876 4881
f 4883 4880 4876
f 4881 4876 4882
f 4880 4879 4876
f 4879 4878 4876
f 4890 4893 4894
f 4876 4875 4866
f 4876 4877 4875
f 4875 4867 4866
f 4866 4873 4874
f 4866 4872 4873
f 4866 4871 4872
f 4866 4870 4871
f 4866 4869 4870
f 4866 4868 4869
f 4866 4867 4868
f 4863 4864 4865
f 4907 4906 4901
f 4914 4920 4921
f 4914 4919 4920
f 4914 4918 4919
f 4914 4917 4918
f 4914 4916 4917
f 4914 4915 4916
f 4913 4911 4910
f 4910 4911 4912
f 4909 4908 4901
f 4909 4901 4900
f 4908 4907 4901
f 4863 166 4864
f 4906 4905 4901
f 4905 4904 4901
f 4904 4902 4901
f 4902 4903 4901
f 4901 4890 4900
f 4900 4890 4899
f 4899 4890 4898
f 4898 4890 4897
f 4890 4896 4897
f 4890 4895 4896
f 4890 4894 4895
f 4815 4820 4821
f 4833 4824 4830
f 4832 4829 4824
f 4830 4824 4831
f 4829 4828 4824
f 4828 4826 4824
f 4824 4816 4815
f 4824 4827 4825
f 4824 4826 4827
f 4824 4825 4816
f 4815 4822 4823
f 4815 4821 4822
f 4834 4832 4824
f 4815 4819 4820
f 4815 4818 4819
f 4815 4817 4818
f 4815 4816 4817
f 4814 98 4813
f 98 4812 4813
f 4810 4809 4811
f 4808 4809 4810
f 4807 4778 4806
f 4807 4806 4780
f 4807 4780 4778
f 4849 4839 4848
f 4862 4860 4859
f 4859 4860 4861
f 4858 4857 4850
f 4858 4850 4849
f 4857 4856 4850
f 4856 4855 4850
f 4855 4854 4850
f 4854 4853 4850
f 4853 4851 4850
f 4851 4852 4850
f 4850 4839 4849
f 4075 2119 2917
f 4848 4839 4847
f 4839 4846 4847
f 4839 4845 4846
f 4839 4844 4845
f 4839 4843 4844
f 4839 4842 4843
f 4839 4841 4842
f 4839 4840 4841
f 4838 4835 4837
f 4835 4836 4837
f 4834 4824 4833
f 4282 4286 4284
f 4281 4290 4279
f 824 4289 4288
f 4288 4289 4284
f 836 4289 830
f 830 4289 824
f 4283 4289 4281
f 4284 4289 4283
f 824 4288 818
f 818 4288 799
f 4287 4288 4284
f 4285 4288 4287
f 799 4288 4285
f 842 4290 836
f 2137 4286 4282
f 4284 4286 4287
f 4287 4286 4285
f 2130 4286 2131
f 2131 4286 2137
f 4285 4286 2130
f 2148 4282 4280
f 4280 4282 4281
f 4281 4282 4283
f 4283 4282 4284
f 2137 4282 2144
f 4057 4285 2130
f 3407 3408 4285
f 3408 3417 799
f 3408 799 4285
f 3417 3415 799
f 3415 800 799
f 2540 3407 2541
f 2541 3407 4054
f 4054 3407 4055
f 2205 4057 2130
f 4055 3407 4064
f 4057 4059 4285
f 2144 4282 2148
f 4064 3407 4059
f 4059 3407 4285
f 842 4291 4290
f 4290 4291 4279
f 812 4291 813
f 813 4291 842
f 3386 4291 812
f 4278 4291 3386
f 4279 4291 4278
f 4289 4290 4281
f 836 4290 4289
f 4255 4253 4254
f 4265 4264 4266
f 4265 4263 4264
f 4263 4262 4264
f 4263 4261 4262
f 4261 4259 4262
f 4261 4260 528
f 4261 528 4259
f 4260 529 528
f 528 4258 4259
f 528 531 4258
f 4257 4255 4256
f 4267 4265 4266
f 4255 4254 4256
f 4253 4251 4252
f 4253 4252 4254
f 4251 4249 4250
f 4251 4250 4252
f 4249 4248 4243
f 4249 4243 4250
f 4248 4245 4239
f 4248 4239 4243
f 558 4244 556
f 558 4247 4244
f 4198 4269 4247
f 4277 4280 4279
f 2154 4280 4277
f 4279 4280 4281
f 2148 4280 2154
f 3386 4277 4278
f 4278 4277 4279
f 2124 4277 3386
f 2154 4277 2123
f 2123 4277 2124
f 4198 4247 558
f 4198 4275 4276
f 793 792 3277
f 4198 4276 4269
f 4275 4270 4274
f 4275 4274 4276
f 4270 4273 4274
f 4270 4272 4273
f 4270 4271 4272
f 4269 4268 4247
f 4268 4257 4256
f 4268 4267 4257
f 4268 4256 4247
f 4267 4266 4257
f 2743 2692 4326
f 4145 4144 4335
f 4328 4336 4329
f 4144 4143 4334
f 4144 4334 4335
f 4333 4332 4330
f 4332 4331 4330
f 4330 4331 983
f 2741 2740 4328
f 2741 4328 4329
f 2740 2743 4327
f 2740 4327 4328
f 4327 4337 4336
f 2743 4326 4327
f 2692 2689 4325
f 2692 4325 4326
f 2689 2696 4324
f 2689 4324 4325
f 2696 2687 4323
f 2696 4323 4324
f 2687 4119 4323
f 2687 2686 4119
f 289 3904 287
f 287 3904 292
f 4338 4335 4340
f 4332 1089 4331
f 4332 1090 1089
f 4331 1089 982
f 4331 982 983
f 982 1089 980
f 4338 4324 4147
f 4338 4145 4335
f 4338 4337 4327
f 4338 4332 4333
f 4338 4333 4341
f 4338 4341 4337
f 493 4322 488
f 4338 4340 4339
f 4338 4339 4332
f 4338 4147 4146
f 4338 4146 4145
f 4338 4325 4324
f 4338 4326 4325
f 4338 4327 4326
f 4119 4148 4323
f 4323 4148 4324
f 4148 4147 4324
f 4327 4336 4328
f 3917 4297 4298
f 4307 4308 4306
f 4305 4304 4303
f 4305 4306 4304
f 4303 4302 4301
f 4303 4304 4302
f 3920 4300 3917
f 4301 4297 4299
f 4301 4302 4297
f 4300 4299 3917
f 4299 4297 3917
f 3917 4298 3918
f 4307 4306 4305
f 4296 470 4295
f 4295 467 4294
f 4295 470 467
f 4294 474 4293
f 4294 467 474
f 4293 474 4292
f 4292 474 476
f 3238 793 3276
f 3238 3276 3246
f 793 3274 3276
f 793 3277 3274
f 4317 4296 4314
f 3904 3907 4320
f 3904 293 292
f 3904 4320 293
f 4322 4318 488
f 488 4321 489
f 488 4319 4321
f 488 4318 4319
f 4320 3796 4317
f 4320 3907 3796
f 4318 4316 4319
f 4318 4315 4316
f 4245 4246 4239
f 4317 3796 4296
f 4315 4313 4316
f 4315 4312 4313
f 4314 4308 4307
f 4314 4307 4310
f 4314 4296 4308
f 4314 4310 4309
f 4312 4309 4311
f 4312 4311 4313
f 4309 4310 4311
f 3796 470 4296
f 1106 4199 3950
f 4202 4204 4203
f 4203 4204 4205
f 4205 4204 4206
f 1117 4204 1123
f 1123 4204 1127
f 4199 4202 4201
f 1133 4202 4199
f 4201 4202 4203
f 1127 4202 1133
f 3950 4199 4200
f 4200 4199 4201
f 1127 4204 4202
f 1133 4199 1105
f 1105 4199 1106
f 3433 3304 3295
f 3432 3304 3433
f 4163 3433 3297
f 3297 3433 3295
f 4166 4163 3301
f 3301 4163 3297
f 4167 4166 3302
f 3302 4166 3301
f 4168 4167 3303
f 600 4210 594
f 4201 4213 4200
f 4211 4212 4205
f 612 4212 4211
f 618 4212 612
f 4203 4212 4201
f 4205 4212 4203
f 600 4211 4210
f 4210 4211 4206
f 612 4211 606
f 606 4211 600
f 4206 4211 4205
f 3303 4167 3302
f 594 4210 576
f 4209 4210 4206
f 4207 4210 4209
f 576 4210 4207
f 4204 4208 4206
f 1117 4208 4204
f 4206 4208 4209
f 4209 4208 4207
f 1112 4208 1113
f 1113 4208 1117
f 4207 4208 1112
f 4181 4192 4183
f 4187 4197 558
f 4195 4196 4188
f 4188 4196 4187
f 4194 4195 4176
f 4176 4195 4188
f 4193 4194 4178
f 4178 4194 4173
f 4173 4194 4176
f 4192 4193 4183
f 4183 4193 4178
f 4191 4192 4181
f 4196 4197 4187
f 4190 4191 4180
f 4180 4191 4181
f 2861 4190 2901
f 2901 4190 4180
f 4189 4175 557
f 4189 554 4171
f 4189 557 564
f 4189 564 563
f 4189 563 554
f 4189 4185 4175
f 6187 6189 6188
f 3443 3327 3450
f 4164 4168 3294
f 3294 4168 3303
f 797 4164 3294
f 798 4164 797
f 3324 3304 3436
f 3436 3304 3432
f 3325 3324 3436
f 3327 3325 3450
f 3450 3325 3439
f 3439 3325 3436
f 3322 3327 3443
f 4200 4213 3950
f 3317 3322 3442
f 3442 3322 3443
f 3320 3317 3446
f 3446 3317 3442
f 3339 3320 3446
f 3337 3339 3453
f 3453 3339 3446
f 3338 3337 3452
f 3452 3337 3453
f 720 3338 3452
f 4197 4198 558
f 3740 3739 4222
f 3780 4233 3782
f 574 4233 573
f 3810 3775 3774
f 3810 3774 3776
f 3816 3814 4232
f 573 3780 3779
f 569 3779 570
f 573 3779 569
f 4231 574 575
f 3741 3740 4216
f 3741 4216 4087
f 3782 4233 3784
f 3740 4222 4216
f 3739 3744 4217
f 3739 4217 4222
f 3744 3743 4220
f 3744 4220 4217
f 3743 3735 4226
f 3743 4226 4220
f 3735 3731 4225
f 3735 4225 4226
f 3731 3748 4225
f 3731 3733 3748
f 3750 3749 3829
f 4244 4242 556
f 4243 4239 4241
f 556 4242 547
f 4242 4238 547
f 4239 4240 4241
f 4238 4237 547
f 547 4237 548
f 1372 4228 1373
f 4228 4227 1373
f 4227 3750 1373
f 3750 3829 1373
f 4215 4230 4228
f 3776 4233 3810
f 573 4233 3780
f 3814 4233 4232
f 4231 4233 574
f 4232 4233 4236
f 4236 4233 4235
f 4235 4233 4234
f 4234 4233 4231
f 3812 4233 3814
f 3810 4233 3812
f 3784 4233 3776
f 4217 4220 4218
f 4088 4221 1375
f 4215 4221 4224
f 4224 4221 4223
f 4223 4221 4219
f 1375 4221 1374
f 4090 4221 4088
f 4092 4221 4090
f 4094 4221 4092
f 4097 4221 4094
f 4222 4221 4216
f 4217 4221 4222
f 4216 4221 4097
f 4217 4218 4219
f 4087 4216 4097
f 1374 4215 4214
f 1371 4214 1372
f 1374 4214 1371
f 4088 1375 1377
f 618 4213 4212
f 4212 4213 4201
f 588 4213 589
f 589 4213 618
f 3950 4213 588
f 4228 4229 4227
f 4226 4230 4219
f 4229 4230 4226
f 4228 4230 4229
f 4224 4230 4215
f 4223 4230 4224
f 4219 4230 4223
f 3761 4229 4225
f 4227 4229 3755
f 3755 4229 3757
f 3757 4229 3759
f 3759 4229 3761
f 4335 1091 1093
f 4225 4229 4226
f 4228 1372 4214
f 4228 4214 4215
f 3750 4227 3753
f 3753 4227 3755
f 4226 4219 4218
f 4226 4218 4220
f 3763 3761 4225
f 3763 4225 3748
f 4219 4221 4217
f 1374 4221 4215
f 4453 4450 4423
f 4124 4207 1112
f 4137 2971 4127
f 4127 2971 4207
f 4454 4453 3956
f 4454 4451 4449
f 4454 4452 4451
f 4454 4449 4453
f 4454 4455 4452
f 4454 3958 4455
f 4454 3956 3958
f 4453 4423 3956
f 4453 4449 4450
f 4124 4127 4207
f 4451 4445 4449
f 4451 4447 4445
f 4451 4448 4447
f 4451 4452 4448
f 4449 4445 4446
f 4449 4446 4450
f 4447 4441 4445
f 4447 4444 4443
f 4447 4443 4441
f 4447 4448 4444
f 4445 4441 4442
f 575 3017 4231
f 3815 3014 2991
f 3012 3014 4232
f 4232 3014 3816
f 3021 3012 4236
f 4236 3012 4232
f 3020 3021 4235
f 4235 3021 4236
f 3019 3020 4234
f 4234 3020 4235
f 3017 3019 4231
f 4231 3019 4234
f 4445 4442 4446
f 582 3017 575
f 2971 2979 4207
f 2979 3007 576
f 2979 576 4207
f 3007 3004 576
f 3004 577 576
f 2941 2971 4111
f 4111 2971 4120
f 4120 2971 4121
f 1184 4124 1112
f 4121 2971 4137
f 4419 4033 4416
f 4428 4425 4424
f 4428 4420 4422
f 4428 4422 4425
f 4424 4426 4427
f 4424 4425 4426
f 3956 4423 3960
f 4420 4421 4422
f 4419 4418 4030
f 4419 4414 4418
f 4419 4416 4415
f 4419 4415 4414
f 4429 4427 4430
f 4419 4030 4033
f 4418 4368 4040
f 4418 4370 4368
f 4418 4040 4030
f 4418 4414 4370
f 4415 4413 4412
f 4415 4411 4414
f 4415 4417 4413
f 4415 4416 4417
f 4415 4412 4411
f 4414 4411 4372
f 4437 4434 4438
f 4443 4440 4439
f 4443 4439 4437
f 4443 4437 4441
f 4443 4444 4440
f 4441 4437 4438
f 4441 4438 4442
f 4439 4436 4435
f 4439 4433 4437
f 4439 4435 4433
f 4439 4440 4436
f 4437 4433 4434
f 3816 3014 3815
f 4435 4431 4429
f 4435 4429 4433
f 4435 4432 4431
f 4435 4436 4432
f 4433 4429 4430
f 4433 4430 4434
f 4431 4424 4429
f 4431 4420 4428
f 4431 4428 4424
f 4431 4432 4420
f 4429 4424 4427
f 4473 361 4471
f 4481 4468 4469
f 4481 4480 4468
f 4481 4479 4480
f 4479 4478 4480
f 4479 4477 4478
f 4477 4476 4478
f 4477 4475 4476
f 4475 4473 4474
f 4475 4474 4476
f 4473 4471 4474
f 4473 4472 361
f 4482 4481 4469
f 4472 362 361
f 361 4470 4471
f 361 364 4470
f 4468 4466 4467
f 4468 4467 4469
f 4466 4464 4465
f 4466 4465 4467
f 4464 4462 4463
f 4464 4463 4465
f 4462 4461 4458
f 4462 4458 4463
f 571 3778 3777
f 4075 2121 2119
f 2919 4169 3747
f 2919 4172 4169
f 2919 4186 4172
f 2919 4179 4186
f 2919 4177 4179
f 2919 2892 4177
f 2919 2893 2892
f 4169 571 3747
f 571 3771 3747
f 571 3777 3771
f 4461 4459 3689
f 571 570 3778
f 2507 3705 4486
f 2507 4482 396
f 2507 4486 4482
f 3705 3711 4485
f 3705 4485 4486
f 3711 4484 4485
f 3711 4483 4484
f 3711 3713 4483
f 4482 4460 396
f 4482 4469 4460
f 3799 2955 3798
f 2802 2803 2509
f 2509 2803 2511
f 396 2802 2508
f 2508 2802 2509
f 2507 396 2508
f 2952 470 3796
f 2953 2952 3795
f 3795 2952 3796
f 2955 2953 3798
f 3798 2953 3795
f 2993 2955 3819
f 2511 2791 3185
f 3819 2955 3799
f 2994 2993 3819
f 2996 2994 3821
f 3821 2994 3819
f 2992 2996 3826
f 3826 2996 3821
f 2988 2992 3824
f 3824 2992 3826
f 2991 2988 3823
f 3823 2988 3824
f 3815 2991 3823
f 2795 2776 3177
f 4461 3689 4458
f 396 4457 394
f 396 4460 4457
f 4459 3690 3689
f 4458 3689 4456
f 394 4457 388
f 4457 315 388
f 3689 3694 4456
f 315 314 388
f 314 309 388
f 388 309 311
f 4414 4372 4370
f 2796 2795 3181
f 3181 2795 3177
f 2798 2796 3183
f 3183 2796 3181
f 2793 2798 3188
f 3188 2798 3183
f 2788 2793 3186
f 3186 2793 3188
f 2791 2788 3185
f 3185 2788 3186
f 2803 2791 2511
f 4352 4347 4351
f 4355 2863 2864
f 4355 2864 2865
f 4355 2865 2866
f 4355 4193 4192
f 4355 4192 4191
f 4355 4357 4353
f 4355 4356 4357
f 4355 4352 4356
f 4195 4194 4354
f 4354 4194 4353
f 4194 4193 4353
f 4355 4345 4346
f 4352 4346 4347
f 4191 4190 2863
f 4351 4347 4349
f 4190 2861 2862
f 4190 2862 2863
f 4348 2866 4350
f 2866 2867 4350
f 4350 2867 2868
f 2825 2824 2868
f 2868 2824 4350
f 4350 2824 4348
f 4352 4360 4361
f 4364 4359 4353
f 4364 4353 4357
f 4364 4357 4356
f 4364 4356 4352
f 4364 4366 4359
f 4364 4365 4366
f 4364 4361 4365
f 4349 4362 4351
f 4351 4360 4352
f 4351 4362 4360
f 4362 4363 4360
f 4349 4347 3144
f 4353 4358 4354
f 4353 4359 4358
f 4354 4358 4196
f 4354 4196 4195
f 4196 4358 4197
f 4358 4198 4197
f 4355 4353 4193
f 4355 4191 2863
f 4355 4346 4352
f 4355 2866 4348
f 4355 4348 4345
f 4342 1090 4332
f 2728 2761 4343
f 2761 4333 4343
f 2761 4341 4333
f 2761 4337 4341
f 2761 4336 4337
f 2761 4329 4336
f 2761 2741 4329
f 4333 4330 4343
f 4330 981 4343
f 4330 983 981
f 4342 4335 1093
f 2728 4343 4344
f 4342 1093 1100
f 4342 1100 1099
f 4342 1099 1090
f 4342 4340 4335
f 4342 4339 4340
f 4342 4332 4339
f 4143 4142 4334
f 4142 4141 4334
f 4334 1091 4335
f 4334 4141 1091
f 4141 1094 1091
f 4162 2762 4156
f 4349 3159 3161
f 4349 3162 3159
f 4349 3152 3162
f 4349 3144 3152
f 4348 2824 4345
f 4347 4346 2824
f 4347 2824 3144
f 4345 2824 4346
f 2762 2764 4156
f 4156 2764 4154
f 2775 2762 4162
f 4364 4352 4361
f 2774 2775 4161
f 4161 2775 4162
f 2773 2774 4160
f 4160 2774 4161
f 2769 2773 4160
f 2767 2769 4153
f 4153 2769 4160
f 3178 2767 4153
f 2732 2729 4344
f 2729 2726 4344
f 2726 2728 4344
f 4396 4384 4382
f 4400 4398 4397
f 4400 4396 4399
f 4400 4397 4396
f 4400 4401 4398
f 4399 4396 4382
f 4399 4382 4380
f 4397 4393 4396
f 4397 4395 4394
f 4397 4394 4393
f 4397 4398 4395
f 4396 4393 4384
f 4402 4380 4378
f 4394 4390 4393
f 4394 4387 4392
f 4394 4392 4390
f 4394 4395 4387
f 4393 4390 4386
f 4393 4386 4384
f 4392 4391 4390
f 4392 4387 4389
f 4392 4389 4391
f 4390 4344 4386
f 4390 4391 4344
f 4408 4376 4374
f 4412 4409 4411
f 4412 4410 4409
f 4412 4413 4410
f 4411 4409 4408
f 4411 4408 4374
f 4411 4374 4372
f 4409 4405 4408
f 4409 4406 4405
f 4409 4407 4406
f 4409 4410 4407
f 4408 4405 4376
f 4040 4368 4024
f 4406 4404 4403
f 4406 4403 4402
f 4406 4402 4405
f 4406 4407 4404
f 4405 4402 4378
f 4405 4378 4376
f 4403 4401 4400
f 4403 4400 4402
f 4403 4404 4401
f 4402 4399 4380
f 4402 4400 4399
f 4375 4373 4374
f 4343 4386 4344
f 4385 4383 4384
f 4385 4384 4386
f 4383 4381 4382
f 4383 4382 4384
f 4381 4379 4380
f 4381 4380 4382
f 4379 4377 4378
f 4379 4378 4380
f 4377 4375 4376
f 4377 4376 4378
f 4343 4385 4386
f 4375 4374 4376
f 4373 4371 4372
f 4373 4372 4374
f 4371 4369 4370
f 4371 4370 4372
f 4369 4367 4368
f 4369 4368 4370
f 4367 4024 4368
f 4367 4016 4024
f 2877 2849 2901
f 2901 2849 2861
f 4375 1049 1054
f 4387 4388 4389
f 4016 4367 1023
f 4367 4369 1024
f 4367 1024 1023
f 4369 4371 1062
f 4369 1062 1024
f 4371 4373 1057
f 4371 1057 1062
f 4373 4375 1054
f 4373 1054 1057
f 4375 4377 1049
f 6188 6189 6190
f 4377 4379 1045
f 4377 1045 1049
f 4379 4381 1042
f 4379 1042 1045
f 4381 4383 1037
f 4381 1037 1042
f 4383 4385 1033
f 4383 1033 1037
f 4385 4343 1029
f 4385 1029 1033
f 4343 981 1029
f 5905 5909 5906
f 5913 5915 5911
f 5911 5915 5914
f 5911 5914 5910
f 5910 5914 4626
f 4626 5914 4622
f 5907 5913 5911
f 5905 5913 5909
f 5909 5913 5908
f 5908 5913 5907
f 5912 5913 5905
f 5907 5911 5910
f 5907 5910 4626
f 5912 5916 5913
f 5906 5909 5908
f 5906 5908 5907
f 5903 5907 4630
f 5904 5907 5903
f 5906 5907 5904
f 4630 5907 4626
f 5899 5906 5904
f 5905 5906 5899
f 5899 5904 5903
f 5899 5903 5895
f 5895 5903 4634
f 5918 5921 5917
f 4618 5928 4621
f 5921 5927 5925
f 5923 5927 5922
f 5922 5927 5921
f 5919 5927 5923
f 5926 5927 5919
f 5921 5925 5924
f 5921 5924 4618
f 5920 5923 5922
f 5919 5923 5920
f 5920 5922 5921
f 4634 5903 4630
f 5920 5921 5918
f 5917 5921 4622
f 4622 5921 4618
f 5914 5920 5918
f 5912 5920 5916
f 5915 5920 5914
f 5916 5920 5915
f 5919 5920 5912
f 5914 5918 5917
f 5914 5917 4622
f 5913 5916 5915
f 5873 5874 5875
f 5828 5883 5827
f 5881 5882 5829
f 5829 5882 5828
f 5880 5881 5829
f 5879 5880 5829
f 5878 5879 5829
f 5877 5878 5829
f 5876 5877 5829
f 5874 5876 5831
f 5831 5876 5829
f 5875 5874 5831
f 5882 5883 5828
f 5868 5872 5871
f 5871 5872 4635
f 5830 5872 5868
f 4635 5872 5830
f 5867 5871 5870
f 5870 5871 4635
f 5868 5871 5867
f 5867 5870 5865
f 5865 5870 5869
f 5869 5870 4635
f 4633 5869 4635
f 5888 5893 5891
f 5896 5900 5897
f 5897 5900 5899
f 5902 5900 5896
f 5901 5900 5902
f 5899 5900 5901
f 5894 5897 5895
f 5895 5897 5899
f 5898 5897 5894
f 5896 5897 5898
f 5887 5895 4634
f 5894 5895 5887
f 5924 5928 4618
f 5892 5893 5888
f 5888 5891 5889
f 5888 5889 5890
f 5887 4634 4640
f 5886 4641 4639
f 5885 5886 5825
f 5825 5886 4639
f 5884 5885 5826
f 5826 5885 5825
f 5883 5884 5827
f 5827 5884 5826
f 5952 5960 5956
f 5954 5965 5962
f 5960 5962 5961
f 5892 5962 5964
f 5954 5962 5953
f 5888 5962 5892
f 5961 5962 5963
f 5963 5962 5888
f 5953 5962 5960
f 5956 5960 5958
f 5958 5960 5961
f 5953 5960 5952
f 5966 5965 5955
f 5952 5956 4632
f 4637 5956 5959
f 5959 5956 5957
f 5957 5956 5958
f 4632 5956 4637
f 5955 5954 5947
f 5949 5954 5953
f 5947 5954 5951
f 5951 5954 5950
f 5950 5954 5949
f 5949 5953 5952
f 5972 5902 5976
f 5981 4640 4642
f 5894 5887 5980
f 5980 5887 5981
f 5898 5894 5979
f 5979 5894 5980
f 5896 5898 5978
f 5978 5898 5979
f 5902 5896 5977
f 5977 5896 5978
f 5901 5902 5972
f 5974 5902 5977
f 5949 5952 4632
f 5976 5902 5975
f 5975 5902 5973
f 5973 5902 5974
f 5967 5901 5970
f 5970 5901 5971
f 5971 5901 5972
f 5967 5970 5968
f 5967 5968 5969
f 5962 5965 5964
f 5964 5965 5966
f 5955 5965 5954
f 5928 5934 5932
f 5933 5941 5937
f 5940 5941 5933
f 5935 5939 5938
f 5935 5938 4625
f 5934 5937 5936
f 5933 5937 5934
f 5932 5936 5935
f 5934 5936 5932
f 5932 5935 5931
f 5931 5935 4621
f 4621 5935 4625
f 5936 5941 5935
f 5930 5934 5929
f 5929 5934 5928
f 5926 5934 5930
f 5933 5934 5926
f 5928 5932 5931
f 5928 5931 4621
f 5927 5930 5929
f 5926 5930 5927
f 5927 5929 5928
f 5927 5928 5925
f 5925 5928 5924
f 5942 5946 5945
f 5948 5951 5950
f 5947 5951 5948
f 5948 5950 5949
f 5948 5949 5946
f 5946 5949 5945
f 5945 5949 4628
f 4628 5949 4632
f 5943 5948 5946
f 5944 5948 5943
f 5940 5948 5944
f 5947 5948 5940
f 5865 5869 4633
f 5943 5946 5942
f 5942 5945 4628
f 5941 5944 5943
f 5940 5944 5941
f 5939 5943 5942
f 5941 5943 5939
f 5939 5942 5938
f 5938 5942 4625
f 4625 5942 4628
f 5935 5941 5939
f 5937 5941 5936
f 5794 5797 5796
f 4696 5802 5801
f 5799 5802 4696
f 5801 5802 4698
f 4696 5801 4698
f 5796 5800 5799
f 4674 5800 5797
f 5797 5800 5796
f 4694 5799 5798
f 5798 5799 4696
f 5796 5799 4694
f 4694 5798 4696
f 4678 5803 4676
f 4674 5797 4672
f 4672 5797 5794
f 5794 5796 5793
f 5793 5796 4692
f 4692 5796 5795
f 5795 5796 4694
f 4692 5795 4694
f 4668 5794 5791
f 4670 5794 4668
f 4672 5794 4670
f 5790 5794 5793
f 4678 5806 5803
f 5809 4659 4651
f 5808 5809 5771
f 5771 5809 4651
f 5807 5808 5777
f 5777 5808 5771
f 4643 5807 5775
f 5775 5807 5777
f 4644 4643 5775
f 5805 5806 5774
f 5802 5806 5805
f 5803 5806 5802
f 5791 5794 5790
f 4688 5806 4678
f 5774 5806 4688
f 4700 5805 5774
f 4698 5805 5804
f 5802 5805 4698
f 5804 5805 4700
f 4698 5804 4700
f 5799 5803 5802
f 5800 5803 5799
f 4674 5803 5800
f 4676 5803 4674
f 5776 5780 4706
f 4664 5785 4662
f 5780 5784 5783
f 5781 5784 5780
f 5780 5783 4710
f 4710 5783 4714
f 5778 5782 5781
f 4660 5782 5779
f 5779 5782 5778
f 4662 5782 4660
f 5778 5781 5776
f 5776 5781 5780
f 5781 5785 5784
f 4706 5780 4710
f 5777 5779 5778
f 4660 5779 5771
f 5771 5779 5777
f 5775 5778 5776
f 5777 5778 5775
f 4644 5776 4706
f 5775 5776 4644
f 4700 5774 5773
f 4700 5773 5772
f 4700 5772 4702
f 4691 5789 4689
f 5790 5793 4689
f 4689 5793 5792
f 5792 5793 4692
f 4689 5792 4692
f 5787 5791 5790
f 5788 5791 5787
f 4666 5791 5788
f 4668 5791 4666
f 5787 5790 4691
f 4691 5790 5789
f 5789 5790 4689
f 5810 4636 4638
f 5784 5788 5787
f 5785 5788 5784
f 4664 5788 5785
f 4666 5788 4664
f 5786 5787 4691
f 5784 5787 5783
f 5783 5787 5786
f 5783 5786 4714
f 4714 5786 4691
f 4662 5785 5782
f 5782 5785 5781
f 5852 5853 4620
f 5858 5859 5854
f 5856 5857 4623
f 4620 5857 5856
f 4620 5856 4623
f 5850 5855 5851
f 5853 5855 4620
f 5849 5855 5853
f 5851 5855 5849
f 5854 5855 5850
f 5848 5853 5852
f 5849 5853 5848
f 5854 5859 5855
f 4619 5852 4620
f 5848 5852 4619
f 5844 5851 5849
f 5846 5851 5845
f 5845 5851 5844
f 5850 5851 5846
f 5844 5849 5848
f 4624 5848 5847
f 5843 5848 4624
f 5847 5848 4619
f 5844 5848 5843
f 4623 5862 5861
f 5863 5868 5867
f 5866 5868 5864
f 5864 5868 5863
f 5824 5868 5866
f 5830 5868 5824
f 5863 5867 5865
f 4629 5866 5864
f 5824 5866 4629
f 5863 5865 4633
f 4629 5864 5863
f 4629 5863 4633
f 4624 5847 4619
f 4629 5862 5823
f 5858 5862 5859
f 5861 5862 4629
f 5859 5862 4623
f 5823 5862 5858
f 5860 5861 4629
f 4623 5861 5860
f 4623 5860 4629
f 5857 5859 4623
f 4620 5859 5857
f 5855 5859 4620
f 5821 5822 5820
f 4636 5834 5833
f 4636 5833 5832
f 4636 5832 4631
f 4635 5831 5829
f 5830 5831 4635
f 4635 5829 5828
f 4635 5828 5827
f 4635 5827 5826
f 4635 5826 5825
f 4635 5825 4639
f 5823 5824 4629
f 5822 5834 4636
f 5813 5822 4636
f 5820 5822 5813
f 5819 5821 5820
f 5818 5819 5816
f 5816 5819 5820
f 5817 5818 5816
f 5815 5817 5816
f 5814 5815 5816
f 5812 5813 4636
f 5811 5812 4636
f 5811 4636 5810
f 5835 5841 5836
f 5841 5845 5839
f 5840 5845 5841
f 5846 5845 5840
f 5839 5845 5844
f 5838 5844 5843
f 5839 5844 5838
f 4627 5843 5842
f 5842 5843 4624
f 5838 5843 4627
f 4627 5842 4624
f 5836 5841 5834
f 5887 4640 5981
f 5834 5841 5839
f 5840 5841 5835
f 5833 5839 5838
f 5834 5839 5833
f 5832 5838 5837
f 5833 5838 5832
f 5837 5838 4627
f 5832 5837 4631
f 4631 5837 4627
f 5822 5836 5834
f 5835 5836 5822
f 6117 6118 6116
f 6126 6127 6128
f 6106 6127 6104
f 6104 6127 6103
f 6102 6126 5037
f 6103 6126 6102
f 6120 6125 6121
f 6124 6125 6120
f 6123 6124 6120
f 6120 6121 6122
f 6102 5037 4985
f 6116 6118 6114
f 6119 6118 6117
f 6103 6127 6126
f 6115 6116 6114
f 6113 6115 6114
f 6112 6113 6108
f 6108 6113 6114
f 6111 6112 6108
f 6110 6111 6108
f 6109 6110 6108
f 6107 6109 6108
f 6105 6107 6106
f 6106 6107 6108
f 38 6105 6104
f 5041 6134 5045
f 6135 6140 6134
f 6136 6140 6135
f 6139 6140 6132
f 6134 6138 6137
f 6134 6137 5045
f 6133 6136 6135
f 6132 6136 6133
f 6133 6135 6131
f 6131 6135 6134
f 6130 6134 5041
f 6131 6134 6130
f 6104 6105 6106
f 6128 6133 6131
f 6132 6133 6128
f 6128 6131 6130
f 6128 6130 6126
f 6126 6130 5037
f 5037 6130 5041
f 6106 6129 6127
f 6127 6129 6128
f 6114 6129 6108
f 6108 6129 6106
f 6128 6129 6114
f 6076 6085 6075
f 186 185 6022
f 6022 185 6021
f 4731 186 6022
f 6077 6087 6078
f 6018 6087 6089
f 6089 6087 6088
f 6088 6087 6077
f 6085 6087 6015
f 6015 6087 6018
f 6076 6087 6085
f 6078 6087 6076
f 6021 190 6023
f 6084 6085 6086
f 6086 6085 6015
f 6075 6085 6083
f 6083 6085 6084
f 6075 6083 6073
f 6079 6083 6081
f 6073 6083 6079
f 6081 6083 6082
f 6082 6083 6084
f 6073 6079 4777
f 4779 6079 6080
f 6095 6096 6027
f 36 38 6104
f 31 36 6103
f 6103 36 6104
f 34 31 6102
f 6102 31 6103
f 4985 34 6102
f 6098 6100 6030
f 6101 6100 6099
f 6099 6100 6098
f 6097 6098 6030
f 6096 6097 6030
f 6134 6140 6138
f 6027 6096 6030
f 6094 6095 6027
f 6093 6094 6027
f 6092 6093 6027
f 6091 6092 6027
f 6090 6091 6028
f 6028 6091 6027
f 192 6090 6023
f 6023 6090 6028
f 190 192 6023
f 185 190 6021
f 6166 6169 6165
f 6170 6175 6173
f 6171 6175 6170
f 6167 6175 6171
f 6174 6175 6167
f 6169 6173 6172
f 6170 6173 6169
f 6169 6172 5031
f 6168 6171 6170
f 6167 6171 6168
f 6166 6170 6169
f 6168 6170 6166
f 5031 6176 5033
f 6165 6169 5028
f 5028 6169 5031
f 6163 6168 6166
f 6164 6168 6163
f 6160 6168 6164
f 6167 6168 6160
f 6162 6166 6165
f 6163 6166 6162
f 6162 6165 5028
f 6161 6164 6163
f 6160 6164 6161
f 6181 6182 6183
f 5121 5122 5119
f 5020 6187 6186
f 6186 6187 6188
f 5015 5020 6186
f 6182 6184 6123
f 6174 6184 6175
f 6123 6184 6185
f 6185 6184 6174
f 6175 6184 6182
f 6175 6182 6180
f 6180 6182 6181
f 6159 6163 6162
f 6183 6182 6120
f 6120 6182 6123
f 6173 6180 6176
f 6175 6180 6173
f 6176 6180 6178
f 6178 6180 6181
f 6173 6176 6172
f 6172 6176 5031
f 5033 6176 6179
f 6179 6176 6177
f 6177 6176 6178
f 6143 6146 6142
f 6148 6151 5053
f 6146 6150 6149
f 6147 6150 6146
f 6145 6149 6148
f 6146 6149 6145
f 6145 6148 6144
f 6144 6148 5049
f 5049 6148 5053
f 6142 6146 6141
f 6147 6146 6139
f 6141 6146 6145
f 6148 6152 6151
f 6139 6146 6143
f 6141 6145 6144
f 6141 6144 5049
f 6140 6143 6142
f 6139 6143 6140
f 6138 6142 6141
f 6140 6142 6138
f 6137 6141 5045
f 6138 6141 6137
f 5045 6141 5049
f 6132 6140 6136
f 6153 6157 6156
f 6161 6163 6159
f 6159 6162 6158
f 6158 6162 5030
f 5030 6162 5028
f 6155 6161 6159
f 6157 6161 6156
f 6154 6161 6157
f 6156 6161 6155
f 6160 6161 6154
f 6155 6159 6158
f 6155 6158 5030
f 6080 6079 6081
f 6154 6157 6153
f 6152 6156 6155
f 6153 6156 6152
f 6152 6155 6151
f 6151 6155 5053
f 5053 6155 5030
f 6148 6153 6152
f 6150 6153 6149
f 6147 6153 6150
f 6154 6153 6147
f 6149 6153 6148
f 4785 6007 5982
f 6008 6011 6010
f 4757 6011 6006
f 4759 6011 4757
f 4761 6011 4759
f 6010 6011 4761
f 6005 6008 6004
f 6004 6008 6007
f 6006 6008 6005
f 6007 6008 5982
f 6009 6008 6010
f 5982 6008 6009
f 6006 6011 6008
f 4789 6007 4785
f 6004 6007 4789
f 4757 6006 6003
f 6003 6006 6005
f 6002 6005 6001
f 6001 6005 6004
f 6003 6005 6002
f 6001 6004 4793
f 4793 6004 4789
f 5999 6003 6002
f 6000 6003 5999
f 4731 6020 4783
f 6030 6029 6027
f 6025 6029 6030
f 6024 6026 6025
f 6028 6026 6023
f 6027 6026 6028
f 6023 6026 6024
f 6021 6024 6020
f 6020 6024 6025
f 6023 6024 6021
f 6022 6020 4731
f 6021 6020 6022
f 4753 6003 6000
f 6015 6019 6016
f 6018 6019 6015
f 6015 6016 6017
f 6014 4733 4735
f 6013 6014 5982
f 5982 6014 4735
f 6012 6013 6009
f 6009 6013 5982
f 4765 6012 6010
f 6010 6012 6009
f 4761 4765 6010
f 5986 5990 5984
f 5991 5994 5990
f 4749 5994 4747
f 5990 5993 5989
f 5989 5993 5992
f 5989 5992 4778
f 4778 5992 4775
f 5987 5991 5986
f 5986 5991 5990
f 4745 5991 5987
f 4747 5991 4745
f 5984 5990 5989
f 5990 5994 5993
f 5984 5989 4780
f 4780 5989 4778
f 5985 5987 5986
f 4744 5987 5988
f 5988 5987 5985
f 4745 5987 4744
f 5983 5986 5984
f 5985 5986 5983
f 4781 5984 4780
f 5983 5984 4781
f 4785 5982 4735
f 5995 5998 4801
f 4755 6003 4753
f 4757 6003 4755
f 5998 6002 6001
f 5999 6002 5998
f 5998 6001 4797
f 4797 6001 4793
f 5996 6000 5999
f 5997 6000 5996
f 4751 6000 5997
f 4753 6000 4751
f 5996 5999 5998
f 6026 6029 6025
f 5996 5998 5995
f 4801 5998 4797
f 5993 5997 5996
f 5994 5997 5993
f 4749 5997 5994
f 4751 5997 4749
f 5992 5996 5995
f 5993 5996 5992
f 5992 5995 4775
f 4775 5995 4801
f 4747 5994 5991
f 6058 6060 4776
f 6062 6066 6063
f 6061 6065 6064
f 6063 6065 6061
f 6061 6064 6060
f 6060 6064 4776
f 4776 6064 4774
f 6058 6063 6061
f 6056 6063 6059
f 6059 6063 6058
f 6062 6063 6056
f 6058 6061 6060
f 6063 6066 6065
f 6057 6059 6058
f 6056 6059 6057
f 6057 6058 6055
f 6055 6058 6054
f 6054 6058 4799
f 4799 6058 4776
f 6051 6057 6055
f 6053 6057 6052
f 6050 6057 6053
f 6052 6057 6051
f 6056 6057 6050
f 6068 6072 6071
f 4777 6079 4779
f 6074 6078 6076
f 6069 6078 6074
f 6077 6078 6069
f 6071 6076 6075
f 6074 6076 6072
f 6072 6076 6071
f 6071 6075 6073
f 6070 6074 6072
f 6069 6074 6070
f 6071 6073 4777
f 6051 6055 6054
f 6070 6072 6068
f 6068 6071 6067
f 6067 6071 4774
f 4774 6071 4777
f 6064 6070 6068
f 6066 6070 6065
f 6065 6070 6064
f 6062 6070 6066
f 6069 6070 6062
f 6064 6068 6067
f 6064 6067 4774
f 6033 6037 6032
f 6037 6043 6041
f 6038 6043 6037
f 6042 6043 6034
f 6037 6041 6036
f 6036 6041 6040
f 6036 6040 6039
f 6036 6039 4791
f 6035 6038 6033
f 6034 6038 6035
f 6033 6038 6037
f 6032 6037 6036
f 6034 6043 6038
f 6031 6036 4787
f 6032 6036 6031
f 4787 6036 4791
f 6025 6035 6033
f 6034 6035 6025
f 6025 6033 6032
f 6025 6032 6031
f 6025 6031 6020
f 6020 6031 4783
f 4783 6031 4787
f 6027 6029 6026
f 6044 6049 6048
f 6051 6054 4799
f 6049 6053 6052
f 6050 6053 6049
f 6048 6052 6051
f 6049 6052 6048
f 6048 6051 6047
f 6047 6051 4795
f 4795 6051 4799
f 6050 6049 6042
f 6042 6049 6046
f 6046 6049 6045
f 5123 5122 5121
f 6045 6049 6044
f 6044 6048 6047
f 6044 6047 4795
f 6042 6046 6043
f 6043 6046 6045
f 6041 6045 6040
f 6040 6045 6044
f 6043 6045 6041
f 6040 6044 6039
f 6039 6044 4791
f 4791 6044 4795
f 5330 5331 5327
f 5334 5331 5330
f 5334 5332 5333
f 5334 5329 5332
f 5334 5330 5329
f 5334 5335 5331
f 5334 5309 5335
f 5332 5329 5333
f 5330 5326 5325
f 5330 5325 5328
f 5330 5327 5326
f 5330 5328 5329
f 5336 5333 5310
f 5328 5325 5329
f 5326 5324 5325
f 5326 5321 5324
f 5326 5322 5321
f 5326 5323 5322
f 5326 5327 5323
f 5324 5321 5325
f 5322 5319 5318
f 5322 5318 5316
f 5322 5320 5321
f 5322 5316 5320
f 5341 5311 5312
f 5346 5352 5353
f 5346 5351 5352
f 5346 5350 5351
f 5346 5349 5350
f 5346 5348 5349
f 5346 5347 5348
f 5342 5344 5345
f 5342 5343 5344
f 5341 5340 5314
f 5341 5312 5340
f 5341 5314 5311
f 5322 5323 5319
f 5340 5312 5314
f 5339 5338 5312
f 5339 5310 5338
f 5339 5312 5308
f 5339 5308 5310
f 5338 5310 5312
f 5337 5336 5310
f 5337 5333 5336
f 5337 5334 5333
f 5337 5310 5309
f 5337 5309 5334
f 5281 5282 5283
f 5293 5264 5266
f 5291 5292 5282
f 5282 5292 5290
f 5289 5291 5282
f 5282 5290 5287
f 5288 5289 5282
f 5282 5287 5286
f 5282 5286 5285
f 5280 5282 5281
f 5284 5282 5285
f 5283 5282 5284
f 5294 5295 5293
f 5278 5280 5279
f 5279 5280 5281
f 5276 5278 5277
f 5277 5278 5279
f 5274 5276 5275
f 5275 5276 5277
f 5272 5274 5273
f 5273 5274 5275
f 5270 5272 5271
f 5271 5272 5273
f 5268 5270 5269
f 5308 5309 5310
f 5320 5316 5317
f 5320 5317 5321
f 5318 5306 5316
f 5318 5302 5306
f 5318 5303 5302
f 5318 5319 5303
f 5316 5306 5307
f 5316 5307 5317
f 5313 5311 5314
f 5313 5314 5315
f 5311 5308 5312
f 5346 5353 5354
f 5307 5306 5305
f 5306 5302 5305
f 5302 5304 5305
f 5302 5303 5304
f 5301 5300 5293
f 5301 5293 5266
f 5300 5299 5293
f 5299 5298 5293
f 5298 5297 5293
f 5297 5296 5293
f 5296 5294 5293
f 5424 5425 5426
f 5433 5435 5434
f 5434 5435 5436
f 5431 5433 5432
f 5432 5433 5434
f 5429 5431 5430
f 5430 5431 5432
f 5427 5429 5428
f 5428 5429 5430
f 5425 5427 5426
f 5426 5427 5428
f 5423 5425 5424
f 5436 5437 5438
f 5420 5423 5421
f 5421 5423 5424
f 5422 5420 5419
f 5419 5420 5421
f 5418 5400 5414
f 5396 5416 5417
f 5397 5416 5396
f 5415 5416 5397
f 5399 5414 5400
f 5412 5411 5410
f 5412 5410 5413
f 5449 5450 5448
f 5462 5461 5460
f 5461 5457 5460
f 5457 5459 5460
f 5457 5458 5459
f 5456 5455 5448
f 5456 5448 5419
f 5455 5454 5448
f 5454 5453 5448
f 5453 5452 5448
f 5452 5451 5448
f 5451 5449 5448
f 5411 5409 5410
f 5448 5422 5419
f 5446 5447 5437
f 5437 5447 5445
f 5444 5446 5437
f 5437 5445 5442
f 5443 5444 5437
f 5437 5442 5441
f 5437 5441 5440
f 5435 5437 5436
f 5439 5437 5440
f 5438 5437 5439
f 5366 5367 5368
f 5381 5370 5380
f 5380 5370 5379
f 5379 5370 5378
f 5370 5377 5378
f 5370 5376 5377
f 5370 5375 5376
f 5370 5374 5375
f 5370 5373 5374
f 5370 5372 5373
f 5370 5371 5372
f 5369 5366 5368
f 5382 5383 5381
f 5365 5356 5364
f 5365 5363 5356
f 5364 5356 5361
f 5363 5360 5356
f 5361 5356 5362
f 5360 5359 5356
f 5359 5357 5356
f 5356 5355 5346
f 5356 5358 5355
f 5356 5357 5358
f 5355 5347 5346
f 5397 5396 5395
f 5410 5409 5408
f 5409 5407 5408
f 5408 5407 5406
f 5407 5405 5406
f 5406 5405 5404
f 5405 5403 5404
f 5404 5403 5402
f 5403 5401 5402
f 5401 5399 5398
f 5401 5398 5402
f 5398 5399 5400
f 5269 5270 5271
f 5396 5393 5395
f 5393 5394 5395
f 5390 5391 5392
f 5390 232 5391
f 5389 5388 5381
f 5389 5381 5380
f 5388 5387 5381
f 5387 5386 5381
f 5386 5385 5381
f 5385 5384 5381
f 5384 5382 5381
f 5154 5155 5153
f 5169 5168 5165
f 5168 5164 5165
f 5166 5167 5162
f 5165 5164 5161
f 5164 5160 5161
f 5162 5163 5158
f 5161 5160 5157
f 5160 5156 5157
f 5158 5159 5154
f 5157 5156 5152
f 5156 5150 5152
f 5170 5168 5169
f 5150 5153 5151
f 5150 5151 5152
f 5149 5122 5120
f 5149 5120 5148
f 5149 5148 5122
f 5148 5119 5122
f 5148 5120 5119
f 5147 5118 5146
f 5147 5146 5120
f 5147 5120 5118
f 5146 5117 5120
f 5180 5178 5175
f 5188 5192 5193
f 5188 5191 5192
f 5188 5190 5191
f 5188 5189 5190
f 5187 5175 5186
f 5187 5185 5175
f 5186 5175 5183
f 5185 5182 5175
f 5183 5175 5184
f 5182 5181 5175
f 5181 5180 5175
f 5146 5118 5117
f 5175 5179 5176
f 5175 5178 5179
f 5175 5176 5177
f 5155 5151 5153
f 5159 5155 5154
f 5163 5159 5158
f 5167 5163 5162
f 5173 5171 5172
f 5173 5174 5171
f 5172 5171 5166
f 5171 5167 5166
f 5130 5128 5131
f 5136 5135 5132
f 5136 5132 5133
f 5136 5133 5110
f 5134 5131 5132
f 5134 5132 5135
f 5134 5135 5131
f 5132 5128 5129
f 5132 5131 5128
f 5132 5129 5133
f 5130 5126 5124
f 5130 5127 5126
f 5136 5110 5109
f 5130 5124 5128
f 5130 5131 5127
f 5128 5124 5125
f 5128 5125 5129
f 5126 5064 5124
f 5126 5067 5065
f 5126 5065 5064
f 5126 5127 5067
f 5124 5064 5063
f 5124 5063 5125
f 4651 4660 5771
f 5141 5112 5140
f 5145 5116 5144
f 5145 5144 5118
f 5145 5118 5116
f 5144 5115 5118
f 5144 5116 5115
f 5143 5114 5142
f 5143 5142 5116
f 5143 5116 5114
f 5142 5113 5116
f 5142 5114 5113
f 5141 5140 5114
f 5188 5193 5194
f 5141 5114 5112
f 5140 5111 5114
f 5140 5112 5111
f 5139 5109 5138
f 5139 5138 5112
f 5139 5112 5109
f 5138 5108 5112
f 5138 5109 5108
f 5137 5136 5109
f 5137 5135 5136
f 5137 5109 5135
f 5251 5218 5250
f 5255 5222 5254
f 5255 5224 5221
f 5255 5221 5222
f 5254 5222 5224
f 5253 5222 5219
f 5253 5219 5220
f 5253 5220 5252
f 5253 5252 5222
f 5252 5220 5222
f 5251 5216 5218
f 5251 5220 5216
f 5255 5254 5224
f 5251 5250 5220
f 5250 5218 5220
f 5249 5247 5246
f 5249 5245 5248
f 5249 5218 5217
f 5249 5248 5218
f 5249 5246 5245
f 5249 5217 5247
f 5248 5245 5218
f 5246 5243 5242
f 5246 5242 5241
f 5261 5228 5260
f 5265 5268 5267
f 5267 5268 5269
f 5266 5265 5267
f 5264 5265 5266
f 5233 5235 5263
f 5235 5239 5262
f 5235 5262 5263
f 5239 5238 5262
f 5261 5230 5227
f 5261 5227 5228
f 5261 5260 5230
f 5246 5244 5245
f 5260 5228 5230
f 5259 5258 5228
f 5259 5226 5258
f 5259 5228 5225
f 5259 5225 5226
f 5258 5226 5228
f 5257 5256 5226
f 5257 5224 5256
f 5257 5226 5223
f 5257 5223 5224
f 5256 5224 5226
f 5206 5205 5204
f 5176 5215 5177
f 5177 5215 5214
f 5215 5213 5214
f 5214 5213 5212
f 5213 5211 5212
f 5212 5211 5210
f 5211 5209 5210
f 5210 5209 5208
f 5209 5207 5208
f 5208 5207 5206
f 5207 5205 5206
f 5216 5217 5218
f 5205 5203 5204
f 5204 5203 5202
f 5203 5201 5202
f 5202 5201 5200
f 5201 5199 5200
f 5200 5199 5198
f 5199 5197 5198
f 5197 5196 5188
f 5197 5188 5198
f 5196 5195 5188
f 5195 5189 5188
f 5236 5239 5235
f 5246 5241 5244
f 5246 5247 5243
f 5244 5241 5245
f 5242 5236 5232
f 5242 5237 5236
f 5242 5240 5241
f 5242 5232 5240
f 5242 5243 5237
f 5240 5232 5234
f 5240 5234 5241
f 5236 5235 5232
f 5770 4647 5705
f 5236 5238 5239
f 5236 5237 5238
f 5232 5235 5233
f 5232 5233 5234
f 5229 5227 5230
f 5229 5230 5231
f 5227 5225 5228
f 5225 5223 5226
f 5223 5221 5224
f 5221 5219 5222
f 5219 5216 5220
f 5700 5701 4704
f 5701 5711 5710
f 5710 5711 5712
f 5701 5710 4703
f 5706 5709 5707
f 5706 5707 5708
f 4708 5705 4648
f 5701 4703 4704
f 5699 5701 5697
f 5697 5701 5704
f 5704 5701 5703
f 5703 5701 5702
f 5702 5701 5700
f 5711 5713 5712
f 5698 5699 5697
f 5696 5698 5697
f 5695 5696 5692
f 5692 5696 5697
f 5694 5695 5692
f 5693 5694 5692
f 5691 5693 5692
f 5690 5691 5692
f 5686 5688 5689
f 5686 5687 5688
f 5685 5684 5677
f 5717 5719 5712
f 5717 5724 5723
f 5722 5724 5717
f 5721 5723 5722
f 5717 5723 5721
f 5720 5721 5722
f 5717 5721 5720
f 5715 5720 4701
f 4701 5720 4699
f 5717 5720 5715
f 5718 5719 5717
f 5712 5719 5718
f 5685 5677 5676
f 5712 5718 5716
f 5716 5718 5717
f 5712 5716 5715
f 5715 5716 5717
f 4703 5715 4701
f 5710 5715 4703
f 5712 5715 5710
f 5701 5714 5713
f 5713 5714 5712
f 5712 5714 5701
f 5701 5713 5711
f 5638 5641 5642
f 5653 5647 5654
f 5652 5651 5647
f 5651 5650 5647
f 5650 5649 5647
f 5647 5639 5638
f 5647 5649 5648
f 5647 5648 5639
f 5638 5645 5646
f 5638 5644 5645
f 5638 5643 5644
f 5638 5642 5643
f 5655 5652 5647
f 5638 5640 5641
f 5638 5639 5640
f 5634 5636 5637
f 5634 5635 5636
f 5633 5632 5627
f 5633 5614 5624
f 5633 5627 5614
f 5632 5631 5627
f 5631 5630 5627
f 5630 5629 5627
f 5629 5628 5627
f 5666 5671 5672
f 5684 5683 5677
f 5683 5682 5677
f 5682 5681 5677
f 5681 5680 5677
f 5680 5678 5677
f 5678 5679 5677
f 5677 5666 5676
f 5676 5666 5675
f 5675 5666 5674
f 5674 5666 5673
f 5666 5672 5673
f 5723 5724 5722
f 5666 5670 5671
f 5666 5669 5670
f 5666 5668 5669
f 5666 5667 5668
f 5662 5664 5665
f 5662 5663 5664
f 5658 5660 5661
f 5658 5659 5660
f 5657 5647 5656
f 5657 5655 5647
f 5656 5647 5653
f 4708 5755 5705
f 5752 5759 5751
f 5753 5759 5752
f 5708 5759 5706
f 5751 5759 5757
f 5750 5757 5755
f 5755 5757 5756
f 5751 5757 5750
f 5758 5757 5708
f 5756 5757 5758
f 5750 5755 4712
f 4712 5755 4708
f 5757 5759 5708
f 5705 5755 5756
f 5748 5754 5752
f 5752 5754 5753
f 5753 5754 5748
f 5748 5752 5751
f 5748 5751 5746
f 5745 5751 5750
f 5746 5751 5745
f 5745 5750 4716
f 4716 5750 4712
f 5743 5749 5747
f 5768 208 5707
f 5463 5464 5465
f 5705 4647 4648
f 5769 5770 5756
f 5756 5770 5705
f 214 5769 5758
f 5758 5769 5756
f 212 214 5758
f 207 212 5708
f 5708 212 5758
f 208 207 5707
f 5707 207 5708
f 5747 5749 5748
f 5767 5768 5707
f 5766 5767 5707
f 5765 5766 5707
f 5764 5765 5707
f 5762 5764 5709
f 5709 5764 5707
f 5763 5762 5709
f 5761 5762 5763
f 5753 5760 5759
f 5759 5760 5706
f 5706 5760 5753
f 5727 5730 5725
f 5732 5735 5730
f 4695 5735 4693
f 5730 5735 4695
f 5727 5734 5733
f 5733 5734 5732
f 5732 5734 5727
f 5727 5733 5731
f 5731 5733 5732
f 5727 5731 5730
f 5730 5731 5732
f 5725 5730 4695
f 5732 5736 5735
f 5722 5729 5728
f 5728 5729 5727
f 5727 5729 5722
f 5722 5728 5726
f 5726 5728 5727
f 5722 5726 5725
f 5725 5726 5727
f 5720 5725 4699
f 5722 5725 5720
f 4697 5725 4695
f 4699 5725 4697
f 5738 5742 5741
f 5748 5749 5743
f 5743 5747 5746
f 5746 5747 5748
f 5740 5746 5745
f 5743 5746 5741
f 5741 5746 5740
f 5740 5745 4690
f 4690 5745 4716
f 5738 5744 5742
f 5742 5744 5743
f 5743 5744 5738
f 5466 5463 5467
f 5741 5742 5743
f 5736 5741 5735
f 5735 5741 5740
f 5738 5741 5736
f 5735 5740 4693
f 4693 5740 4690
f 5732 5739 5737
f 5737 5739 5738
f 5738 5739 5732
f 5732 5737 5736
f 5736 5737 5738
f 5508 5497 5505
f 5519 5518 5510
f 5519 5510 5520
f 5518 5517 5510
f 5517 5511 5510
f 5510 5515 5516
f 5510 5514 5515
f 5510 5513 5514
f 5510 5512 5513
f 5510 5511 5512
f 5509 5497 5508
f 5509 5507 5497
f 5521 5519 5520
f 5507 5504 5497
f 5505 5497 5506
f 5504 5503 5497
f 5503 5502 5497
f 5502 5498 5497
f 5497 5500 5501
f 5497 5499 5500
f 5497 5498 5499
f 5496 5495 5469
f 5496 5467 5495
f 5496 5469 5466
f 5533 5531 5532
f 5547 5545 5548
f 5545 5543 5546
f 5543 5541 5544
f 5541 5538 5542
f 5538 5539 5540
f 5500 5537 5501
f 5501 5537 5536
f 5537 5535 5536
f 5536 5535 5534
f 5535 5533 5534
f 5534 5533 5532
f 5496 5466 5467
f 5532 5531 5530
f 5531 5529 5530
f 5530 5529 5528
f 5529 5527 5528
f 5528 5527 5526
f 5527 5525 5526
f 5526 5525 5524
f 5525 5523 5524
f 5524 5523 5522
f 5523 5521 5522
f 5522 5521 5520
f 5477 5478 5479
f 5483 5481 5484
f 5482 5480 5481
f 5482 5476 5480
f 5482 5477 5476
f 5482 5478 5477
f 5480 5476 5481
f 5477 5474 5473
f 5477 5473 5471
f 5477 5475 5476
f 5477 5471 5475
f 5477 5479 5474
f 5485 5486 5487
f 5475 5471 5472
f 5475 5472 5476
f 5473 5461 5471
f 5473 5458 5457
f 5473 5457 5461
f 5473 5474 5458
f 5471 5461 5462
f 5471 5462 5472
f 5468 5466 5469
f 5468 5469 5470
f 5628 5625 5627
f 5492 5464 5486
f 5495 5467 5469
f 5494 5493 5467
f 5494 5465 5493
f 5494 5467 5463
f 5494 5463 5465
f 5493 5465 5467
f 5492 5491 5465
f 5492 5489 5491
f 5492 5465 5464
f 5492 5490 5489
f 5492 5486 5490
f 5625 5626 5627
f 5491 5489 5465
f 5490 5485 5484
f 5490 5486 5485
f 5490 5484 5488
f 5490 5488 5489
f 5488 5484 5489
f 5485 5481 5483
f 5485 5483 5484
f 5485 5482 5481
f 5485 5478 5482
f 5485 5487 5478
f 5561 5560 5584
f 5590 5596 5597
f 5590 5595 5596
f 5590 5594 5595
f 5590 5593 5594
f 5590 5592 5593
f 5590 5591 5592
f 5589 5586 5588
f 5586 5587 5588
f 5555 5557 5585
f 5557 5561 5584
f 5557 5584 5585
f 5590 5597 5598
f 5583 5552 5549
f 5583 5549 5550
f 5583 5582 5552
f 5583 5550 5582
f 5582 5550 5552
f 5581 5580 5550
f 5581 5548 5580
f 5581 5550 5547
f 5581 5547 5548
f 5580 5548 5550
f 5579 5578 5548
f 5610 5611 5612
f 5549 5547 5550
f 5624 5614 5623
f 5623 5614 5622
f 5622 5614 5621
f 5614 5620 5621
f 5614 5619 5620
f 5614 5618 5619
f 5614 5617 5618
f 5614 5616 5617
f 5614 5615 5616
f 5613 5610 5612
f 5551 5552 5553
f 5609 5600 5608
f 5609 5607 5600
f 5608 5600 5605
f 5607 5604 5600
f 5605 5600 5606
f 5604 5603 5600
f 5603 5602 5600
f 5602 5601 5600
f 5600 5599 5590
f 5600 5601 5599
f 5599 5591 5590
f 5564 5566 5559
f 5571 5568 5570
f 5571 5539 5565
f 5570 5568 5540
f 5569 5565 5564
f 5569 5564 5563
f 5569 5567 5568
f 5569 5563 5567
f 5567 5563 5568
f 5564 5558 5554
f 5564 5559 5558
f 5564 5562 5563
f 5564 5554 5562
f 5579 5548 5545
f 5564 5565 5566
f 5562 5554 5556
f 5562 5556 5563
f 5558 5557 5554
f 5558 5561 5557
f 5558 5560 5561
f 5558 5559 5560
f 5554 5557 5555
f 5554 5555 5556
f 5551 5549 5552
f 5579 5546 5578
f 5571 5540 5539
f 5571 5569 5568
f 5579 5545 5546
f 5578 5546 5548
f 5577 5576 5546
f 5577 5544 5576
f 5577 5546 5543
f 5577 5543 5544
f 5576 5544 5546
f 5575 5544 5541
f 5575 5541 5542
f 5575 5574 5544
f 5575 5542 5574
f 5571 5570 5540
f 5571 5565 5569
f 5572 5540 5542
f 5573 5540 5572
f 5573 5572 5542
f 5573 5542 5538
f 5573 5538 5540
f 5574 5542 5544
f 4971 4980 4976
f 4976 4981 4971

