# https://github.com/mikedh/trimesh
v -0.75056084 -5.14427280 -5.83550936
v -0.84174737 -5.14427280 -4.56052882
v -0.88713845 -5.11474562 -4.56052882
v 17.20633403 -4.97926331 -4.56052882
v 17.12055293 -4.92554235 -5.85502536
v 17.21313754 -4.92554235 -4.56052882
v -0.87957009 -4.97926331 -5.85405833
v -0.97888573 -4.92554235 -4.56052882
v -0.88630303 -4.92554235 -5.85502536
v -0.97208413 -4.97926331 -4.56052882
v -0.86154183 -5.03025866 -5.85146624
v -0.95387276 -5.03025866 -4.56052882
v -0.83307275 -5.07613707 -5.84737307
v -0.92510995 -5.07613707 -4.56052882
v -0.79549035 -5.11474562 -5.84196955
v -0.60390862 -4.97926331 -7.12125308
v -0.61043557 -4.92554235 -7.12317187
v -0.58643349 -5.03025866 -7.11612231
v -0.55883416 -5.07613707 -7.10801989
v -0.52240380 -5.11474562 -7.09732348
v -0.47885140 -5.14427280 -7.08453662
v -0.15071114 -4.97926331 -8.33632094
v -0.15689858 -4.92554235 -8.33914763
v -0.13414391 -5.03025866 -8.32875640
v -0.10797890 -5.07613707 -8.31680876
v -0.07344445 -5.11474562 -8.30103499
v -0.03215417 -5.14427280 -8.28217894
v 0.47079459 -4.97926331 -9.47452361
v 0.46507255 -4.92554235 -9.47820098
v 0.48611442 -5.03025866 -9.46467787
v 0.51031486 -5.07613707 -9.44912917
v 0.54225532 -5.11474562 -9.42860228
v 0.58044044 -5.14427280 -9.40406234
v 1.24795905 -4.97926331 -10.51269347
v 1.24281684 -4.92554235 -10.51714904
v 1.26172248 -5.03025866 -10.50076873
v 1.28346244 -5.07613707 -10.48193175
v 1.31215659 -5.11474562 -10.45706755
v 1.34645835 -5.14427280 -10.42734343
v 2.25030891 -5.14427280 -11.33119399
v 2.16495887 -4.97926331 -11.42969329
v 2.16050330 -4.92554235 -11.43483550
v 2.17688361 -5.03025866 -11.41592986
v 2.19572059 -5.07613707 -11.39418990
v 2.22058479 -5.11474562 -11.36549575
v 3.20312873 -4.97926331 -12.20685775
v 3.19945136 -4.92554235 -12.21257979
v 3.21297446 -5.03025866 -12.19153792
v 3.22852317 -5.07613707 -12.16733748
v 3.24905006 -5.11474562 -12.13539702
v 3.27359000 -5.14427280 -12.09721190
v 4.34133140 -4.97926331 -12.82836348
v 4.33850471 -4.92554235 -12.83455092
v 4.34889594 -5.03025866 -12.81179625
v 4.36084357 -5.07613707 -12.78563124
v 4.37661735 -5.11474562 -12.75109679
v 4.39547340 -5.14427280 -12.70980651
v 5.59311668 -5.14427280 -13.15650374
v 5.55640022 -4.97926331 -13.28156096
v 5.55448142 -4.92554235 -13.28808791
v 5.56153098 -5.03025866 -13.26408583
v 5.56963340 -5.07613707 -13.23648650
v 5.58032981 -5.11474562 -13.20005614
v 6.82359496 -4.97926331 -13.55722243
v 6.82262794 -4.92554235 -13.56395537
v 6.82618705 -5.03025866 -13.53919417
v 6.83028022 -5.07613707 -13.51072509
v 6.83568374 -5.11474562 -13.47314269
v 6.84214393 -5.14427280 -13.42821318
v 8.11712543 -4.97926331 -13.64973647
v 8.11712543 -4.92554235 -13.65653807
v 8.11712543 -5.03025866 -13.63152510
v 8.11712543 -5.07613707 -13.60276229
v 8.11712543 -5.11474562 -13.56479079
v 8.11712543 -5.14427280 -13.51939971
v 9.41065494 -4.97926331 -13.55722243
v 9.41162387 -4.92554235 -13.56395537
v 9.40806285 -5.03025866 -13.53919417
v 9.40396968 -5.07613707 -13.51072509
v 9.39856616 -5.11474562 -13.47314269
v 9.39210597 -5.14427280 -13.42821318
v 10.67785159 -4.97926331 -13.28156096
v 10.67976848 -4.92554235 -13.28808791
v 10.67272083 -5.03025866 -13.26408583
v 10.66461650 -5.07613707 -13.23648650
v 10.65392009 -5.11474562 -13.20005614
v 10.64113322 -5.14427280 -13.15650374
v 11.89292041 -4.97926331 -12.82836348
v 11.89574519 -4.92554235 -12.83455092
v 11.88535396 -5.03025866 -12.81179625
v 11.87340442 -5.07613707 -12.78563124
v 11.85763255 -5.11474562 -12.75109679
v 11.83877650 -5.14427280 -12.70980651
v 12.96065799 -5.14427280 -12.09721190
v 13.03112308 -4.97926331 -12.20685775
v 13.03480045 -4.92554235 -12.21257979
v 13.02127734 -5.03025866 -12.19153792
v 13.00572673 -5.07613707 -12.16733748
v 12.98519984 -5.11474562 -12.13539702
v 13.98394099 -5.14427280 -11.33119399
v 14.06929103 -4.97926331 -11.42969329
v 14.07374660 -4.92554235 -11.43483550
v 14.05736629 -5.03025866 -11.41592986
v 14.03852931 -5.07613707 -11.39418990
v 14.01366512 -5.11474562 -11.36549575
v 14.98629085 -4.97926331 -10.51269347
v 14.99143306 -4.92554235 -10.51714904
v 14.97252933 -5.03025866 -10.50076873
v 14.95078937 -5.07613707 -10.48193175
v 14.92209522 -5.11474562 -10.45706755
v 14.88779155 -5.14427280 -10.42734343
v 15.76345531 -4.97926331 -9.47452361
v 15.76917735 -4.92554235 -9.47820098
v 15.74813548 -5.03025866 -9.46467787
v 15.72393695 -5.07613707 -9.44912917
v 15.69199649 -5.11474562 -9.42860228
v 15.65380946 -5.14427280 -9.40406234
v 16.38496104 -4.97926331 -8.33632094
v 16.39114848 -4.92554235 -8.33914763
v 16.36839572 -5.03025866 -8.32875640
v 16.34223071 -5.07613707 -8.31680876
v 16.30769435 -5.11474562 -8.30103499
v 16.26640407 -5.14427280 -8.28217894
v 16.83815662 -4.97926331 -7.12125308
v 16.84468547 -4.92554235 -7.12317187
v 16.82068530 -5.03025866 -7.11612231
v 16.79308597 -5.07613707 -7.10801989
v 16.75665561 -5.11474562 -7.09732348
v 16.71310321 -5.14427280 -7.08453662
v 17.11381999 -4.97926331 -5.85405833
v 17.09579364 -5.03025866 -5.85146624
v 17.18812267 -5.03025866 -4.56052882
v 17.06732265 -5.07613707 -5.84737307
v 17.15935985 -5.07613707 -4.56052882
v 17.02974025 -5.11474562 -5.84196955
v 17.12139026 -5.11474562 -4.56052882
v 17.07599918 -5.14427280 -4.56052882
v 16.98481075 -5.14427280 -5.83550936
v -1.05104073 -4.11401558 10.52829259
v -0.98183068 -4.22617674 10.52017110
v -0.94598016 -4.18436050 10.52706426
v -1.01591500 -4.26571608 10.50129216
v -1.29688271 -4.10971546 10.52223867
v -1.17131432 -4.06961012 10.52907079
v -1.29688271 -4.05480814 10.52932637
v -1.29688271 -4.16171551 10.50323766
v -1.16485604 -4.33224201 10.27833074
v -1.10395440 -4.36574173 10.33227056
v -1.09168633 -4.35230589 10.38471502
v -1.10843285 -4.37001944 10.27710241
v -1.29688271 -4.29431534 10.33438772
v -1.22944649 -4.30839443 10.27910894
v -1.29688271 -4.27622557 10.38671010
v -1.29688271 -4.30044508 10.27936452
v -1.13137826 -4.26878500 10.45372670
v -1.04655465 -4.30102873 10.47136205
v -1.07223138 -4.33037472 10.43185323
v -1.21164330 -4.23901892 10.45437139
v -1.29688271 -4.20825911 10.47325795
v -1.29688271 -4.24706364 10.43377202
v 2.20467750 -5.20594215 -8.85617263
v 1.94890968 -5.40894842 -7.89859969
v 1.60548393 -5.20594215 -7.87837416
v 2.94945518 -5.20594215 -9.72819716
v 2.58246604 -5.40894842 -8.86832625
v 14.28534023 -5.40894842 -7.89859969
v 13.65178577 -5.40894842 -8.86832625
v 14.02957240 -5.20594215 -8.85617263
v 14.75064365 -5.40894842 -6.83781726
v 14.62876788 -5.20594215 -7.87837416
v 15.40938846 -5.26050997 -4.56052882
v 15.33533565 -5.20594215 -5.70378024
v 15.42531291 -5.20594215 -4.56052882
v 15.38155071 -5.31007051 -4.56052882
v 15.34323589 -5.35206127 -4.56052882
v 15.29642764 -5.38431120 -4.56052882
v 15.24354259 -5.40515327 -4.56052882
v 0.91464225 -5.26050997 -5.70128924
v 0.80893699 -5.20594215 -4.56052882
v 0.89891425 -5.20594215 -5.70378024
v 0.82486335 -5.26050997 -4.56052882
v 0.94213859 -5.31007051 -5.69693476
v 0.85269920 -5.31007051 -4.56052882
v 0.97998039 -5.35206127 -5.69094187
v 0.89101402 -5.35206127 -4.56052882
v 1.02621452 -5.38431120 -5.68361766
v 0.93782417 -5.38431120 -4.56052882
v 1.19924918 -5.40894842 -5.71491725
v 1.07844535 -5.40515327 -5.67534548
v 0.99070731 -5.40515327 -4.56052882
v 1.13397971 -5.41350985 -5.66655070
v 1.10359565 -5.40894842 -4.56052882
v 1.04693595 -5.41350985 -4.56052882
v 1.18177024 -5.26050997 -6.81396014
v 1.16662589 -5.20594215 -6.81888110
v 1.20824424 -5.31007051 -6.80535800
v 1.48360816 -5.40894842 -6.83781726
v 1.24468604 -5.35206127 -6.79352099
v 1.28920356 -5.38431120 -6.77905566
v 1.33950034 -5.40515327 -6.76271350
v 1.39297477 -5.41350985 -6.74533755
v 1.61967078 -5.26050997 -7.87114531
v 1.64447395 -5.31007051 -7.85850722
v 1.67861167 -5.35206127 -7.84111220
v 1.72032157 -5.38431120 -7.81986052
v 1.76744071 -5.40515327 -7.79585082
v 1.81753913 -5.41350985 -7.77032668
v 2.21755973 -5.26050997 -8.84681136
v 2.24008170 -5.31007051 -8.83045012
v 2.27107993 -5.35206127 -8.80792815
v 2.30894843 -5.38431120 -8.78041655
v 2.35173408 -5.40515327 -8.74933058
v 2.39722053 -5.41350985 -8.71628005
v 2.96071616 -5.26050997 -9.71693618
v 2.98040000 -5.31007051 -9.69725234
v 3.00749198 -5.35206127 -9.67016036
v 3.04059211 -5.38431120 -9.63706023
v 3.07798759 -5.40515327 -9.59966475
v 3.11774436 -5.41350985 -9.55990798
v 3.36698905 -5.40894842 -9.72054869
v 3.22301475 -5.35206127 -9.87695128
v 3.82147971 -5.20594215 -10.47297484
v 3.25471488 -5.38431120 -9.84251219
v 3.29053489 -5.40515327 -9.80360228
v 3.32861701 -5.41350985 -9.76223571
v 3.83084098 -5.26050997 -10.46009261
v 3.84720222 -5.31007051 -10.43757064
v 3.86972419 -5.35206127 -10.40657241
v 3.89723579 -5.38431120 -10.36870391
v 3.92832175 -5.40515327 -10.32591826
v 3.96137229 -5.41350985 -10.28043181
v 4.28108970 -5.40894842 -10.43202025
v 4.16481773 -5.35206127 -10.60998351
v 4.79927818 -5.20594215 -11.07216841
v 4.19041816 -5.38431120 -10.57079894
v 4.21934501 -5.40515327 -10.52652556
v 4.25009910 -5.41350985 -10.47945220
v 4.80650703 -5.26050997 -11.05798156
v 4.81914512 -5.31007051 -11.03317839
v 4.83654014 -5.35206127 -10.99904067
v 4.85779182 -5.38431120 -10.95733077
v 4.88180152 -5.40515327 -10.91021163
v 4.90732566 -5.41350985 -10.86011321
v 5.29982368 -5.40894842 -10.98333174
v 5.21442786 -5.35206127 -11.17800719
v 5.85877219 -5.20594215 -11.51102645
v 5.23323432 -5.38431120 -11.13514144
v 5.25447456 -5.40515327 -11.08671004
v 5.27706138 -5.41350985 -11.03521926
v 5.86369315 -5.26050997 -11.49588210
v 5.87229530 -5.31007051 -11.46940810
v 5.88413230 -5.35206127 -11.43296630
v 5.89859763 -5.38431120 -11.38844878
v 5.91493980 -5.40515327 -11.33815200
v 5.93231574 -5.41350985 -11.28467757
v 6.39540473 -5.40894842 -11.35944564
v 6.35470954 -5.38431120 -11.52014357
v 6.97387305 -5.20594215 -11.77873809
v 6.36769477 -5.40515327 -11.46887786
v 6.38149635 -5.41350985 -11.41436965
v 6.97636405 -5.26050997 -11.76301009
v 6.98071853 -5.31007051 -11.73551375
v 6.98671142 -5.35206127 -11.69767195
v 6.99403564 -5.38431120 -11.65143782
v 7.00230781 -5.40515327 -11.59920699
v 7.01110259 -5.41350985 -11.54367263
v 7.53795329 -5.40894842 -11.55010039
v 7.52426425 -5.38431120 -11.71530730
v 8.11712543 -5.20594215 -11.86871535
v 7.52863017 -5.40515327 -11.66260344
v 7.53327457 -5.41350985 -11.60656935
v 8.11712543 -5.26050997 -11.85278899
v 8.11712543 -5.31007051 -11.82495314
v 8.11712543 -5.35206127 -11.78663832
v 8.11712543 -5.38431120 -11.73982817
v 8.11712543 -5.40515327 -11.68694503
v 8.11712543 -5.41350985 -11.63071639
v 8.69629756 -5.40894842 -11.55010039
v 8.70998851 -5.38431120 -11.71530730
v 9.26037875 -5.20594215 -11.77873809
v 8.70562068 -5.40515327 -11.66260344
v 8.70097820 -5.41350985 -11.60656935
v 9.25788776 -5.26050997 -11.76301009
v 9.25353137 -5.31007051 -11.73551375
v 9.24753848 -5.35206127 -11.69767195
v 9.24021617 -5.38431120 -11.65143782
v 9.23194209 -5.40515327 -11.59920699
v 9.22314731 -5.41350985 -11.54367263
v 9.83884517 -5.40894842 -11.35944564
v 9.87954036 -5.38431120 -11.52014357
v 10.37547961 -5.20594215 -11.51102645
v 9.86655704 -5.40515327 -11.46887786
v 9.85275546 -5.41350985 -11.41436965
v 10.37055866 -5.26050997 -11.49588210
v 10.36195651 -5.31007051 -11.46940810
v 10.35011760 -5.35206127 -11.43296630
v 10.33565227 -5.38431120 -11.38844878
v 10.31931010 -5.40515327 -11.33815200
v 10.30193416 -5.41350985 -11.28467757
v 10.93442813 -5.40894842 -10.98333174
v 11.01982204 -5.35206127 -11.17800719
v 11.43497363 -5.20594215 -11.07216841
v 11.00101749 -5.38431120 -11.13514144
v 10.97977535 -5.40515327 -11.08671004
v 10.95718852 -5.41350985 -11.03521926
v 11.42774478 -5.26050997 -11.05798156
v 11.41510669 -5.31007051 -11.03317839
v 11.39771167 -5.35206127 -10.99904067
v 11.37645999 -5.38431120 -10.95733077
v 11.35245029 -5.40515327 -10.91021163
v 11.32692424 -5.41350985 -10.86011321
v 11.95316211 -5.40894842 -10.43202025
v 12.06943408 -5.35206127 -10.60998351
v 12.41277019 -5.20594215 -10.47297484
v 12.04383174 -5.38431120 -10.57079894
v 12.01490680 -5.40515327 -10.52652556
v 11.98415271 -5.41350985 -10.47945220
v 12.40341083 -5.26050997 -10.46009261
v 12.38704768 -5.31007051 -10.43757064
v 12.36452762 -5.35206127 -10.40657241
v 12.33701221 -5.38431120 -10.36870391
v 12.30592815 -5.40515327 -10.32591826
v 12.27287952 -5.41350985 -10.28043181
v 12.86726085 -5.40894842 -9.72054869
v 13.01123706 -5.35206127 -9.87695128
v 13.28479472 -5.20594215 -9.72819716
v 12.97953311 -5.38431120 -9.84251219
v 12.94371692 -5.40515327 -9.80360228
v 12.90563480 -5.41350985 -9.76223571
v 13.27353374 -5.26050997 -9.71693618
v 13.25384990 -5.31007051 -9.69725234
v 13.22675792 -5.35206127 -9.67016036
v 13.19365779 -5.38431120 -9.63706023
v 13.15626231 -5.40515327 -9.59966475
v 13.11650554 -5.41350985 -9.55990798
v 13.81954280 -5.35206127 -8.99889571
v 13.78260318 -5.38431120 -8.97014434
v 13.74086848 -5.40515327 -8.93766219
v 13.69649974 -5.41350985 -8.90312773
v 14.47230045 -5.35206127 -7.99977690
v 14.43113223 -5.38431120 -7.97749526
v 14.38462154 -5.40515327 -7.95232589
v 14.33517162 -5.41350985 -7.92556578
v 14.98794452 -5.31007051 -6.91928393
v 15.06762401 -5.20594215 -6.81888110
v 14.95170680 -5.35206127 -6.90684420
v 14.90743152 -5.38431120 -6.89164263
v 14.85741321 -5.40515327 -6.87447268
v 14.80423251 -5.41350985 -6.85621554
v 15.30993167 -5.26050997 -5.76079470
v 15.28247348 -5.31007051 -5.75621325
v 15.24468127 -5.35206127 -5.74990756
v 15.19851009 -5.38431120 -5.74220187
v 15.14634601 -5.40515327 -5.73349864
v 15.09088794 -5.41350985 -5.72424418
v 15.18731586 -5.41350985 -4.56052882
v 15.13065425 -5.40894842 -4.56052882
v 15.03499881 -5.40894842 -5.71491725
v 2.48430244 -4.08387470 10.52881902
v 2.53588096 -4.16339636 10.52128881
v 2.56005470 -4.11401415 10.52829259
v 2.51289741 -4.21013689 10.50233739
v 2.32311622 -4.11416483 10.52215856
v 2.40441123 -4.06541204 10.52914327
v 2.32311622 -4.05925798 10.52925008
v 2.32311622 -4.16616535 10.50316137
v 2.40967933 -4.31811523 10.27885717
v 2.45035926 -4.33430099 10.27833074
v 2.45343772 -4.32896471 10.33341497
v 2.46174995 -4.31284952 10.38579076
v 2.32311622 -4.28067493 10.38663381
v 2.36677543 -4.30819988 10.27918142
v 2.32311622 -4.29876471 10.33431142
v 2.32311622 -4.30489492 10.27928823
v 2.43185035 -4.24989128 10.45415395
v 2.47489921 -4.28674603 10.43288320
v 2.49222938 -4.25193834 10.47238057
v 2.37813560 -4.23742485 10.45442479
v 2.32311622 -4.21270895 10.47318166
v 2.32311622 -4.25151300 10.43369573
v 13.36972133 -4.33502722 -4.56052882
v 13.28028575 -4.33502722 -5.52569110
v 13.40984813 -4.37528992 -4.56052882
v 2.65085212 -4.40314436 -5.58235270
v 2.50862113 -4.37198639 -4.56052882
v 2.60411826 -4.37198639 -5.59108836
v 2.55616752 -4.40314436 -4.56052882
v 2.70329658 -4.42275715 -5.57254893
v 2.60951987 -4.42275715 -4.56052882
v 2.75874320 -4.42981005 -5.56218440
v 2.66592399 -4.42981005 -4.56052882
v 2.81431953 -4.42393875 -5.55179507
v 2.72246543 -4.42393875 -4.56052882
v 2.86715690 -4.40544653 -5.54191691
v 2.77621833 -4.40544653 -4.56052882
v 2.91452018 -4.37528992 -5.53306300
v 2.95396415 -4.33502722 -5.52569110
v 2.86452857 -4.33502722 -4.56052882
v 2.82440177 -4.37528992 -4.56052882
v 2.93168632 -4.40314436 -6.56937701
v 2.88735191 -4.37198639 -6.58655459
v 2.98143760 -4.42275715 -6.55010516
v 3.03403083 -4.42981005 -6.52973086
v 3.08675376 -4.42393875 -6.50930316
v 3.13687507 -4.40544653 -6.48988635
v 3.18180839 -4.37528992 -6.47247988
v 3.21922675 -4.33502722 -6.45798403
v 3.38910285 -4.40314436 -7.48799426
v 3.34867851 -4.37198639 -7.51302630
v 3.43446342 -4.42275715 -7.45991046
v 3.48242179 -4.42981005 -7.43021685
v 3.53049079 -4.42393875 -7.40045077
v 3.57619468 -4.40544653 -7.37215335
v 3.61716071 -4.37528992 -7.34678942
v 3.65127937 -4.33502722 -7.32566363
v 4.00752631 -4.40314436 -8.30692107
v 3.97239295 -4.37198639 -8.33895308
v 4.04695503 -4.42275715 -8.27097899
v 4.08863822 -4.42981005 -8.23297698
v 4.13042442 -4.42393875 -8.19488723
v 4.17014686 -4.40544653 -8.15867430
v 4.20575706 -4.37528992 -8.12621123
v 4.23540870 -4.33502722 -8.09918029
v 4.76589957 -4.40314436 -8.99827010
v 4.73724738 -4.37198639 -9.03621108
v 4.79804984 -4.42275715 -8.95569045
v 4.83204261 -4.42981005 -8.91068083
v 4.86611549 -4.42393875 -8.86556060
v 4.89850990 -4.40544653 -8.82266432
v 4.92754737 -4.37528992 -8.78421218
v 4.95172874 -4.33502722 -8.75218779
v 5.63839332 -4.40314436 -9.53849227
v 5.61719886 -4.37198639 -9.58105284
v 5.66217414 -4.42275715 -9.49073226
v 5.68731681 -4.42981005 -9.44024092
v 5.71251670 -4.42393875 -9.38963134
v 5.73647681 -4.40544653 -9.34151274
v 5.75795356 -4.37528992 -9.29837996
v 5.77584068 -4.33502722 -9.26245696
v 6.59529678 -4.40314436 -9.90920073
v 6.58228484 -4.37198639 -9.95492751
v 6.60989753 -4.42275715 -9.85788161
v 6.62533370 -4.42981005 -9.80363280
v 6.64080611 -4.42393875 -9.74925048
v 6.65551559 -4.40544653 -9.69754988
v 6.66870300 -4.37528992 -9.65120513
v 6.67968360 -4.33502722 -9.61260802
v 7.60402576 -4.40314436 -10.09776503
v 7.59963886 -4.37198639 -10.14510543
v 7.60894862 -4.42275715 -10.04463774
v 7.61415187 -4.42981005 -9.98847396
v 7.61936847 -4.42393875 -9.93217665
v 7.62432948 -4.40544653 -9.87865264
v 7.62877551 -4.37528992 -9.83067137
v 7.63247768 -4.33502722 -9.79071624
v 8.63022701 -4.40314436 -10.09776503
v 8.63461391 -4.37198639 -10.14510543
v 8.62530414 -4.42275715 -10.04463774
v 8.62009898 -4.42981005 -9.98847396
v 8.61488239 -4.42393875 -9.93217665
v 8.60992328 -4.40544653 -9.87865264
v 8.60547725 -4.37528992 -9.83067137
v 8.60177509 -4.33502722 -9.79071624
v 9.63895503 -4.40314436 -9.90920073
v 9.65196506 -4.37198639 -9.95492751
v 10.61705104 -4.37198639 -9.58105284
v 9.62435428 -4.42275715 -9.85788161
v 9.60891811 -4.42981005 -9.80363280
v 9.59344379 -4.42393875 -9.74925048
v 9.57873431 -4.40544653 -9.69754988
v 9.56554881 -4.37528992 -9.65120513
v 9.55456630 -4.33502722 -9.61260802
v 10.45840923 -4.33502722 -9.26245696
v 10.59585849 -4.40314436 -9.53849227
v 10.57207767 -4.42275715 -9.49073226
v 10.54693500 -4.42981005 -9.44024092
v 10.52173320 -4.42393875 -9.38963134
v 10.49777309 -4.40544653 -9.34151274
v 10.47629634 -4.37528992 -9.29837996
v 11.28252116 -4.33502722 -8.75218779
v 11.46835223 -4.40314436 -8.99827010
v 11.49700443 -4.37198639 -9.03621108
v 11.43620006 -4.42275715 -8.95569045
v 11.40220729 -4.42981005 -8.91068083
v 11.36813442 -4.42393875 -8.86556060
v 11.33574191 -4.40544653 -8.82266432
v 11.30670444 -4.37528992 -8.78421218
v 12.22672359 -4.40314436 -8.30692107
v 12.26185886 -4.37198639 -8.33895308
v 12.88557140 -4.37198639 -7.51302630
v 12.18729488 -4.42275715 -8.27097899
v 12.14561168 -4.42981005 -8.23297698
v 12.10382739 -4.42393875 -8.19488723
v 12.06410495 -4.40544653 -8.15867430
v 12.02849475 -4.37528992 -8.12621123
v 11.99884120 -4.33502722 -8.09918029
v 12.84514896 -4.40314436 -7.48799426
v 12.79978648 -4.42275715 -7.45991046
v 12.75183002 -4.42981005 -7.43021685
v 12.70375911 -4.42393875 -7.40045077
v 12.65805713 -4.40544653 -7.37215335
v 12.61708919 -4.37528992 -7.34678942
v 12.58297244 -4.33502722 -7.32566363
v 13.30256549 -4.40314436 -6.56937701
v 13.34689800 -4.37198639 -6.58655459
v 13.25281421 -4.42275715 -6.55010516
v 13.20021907 -4.42981005 -6.52973086
v 13.14749614 -4.42393875 -6.50930316
v 13.09737483 -4.40544653 -6.48988635
v 13.05244342 -4.37528992 -6.47247988
v 13.01502506 -4.33502722 -6.45798403
v 13.58339778 -4.40314436 -5.58235270
v 13.63013355 -4.37198639 -5.59108836
v 13.72562877 -4.37198639 -4.56052882
v 13.67808429 -4.40314436 -4.56052882
v 13.53095332 -4.42275715 -5.57254893
v 13.62473193 -4.42275715 -4.56052882
v 13.56832591 -4.42981005 -4.56052882
v 13.47550861 -4.42981005 -5.56218440
v 13.41993228 -4.42393875 -5.55179507
v 13.51178638 -4.42393875 -4.56052882
v 13.36709491 -4.40544653 -5.54191691
v 13.45803348 -4.40544653 -4.56052882
v 13.31972972 -4.37528992 -5.53306300
v 2.07807533 3.21805739 -0.75531108
v 2.00897971 3.32984662 -0.76342684
v 1.97323219 3.28794265 -0.75653178
v 2.04296485 3.36946964 -0.78230578
v 2.32311622 3.21416497 -0.76137454
v 2.19797889 3.17395782 -0.75454241
v 2.32311622 3.15925789 -0.75428492
v 2.32311622 3.26616526 -0.78037554
v 2.19152061 3.43647242 -1.00527293
v 2.13074867 3.46971345 -0.95132930
v 2.11851493 3.45624661 -0.89888484
v 2.13521568 3.47400331 -1.00649363
v 2.32311622 3.39876485 -0.94922549
v 2.25591270 3.41278911 -1.00450427
v 2.32311622 3.38067508 -0.89690119
v 2.32311622 3.40489483 -1.00424678
v 2.15814582 3.37296033 -0.82988078
v 2.07351295 3.40485787 -0.81223780
v 2.09911720 3.43426681 -0.85174662
v 2.23817435 3.34339643 -0.82923991
v 2.32311622 3.31270885 -0.81035334
v 2.32311622 3.35151315 -0.84984118
v 2.60411826 3.47198629 -5.59108836
v 2.50862113 3.47198629 -4.56052882
v 2.55616752 3.50314450 -4.56052882
v 13.72562877 3.47198629 -4.56052882
v 13.63013355 3.47198629 -5.59108836
v 13.67808429 3.50314450 -4.56052882
v 2.91452018 3.47528982 -5.53306300
v 2.86452857 3.43502736 -4.56052882
v 2.95396415 3.43502736 -5.52569110
v 2.82440177 3.47528982 -4.56052882
v 2.86715690 3.50544667 -5.54191691
v 2.77621833 3.50544667 -4.56052882
v 2.81431953 3.52393866 -5.55179507
v 2.72246543 3.52393866 -4.56052882
v 2.75874320 3.52980995 -5.56218440
v 2.66592399 3.52980995 -4.56052882
v 2.70329658 3.52275705 -5.57254893
v 2.60951987 3.52275705 -4.56052882
v 2.65085212 3.50314450 -5.58235270
v 3.18180839 3.47528982 -6.47247988
v 3.21922675 3.43502736 -6.45798403
v 3.13687507 3.50544667 -6.48988635
v 3.08675376 3.52393866 -6.50930316
v 3.03403083 3.52980995 -6.52973086
v 2.98143760 3.52275705 -6.55010516
v 2.93168632 3.50314450 -6.56937701
v 2.88735191 3.47198629 -6.58655459
v 3.61716071 3.47528982 -7.34678942
v 3.65127937 3.43502736 -7.32566363
v 3.57619468 3.50544667 -7.37215335
v 3.53049079 3.52393866 -7.40045077
v 3.48242179 3.52980995 -7.43021685
v 3.43446342 3.52275705 -7.45991046
v 3.38910285 3.50314450 -7.48799426
v 3.34867851 3.47198629 -7.51302630
v 3.97239295 3.47198629 -8.33895308
v 4.20575706 3.47528982 -8.12621123
v 4.23540870 3.43502736 -8.09918029
v 4.17014686 3.50544667 -8.15867430
v 4.13042442 3.52393866 -8.19488723
v 4.08863822 3.52980995 -8.23297698
v 4.04695503 3.52275705 -8.27097899
v 4.00752631 3.50314450 -8.30692107
v 4.92754737 3.47528982 -8.78421218
v 4.95172874 3.43502736 -8.75218779
v 4.89850990 3.50544667 -8.82266432
v 4.86611549 3.52393866 -8.86556060
v 4.83204261 3.52980995 -8.91068083
v 4.79804984 3.52275705 -8.95569045
v 4.76589957 3.50314450 -8.99827010
v 4.73724738 3.47198629 -9.03621108
v 5.75795356 3.47528982 -9.29837996
v 5.77584068 3.43502736 -9.26245696
v 5.73647681 3.50544667 -9.34151274
v 5.71251670 3.52393866 -9.38963134
v 5.68731681 3.52980995 -9.44024092
v 5.66217414 3.52275705 -9.49073226
v 5.63839332 3.50314450 -9.53849227
v 5.61719886 3.47198629 -9.58105284
v 6.66870300 3.47528982 -9.65120513
v 6.67968360 3.43502736 -9.61260802
v 6.65551559 3.50544667 -9.69754988
v 6.64080611 3.52393866 -9.74925048
v 6.62533370 3.52980995 -9.80363280
v 6.60989753 3.52275705 -9.85788161
v 6.59529678 3.50314450 -9.90920073
v 6.58228484 3.47198629 -9.95492751
v 7.59963886 3.47198629 -10.14510543
v 7.62877551 3.47528982 -9.83067137
v 7.63247768 3.43502736 -9.79071624
v 7.62432948 3.50544667 -9.87865264
v 7.61936847 3.52393866 -9.93217665
v 7.61415187 3.52980995 -9.98847396
v 7.60894862 3.52275705 -10.04463774
v 7.60402576 3.50314450 -10.09776503
v 8.60547725 3.47528982 -9.83067137
v 8.60177509 3.43502736 -9.79071624
v 8.60992328 3.50544667 -9.87865264
v 8.61488239 3.52393866 -9.93217665
v 8.62009898 3.52980995 -9.98847396
v 8.62530414 3.52275705 -10.04463774
v 8.63022701 3.50314450 -10.09776503
v 8.63461391 3.47198629 -10.14510543
v 9.56554881 3.47528982 -9.65120513
v 9.55456630 3.43502736 -9.61260802
v 9.57873431 3.50544667 -9.69754988
v 9.59344379 3.52393866 -9.74925048
v 9.60891811 3.52980995 -9.80363280
v 9.62435428 3.52275705 -9.85788161
v 9.63895503 3.50314450 -9.90920073
v 9.65196506 3.47198629 -9.95492751
v 10.47629634 3.47528982 -9.29837996
v 10.45840923 3.43502736 -9.26245696
v 10.49777309 3.50544667 -9.34151274
v 10.52173320 3.52393866 -9.38963134
v 10.54693500 3.52980995 -9.44024092
v 10.57207767 3.52275705 -9.49073226
v 10.59585849 3.50314450 -9.53849227
v 10.61705104 3.47198629 -9.58105284
v 11.30670444 3.47528982 -8.78421218
v 11.28252116 3.43502736 -8.75218779
v 11.33574191 3.50544667 -8.82266432
v 11.36813442 3.52393866 -8.86556060
v 11.40220729 3.52980995 -8.91068083
v 11.43620006 3.52275705 -8.95569045
v 11.46835223 3.50314450 -8.99827010
v 11.49700443 3.47198629 -9.03621108
v 12.02849475 3.47528982 -8.12621123
v 11.99884120 3.43502736 -8.09918029
v 12.06410495 3.50544667 -8.15867430
v 12.10382739 3.52393866 -8.19488723
v 12.14561168 3.52980995 -8.23297698
v 12.18729488 3.52275705 -8.27097899
v 12.22672359 3.50314450 -8.30692107
v 12.26185886 3.47198629 -8.33895308
v 12.61708919 3.47528982 -7.34678942
v 12.58297244 3.43502736 -7.32566363
v 12.65805713 3.50544667 -7.37215335
v 12.70375911 3.52393866 -7.40045077
v 12.75183002 3.52980995 -7.43021685
v 12.79978648 3.52275705 -7.45991046
v 12.84514896 3.50314450 -7.48799426
v 12.88557140 3.47198629 -7.51302630
v 13.05244342 3.47528982 -6.47247988
v 13.01502506 3.43502736 -6.45798403
v 13.09737483 3.50544667 -6.48988635
v 13.14749614 3.52393866 -6.50930316
v 13.20021907 3.52980995 -6.52973086
v 13.25281421 3.52275705 -6.55010516
v 13.30256549 3.50314450 -6.56937701
v 13.34689800 3.47198629 -6.58655459
v 13.31972972 3.47528982 -5.53306300
v 13.28028575 3.43502736 -5.52569110
v 13.36972133 3.43502736 -4.56052882
v 13.40984813 3.47528982 -4.56052882
v 13.36709491 3.50544667 -5.54191691
v 13.45803348 3.50544667 -4.56052882
v 13.41993228 3.52393866 -5.55179507
v 13.51178638 3.52393866 -4.56052882
v 13.47550861 3.52980995 -5.56218440
v 13.56832591 3.52980995 -4.56052882
v 13.53095332 3.52275705 -5.57254893
v 13.62473193 3.52275705 -4.56052882
v 13.58339778 3.50314450 -5.58235270
v 2.20467750 4.30594254 -8.85617263
v 1.60548393 4.30594254 -7.87837416
v 1.94890968 4.50894880 -7.89859969
v 2.94945518 4.30594254 -9.72819716
v 2.58246604 4.50894880 -8.86832625
v 13.65178577 4.50894880 -8.86832625
v 13.28479472 4.30594254 -9.72819716
v 12.86726085 4.50894880 -9.72054869
v 14.28534023 4.50894880 -7.89859969
v 14.02957240 4.30594254 -8.85617263
v 14.75064365 4.50894880 -6.83781726
v 14.62876788 4.30594254 -7.87837416
v 15.18731586 4.51351023 -4.56052882
v 15.03499881 4.50894880 -5.71491725
v 15.13065425 4.50894880 -4.56052882
v 15.29642764 4.48431158 -4.56052882
v 15.33533565 4.30594254 -5.70378024
v 15.24354259 4.50515366 -4.56052882
v 15.34323589 4.45206165 -4.56052882
v 15.38155071 4.41007090 -4.56052882
v 15.40938846 4.36051035 -4.56052882
v 15.42531291 4.30594254 -4.56052882
v 1.13397971 4.51351023 -5.66655070
v 1.10359565 4.50894880 -4.56052882
v 1.19924918 4.50894880 -5.71491725
v 1.04693595 4.51351023 -4.56052882
v 1.07844535 4.50515366 -5.67534548
v 0.99070731 4.50515366 -4.56052882
v 1.02621452 4.48431158 -5.68361766
v 0.93782417 4.48431158 -4.56052882
v 0.97998039 4.45206165 -5.69094187
v 0.89101402 4.45206165 -4.56052882
v 0.94213859 4.41007090 -5.69693476
v 0.85269920 4.41007090 -4.56052882
v 0.91464225 4.36051035 -5.70128924
v 0.89891425 4.30594254 -5.70378024
v 0.80893699 4.30594254 -4.56052882
v 0.82486335 4.36051035 -4.56052882
v 1.33950034 4.50515366 -6.76271350
v 1.48360816 4.50894880 -6.83781726
v 1.28920356 4.48431158 -6.77905566
v 1.24468604 4.45206165 -6.79352099
v 1.20824424 4.41007090 -6.80535800
v 1.18177024 4.36051035 -6.81396014
v 1.16662589 4.30594254 -6.81888110
v 1.72032157 4.48431158 -7.81986052
v 1.67861167 4.45206165 -7.84111220
v 1.64447395 4.41007090 -7.85850722
v 1.61967078 4.36051035 -7.87114531
v 2.30894843 4.48431158 -8.78041655
v 2.27107993 4.45206165 -8.80792815
v 2.24008170 4.41007090 -8.83045012
v 2.21755973 4.36051035 -8.84681136
v 3.04059211 4.48431158 -9.63706023
v 3.36698905 4.50894880 -9.72054869
v 3.00749198 4.45206165 -9.67016036
v 2.98040000 4.41007090 -9.69725234
v 2.96071616 4.36051035 -9.71693618
v 3.32861701 4.51351023 -9.76223571
v 3.29053489 4.50515366 -9.80360228
v 3.25471488 4.48431158 -9.84251219
v 3.22301475 4.45206165 -9.87695128
v 3.19706336 4.41007090 -9.90513808
v 3.17821113 4.36051035 -9.92561919
v 3.82147971 4.30594254 -10.47297484
v 3.89723579 4.48431158 -10.36870391
v 4.28108970 4.50894880 -10.43202025
v 3.86972419 4.45206165 -10.40657241
v 3.84720222 4.41007090 -10.43757064
v 3.83084098 4.36051035 -10.46009261
v 4.25009910 4.51351023 -10.47945220
v 4.21934501 4.50515366 -10.52652556
v 4.19041816 4.48431158 -10.57079894
v 4.16481773 4.45206165 -10.60998351
v 4.14385978 4.41007090 -10.64206130
v 4.12863532 4.36051035 -10.66536528
v 4.79927818 4.30594254 -11.07216841
v 4.85779182 4.48431158 -10.95733077
v 5.29982368 4.50894880 -10.98333174
v 4.83654014 4.45206165 -10.99904067
v 4.81914512 4.41007090 -11.03317839
v 4.80650703 4.36051035 -11.05798156
v 5.27706138 4.51351023 -11.03521926
v 5.25447456 4.50515366 -11.08671004
v 5.23323432 4.48431158 -11.13514144
v 5.21442786 4.45206165 -11.17800719
v 5.19903938 4.41007090 -11.21309478
v 5.18785468 4.36051035 -11.23858840
v 5.85877219 4.30594254 -11.51102645
v 5.88413230 4.45206165 -11.43296630
v 6.39540473 4.50894880 -11.35944564
v 5.87229530 4.41007090 -11.46940810
v 5.86369315 4.36051035 -11.49588210
v 6.38149635 4.51351023 -11.41436965
v 6.36769477 4.50515366 -11.46887786
v 6.35470954 4.48431158 -11.52014357
v 6.34321967 4.45206165 -11.56551940
v 6.33381263 4.41007090 -11.60266310
v 6.32698051 4.36051035 -11.62964827
v 6.97387305 4.30594254 -11.77873809
v 6.98671142 4.45206165 -11.69767195
v 7.53795329 4.50894880 -11.55010039
v 6.98071853 4.41007090 -11.73551375
v 6.97636405 4.36051035 -11.76301009
v 7.53327457 4.51351023 -11.60656935
v 7.52863017 4.50515366 -11.66260344
v 7.52426425 4.48431158 -11.71530730
v 7.52039806 4.45206165 -11.76195723
v 7.51723377 4.41007090 -11.80014235
v 7.51493541 4.36051035 -11.82788283
v 8.11712543 4.30594254 -11.86871535
v 8.11712543 4.45206165 -11.78663832
v 8.69629756 4.50894880 -11.55010039
v 8.11712543 4.41007090 -11.82495314
v 8.11712543 4.36051035 -11.85278899
v 8.70097820 4.51351023 -11.60656935
v 8.70562068 4.50515366 -11.66260344
v 8.70998851 4.48431158 -11.71530730
v 8.71385280 4.45206165 -11.76195723
v 8.71701709 4.41007090 -11.80014235
v 8.71931545 4.36051035 -11.82788283
v 9.26037875 4.30594254 -11.77873809
v 9.24753848 4.45206165 -11.69767195
v 9.83884517 4.50894880 -11.35944564
v 9.25353137 4.41007090 -11.73551375
v 9.25788776 4.36051035 -11.76301009
v 9.85275546 4.51351023 -11.41436965
v 9.86655704 4.50515366 -11.46887786
v 9.87954036 4.48431158 -11.52014357
v 9.89103023 4.45206165 -11.56551940
v 9.90043727 4.41007090 -11.60266310
v 9.90727130 4.36051035 -11.62964827
v 10.37547961 4.30594254 -11.51102645
v 10.35011760 4.45206165 -11.43296630
v 10.93442813 4.50894880 -10.98333174
v 10.36195651 4.41007090 -11.46940810
v 10.37055866 4.36051035 -11.49588210
v 10.95718852 4.51351023 -11.03521926
v 10.97977535 4.50515366 -11.08671004
v 11.00101749 4.48431158 -11.13514144
v 11.01982204 4.45206165 -11.17800719
v 11.03521243 4.41007090 -11.21309478
v 11.04639522 4.36051035 -11.23858840
v 11.43497363 4.30594254 -11.07216841
v 11.37645999 4.48431158 -10.95733077
v 11.95316211 4.50894880 -10.43202025
v 11.39771167 4.45206165 -10.99904067
v 11.41510669 4.41007090 -11.03317839
v 11.42774478 4.36051035 -11.05798156
v 11.98415271 4.51351023 -10.47945220
v 12.01490680 4.50515366 -10.52652556
v 12.04383174 4.48431158 -10.57079894
v 12.06943408 4.45206165 -10.60998351
v 12.09039012 4.41007090 -10.64206130
v 12.10561649 4.36051035 -10.66536528
v 12.41277019 4.30594254 -10.47297484
v 12.33701221 4.48431158 -10.36870391
v 12.36452762 4.45206165 -10.40657241
v 12.38704768 4.41007090 -10.43757064
v 12.40341083 4.36051035 -10.46009261
v 12.90563480 4.51351023 -9.76223571
v 12.94371692 4.50515366 -9.80360228
v 12.97953311 4.48431158 -9.84251219
v 13.01123706 4.45206165 -9.87695128
v 13.03718654 4.41007090 -9.90513808
v 13.05604068 4.36051035 -9.92561919
v 13.69649974 4.51351023 -8.90312773
v 13.74086848 4.50515366 -8.93766219
v 13.78260318 4.48431158 -8.97014434
v 13.81954280 4.45206165 -8.99889571
v 13.84977809 4.41007090 -9.02242858
v 13.87174693 4.36051035 -9.03952986
v 14.33517162 4.51351023 -7.92556578
v 14.38462154 4.50515366 -7.95232589
v 14.43113223 4.48431158 -7.97749526
v 14.47230045 4.45206165 -7.99977690
v 14.50599757 4.41007090 -8.01801116
v 14.53048030 4.36051035 -8.03125960
v 14.80423251 4.51351023 -6.85621554
v 14.85741321 4.50515366 -6.87447268
v 15.06762401 4.30594254 -6.81888110
v 14.90743152 4.48431158 -6.89164263
v 14.95170680 4.45206165 -6.90684420
v 14.98794452 4.41007090 -6.91928393
v 15.01427356 4.36051035 -6.92832095
v 15.09088794 4.51351023 -5.72424418
v 15.14634601 4.50515366 -5.73349864
v 15.19851009 4.48431158 -5.74220187
v 15.24468127 4.45206165 -5.74990756
v 15.28247348 4.41007090 -5.75621325
v 15.30993167 4.36051035 -5.76079470
v -0.88630303 4.02554274 -5.85502536
v -0.97888573 4.02554274 -4.56052882
v -0.97208413 4.07926369 -4.56052882
v -0.79549035 4.21474600 -5.84196955
v -0.84174737 4.24427319 -4.56052882
v -0.75056084 4.24427319 -5.83550936
v -0.88713845 4.21474600 -4.56052882
v -0.83307275 4.17613745 -5.84737307
v -0.92510995 4.17613745 -4.56052882
v -0.86154183 4.13025904 -5.85146624
v -0.95387276 4.13025904 -4.56052882
v -0.87957009 4.07926369 -5.85405833
v -0.52240380 4.21474600 -7.09732348
v -0.47885140 4.24427319 -7.08453662
v -0.55883416 4.17613745 -7.10801989
v -0.58643349 4.13025904 -7.11612231
v -0.60390862 4.07926369 -7.12125308
v -0.61043557 4.02554274 -7.12317187
v -0.07344445 4.21474600 -8.30103499
v -0.03215417 4.24427319 -8.28217894
v -0.10797890 4.17613745 -8.31680876
v -0.13414391 4.13025904 -8.32875640
v -0.15071114 4.07926369 -8.33632094
v -0.15689858 4.02554274 -8.33914763
v 0.54225532 4.21474600 -9.42860228
v 0.58044044 4.24427319 -9.40406234
v 0.51031486 4.17613745 -9.44912917
v 0.48611442 4.13025904 -9.46467787
v 0.47079459 4.07926369 -9.47452361
v 0.46507255 4.02554274 -9.47820098
v 1.31215659 4.21474600 -10.45706755
v 1.34645835 4.24427319 -10.42734343
v 1.28346244 4.17613745 -10.48193175
v 1.26172248 4.13025904 -10.50076873
v 1.24795905 4.07926369 -10.51269347
v 1.24281684 4.02554274 -10.51714904
v 2.22058479 4.21474600 -11.36549575
v 2.25030891 4.24427319 -11.33119399
v 2.19572059 4.17613745 -11.39418990
v 2.17688361 4.13025904 -11.41592986
v 2.16495887 4.07926369 -11.42969329
v 2.16050330 4.02554274 -11.43483550
v 3.19945136 4.02554274 -12.21257979
v 3.24905006 4.21474600 -12.13539702
v 3.27359000 4.24427319 -12.09721190
v 4.39547340 4.24427319 -12.70980651
v 3.22852317 4.17613745 -12.16733748
v 3.21297446 4.13025904 -12.19153792
v 3.20312873 4.07926369 -12.20685775
v 4.37661735 4.21474600 -12.75109679
v 4.36084357 4.17613745 -12.78563124
v 4.34889594 4.13025904 -12.81179625
v 4.34133140 4.07926369 -12.82836348
v 4.33850471 4.02554274 -12.83455092
v 5.58032981 4.21474600 -13.20005614
v 5.59311668 4.24427319 -13.15650374
v 5.56963340 4.17613745 -13.23648650
v 5.56153098 4.13025904 -13.26408583
v 5.55640022 4.07926369 -13.28156096
v 5.55448142 4.02554274 -13.28808791
v 6.83568374 4.21474600 -13.47314269
v 6.84214393 4.24427319 -13.42821318
v 6.83028022 4.17613745 -13.51072509
v 6.82618705 4.13025904 -13.53919417
v 6.82359496 4.07926369 -13.55722243
v 6.82262794 4.02554274 -13.56395537
v 8.11712543 4.02554274 -13.65653807
v 8.11712543 4.21474600 -13.56479079
v 8.11712543 4.24427319 -13.51939971
v 8.11712543 4.17613745 -13.60276229
v 8.11712543 4.13025904 -13.63152510
v 8.11712543 4.07926369 -13.64973647
v 9.39856616 4.21474600 -13.47314269
v 9.39210597 4.24427319 -13.42821318
v 9.40396968 4.17613745 -13.51072509
v 9.40806285 4.13025904 -13.53919417
v 9.41065494 4.07926369 -13.55722243
v 9.41162387 4.02554274 -13.56395537
v 10.65392009 4.21474600 -13.20005614
v 10.64113322 4.24427319 -13.15650374
v 10.66461650 4.17613745 -13.23648650
v 10.67272083 4.13025904 -13.26408583
v 10.67785159 4.07926369 -13.28156096
v 10.67976848 4.02554274 -13.28808791
v 11.85763255 4.21474600 -12.75109679
v 11.83877650 4.24427319 -12.70980651
v 11.87340442 4.17613745 -12.78563124
v 11.88535396 4.13025904 -12.81179625
v 11.89292041 4.07926369 -12.82836348
v 11.89574519 4.02554274 -12.83455092
v 12.98519984 4.21474600 -12.13539702
v 12.96065799 4.24427319 -12.09721190
v 13.98394099 4.24427319 -11.33119399
v 13.00572673 4.17613745 -12.16733748
v 13.02127734 4.13025904 -12.19153792
v 13.03112308 4.07926369 -12.20685775
v 13.03480045 4.02554274 -12.21257979
v 14.01366512 4.21474600 -11.36549575
v 14.88779155 4.24427319 -10.42734343
v 14.03852931 4.17613745 -11.39418990
v 14.05736629 4.13025904 -11.41592986
v 14.06929103 4.07926369 -11.42969329
v 14.07374660 4.02554274 -11.43483550
v 14.99143306 4.02554274 -10.51714904
v 14.92209522 4.21474600 -10.45706755
v 14.95078937 4.17613745 -10.48193175
v 14.97252933 4.13025904 -10.50076873
v 14.98629085 4.07926369 -10.51269347
v 15.69199649 4.21474600 -9.42860228
v 15.65380946 4.24427319 -9.40406234
v 15.72393695 4.17613745 -9.44912917
v 15.74813548 4.13025904 -9.46467787
v 15.76345531 4.07926369 -9.47452361
v 15.76917735 4.02554274 -9.47820098
v 16.30769435 4.21474600 -8.30103499
v 16.26640407 4.24427319 -8.28217894
v 16.34223071 4.17613745 -8.31680876
v 16.36839572 4.13025904 -8.32875640
v 16.38496104 4.07926369 -8.33632094
v 16.39114848 4.02554274 -8.33914763
v 16.75665561 4.21474600 -7.09732348
v 16.71310321 4.24427319 -7.08453662
v 16.79308597 4.17613745 -7.10801989
v 16.82068530 4.13025904 -7.11612231
v 16.83815662 4.07926369 -7.12125308
v 16.84468547 4.02554274 -7.12317187
v 17.02974025 4.21474600 -5.84196955
v 16.98481075 4.24427319 -5.83550936
v 17.07599918 4.24427319 -4.56052882
v 17.12139026 4.21474600 -4.56052882
v 17.06732265 4.17613745 -5.84737307
v 17.15935985 4.17613745 -4.56052882
v 17.09579364 4.13025904 -5.85146624
v 17.18812267 4.13025904 -4.56052882
v 17.11381999 4.07926369 -5.85405833
v 17.20633403 4.07926369 -4.56052882
v 17.21313754 4.02554274 -4.56052882
v 17.12055293 4.02554274 -5.85502536
v -1.45721062 3.17915845 -0.75463206
v -1.50856408 3.25841904 -0.76216037
v -1.53261193 3.20897746 -0.75515277
v -1.48569497 3.30521607 -0.78110987
v -1.29688271 3.20971537 -0.76129634
v -1.37773522 3.16089582 -0.75431353
v -1.29688271 3.15480828 -0.75420863
v -1.29688271 3.26171565 -0.78029734
v -1.38298424 3.41352224 -1.00459391
v -1.42347726 3.42953610 -1.00511462
v -1.42653664 3.42419171 -0.95003421
v -1.43481072 3.40805507 -0.89765841
v -1.29688271 3.37622571 -0.89682299
v -1.34030541 3.40371442 -1.00427539
v -1.29688271 3.39431524 -0.94914729
v -1.29688271 3.40044522 -1.00417048
v -1.40504082 3.34526110 -0.82929904
v -1.44789132 3.38191891 -0.85056597
v -1.46513375 3.34706831 -0.81106860
v -1.35160073 3.33292890 -0.82903201
v -1.29688271 3.30825925 -0.81027514
v -1.29688271 3.34706354 -0.84976298
v -1.45284661 3.18387485 10.52881902
v -1.50442895 3.26339626 10.52128881
v -1.52859887 3.21401405 10.52829259
v -1.48144158 3.31013680 10.50233739
v -1.29166421 3.21416497 10.52215856
v -1.37295922 3.16541219 10.52914327
v -1.29166421 3.15925789 10.52925008
v -1.29166421 3.26616526 10.50316137
v -1.37822732 3.41811514 10.27885717
v -1.41890725 3.43430090 10.27833074
v -1.42198190 3.42896485 10.33341497
v -1.43029794 3.41284943 10.38579076
v -1.29166421 3.38067508 10.38663381
v -1.33532342 3.40819979 10.27918142
v -1.29166421 3.39876485 10.33431142
v -1.29166421 3.40489483 10.27928823
v -1.40039834 3.34989119 10.45415395
v -1.44344338 3.38674617 10.43288320
v -1.46077737 3.35193825 10.47238057
v -1.34668359 3.33742476 10.45442479
v -1.29166421 3.31270885 10.47318166
v -1.29166421 3.35151315 10.43369573
v 2.08249274 3.21401572 10.52829259
v 2.01328651 3.32617664 10.52017110
v 1.97743217 3.28436065 10.52706426
v 2.04737083 3.36571598 10.50129216
v 2.32833472 3.20971537 10.52223867
v 2.20277015 3.16961026 10.52907079
v 2.32833472 3.15480828 10.52932637
v 2.32833472 3.26171565 10.50323766
v 2.19630805 3.43224192 10.27833074
v 2.13540641 3.46574163 10.33227056
v 2.12313834 3.45230579 10.38471502
v 2.13988868 3.47001958 10.27710241
v 2.32833472 3.39431524 10.33438772
v 2.26090232 3.40839434 10.27910894
v 2.32833472 3.37622571 10.38671010
v 2.32833472 3.40044522 10.27936452
v 2.16283027 3.36878514 10.45372670
v 2.07800666 3.40102887 10.47136205
v 2.10368339 3.43037462 10.43185323
v 2.24309913 3.33901882 10.45437139
v 2.32833472 3.30825925 10.47325795
v 2.32833472 3.34706354 10.43377202
v 17.27958575 3.53163671 -4.56052882
v 17.18632404 3.53163671 -3.25657374
v 17.32260028 3.48700690 -4.56052882
v 17.22890178 3.48700690 -3.25045306
v 17.24703685 3.58438849 -4.56052882
v 17.15410701 3.58438849 -3.26120669
v 17.12610141 3.70435786 -3.26523310
v 17.13372318 3.64285254 -3.26413829
v 17.21874324 3.70435786 -4.56052882
v 17.22644321 3.64285254 -4.56052882
v 16.90844051 3.53163671 -1.97916514
v 16.94971362 3.48700690 -1.96704585
v 16.87721149 3.58438849 -1.98833567
v 16.85006419 3.70435786 -1.99630648
v 16.85745136 3.64285254 -1.99413783
v 16.45159236 3.53163671 -0.75430590
v 16.49071971 3.48700690 -0.73643595
v 16.42198459 3.58438849 -0.76782710
v 16.39624873 3.70435786 -0.77958018
v 16.40325252 3.64285254 -0.77638156
v 15.82507602 3.53163671 0.39307111
v 15.86126415 3.48700690 0.41632741
v 15.07415858 3.48700690 1.46777623
v 15.79769603 3.58438849 0.37547391
v 15.77389423 3.70435786 0.36017698
v 15.78037158 3.64285254 0.36434072
v 15.04164973 3.53163671 1.43960660
v 15.01705257 3.58438849 1.41829198
v 14.99566928 3.70435786 1.39976400
v 15.00148860 3.64285254 1.40480512
v 14.11726085 3.53163671 2.36399549
v 14.14543048 3.48700690 2.39650434
v 14.09594623 3.58438849 2.33939832
v 14.07741824 3.70435786 2.31801503
v 14.08245937 3.64285254 2.32383436
v 13.07072536 3.53163671 3.14742177
v 13.09398166 3.48700690 3.18360990
v 13.05312816 3.58438849 3.12004178
v 13.04199496 3.64285254 3.10271734
v 13.03783122 3.70435786 3.09623998
v 11.92334834 3.53163671 3.77393811
v 11.94121829 3.48700690 3.81306546
v 11.90982715 3.58438849 3.74433034
v 11.89807407 3.70435786 3.71859449
v 11.90127269 3.64285254 3.72559827
v 10.69848911 3.53163671 4.23078626
v 10.71060840 3.48700690 4.27205938
v 9.42720119 3.48700690 4.55124753
v 10.68931857 3.58438849 4.19955724
v 10.68134776 3.70435786 4.17240995
v 10.68351642 3.64285254 4.17979711
v 8.11712543 3.48700690 4.64494603
v 9.42108051 3.53163671 4.50866979
v 8.11712543 3.53163671 4.60193151
v 9.41644756 3.58438849 4.47645276
v 8.11712543 3.58438849 4.56938260
v 8.11712543 3.64285254 4.54878896
v 9.41351596 3.64285254 4.45606893
v 8.11712543 3.70435786 4.54108899
v 9.41242114 3.70435786 4.44844716
v 15.64404002 4.07286787 -4.56052882
v 15.61539737 4.07286787 -3.90451533
v 15.71113292 4.06500006 -4.56052882
v 15.58058826 4.09604454 -4.56052882
v 15.68223468 4.06500006 -3.89866740
v 15.52421848 4.13327217 -4.56052882
v 15.49603358 4.13327217 -3.91495806
v 15.44998256 4.18253088 -3.91898638
v 15.33533565 4.30594254 -3.41727549
v 15.47799197 4.18253088 -4.56052882
v 15.44441692 4.24114752 -4.56052882
v 15.55137149 4.07286787 -3.38305957
v 15.59576312 4.06500006 -3.24184329
v 15.43302623 4.13327217 -3.40180308
v 15.38736812 4.18253088 -3.40903575
v 15.38756648 4.07286787 -2.61242015
v 15.45237247 4.06500006 -2.59505564
v 15.27182857 4.13327217 -2.64343173
v 15.22717754 4.18253088 -2.65539653
v 15.06762401 4.30594254 -2.30217463
v 15.27564708 4.07286787 -2.23458392
v 15.25315753 4.06500006 -1.96322543
v 15.16169063 4.13327217 -2.27161128
v 15.11772624 4.18253088 -2.28589541
v 15.19011203 4.07286787 -1.98617274
v 15.07751743 4.13327217 -2.02715403
v 15.03407756 4.18253088 -2.04296405
v 14.93882648 4.07286787 -1.37951762
v 14.99963275 4.06500006 -1.35116297
v 14.83023158 4.13327217 -1.43015582
v 14.62876788 4.30594254 -1.24268061
v 14.78833667 4.18253088 -1.44969088
v 14.82365504 4.07286787 -1.14338023
v 14.69372836 4.06500006 -0.76352603
v 14.71689502 4.13327217 -1.19777781
v 14.67570583 4.18253088 -1.21876437
v 14.63562480 4.07286787 -0.79707057
v 14.53185741 4.13327217 -0.85698230
v 14.02957240 4.30594254 -0.26488406
v 14.49182407 4.18253088 -0.88009555
v 14.28281299 4.07286787 -0.24326808
v 14.33777133 4.06500006 -0.20478541
v 14.18466083 4.13327217 -0.31199366
v 14.14679424 4.18253088 -0.33850962
v 13.88307658 4.07286787 0.27767843
v 13.93447200 4.06500006 0.32080549
v 13.48689929 4.06500006 0.80924505
v 13.79128925 4.13327217 0.20065969
v 13.28479472 4.30594254 0.60714048
v 13.75587741 4.18253088 0.17094510
v 13.43945781 4.07286787 0.76180356
v 13.35473148 4.13327217 0.67707723
v 13.32204524 4.18253088 0.64439100
v 12.95533267 4.07286787 1.20542234
v 12.99845973 4.06500006 1.25681775
v 12.87831393 4.13327217 1.11363500
v 12.41277019 4.30594254 1.35191816
v 12.84859935 4.18253088 1.07822316
v 12.54133502 4.07286787 1.52887243
v 12.47286884 4.06500006 1.66011709
v 12.47090617 4.13327217 1.43193525
v 12.44373409 4.18253088 1.39453786
v 11.88058368 4.07286787 1.95797056
v 11.91412822 4.06500006 2.01607412
v 11.82067195 4.13327217 1.85420316
v 11.43497363 4.30594254 1.95111364
v 11.79755870 4.18253088 1.81416982
v 11.53427402 4.07286787 2.14600080
v 11.32649127 4.06500006 2.32197850
v 11.47987643 4.13327217 2.03924077
v 11.45888988 4.18253088 1.99805158
v 11.29813663 4.07286787 2.26117223
v 11.24749843 4.13327217 2.15257734
v 11.22796336 4.18253088 2.11068242
v 10.69148151 4.07286787 2.51245778
v 10.71442882 4.06500006 2.57550329
v 10.65050021 4.13327217 2.39986318
v 10.37547961 4.30594254 2.38996976
v 10.63469020 4.18253088 2.35642331
v 10.44307033 4.07286787 2.59799283
v 10.08259860 4.06500006 2.77471822
v 10.40604297 4.13327217 2.48403638
v 10.39175884 4.18253088 2.44007200
v 10.06523410 4.07286787 2.70991224
v 10.03422252 4.13327217 2.59417432
v 9.26037875 4.30594254 2.65768140
v 10.02225772 4.18253088 2.54952329
v 9.42416087 4.07286787 2.85203450
v 9.43581096 4.06500006 2.91810888
v 9.40335361 4.13327217 2.73403447
v 9.39532748 4.18253088 2.68850988
v 8.11712543 4.06500006 3.03347867
v 8.77313892 4.07286787 2.93774312
v 8.11712543 4.07286787 2.96638578
v 8.11712543 4.09604454 2.90293401
v 8.77898685 4.06500006 3.00458043
v 8.76269618 4.13327217 2.81837934
v 8.11712543 4.13327217 2.84656423
v 8.75866786 4.18253088 2.77232831
v 8.11712543 4.18253088 2.80033773
v 8.11712543 4.24114752 2.76676267
v 8.11712543 4.30594254 2.74765867
v 14.04291240 3.43656564 -4.56052882
v 14.00815479 3.47400331 -3.52178103
v 14.09903423 3.47400331 -4.56052882
v 9.15587322 3.47400331 1.33050054
v 8.11712543 3.43656564 1.36525815
v 8.11712543 3.47400331 1.42137998
v 13.97966090 3.41310763 -4.56052882
v 13.89059535 3.41310763 -3.54251010
v 13.91269962 3.40489912 -4.56052882
v 13.82465068 3.40489912 -3.55413729
v 13.84565250 3.41238379 -4.56052882
v 13.78215114 3.43515706 -4.56052882
v 13.75862399 3.41238379 -3.56577975
v 13.64042178 3.47198629 -3.58662135
v 13.69608585 3.43515706 -3.57680804
v 13.62610523 3.41310763 -2.55542285
v 13.73828021 3.47400331 -2.51459605
v 13.56318370 3.40489912 -2.57832629
v 13.50018016 3.41238379 -2.60125643
v 13.38739482 3.47198629 -2.64230830
v 13.44050876 3.43515706 -2.62297541
v 13.19423000 3.41310763 -1.62926203
v 13.29761020 3.47400331 -1.56957347
v 13.13623897 3.40489912 -1.66274173
v 13.07817546 3.41238379 -1.69626528
v 12.97423068 3.47198629 -1.75627619
v 13.02318088 3.43515706 -1.72801501
v 12.60808841 3.41310763 -0.79216487
v 12.69953243 3.47400331 -0.71543223
v 12.55679218 3.40489912 -0.83520610
v 12.50543300 3.41238379 -0.87830264
v 12.45678607 3.43515706 -0.91911990
v 12.41348735 3.47198629 -0.95545298
v 11.88548938 3.41310763 -0.06956584
v 11.96222202 3.47400331 0.02187818
v 11.84244815 3.40489912 -0.12086207
v 11.79935161 3.41238379 -0.17222125
v 11.72220126 3.47198629 -0.26416690
v 11.75853435 3.43515706 -0.22086817
v 11.04839221 3.41310763 0.51657575
v 11.10808078 3.47400331 0.61995595
v 11.01491252 3.40489912 0.45858472
v 10.98138896 3.41238379 0.40052121
v 10.94963924 3.43515706 0.34552663
v 10.92137805 3.47198629 0.29657644
v 10.12223140 3.41310763 0.94845098
v 10.16305820 3.47400331 1.06062597
v 10.09932796 3.40489912 0.88552945
v 10.07639781 3.41238379 0.82252591
v 10.05467883 3.43515706 0.76285451
v 10.03534595 3.47198629 0.70974057
v 9.09103290 3.47198629 0.96276754
v 9.13514415 3.41310763 1.21294111
v 8.11712543 3.41310763 1.30200666
v 8.11712543 3.40489912 1.23504537
v 9.12351695 3.40489912 1.14699643
v 9.11187450 3.41238379 1.08096975
v 8.11712543 3.41238379 1.16799825
v 9.10084621 3.43515706 1.01843160
v 8.11712543 3.43515706 1.10449689
v 8.11712543 3.47198629 1.04797452
v 13.78215114 -4.33515692 -4.56052882
v 13.64042178 -4.37198639 -3.58662135
v 9.09103290 -4.37198639 0.96276754
v 8.11712543 -4.33515692 1.10449689
v 8.11712543 -4.37198639 1.04797452
v 13.84565250 -4.31238365 -4.56052882
v 13.75862399 -4.31238365 -3.56577975
v 13.91269962 -4.30489922 -4.56052882
v 13.82465068 -4.30489922 -3.55413729
v 13.97966090 -4.31310749 -4.56052882
v 13.89059535 -4.31310749 -3.54251010
v 14.00815479 -4.37400341 -3.52178103
v 13.95288745 -4.33656549 -3.53152568
v 14.09903423 -4.37400341 -4.56052882
v 14.04291240 -4.33656549 -4.56052882
v 13.50018016 -4.31238365 -2.60125643
v 13.38739482 -4.37198639 -2.64230830
v 13.56318370 -4.30489922 -2.57832629
v 13.62610523 -4.31310749 -2.55542285
v 13.73828021 -4.37400341 -2.51459605
v 13.68554393 -4.33656549 -2.53378970
v 13.07817546 -4.31238365 -1.69626528
v 12.97423068 -4.37198639 -1.75627619
v 13.13623897 -4.30489922 -1.66274173
v 13.19423000 -4.31310749 -1.62926203
v 13.29761020 -4.37400341 -1.56957347
v 13.24900714 -4.33656549 -1.59763438
v 12.50543300 -4.31238365 -0.87830264
v 12.41348735 -4.37198639 -0.95545298
v 12.55679218 -4.30489922 -0.83520610
v 12.60808841 -4.31310749 -0.79216487
v 12.65654269 -4.33656549 -0.75150592
v 12.69953243 -4.37400341 -0.71543223
v 11.79935161 -4.31238365 -0.17222125
v 11.72220126 -4.37198639 -0.26416690
v 11.84244815 -4.30489922 -0.12086207
v 11.88548938 -4.31310749 -0.06956584
v 11.92614833 -4.33656549 -0.02111155
v 11.96222202 -4.37400341 0.02187818
v 10.98138896 -4.31238365 0.40052121
v 10.92137805 -4.37198639 0.29657644
v 11.01491252 -4.30489922 0.45858472
v 11.04839221 -4.31310749 0.51657575
v 10.16305820 -4.37400341 1.06062597
v 11.08001987 -4.33656549 0.57135289
v 11.10808078 -4.37400341 0.61995595
v 10.07639781 -4.31238365 0.82252591
v 10.03534595 -4.37198639 0.70974057
v 10.09932796 -4.30489922 0.88552945
v 10.12223140 -4.31310749 0.94845098
v 10.14386455 -4.33656549 1.00788968
v 9.11187450 -4.31238365 1.08096975
v 8.11712543 -4.31238365 1.16799825
v 8.11712543 -4.30489922 1.23504537
v 9.12351695 -4.30489922 1.14699643
v 9.13514415 -4.31310749 1.21294111
v 8.11712543 -4.31310749 1.30200666
v 8.11712543 -4.33656549 1.36525815
v 9.14612857 -4.33656549 1.27523320
v 8.11712543 -4.37400341 1.42137998
v 9.15587322 -4.37400341 1.33050054
v 17.22644321 -4.54285240 -4.56052882
v 17.13372318 -4.54285240 -3.26413829
v 17.21874324 -4.60435772 -4.56052882
v 17.12610141 -4.60435772 -3.26523310
v 17.24703685 -4.48438835 -4.56052882
v 17.15410701 -4.48438835 -3.26120669
v 17.22890178 -4.38700676 -3.25045306
v 17.18632404 -4.43163681 -3.25657374
v 17.32260028 -4.38700676 -4.56052882
v 17.27958575 -4.43163681 -4.56052882
v 16.85745136 -4.54285240 -1.99413783
v 16.85006419 -4.60435772 -1.99630648
v 16.87721149 -4.48438835 -1.98833567
v 16.94971362 -4.38700676 -1.96704585
v 16.90844051 -4.43163681 -1.97916514
v 16.40325252 -4.54285240 -0.77638156
v 16.39624873 -4.60435772 -0.77958018
v 16.42198459 -4.48438835 -0.76782710
v 16.49071971 -4.38700676 -0.73643595
v 16.45159236 -4.43163681 -0.75430590
v 15.78037158 -4.54285240 0.36434072
v 15.77389423 -4.60435772 0.36017698
v 15.79769603 -4.48438835 0.37547391
v 15.86126415 -4.38700676 0.41632741
v 15.82507602 -4.43163681 0.39307111
v 15.00148860 -4.54285240 1.40480512
v 14.99566928 -4.60435772 1.39976400
v 15.01705257 -4.48438835 1.41829198
v 15.07415858 -4.38700676 1.46777623
v 15.04164973 -4.43163681 1.43960660
v 14.08245937 -4.54285240 2.32383436
v 14.07741824 -4.60435772 2.31801503
v 14.09594623 -4.48438835 2.33939832
v 14.11726085 -4.43163681 2.36399549
v 14.14543048 -4.38700676 2.39650434
v 13.04199496 -4.54285240 3.10271734
v 13.03783122 -4.60435772 3.09623998
v 13.05312816 -4.48438835 3.12004178
v 13.07072536 -4.43163681 3.14742177
v 13.09398166 -4.38700676 3.18360990
v 11.90127269 -4.54285240 3.72559827
v 11.89807407 -4.60435772 3.71859449
v 11.90982715 -4.48438835 3.74433034
v 11.92334834 -4.43163681 3.77393811
v 11.94121829 -4.38700676 3.81306546
v 10.68351642 -4.54285240 4.17979711
v 10.68134776 -4.60435772 4.17240995
v 9.41242114 -4.60435772 4.44844716
v 10.68931857 -4.48438835 4.19955724
v 10.71060840 -4.38700676 4.27205938
v 10.69848911 -4.43163681 4.23078626
v 8.11712543 -4.60435772 4.54108899
v 9.41351596 -4.54285240 4.45606893
v 8.11712543 -4.54285240 4.54878896
v 9.41644756 -4.48438835 4.47645276
v 8.11712543 -4.48438835 4.56938260
v 9.42108051 -4.43163681 4.50866979
v 8.11712543 -4.43163681 4.60193151
v 8.11712543 -4.38700676 4.64494603
v 9.42720119 -4.38700676 4.55124753
v 17.34268466 3.47001958 -4.56052882
v 17.24878207 3.47001958 -5.87346179
v 17.33601085 3.47570562 -4.56052882
v -1.00129708 3.48136806 -5.87156016
v -1.08834847 3.48700690 -4.56052882
v -0.99465188 3.48700690 -5.87060458
v -1.09506615 3.48136806 -4.56052882
v -1.00792321 3.47570562 -5.87251193
v -1.01453027 3.47001958 -5.87346179
v -1.10843285 3.47001958 -4.56052882
v -1.10176095 3.47570562 -4.56052882
v -0.72190484 3.48136806 -7.15590197
v -0.71546181 3.48700690 -7.15400988
v -0.72832879 3.47570562 -7.15778643
v -0.73473367 3.47001958 -7.15966708
v -0.26257714 3.48136806 -8.38741118
v -0.25646981 3.48700690 -8.38461882
v -0.26866540 3.47570562 -8.39019210
v -0.27473840 3.47001958 -8.39296157
v 0.36733619 3.48136806 -9.54101378
v 0.37298576 3.48700690 -9.53738219
v 0.36170570 3.47570562 -9.54463393
v 0.35609046 3.47001958 -9.54824263
v 1.15501777 3.48136806 -10.59322936
v 1.16009132 3.48700690 -10.58883101
v 1.14995567 3.47570562 -10.59761245
v 1.14491264 3.47001958 -10.60198409
v 2.08442298 3.48136806 -11.52263457
v 2.08882133 3.48700690 -11.51756102
v 3.14027015 3.48700690 -12.30466658
v 2.08003989 3.47570562 -11.52769667
v 2.07566825 3.47001958 -11.53273970
v 3.13663856 3.48136806 -12.31031615
v 4.29303352 3.48700690 -12.93412215
v 3.13301841 3.47570562 -12.31594664
v 3.12940971 3.47001958 -12.32156188
v 4.29024116 3.48136806 -12.94022948
v 4.28746024 3.47570562 -12.94631774
v 4.28469077 3.47001958 -12.95239073
v 5.52175132 3.48136806 -13.39955718
v 5.52364341 3.48700690 -13.39311415
v 6.80704871 3.48700690 -13.67230422
v 5.51986686 3.47570562 -13.40598113
v 5.51798621 3.47001958 -13.41238600
v 6.80609313 3.48136806 -13.67894942
v 6.80514137 3.47570562 -13.68557555
v 6.80419151 3.47001958 -13.69218260
v 8.11712543 3.48136806 -13.77271849
v 8.11712543 3.48700690 -13.76600081
v 9.42720119 3.48700690 -13.67230422
v 8.11712543 3.47570562 -13.77941329
v 8.11712543 3.47001958 -13.78608519
v 9.42815677 3.48136806 -13.67894942
v 9.42911044 3.47570562 -13.68557555
v 9.43006030 3.47001958 -13.69218260
v 10.71249858 3.48136806 -13.39955718
v 10.71060840 3.48700690 -13.39311415
v 10.71438495 3.47570562 -13.40598113
v 10.71626559 3.47001958 -13.41238600
v 11.94400684 3.48136806 -12.94022948
v 11.94121829 3.48700690 -12.93412215
v 11.94678966 3.47570562 -12.94631774
v 13.10484020 3.47001958 -12.32156188
v 11.94956104 3.47001958 -12.95239073
v 13.09761134 3.48136806 -12.31031615
v 13.09398166 3.48700690 -12.30466658
v 13.10123149 3.47570562 -12.31594664
v 14.14982692 3.48136806 -11.52263457
v 14.14543048 3.48700690 -11.51756102
v 14.15421191 3.47570562 -11.52769667
v 14.15858165 3.47001958 -11.53273970
v 15.07923404 3.48136806 -10.59322936
v 15.07415858 3.48700690 -10.58883101
v 15.08429424 3.47570562 -10.59761245
v 15.08933727 3.47001958 -10.60198409
v 15.86691180 3.48136806 -9.54101378
v 15.86126415 3.48700690 -9.53738219
v 15.87254421 3.47570562 -9.54463393
v 15.87815944 3.47001958 -9.54824263
v 16.49682895 3.48136806 -8.38741118
v 16.49071971 3.48700690 -8.38461882
v 16.94971362 3.48700690 -7.15400988
v 16.50291721 3.47570562 -8.39019210
v 16.50899020 3.47001958 -8.39296157
v 16.95615665 3.48136806 -7.15590197
v 16.96258060 3.47570562 -7.15778643
v 16.96898547 3.47001958 -7.15966708
v 17.23554889 3.48136806 -5.87156016
v 17.22890178 3.48700690 -5.87060458
v 17.32931606 3.48136806 -4.56052882
v 17.24217502 3.47570562 -5.87251193
v -0.89185342 3.70435786 -5.85582453
v -0.98449334 3.70435786 -4.56052882
v -0.61581429 3.70435786 -7.12475116
v -0.16199883 3.70435786 -8.34147460
v 0.46035758 3.70435786 -9.48123366
v 1.23858253 3.70435786 -10.52081877
v 2.15683357 3.70435786 -11.43906981
v 3.19641868 3.70435786 -12.21729476
v 4.33617774 3.70435786 -12.83965117
v 5.55290214 3.70435786 -13.29346663
v 6.82182876 3.70435786 -13.56950576
v 8.11712543 3.70435786 -13.66214568
v 9.41242114 3.70435786 -13.56950576
v 10.68134776 3.70435786 -13.29346663
v 11.89807407 3.70435786 -12.83965117
v 13.03783122 3.70435786 -12.21729476
v 14.07741824 3.70435786 -11.43906981
v 14.99566928 3.70435786 -10.52081877
v 15.77389423 3.70435786 -9.48123366
v 16.39624873 3.70435786 -8.34147460
v 16.85006419 3.70435786 -7.12475116
v 17.12610141 3.70435786 -5.85582453
v 2.21952049 3.47966313 -5.60043627
v 2.13521568 3.47400331 -4.56052882
v 2.22609702 3.47400331 -5.59927661
v 2.12853996 3.47966313 -4.56052882
v 2.21292487 3.48529911 -5.60159785
v 2.20631019 3.49091172 -5.60276515
v 2.11512367 3.49091172 -4.56052882
v 2.12184135 3.48529911 -4.56052882
v 2.48969642 3.47966313 -6.60874469
v 2.49597160 3.47400331 -6.60645968
v 2.48340217 3.48529911 -6.61103732
v 2.47708884 3.49091172 -6.61333377
v 2.93085853 3.47966313 -7.55481917
v 2.93664161 3.47400331 -7.55148226
v 2.92505637 3.48529911 -7.55816848
v 2.91923896 3.49091172 -7.56152541
v 3.52960197 3.47966313 -8.40991408
v 3.53471748 3.47400331 -8.40562255
v 3.52447120 3.48529911 -8.41422087
v 3.51932517 3.49091172 -8.41853911
v 4.26773826 3.47966313 -9.14805037
v 4.27202979 3.47400331 -9.14293486
v 5.12617103 3.47400331 -9.74101073
v 4.26343147 3.48529911 -9.15318114
v 4.25911323 3.49091172 -9.15832717
v 5.12283317 3.47966313 -9.74679381
v 6.07119361 3.47400331 -10.18168074
v 5.11948386 3.48529911 -9.75259597
v 5.11612693 3.49091172 -9.75841338
v 6.06890861 3.47966313 -10.18795592
v 6.06661597 3.48529911 -10.19425017
v 6.06431953 3.49091172 -10.20056349
v 7.07721702 3.47966313 -10.45813185
v 7.07837669 3.47400331 -10.45155532
v 7.07605544 3.48529911 -10.46472747
v 7.07488815 3.49091172 -10.47134215
v 8.11712543 3.47966313 -10.54911238
v 8.11712543 3.47400331 -10.54243666
v 9.15587322 3.47400331 -10.45155532
v 8.11712543 3.48529911 -10.55581099
v 8.11712543 3.49091172 -10.56252867
v 9.15703288 3.47966313 -10.45813185
v 10.16305820 3.47400331 -10.18168074
v 9.15819637 3.48529911 -10.46472747
v 9.15936176 3.49091172 -10.47134215
v 10.16534320 3.47966313 -10.18795592
v 10.16763393 3.48529911 -10.19425017
v 10.16993037 3.49091172 -10.20056349
v 11.11141864 3.47966313 -9.74679381
v 11.10808078 3.47400331 -9.74101073
v 11.11476794 3.48529911 -9.75259597
v 11.11812488 3.49091172 -9.75841338
v 11.96651355 3.47966313 -9.14805037
v 11.96222202 3.47400331 -9.14293486
v 11.97081844 3.48529911 -9.15318114
v 11.97513667 3.49091172 -9.15832717
v 12.70464793 3.47966313 -8.40991408
v 12.69953243 3.47400331 -8.40562255
v 12.70977870 3.48529911 -8.41422087
v 12.71492473 3.49091172 -8.41853911
v 13.30339328 3.47966313 -7.55481917
v 13.29761020 3.47400331 -7.55148226
v 13.30919353 3.48529911 -7.55816848
v 13.31500903 3.49091172 -7.56152541
v 13.74455539 3.47966313 -6.60874469
v 13.73828021 3.47400331 -6.60645968
v 13.75084773 3.48529911 -6.61103732
v 13.75716106 3.49091172 -6.61333377
v 14.01473132 3.47966313 -5.60043627
v 14.00815479 3.47400331 -5.59927661
v 14.10571185 3.47966313 -4.56052882
v 14.02132694 3.48529911 -5.60159785
v 14.11240855 3.48529911 -4.56052882
v 14.11912624 3.49091172 -4.56052882
v 14.02794162 3.49091172 -5.60276515
v 14.22910587 4.02816296 -4.56052882
v 14.13625041 4.02816296 -5.62186343
v 14.22352878 3.70871902 -4.56052882
v 14.13075916 3.70871902 -5.62089450
v 13.86050693 4.02816296 -6.65094668
v 13.85526744 3.70871902 -6.64904315
v 13.41025439 4.02816296 -7.61651808
v 13.40542690 3.70871902 -7.61372954
v 12.79917423 4.02816296 -8.48923308
v 12.79490176 3.70871902 -8.48564727
v 12.04583064 4.02816296 -9.24257476
v 12.04224674 3.70871902 -9.23830229
v 11.17311565 4.02816296 -9.85365874
v 11.17032710 3.70871902 -9.84882933
v 10.20754520 4.02816296 -10.30391127
v 10.20563785 3.70871902 -10.29866988
v 9.17846004 4.02816296 -10.57965285
v 9.17749110 3.70871902 -10.57415969
v 8.11712543 4.02816296 -10.67250640
v 8.11712543 3.70871902 -10.66692931
v 7.05578986 4.02816296 -10.57965285
v 7.05675880 3.70871902 -10.57415969
v 6.02670661 4.02816296 -10.30391127
v 6.02861015 3.70871902 -10.29866988
v 5.06113425 4.02816296 -9.85365874
v 5.06392280 3.70871902 -9.84882933
v 4.18841926 4.02816296 -9.24257476
v 4.19200507 3.70871902 -9.23830229
v 3.43507758 4.02816296 -8.48923308
v 3.43935004 3.70871902 -8.48564727
v 2.82399360 4.02816296 -7.61651808
v 2.82882301 3.70871902 -7.61372954
v 2.37374107 4.02816296 -6.65094668
v 2.37898246 3.70871902 -6.64904315
v 2.09799949 4.02816296 -5.62186343
v 2.10349265 3.70871902 -5.62089450
v 2.01072303 3.70871902 -4.56052882
v 2.00514594 4.02816296 -4.56052882
v -2.42191705 -0.44999999 -5.94802005
v -2.51285561 -0.44999999 -4.56052882
v -2.47642907 1.63700819 -4.56052882
v 18.74710742 -0.44999999 -4.56052882
v 18.65616695 -0.44999999 -5.94802005
v 18.71067897 1.63700819 -4.56052882
v -2.31395730 0.59350413 -6.51043612
v -2.37775811 1.63700819 -6.00301654
v -2.08359154 1.63700819 -7.41863543
v -2.15065011 -0.44999999 -7.31177050
v -1.77805337 0.59350413 -8.39393813
v -1.59939965 1.63700819 -8.78101165
v -1.70369729 -0.44999999 -8.62844664
v -1.08871087 -0.44999999 -9.87551696
v -0.90518197 0.59350413 -10.14690215
v -0.93421181 1.63700819 -10.06476790
v -0.10041436 1.63700819 -11.24599272
v -0.31620797 -0.44999999 -11.03164870
v 0.27493278 0.59350413 -11.70962722
v 0.88646308 1.63700819 -12.30267531
v 0.60059348 -0.44999999 -12.07705886
v 1.72210685 0.59350413 -13.02890212
v 2.00802985 1.63700819 -13.21513945
v 1.64600364 -0.44999999 -12.99386031
v 2.80213538 -0.44999999 -13.76636321
v 3.38705436 0.59350413 -14.05979354
v 3.24340049 1.63700819 -13.96638686
v 4.56956092 1.63700819 -14.54241759
v 4.04920570 -0.44999999 -14.38134963
v 5.21307746 0.59350413 -14.76719863
v 5.96180335 1.63700819 -14.93250472
v 5.36588279 -0.44999999 -14.82830245
v 6.72963325 -0.44999999 -15.09956938
v 7.13799468 0.59350413 -15.12702758
v 7.39419643 1.63700819 -15.12938506
v 8.84005634 1.63700819 -15.12938506
v 8.11712543 -0.44999999 -15.19050795
v 9.09625522 0.59350413 -15.12702758
v 10.27244846 1.63700819 -14.93250472
v 9.50461665 -0.44999999 -15.09956938
v 11.02117435 0.59350413 -14.76719863
v 11.66469089 1.63700819 -14.54241759
v 10.86836711 -0.44999999 -14.82830245
v 12.18504421 -0.44999999 -14.38134963
v 12.84719745 0.59350413 -14.05979354
v 12.99084941 1.63700819 -13.96638686
v 14.22622005 1.63700819 -13.21513945
v 13.43211642 -0.44999999 -13.76636321
v 14.51214496 0.59350413 -13.02890212
v 15.34778873 1.63700819 -12.30267531
v 14.58824817 -0.44999999 -12.99386031
v 15.63365833 -0.44999999 -12.07705886
v 15.95931712 0.59350413 -11.70962722
v 16.33466426 1.63700819 -11.24599272
v 16.55045787 -0.44999999 -11.03164870
v 17.13943187 0.59350413 -10.14690215
v 17.16846362 1.63700819 -10.06476790
v 17.83365146 1.63700819 -8.78101165
v 17.32296077 -0.44999999 -9.87551696
v 18.01230327 0.59350413 -8.39393813
v 18.31784145 1.63700819 -7.41863543
v 17.93794910 -0.44999999 -8.62844664
v 18.38490001 -0.44999999 -7.31177050
v 18.54820720 0.59350413 -6.51043612
v 18.61200992 1.63700819 -6.00301654
v 12.63780299 1.63700819 -5.45974642
v 12.52218524 0.59350413 -5.85397059
v 12.72636882 1.63700819 -4.56052882
v 12.37551013 1.63700819 -6.32440860
v 12.68994037 -0.44999999 -4.56052882
v 12.60207454 -0.44999999 -5.45263964
v 12.34185497 -0.44999999 -6.31046969
v 11.94957057 1.63700819 -7.12128741
v 11.97934428 0.59350413 -7.04262454
v 11.37635318 1.63700819 -7.81975371
v 11.91928188 -0.44999999 -7.10104663
v 11.35059444 -0.44999999 -7.79399688
v 10.67788402 1.63700819 -8.39297301
v 11.12361041 0.59350413 -8.03019530
v 10.65764514 -0.44999999 -8.36268431
v 9.88100711 1.63700819 -8.81891448
v 10.02430812 0.59350413 -8.73667342
v 9.01634494 1.63700819 -9.08120543
v 9.86706630 -0.44999999 -8.78525740
v 9.00923816 -0.44999999 -9.04547698
v 8.11712543 1.63700819 -9.16977126
v 8.77049724 0.59350413 -9.10482604
v 8.11712543 -0.44999999 -9.13334090
v 7.46375362 0.59350413 -9.10482604
v 7.21790687 1.63700819 -9.08120543
v 7.22501365 -0.44999999 -9.04547698
v 6.35324470 1.63700819 -8.81891448
v 6.20994178 0.59350413 -8.73667342
v 5.55636588 1.63700819 -8.39297301
v 6.36718360 -0.44999999 -8.78525740
v 5.57660667 -0.44999999 -8.36268431
v 4.85789863 1.63700819 -7.81975371
v 5.11064140 0.59350413 -8.03019530
v 4.88365546 -0.44999999 -7.79399688
v 4.28467933 1.63700819 -7.12128741
v 4.25490562 0.59350413 -7.04262454
v 3.85873786 1.63700819 -6.32440860
v 4.31496803 -0.44999999 -7.10104663
v 3.89239494 -0.44999999 -6.31046969
v 3.54431144 -0.44999999 -4.56052882
v 3.71206657 0.59350413 -5.85397059
v 3.50788108 1.63700819 -4.56052882
v 3.59644691 1.63700819 -5.45974642
v 3.63217536 -0.44999999 -5.45263964
v 12.63780299 -2.53700829 -3.66130931
v 12.55171863 -1.49350417 -3.37228305
v 12.72636882 -2.53700829 -4.56052882
v 12.37551013 -2.53700829 -2.79664714
v 12.60207454 -0.44999999 -3.66841609
v 12.34185497 -0.44999999 -2.81058795
v 11.94957057 -2.53700829 -1.99977023
v 12.09307376 -1.49350417 -2.26501376
v 11.91928188 -0.44999999 -2.02000910
v 11.37635318 -2.53700829 -1.30130107
v 11.36347286 -1.49350417 -1.31418139
v 10.67788402 -2.53700829 -0.72808367
v 11.35059444 -0.44999999 -1.32705981
v 10.65764514 -0.44999999 -0.75837237
v 9.88100711 -2.53700829 -0.30214411
v 10.41264049 -1.49350417 -0.58458049
v 9.86706630 -0.44999999 -0.33579928
v 8.11712543 -0.44999999 0.01228612
v 9.30537120 -1.49350417 -0.12593562
v 8.11712543 -2.53700829 0.04871457
v 9.01634494 -2.53700829 -0.03985125
v 9.00923816 -0.44999999 -0.07557971
v 13.02562038 2.88746905 -4.56052882
v 3.50636665 2.27857065 -5.42242915
v 3.42650214 2.27857065 -4.56052882
v 3.29220573 2.88746905 -5.46246249
v 3.20862952 2.88746905 -4.56052882
v 3.74324790 2.27857065 -6.25497729
v 3.54008857 2.88746905 -6.33368212
v 4.12907401 2.27857065 -7.02982241
v 3.94383613 2.88746905 -7.14451892
v 4.65071098 2.27857065 -7.72057921
v 4.48970405 2.88746905 -7.86736113
v 5.29039375 2.27857065 -8.30372817
v 5.51115409 2.27857065 -8.46063811
v 5.15909568 2.88746905 -8.47759063
v 6.02633277 2.27857065 -8.75940139
v 5.39010993 2.88746905 -8.64179045
v 6.32210151 2.27857065 -8.89409835
v 5.92922202 2.88746905 -8.95443160
v 6.83347503 2.27857065 -9.07208831
v 6.23872367 2.88746905 -9.09538466
v 7.20203010 2.27857065 -9.16102416
v 6.77385131 2.88746905 -9.28164489
v 7.68432895 2.27857065 -9.23114211
v 7.15952483 2.88746905 -9.37470824
v 8.11712543 2.27857065 -9.25115020
v 7.66422740 2.88746905 -9.44808394
v 8.54992191 2.27857065 -9.23114211
v 8.11712543 2.88746905 -9.46902281
v 9.03222171 2.27857065 -9.16102416
v 8.57002536 2.88746905 -9.44808394
v 9.40077678 2.27857065 -9.07208831
v 9.07472507 2.88746905 -9.37470824
v 9.91215030 2.27857065 -8.89409835
v 9.46039859 2.88746905 -9.28164489
v 10.20791713 2.27857065 -8.75940139
v 9.99552623 2.88746905 -9.09538466
v 10.72309772 2.27857065 -8.46063811
v 10.30502979 2.88746905 -8.95443160
v 10.94385806 2.27857065 -8.30372817
v 10.84413997 2.88746905 -8.64179045
v 11.07515422 2.88746905 -8.47759063
v 11.43389789 2.27857065 -7.87729842
v 11.58795634 2.88746905 -8.03135878
v 12.01723758 2.27857065 -7.16649920
v 12.19838992 2.88746905 -7.28754336
v 12.45069782 2.27857065 -6.35555178
v 12.65198413 2.88746905 -6.43892962
v 12.71762172 2.27857065 -5.47562319
v 12.80774966 2.27857065 -4.56052882
v 12.93130580 2.88746905 -5.51812846
v 14.61309711 4.35739040 -4.56052882
v 14.27177325 4.24713326 -5.64575869
v 14.36671916 4.24713326 -4.56052882
v 14.86843959 4.44490147 -4.56052882
v 1.70975105 4.35739040 -5.62972934
v 1.86753074 4.24713326 -4.56052882
v 1.96247855 4.24713326 -5.64575869
v 1.62115470 4.35739040 -4.56052882
v 1.45788947 4.44490147 -5.67175776
v 1.36581031 4.44490147 -4.56052882
v 1.97312537 4.35739040 -6.66976840
v 2.24443046 4.24713326 -6.69801623
v 1.73161689 4.44490147 -6.75267703
v 2.40409080 4.35739040 -7.65226943
v 2.70481864 4.24713326 -7.68532378
v 2.17951957 4.44490147 -7.77379805
v 2.99089042 4.35739040 -8.55043608
v 3.32965842 4.24713326 -8.57768828
v 2.78939048 4.44490147 -8.70726973
v 3.71752540 4.35739040 -9.33976943
v 4.09996406 4.24713326 -9.34799391
v 3.54458228 4.44490147 -9.52763182
v 3.94159690 4.35739040 -9.53672988
v 3.77746192 4.44490147 -9.73233611
v 4.56416694 4.35739040 -9.99873549
v 4.99232856 4.24713326 -9.97283370
v 4.42450706 4.44490147 -10.21249968
v 4.86914054 4.35739040 -10.18620116
v 4.74146644 4.44490147 -10.40733916
v 5.50772468 4.35739040 -10.50936324
v 5.97963706 4.24713326 -10.43322188
v 5.40515128 4.44490147 -10.74320037
v 5.89537040 4.35739040 -10.66474349
v 5.80804054 4.44490147 -10.90468795
v 6.52245704 4.35739040 -10.85772139
v 7.03189460 4.24713326 -10.71517379
v 6.45977393 4.44490147 -11.10525328
v 6.98911086 4.35739040 -10.95781142
v 6.94477073 4.44490147 -11.20927245
v 7.58069316 4.35739040 -11.03431136
v 8.11712543 4.24713326 -10.81012160
v 7.55960742 4.44490147 -11.28878218
v 8.11712543 4.35739040 -11.05649764
v 8.11712543 4.44490147 -11.31184203
v 8.65355960 4.35739040 -11.03431136
v 9.20235530 4.24713326 -10.71517379
v 8.67464534 4.44490147 -11.28878218
v 9.24513904 4.35739040 -10.95781142
v 9.28947917 4.44490147 -11.20927245
v 9.71179286 4.35739040 -10.85772139
v 10.25461284 4.24713326 -10.43322188
v 9.77447597 4.44490147 -11.10525328
v 10.33887950 4.35739040 -10.66474349
v 10.42621127 4.44490147 -10.90468795
v 10.72652713 4.35739040 -10.50936324
v 11.24192134 4.24713326 -9.97283370
v 10.82909862 4.44490147 -10.74320037
v 11.36511127 4.35739040 -10.18620116
v 11.49278346 4.44490147 -10.40733916
v 11.67008487 4.35739040 -9.99873549
v 12.13428584 4.24713326 -9.34799391
v 11.80974475 4.44490147 -10.21249968
v 12.29265491 4.35739040 -9.53672988
v 12.45678798 4.44490147 -9.73233611
v 12.51672641 4.35739040 -9.33976943
v 12.90459148 4.24713326 -8.57768828
v 12.68966571 4.44490147 -9.52763182
v 13.09332744 4.35739040 -8.73605544
v 13.52943126 4.24713326 -7.68532378
v 13.28893176 4.44490147 -8.90019042
v 13.74280063 4.35739040 -7.80851180
v 13.96393481 4.44490147 -7.93618590
v 14.22134105 4.35739040 -6.78228289
v 13.98982135 4.24713326 -6.69801623
v 14.46128551 4.44490147 -6.86961276
v 14.51440707 4.35739040 -5.68854243
v 14.76587192 4.44490147 -5.73288256
v 16.82962886 4.35514545 -4.56052882
v -0.25389870 4.44324923 -5.76410014
v -0.07764825 4.50786018 -4.56052882
v 0.01387779 4.50786018 -5.78189570
v -0.33997735 4.44324923 -4.56052882
v -0.50669869 4.35514545 -5.80044657
v -0.59537896 4.35514545 -4.56052882
v 0.00259391 4.44324923 -6.94317157
v 0.28642265 4.50786018 -6.97598178
v -0.24246224 4.35514545 -7.01512439
v 0.42427436 4.44324923 -8.07373625
v 0.73389045 4.50786018 -8.11610610
v 0.19195167 4.35514545 -8.17983062
v 1.00255576 4.44324923 -9.13278395
v 1.34628669 4.50786018 -9.17680938
v 0.78770057 4.35514545 -9.27086074
v 1.72567359 4.44324923 -10.09875304
v 2.10993186 4.50786018 -10.13438994
v 1.53265373 4.35514545 -10.26600463
v 2.57889930 4.44324923 -10.95197875
v 3.00776664 4.50786018 -10.96745879
v 2.41164771 4.35514545 -11.14499861
v 2.84420768 4.44324923 -11.17255599
v 2.68496696 4.35514545 -11.37223632
v 3.54486839 4.44324923 -11.67509658
v 4.01973716 4.50786018 -11.65741164
v 3.40679160 4.35514545 -11.88995177
v 3.88857261 4.44324923 -11.88459212
v 3.76087180 4.35514545 -12.10577590
v 4.60391608 4.44324923 -12.25337798
v 5.12323753 4.50786018 -12.18882567
v 4.49782172 4.35514545 -12.48570067
v 5.02739707 4.44324923 -12.43302352
v 4.93408958 4.35514545 -12.67076689
v 5.73448173 4.44324923 -12.67505843
v 6.29361717 4.50786018 -12.54984099
v 5.66252891 4.35514545 -12.92011458
v 6.23524085 4.44324923 -12.80559355
v 6.17840949 4.35514545 -13.05459029
v 6.91355315 4.44324923 -12.93155104
v 7.50472919 4.50786018 -12.73238570
v 6.87720672 4.35514545 -13.18435103
v 7.48512546 4.44324923 -12.99398238
v 7.46604053 4.35514545 -13.24867064
v 8.11712543 4.44324923 -13.01762969
v 8.72952167 4.50786018 -12.73238570
v 8.11712543 4.35514545 -13.27303130
v 8.74912540 4.44324923 -12.99398238
v 8.76821223 4.35514545 -13.24867064
v 9.32069675 4.44324923 -12.93155104
v 9.94063464 4.50786018 -12.54984099
v 9.35704509 4.35514545 -13.18435103
v 9.99900905 4.44324923 -12.80559355
v 10.05584041 4.35514545 -13.05459029
v 10.49976627 4.44324923 -12.67505843
v 11.11101238 4.50786018 -12.18882567
v 10.57172099 4.35514545 -12.92011458
v 11.20685283 4.44324923 -12.43302352
v 11.30016032 4.35514545 -12.67076689
v 11.63033382 4.44324923 -12.25337798
v 12.21451274 4.50786018 -11.65741164
v 11.73643008 4.35514545 -12.48570067
v 12.34567729 4.44324923 -11.88459212
v 12.47337810 4.35514545 -12.10577590
v 12.68938152 4.44324923 -11.67509658
v 13.22648326 4.50786018 -10.96745879
v 12.82746021 4.35514545 -11.88995177
v 13.39004413 4.44324923 -11.17255599
v 13.54928294 4.35514545 -11.37223632
v 13.65535060 4.44324923 -10.95197875
v 14.12431995 4.50786018 -10.13438994
v 13.82260219 4.35514545 -11.14499861
v 14.31662074 4.44324923 -10.31281859
v 14.50384227 4.35514545 -10.48653609
v 15.10471240 4.44324923 -9.32458312
v 14.88796512 4.50786018 -9.17680938
v 15.50036136 4.50786018 -8.11610610
v 15.31573383 4.35514545 -9.46845443
v 15.73671237 4.44324923 -8.22992903
v 15.96682063 4.35514545 -8.34074218
v 16.19850436 4.44324923 -7.05330188
v 15.94782916 4.50786018 -6.97598178
v 16.44255725 4.35514545 -7.12858493
v 16.47976962 4.44324923 -5.82099444
v 16.22037021 4.50786018 -5.78189570
v 16.31190006 4.50786018 -4.56052882
v 16.57422916 4.44324923 -4.56052882
v 16.73231784 4.35514545 -5.85905940
v -2.39561852 2.27617884 -4.56052882
v 18.41357127 2.88304377 -4.56052882
v 17.97917835 3.42923832 -5.91603572
v 18.07189838 3.42923832 -4.56052882
v -2.08341988 2.88304377 -5.96256167
v -1.83764657 3.42923832 -4.56052882
v -1.74493035 3.42923832 -5.91603572
v -2.17932137 2.88304377 -4.56052882
v -2.29770287 2.27617884 -5.99201304
v -1.79750069 2.88304377 -7.33847720
v -1.46849831 3.42923832 -7.24629504
v -2.00577554 2.27617884 -7.39683444
v -1.32689294 2.88304377 -8.66264159
v -1.01350411 3.42923832 -8.52651793
v -1.52528008 2.27617884 -8.74881560
v -0.68035897 2.88304377 -9.91039473
v -0.38842782 3.42923832 -9.73286635
v -0.86516579 2.27617884 -10.02277953
v 0.13005439 2.88304377 -11.05848891
v 0.39509574 3.42923832 -10.84286315
v -0.03772744 2.27617884 -11.19499404
v 1.08925239 2.88304377 -12.08553893
v 1.32246391 3.42923832 -11.83583266
v 2.37640373 3.42923832 -12.69327742
v 0.94161979 2.27617884 -12.24361998
v 2.17936698 2.88304377 -12.97241408
v 2.05463401 2.27617884 -13.14912230
v 3.38008872 2.88304377 -13.70258910
v 3.53728095 3.42923832 -13.39922148
v 3.28057853 2.27617884 -13.89463622
v 4.66905586 2.88304377 -14.26246459
v 4.78347388 3.42923832 -13.94051940
v 4.59662238 2.27617884 -14.46627623
v 6.02225105 2.88304377 -14.64161498
v 6.09176627 3.42923832 -14.30708510
v 5.97824470 2.27617884 -14.85338790
v 7.41447154 2.88304377 -14.83297164
v 7.43778888 3.42923832 -14.49209410
v 7.39971057 2.27617884 -15.04876143
v 8.81977931 2.88304377 -14.83297164
v 8.79646388 3.42923832 -14.49209410
v 8.83454028 2.27617884 -15.04876143
v 10.21199886 2.88304377 -14.64161498
v 10.14248363 3.42923832 -14.30708510
v 10.25600711 2.27617884 -14.85338790
v 11.56519595 2.88304377 -14.26246459
v 11.45077602 3.42923832 -13.94051940
v 11.63762943 2.27617884 -14.46627623
v 12.85416118 2.88304377 -13.70258910
v 12.69696895 3.42923832 -13.39922148
v 12.95367137 2.27617884 -13.89463622
v 14.05488292 2.88304377 -12.97241408
v 13.85784808 3.42923832 -12.69327742
v 14.17961780 2.27617884 -13.14912230
v 15.14499751 2.88304377 -12.08553893
v 14.91178790 3.42923832 -11.83583266
v 15.29263202 2.27617884 -12.24361998
v 16.10419551 2.88304377 -11.05848891
v 15.83915607 3.42923832 -10.84286315
v 16.27197925 2.27617884 -11.19499404
v 16.91460887 2.88304377 -9.91039473
v 16.62267581 3.42923832 -9.73286635
v 17.09941760 2.27617884 -10.02277953
v 17.56114284 2.88304377 -8.66264159
v 17.24775592 3.42923832 -8.52651793
v 17.70274822 3.42923832 -7.24629504
v 17.75953189 2.27617884 -8.74881560
v 18.03175250 2.88304377 -7.33847720
v 18.24002734 2.27617884 -7.39683444
v 18.31766978 2.88304377 -5.96256167
v 18.53195277 2.27617884 -5.99201304
v 18.62986842 2.27617884 -4.56052882
v 18.56767741 -1.49350417 -6.40324313
v 18.71067897 -2.53700829 -4.56052882
v 18.62004939 -2.53700829 -5.94326503
v 18.34971133 -2.53700829 -7.30234057
v 18.08892528 -1.49350417 -8.18996627
v 17.90429202 -2.53700829 -8.61450392
v 17.30718509 -1.49350417 -9.86641127
v 17.29141132 -2.53700829 -9.85730559
v 16.52155582 -2.53700829 -11.00947386
v 16.24621097 -1.49350417 -11.38163954
v 15.60789958 -2.53700829 -12.05130202
v 14.93823901 -1.49350417 -12.68961150
v 14.56607143 -2.53700829 -12.96495635
v 13.42300884 -1.49350417 -13.75058943
v 13.41390315 -2.53700829 -13.73481185
v 12.17110339 -2.53700829 -14.34769255
v 11.74656383 -1.49350417 -14.53232772
v 10.85893909 -2.53700829 -14.79311568
v 9.95983974 -1.49350417 -15.01107985
v 8.11712543 -2.53700829 -15.15408141
v 9.49986163 -2.53700829 -15.06345183
v 6.27441016 -1.49350417 -15.01107985
v 6.73438827 -2.53700829 -15.06345183
v 5.37531272 -2.53700829 -14.79311568
v 4.48768607 -1.49350417 -14.53232772
v 4.06314842 -2.53700829 -14.34769255
v 2.81124107 -1.49350417 -13.75058943
v 2.82034675 -2.53700829 -13.73481185
v 1.66817847 -2.53700829 -12.96495635
v 1.29601279 -1.49350417 -12.68961150
v 0.62635032 -2.53700829 -12.05130202
v -0.01195916 -1.49350417 -11.38163954
v -0.28730401 -2.53700829 -11.00947386
v -1.07293710 -1.49350417 -9.86641127
v -1.05715951 -2.53700829 -9.85730559
v -1.67004021 -2.53700829 -8.61450392
v -1.85467538 -1.49350417 -8.18996627
v -2.11546334 -2.53700829 -7.30234057
v -2.33342751 -1.49350417 -6.40324313
v -2.38579949 -2.53700829 -5.94326503
v -2.47642907 -2.53700829 -4.56052882
v 18.32548419 -3.78304386 -5.90448481
v 18.07189838 -4.32923841 -4.56052882
v 17.98673335 -4.32923841 -5.85988719
v 18.41357127 -3.78304386 -4.56052882
v 18.53993121 -3.17617893 -5.93271739
v 18.62986842 -3.17617893 -4.56052882
v 18.06272975 -3.78304386 -7.22544390
v 17.73269740 -4.32923841 -7.13701159
v 18.27165500 -3.17617893 -7.28142840
v 17.62980167 -3.78304386 -8.50080687
v 17.31413738 -4.32923841 -8.37005431
v 16.73821155 -4.32923841 -9.53791243
v 17.82963458 -3.17617893 -8.58357817
v 17.03410999 -3.78304386 -9.70874984
v 17.22142879 -3.17617893 -9.81690032
v 16.28584567 -3.78304386 -10.82860762
v 16.01477710 -4.32923841 -10.62060744
v 16.45744601 -3.17617893 -10.96027953
v 15.39781276 -3.78304386 -11.84121520
v 15.15621272 -4.32923841 -11.59961516
v 15.55075732 -3.17617893 -11.99415786
v 14.38520519 -3.78304386 -12.72924620
v 14.17720691 -4.32923841 -12.45818145
v 14.51687900 -3.17617893 -12.90084655
v 13.26534930 -3.78304386 -13.47751052
v 13.09451190 -4.32923841 -13.18161208
v 13.37349788 -3.17617893 -13.66483123
v 12.05740443 -3.78304386 -14.07320220
v 11.92665187 -4.32923841 -13.75753981
v 10.69361011 -4.32923841 -14.17609984
v 12.14017764 -3.17617893 -14.27303511
v 10.78204242 -3.78304386 -14.50613219
v 10.83802310 -3.17617893 -14.71505553
v 9.46108142 -3.78304386 -14.76888472
v 9.41648380 -4.32923841 -14.43013579
v 8.11712543 -4.32923841 -14.51529891
v 8.11712543 -3.78304386 -14.85697371
v 9.48931400 -3.17617893 -14.98333174
v 8.11712543 -3.17617893 -15.07327086
v -2.39561852 -3.17617893 -4.56052882
v 6.77316848 -3.78304386 -14.76888472
v 6.81776611 -4.32923841 -14.43013579
v 6.74493591 -3.17617893 -14.98333174
v 5.45220939 -3.78304386 -14.50613219
v 5.54064170 -4.32923841 -14.17609984
v 5.39622489 -3.17617893 -14.71505553
v 4.17684547 -3.78304386 -14.07320220
v 4.30759803 -4.32923841 -13.75753981
v 4.09407417 -3.17617893 -14.27303511
v 2.96890250 -3.78304386 -13.47751052
v 3.13973991 -4.32923841 -13.18161208
v 2.86075202 -3.17617893 -13.66483123
v 1.84904472 -3.78304386 -12.72924620
v 2.05704490 -4.32923841 -12.45818145
v 1.71737281 -3.17617893 -12.90084655
v 0.83643714 -3.78304386 -11.84121520
v 1.07803718 -4.32923841 -11.59961516
v 0.68349448 -3.17617893 -11.99415786
v -0.05159386 -3.78304386 -10.82860762
v 0.21947089 -4.32923841 -10.62060744
v -0.50395974 -4.32923841 -9.53791243
v -0.22319421 -3.17617893 -10.96027953
v -0.79985818 -3.78304386 -9.70874984
v -1.07988747 -4.32923841 -8.37005431
v -0.98717889 -3.17617893 -9.81690032
v -1.39554986 -3.78304386 -8.50080687
v -1.59538277 -3.17617893 -8.58357817
v -1.82847985 -3.78304386 -7.22544390
v -1.49844750 -4.32923841 -7.13701159
v -2.03740319 -3.17617893 -7.28142840
v -2.09123238 -3.78304386 -5.90448481
v -1.75248345 -4.32923841 -5.85988719
v -1.83764657 -4.32923841 -4.56052882
v -2.17932137 -3.78304386 -4.56052882
v -2.30567940 -3.17617893 -5.93271739
v 17.32725993 -4.36707830 -7.26486880
v 10.82146541 -4.36707830 -13.77066237
v 12.10467807 -4.36707830 -13.29204756
v 9.48320094 -4.36707830 -14.06178099
v 8.11712543 -4.36707830 -14.15948683
v 8.11712543 -4.39811850 -14.20710570
v 8.11712543 -4.41759920 -14.26050765
v 8.11712543 -4.42451239 -14.31693083
v 8.11712543 -4.41850090 -14.37345702
v 8.11712543 -4.39987612 -14.42716414
v 8.11712543 -4.36959982 -14.47527129
v 17.73412219 -4.41759920 -5.82663066
v 17.71608440 -4.36707830 -4.56052882
v 17.61838046 -4.36707830 -5.92660243
v 17.81710712 -4.41759920 -4.56052882
v 17.76370517 -4.39811850 -4.56052882
v 17.79006091 -4.42451239 -5.83399493
v 17.87352840 -4.42451239 -4.56052882
v 17.84610263 -4.41850090 -5.84137255
v 17.93005458 -4.41850090 -4.56052882
v 17.89935008 -4.39987612 -5.84838206
v 17.98375980 -4.39987612 -4.56052882
v 17.94704906 -4.36959982 -5.85466296
v 18.03187076 -4.36959982 -4.56052882
v 17.54108707 -4.42451239 -7.08566958
v 17.59568683 -4.41850090 -7.10030276
v 17.64756290 -4.39987612 -7.11419970
v 17.69403354 -4.36959982 -7.12665469
v 17.13086787 -4.42451239 -8.29414183
v 16.84864513 -4.36707830 -8.54807860
v 17.18308917 -4.41850090 -8.31577117
v 17.23270694 -4.39987612 -8.33632476
v 17.27715579 -4.36959982 -8.35473448
v 16.89196292 -4.39811850 -8.56786162
v 16.94053928 -4.41759920 -8.59004409
v 16.99186221 -4.42451239 -8.61348540
v 17.04328052 -4.41850090 -8.63696486
v 17.09213344 -4.39987612 -8.65927703
v 17.13589565 -4.36959982 -8.67926223
v 16.61537067 -4.41850090 -9.46699340
v 16.19228259 -4.36707830 -9.75011641
v 16.66188136 -4.39987612 -9.49384505
v 16.70354739 -4.36959982 -9.51790053
v 16.23234454 -4.39811850 -9.77586180
v 16.27726833 -4.41759920 -9.80473143
v 16.32473460 -4.42451239 -9.83523757
v 16.37228671 -4.41850090 -9.86579711
v 16.41746799 -4.39987612 -9.89483458
v 16.45794002 -4.36959982 -9.92084319
v 15.90224544 -4.41850090 -10.53426177
v 15.37153522 -4.36707830 -10.84651000
v 15.94485370 -4.39987612 -10.56695372
v 15.98302165 -4.36959982 -10.59624297
v 15.40752307 -4.39811850 -10.87769515
v 15.44788257 -4.41759920 -10.91266448
v 15.49052325 -4.42451239 -10.94961364
v 15.53324214 -4.41850090 -10.98662764
v 15.57383052 -4.39987612 -11.02179915
v 15.61019031 -4.36959982 -11.05330474
v 15.05591480 -4.41850090 -11.49931533
v 14.40310756 -4.36707830 -11.81493575
v 15.09389011 -4.39987612 -11.53729064
v 15.12790958 -4.36959982 -11.57131011
v 14.43429271 -4.39811850 -11.85092742
v 14.46926204 -4.41759920 -11.89128310
v 14.50621120 -4.42451239 -11.93392379
v 14.54322711 -4.41850090 -11.97664458
v 14.57839671 -4.39987612 -12.01723296
v 14.60990230 -4.36959982 -12.05359084
v 14.09085742 -4.41850090 -12.34564788
v 13.30671397 -4.36707830 -12.63568694
v 14.12355319 -4.39987612 -12.38825423
v 14.15284053 -4.36959982 -12.42642409
v 13.33245937 -4.39811850 -12.67574507
v 13.36133090 -4.41759920 -12.72067076
v 13.39183513 -4.42451239 -12.76813704
v 13.42239467 -4.41850090 -12.81568724
v 13.45143214 -4.39987612 -12.86086852
v 13.47744266 -4.36959982 -12.90134246
v 13.02359096 -4.41850090 -13.05877120
v 13.05044261 -4.39987612 -13.10528380
v 13.07449809 -4.36959982 -13.14694792
v 12.12445918 -4.39811850 -13.33536345
v 12.14664356 -4.41759920 -13.38393981
v 12.17008296 -4.42451239 -13.43526274
v 12.19356433 -4.41850090 -13.48668105
v 12.21587459 -4.39987612 -13.53553588
v 12.23585979 -4.36959982 -13.57929808
v 10.83488170 -4.39811850 -13.81635100
v 10.84992687 -4.41759920 -13.86759001
v 10.86582271 -4.42451239 -13.92172820
v 10.88174716 -4.41850090 -13.97596175
v 10.89687816 -4.39987612 -14.02749449
v 10.91043178 -4.36959982 -14.07365615
v 9.48997775 -4.39811850 -14.10891921
v 9.49757663 -4.41759920 -14.16177565
v 9.50560657 -4.42451239 -14.21762282
v 9.51365176 -4.41850090 -14.27357299
v 9.52129451 -4.39987612 -14.32673461
v 9.52814189 -4.36959982 -14.37435347
v 5.41278449 -4.36707830 -13.77066237
v -1.09301003 -4.36707830 -7.26486880
v -0.61439523 -4.36707830 -8.54807860
v -1.38412865 -4.36707830 -5.92660243
v -1.48183450 -4.36707830 -4.56052882
v -1.52945336 -4.39811850 -4.56052882
v -1.58285531 -4.41759920 -4.56052882
v -1.63927850 -4.42451239 -4.56052882
v -1.69580468 -4.41850090 -4.56052882
v -1.74951180 -4.39987612 -4.56052882
v -1.79761895 -4.36959982 -4.56052882
v 6.85102264 -4.41759920 -14.17752272
v 6.75105087 -4.36707830 -14.06178099
v 6.84365836 -4.42451239 -14.23346526
v 6.83628074 -4.41850090 -14.28950698
v 6.82927123 -4.39987612 -14.34275252
v 6.82299033 -4.36959982 -14.39045150
v 5.59198371 -4.42451239 -13.98448760
v 5.57735053 -4.41850090 -14.03908736
v 5.56345359 -4.39987612 -14.09096343
v 5.55099860 -4.36959982 -14.13743407
v 4.38351051 -4.42451239 -13.57427031
v 4.12957374 -4.36707830 -13.29204756
v 4.36188117 -4.41850090 -13.62648970
v 4.34132758 -4.39987612 -13.67611129
v 4.32291785 -4.36959982 -13.72055632
v 4.10979072 -4.39811850 -13.33536345
v 4.08760825 -4.41759920 -13.38393981
v 4.06416694 -4.42451239 -13.43526274
v 4.04068748 -4.41850090 -13.48668105
v 4.01837531 -4.39987612 -13.53553588
v 3.99839011 -4.36959982 -13.57929808
v 3.21065894 -4.41850090 -13.05877120
v 2.92753593 -4.36707830 -12.63568694
v 3.18380729 -4.39987612 -13.10528380
v 3.15975181 -4.36959982 -13.14694792
v 2.90179054 -4.39811850 -12.67574507
v 2.87292091 -4.41759920 -12.72067076
v 2.84241477 -4.42451239 -12.76813704
v 2.81185523 -4.41850090 -12.81568724
v 2.78281776 -4.39987612 -12.86086852
v 2.75680915 -4.36959982 -12.90134246
v 2.14339057 -4.41850090 -12.34564788
v 1.83114234 -4.36707830 -11.81493575
v 2.11069862 -4.39987612 -12.38825423
v 2.08140937 -4.36959982 -12.42642409
v 1.79995719 -4.39811850 -11.85092742
v 1.76498786 -4.41759920 -11.89128310
v 1.72803870 -4.42451239 -11.93392379
v 1.69102470 -4.41850090 -11.97664458
v 1.65585319 -4.39987612 -12.01723296
v 1.62434760 -4.36959982 -12.05359084
v 1.17833701 -4.41850090 -11.49931533
v 0.86271659 -4.36707830 -10.84651000
v 1.14036170 -4.39987612 -11.53729064
v 1.10634223 -4.36959982 -11.57131011
v 0.82672492 -4.39811850 -10.87769515
v 0.78636924 -4.41759920 -10.91266448
v 0.74372855 -4.42451239 -10.94961364
v 0.70100776 -4.41850090 -10.98662764
v 0.66041938 -4.39987612 -11.02179915
v 0.62406150 -4.36959982 -11.05330474
v 0.33200446 -4.41850090 -10.53426177
v 0.04196540 -4.36707830 -9.75011641
v 0.28939811 -4.39987612 -10.56695372
v 0.25122825 -4.36959982 -10.59624297
v 0.00190727 -4.39811850 -9.77586180
v -0.04301842 -4.41759920 -9.80473143
v -0.09048470 -4.42451239 -9.83523757
v -0.13803490 -4.41850090 -9.86579711
v -0.18321618 -4.39987612 -9.89483458
v -0.22369012 -4.36959982 -9.92084319
v -0.38111886 -4.41850090 -9.46699340
v -0.42763146 -4.39987612 -9.49384505
v -0.46929559 -4.36959982 -9.51790053
v -0.65771111 -4.39811850 -8.56786162
v -0.70628747 -4.41759920 -8.59004409
v -0.75761040 -4.42451239 -8.61348540
v -0.80902871 -4.41850090 -8.63696486
v -0.85788354 -4.39987612 -8.65927703
v -0.90164574 -4.36959982 -8.67926223
v -1.13869866 -4.39811850 -7.27828509
v -1.18993768 -4.41759920 -7.29333026
v -1.24407586 -4.42451239 -7.30922610
v -1.29830941 -4.41850090 -7.32514865
v -1.34984216 -4.39987612 -7.34028155
v -1.39600381 -4.36959982 -7.35383517
v -1.43126687 -4.39811850 -5.93337924
v -1.48412331 -4.41759920 -5.94098002
v -1.53997048 -4.42451239 -5.94900996
v -1.59592065 -4.41850090 -5.95705325
v -1.64908227 -4.39987612 -5.96469790
v -1.69670113 -4.36959982 -5.97154338
v -1.43420037 3.17840886 6.83635801
v -1.79440697 2.80875397 6.82990545
v -1.52859887 3.21401405 6.83697980
v -1.33094414 3.16068840 6.83604902
v -1.22416695 3.16349292 6.83609861
v -1.98164757 2.35710025 6.82202237
v -1.12002953 3.18725967 6.83651250
v -2.08054360 1.88264513 6.81374067
v -1.02439889 3.23003650 6.83726018
v -0.36672219 4.04181147 6.85142988
v -0.74136742 3.60426307 6.84379094
v -0.72930535 3.70871902 6.84561437
v -0.72626885 3.88261533 6.84865087
v 0.12856666 3.97546935 6.85027211
v 0.06140891 4.05628395 6.85168165
v 0.21183387 3.90804553 6.84909528
v -0.77442940 3.50186157 6.84200376
v 0.01272193 4.14496565 6.85323041
v 0.30677787 3.85838962 6.84822744
v -0.83835610 3.39263701 6.84009832
v 0.40761176 3.82884002 6.84771245
v -0.92371377 3.30314660 6.83853620
v 0.50833503 3.81936288 6.84754651
v -0.94178017 3.28794265 6.83827108
v 1.95937339 3.29963541 6.83847516
v 0.52833549 3.81936288 6.84754651
v 0.62890998 3.82881141 6.84771055
v 1.88586799 3.37441516 6.83977979
v 0.72959129 3.85826850 6.84822553
v 1.97743217 3.28436065 6.83820813
v 2.05990974 3.22625041 6.83719342
v 3.11199943 1.88264513 6.81374067
v 1.82706062 3.46415830 6.84134572
v 0.82441322 3.90776753 6.84908956
v 2.15543357 3.18323708 6.83644193
v 1.78220359 3.58210397 6.84340566
v 0.90761558 3.97498536 6.85026258
v 3.01372520 2.35506678 6.82198613
v 2.25950996 3.15921235 6.83602422
v 1.40326682 4.03999853 6.85139745
v 0.97477714 4.05557203 6.85167020
v 1.02354804 4.14403582 6.85321325
v 1.76598350 3.70435786 6.84553808
v 2.82787315 2.80494237 6.82984060
v 2.36627952 3.15614319 6.83597081
v 1.76292411 3.87981820 6.84860128
v 2.46957771 3.17360711 6.83627408
v 2.56406394 3.20897746 6.83689206
v 3.16773216 2.96847034 7.20967191
v 2.84572593 3.41213441 7.07193845
v 2.86293403 3.42507052 7.14271634
v 2.86910239 3.42923832 7.21668905
v 2.63687125 3.25914526 6.84840673
v 2.70451728 3.30723310 6.87987798
v 3.48000327 1.91893744 7.10924047
v 3.37814704 2.45619154 7.20187085
v 3.48960868 1.91854572 7.19368261
v 3.45198814 1.91718221 7.02902311
v 3.19592277 1.89192915 6.82340902
v 3.27564994 1.90041709 6.85159581
v 3.06500617 2.92613769 6.94218152
v 2.76378242 3.35052323 6.92932599
v 2.81153098 3.38625503 6.99456495
v 3.26901237 2.43340135 6.93398183
v 3.40696326 1.91336751 6.95704168
v 3.34718696 1.90768433 6.89689725
v 1.50012962 4.40209341 7.23150533
v 1.10760490 4.50065327 7.15943616
v 1.10910407 4.50786018 7.23311704
v 1.86985008 4.23388624 7.14016813
v 1.87320319 4.24427319 7.22910207
v 1.04603568 4.22909737 6.86524671
v 1.78501884 3.95076680 6.85707181
v 1.80580512 4.01872301 6.87930768
v 1.35538474 4.33418131 6.96561330
v 1.06582633 4.30917978 6.89702886
v 1.08226768 4.38018894 6.94659513
v 1.09481040 4.43804741 7.01176542
v 1.10341636 4.47971725 7.08891958
v 1.62803260 4.23683405 6.96399205
v 1.86090461 4.20375967 7.05666059
v 1.84684745 4.15604877 6.98280423
v 1.82819358 4.09313536 6.92274946
v -0.46302041 4.40403843 7.23153585
v -0.83372506 4.24001217 7.15474408
v -0.83607873 4.24713326 7.22914594
v -0.07003411 4.49857473 7.14496892
v -0.07213982 4.50894880 7.23313230
v -0.75250634 3.96738410 6.86028951
v -0.00604638 4.21608257 6.86181539
v -0.59090432 4.23918200 6.96403211
v -0.77661523 4.04692984 6.89136785
v -0.79779443 4.11801243 6.94065564
v -0.81509789 4.17682743 7.00628179
v -0.82746896 4.21898794 7.08380788
v -0.31840142 4.33584070 6.96564000
v -0.06407555 4.46870565 7.06197828
v -0.05424126 4.42133093 6.98831456
v -0.04048547 4.35863352 6.92809385
v -0.02301415 4.28418303 6.88431447
v -2.34597787 2.45852232 7.20190709
v -2.44854745 1.91893744 7.10924047
v -2.45815667 1.91854572 7.19368261
v -2.42053231 1.91718221 7.02902311
v -2.16446694 1.89192915 6.82340902
v -2.24419411 1.90041709 6.85159581
v -1.82431039 3.42889953 7.12826627
v -2.13397988 2.97284341 7.20973867
v -1.83307656 3.43502736 7.21677869
v -1.79985436 3.41033173 7.04498571
v -1.58940514 3.25601816 6.84512037
v -1.64698037 3.29686713 6.86732000
v -2.23685082 2.43566537 6.93401998
v -2.37551125 1.91336751 6.95704168
v -2.31573495 1.90768433 6.89689725
v -2.03133782 2.93031621 6.94225019
v -1.76102074 3.38085651 6.97114652
v -1.70922478 3.34216905 6.91092008
v -0.46302041 4.40403843 10.13373845
v -0.07213982 4.50894880 10.13214010
v -0.83607873 4.24713326 10.13612645
v -1.83307656 3.43502736 10.14849752
v -2.17604836 2.88978553 10.15679830
v -2.39564523 2.27606511 10.16614431
v -2.47642907 1.63700819 10.17587941
v -2.47073754 1.77628851 7.18121618
v -2.47642907 1.63700819 7.14775747
v -0.07065972 4.50173903 10.20582097
v -0.83274087 4.23674536 10.22505468
v -0.36672219 4.04181147 10.51384633
v 0.01272193 4.14496565 10.51204580
v -0.00960549 4.23006868 10.50001043
v -0.74827203 3.95358443 10.50815099
v -0.76897057 4.02155924 10.48591131
v -0.72626885 3.88261533 10.51662343
v -0.31840142 4.33584070 10.39963430
v -0.02924355 4.31018782 10.46822637
v -0.04555520 4.38122702 10.41866201
v -0.05798730 4.43910933 10.35349172
v -0.06650933 4.48079538 10.27633947
v -0.59090432 4.23918200 10.40124028
v -0.82383355 4.20661879 10.30855459
v -0.80983742 4.15890694 10.38240712
v -0.79126748 4.09598732 10.44246572
v -1.80974206 3.41786432 10.29324621
v -1.82691964 3.43084335 10.22246831
v -1.83129891 2.73639774 10.53663152
v -1.60128030 3.26436090 10.51677602
v -1.66880425 3.31261516 10.48530477
v -2.46688088 1.63831687 10.26040929
v -2.43876656 1.63922763 10.34070104
v -2.18101510 1.63831687 10.54627126
v -2.02519616 2.19795632 10.54603093
v -2.26130685 1.63922763 10.51815694
v -2.09648522 1.63700819 10.55581945
v -2.07226952 2.84940290 10.42436879
v -1.72795876 3.35605121 10.43585485
v -1.77561578 3.39190054 10.37061590
v -2.28458413 2.26127672 10.43415731
v -2.33333596 1.63969469 10.47288793
v -2.39349374 1.63969469 10.41273015
v 3.42766181 2.27370143 10.16618245
v 3.47021857 1.63922763 10.34070104
v 3.49833289 1.63831687 10.26040929
v 3.50788108 1.63700819 10.17587941
v 3.05714408 2.19589424 10.54606527
v 3.12794105 1.63700819 10.55581945
v 3.21246711 1.63831687 10.54627126
v 3.29275886 1.63922763 10.51815694
v 2.86032096 3.42313313 10.23709768
v 3.20966331 2.88533568 10.15686696
v 2.86910239 3.42923832 10.14858526
v 2.83581535 3.40462613 10.32038015
v 2.62497703 3.25083160 10.52024358
v 2.86465446 2.73251867 10.53670018
v 2.68265525 3.29153872 10.49804586
v 2.56406394 3.20897746 10.52838033
v 3.31660453 2.25897074 10.43419545
v 3.36479179 1.63969469 10.47288793
v 3.42494956 1.63969469 10.41273015
v 3.10580817 2.84515929 10.42444127
v 2.79690543 3.37524700 10.39421743
v 2.74501411 3.33668733 10.45444768
v 1.50012962 4.40209341 10.13376897
v 1.87084190 4.23715448 10.21058172
v 1.87320319 4.24427319 10.13617223
v 1.10697547 4.49748993 10.22032064
v 1.10910407 4.50786018 10.13215917
v 1.40326682 4.03999853 10.51387685
v 1.76292411 3.87981820 10.51667302
v 1.78926841 3.96456075 10.50504201
v 1.02354804 4.14403582 10.51206105
v 1.04244605 4.21511793 10.50347417
v 1.62803260 4.23683405 10.40128225
v 1.81348029 4.04408121 10.47397130
v 1.83475105 4.11515284 10.42468541
v 1.85213081 4.17397308 10.35904973
v 1.86455909 4.21613312 10.28151983
v 1.35538474 4.33418131 10.39966100
v 1.10095969 4.46763229 10.30331319
v 1.09103385 4.42027617 10.37697881
v 1.07715980 4.35760450 10.43719762
v 1.05954353 4.28318691 10.48097890
v 3.50788108 1.63700819 7.14775747
v 3.50218955 1.77628851 7.18120855
v -0.72930535 3.70871902 10.51965993
v -1.16652688 3.17395782 10.52899450
v -0.74560937 3.58612895 10.52179998
v -1.04661950 3.21805739 10.52822393
v 0.06140891 4.05628395 10.51359075
v 0.12856666 3.97546935 10.51500219
v -0.94178017 3.28794265 10.52700322
v 0.21183387 3.90804553 10.51618093
v -0.79071435 3.46788239 10.52386373
v 0.30677787 3.85838962 10.51704686
v -0.84983834 3.37797308 10.52543157
v 0.40761176 3.82884002 10.51756185
v -0.92371377 3.30314660 10.52674001
v 0.50833503 3.81936288 10.51772588
v 0.97477714 4.05557203 10.51360601
v 0.90761558 3.97498536 10.51500982
v 1.76598350 3.70435786 10.51973623
v 1.77798454 3.60018849 10.52155202
v 0.82441322 3.90776753 10.51618474
v 1.81086341 3.49805737 10.52333730
v 0.72959129 3.85826850 10.51704686
v 1.87444679 3.38905811 10.52523702
v 0.62890998 3.82881141 10.51756185
v 1.95937339 3.29963541 10.52680105
v 0.52833549 3.81936288 10.51772588
v 2.48866264 3.17915845 10.52890294
v 2.40919105 3.16089582 10.52921956
v -2.13291558 -0.44999999 10.59224981
v 3.16436759 -0.44999999 10.59224981
v -12.13744553 3.42923832 9.22054570
v -12.31286057 3.42923832 10.17515081
v -11.97120866 2.88383794 10.18851751
v -7.08567055 2.27617884 5.95221418
v -7.93192681 1.63700819 6.11137670
v -7.08567055 1.63700819 6.03302472
v -11.60025605 2.27580476 9.37172597
v -11.75462159 2.27585292 10.20093435
v -11.67473038 1.63700819 10.21139425
v -11.51761063 1.63700819 9.37617009
v -11.80854996 2.88304377 9.31310552
v -11.28907212 2.27580476 8.56208699
v -11.20981797 1.63700819 8.58398717
v -11.48301133 2.88304377 8.46610921
v -11.78923615 3.42923832 8.31456464
v -10.83411607 2.27580476 7.82359594
v -10.76181229 1.63700819 7.86178106
v -11.00706300 2.88304377 7.69354909
v -10.62758454 3.42923832 6.76972478
v -11.28014573 3.42923832 7.48820203
v -10.25094804 2.27580476 7.18151944
v -10.18882188 1.63700819 7.23410695
v -10.39698609 2.88304377 7.02184766
v -9.55951127 2.27580476 6.65781492
v -9.51033601 1.63700819 6.72230237
v -9.67364701 2.88304377 6.47397893
v -9.85387238 3.42923832 6.18370336
v -8.78345689 2.27580476 6.27039426
v -8.74941071 1.63700819 6.34376996
v -8.86179169 2.88304377 6.06868451
v -8.98547944 3.42923832 5.75018400
v -7.94933709 2.27580476 6.03251165
v -7.98918542 2.88304377 5.81982702
v -7.08567055 2.88304377 5.73591703
v -7.08567055 3.42923832 5.39424413
v -8.05210503 3.42923832 5.48399633
v -13.89512833 4.50786018 8.98588079
v -14.07548722 4.50786018 10.13749212
v -13.68389329 4.40221214 10.14311498
v -7.08567055 4.35514545 4.15197461
v -8.11592110 4.24427319 4.48392766
v -7.08567055 4.24427319 4.39834493
v -7.08567055 4.50786018 3.63424581
v -8.24728020 4.50786018 3.73118680
v -7.08567055 4.44324923 3.89657491
v -13.39206895 4.35514545 9.10825246
v -13.31013306 4.24427319 10.14969915
v -13.14354142 4.24427319 9.12941259
v -13.51529130 4.40213203 9.07827657
v -13.05056199 4.35514545 8.08415693
v -12.81088837 4.24427319 8.15059560
v -13.16711243 4.40213203 8.03417486
v -13.52638062 4.50786018 7.88009733
v -12.54403504 4.35514545 7.13083547
v -12.32128724 4.24427319 7.24008458
v -12.65068253 4.40213203 7.06222623
v -12.26945313 4.50786018 5.92625898
v -12.97944459 4.50786018 6.85072988
v -11.88649567 4.35514545 6.27466100
v -11.68816193 4.24427319 6.42283529
v -11.98029526 4.40213203 6.18932431
v -11.09613618 4.35514545 5.53932088
v -10.92887315 4.24427319 5.72125524
v -11.17449387 4.40213203 5.43961423
v -11.41604813 4.50786018 5.13226026
v -10.19482239 4.35514545 4.94515699
v -10.06422623 4.24427319 5.15457624
v -10.25557145 4.40213203 4.83384221
v -10.44283875 4.50786018 4.49070066
v -9.20749482 4.35514545 4.50861066
v -9.11792573 4.24427319 4.73832982
v -9.24895295 4.40213203 4.38876432
v -9.37675294 4.50786018 4.01932996
v -8.16146477 4.35514545 4.24175542
v -8.18248376 4.40213203 4.11669629
v 8.11712543 3.42923832 5.39424413
v 8.11712543 2.88304377 5.73591703
v -2.24533852 1.84377217 6.02225202
v -2.10506066 1.85551500 6.02117437
v -2.38100060 1.80872202 6.02507108
v -2.52971658 1.73828292 6.02955907
v -2.66014489 1.63700819 6.03302472
v 8.11712543 2.27617884 5.95221418
v 3.13651649 1.85551500 6.02117437
v 3.33849326 1.83089256 6.02334111
v 8.11712543 1.63700819 6.03302472
v 3.50965492 1.76709056 6.02792638
v 3.60537330 1.70909381 6.03091520
v 3.69159690 1.63700819 6.03302472
v 8.11712543 4.50786018 3.63424581
v 8.11712543 4.44324923 3.89657491
v 8.11712543 4.35514545 4.15197461
v 8.11712543 4.24427319 4.39834493
v 9.49986163 1.63700819 5.94239515
v 18.32548419 2.88304377 -3.21657283
v 17.98673335 3.42923832 -3.26117045
v 18.53993121 2.27617884 -3.18834025
v 18.62004939 1.63700819 -3.17779261
v 18.06272975 2.88304377 -1.89561183
v 17.73269740 3.42923832 -1.98404414
v 18.27165500 2.27617884 -1.83963114
v 18.34971133 1.63700819 -1.81871516
v 17.62980167 2.88304377 -0.62024981
v 17.31413738 3.42923832 -0.75100238
v 17.82963458 2.27617884 -0.53747660
v 17.90429202 1.63700819 -0.50655085
v 17.03410999 2.88304377 0.58769506
v 16.73821155 3.42923832 0.41685766
v 16.01477710 3.42923832 1.49955266
v 17.22142879 2.27617884 0.69584363
v 17.29141132 1.63700819 0.73624891
v 16.28584567 2.88304377 1.70755094
v 16.45744601 2.27617884 1.83922475
v 16.52155582 1.63700819 1.88841718
v 15.39781276 2.88304377 2.72015851
v 15.15621272 3.42923832 2.47855848
v 15.55075732 2.27617884 2.87310308
v 15.60789958 1.63700819 2.93024534
v 14.38520519 2.88304377 3.60819143
v 14.17720691 3.42923832 3.33712285
v 13.09451190 3.42923832 4.06055730
v 14.51687900 2.27617884 3.77979177
v 14.56607143 1.63700819 3.84390157
v 13.26534930 2.88304377 4.35645574
v 13.37349788 2.27617884 4.54377454
v 13.41390315 1.63700819 4.61375707
v 12.05740443 2.88304377 4.95214742
v 11.92665187 3.42923832 4.63648313
v 12.14017764 2.27617884 5.15198034
v 12.17110339 1.63700819 5.22663778
v 10.78204242 2.88304377 5.38507551
v 10.69361011 3.42923832 5.05504316
v 10.83802310 2.27617884 5.59400075
v 10.85893909 1.63700819 5.67205709
v 9.46108142 2.88304377 5.64782995
v 9.41648380 3.42923832 5.30907911
v 9.48931400 2.27617884 5.86227697
v 16.48814861 4.44324923 -3.35695750
v 16.22848979 4.50786018 -3.39429003
v 16.74094859 4.35514545 -3.32060916
v 16.98481075 4.24427319 -3.28554827
v 16.23165790 4.44324923 -2.17788798
v 15.97995464 4.50786018 -2.25179393
v 16.47671214 4.35514545 -2.10593325
v 16.71310321 4.24427319 -2.03652102
v 15.80997745 4.44324923 -1.04732043
v 15.57135478 4.50786018 -1.15629679
v 15.01100818 4.50786018 -0.13009936
v 16.04229823 4.35514545 -0.94122416
v 16.26640407 4.24427319 -0.83887774
v 15.23169414 4.44324923 0.01172727
v 15.44654933 4.35514545 0.14980596
v 15.65380946 4.24427319 0.28300374
v 14.50857822 4.44324923 0.97769635
v 14.31032268 4.50786018 0.80590719
v 14.70159618 4.35514545 1.14494794
v 14.88779155 4.24427319 1.30628675
v 13.65535060 4.44324923 1.83092397
v 13.48356143 4.50786018 1.63266843
v 13.82260219 4.35514545 2.02394193
v 13.98394099 4.24427319 2.21013730
v 12.68938152 4.44324923 2.55403989
v 12.54755489 4.50786018 2.33335393
v 11.52135745 4.50786018 2.89370054
v 12.82746021 4.35514545 2.76889509
v 12.96065799 4.24427319 2.97615522
v 11.63033382 4.44324923 3.13232320
v 11.73643008 4.35514545 3.36464399
v 11.83877650 4.24427319 3.58874982
v 10.49976627 4.44324923 3.55400365
v 10.42586032 4.50786018 3.30230039
v 10.57172099 4.35514545 3.79905790
v 10.64113322 4.24427319 4.03544896
v 9.32069675 4.44324923 3.81049436
v 9.28336421 4.50786018 3.55083555
v 9.35704509 4.35514545 4.06329435
v 9.39210597 4.24427319 4.30715650
v 8.11712543 4.50894880 2.45300000
v 9.21428386 4.50894880 2.36665242
v 8.11712543 4.44490147 2.19078534
v 14.53312007 4.35739040 -3.54433543
v 14.27177325 4.24713326 -3.47529895
v 14.78532115 4.44490147 -3.50438983
v 15.04430667 4.50894880 -3.46337039
v 14.29516116 4.35739040 -2.55316264
v 13.98982135 4.24713326 -2.42304141
v 14.53800670 4.44490147 -2.47425753
v 14.78738872 4.50894880 -2.39322955
v 13.90507785 4.35739040 -1.61141879
v 13.52943126 4.24713326 -1.43573291
v 14.13259021 4.44490147 -1.49549586
v 14.36622707 4.50894880 -1.37645251
v 13.74280063 4.35739040 -1.31254298
v 13.96393481 4.44490147 -1.18487078
v 13.79119006 4.50894880 -0.43807894
v 13.37247554 4.35739040 -0.74229342
v 12.90459148 4.24713326 -0.54336840
v 13.57905475 4.44490147 -0.59220607
v 13.09332744 4.35739040 -0.38499934
v 13.28893176 4.44490147 -0.22086627
v 13.07643977 4.50894880 0.39878553
v 12.71047107 4.35739040 0.03281682
v 12.13428584 4.24713326 0.22693723
v 12.89102641 4.44490147 0.21337217
v 12.29265491 4.35739040 0.41567319
v 12.45678798 4.44490147 0.61127752
v 12.23957530 4.50894880 1.11353582
v 11.93536082 4.35739040 0.69482129
v 11.24192134 4.24713326 0.85177701
v 12.08544818 4.44490147 0.90140050
v 11.36511127 4.35739040 1.06514638
v 11.49278346 4.44490147 1.28628057
v 11.30120174 4.50894880 1.68857282
v 11.06623546 4.35739040 1.22742360
v 10.25461284 4.24713326 1.31216710
v 11.18215839 4.44490147 1.45493596
v 10.33887950 4.35739040 1.54368680
v 10.42621127 4.44490147 1.78363126
v 10.28442470 4.50894880 2.10973447
v 9.24513904 4.35739040 1.83675283
v 9.20235530 4.24713326 1.59411901
v 8.11712543 4.24713326 1.68906492
v 8.11712543 4.35739040 1.93544286
v 9.28947917 4.44490147 2.08821767
v 13.28992358 3.43502736 -3.64842517
v 8.11712543 3.43502736 0.69206708
v 9.02922908 3.43502736 0.61226934
v 8.11712543 2.88746905 0.34796613
v 12.73648921 2.27857065 -3.74601084
v 12.63780299 1.63700819 -3.66130931
v 12.95105067 2.88746905 -3.70817668
v 12.52487079 2.27857065 -2.95624072
v 12.37551013 1.63700819 -2.79664714
v 12.72960178 2.88746905 -2.88172442
v 13.05295078 3.43502736 -2.76403529
v 12.17932597 2.27857065 -2.21521670
v 11.94957057 1.63700819 -1.99977023
v 12.01723758 2.27857065 -1.95455653
v 12.36800662 2.88746905 -2.10628039
v 12.66600696 3.43502736 -1.93422991
v 11.71035281 2.27857065 -1.54545314
v 11.37635318 1.63700819 -1.30130107
v 12.19838992 2.88746905 -1.83351428
v 12.14084712 3.43502736 -1.18422419
v 11.43389789 2.27857065 -1.24375636
v 11.87725154 2.88746905 -1.40540797
v 11.13220111 2.27857065 -0.96730143
v 10.67788402 1.63700819 -0.72808367
v 11.58795634 2.88746905 -1.08969790
v 11.49343005 3.43502736 -0.53680712
v 10.72309772 2.27857065 -0.66041667
v 11.27224628 2.88746905 -0.80040271
v 10.46243755 2.27857065 -0.49832827
v 9.88100711 1.63700819 -0.30214411
v 10.84413997 2.88746905 -0.47926432
v 10.74342433 3.43502736 -0.01164729
v 9.91215030 2.27857065 -0.22695643
v 9.01634494 1.63700819 -0.03985125
v 10.57137386 2.88746905 -0.30964762
v 9.99552623 2.88746905 -0.02567012
v 9.91361896 3.43502736 0.37529653
v 9.03222171 2.27857065 0.03996747
v 8.11712543 1.63700819 0.04871457
v 8.11712543 2.27857065 0.13009542
v 9.07472507 2.88746905 0.25365155
v -17.52150544 1.63700819 8.82108587
v -17.66817292 1.63700819 10.15853017
v -17.58541688 2.28153157 10.14871496
v -7.08567055 1.63700819 0.04871457
v -8.42841729 1.63700819 0.13415616
v -7.08567055 2.27857065 0.13009542
v -17.22664841 2.88759446 8.87254232
v -17.36766633 2.88759995 10.14016240
v -17.02284058 3.43502736 10.13325780
v -16.85807236 3.43502736 8.76967901
v -17.44063004 2.28155875 8.83520025
v -16.92054185 2.88759446 7.60143369
v -16.50709733 3.43502736 7.44177717
v -17.12806138 2.28155875 7.53727048
v -17.20649918 1.63700819 7.51301854
v -16.45578965 2.88759446 6.37937825
v -15.97660645 3.43502736 6.17486089
v -16.28402146 2.88759446 6.02039617
v -16.65350541 2.28155875 6.28942769
v -16.72823151 1.63700819 6.25543111
v -16.47811326 2.28155875 5.92287153
v -16.09442338 1.63700819 5.06860631
v -15.83988770 2.88759446 5.22608655
v -15.27670487 3.43502736 4.99306958
v -15.55991944 2.88759446 4.79774183
v -16.02460679 2.28155875 5.11180013
v -15.73872956 2.28155875 4.67441839
v -15.31529435 1.63700819 3.97169011
v -15.08277329 2.88759446 4.16016286
v -14.42072495 3.43502736 3.91891759
v -14.67434510 2.88759446 3.68644994
v -15.25151643 2.28155875 4.02338498
v -14.83447083 2.28155875 3.53967756
v -14.40341767 1.63700819 2.98237508
v -14.19665726 2.88759446 3.19880002
v -13.42498215 3.43502736 2.97287648
v -14.34670457 2.28155875 3.04173940
v -13.64417466 2.88759446 2.70769780
v -13.19583710 2.88759446 2.35750860
v -12.30845078 3.43502736 2.17296880
v -13.78256043 2.28155875 2.54027265
v -13.37349519 1.63700819 2.11662381
v -13.32476624 2.28155875 2.18269437
v -12.48903474 2.88759446 1.88013166
v -12.09645280 2.88759446 1.64985936
v -11.09240159 3.43502736 1.53443616
v -12.60304841 2.28155875 1.69524473
v -12.24214371 1.63700819 1.38839620
v -12.20218476 2.28155875 1.46011251
v -11.23093995 2.88759446 1.21952337
v -10.91623887 2.88759446 1.08726400
v -9.80000504 3.43502736 1.06944936
v -11.31840714 2.28155875 1.02069753
v -11.02761658 1.63700819 0.80944341
v -10.99706849 2.28155875 0.88564580
v -9.89385804 2.88759446 0.73845762
v -9.95311173 2.28155875 0.52948087
v -9.74950227 1.63700819 0.38910383
v -8.50326928 2.88759446 0.44610303
v -8.45589455 3.43502736 0.78686422
v -7.08567055 3.43502736 0.69206708
v -7.08567055 2.88746905 0.34796613
v -8.53318414 2.28155875 0.23095601
v -7.08567055 4.24713326 1.68906492
v -8.31336983 4.24713326 1.77363675
v -7.08567055 4.35739040 1.93544286
v -15.37661561 4.44490147 9.00282567
v -15.65015610 4.40388584 10.12633413
v -15.25874146 4.50894880 10.12753194
v -15.08867844 4.50894880 8.90561956
v -15.62710770 4.35739040 8.95329564
v -16.02399262 4.24713326 10.12628835
v -15.86880692 4.24713326 8.90550130
v -15.07348832 4.44490147 7.88142293
v -14.73698624 4.50894880 7.72311872
v -15.31482514 4.35739040 7.79800885
v -15.54768571 4.24713326 7.71752446
v -14.61945542 4.44490147 6.81217855
v -14.21165284 4.50894880 6.60686963
v -14.84707459 4.35739040 6.69645971
v -15.06669816 4.24713326 6.58480542
v -14.43982133 4.44490147 6.47765821
v -14.66201218 4.35739040 6.35183233
v -14.43493470 4.24713326 5.52874082
v -14.02309235 4.44490147 5.81529325
v -13.52459916 4.50894880 5.58219999
v -14.23269471 4.35739040 5.66945737
v -13.73076829 4.44490147 5.42018026
v -13.93153580 4.35739040 5.26240629
v -13.66432389 4.24713326 4.56928151
v -13.29566773 4.44490147 4.90960210
v -12.69141587 4.50894880 4.67236799
v -13.48328980 4.35739040 4.73640149
v -12.87090501 4.44490147 4.48121541
v -13.04569443 4.35739040 4.29507154
v -12.76942643 4.24713326 3.72455495
v -12.45091828 4.44490147 4.11221212
v -11.73101243 4.50894880 3.89801877
v -12.61302003 4.35739040 3.91491979
v -11.87975129 4.44490147 3.68207258
v -12.02459534 4.35739040 3.47178548
v -11.76715287 4.24713326 3.01051992
v -11.50480851 4.44490147 3.43818944
v -10.66518220 4.50894880 3.27672857
v -11.63832673 4.35739040 3.22053426
v -10.77979859 4.44490147 3.04088872
v -10.89140900 4.35739040 2.81122869
v -10.67643174 4.24713326 2.44066709
v -10.47521409 4.44490147 2.90026944
v -9.51812180 4.50894880 2.82259649
v -10.57761964 4.35739040 2.66636174
v -9.59600648 4.44490147 2.57221502
v -9.67185029 4.35739040 2.32839483
v -9.51787766 4.24713326 2.02575963
v -8.35524377 4.44490147 2.28668683
v -8.31585702 4.50894880 2.54592603
v -7.08567055 4.50894880 2.45300000
v -7.08567055 4.44490147 2.19078534
v -8.39360436 4.35739040 2.03424161
v -2.57391747 1.70909381 0.05082410
v -2.66014489 1.63700819 0.04871457
v -2.47819909 1.76709056 0.05381292
v -2.30703744 1.83089256 0.05839818
v -2.10506066 1.85551500 0.06056493
v 3.69159690 1.63700819 0.04871457
v 3.56116859 1.73828292 0.05218023
v 3.41245261 1.80872202 0.05666822
v 3.27679435 1.84377217 0.05948537
v 3.13651649 1.85551500 0.06056493
v -2.13627633 2.96847034 -1.12793452
v -1.81427010 3.41213441 -0.99019915
v -1.83148202 3.42507052 -1.06097705
v -1.83764657 3.42923832 -1.13495166
v -1.79642113 2.80494237 -0.74810130
v -1.60541924 3.25914526 -0.76666743
v -1.67306527 3.30723310 -0.79813868
v -2.44854745 1.91893744 -1.02750308
v -2.34669503 2.45619154 -1.12013156
v -2.45815667 1.91854572 -1.11194331
v -2.42053231 1.91718221 -0.94728381
v -2.16446694 1.89192915 -0.74166972
v -1.98227319 2.35506678 -0.74024874
v -2.24419411 1.90041709 -0.76985842
v -2.08054360 1.88264513 -0.73200137
v -2.03355416 2.92613769 -0.86044223
v -1.73232659 3.35052323 -0.84758860
v -1.78007516 3.38625503 -0.91282565
v -2.23755654 2.43340135 -0.85224253
v -2.37551125 1.91336751 -0.87530238
v -2.31573495 1.90768433 -0.81515795
v -0.46867760 4.40209341 -1.14976603
v -0.07615289 4.50065327 -1.07769686
v -0.07764825 4.50786018 -1.15137774
v -0.83839806 4.23388624 -1.05842883
v -0.84174737 4.24427319 -1.14736277
v -0.37181100 4.03999853 -0.76965815
v 0.00790778 4.14403582 -0.77147395
v -0.01457986 4.22909737 -0.78350741
v -0.75356301 3.95076680 -0.77533251
v -0.77434930 4.01872301 -0.79756839
v -0.73146828 3.87981820 -0.76686198
v -0.32393273 4.33418131 -0.88387400
v -0.03437051 4.30917978 -0.81528956
v -0.05081567 4.38018894 -0.86485583
v -0.06335839 4.43804741 -0.93002803
v -0.07196053 4.47971725 -1.00718028
v -0.59657677 4.23683405 -0.88225466
v -0.82945260 4.20375967 -0.97492129
v -0.81539544 4.15604877 -0.90106494
v -0.79674157 4.09313536 -0.84101016
v -2.47073373 1.77628851 -1.09947116
v -2.47642907 1.63700819 -1.06601817
v 1.49447242 4.40403843 -1.14979655
v 1.86518089 4.24001217 -1.07300479
v 1.86753074 4.24713326 -1.14740664
v 1.10148994 4.49857473 -1.06322962
v 1.10359565 4.50894880 -1.15139491
v 1.39817420 4.04181147 -0.76969058
v 1.75772468 3.88261533 -0.76691157
v 1.78396217 3.96738410 -0.77855021
v 1.01873389 4.14496565 -0.77149111
v 1.03749839 4.21608257 -0.78007609
v 1.62236015 4.23918200 -0.88229281
v 1.80807105 4.04692984 -0.80962855
v 1.82925025 4.11801243 -0.85891635
v 1.84655372 4.17682743 -0.92454249
v 1.85892478 4.21898794 -1.00206858
v 1.34985343 4.33584070 -0.88390261
v 1.09553138 4.46870565 -0.98023898
v 1.08569328 4.42133093 -0.90657527
v 1.07194129 4.35863352 -0.84635455
v 1.05446616 4.28418303 -0.80257518
v 3.37743369 2.45852232 -1.12016780
v 3.48000327 1.91893744 -1.02750308
v 3.48960868 1.91854572 -1.11194331
v 3.45198814 1.91718221 -0.94728381
v 3.01309959 2.35710025 -0.74028308
v 3.19592277 1.89192915 -0.74166972
v 3.27564994 1.90041709 -0.76985842
v 3.11199943 1.88264513 -0.73200137
v 2.85576621 3.42889953 -1.04652888
v 3.16543571 2.97284341 -1.12799937
v 2.86452857 3.43502736 -1.13503939
v 2.83131019 3.41033173 -0.96324641
v 2.62085716 3.25601816 -0.76338107
v 2.82585899 2.80875397 -0.74816806
v 2.67843238 3.29686713 -0.78558070
v 2.56005470 3.21401405 -0.75524050
v 3.26830283 2.43566537 -0.85228068
v 3.40696326 1.91336751 -0.87530238
v 3.34718696 1.90768433 -0.81515795
v 3.06278983 2.93031621 -0.86051089
v 2.79247276 3.38085651 -0.88940913
v 2.74067680 3.34216905 -0.82918078
v 3.50219337 1.77628851 -1.09947688
v 3.50788108 1.63700819 -1.06601817
v -0.73453149 3.70435786 -0.76380069
v -1.17131432 3.16961026 -0.75446612
v -0.75074776 3.58210397 -0.76166636
v 0.05667487 4.05557203 -0.76993090
v -1.05104073 3.21401572 -0.75524050
v 0.12383643 3.97498536 -0.76852328
v 0.20704261 3.90776753 -0.76735026
v -0.79560860 3.46415830 -0.75960833
v 0.30186073 3.85826850 -0.76648623
v -0.85441216 3.37441516 -0.75804049
v 0.40254585 3.82881141 -0.76597316
v -0.92792138 3.29963541 -0.75673587
v 0.50311652 3.81936288 -0.76580722
v -0.94598016 3.28436065 -0.75646884
v 0.52311698 3.81936288 -0.76580722
v 0.97004310 4.05628395 -0.76994235
v 0.90288917 3.97546935 -0.76853282
v 1.76076118 3.70871902 -0.76387698
v 1.77282325 3.60426307 -0.76205355
v 0.81961814 3.90804553 -0.76735598
v 1.80588142 3.50186157 -0.76026637
v 0.72467796 3.85838962 -0.76648814
v 1.86981193 3.39263701 -0.75835902
v 0.62384025 3.82884002 -0.76597316
v 1.95516578 3.30314660 -0.75679690
v 2.48430244 3.18387485 -0.75471598
v 2.40441123 3.16541219 -0.75439364
v -11.83404740 2.05216026 10.44982808
v -12.12381562 2.19927907 10.54600805
v -12.05300721 1.63700819 10.55581945
v -11.69481095 1.63827920 10.30250066
v -11.73648652 1.63907385 10.38597387
v -11.79724320 1.63934422 10.45677846
v -11.87342271 1.63907385 10.51065343
v -11.96042451 1.63827920 10.54434102
v -11.87466248 2.25443602 10.44627660
v -11.86948212 2.46978164 10.36836522
v -11.96281632 2.55121756 10.44088643
v -12.07443055 2.62233186 10.49529928
v -12.31620225 2.73398471 10.53667348
v -12.08362778 2.83985353 10.43543523
v -12.17372330 3.02429008 10.42548650
v -12.32650574 3.42137575 10.25883382
v -12.35409364 3.40219545 10.33662694
v -12.39436158 3.37305641 10.40506261
v -12.44590958 3.33550811 10.46063131
v -12.50634202 3.29197836 10.50062459
v -12.56156739 3.25284076 10.52089208
v -12.61956986 3.21254086 10.52831929
v -13.31509980 4.23620653 10.22108358
v -14.07999619 4.49691916 10.22471135
v -13.78820618 4.04292059 10.51382345
v -13.42884263 3.88470054 10.51658529
v -13.40033158 3.97632003 10.50305837
v -14.08802613 4.46684217 10.30660527
v -14.09952363 4.41956615 10.37918752
v -14.13258561 4.28343582 10.48151296
v -14.11444672 4.35724640 10.43847554
v -14.14975175 4.21596909 10.50360387
v -14.16842088 4.14548492 10.51203435
v -13.56598099 4.23721170 10.40515035
v -13.37383469 4.06129360 10.46673101
v -13.35253724 4.12863493 10.41578191
v -13.33625993 4.17848492 10.35691732
v -13.32347306 4.21520138 10.28895467
v -17.02394303 2.73294592 10.53669256
v -16.62280473 3.17652249 10.52894872
v -16.72035035 3.21199870 10.52833074
v -16.52094468 3.16034627 10.52923101
v -15.56085404 4.03924847 10.51388829
v -15.92114838 3.87909675 10.51668447
v -15.92424973 3.70871902 10.51965993
v -16.41799363 3.16373658 10.52916997
v -15.94127473 3.58459830 10.52182668
v -17.21572694 2.20197153 10.54595845
v -16.31737717 3.18679667 10.52876943
v -15.12970551 4.05231476 10.51366323
v -15.18059739 4.14369202 10.51206487
v -15.06264695 3.97291636 10.51504796
v -17.28862580 1.63700819 10.55581945
v -16.22264680 3.22861648 10.52804082
v -14.98172578 3.90786004 10.51618093
v -15.98606309 3.46832299 10.52385610
v -14.88956651 3.85953927 10.51702779
v -16.04421433 3.37937856 10.52540868
v -14.78957185 3.82961822 10.51755040
v -16.11911591 3.30314660 10.52674001
v -14.68523606 3.81936288 10.51772588
v -16.13720902 3.28794265 10.52700322
v -14.21951875 4.05349445 10.51364034
v -14.28706177 3.97340465 10.51504033
v -13.42587479 3.70435786 10.51973623
v -13.41343125 3.59857726 10.52158254
v -14.36844834 3.90791917 10.51618093
v -13.38065156 3.49786353 10.52334111
v -14.46075257 3.85950065 10.51702779
v -13.31830796 3.39044094 10.52521413
v -14.56070908 3.82959151 10.51755040
v -13.23256882 3.29963541 10.52680105
v -14.66522034 3.81936288 10.51772588
v -13.21449097 3.28436065 10.52706426
v -13.12752732 3.22381210 10.52812475
v -12.71872529 3.17447591 10.52898305
v -12.82291993 3.15640020 10.52929967
v -12.92835816 3.15875459 10.52925771
v -13.03108414 3.18156600 10.52886098
v -12.01972779 -0.44999999 10.59224981
v -17.32668504 -0.44999999 10.59224981
v -17.00401505 3.41933012 10.28266423
v -17.01929673 3.43180704 10.20937246
v -16.79496964 3.26347375 10.51621908
v -16.86396989 3.31282306 10.48315328
v -17.26906403 2.85163593 10.41839498
v -16.92384537 3.35712481 10.43133825
v -16.97121629 3.39342690 10.36319249
v -17.42560014 2.46447945 10.42459768
v -17.48248872 2.26311231 10.42787069
v -17.61511811 1.96155834 10.31752294
v -17.66204270 1.63842010 10.24584096
v -17.63609895 1.63940549 10.32944387
v -17.59171113 1.63991141 10.40489476
v -17.53124055 1.63991141 10.46819204
v -17.51434525 2.05680466 10.44165319
v -17.45789536 1.63940549 10.51597493
v -17.37556657 1.63842010 10.54571050
v -15.25904664 4.50218868 10.20184987
v -16.02309617 4.23772192 10.21699422
v -16.01619157 4.20790243 10.30248922
v -15.20311555 4.22944403 10.49984258
v -15.96419724 4.02052975 10.48495763
v -15.98607453 4.09617424 10.44014257
v -15.94347581 3.95134807 10.50793355
v -15.51308640 4.33583403 10.39727681
v -15.22254380 4.31018353 10.46756261
v -15.23820695 4.38170195 10.41726964
v -15.24951371 4.43982220 10.35121434
v -15.25647553 4.48148298 10.27311605
v -16.00369843 4.15990305 10.37832540
v -7.08567055 -4.33502722 5.38967222
v -3.66018304 -4.33502722 5.38967222
v -3.65314111 -3.87284350 5.69057744
v -7.08567055 -3.78746915 5.73377126
v -3.64530953 -3.35852242 5.90257543
v -7.08567055 -3.17857075 5.95164388
v -3.63708504 -2.81854582 6.01475232
v -7.08567055 -2.53700829 6.03302472
v -3.62461861 -2.67628860 6.02733320
v -3.59115990 -2.53700829 6.03302472
v -7.08567055 -5.14713287 4.39267438
v -8.11689385 -5.14713287 4.47834104
v -7.08567055 -5.25739002 4.14629644
v -13.64576157 -5.34490108 9.04682821
v -13.68960770 -5.30388641 10.14302724
v -14.08100327 -5.40894842 10.13741964
v -13.90054902 -5.40894842 8.98486226
v -13.39764985 -5.25739002 9.10716909
v -13.31581315 -5.14713287 10.14959234
v -13.14911851 -5.14713287 9.12832921
v -13.29055222 -5.34490108 7.98150152
v -13.53154191 -5.40894842 7.87815946
v -13.05587586 -5.25739002 8.08213514
v -12.81619462 -5.14713287 8.14857381
v -12.76366624 -5.34490108 6.98979276
v -12.98419770 -5.40894842 6.84793371
v -12.54891785 -5.25739002 7.12793439
v -12.32616624 -5.14713287 7.23718351
v -12.07968720 -5.34490108 6.09913724
v -12.27364930 -5.40894842 5.92268651
v -11.89080628 -5.25739002 6.27096456
v -11.69247254 -5.14713287 6.41914266
v -11.25753602 -5.34490108 5.33418172
v -11.41956528 -5.40894842 5.12802022
v -11.09974869 -5.25739002 5.53493970
v -10.93248185 -5.14713287 5.71687978
v -10.31995591 -5.34490108 4.71608632
v -10.44557389 -5.40894842 4.48591893
v -10.19763001 -5.25739002 4.94022268
v -10.06703004 -5.14713287 5.14964574
v -9.29289445 -5.34490108 4.26195424
v -9.37862214 -5.40894842 4.01414769
v -9.20941361 -5.25739002 4.50326627
v -9.11984452 -5.14713287 4.73299115
v -8.20476540 -5.34490108 3.98434919
v -8.24823006 -5.40894842 3.72576230
v -7.08567055 -5.40894842 3.62873739
v -7.08567055 -5.34490108 3.89095205
v -8.16243752 -5.25739002 4.23616117
v -7.08567055 -5.25514507 1.92976468
v -8.31417855 -5.14427280 1.76802343
v -7.08567055 -5.14427280 1.68339246
v -7.08567055 -5.40785980 2.44749349
v -8.31671532 -5.40785980 2.54048627
v -7.08567055 -5.34324884 2.18516439
v -15.63273438 -5.25514507 8.95248311
v -15.65588578 -5.30222130 10.12631887
v -16.02967271 -5.14427280 10.12629598
v -15.87442597 -5.14427280 8.90470022
v -15.50834092 -5.30212831 8.97707647
v -15.09412202 -5.40785980 8.90473455
v -15.26426133 -5.40785980 10.12750524
v -15.32028016 -5.25514507 7.79640668
v -15.55313691 -5.14427280 7.71593183
v -15.20043000 -5.30212831 7.83782666
v -14.74222382 -5.40785980 7.72139638
v -14.85224351 -5.25514507 6.69409841
v -15.07186707 -5.14427280 6.58245366
v -14.73920640 -5.30212831 6.75156110
v -14.21655473 -5.40785980 6.60435193
v -14.66707047 -5.25514507 6.34924405
v -14.43971070 -5.14427280 5.52567762
v -14.55673035 -5.30212831 6.41172498
v -14.23747453 -5.25514507 5.66638463
v -14.13338288 -5.30212831 5.73880475
v -13.52904710 -5.40785980 5.57894986
v -13.93612870 -5.25514507 5.25905889
v -13.66861542 -5.14427280 4.56556981
v -13.83642396 -5.30212831 5.33740705
v -13.48758134 -5.25514507 4.73268026
v -13.39440736 -5.30212831 4.81869024
v -12.69530305 -5.40785980 4.66846364
v -13.04970750 -5.25514507 4.29105085
v -12.77314576 -5.14427280 3.72027105
v -12.96290406 -5.30212831 4.38348668
v -12.61673936 -5.25514507 3.91062635
v -12.53623780 -5.30212831 4.00860112
v -11.73423966 -5.40785980 3.89355558
v -12.02792939 -5.25514507 3.46718686
v -11.77021989 -5.14427280 3.00574964
v -11.95599946 -5.30212831 3.57161420
v -11.64139375 -5.25514507 3.21575635
v -11.57509049 -5.30212831 3.32384389
v -10.66767701 -5.40785980 3.27181714
v -10.89398011 -5.25514507 2.80616658
v -10.67879304 -5.14427280 2.43550771
v -10.83855637 -5.30212831 2.92021459
v -10.57998093 -5.25514507 2.66119474
v -10.52912339 -5.30212831 2.77735418
v -9.51981934 -5.40785980 2.81735509
v -9.67360123 -5.25514507 2.32299321
v -9.51947602 -5.14427280 2.02031797
v -9.63593873 -5.30212831 2.44407361
v -8.39448937 -5.25514507 2.02863210
v -8.37544259 -5.30212831 2.15399640
v -3.67250451 -5.14427280 1.68339246
v -3.67490777 -5.30209303 2.05646413
v -3.67652138 -5.40785980 2.44749349
v -3.60284051 -5.40065289 2.44899076
v -3.58357247 -5.13388586 1.68674558
v -3.29479989 -4.93999815 2.15333074
v -3.29661568 -5.04403543 2.53304952
v -3.30865105 -5.12909698 2.51056188
v -3.30047616 -4.85076666 1.77157872
v -3.32271203 -4.91872263 1.75079244
v -3.29200372 -4.77981806 1.79367345
v -3.40901574 -5.23418093 2.20121091
v -3.34043130 -5.20917940 2.49077123
v -3.38999947 -5.28018856 2.47432798
v -3.45516976 -5.33804703 2.46178525
v -3.53232201 -5.37971687 2.45318120
v -3.40739831 -5.13683367 1.92856496
v -3.50006493 -5.10375929 1.69569104
v -3.42620858 -5.05604839 1.70974820
v -3.36615380 -4.99313498 1.72840207
v -3.55264291 -2.81893754 6.00514501
v -3.47242745 -2.81718230 5.97712987
v -3.26542672 -3.25710034 5.53824323
v -3.26681145 -2.79192924 5.72106450
v -3.29500207 -2.80041718 5.80079168
v -3.25714501 -2.78264523 5.63714116
v -3.57167062 -4.32889938 5.38090795
v -3.48838815 -4.31033182 5.35645192
v -3.28852471 -4.15601826 5.14600080
v -3.27330788 -3.70875406 5.35100072
v -3.31072243 -4.19686699 5.20357602
v -3.28038415 -4.11401415 5.08519643
v -3.37742242 -3.33566546 5.79344648
v -3.40044411 -2.81336761 5.93210691
v -3.34030160 -2.80768442 5.87233060
v -3.38565453 -3.83031631 5.58793348
v -3.41455086 -4.28085661 5.31761640
v -3.35432442 -4.24216890 5.26582044
v -14.08448991 -5.40123844 10.21033376
v -13.32231721 -5.13547707 10.23598378
v -13.33376893 -5.10498142 10.31671804
v -13.79394730 -4.94461727 10.51379674
v -14.17325410 -5.04639959 10.51201909
v -14.15115937 -5.13078737 10.50019735
v -13.39202317 -4.92309761 10.48716253
v -13.36931046 -4.99589109 10.44554036
v -13.41258057 -4.85673237 10.50843328
v -13.43404588 -4.78746700 10.51653951
v -13.84457597 -5.23581839 10.40242666
v -14.13131531 -5.21021509 10.46897023
v -14.11430939 -5.28072166 10.42021459
v -14.10064896 -5.33833742 10.35603612
v -14.09039887 -5.38003922 10.27997106
v -13.34962281 -5.05769587 10.38785833
v -16.02935990 -5.13795710 10.20219320
v -15.26425370 -5.39800739 10.21645635
v -15.56654938 -4.93756771 10.51391881
v -15.92635163 -4.77628279 10.51673406
v -15.95311173 -4.86274433 10.50452703
v -15.26004990 -5.36836529 10.30037587
v -15.25154694 -5.32094765 10.37498754
v -15.22151383 -5.18298721 10.48049825
v -15.23863801 -5.25795412 10.43604940
v -15.20450028 -5.11437559 10.50335973
v -15.18541154 -5.04275179 10.51208394
v -15.79306992 -5.13669348 10.39823049
v -15.97732743 -4.94397831 10.47215169
v -15.99799927 -5.01611280 10.42137044
v -16.01409730 -5.07508850 10.35428136
v -16.02482041 -5.11724472 10.27482503
v -0.84174737 -5.14427280 10.13617223
v -0.59537896 -5.25514507 -4.56052882
v -0.46867760 -5.30209303 10.13376897
v -0.33997735 -5.34324884 -4.56052882
v -0.07764825 -5.40785980 10.13215917
v -0.07764825 -5.40785980 -4.56052882
v 3.20750419 -3.78978562 10.15679830
v 2.86452857 -4.33502722 10.14849752
v 3.20862952 -3.78746915 -4.56052882
v 3.42650214 -3.17857075 -4.56052882
v 3.49702445 -2.74659467 0.29763692
v 3.50788108 -2.53700829 -4.56052882
v 3.49603263 -2.75551510 0.42008107
v 3.49948112 -2.72001386 0.17832654
v 3.50421516 -2.64761949 0.01087659
v 3.50788108 -2.53700829 -0.13500315
v 3.42709724 -3.17606521 10.16614431
v 3.49603263 -2.75551510 5.66165822
v 3.49819938 -2.73089266 5.86363500
v 3.50788108 -2.53700829 10.17587941
v 3.50278465 -2.66709065 6.03479665
v 3.50577155 -2.60909390 6.13051503
v 3.50788108 -2.53700829 6.21674054
v 4.67676536 -3.35852242 0.17916196
v 4.58409873 -2.81893754 0.07659429
v 4.66854087 -2.81854582 0.06698697
v 4.50387946 -2.81718230 0.10460943
v 4.29687873 -3.25710034 0.54349607
v 4.29826728 -2.79192924 0.36067479
v 4.32645408 -2.80041718 0.28094762
v 4.28859702 -2.78264523 0.44459813
v 4.60312263 -4.32889938 0.70083135
v 4.68459693 -3.87284350 0.39116185
v 4.69163505 -4.33502722 0.69206708
v 4.51984397 -4.31033182 0.72528737
v 4.31997672 -4.15601826 0.93573659
v 4.30476371 -3.70875406 0.73073667
v 4.34217826 -4.19686699 0.87816327
v 4.31183616 -4.11401415 0.99654287
v 4.40887824 -3.33566546 0.28829282
v 4.43189994 -2.81336761 0.14963239
v 4.37175361 -2.80768442 0.20940679
v 4.41710654 -3.83031631 0.49380582
v 4.44600288 -4.28085661 0.76412290
v 4.38577644 -4.24216890 0.81591886
v 4.70636359 -5.30209303 4.02527326
v 4.63429252 -5.40065289 3.63274854
v 4.70797340 -5.40785980 3.63424581
v 4.61502448 -5.13388586 4.39499372
v 4.70396034 -5.14427280 4.39834493
v 4.32625571 -4.93999815 3.92840856
v 4.32807151 -5.04403543 3.54868978
v 4.34010307 -5.12909698 3.57117742
v 4.33192817 -4.85076666 4.31016057
v 4.35416404 -4.91872263 4.33094686
v 4.32345954 -4.77981806 4.28806394
v 4.44047157 -5.23418093 3.88052839
v 4.37188712 -5.20917940 3.59096807
v 4.42145149 -5.28018856 3.60741132
v 4.48662559 -5.33804703 3.61995405
v 4.56377784 -5.37971687 3.62855809
v 4.43885032 -5.13683367 4.15317434
v 4.53151695 -5.10375929 4.38604825
v 4.45766059 -5.05604839 4.37198919
v 4.39760581 -4.99313498 4.35333722
v 8.11712543 -4.33502722 0.69206708
v 8.11712543 -3.78746915 0.34796613
v 8.11712543 -3.17857075 0.13009542
v 4.65607444 -2.67628860 0.05440419
v 4.62261573 -2.53700829 0.04871457
v 8.11712543 -5.25514507 4.15197461
v 8.11712543 -5.14427280 4.39834493
v 8.11712543 -5.34324884 3.89657491
v 8.11712543 -5.40785980 3.63424581
v 9.39210597 -5.14427280 4.30715650
v 9.32069675 -5.34324884 3.81049436
v 9.35804263 -5.40785980 3.53974622
v 9.35704509 -5.25514507 4.06329435
v 10.49976627 -5.34324884 3.55400365
v 10.57033817 -5.40785980 3.25842756
v 10.57172099 -5.25514507 3.79905790
v 10.64113322 -5.14427280 4.03544896
v 11.63033382 -5.34324884 3.13232320
v 11.72605602 -5.40785980 2.79677671
v 11.73643008 -5.25514507 3.36464399
v 12.96065799 -5.14427280 2.97615522
v 11.83877650 -5.14427280 3.58874982
v 12.68938152 -5.34324884 2.55403989
v 12.79853908 -5.40785980 2.16544240
v 12.82746021 -5.25514507 2.76889509
v 13.65535060 -5.34324884 1.83092397
v 13.76305476 -5.40785980 1.37898534
v 13.82260219 -5.25514507 2.02394193
v 13.98394099 -5.14427280 2.21013730
v 13.94378940 -5.34324884 1.56911939
v 14.11975185 -5.25514507 1.75423139
v 14.88779155 -5.14427280 1.30628675
v 14.50857822 -5.34324884 0.97769635
v 14.59735385 -5.40785980 0.45554250
v 14.70159618 -5.25514507 1.14494794
v 14.80479900 -5.34324884 0.61611455
v 15.00676242 -5.25514507 0.77244657
v 15.65380946 -5.14427280 0.28300374
v 15.23169414 -5.34324884 0.01172727
v 15.28219882 -5.40785980 -0.58358866
v 15.44654933 -5.25514507 0.14980596
v 15.51156512 -5.34324884 -0.45627887
v 15.73487369 -5.25514507 -0.33233363
v 16.26640407 -5.14427280 -0.83887774
v 15.80997745 -5.34324884 -1.04732043
v 15.80179301 -5.40785980 -1.71444041
v 16.04229823 -5.25514507 -0.94122416
v 16.04779330 -5.34324884 -1.62333209
v 16.28729335 -5.25514507 -1.53463084
v 16.71310321 -5.14427280 -2.03652102
v 16.23165790 -5.34324884 -2.17788798
v 16.14415256 -5.40785980 -2.91093165
v 16.47671214 -5.25514507 -2.10593325
v 16.40111247 -5.34324884 -2.85812670
v 16.65128413 -5.25514507 -2.80671412
v 16.98481075 -5.14427280 -3.28554827
v 16.48814861 -5.34324884 -3.35695750
v 16.30138103 -5.40785980 -4.14547068
v 16.74094859 -5.25514507 -3.32060916
v 16.56337444 -5.34324884 -4.13218409
v 16.81844608 -5.25514507 -4.11924655
v 16.57422916 -5.34324884 -4.56052882
v 16.26985446 -5.40785980 -5.38958079
v 16.82962886 -5.25514507 -4.56052882
v 16.53083888 -5.34324884 -5.41611964
v 16.78492824 -5.25514507 -5.44195849
v 16.48814861 -5.34324884 -5.76410014
v 16.05029956 -5.40785980 -6.61456973
v 16.74094859 -5.25514507 -5.80044657
v 16.30425349 -5.34324884 -6.68032366
v 16.55150119 -5.25514507 -6.74433810
v 15.88884631 -5.34324884 -7.89563567
v 15.64777652 -5.40785980 -7.79218489
v 16.12354938 -5.25514507 -7.99635512
v 15.29419795 -5.34324884 -9.03402907
v 15.07157413 -5.40785980 -8.89526946
v 14.33497707 -5.40785980 -9.89837844
v 15.51094142 -5.25514507 -9.16912657
v 14.53402225 -5.34324884 -10.06925017
v 14.72780887 -5.25514507 -10.23561293
v 13.65535060 -5.34324884 -10.95197875
v 13.45497600 -5.40785980 -10.77837950
v 13.82260219 -5.25514507 -11.14499861
v 12.68938152 -5.34324884 -11.67509658
v 12.45186702 -5.40785980 -11.51497466
v 12.82746021 -5.25514507 -11.88995177
v 11.63033382 -5.34324884 -12.25337798
v 11.34878246 -5.40785980 -12.09118087
v 11.73643008 -5.25514507 -12.48570067
v 10.49976627 -5.34324884 -12.67505843
v 10.17116634 -5.40785980 -12.49370009
v 10.57172099 -5.25514507 -12.92011458
v 9.32069675 -5.34324884 -12.93155104
v 8.94617740 -5.40785980 -12.71325499
v 9.35704509 -5.25514507 -13.18435103
v 8.97271625 -5.34324884 -12.97424132
v 8.99855510 -5.25514507 -13.22833068
v 8.11712543 -5.34324884 -13.01762969
v 7.70206729 -5.40785980 -12.74478347
v 8.11712543 -5.25514507 -13.27303130
v 7.68878070 -5.34324884 -13.00677687
v 7.67584506 -5.25514507 -13.26184661
v 6.91355315 -5.34324884 -12.93155104
v 6.46752921 -5.40785980 -12.58755309
v 6.87720672 -5.25514507 -13.18435103
v 6.41472236 -5.34324884 -12.84451491
v 6.36331168 -5.25514507 -13.09468657
v 5.73448173 -5.34324884 -12.67505843
v 5.27103797 -5.40785980 -12.24519545
v 5.66252891 -5.25514507 -12.92011458
v 5.17992774 -5.34324884 -12.49119384
v 5.09122840 -5.25514507 -12.73069579
v 4.60391608 -5.34324884 -12.25337798
v 4.14018623 -5.40785980 -11.72559935
v 4.49782172 -5.25514507 -12.48570067
v 4.01287452 -5.34324884 -11.95496566
v 3.88893119 -5.25514507 -12.17827422
v 3.54486839 -5.34324884 -11.67509658
v 3.10105506 -5.40785980 -11.04075438
v 3.40679160 -5.25514507 -11.88995177
v 2.94048301 -5.34324884 -11.24820143
v 2.78414909 -5.25514507 -11.45016295
v 2.57889930 -5.34324884 -10.95197875
v 2.17761222 -5.40785980 -10.20645720
v 2.41164771 -5.25514507 -11.14499861
v 1.98747627 -5.34324884 -10.38719374
v 1.80236427 -5.25514507 -10.56315428
v 1.72567359 -5.34324884 -10.09875304
v 1.39115516 -5.40785980 -9.24194152
v 1.53265373 -5.25514507 -10.26600463
v 1.17584220 -5.34324884 -9.39180190
v 0.96622077 -5.25514507 -9.53770262
v 0.52429954 -5.34324884 -8.28498656
v 0.75981895 -5.40785980 -8.16945845
v 0.29499809 -5.25514507 -8.39746291
v 0.04787055 -5.34324884 -7.09227282
v 0.29816810 -5.40785980 -7.01374346
v -0.19581612 -5.25514507 -7.16873080
v -0.24245461 -5.34324884 -5.84116847
v 0.01684943 -5.40785980 -5.80144412
v -0.49490746 -5.25514507 -5.87984378
v 8.93164340 -3.17857075 0.05883497
v 8.96947757 -3.78746915 0.27339643
v 9.02922908 -4.33502722 0.61226934
v 9.72141353 -3.17857075 -0.15278346
v 9.79592983 -3.78746915 0.05194753
v 9.91361896 -4.33502722 0.37529653
v 10.46243755 -3.17857075 -0.49832827
v 10.72309772 -3.17857075 -0.66041667
v 10.57137386 -3.78746915 -0.30964762
v 10.74342433 -4.33502722 -0.01164729
v 11.13220111 -3.17857075 -0.96730143
v 10.84413997 -3.78746915 -0.47926432
v 11.49343005 -4.33502722 -0.53680712
v 11.43389789 -3.17857075 -1.24375636
v 11.27224628 -3.78746915 -0.80040271
v 11.71035281 -3.17857075 -1.54545314
v 11.58795634 -3.78746915 -1.08969790
v 12.14084712 -4.33502722 -1.18422419
v 12.01723758 -3.17857075 -1.95455653
v 11.87725154 -3.78746915 -1.40540797
v 12.17932597 -3.17857075 -2.21521670
v 12.19838992 -3.78746915 -1.83351428
v 12.66600696 -4.33502722 -1.93422991
v 12.45069782 -3.17857075 -2.76550395
v 12.36800662 -3.78746915 -2.10628039
v 12.65198413 -3.78746915 -2.68212802
v 13.05295078 -4.33502722 -2.76403529
v 12.71762172 -3.17857075 -3.64543254
v 12.93130580 -3.78746915 -3.60292918
v 13.28992358 -4.33502722 -3.64842517
v 12.80774966 -3.17857075 -4.56052882
v 13.02562038 -3.78746915 -4.56052882
v 12.72788326 -3.17857075 -5.42242915
v 12.63780299 -2.53700829 -5.45974642
v 12.94204417 -3.78746915 -5.46246249
v 12.49100200 -3.17857075 -6.25497729
v 12.37551013 -2.53700829 -6.32440860
v 12.69416133 -3.78746915 -6.33368212
v 12.10517398 -3.17857075 -7.02982241
v 11.94957057 -2.53700829 -7.12128741
v 12.29041187 -3.78746915 -7.14451892
v 11.58353893 -3.17857075 -7.72057921
v 11.37635318 -2.53700829 -7.81975371
v 11.74454776 -3.78746915 -7.86736113
v 10.94385806 -3.17857075 -8.30372817
v 10.67788402 -2.53700829 -8.39297301
v 10.72309772 -3.17857075 -8.46063811
v 11.07515422 -3.78746915 -8.47759063
v 10.20791713 -3.17857075 -8.75940139
v 9.88100711 -2.53700829 -8.81891448
v 10.84413997 -3.78746915 -8.64179045
v 9.91215030 -3.17857075 -8.89409835
v 10.30502979 -3.78746915 -8.95443160
v 9.40077678 -3.17857075 -9.07208831
v 9.01634494 -2.53700829 -9.08120543
v 9.99552623 -3.78746915 -9.09538466
v 9.03222171 -3.17857075 -9.16102416
v 9.46039859 -3.78746915 -9.28164489
v 8.54992191 -3.17857075 -9.23114211
v 8.11712543 -2.53700829 -9.16977126
v 9.07472507 -3.78746915 -9.37470824
v 8.11712543 -3.17857075 -9.25115020
v 8.57002536 -3.78746915 -9.44808394
v 7.68432895 -3.17857075 -9.23114211
v 7.21790687 -2.53700829 -9.08120543
v 8.11712543 -3.78746915 -9.46902281
v 7.20203010 -3.17857075 -9.16102416
v 7.66422740 -3.78746915 -9.44808394
v 6.83347503 -3.17857075 -9.07208831
v 6.35324470 -2.53700829 -8.81891448
v 7.15952483 -3.78746915 -9.37470824
v 6.32210151 -3.17857075 -8.89409835
v 6.77385131 -3.78746915 -9.28164489
v 6.02633277 -3.17857075 -8.75940139
v 5.55636588 -2.53700829 -8.39297301
v 6.23872367 -3.78746915 -9.09538466
v 5.51115409 -3.17857075 -8.46063811
v 5.92922202 -3.78746915 -8.95443160
v 5.29039375 -3.17857075 -8.30372817
v 4.85789863 -2.53700829 -7.81975371
v 5.39010993 -3.78746915 -8.64179045
v 5.15909568 -3.78746915 -8.47759063
v 4.80035392 -3.17857075 -7.87729842
v 4.28467933 -2.53700829 -7.12128741
v 4.64629356 -3.78746915 -8.03135878
v 4.21701423 -3.17857075 -7.16649920
v 3.85873786 -2.53700829 -6.32440860
v 4.03586189 -3.78746915 -7.28754336
v 3.78355399 -3.17857075 -6.35555178
v 3.58226768 -3.78746915 -6.43892962
v 3.51662818 -3.17857075 -5.47562319
v 3.59644691 -2.53700829 -5.45974642
v 3.30294410 -3.78746915 -5.51812846
v -0.83938607 -5.13715410 10.21058172
v -0.07552346 -5.39748955 10.22032064
v -0.37181100 -4.93999815 10.51387685
v -0.73146828 -4.77981806 10.51667302
v -0.75781640 -4.86456060 10.50504201
v 0.00790778 -5.04403543 10.51206105
v -0.01099404 -5.11511755 10.50347417
v -0.59657677 -5.13683367 10.40128225
v -0.78202447 -4.94408083 10.47397130
v -0.80329522 -5.01515245 10.42468541
v -0.82067879 -5.07397270 10.35904973
v -0.83310326 -5.11613274 10.28151983
v -0.32393273 -5.23418093 10.39966100
v -0.06950387 -5.36763191 10.30331319
v -0.05957803 -5.32027578 10.37697881
v -0.04570397 -5.25760412 10.43719762
v -0.02809151 -5.18318653 10.48097890
v 2.84119788 -4.31786442 10.29324621
v 2.85837547 -4.33084345 10.22246831
v 2.86275474 -3.63639784 10.53663152
v 2.63273231 -4.16436100 10.51677602
v 2.70025626 -4.21261501 10.48530477
v 3.49833289 -2.53831697 10.26040929
v 3.47021857 -2.53922772 10.34070104
v 3.21246711 -2.53831697 10.54627126
v 3.05664817 -3.09795642 10.54603093
v 3.29275886 -2.53922772 10.51815694
v 3.12794105 -2.53700829 10.55581945
v 3.10372535 -3.74940300 10.42436879
v 2.75941077 -4.25605106 10.43585485
v 2.80706779 -4.29190063 10.37061590
v 3.31603996 -3.16127682 10.43415731
v 3.42494956 -2.53969479 10.41273015
v 3.36479179 -2.53969479 10.47288793
v 1.49447242 -5.30403805 10.13373845
v 1.10211173 -5.40173864 10.20582097
v 1.10359565 -5.40894842 10.13214010
v 1.86419288 -5.13674498 10.22505468
v 1.86753074 -5.14713287 10.13612645
v 1.39817420 -4.94181108 10.51384633
v 1.01873389 -5.04496527 10.51204580
v 1.04106132 -5.13006830 10.50001043
v 1.77972785 -4.85358429 10.50815099
v 1.80042640 -4.92155886 10.48591131
v 1.75772468 -4.78261518 10.51662343
v 1.34985343 -5.23584032 10.39963430
v 1.06069938 -5.21018744 10.46822637
v 1.07700721 -5.28122663 10.41866201
v 1.08943931 -5.33910894 10.35349172
v 1.09796516 -5.38079500 10.27633947
v 1.62236015 -5.13918161 10.40124028
v 1.85528938 -5.10661840 10.30855459
v 1.84129325 -5.05890656 10.38240712
v 1.82271949 -4.99598694 10.44246572
v -2.48475274 1.16009879 6.58988088
v -2.47422799 1.22919297 6.44379705
v -2.48500451 1.14573431 6.44379705
v -2.44534692 1.30823350 6.44379705
v -2.48396691 1.20506549 6.73616117
v -2.10480889 1.52618885 6.51586431
v -2.18869408 1.50978470 6.44379705
v -2.26822671 1.48228848 6.44379705
v -2.10506066 1.51910245 6.44379705
v -2.46646889 1.66589475 7.06868833
v -2.47873315 1.50484717 7.08388036
v -2.10402688 1.54837239 6.58803075
v -2.43809518 1.69301367 6.99355405
v -2.48086175 1.38305879 6.99121373
v -2.09879311 1.69626474 6.75957197
v -2.10091790 1.63618255 6.71385473
v -2.26074990 1.75110602 6.82706922
v -2.18071374 1.75949788 6.80043500
v -2.09648522 1.76146412 6.79108518
v -2.36946114 1.49750841 6.72032827
v -2.39272698 1.71701574 6.92609113
v -2.33261117 1.73670650 6.86966031
v -2.10270699 1.58568335 6.65554517
v -2.39978036 1.37897968 6.44379705
v -2.33975991 1.43796229 6.44379705
v -2.48264703 1.28069580 6.87301534
v -2.08739480 1.84853888 6.81158727
v -2.09235009 1.81474900 6.80628103
v -2.35504922 1.84837675 6.92247480
v -17.57586106 0.94332796 10.45062154
v -17.70629319 -0.44999999 10.19636815
v -17.69877061 -0.44999999 10.28782934
v -17.66975220 -0.44999999 10.37476247
v -17.62117966 -0.44999999 10.45230764
v -17.55527314 -0.44999999 10.51564687
v -17.47604951 -0.44999999 10.56132787
v -17.40312012 -0.44999999 10.58431142
v -17.57586106 -1.84332800 10.45062154
v -17.37556657 -2.53842020 10.54571050
v -17.28862580 -2.53700829 10.55581945
v -17.45789536 -2.53940558 10.51597493
v -17.53124055 -2.53991151 10.46819204
v -17.59171113 -2.53991151 10.40489476
v -17.63609895 -2.53940558 10.32944387
v -17.66204270 -2.53842020 10.24584096
v -17.66817292 -2.53700829 10.15853017
v -16.72435960 -4.10696983 10.52841848
v -17.02567490 -3.62969232 10.53674596
v -16.78691682 -4.14976025 10.51985830
v -17.61578187 -2.85885096 10.31755727
v -17.58709534 -3.17592740 10.14879506
v -17.51532182 -2.95311284 10.44175618
v -17.21721085 -3.09705281 10.54604619
v -17.48421296 -3.15768695 10.42802327
v -17.48790177 -3.37426662 10.33775991
v -17.36963853 -3.78384757 10.14021199
v -17.39468201 -3.45611358 10.42315191
v -17.27900132 -3.52502537 10.48781484
v -17.27277955 -3.74496579 10.41849416
v -17.18233689 -3.92904639 10.40825170
v -17.02742203 -4.32923841 10.13332265
v -17.02170380 -4.32423782 10.22445195
v -16.99923905 -4.30619144 10.31080144
v -16.96131333 -4.27669764 10.38776296
v -16.90933427 -4.23752308 10.45077413
v -16.84595689 -4.19140530 10.49651998
v -16.62649354 -4.07173061 10.52903264
v -16.52416810 -4.05582714 10.52931112
v -16.42101105 -4.05957747 10.52924245
v -16.32069215 -4.08293056 10.52883809
v -16.22648438 -4.12489080 10.52810567
v -15.94210633 -4.49855423 10.52158254
v -15.92948350 -4.60435772 10.51973623
v -15.06684693 -4.87199640 10.51506322
v -15.13426026 -4.95144558 10.51367467
v -14.98575410 -4.80707693 10.51619619
v -15.97503098 -4.39784288 10.52334111
v -14.89386567 -4.75910759 10.51703542
v -16.03750428 -4.29043579 10.52521413
v -14.79441270 -4.72948933 10.51755040
v -16.12332734 -4.19963551 10.52680105
v -14.69045838 -4.71936274 10.51772588
v -16.14141282 -4.18436050 10.52706426
v -14.67043504 -4.71936274 10.51772588
v -12.05300721 -2.53700829 10.55581945
v -13.23677644 -4.20314646 10.52674001
v -14.56554230 -4.72972345 10.51754659
v -13.31160935 -4.27938175 10.52540868
v -14.46504792 -4.75993824 10.51702016
v -13.21869477 -4.18794250 10.52700322
v -13.13133820 -4.12753916 10.52805608
v -13.36966141 -4.36833906 10.52385610
v -14.37247285 -4.80870628 10.51616948
v -13.03433427 -4.08543682 10.52879232
v -12.12532243 -3.10427427 10.54592031
v -13.41428574 -4.48462200 10.52182668
v -14.29127320 -4.87432051 10.51502126
v -12.93131074 -4.06293344 10.52918523
v -14.22409257 -4.95434809 10.51362508
v -13.43110474 -4.60871887 10.51965993
v -12.31796082 -3.63725185 10.53661626
v -12.82611283 -4.06094933 10.52921956
v -12.72242554 -4.07929182 10.52889913
v -12.62360963 -4.11758614 10.52823156
v -2.51285561 -0.44999999 6.43939679
v -2.48500451 1.14573431 6.41154378
v -2.51285561 -0.44999999 10.21230596
v -2.51483544 -0.44999999 6.40119642
v -2.52104577 -0.44999999 6.36197942
v -2.49430093 1.14445996 6.32923787
v -2.54533776 -0.44999999 6.28780263
v -2.52167519 1.14357316 6.25105947
v -2.58652123 -0.44999999 6.21785062
v -2.56575402 1.14311838 6.18092435
v -2.64295586 -0.44999999 6.15772336
v -2.62432870 1.14311838 6.12234967
v -2.71066293 -0.44999999 6.11193364
v -2.69446191 1.14357316 6.07827085
v -2.79250726 -0.44999999 6.08063978
v -2.77264413 1.14445996 6.05089658
v -2.88280114 -0.44999999 6.06945318
v -2.85494622 1.14573431 6.04160016
v -2.22565087 -0.44999999 10.58075994
v -2.30970391 -0.44999999 10.54862111
v -2.37924203 -0.44999999 10.50159353
v -2.43720254 -0.44999999 10.43984121
v -2.47949990 -0.44999999 10.36799901
v -2.50444802 -0.44999999 10.29181569
v -2.51082619 -0.44999999 10.25154012
v -2.18101510 -2.53831697 10.54627126
v -2.09648522 -2.53700829 10.55581945
v -2.26130685 -2.53922772 10.51815694
v -2.33333596 -2.53969479 10.47288793
v -2.39349374 -2.53969479 10.41273015
v -2.43876656 -2.53922772 10.34070104
v -2.46688088 -2.53831697 10.26040929
v -2.47642907 -2.53700829 10.17587941
v -2.39620599 -3.17370152 10.16618245
v -2.02568825 -3.09589434 10.54606527
v -1.82886895 -4.32313299 10.23709768
v -2.17821130 -3.78533578 10.15686696
v -1.83764657 -4.32923841 10.14858526
v -1.80436333 -4.30462599 10.32038015
v -1.59352120 -4.15083170 10.52024358
v -1.83319863 -3.63251877 10.53670018
v -1.65119942 -4.19153881 10.49804586
v -1.53261193 -4.10897732 10.52838033
v -2.28514870 -3.15897083 10.43419545
v -2.07435616 -3.74515939 10.42444127
v -1.76545342 -4.27524710 10.39421743
v -1.71355828 -4.23668718 10.45444768
v -1.45721062 -4.07915831 10.52890294
v -1.37773522 -4.06089592 10.52921956
v -0.74653252 -4.50018835 10.52155202
v -0.73453149 -4.60435772 10.51973623
v 0.12383643 -4.87498522 10.51500982
v 0.05667487 -4.95557165 10.51360601
v 0.20704261 -4.80776739 10.51618474
v -0.77941140 -4.39805746 10.52333730
v 0.30186073 -4.75826836 10.51704686
v -0.84299096 -4.28905821 10.52523702
v 0.40254585 -4.72881126 10.51756185
v -0.92792138 -4.19963551 10.52680105
v 0.50311652 -4.71936274 10.51772588
v 0.52311698 -4.71936274 10.51772588
v 1.95516578 -4.20314646 10.52674001
v 0.62384025 -4.72883987 10.51756185
v 1.88129035 -4.27797318 10.52543157
v 0.72467796 -4.75838947 10.51704686
v 1.97323219 -4.18794250 10.52700322
v 1.82217017 -4.36788225 10.52386373
v 0.81961814 -4.80804539 10.51618093
v 2.07807533 -4.11805725 10.52822393
v 1.77706138 -4.48612881 10.52179998
v 0.90288917 -4.87546921 10.51500219
v 2.19797889 -4.07395792 10.52899450
v 0.97004310 -4.95628357 10.51359075
v 1.76076118 -4.60871887 10.51965993
v -11.96853455 -3.46712446 10.44059270
v -11.97318467 -3.78759050 10.18843358
v -11.75630006 -3.18148494 10.20082372
v -12.18865784 -3.92223263 10.43810933
v -12.55437669 -4.16604567 10.51772970
v -12.48956498 -4.21244526 10.48896688
v -12.43185242 -4.25442266 10.44352239
v -12.38394364 -4.28951883 10.38322347
v -12.34787949 -4.31553841 10.31132787
v -12.32776459 -4.32929564 10.24502462
v -12.31743821 -4.33502722 10.17499822
v -12.08558472 -3.74342155 10.43532842
v -12.04330643 -3.65260911 10.43707937
v -11.90330323 -3.26368523 10.44429677
v -11.87634476 -3.15986419 10.44614690
v -11.83502396 -2.95522547 10.44975179
v -11.67473038 -2.53700829 10.21139425
v -11.96042451 -2.53827929 10.54434102
v -11.87342271 -2.53907394 10.51065343
v -11.79724320 -2.53934431 10.45677846
v -11.73648652 -2.53907394 10.38597387
v -11.69481095 -2.53827929 10.30250066
v -11.78585252 -1.84289575 10.46864980
v -11.64121827 -0.44999999 10.24529165
v -11.92698487 -0.44999999 10.58051198
v -11.83961686 -0.44999999 10.54658407
v -11.76298341 -0.44999999 10.49238866
v -11.70236405 -0.44999999 10.42100805
v -11.66100510 -0.44999999 10.33717626
v -11.78585252 0.94289571 10.46864980
v 3.54431144 -0.44999999 10.21230596
v 3.53282157 -0.44999999 10.30504125
v 3.50068275 -0.44999999 10.38909429
v 3.45365516 -0.44999999 10.45863622
v 3.39190284 -0.44999999 10.51659673
v 3.32006065 -0.44999999 10.55889028
v 3.24387733 -0.44999999 10.58383840
v 3.20360175 -0.44999999 10.59022039
v 3.20913688 1.51201046 6.39110463
v 3.13651649 1.51910245 6.38964742
v 3.13651649 1.51910245 6.44379705
v 3.22014991 1.50978470 6.44379705
v 3.27862159 1.49134195 6.39457982
v 3.29968253 1.48228848 6.44379705
v 3.35342017 1.45098472 6.39940732
v 3.37121192 1.43796229 6.44379705
v 3.41775886 1.39464641 6.40296834
v 3.43123237 1.37897968 6.44379705
v 3.47023383 1.32084692 6.40551084
v 3.47680274 1.30823350 6.44379705
v 3.50410072 1.23544240 6.40845197
v 3.50568000 1.22919297 6.44379705
v 3.51645652 1.14573431 6.41154378
v 3.51645652 1.14573431 6.44379705
v 3.54431144 -0.44999999 6.43939679
v 3.51620475 1.16009879 6.58988088
v 3.51542274 1.20506549 6.73616117
v 3.51410285 1.28069580 6.87301534
v 3.51231376 1.38305879 6.99121373
v 3.51018897 1.50484717 7.08388036
v 3.49792091 1.66589475 7.06868833
v 3.46955100 1.69301367 6.99355405
v 3.29220573 1.75110602 6.82706922
v 3.12205116 1.82822037 6.80878919
v 3.21216956 1.75949788 6.80043500
v 3.12589256 1.79465628 6.80156415
v 3.12794105 1.76146412 6.79108518
v 3.38650123 1.84837675 6.92247480
v 3.42417899 1.71701574 6.92609113
v 3.36406699 1.73670650 6.86966031
v 3.13024513 1.69626474 6.75957197
v 3.13237373 1.63618255 6.71385473
v 3.13626472 1.52618885 6.51586431
v 3.13547889 1.54837239 6.58803075
v 3.40091697 1.49750841 6.72032827
v 3.13415900 1.58568335 6.65554517
v 3.54628745 -0.44999999 6.40119642
v 3.52575294 1.14445996 6.32923787
v 3.55250159 -0.44999999 6.36197942
v 3.57678977 -0.44999999 6.28780263
v 3.55312721 1.14357316 6.25105947
v 3.61797324 -0.44999999 6.21785062
v 3.59720603 1.14311838 6.18092435
v 3.67440788 -0.44999999 6.15772336
v 3.65578071 1.14311838 6.12234967
v 3.74211875 -0.44999999 6.11193364
v 3.72591773 1.14357316 6.07827085
v 3.82395927 -0.44999999 6.08063978
v 3.80409614 1.14445996 6.05089658
v 3.91425315 -0.44999999 6.06945318
v 3.88640205 1.14573431 6.04160016
v 3.42523185 1.40001094 6.32124799
v 3.44586555 1.41740239 6.24356359
v 3.86201087 1.32278967 6.03850835
v 3.79517356 1.49135137 6.03556722
v 3.63110725 1.58221984 6.04312032
v 3.57360450 1.53045726 6.07099431
v 3.60916511 1.25912344 6.14742559
v 3.52193061 1.48427737 6.11526769
v 3.56653587 1.36798811 6.14502042
v 3.47863761 1.44596148 6.17375463
v 3.42523185 1.40001094 -0.23950869
v 3.47023383 1.32084692 -0.32377154
v 3.41775886 1.39464641 -0.32122905
v 3.44586555 1.41740239 -0.16182429
v 3.50410072 1.23544240 -0.32671458
v 3.52575294 1.14445996 -0.24750048
v 3.51645652 1.14573431 -0.32980448
v 3.55312721 1.14357316 -0.16932017
v 3.63110725 1.58221984 0.03861707
v 3.79517356 1.49135137 0.04617208
v 3.57360450 1.53045726 0.01074498
v 3.86201087 1.32278967 0.04322904
v 3.80409614 1.14445996 0.03084272
v 3.72591773 1.14357316 0.00346845
v 3.88640205 1.14573431 0.04013913
v 3.47863761 1.44596148 -0.09201533
v 3.56653587 1.36798811 -0.06328112
v 3.52193061 1.48427737 -0.03352839
v 3.60916511 1.25912344 -0.06568820
v 3.59720603 1.14311838 -0.09918696
v 3.65578071 1.14311838 -0.04061038
v 3.13651649 1.51910245 -0.36205775
v 3.13651649 1.51910245 -0.30790812
v 3.22150413 1.50936568 -0.30986315
v 3.22014991 1.50978470 -0.36205775
v 3.30167762 1.48113763 -0.31427294
v 3.29968253 1.48228848 -0.36205775
v 3.36368934 1.44361115 -0.31832797
v 3.37121192 1.43796229 -0.36205775
v 3.43123237 1.37897968 -0.36205775
v 3.47680274 1.30823350 -0.36205775
v 3.50568000 1.22919297 -0.36205775
v 3.51645652 1.14573431 -0.36205775
v 3.13651649 1.53030014 -0.21757037
v 3.13651649 1.76656675 0.04121297
v 3.27305976 1.59704041 -0.05955416
v 3.13651649 1.56321526 -0.13270098
v 3.13651649 1.61585593 -0.05843646
v 3.13651649 1.68503547 0.00072950
v -2.10506066 1.51910245 -0.36205775
v -2.10506066 1.51910245 -0.30790812
v 3.11885062 1.84853888 -0.72984797
v -2.09059533 1.82822037 -0.72704989
v 3.12380592 1.81474900 -0.72454173
v -2.09444054 1.79465628 -0.71982486
v 3.12794105 1.76146412 -0.70934588
v -2.09648522 1.76146412 -0.70934588
v -2.09879311 1.69626474 -0.67783267
v 3.13024513 1.69626474 -0.67783267
v 3.13237373 1.63618255 -0.63211734
v -2.10091790 1.63618255 -0.63211734
v 3.13415900 1.58568335 -0.57380587
v -2.10270699 1.58568335 -0.57380587
v -2.10402688 1.54837239 -0.50629145
v 3.13547889 1.54837239 -0.50629145
v -2.10480889 1.52618885 -0.43412692
v 3.13626472 1.52618885 -0.43412692
v 3.51620475 1.16009879 -0.50814158
v 3.51542274 1.20506549 -0.65442187
v 3.49792091 1.66589475 -0.98694903
v 3.51018897 1.50484717 -1.00214297
v 3.46955100 1.69301367 -0.91181475
v 3.51231376 1.38305879 -0.90947444
v 3.29220573 1.75110602 -0.74532992
v 3.21216956 1.75949788 -0.71869570
v 3.40091697 1.49750841 -0.63858897
v 3.42417899 1.71701574 -0.84435374
v 3.36406699 1.73670650 -0.78792292
v 3.51410285 1.28069580 -0.79127604
v 3.38650123 1.84837675 -0.84073550
v -2.47264489 1.23544240 6.40845197
v -2.43878182 1.32084692 6.40551084
v -2.38630303 1.39464641 6.40296834
v -2.33223733 1.44361115 6.40006727
v -2.27022179 1.48113763 6.39601224
v -2.19004830 1.50936568 6.39160245
v -2.10506066 1.51910245 6.38964742
v -2.10506066 1.53030014 6.29930967
v 3.13651649 1.53030014 6.29930967
v -2.10506066 1.56321526 6.21444028
v 3.13651649 1.56321526 6.21444028
v -2.10506066 1.61585593 6.14017576
v 3.13651649 1.61585593 6.14017576
v -2.10506066 1.68503547 6.08100980
v 3.13651649 1.68503547 6.08100980
v -2.10506066 1.76656675 6.04052633
v 3.13651649 1.76656675 6.04052633
v -2.10506066 1.76656675 0.04121297
v -2.59965142 1.58221984 0.03861707
v -2.54214867 1.53045726 0.01074498
v -2.17768105 1.51201046 -0.30936534
v -2.10506066 1.53030014 -0.21757037
v -2.32196435 1.45098472 -0.31766803
v -2.39377602 1.40001094 -0.23950869
v -2.41440972 1.41740239 -0.16182429
v -2.38630303 1.39464641 -0.32122905
v -2.24160393 1.59704041 -0.05955416
v -2.24716576 1.49134195 -0.31284053
v -2.10506066 1.56321526 -0.13270098
v -2.10506066 1.61585593 -0.05843646
v -2.10506066 1.68503547 0.00072950
v -2.44718179 1.44596148 -0.09201533
v -2.49047478 1.48427737 -0.03352839
v -2.49430093 1.14445996 -0.24750048
v -2.47264489 1.23544240 -0.32671458
v -2.48500451 1.14573431 -0.32980448
v -2.52167519 1.14357316 -0.16932017
v -2.43878182 1.32084692 -0.32377154
v -2.77264413 1.14445996 0.03084272
v -2.83055886 1.32278967 0.04322904
v -2.69446191 1.14357316 0.00346845
v -2.85494622 1.14573431 0.04013913
v -2.76371773 1.49135137 0.04617208
v -2.57770928 1.25912344 -0.06568820
v -2.56575402 1.14311838 -0.09918696
v -2.62432870 1.14311838 -0.04061038
v -2.53508385 1.36798811 -0.06328112
v -2.46646889 1.66589475 -0.98694903
v -2.43809518 1.69301367 -0.91181475
v -2.26074990 1.75110602 -0.74532992
v -2.18071374 1.75949788 -0.71869570
v -2.35504922 1.84837675 -0.84073550
v -2.39272698 1.71701574 -0.84435374
v -2.33261117 1.73670650 -0.78792292
v -2.47873315 1.50484717 -1.00214297
v -2.48086175 1.38305879 -0.90947444
v -2.47422799 1.22919297 -0.36205775
v -2.48475274 1.16009879 -0.50814158
v -2.48500451 1.14573431 -0.36205775
v -2.44534692 1.30823350 -0.36205775
v -2.48396691 1.20506549 -0.65442187
v -2.26822671 1.48228848 -0.36205775
v -2.18869408 1.50978470 -0.36205775
v -2.36946114 1.49750841 -0.63858897
v -2.39978036 1.37897968 -0.36205775
v -2.33975991 1.43796229 -0.36205775
v -2.48264703 1.28069580 -0.79127604
v -2.51285561 -0.44999999 -0.35765750
v -2.52404412 -0.44999999 -0.26736361
v -2.55533608 -0.44999999 -0.18552119
v -2.60112771 -0.44999999 -0.11781222
v -2.66125497 -0.44999999 -0.06137759
v -2.73120507 -0.44999999 -0.02019412
v -2.80538186 -0.44999999 0.00409597
v -2.84460076 -0.44999999 0.01030820
v -2.88280114 -0.44999999 0.01228612
v -2.85494622 -2.04573441 0.04013913
v -2.77264413 -2.04446006 0.03084272
v -2.69446191 -2.04357314 0.00346845
v -2.62432870 -2.04311848 -0.04061038
v -2.56575402 -2.04311848 -0.09918696
v -2.52167519 -2.04357314 -0.16932017
v -2.49430093 -2.04446006 -0.24750048
v -2.48500451 -2.04573441 -0.32980448
v -2.85185632 -2.13544250 0.05249685
v -2.84891518 -2.22084689 0.08636182
v -2.76465234 -2.30001092 0.13136571
v -2.84637078 -2.29464650 0.13883870
v -2.68696603 -2.31740236 0.11073201
v -2.48191460 -2.22278976 -0.30541522
v -2.47896966 -2.39135146 -0.23857600
v -2.48652657 -2.48221993 -0.07450968
v -2.51439675 -2.43045735 -0.01700694
v -2.47642907 -2.53700829 -0.13500315
v -2.59083184 -2.15912342 -0.05256755
v -2.58842477 -2.26798820 -0.00994021
v -2.61715707 -2.34596157 0.07795995
v -2.55867013 -2.38427734 0.03466695
v 3.91425315 -0.44999999 0.01228612
v 3.88640205 -2.04573441 0.04013913
v 3.87605277 -0.44999999 0.01030820
v 3.83683769 -0.44999999 0.00409597
v 3.80409614 -2.04446006 0.03084272
v 3.76266090 -0.44999999 -0.02019412
v 3.72591773 -2.04357314 0.00346845
v 3.69270698 -0.44999999 -0.06137759
v 3.65578071 -2.04311848 -0.04061038
v 3.63258353 -0.44999999 -0.11781222
v 3.59720603 -2.04311848 -0.09918696
v 3.58679191 -0.44999999 -0.18552119
v 3.55312721 -2.04357314 -0.16932017
v 3.55549613 -0.44999999 -0.26736361
v 3.52575294 -2.04446006 -0.24750048
v 3.54431144 -0.44999999 -0.35765750
v 3.51645652 -2.04573441 -0.32980448
v 3.79610435 -2.30001092 0.13136571
v 3.88036720 -2.22084689 0.08636182
v 3.87782661 -2.29464650 0.13883870
v 3.71842185 -2.31740236 0.11073201
v 3.88331214 -2.13544250 0.05249685
v 3.51042548 -2.39135146 -0.23857600
v 3.51797858 -2.48221993 -0.07450968
v 3.54585258 -2.43045735 -0.01700694
v 3.51336662 -2.22278976 -0.30541522
v 3.61987678 -2.26798820 -0.00994021
v 3.59012595 -2.38427734 0.03466695
v 3.64861289 -2.34596157 0.07795995
v 3.62228385 -2.15912342 -0.05256755
v 3.51538459 -2.66656685 0.42008107
v 3.55586616 -2.58503556 0.42008107
v 3.87492362 -2.34361601 0.19291013
v 3.86645881 -2.40936756 0.33509725
v 3.77416602 -2.43030024 0.42008107
v 3.68929664 -2.46321535 0.42008107
v 3.86450568 -2.41910243 0.42008107
v 3.61790076 -2.44451308 0.15998548
v 3.61503211 -2.51585603 0.42008107
v 3.87086860 -2.38114238 0.25492566
v 3.91865531 -2.04573441 0.04013913
v 3.91865531 -2.12919307 0.05091565
v 3.91865531 -2.20823359 0.07979482
v 3.91865531 -2.27897978 0.12536329
v 3.91865531 -2.33796239 0.18538373
v 3.91865531 -2.38228846 0.25691503
v 3.91865531 -2.40978479 0.33644765
v 3.91865531 -2.41910243 0.42008107
v 4.06473914 -2.06009889 0.04039090
v 4.21101753 -2.10506558 0.04117482
v 3.99072257 -2.42618895 0.42033284
v 4.54354469 -2.56589484 0.05867475
v 4.55873862 -2.40484715 0.04640668
v 4.06288902 -2.44837236 0.42111676
v 4.46841041 -2.59301376 0.08704656
v 4.46607200 -2.28305888 0.04428190
v 4.23442832 -2.59626484 0.42635053
v 4.18871299 -2.53618264 0.42422384
v 4.30192558 -2.65110612 0.26439184
v 4.27529136 -2.65949798 0.34442800
v 4.26594154 -2.66146421 0.42865651
v 4.19518653 -2.39750838 0.15567868
v 4.40095130 -2.61701584 0.13241666
v 4.34452049 -2.63670659 0.19252866
v 4.13040153 -2.48568344 0.42243665
v 4.34787360 -2.18069577 0.04249471
v 4.28644553 -2.74853897 0.43774694
v 4.28113929 -2.71474910 0.43279165
v 4.39733115 -2.74837685 0.17009443
v -7.08567055 -0.44999999 0.01228612
v -3.52728280 -2.40484715 0.04640668
v -3.59115990 -2.53700829 0.04871457
v -7.08567055 -2.53700829 0.04871457
v -3.43461617 -2.28305888 0.04428190
v -2.88719949 -2.04573441 0.04013913
v -3.03328332 -2.06009889 0.04039090
v -3.17956551 -2.10506558 0.04117482
v -3.31641778 -2.18069577 0.04249471
v -3.51209267 -2.56589484 0.05867475
v -3.43695840 -2.59301376 0.08704656
v -3.20297631 -2.59626484 0.42635053
v -3.24383935 -2.65949798 0.34442800
v -3.27047356 -2.65110612 0.26439184
v -3.23448952 -2.66146421 0.42865651
v -2.88719949 -2.12919307 0.05091565
v -3.15726098 -2.53618264 0.42422384
v -2.88719949 -2.20823359 0.07979482
v -2.95927056 -2.42618895 0.42033284
v -3.03143319 -2.44837236 0.42111676
v -2.88719949 -2.38228846 0.25691503
v -2.88719949 -2.40978479 0.33644765
v -2.88719949 -2.41910243 0.42008107
v -3.16373070 -2.39750838 0.15567868
v -2.88719949 -2.27897978 0.12536329
v -2.88719949 -2.33796239 0.18538373
v -3.09894952 -2.48568344 0.42243665
v -3.36949548 -2.61701584 0.13241666
v -3.31306466 -2.63670659 0.19252866
v -3.62461480 -2.67628860 0.05440610
v -3.55264291 -2.81893754 0.07659429
v -3.63708504 -2.81854582 0.06698697
v -3.47242745 -2.81718230 0.10460943
v -3.26681145 -2.79192924 0.36067479
v -3.29500207 -2.80041718 0.28094762
v -3.25219353 -2.72822046 0.43454641
v -3.25714501 -2.78264523 0.44459813
v -3.24496850 -2.69465637 0.43070310
v -3.36587914 -2.74837685 0.17009443
v -3.40044411 -2.81336761 0.14963239
v -3.34030160 -2.80768442 0.20940679
v -2.48392876 -2.66656685 0.42008107
v -2.46674355 -2.73089266 0.21810430
v -2.46457680 -2.75551510 0.42008107
v -2.47132882 -2.66709065 0.04694265
v -2.47431954 -2.60909390 -0.04877574
v -2.83304986 -2.41910243 0.42008107
v -2.83450707 -2.41201043 0.34746068
v -2.74271401 -2.43030024 0.42008107
v -2.84281167 -2.35098481 0.20317739
v -2.58469781 -2.49704051 0.28353780
v -2.83798226 -2.39134192 0.27797597
v -2.65784463 -2.46321535 0.42008107
v -2.58358010 -2.51585603 0.42008107
v -2.52441415 -2.58503556 0.42008107
v -17.56356248 -0.44999999 8.85054296
v -8.43630227 -0.44999999 0.09843915
v -17.41052827 0.59350413 8.19137471
v -17.25098618 -0.44999999 7.53375524
v -16.75703248 0.59350413 6.27485364
v -16.77363404 -0.44999999 6.26735776
v -16.13924607 -0.44999999 5.07187551
v -15.75140580 0.59350413 4.51734823
v -15.35809907 -0.44999999 3.96668523
v -14.43025788 0.59350413 2.98285192
v -14.44286546 -0.44999999 2.96970647
v -13.40836915 -0.44999999 2.09709447
v -12.84169205 0.59350413 1.72723478
v -12.27138718 -0.44999999 1.36299794
v -11.04355057 0.59350413 0.79621404
v -11.05034455 -0.44999999 0.77931302
v -9.76503953 -0.44999999 0.35550397
v -9.10130509 0.59350413 0.22368711
v -8.42841729 -2.53700829 0.13415616
v -17.52150544 -2.53700829 8.82108587
v -9.10130509 -1.49350417 0.22368711
v -9.74950227 -2.53700829 0.38910383
v -11.04355057 -1.49350417 0.79621404
v -11.02761658 -2.53700829 0.80944341
v -12.24214371 -2.53700829 1.38839620
v -12.84169205 -1.49350417 1.72723478
v -13.37349519 -2.53700829 2.11662381
v -14.43025788 -1.49350417 2.98285192
v -14.40341767 -2.53700829 2.98237508
v -15.31529435 -2.53700829 3.97169011
v -15.75140580 -1.49350417 4.51734823
v -16.09442338 -2.53700829 5.06860631
v -16.75703248 -1.49350417 6.27485364
v -16.72823151 -2.53700829 6.25543111
v -17.20649918 -2.53700829 7.51301854
v -17.41052827 -1.49350417 8.19137471
v -2.48500451 -2.04573441 6.41154378
v -2.48191460 -2.22278976 6.38715452
v -2.47896966 -2.39135146 6.32031530
v -2.47642907 -2.53700829 6.21674054
v -2.76465234 -2.30001092 5.95037359
v -2.84891518 -2.22084689 5.99537748
v -2.84637078 -2.29464650 5.94290059
v -2.68696603 -2.31740236 5.97100728
v -2.85185632 -2.13544250 6.02924245
v -2.77264413 -2.04446006 6.05089658
v -2.85494622 -2.04573441 6.04160016
v -2.69446191 -2.04357314 6.07827085
v -2.48652657 -2.48221993 6.15624898
v -2.51439675 -2.43045735 6.09874624
v -2.49430093 -2.04446006 6.32923787
v -2.52167519 -2.04357314 6.25105947
v -2.61715707 -2.34596157 6.00377935
v -2.58842477 -2.26798820 6.09167951
v -2.55867013 -2.38427734 6.04707044
v -2.59083184 -2.15912342 6.13430684
v -2.62432870 -2.04311848 6.12234967
v -2.56575402 -2.04311848 6.18092435
v -2.88719949 -2.41910243 5.66165822
v -2.83304986 -2.41910243 5.66165822
v -2.83500680 -2.40936756 5.74664205
v -2.88719949 -2.40978479 5.74529165
v -2.83941659 -2.38114238 5.82681363
v -2.88719949 -2.38228846 5.82482427
v -2.84347161 -2.34361601 5.88882726
v -2.88719949 -2.33796239 5.89635556
v -2.88719949 -2.27897978 5.95637601
v -2.88719949 -2.20823359 6.00194448
v -2.88719949 -2.12919307 6.03082364
v -2.88719949 -2.04573441 6.04160016
v -3.03328332 -2.06009889 6.04134839
v -3.17956551 -2.10506558 6.04056447
v -2.95927056 -2.42618895 5.66140645
v -3.51209267 -2.56589484 6.02306455
v -3.52728280 -2.40484715 6.03533071
v -3.03143319 -2.44837236 5.66062253
v -3.43695840 -2.59301376 5.99469274
v -3.43461617 -2.28305888 6.03745740
v -3.20297631 -2.59626484 5.65538877
v -3.15726098 -2.53618264 5.65751546
v -3.27047356 -2.65110612 5.81734746
v -3.24383935 -2.65949798 5.73730939
v -3.23448952 -2.66146421 5.65308278
v -3.16373070 -2.39750838 5.92605871
v -3.36949548 -2.61701584 5.94932073
v -3.31306466 -2.63670659 5.88920873
v -3.09894952 -2.48568344 5.65930265
v -3.31641778 -2.18069577 6.03924459
v -3.25498971 -2.74853897 5.64399236
v -3.24968346 -2.71474910 5.64894765
v -3.36587914 -2.74837685 5.91164487
v -2.46457680 -2.75551510 5.66165822
v -2.48392876 -2.66656685 5.66165822
v -2.52441415 -2.58503556 5.66165822
v -2.58358010 -2.51585603 5.66165822
v -2.65784463 -2.46321535 5.66165822
v -2.74271401 -2.43030024 5.66165822
v -2.47276315 -2.64761949 6.07086080
v -2.46802529 -2.72001386 5.90341275
v -2.46556863 -2.74659467 5.78410047
v -2.58644875 -2.44451308 5.92175382
v -2.39377602 1.40001094 6.32124799
v -2.41440972 1.41740239 6.24356359
v -2.59965142 1.58221984 6.04312032
v -2.54214867 1.53045726 6.07099431
v -2.24160393 1.59704041 6.14129155
v -2.49047478 1.48427737 6.11526769
v -2.44718179 1.44596148 6.17375463
v -2.76371773 1.49135137 6.03556722
v -2.83055886 1.32278967 6.03850835
v -2.53508385 1.36798811 6.14502042
v -2.57770928 1.25912344 6.14742559
v 4.31121436 -4.07840872 1.09094327
v 4.31090537 -4.06068850 1.19419759
v 4.31095496 -4.06349277 1.30097478
v 4.31137077 -4.08725977 1.40511220
v 4.31211845 -4.13003635 1.50074476
v 4.32628623 -4.94181108 2.15841954
v 4.31864921 -4.50426292 1.78377431
v 4.32047263 -4.60871887 1.79583638
v 4.32350913 -4.78261518 1.79887288
v 4.32513038 -4.87546921 2.65370839
v 4.32653800 -4.95628357 2.58655256
v 4.32395164 -4.80804539 2.73697751
v 4.31686012 -4.40186167 1.75071424
v 4.32808677 -5.04496527 2.53786367
v 4.32308570 -4.75838947 2.83191961
v 4.31495658 -4.29263687 1.68678563
v 4.32257072 -4.72883987 2.93275541
v 4.31339256 -4.20314646 1.60142988
v 4.32240287 -4.71936274 3.03347867
v 4.31312934 -4.18794250 1.58336347
v 4.31333152 -4.19963551 4.48451513
v 4.32240287 -4.71936274 3.05347913
v 4.32257072 -4.72881126 3.15405172
v 4.31463615 -4.27441502 4.41100972
v 4.32308189 -4.75826836 3.25473493
v 4.31306449 -4.18436050 4.50257581
v 4.31204978 -4.12625027 4.58505147
v 4.28859702 -2.78264523 5.63714116
v 4.31620399 -4.36415815 4.35220426
v 4.32394782 -4.80776739 3.34955495
v 4.31130210 -4.08323717 4.68057721
v 4.31826392 -4.48210382 4.30734533
v 4.32511894 -4.87498522 3.43275922
v 4.29684440 -3.25506687 5.53886884
v 4.31088248 -4.05921221 4.78465360
v 4.32652656 -4.95557165 3.49992078
v 4.32039634 -4.60435772 4.29112714
v 4.30469886 -3.70494246 5.35301679
v 4.31082908 -4.05614328 4.89142316
v 4.31113044 -4.07360697 4.99471944
v 4.31174842 -4.10897732 5.08920759
v 3.80409614 -2.04446006 6.05089658
v 3.88331214 -2.13544250 6.02924245
v 3.88640205 -2.04573441 6.04160016
v 3.72591773 -2.04357314 6.07827085
v 3.88036720 -2.22084689 5.99537748
v 3.79610435 -2.30001092 5.95037359
v 3.87782661 -2.29464650 5.94290059
v 3.71842185 -2.31740236 5.97100728
v 3.51645652 -2.04573441 6.41154378
v 3.51336662 -2.22278976 6.38715452
v 3.52575294 -2.04446006 6.32923787
v 3.55312721 -2.04357314 6.25105947
v 3.51042548 -2.39135146 6.32031530
v 3.51797858 -2.48221993 6.15624898
v 3.54585258 -2.43045735 6.09874624
v 3.62228385 -2.15912342 6.13430684
v 3.59720603 -2.04311848 6.18092435
v 3.65578071 -2.04311848 6.12234967
v 3.59012595 -2.38427734 6.04707044
v 3.61987678 -2.26798820 6.09167951
v 3.64861289 -2.34596157 6.00377935
v 3.86596290 -2.41201043 5.73427861
v 3.86450568 -2.41910243 5.66165822
v 3.91865531 -2.41910243 5.66165822
v 3.91865531 -2.40978479 5.74529165
v 3.86943809 -2.39134192 5.80376142
v 3.91865531 -2.38228846 5.82482427
v 3.87426368 -2.35098481 5.87856191
v 3.91865531 -2.33796239 5.89635556
v 3.91865531 -2.27897978 5.95637601
v 3.91865531 -2.20823359 6.00194448
v 3.91865531 -2.12919307 6.03082364
v 3.91865531 -2.04573441 6.04160016
v 4.55873862 -2.40484715 6.03533071
v 4.54354469 -2.56589484 6.02306455
v 4.62261573 -2.53700829 6.03302472
v 4.46841041 -2.59301376 5.99469274
v 4.46607200 -2.28305888 6.03745740
v 4.23442832 -2.59626484 5.65538877
v 4.27529136 -2.65949798 5.73730939
v 4.30192558 -2.65110612 5.81734746
v 4.26594154 -2.66146421 5.65308278
v 4.06473914 -2.06009889 6.04134839
v 4.18871299 -2.53618264 5.65751546
v 4.21101753 -2.10506558 6.04056447
v 3.99072257 -2.42618895 5.66140645
v 4.06288902 -2.44837236 5.66062253
v 4.19518653 -2.39750838 5.92605871
v 4.13040153 -2.48568344 5.65930265
v 4.40095130 -2.61701584 5.94932073
v 4.34452049 -2.63670659 5.88920873
v 4.34787360 -2.18069577 6.03924459
v 4.65606681 -2.67628860 6.02733129
v 4.58409873 -2.81893754 6.00514501
v 4.66854087 -2.81854582 6.01475232
v 4.50387946 -2.81718230 5.97712987
v 4.29826728 -2.79192924 5.72106450
v 4.32645408 -2.80041718 5.80079168
v 4.28364555 -2.72822046 5.64719289
v 4.27642051 -2.69465637 5.65103620
v 4.39733115 -2.74837685 5.91164487
v 4.43189994 -2.81336761 5.93210691
v 4.37175361 -2.80768442 5.87233060
v 3.77416602 -2.43030024 5.66165822
v 3.68929664 -2.46321535 5.66165822
v 3.61503211 -2.51585603 5.66165822
v 3.55586616 -2.58503556 5.66165822
v 3.51538459 -2.66656685 5.66165822
v 3.61614982 -2.49704051 5.79820150
v 3.27305976 1.59704041 6.14129155
v 8.11712543 -0.44999999 6.06945318
v 8.11712543 -2.53700829 6.03302472
v 18.56767741 0.59350413 -2.71781451
v 18.65616695 -0.44999999 -3.17303759
v 18.38490001 -0.44999999 -1.80928714
v 18.08892528 0.59350413 -0.93109042
v 17.93794910 -0.44999999 -0.49261004
v 17.30718509 0.59350413 0.74535459
v 17.32296077 -0.44999999 0.75446218
v 16.55045787 -0.44999999 1.91059392
v 16.24621097 0.59350413 2.26058477
v 15.63365833 -0.44999999 2.95600408
v 14.93823901 0.59350413 3.56855672
v 14.58824817 -0.44999999 3.87280362
v 13.42300884 0.59350413 4.62953084
v 13.43211642 -0.44999999 4.64530652
v 12.18504421 -0.44999999 5.26029485
v 11.74656383 0.59350413 5.41127103
v 10.86836711 -0.44999999 5.70724576
v 9.95983974 0.59350413 5.89002317
v 9.50461665 -0.44999999 5.97851270
v -7.08567055 -0.44999999 6.06945318
v -8.20954903 0.59350413 6.19092649
v -7.92900094 -0.44999999 6.14789098
v -8.74339875 -0.44999999 6.38051122
v -9.26503571 0.59350413 6.60148900
v -9.50092896 -0.44999999 6.75933545
v -10.17560014 -0.44999999 7.27136701
v -10.18790635 0.59350413 7.25794118
v -10.74426850 -0.44999999 7.89904111
v -10.92199525 0.59350413 8.12033742
v -11.18742570 -0.44999999 8.62082570
v -11.48986634 -0.44999999 9.41195577
v -11.42263993 0.59350413 9.13619893
v -11.51761063 -2.53700829 9.37617009
v -11.42263993 -1.49350417 9.13619893
v -11.20981797 -2.53700829 8.58398717
v -10.76181229 -2.53700829 7.86178106
v -10.92199525 -1.49350417 8.12033742
v -10.18882188 -2.53700829 7.23410695
v -10.18790635 -1.49350417 7.25794118
v -9.51033601 -2.53700829 6.72230237
v -8.74941071 -2.53700829 6.34376996
v -9.26503571 -1.49350417 6.60148900
v -8.20954903 -1.49350417 6.19092649
v -7.93192681 -2.53700829 6.11137670
v -3.67493829 -5.30403805 4.01961606
v -3.59814843 -5.14001179 4.39032262
v -3.67255028 -5.14713287 4.39267438
v -3.58837136 -5.39857435 3.62663167
v -3.67653664 -5.40894842 3.62873739
v -3.29483422 -4.94181108 3.92331785
v -3.29205331 -4.78261518 4.28286641
v -3.30369195 -4.86738396 4.30910199
v -3.29663476 -5.04496527 3.54387563
v -3.30521783 -5.11608219 3.56264203
v -3.40743645 -5.13918161 4.14749997
v -3.33477029 -4.94692945 4.33321279
v -3.38405999 -5.01801205 4.35439199
v -3.44968423 -5.07682705 4.37169545
v -3.52721032 -5.11898756 4.38406652
v -3.40904244 -5.23584032 3.87499707
v -3.50538262 -5.36870527 3.62067312
v -3.43171700 -5.32133055 3.61083692
v -3.37149819 -5.25863314 3.59708303
v -3.32771691 -5.18418264 3.57960790
v -3.65307626 -3.86847043 0.38886541
v -3.51534280 -4.31213427 0.71087163
v -3.58612069 -4.32507038 0.69366163
v -3.66009148 -4.32923841 0.68749517
v -3.27324303 -3.70494246 0.72872251
v -3.28029641 -4.10897732 0.99253171
v -3.29180917 -4.15914536 0.91972440
v -3.32328042 -4.20723295 0.85207837
v -3.64527520 -3.35619164 0.17844861
v -3.26539239 -3.25506687 0.54287046
v -3.38558587 -3.82613778 0.49158948
v -3.37273034 -4.25052309 0.79281514
v -3.43796929 -4.28625488 0.74506658
v -3.37738427 -3.33340144 0.28758519
v -7.08567055 -3.17617893 0.12952512
v -7.08567055 -3.78304386 0.34582036
v -7.08567055 -4.32923841 0.68749517
v -17.44196900 -3.17587924 8.83496755
v -17.22882279 -3.78304386 8.87216466
v -16.86261567 -4.32923841 8.76908773
v -17.12936219 -3.17587924 7.53686803
v -16.92264756 -3.78304386 7.60078138
v -16.51150712 -4.32923841 7.44054120
v -16.65474137 -3.17587924 6.28886503
v -16.47942933 -3.17587924 5.92246908
v -16.45779618 -3.78304386 6.37846463
v -15.98079118 -4.32923841 6.17300504
v -16.28609284 -3.78304386 6.01960843
v -16.02576264 -3.17587924 5.11108487
v -15.73996552 -3.17587924 4.67381376
v -15.84176453 -3.78304386 5.22492498
v -15.28057679 -4.32923841 4.99063199
v -15.56184586 -3.78304386 4.79665273
v -15.25257310 -3.17587924 4.02252858
v -14.83558854 -3.17587924 3.53888791
v -15.08448609 -3.78304386 4.15877240
v -14.42420777 -4.32923841 3.91594976
v -14.67608460 -3.78304386 3.68508428
v -14.34764298 -3.17587924 3.04075521
v -14.19818314 -3.78304386 3.19720548
v -13.42800339 -4.32923841 2.96943944
v -13.78354081 -3.17587924 2.53931707
v -13.32557114 -3.17587924 2.18160146
v -13.64568909 -3.78304386 2.70608800
v -13.19714555 -3.78304386 2.35573285
v -12.31094559 -4.32923841 2.16913312
v -12.60386094 -3.17587924 1.69414991
v -12.20284470 -3.17587924 1.45892423
v -12.49028977 -3.78304386 1.87831395
v -12.09752473 -3.78304386 1.64793103
v -11.09431657 -4.32923841 1.53028386
v -11.31903275 -3.17587924 1.01948827
v -10.99757203 -3.17587924 0.88438504
v -11.23190507 -3.78304386 1.21753782
v -10.91705903 -3.78304386 1.08521550
v -9.80130585 -4.32923841 1.06506437
v -9.95353898 -3.17587924 0.52818960
v -9.89451417 -3.78304386 0.73635000
v -8.53339776 -3.17587924 0.22961324
v -8.50360497 -3.78304386 0.44392103
v -8.45655068 -4.32923841 0.78233999
v -12.14190873 -4.33502722 9.21951955
v -11.81072434 -3.78758502 9.31270879
v -11.60162171 -3.18151283 9.37154668
v -11.48506364 -3.78758502 8.46529287
v -11.79342088 -4.33502722 8.31270688
v -11.29037293 -3.18151283 8.56163305
v -11.00891312 -3.78758502 7.69234365
v -11.28389558 -4.33502722 7.48558133
v -10.83529481 -3.18151283 7.82288831
v -10.39856156 -3.78758502 7.02030271
v -10.63076218 -4.33502722 6.76643461
v -10.25195130 -3.18151283 7.18058675
v -9.67488679 -3.78758502 6.47215551
v -9.85636719 -4.33502722 6.17986768
v -9.56030473 -3.18151283 6.65669912
v -8.86264237 -3.78758502 6.06665319
v -8.98719224 -4.33502722 5.74594587
v -8.78400620 -3.18151283 6.26914113
v -7.98962029 -3.78758502 5.81766790
v -8.05297860 -4.33502722 5.47950834
v -7.94961556 -3.18151283 6.03117460
v -3.27967843 -4.07360697 1.08701795
v -3.27937325 -4.05614328 1.19031614
v -3.28894433 -4.60435772 1.79061216
v -3.27942666 -4.05921221 1.29708570
v -3.28680810 -4.48210382 1.77439206
v -3.27984627 -4.08323717 1.40116208
v -3.29507455 -4.95557165 2.58181852
v -3.28059777 -4.12625027 1.49668782
v -3.29366692 -4.87498522 2.64898008
v -3.29249200 -4.80776739 2.73218435
v -3.28474816 -4.36415815 1.72953313
v -3.29162987 -4.75826836 2.82700437
v -3.28318414 -4.27441502 1.67072957
v -3.29111489 -4.72881126 2.92768758
v -3.28187951 -4.19963551 1.59722226
v -3.29095086 -4.71936274 3.02826017
v -3.28161248 -4.18436050 1.57916349
v -3.29095086 -4.71936274 3.04826062
v -3.29508599 -4.95628357 3.49518674
v -3.29367455 -4.87546921 3.42803090
v -3.28902062 -4.60871887 4.28590101
v -3.28719720 -4.50426292 4.29796499
v -3.29249963 -4.80804539 3.34476178
v -3.28540810 -4.40186167 4.33102506
v -3.29162987 -4.75838947 3.24981778
v -3.28350075 -4.29263687 4.39495366
v -3.29111489 -4.72883987 3.14898389
v -3.28194054 -4.20314646 4.48030942
v -3.28167351 -4.18794250 4.49837583
v -3.28066262 -4.13003635 4.58099454
v -3.27976235 -4.07840872 4.99079603
v -3.27945336 -4.06068850 4.88754171
v -3.27950295 -4.06349277 4.78076452
v -3.27991494 -4.08725977 4.67662710
v 9.95983974 -1.49350417 5.89002317
v 9.49986163 -2.53700829 5.94239515
v 10.85893909 -2.53700829 5.67205709
v 11.74656383 -1.49350417 5.41127103
v 12.17110339 -2.53700829 5.22663778
v 13.42300884 -1.49350417 4.62953084
v 13.41390315 -2.53700829 4.61375707
v 14.56607143 -2.53700829 3.84390157
v 14.93823901 -1.49350417 3.56855672
v 15.60789958 -2.53700829 2.93024534
v 16.24621097 -1.49350417 2.26058477
v 16.52155582 -2.53700829 1.88841718
v 17.30718509 -1.49350417 0.74535459
v 17.29141132 -2.53700829 0.73624891
v 17.90429202 -2.53700829 -0.50655085
v 18.08892528 -1.49350417 -0.93109042
v 18.34971133 -2.53700829 -1.81871516
v 18.56767741 -1.49350417 -2.71781451
v 18.62004939 -2.53700829 -3.17779261
v 9.30537120 0.59350413 -0.12593562
v 10.41264049 0.59350413 -0.58458049
v 11.36347286 0.59350413 -1.31418139
v 12.09307376 0.59350413 -2.26501376
v 12.55171863 0.59350413 -3.37228305
v 3.71206657 -1.49350417 -5.85397059
v 4.25490562 -1.49350417 -7.04262454
v 5.11064140 -1.49350417 -8.03019530
v 6.20994178 -1.49350417 -8.73667342
v 7.46375362 -1.49350417 -9.10482604
v 8.77049724 -1.49350417 -9.10482604
v 10.02430812 -1.49350417 -8.73667342
v 11.12361041 -1.49350417 -8.03019530
v 11.97934428 -1.49350417 -7.04262454
v 12.52218524 -1.49350417 -5.85397059
v 1.36581031 -5.34490108 -4.56052882
v 9.13331882 -5.25739002 1.85546582
v 8.11712543 -5.25739002 1.93544286
v 8.11712543 -5.14713287 1.68906492
v 9.20235530 -5.14713287 1.59411901
v 9.17326442 -5.34490108 2.10766691
v 8.11712543 -5.40894842 2.45300000
v 8.11712543 -5.34490108 2.19078534
v 9.21428386 -5.40894842 2.36665242
v 10.12449161 -5.25739002 1.61750692
v 10.25461284 -5.14713287 1.31216710
v 10.20339671 -5.34490108 1.86035245
v 11.30120174 -5.40894842 1.68857282
v 10.28442470 -5.40894842 2.10973447
v 11.06623546 -5.25739002 1.22742360
v 11.24192134 -5.14713287 0.85177701
v 11.18215839 -5.34490108 1.45493596
v 11.36511127 -5.25739002 1.06514638
v 11.49278346 -5.34490108 1.28628057
v 12.23957530 -5.40894842 1.11353582
v 11.93536082 -5.25739002 0.69482129
v 12.13428584 -5.14713287 0.22693723
v 12.08544818 -5.34490108 0.90140050
v 12.29265491 -5.25739002 0.41567319
v 12.45678798 -5.34490108 0.61127752
v 13.07643977 -5.40894842 0.39878553
v 12.71047107 -5.25739002 0.03281682
v 12.90459148 -5.14713287 -0.54336840
v 12.89102641 -5.34490108 0.21337217
v 13.09332744 -5.25739002 -0.38499934
v 13.28893176 -5.34490108 -0.22086627
v 13.79119006 -5.40894842 -0.43807894
v 13.37247554 -5.25739002 -0.74229342
v 13.52943126 -5.14713287 -1.43573291
v 13.57905475 -5.34490108 -0.59220607
v 13.74280063 -5.25739002 -1.31254298
v 13.96393481 -5.34490108 -1.18487078
v 14.36622707 -5.40894842 -1.37645251
v 13.90507785 -5.25739002 -1.61141879
v 13.98982135 -5.14713287 -2.42304141
v 14.13259021 -5.34490108 -1.49549586
v 14.22134105 -5.25739002 -2.33877475
v 14.27177325 -5.14713287 -3.47529895
v 14.46128551 -5.34490108 -2.25144297
v 14.78738872 -5.40894842 -2.39322955
v 14.51440707 -5.25739002 -3.43251521
v 14.76587192 -5.34490108 -3.38817507
v 15.04430667 -5.40894842 -3.46337039
v 14.61309711 -5.25739002 -4.56052882
v 14.36671916 -5.14713287 -4.56052882
v 14.86843959 -5.34490108 -4.56052882
v 14.52449886 -5.25739002 -5.62972934
v 14.27177325 -5.14713287 -5.64575869
v 14.77636043 -5.34490108 -5.67175776
v 14.26112643 -5.25739002 -6.66976840
v 13.98982135 -5.14713287 -6.69801623
v 14.50263492 -5.34490108 -6.75267703
v 13.83016101 -5.25739002 -7.65226943
v 13.52943126 -5.14713287 -7.68532378
v 14.05473033 -5.34490108 -7.77379805
v 13.24335948 -5.25739002 -8.55043608
v 12.90459148 -5.14713287 -8.57768828
v 13.44486133 -5.34490108 -8.70726973
v 12.51672641 -5.25739002 -9.33976943
v 12.13428584 -5.14713287 -9.34799391
v 12.68966571 -5.34490108 -9.52763182
v 12.29265491 -5.25739002 -9.53672988
v 12.45678798 -5.34490108 -9.73233611
v 11.67008487 -5.25739002 -9.99873549
v 11.24192134 -5.14713287 -9.97283370
v 11.80974475 -5.34490108 -10.21249968
v 11.36511127 -5.25739002 -10.18620116
v 11.49278346 -5.34490108 -10.40733916
v 10.72652713 -5.25739002 -10.50936324
v 10.25461284 -5.14713287 -10.43322188
v 10.82909862 -5.34490108 -10.74320037
v 10.33887950 -5.25739002 -10.66474349
v 10.42621127 -5.34490108 -10.90468795
v 9.71179286 -5.25739002 -10.85772139
v 9.20235530 -5.14713287 -10.71517379
v 9.77447597 -5.34490108 -11.10525328
v 9.24513904 -5.25739002 -10.95781142
v 9.28947917 -5.34490108 -11.20927245
v 8.65355960 -5.25739002 -11.03431136
v 8.11712543 -5.14713287 -10.81012160
v 8.67464534 -5.34490108 -11.28878218
v 8.11712543 -5.25739002 -11.05649764
v 8.11712543 -5.34490108 -11.31184203
v 7.58069316 -5.25739002 -11.03431136
v 7.03189460 -5.14713287 -10.71517379
v 7.55960742 -5.34490108 -11.28878218
v 6.98911086 -5.25739002 -10.95781142
v 6.94477073 -5.34490108 -11.20927245
v 6.52245704 -5.25739002 -10.85772139
v 5.97963706 -5.14713287 -10.43322188
v 6.45977393 -5.34490108 -11.10525328
v 5.89537040 -5.25739002 -10.66474349
v 5.80804054 -5.34490108 -10.90468795
v 5.50772468 -5.25739002 -10.50936324
v 4.99232856 -5.14713287 -9.97283370
v 5.40515128 -5.34490108 -10.74320037
v 4.86914054 -5.25739002 -10.18620116
v 4.74146644 -5.34490108 -10.40733916
v 4.56416694 -5.25739002 -9.99873549
v 4.09996406 -5.14713287 -9.34799391
v 4.42450706 -5.34490108 -10.21249968
v 3.94159690 -5.25739002 -9.53672988
v 3.77746192 -5.34490108 -9.73233611
v 3.71752540 -5.25739002 -9.33976943
v 3.32965842 -5.14713287 -8.57768828
v 3.54458228 -5.34490108 -9.52763182
v 3.14092246 -5.25739002 -8.73605544
v 2.94531623 -5.34490108 -8.90019042
v 2.49145118 -5.25739002 -7.80851180
v 2.70481864 -5.14713287 -7.68532378
v 2.27031318 -5.34490108 -7.93618590
v 2.01290885 -5.25739002 -6.78228289
v 2.24443046 -5.14713287 -6.69801623
v 1.77296439 -5.34490108 -6.86961276
v 1.71984092 -5.25739002 -5.68854243
v 1.96247855 -5.14713287 -5.64575869
v 1.86753074 -5.14713287 -4.56052882
v 1.62115470 -5.25739002 -4.56052882
v 1.46837989 -5.34490108 -5.73288256
v 17.98673335 -4.32923841 -3.26117045
v 9.46108142 -3.78304386 5.64782995
v 8.11712543 -3.78304386 5.73591703
v 8.11712543 -4.32923841 5.39424413
v 9.41648380 -4.32923841 5.30907911
v 9.48931400 -3.17617893 5.86227697
v 8.11712543 -3.17617893 5.95221418
v 10.78204242 -3.78304386 5.38507551
v 10.69361011 -4.32923841 5.05504316
v 10.83802310 -3.17617893 5.59400075
v 12.05740443 -3.78304386 4.95214742
v 11.92665187 -4.32923841 4.63648313
v 12.14017764 -3.17617893 5.15198034
v 13.26534930 -3.78304386 4.35645574
v 13.09451190 -4.32923841 4.06055730
v 13.37349788 -3.17617893 4.54377454
v 14.38520519 -3.78304386 3.60819143
v 14.17720691 -4.32923841 3.33712285
v 14.51687900 -3.17617893 3.77979177
v 15.39781276 -3.78304386 2.72015851
v 15.15621272 -4.32923841 2.47855848
v 15.55075732 -3.17617893 2.87310308
v 16.28584567 -3.78304386 1.70755094
v 16.01477710 -4.32923841 1.49955266
v 16.45744601 -3.17617893 1.83922475
v 17.03410999 -3.78304386 0.58769506
v 16.73821155 -4.32923841 0.41685766
v 17.22142879 -3.17617893 0.69584363
v 17.62980167 -3.78304386 -0.62024981
v 17.31413738 -4.32923841 -0.75100238
v 17.82963458 -3.17617893 -0.53747660
v 18.06272975 -3.78304386 -1.89561183
v 17.73269740 -4.32923841 -1.98404414
v 18.27165500 -3.17617893 -1.83963114
v 18.32548419 -3.78304386 -3.21657283
v 18.53993121 -3.17617893 -3.18834025
v 4.67672721 -3.35619164 5.90329068
v 4.68452827 -3.86847043 5.69287389
v 4.69154731 -4.32923841 5.39424413
v 4.70798866 -5.40894842 2.45300000
v 4.70639411 -5.30403805 2.06212323
v 4.70400230 -5.14713287 1.68906492
v 4.54679481 -4.31213427 5.37086767
v 4.61757270 -4.32507038 5.38807767
v 4.32326499 -4.15914536 5.16201299
v 4.35473624 -4.20723295 5.22965902
v 4.41703788 -3.82613778 5.59014982
v 4.40418235 -4.25052309 5.28892415
v 4.46942130 -4.28625488 5.33667272
v 4.40884010 -3.33340144 5.79415410
v 4.62960044 -5.14001179 1.69141668
v 4.61982719 -5.39857435 2.45510572
v 4.33514777 -4.86738396 1.77263540
v 4.33667365 -5.11608219 2.51909726
v 4.43888847 -5.13918161 1.93423742
v 4.36622611 -4.94692945 1.74852460
v 4.41551200 -5.01801205 1.72734540
v 4.48114005 -5.07682705 1.71004384
v 4.55866615 -5.11898756 1.69767087
v 4.44049827 -5.23584032 2.20674032
v 4.53683463 -5.36870527 2.46106618
v 4.46317283 -5.32133055 2.47090047
v 4.40295020 -5.25863314 2.48465436
v 4.35917274 -5.18418264 2.50212949
v 13.79818431 -4.96499968 -9.63008696
v 13.48689929 -4.96499968 -9.93029982
v 13.35708514 -4.96499968 -10.08469588
v 12.97890559 -4.96499968 -10.39422423
v 13.95082370 -4.96499968 -9.42230803
v 12.82999889 -4.96499968 -10.54094512
v 14.19640247 -4.96499968 -9.14516646
v 14.36687175 -4.96499968 -8.87441451
v 12.43101398 -4.96499968 -10.81027419
v 12.32120029 -4.96499968 -10.90877349
v 14.59024707 -4.96499968 -8.56952101
v 14.73162738 -4.96499968 -8.29111678
v 14.76362315 -4.96499968 -8.27507598
v 11.84771625 -4.96499968 -11.17502791
v 11.76493922 -4.96499968 -11.24392134
v 14.93189136 -4.96499968 -7.95693785
v 15.04209987 -4.96499968 -7.67720610
v 11.23380367 -4.96499968 -11.48550231
v 11.13898364 -4.96499968 -11.54961211
v 15.18827907 -4.96499968 -7.38501651
v 15.29573909 -4.96499968 -7.03771502
v 10.59431163 -4.96499968 -11.73914153
v 10.55386440 -4.96499968 -11.77432448
v 15.41653339 -4.96499968 -6.72685153
v 15.49046413 -4.96499968 -6.37789447
v 9.93449107 -4.96499968 -11.93386656
v 9.93473712 -4.96499968 -11.95441252
v 15.57868282 -4.96499968 -6.07739741
v 9.59288112 -4.96499968 -12.03035933
v 15.62467853 -4.96499968 -5.70315654
v 9.25975505 -4.96499968 -12.06807906
v 9.24949733 -4.96499968 -12.09031493
v 15.67870609 -4.96499968 -5.45722872
v 8.62789050 -4.96499968 -12.15793044
v 15.69727794 -4.96499968 -5.01904399
v 8.57564059 -4.96499968 -12.14068038
v 15.72665492 -4.96499968 -4.83378512
v 7.99950496 -4.96499968 -12.17377288
v 15.70766727 -4.96499968 -4.33116633
v 7.88776294 -4.96499968 -12.15107161
v 15.71924869 -4.96499968 -4.13518054
v 7.31656066 -4.96499968 -12.13248259
v 15.65576450 -4.96499968 -3.64517123
v 7.20176879 -4.96499968 -12.09916503
v 15.65415279 -4.96499968 -3.47781283
v 6.62812797 -4.96499968 -12.02820784
v 15.54199115 -4.96499968 -2.96668917
v 6.52328674 -4.96499968 -11.98539168
v 15.53997508 -4.96499968 -2.86189563
v 6.02062980 -4.96499968 -11.88082320
v 15.36728183 -4.96499968 -2.30128772
v 5.85788337 -4.96499968 -11.81068236
v 15.35391704 -4.96499968 -2.19252879
v 5.42255393 -4.96499968 -11.68187911
v 15.23720256 -4.96499968 -1.86260134
v 15.13307277 -4.96499968 -1.65442759
v 5.21102515 -4.96499968 -11.57647521
v 5.09624473 -4.96499968 -11.54964263
v 15.10491649 -4.96499968 -1.53658396
v 4.77737800 -4.96499968 -11.40326888
v 14.84128467 -4.96499968 -1.03141696
v 4.58801261 -4.96499968 -11.28468520
v 14.83051769 -4.96499968 -0.96731669
v 4.16687385 -4.96499968 -11.07047469
v 14.51308147 -4.96499968 -0.42825991
v 14.49431125 -4.96499968 -0.43736941
v 3.99396507 -4.96499968 -10.93771559
v 3.64587013 -4.96499968 -10.72399718
v 14.09500209 -4.96499968 0.12283796
v 3.43375770 -4.96499968 -10.53840453
v 14.10903445 -4.96499968 0.13775342
v 3.15023032 -4.96499968 -10.33143050
v 13.64663402 -4.96499968 0.64461225
v 2.91198341 -4.96499968 -10.09003646
v 13.65934077 -4.96499968 0.66040319
v 2.68538657 -4.96499968 -9.89659697
v 13.20918170 -4.96499968 1.10089200
v 13.15288440 -4.96499968 1.12366765
v 2.43292991 -4.96499968 -9.59628493
v 2.22115699 -4.96499968 -9.37919051
v 12.72743312 -4.96499968 1.49966329
v 12.61780635 -4.96499968 1.55607312
v 2.00052253 -4.96499968 -9.06120879
v 1.84494773 -4.96499968 -8.87759597
v 12.15336124 -4.96499968 1.89568418
v 12.04579250 -4.96499968 1.93828100
v 1.61831657 -4.96499968 -8.48919493
v 1.48376075 -4.96499968 -8.29844100
v 11.58354655 -4.96499968 2.21882909
v 11.44153682 -4.96499968 2.26715368
v 1.28944389 -4.96499968 -7.88493926
v 1.16922752 -4.96499968 -7.67585570
v 11.01375285 -4.96499968 2.48138898
v 10.80999843 -4.96499968 2.53999036
v 1.01660529 -4.96499968 -7.25340182
v 0.93677894 -4.96499968 -7.09434039
v 10.35847560 -4.96499968 2.71624463
v 10.15635768 -4.96499968 2.75455564
v 0.80204002 -4.96499968 -6.59976107
v 0.73625175 -4.96499968 -6.43023974
v 9.71852771 -4.96499968 2.88322728
v 9.48598377 -4.96499968 2.90908712
v 0.64751045 -4.96499968 -5.92938716
v 0.60703269 -4.96499968 -5.81527621
v 9.09926120 -4.96499968 2.99009984
v 8.80437556 -4.96499968 3.00231641
v 0.55427924 -4.96499968 -5.24777705
v 0.52909843 -4.96499968 -5.19115359
v 8.61017696 -4.96499968 3.03763288
v 0.52311698 -4.96499968 -4.56052882
v 8.11712543 -4.96499968 3.03347867
v 8.11712543 -4.96499968 3.05347913
v 0.50311652 -4.96499968 -4.56052882
v 4.57236472 -4.96499968 3.03347867
v 4.57236472 -4.96499968 3.05347913
v 0.52311698 -4.96499968 10.26776403
v 0.50311652 -4.96499968 10.26776403
v 4.70400230 -4.92816257 1.55145162
v 4.67783729 -4.92508745 1.55139821
v 4.65318671 -4.91633511 1.55124372
v 4.63082877 -4.90261793 1.55100530
v 4.61154548 -4.88464737 1.55069059
v 4.59605018 -4.86340237 1.55032056
v 4.58456413 -4.83993578 1.54991048
v 4.57710639 -4.81484413 1.54947370
v 4.57452003 -4.79885626 1.54919332
v 4.57347099 -4.78261518 1.54891103
v 4.57043449 -4.60871887 1.54587453
v 8.11712543 -4.60871887 1.54587453
v 8.11712543 -4.92816257 1.55145162
v 2.01072303 -4.60871887 -4.56052882
v 2.09799949 -4.92816257 -5.62186343
v 2.10349265 -4.60871887 -5.62089450
v 2.00514594 -4.92816257 -4.56052882
v 2.37374107 -4.92816257 -6.65094668
v 2.37898246 -4.60871887 -6.64904315
v 2.82399360 -4.92816257 -7.61651808
v 2.82882301 -4.60871887 -7.61372954
v 3.43507758 -4.92816257 -8.48923308
v 3.43935004 -4.60871887 -8.48564727
v 4.18841926 -4.92816257 -9.24257476
v 4.19200507 -4.60871887 -9.23830229
v 5.06113425 -4.92816257 -9.85365874
v 5.06392280 -4.60871887 -9.84882933
v 6.02670661 -4.92816257 -10.30391127
v 6.02861015 -4.60871887 -10.29866988
v 7.05578986 -4.92816257 -10.57965285
v 7.05675880 -4.60871887 -10.57415969
v 8.11712543 -4.92816257 -10.67250640
v 8.11712543 -4.60871887 -10.66692931
v 9.17846004 -4.92816257 -10.57965285
v 9.17749110 -4.60871887 -10.57415969
v 10.20754520 -4.92816257 -10.30391127
v 10.20563785 -4.60871887 -10.29866988
v 11.17311565 -4.92816257 -9.85365874
v 11.17032710 -4.60871887 -9.84882933
v 12.04583064 -4.92816257 -9.24257476
v 12.04224674 -4.60871887 -9.23830229
v 12.79917423 -4.92816257 -8.48923308
v 12.79490176 -4.60871887 -8.48564727
v 13.41025439 -4.92816257 -7.61651808
v 13.40542690 -4.60871887 -7.61372954
v 13.86050693 -4.92816257 -6.65094668
v 13.85526744 -4.60871887 -6.64904315
v 14.13625041 -4.92816257 -5.62186343
v 14.13075916 -4.60871887 -5.62089450
v 14.22910587 -4.92816257 -4.56052882
v 14.22352878 -4.60871887 -4.56052882
v 14.13625041 -4.92816257 -3.49919421
v 14.13075916 -4.60871887 -3.50016314
v 13.86050693 -4.92816257 -2.47010905
v 13.85526744 -4.60871887 -2.47201640
v 13.41025439 -4.92816257 -1.50453860
v 13.40542690 -4.60871887 -1.50732714
v 12.79917423 -4.92816257 -0.63182360
v 12.79490176 -4.60871887 -0.63540751
v 12.04583064 -4.92816257 0.12151998
v 12.04224674 -4.60871887 0.11724752
v 11.17311565 -4.92816257 0.73260015
v 11.17032710 -4.60871887 0.72777265
v 10.20754520 -4.92816257 1.18285268
v 10.20563785 -4.60871887 1.17761319
v 9.17846004 -4.92816257 1.45859617
v 9.17749110 -4.60871887 1.45310491
v 2.00514594 -4.92816257 10.13612645
v 2.00530616 -4.91897058 10.18142217
v 2.00518790 -4.92581034 10.15924352
v 2.00555793 -4.90458298 10.20683568
v 2.00594321 -4.88242769 10.23048681
v 2.00646964 -4.85226202 10.25009816
v 2.00706092 -4.81836843 10.26220220
v 2.00768653 -4.78261518 10.26666158
v 2.01072303 -4.60871887 10.26969808
v 9.19901553 -4.39091158 1.34315770
v 10.24546329 -4.39091158 1.05143827
v 11.22218791 -4.39091158 0.57586950
v 12.09718791 -4.39091158 -0.06796748
v 12.84180156 -4.39091158 -0.85898120
v 13.43163196 -4.39091158 -1.77126033
v 4.41557685 -4.39091158 -9.28520400
v 5.32785789 -4.39091158 -9.87503249
v 5.12617103 -4.37400341 -9.74101073
v 3.62456504 -4.39091158 -8.54059035
v 4.27202979 -4.37400341 -9.14293486
v 2.98072425 -4.39091158 -7.66559035
v 3.53471748 -4.37400341 -8.40562255
v 2.50515739 -4.39091158 -6.68886859
v 2.93664161 -4.37400341 -7.55148226
v 2.21343986 -4.39091158 -5.64241893
v 2.49597160 -4.37400341 -6.60645968
v 2.12853996 -4.37966299 -4.56052882
v 2.22609702 -4.37400341 -5.59927661
v 2.13521568 -4.37400341 -4.56052882
v 2.12184135 -4.38529921 -4.56052882
v 2.11512367 -4.39091158 -4.56052882
v 9.15703288 -4.37966299 1.33707708
v 8.11712543 -4.37966299 1.42805761
v 9.15819637 -4.38529921 1.34367269
v 8.11712543 -4.39091158 1.44147199
v 8.11712543 -4.38529921 1.43475431
v 10.16534320 -4.37966299 1.06690114
v 10.16763393 -4.38529921 1.07319349
v 11.11141864 -4.37966299 0.62573903
v 11.11476794 -4.38529921 0.63153928
v 11.96651355 -4.37966299 0.02699369
v 11.97081844 -4.38529921 0.03212446
v 12.70464793 -4.37966299 -0.71114070
v 12.70977870 -4.38529921 -0.70683581
v 13.30339328 -4.37966299 -1.56623561
v 13.30919353 -4.38529921 -1.56288630
v 13.74455539 -4.37966299 -2.51231105
v 13.75084773 -4.38529921 -2.51002032
v 13.84735957 -4.39091158 -2.77491481
v 13.84094707 -4.38529921 -2.77691371
v 14.01473132 -4.37966299 -3.52062136
v 14.02132694 -4.38529921 -3.51945788
v 14.07536403 -4.39091158 -3.83706767
v 14.06869594 -4.38529921 -3.83787638
v 14.10571185 -4.37966299 -4.56052882
v 14.11240855 -4.38529921 -4.56052882
v 14.10817424 -4.39091158 -4.92291934
v 14.10146991 -4.38529921 -4.92251498
v 14.00815479 -4.37400341 -5.59927661
v 14.01473132 -4.37966299 -5.60043627
v 14.02132694 -4.38529921 -5.60159785
v 13.94471828 -4.39091158 -5.99690158
v 13.93819705 -4.38529921 -5.99529368
v 13.73828021 -4.37400341 -6.60645968
v 13.74455539 -4.37966299 -6.60874469
v 13.75084773 -4.38529921 -6.61103732
v 13.59034816 -4.39091158 -7.02382571
v 13.58422366 -4.38529921 -7.02106768
v 13.29761020 -4.37400341 -7.55148226
v 13.30339328 -4.37966299 -7.55481917
v 13.30919353 -4.38529921 -7.55816848
v 13.05667392 -4.39091158 -7.97005278
v 13.05114642 -4.38529921 -7.96623427
v 12.69953243 -4.37400341 -8.40562255
v 12.70464793 -4.37966299 -8.40991408
v 12.70977870 -4.38529921 -8.41422087
v 12.36118022 -4.39091158 -8.80458266
v 12.35643092 -4.38529921 -8.79983336
v 11.96222202 -4.37400341 -9.14293486
v 11.96651355 -4.37966299 -9.14805037
v 11.97081844 -4.38529921 -9.15318114
v 11.52665035 -4.39091158 -9.50007827
v 11.52283374 -4.38529921 -9.49454695
v 11.10808078 -4.37400341 -9.74101073
v 11.11141864 -4.37966299 -9.74679381
v 11.11476794 -4.38529921 -9.75259597
v 10.58042423 -4.39091158 -10.03375060
v 10.57766620 -4.38529921 -10.02762419
v 10.16305820 -4.37400341 -10.18168074
v 10.16534320 -4.37966299 -10.18795592
v 10.16763393 -4.38529921 -10.19425017
v 9.55349818 -4.39091158 -10.38812072
v 9.55189029 -4.38529921 -10.38159758
v 9.15587322 -4.37400341 -10.45155532
v 9.15703288 -4.37966299 -10.45813185
v 9.15819637 -4.38529921 -10.46472747
v 8.47951785 -4.39091158 -10.55157668
v 8.47911159 -4.38529921 -10.54487044
v 8.11712543 -4.37400341 -10.54243666
v 8.11712543 -4.37966299 -10.54911238
v 8.11712543 -4.38529921 -10.55581099
v 7.39366428 -4.39091158 -10.51876647
v 7.39447490 -4.38529921 -10.51209838
v 7.07837669 -4.37400341 -10.45155532
v 7.07721702 -4.37966299 -10.45813185
v 7.07605544 -4.38529921 -10.46472747
v 6.33151237 -4.39091158 -10.29076201
v 6.33351127 -4.38529921 -10.28434951
v 6.07119361 -4.37400341 -10.18168074
v 6.06890861 -4.37966299 -10.18795592
v 6.06661597 -4.38529921 -10.19425017
v 5.33097831 -4.38529921 -9.86908538
v 4.41971961 -4.38529921 -9.27991301
v 3.62959281 -4.38529921 -8.53613478
v 2.98647300 -4.38529921 -7.66211516
v 2.51143638 -4.38529921 -6.68648440
v 2.22004691 -4.38529921 -5.64120776
v 2.11512367 -4.39091158 10.27677434
v 2.13521568 -4.37400341 10.27704137
v 4.56335441 -4.39091158 1.44147199
v 4.56309119 -4.37400341 1.42137998
v -0.97888573 -4.92554235 10.13617223
v -0.98114785 -4.79607058 10.26565831
v -0.98143014 -4.77981806 10.26671117
v -0.98449334 -4.60435772 10.26977437
v -0.98449334 -4.60435772 -4.56052882
v -0.98086556 -4.81207132 10.26307958
v -0.98043069 -4.83718395 10.25562566
v -0.97909554 -4.91368532 10.18701833
v -0.97893914 -4.92245865 10.16235250
v -0.98001870 -4.86067343 10.24414724
v -0.97933205 -4.89994097 10.20938009
v -0.97964867 -4.88194275 10.22865957
v 9.41162387 -4.92554235 4.44289869
v 8.11712543 -4.92554235 4.53548330
v 10.67976848 -4.92554235 4.16703122
v 11.89574519 -4.92554235 3.71349424
v 13.03480045 -4.92554235 3.09152311
v 14.07374660 -4.92554235 2.31377881
v 14.99143306 -4.92554235 1.39609235
v 15.76917735 -4.92554235 0.35714620
v 16.39114848 -4.92554235 -0.78190905
v 16.84468547 -4.92554235 -1.99788577
v 17.12055293 -4.92554235 -3.26603038
v 17.12610141 -4.60435772 -5.85582453
v 16.85006419 -4.60435772 -7.12475116
v 16.39624873 -4.60435772 -8.34147460
v 15.77389423 -4.60435772 -9.48123366
v 14.99566928 -4.60435772 -10.52081877
v 14.07741824 -4.60435772 -11.43906981
v 13.03783122 -4.60435772 -12.21729476
v 11.89807407 -4.60435772 -12.83965117
v 10.68134776 -4.60435772 -13.29346663
v 9.41242114 -4.60435772 -13.56950576
v 8.11712543 -4.60435772 -13.66214568
v 6.82182876 -4.60435772 -13.56950576
v 5.55290214 -4.60435772 -13.29346663
v 4.33617774 -4.60435772 -12.83965117
v 3.19641868 -4.60435772 -12.21729476
v 2.15683357 -4.60435772 -11.43906981
v 1.23858253 -4.60435772 -10.52081877
v 0.46035758 -4.60435772 -9.48123366
v -0.16199883 -4.60435772 -8.34147460
v -0.61581429 -4.60435772 -7.12475116
v -0.89185342 -4.60435772 -5.85582453
v 4.70396034 -4.92554235 4.53548330
v 4.57342139 -4.77981806 4.53802579
v 4.57787696 -4.81559563 4.53740209
v 4.58996955 -4.84951830 4.53681081
v 4.60956947 -4.87972069 4.53628248
v 4.63322059 -4.90191221 4.53589528
v 4.65863792 -4.91632843 4.53564351
v 4.68082801 -4.92318392 4.53552335
v 4.57035819 -4.60435772 4.54108899
v 8.11712543 -4.37570572 4.65835660
v 8.11712543 -4.37001944 4.66503042
v 4.56302634 -4.37001944 4.66503042
v 4.56329337 -4.38700676 4.64494603
v 8.11712543 -4.38136816 4.65166181
v -1.09506615 -4.38136816 -4.56052882
v -0.99465188 -4.38700676 -5.87060458
v -1.08834847 -4.38700676 -4.56052882
v 9.42815677 -4.38136816 4.55789464
v 9.42911044 -4.37570572 4.56452077
v 9.43006030 -4.37001944 4.57112783
v 10.71249858 -4.38136816 4.27850240
v 10.71438495 -4.37570572 4.28492635
v 10.71626559 -4.37001944 4.29133123
v 11.94400684 -4.38136816 3.81917470
v 11.94678966 -4.37570572 3.82526296
v 11.94956104 -4.37001944 3.83133596
v 13.09761134 -4.38136816 3.18925756
v 13.10123149 -4.37570572 3.19488996
v 13.10484020 -4.37001944 3.20050519
v 14.14982692 -4.38136816 2.40157979
v 14.15421191 -4.37570572 2.40663999
v 14.15858165 -4.37001944 2.41168302
v 15.07923404 -4.38136816 1.47217267
v 15.08429424 -4.37570572 1.47655767
v 15.08933727 -4.37001944 1.48092740
v 15.86691180 -4.38136816 0.41995710
v 15.87254421 -4.37570572 0.42357724
v 15.87815944 -4.37001944 0.42718595
v 16.49682895 -4.38136816 -0.73364741
v 16.50291721 -4.37570572 -0.73086459
v 16.50899020 -4.37001944 -0.72809321
v 16.95615665 -4.38136816 -1.96515567
v 16.96258060 -4.37570572 -1.96326930
v 16.96898547 -4.37001944 -1.96138865
v 17.23554889 -4.38136816 -3.24949748
v 17.24217502 -4.37570572 -3.24854380
v 17.24878207 -4.37001944 -3.24759394
v 17.32931606 -4.38136816 -4.56052882
v 17.33601085 -4.37570572 -4.56052882
v 17.34268466 -4.37001944 -4.56052882
v 17.23554889 -4.38136816 -5.87156016
v 17.22890178 -4.38700676 -5.87060458
v 17.24217502 -4.37570572 -5.87251193
v 17.24878207 -4.37001944 -5.87346179
v 16.95615665 -4.38136816 -7.15590197
v 16.94971362 -4.38700676 -7.15400988
v 16.96258060 -4.37570572 -7.15778643
v 16.96898547 -4.37001944 -7.15966708
v 16.49682895 -4.38136816 -8.38741118
v 16.49071971 -4.38700676 -8.38461882
v 16.50291721 -4.37570572 -8.39019210
v 16.50899020 -4.37001944 -8.39296157
v 15.86691180 -4.38136816 -9.54101378
v 15.86126415 -4.38700676 -9.53738219
v 15.87254421 -4.37570572 -9.54463393
v 15.87815944 -4.37001944 -9.54824263
v 15.07923404 -4.38136816 -10.59322936
v 15.07415858 -4.38700676 -10.58883101
v 15.08429424 -4.37570572 -10.59761245
v 15.08933727 -4.37001944 -10.60198409
v 14.14982692 -4.38136816 -11.52263457
v 14.14543048 -4.38700676 -11.51756102
v 14.15421191 -4.37570572 -11.52769667
v 14.15858165 -4.37001944 -11.53273970
v 13.09761134 -4.38136816 -12.31031615
v 13.09398166 -4.38700676 -12.30466658
v 13.10123149 -4.37570572 -12.31594664
v 13.10484020 -4.37001944 -12.32156188
v 11.94400684 -4.38136816 -12.94022948
v 11.94121829 -4.38700676 -12.93412215
v 10.71060840 -4.38700676 -13.39311415
v 11.94678966 -4.37570572 -12.94631774
v 11.94956104 -4.37001944 -12.95239073
v 10.71249858 -4.38136816 -13.39955718
v 10.71438495 -4.37570572 -13.40598113
v 9.43006030 -4.37001944 -13.69218260
v 10.71626559 -4.37001944 -13.41238600
v 9.42815677 -4.38136816 -13.67894942
v 9.42720119 -4.38700676 -13.67230422
v 8.11712543 -4.38700676 -13.76600081
v 9.42911044 -4.37570572 -13.68557555
v 8.11712543 -4.38136816 -13.77271849
v 6.80704871 -4.38700676 -13.67230422
v 8.11712543 -4.37570572 -13.77941329
v 8.11712543 -4.37001944 -13.78608519
v 6.80609313 -4.38136816 -13.67894942
v 6.80514137 -4.37570572 -13.68557555
v 6.80419151 -4.37001944 -13.69218260
v 5.52175132 -4.38136816 -13.39955718
v 5.52364341 -4.38700676 -13.39311415
v 4.29303352 -4.38700676 -12.93412215
v 5.51986686 -4.37570572 -13.40598113
v 5.51798621 -4.37001944 -13.41238600
v 4.29024116 -4.38136816 -12.94022948
v 4.28746024 -4.37570572 -12.94631774
v 4.28469077 -4.37001944 -12.95239073
v 3.13663856 -4.38136816 -12.31031615
v 3.14027015 -4.38700676 -12.30466658
v 3.13301841 -4.37570572 -12.31594664
v 2.07566825 -4.37001944 -11.53273970
v 3.12940971 -4.37001944 -12.32156188
v 2.08442298 -4.38136816 -11.52263457
v 2.08882133 -4.38700676 -11.51756102
v 1.16009132 -4.38700676 -10.58883101
v 2.08003989 -4.37570572 -11.52769667
v 1.15501777 -4.38136816 -10.59322936
v 0.37298576 -4.38700676 -9.53738219
v 1.14995567 -4.37570572 -10.59761245
v 0.35609046 -4.37001944 -9.54824263
v 1.14491264 -4.37001944 -10.60198409
v 0.36733619 -4.38136816 -9.54101378
v 0.36170570 -4.37570572 -9.54463393
v -0.26257714 -4.38136816 -8.38741118
v -0.25646981 -4.38700676 -8.38461882
v -0.26866540 -4.37570572 -8.39019210
v -0.27473840 -4.37001944 -8.39296157
v -0.72190484 -4.38136816 -7.15590197
v -0.71546181 -4.38700676 -7.15400988
v -0.72832879 -4.37570572 -7.15778643
v -0.73473367 -4.37001944 -7.15966708
v -1.00129708 -4.38136816 -5.87156016
v -1.00792321 -4.37570572 -5.87251193
v -1.10176095 -4.37570572 -4.56052882
v -1.10843285 -4.37001944 -4.56052882
v -1.01453027 -4.37001944 -5.87346179
v -1.08834847 -4.38700676 10.27683919
v -13.10006150 -4.96499968 5.97314542
v -12.27047929 -4.96499968 5.06634610
v -12.32136353 -4.96499968 5.14168065
v -13.09454926 -4.96499968 5.99874395
v -11.42721375 -4.96499968 4.41170209
v -11.40636643 -4.96499968 4.37288945
v -13.71661576 -4.96499968 6.89994901
v -13.72890671 -4.96499968 6.96308988
v -10.43275651 -4.96499968 3.82567304
v -10.35428056 -4.96499968 3.76546758
v -14.19796189 -4.96499968 7.92397588
v -14.20977982 -4.96499968 8.01243871
v -9.36097153 -4.96499968 3.39713567
v -9.22542390 -4.96499968 3.33503049
v -14.52771195 -4.96499968 9.03322118
v -14.52605637 -4.96499968 9.12254613
v -8.23661813 -4.96499968 3.13598531
v -8.14486321 -4.96499968 3.10224431
v -14.68250855 -4.96499968 10.13128560
v -14.67043504 -4.96499968 10.26776403
v -14.69046601 -4.96499968 10.26776403
v -7.08567055 -4.96499968 3.04826062
v -7.08567055 -4.96499968 3.02826017
v -3.54091271 -4.96499968 3.04826062
v -3.54091271 -4.96499968 3.02826017
v -8.33298501 -4.92554235 1.63218206
v -7.08567055 -4.60435772 1.54065030
v -7.08567055 -4.92554235 1.54625600
v -8.34648141 -4.60435772 1.62839978
v -9.55673035 -4.92554235 1.88833898
v -9.58297929 -4.60435772 1.88996022
v -10.73379334 -4.92554235 2.30988401
v -10.77132233 -4.60435772 2.32028478
v -11.84192857 -4.92554235 2.88885396
v -11.88860139 -4.60435772 2.91107839
v -12.86020478 -4.92554235 3.61431211
v -12.91326722 -4.60435772 3.65094655
v -13.76938065 -4.92554235 4.47255033
v -13.82555970 -4.60435772 4.52562421
v -14.55228242 -4.92554235 5.44735425
v -14.60789307 -4.60435772 5.51824659
v -15.19411286 -4.92554235 6.52030843
v -15.24518021 -4.60435772 6.60967153
v -15.68274888 -4.92554235 7.67113775
v -15.72513016 -4.60435772 7.77885526
v -16.00896271 -4.92554235 8.87810415
v -16.03849229 -4.60435772 9.00325292
v -16.16658219 -4.92554235 10.11839574
v -16.17000779 -4.91096210 10.17669576
v -16.16833314 -4.92173481 10.14851278
v -16.17155656 -4.89419746 10.20183080
v -16.17293366 -4.87243032 10.22280782
v -16.17410859 -4.84688950 10.23890203
v -16.17508515 -4.81865740 10.24986928
v -16.17564210 -4.79771566 10.25438207
v -16.17608842 -4.77628279 10.25616353
v -16.17922410 -4.60435772 10.25925344
v -3.67250451 -4.92554235 1.54625600
v -3.62718591 -4.91632843 1.54609578
v -3.64937600 -4.92318392 1.54621404
v -3.60176476 -4.90191221 1.54584401
v -3.57811364 -4.87972069 1.54545682
v -3.55851754 -4.84951830 1.54492849
v -3.54642113 -4.81559563 1.54433721
v -3.54196557 -4.77981806 1.54371160
v -3.53890618 -4.60435772 1.54065030
v -7.08567055 -4.37570572 1.42338269
v -7.08567055 -4.37001944 1.41670888
v -3.53157433 -4.37001944 1.41670888
v -3.53184136 -4.38700676 1.43679326
v -7.08567055 -4.38136816 1.43007749
v -7.08567055 -4.38700676 1.43679326
v -16.16310319 -4.37001944 8.99572271
v -16.28362855 -4.38700676 10.27035421
v -16.30373582 -4.37001944 10.27056020
v -15.84702500 -4.37001944 7.75270742
v -16.14317902 -4.38700676 8.99840062
v -15.36161240 -4.37001944 6.56554120
v -15.82769212 -4.38700676 7.75821203
v -14.71624573 -4.37001944 5.45716947
v -15.34327134 -4.38700676 6.57375615
v -13.92339906 -4.37001944 4.44901365
v -14.69927033 -4.38700676 5.46792501
v -12.99839219 -4.37001944 3.56055730
v -13.90814027 -4.38700676 4.46208661
v -11.95911225 -4.37001944 2.80897229
v -12.98516663 -4.38700676 3.57567876
v -10.82563599 -4.37001944 2.20878690
v -11.94818696 -4.38700676 2.82583135
v -8.36513909 -4.37001944 1.50586217
v -8.36226281 -4.38700676 1.52574056
v -16.15653809 -4.37570572 8.99691289
v -16.14995011 -4.38136816 8.99810689
v -15.84068879 -4.37570572 7.75479787
v -15.83432969 -4.38136816 7.75689405
v -15.35562714 -4.37570572 6.56849187
v -15.34961900 -4.38136816 6.57145017
v -14.71072587 -4.37570572 5.46092122
v -14.70518693 -4.38136816 5.46468442
v -13.91845139 -4.37570572 4.45349401
v -13.91348847 -4.38136816 4.45798772
v -12.99411591 -4.37570572 3.56568044
v -12.98982438 -4.38136816 3.57081884
v -11.95558366 -4.37570572 2.81464093
v -11.95204743 -4.38136816 2.82032483
v -10.82293137 -4.37570572 2.21488851
v -10.82021531 -4.38136816 2.22100919
v -10.81723984 -4.38700676 2.22703450
v -9.61804398 -4.37570572 1.77801793
v -9.61987504 -4.37001944 1.77159971
v -9.61620530 -4.38136816 1.78445524
v -9.61418351 -4.38700676 1.79086202
v -8.36421212 -4.37570572 1.51247304
v -8.36328515 -4.38136816 1.51910299
v -13.18488129 -4.82148314 10.27739995
v -13.17862519 -4.92816257 10.16043752
v -13.18452271 -4.78746700 10.28134435
v -13.18479356 -4.85394239 10.26660054
v -13.18418320 -4.88314533 10.24882406
v -13.18311890 -4.90485001 10.22701162
v -13.18169984 -4.91906357 10.20324224
v -13.18027695 -4.92583704 10.18231862
v -13.18157395 -4.60871887 10.28434652
v -13.03587922 -4.60871887 9.26998800
v -13.01560410 -4.92816257 9.16166585
v -12.72260865 -4.60871887 8.29427427
v -12.69000825 -4.92816257 8.20348447
v -12.25058182 -4.60871887 7.38468831
v -12.21077164 -4.92816257 7.31216138
v -11.63309678 -4.60871887 6.56684583
v -11.59103211 -4.92816257 6.51213353
v -10.88754090 -4.60871887 5.86378186
v -10.84777650 -4.92816257 5.82533353
v -10.03491410 -4.60871887 5.29529279
v -10.00138291 -4.92816257 5.27059072
v -9.09922227 -4.60871887 4.87739461
v -9.07505234 -4.92816257 4.86311048
v -8.10682687 -4.60871887 4.62185186
v -8.09418877 -4.92816257 4.61406797
v -7.08567055 -4.60871887 4.53586477
v -7.08567055 -4.92816257 4.53028768
v -3.67255028 -4.92816257 4.53028768
v -3.54201516 -4.78261518 4.53282827
v -3.53898247 -4.60871887 4.53586477
v -3.54306802 -4.79885626 4.53254407
v -3.54565057 -4.81484413 4.53226560
v -3.55311211 -4.83993578 4.53182882
v -3.62173470 -4.91633511 4.53049367
v -3.64638528 -4.92508745 4.53034108
v -3.56459435 -4.86340237 4.53141874
v -3.59937676 -4.90261793 4.53073400
v -3.58009347 -4.88464737 4.53104680
v -12.93330582 -4.39091158 9.28980153
v -13.05699738 -4.37400341 10.28666967
v -13.07710084 -4.39091158 10.28626531
v -12.62497147 -4.39091158 8.33139509
v -12.91357239 -4.37400341 9.29365056
v -12.16078004 -4.39091158 7.43801015
v -12.60619172 -4.37400341 8.33856672
v -11.55378541 -4.39091158 6.63478368
v -12.14351090 -4.37400341 7.44829267
v -7.08567055 -4.38529921 4.64698499
v -8.08890542 -4.39091158 4.72470754
v -7.08567055 -4.39091158 4.64026731
v -7.08567055 -4.37400341 4.66035932
v -8.08546075 -4.37400341 4.74450200
v -7.08567055 -4.37966299 4.65368169
v -12.92675980 -4.38529921 9.29131597
v -12.92023667 -4.37966299 9.29282659
v -12.61877259 -4.38529921 8.33398145
v -12.61259278 -4.37966299 8.33656019
v -12.15509995 -4.38529921 7.44159597
v -12.14943513 -4.37966299 7.44517225
v -11.54878434 -4.38529921 6.63926786
v -11.54379853 -4.37966299 6.64374059
v -11.53853806 -4.37400341 6.64787381
v -10.81689271 -4.38529921 5.94957441
v -10.82107362 -4.39091158 5.94431585
v -10.81272706 -4.37966299 5.95481580
v -10.80829819 -4.37400341 5.95982450
v -9.98001679 -4.38529921 5.39191716
v -9.98325928 -4.39091158 5.38603490
v -9.97678193 -4.37966299 5.39778226
v -9.97332963 -4.37400341 5.40350431
v -9.06169709 -4.38529921 4.98199170
v -9.06391343 -4.39091158 4.97564977
v -9.05949219 -4.37966299 4.98831456
v -9.05712708 -4.37400341 4.99456113
v -8.08778390 -4.38529921 4.73132985
v -8.08666619 -4.37966299 4.73793309
v -3.53190240 -4.39091158 4.64026731
v -3.53163537 -4.37400341 4.66035932
v 2.44775382 4.06500006 -9.64377028
v 2.86919013 4.06500006 -10.04943663
v 2.88704292 4.06500006 -10.09415251
v 2.39829627 4.06500006 -9.55691725
v 3.38233939 4.06500006 -10.49776274
v 3.40876380 4.06500006 -10.54445845
v 2.04983131 4.06500006 -9.16143996
v -13.10651215 4.06500006 5.99005025
v -13.07422837 4.06500006 5.98100179
v -12.33181962 4.06500006 5.13122457
v -12.24473008 4.06500006 5.07684797
v 1.97344581 4.06500006 -9.02417189
v -11.43590363 4.06500006 4.39974111
v -11.38096436 4.06500006 4.38602536
v 3.93360893 4.06500006 -10.89828307
v 3.97436515 4.06500006 -10.94967849
v 1.65440360 4.06500006 -8.58628279
v 1.59806052 4.06500006 -8.45548827
v -13.74208268 4.06500006 6.95637410
v -13.69090089 4.06500006 6.90570348
v 4.51856223 4.06500006 -11.24777419
v 4.51266471 4.06500006 -11.26792723
v 1.33264152 4.06500006 -8.01698119
v -10.43946656 4.06500006 3.81250089
v 1.27516166 4.06500006 -7.85544402
v -10.32965668 4.06500006 3.78170484
v 5.08076850 4.06500006 -11.54295546
v 5.13249198 4.06500006 -11.54342849
v 1.07111350 4.06500006 -7.44718081
v 5.40663139 4.06500006 -11.67578704
v -14.17241486 4.06500006 7.92778486
v 1.00735084 4.06500006 -7.22886950
v -14.22384843 4.06500006 8.00786680
v 5.77044669 4.06500006 -11.78285796
v 5.73663703 4.06500006 -11.79313094
v -9.36553773 4.06500006 3.38307470
v 0.83713523 4.06500006 -6.79129702
v -9.20228013 4.06500006 3.35455030
v 0.79678336 4.06500006 -6.58081347
v 6.40620033 4.06500006 -11.98046691
v 6.42729942 4.06500006 -11.96413619
v 0.67123023 4.06500006 -6.15211016
v -14.50231751 4.06500006 9.03509801
v -14.54067429 4.06500006 9.12023061
v 0.64515678 4.06500006 -5.91649157
v -8.23892983 4.06500006 3.12138456
v 7.02166930 4.06500006 -12.09570891
v -8.13349923 4.06500006 3.12611669
v 7.09775726 4.06500006 -12.08580596
v 0.56523505 4.06500006 -5.53318316
v 0.55368797 4.06500006 -5.24125010
v 0.51864616 4.06500006 -5.04886729
v -14.65723618 4.06500006 10.13128560
v 7.67419139 4.06500006 -12.16163832
v -14.68523606 4.06500006 10.26776403
v -14.66521653 4.06500006 10.26776403
v 7.77642146 4.06500006 -12.14688689
v -7.08567055 4.06500006 3.03347867
v 0.50311652 4.06500006 -4.56052882
v 0.52311698 4.06500006 -4.56052882
v -7.08567055 4.06500006 3.05347913
v 8.30391017 4.06500006 -12.17258269
v 8.45782939 4.06500006 -12.14688689
v 8.99712459 4.06500006 -12.12408644
v 9.13649455 4.06500006 -12.08580596
v 9.61694804 4.06500006 -12.02557570
v 9.80695049 4.06500006 -11.96413619
v 10.26855365 4.06500006 -11.86430556
v 10.46380321 4.06500006 -11.78285796
v 10.92760555 4.06500006 -11.63724715
v 0.52311698 4.06500006 -1.01576907
v 0.50311652 4.06500006 -1.01576907
v 11.10175983 4.06500006 -11.54342849
v 11.49976245 4.06500006 -11.38217742
v 11.71568767 4.06500006 -11.24777419
v 12.06089298 4.06500006 -11.07357222
v 12.30064098 4.06500006 -10.89828307
v 12.58513538 4.06500006 -10.72597319
v 12.85191241 4.06500006 -10.49776274
v 13.07707301 4.06500006 -10.33762557
v 13.36505977 4.06500006 -10.04943663
v 13.53920261 4.06500006 -9.90600402
v 13.83595554 4.06500006 -9.55691725
v 14.00641147 4.06500006 -9.38665969
v 14.26080600 4.06500006 -9.02417189
v 14.42292873 4.06500006 -8.82803542
v 14.63619128 4.06500006 -8.45548827
v 14.75848857 4.06500006 -8.28420073
v 14.95909015 4.06500006 -7.85544402
v 15.07171909 4.06500006 -7.66087157
v 15.22689906 4.06500006 -7.22886950
v 15.30290500 4.06500006 -7.07890994
v 15.43746654 4.06500006 -6.58081347
v 15.49340717 4.06500006 -6.44826419
v 15.57281009 4.06500006 -6.10577113
v 15.58909312 4.06500006 -5.91649157
v 15.63606540 4.06500006 -5.76236636
v 15.68056194 4.06500006 -5.24125010
v 15.71449558 4.06500006 -5.07199580
v 15.73041812 4.06500006 -4.44407946
v 8.11712543 4.06500006 3.05347913
v 8.74751941 4.06500006 3.02749913
v 15.68915836 4.06500006 -3.76101596
v 9.37164394 4.06500006 2.94956296
v 15.58492557 4.06500006 -3.07222850
v 9.98707095 4.06500006 2.82028478
v 15.43767062 4.06500006 -2.46481806
v 10.65193454 4.06500006 2.61949056
v 15.23897640 4.06500006 -1.86720950
v 15.10676662 4.06500006 -1.54090792
v 11.23326389 4.06500006 2.38698667
v 14.96034900 4.06500006 -1.22190959
v 11.85621349 4.06500006 2.07215398
v 14.62736408 4.06500006 -0.61093051
v 12.43550769 4.06500006 1.71078580
v 14.28099338 4.06500006 -0.08986193
v 12.93674365 4.06500006 1.33466237
v 13.88932887 4.06500006 0.40486997
v 13.45416538 4.06500006 0.87020582
v 2.11512367 3.49091172 -1.00675875
v 8.11712543 4.02816296 1.55145162
v -7.08567055 3.70871902 1.54587453
v -7.08567055 4.02816296 1.55145162
v 8.11712543 3.70871902 1.54587453
v 9.17846004 4.02816296 1.45859617
v 9.17749110 3.70871902 1.45310491
v 10.20754520 4.02816296 1.18285268
v 10.20563785 3.70871902 1.17761319
v 11.17311565 4.02816296 0.73260015
v 11.17032710 3.70871902 0.72777265
v 12.04583064 4.02816296 0.12151998
v 12.04224674 3.70871902 0.11724752
v 12.79917423 4.02816296 -0.63182360
v 12.79490176 3.70871902 -0.63540751
v 13.41025439 4.02816296 -1.50453860
v 13.40542690 3.70871902 -1.50732714
v 13.86050693 4.02816296 -2.47010905
v 13.85526744 3.70871902 -2.47201640
v 14.13625041 4.02816296 -3.49919421
v 14.13075916 3.70871902 -3.50016314
v 2.00514594 4.02816296 -1.14740664
v 2.00768653 3.88261533 -1.01687342
v 2.01072303 3.70871902 -1.01383883
v 2.00740424 3.89885640 -1.01792437
v 2.00712196 3.91484427 -1.02050883
v 2.00668708 3.93993592 -1.02796847
v 2.00535194 4.01633549 -1.09659106
v 2.00519935 4.02508783 -1.12124163
v 2.00627509 3.96340251 -1.03945262
v 2.00559226 4.00261831 -1.07423312
v 2.00590507 3.98464751 -1.05494982
v -16.16137513 4.02816296 10.11835759
v -16.17002686 3.91618419 10.25122731
v -16.16884049 3.95114541 10.23807805
v -16.16734132 3.98198962 10.21704763
v -16.16574296 4.00443649 10.19201177
v -16.16413316 4.01892233 10.16540807
v -16.16277131 4.02579641 10.14233297
v -16.17088517 3.87909675 10.25610631
v -16.17399033 3.70871902 10.25916951
v -16.03330430 3.70871902 9.00392049
v -16.00380524 4.02816296 8.87880605
v -15.72009476 3.70871902 7.78026288
v -15.67774781 4.02816296 7.67257207
v -15.24039658 3.70871902 6.61178869
v -15.18937119 4.02816296 6.52244085
v -14.60346421 3.70871902 5.52102750
v -14.54789552 4.02816296 5.45014470
v -13.82157716 3.70871902 4.52901357
v -13.76544007 4.02816296 4.47593778
v -12.90981492 3.70871902 3.65487188
v -12.85678681 4.02816296 3.61822789
v -11.88574799 3.70871902 2.91545766
v -11.83910950 4.02816296 2.89321798
v -10.76913270 3.70871902 2.32502836
v -10.73162278 4.02816296 2.31460470
v -9.58149155 3.70871902 1.89496892
v -9.55526170 4.02816296 1.89332097
v -8.34572991 3.70871902 1.63357061
v -8.33224114 4.02816296 1.63732427
v 8.11712543 3.47966313 1.42805761
v 8.11712543 3.49091172 1.44147199
v 9.15936176 3.49091172 1.35028737
v 8.11712543 3.48529911 1.43475431
v 14.01473132 3.47966313 -3.52062136
v 14.02132694 3.48529911 -3.51945788
v 14.02794162 3.49091172 -3.51829249
v 13.74455539 3.47966313 -2.51231105
v 13.75084773 3.48529911 -2.51002032
v 13.75716106 3.49091172 -2.50772387
v 13.30339328 3.47966313 -1.56623561
v 13.30919353 3.48529911 -1.56288630
v 13.31500903 3.49091172 -1.55952937
v 12.70464793 3.47966313 -0.71114070
v 12.70977870 3.48529911 -0.70683581
v 12.71492473 3.49091172 -0.70251757
v 11.96651355 3.47966313 0.02699369
v 11.97081844 3.48529911 0.03212446
v 11.97513667 3.49091172 0.03727048
v 11.11141864 3.47966313 0.62573903
v 11.11476794 3.48529911 0.63153928
v 11.11812488 3.49091172 0.63735479
v 10.16534320 3.47966313 1.06690114
v 10.16763393 3.48529911 1.07319349
v 10.16993037 3.49091172 1.07950681
v 9.15703288 3.47966313 1.33707708
v 9.15819637 3.48529911 1.34367269
v -7.08567055 3.47400331 1.42137998
v -7.08567055 3.47966313 1.42805761
v -7.08567055 3.48529911 1.43475431
v -7.08567055 3.49091172 1.44147199
v -16.15846833 3.47400331 8.99634450
v -16.29905900 3.47400331 10.27051061
v -16.27894410 3.49091172 10.27030843
v -15.84253129 3.47400331 7.75398725
v -16.13853654 3.49091172 8.99902623
v -15.35734757 3.47400331 6.56745237
v -15.82319077 3.49091172 7.75949376
v -14.71229752 3.47400331 5.45967191
v -15.33899888 3.49091172 6.57567113
v -13.91984757 3.47400331 4.45205396
v -14.69531831 3.49091172 5.47043126
v -12.99531754 3.47400331 3.56407445
v -13.90458878 3.49091172 4.46513265
v -11.95657166 3.47400331 2.81289380
v -12.98208817 3.49091172 3.57920163
v -10.82368287 3.47400331 2.21303075
v -11.94564255 3.49091172 2.82975858
v -8.36159142 3.49091172 1.53036969
v -8.36447152 3.47400331 1.51048559
v -16.14531144 3.48529911 8.99873250
v -16.15189942 3.47966313 8.99753469
v -15.82982835 3.48529911 7.75817579
v -15.83618745 3.47966313 7.75607770
v -15.34535035 3.48529911 6.57336324
v -15.35135850 3.47966313 6.57040303
v -14.70123490 3.48529911 5.46718877
v -14.70677384 3.47966313 5.46342366
v -13.90993699 3.48529911 4.46103185
v -13.91489991 3.47966313 4.45653623
v -12.98674592 3.48529911 3.57433980
v -12.99103745 3.47966313 3.56919950
v -11.94950684 3.48529911 2.82425016
v -11.95304307 3.47966313 2.81856244
v -10.81826218 3.48529911 2.22525686
v -10.81528672 3.49091172 2.23128598
v -10.82097825 3.47966313 2.21913617
v -9.61487778 3.48529911 1.78893941
v -9.61285599 3.49091172 1.79534810
v -9.61671647 3.47966313 1.78250020
v -9.61855134 3.47400331 1.77608007
v -8.36261376 3.48529911 1.52373021
v -8.36354455 3.47966313 1.51709836
v -1.08834847 3.48700690 -1.00669772
v -1.10843285 3.47001958 -1.00643069
v -0.97888573 4.02554274 -1.14736277
v -0.97904595 4.01632881 -1.10204226
v -0.97892770 4.02318430 -1.12423426
v -0.97929772 4.00191259 -1.07662303
v -0.97968682 3.97972083 -1.05297190
v -0.98021325 3.94951844 -1.03337390
v -0.98080453 3.91559577 -1.02127940
v -0.98143014 3.87981820 -1.01682383
v -0.98449334 3.70435786 -1.01376254
v 17.12055293 4.02554274 -3.26603038
v 16.84468547 4.02554274 -1.99788577
v 16.39114848 4.02554274 -0.78190905
v 15.76917735 4.02554274 0.35714620
v 14.99143306 4.02554274 1.39609235
v 14.07374660 4.02554274 2.31377881
v 13.03480045 4.02554274 3.09152311
v 11.89574519 4.02554274 3.71349424
v 10.67976848 4.02554274 4.16703122
v 9.41162387 4.02554274 4.44289869
v 8.11712543 4.02554274 4.53548330
v -7.08567055 4.02554274 4.53548330
v -7.08567055 3.70435786 4.54108899
v -8.09329232 4.02554274 4.61918538
v -8.10593041 3.70435786 4.62699979
v -9.07329377 4.02554274 4.86799901
v -9.09745225 3.70435786 4.88231176
v -9.99880418 4.02554274 5.27510350
v -10.03232392 3.70435786 5.29983419
v -10.84446152 4.02554274 5.82933706
v -10.88421067 3.70435786 5.86780828
v -11.58707627 4.02554274 6.51550954
v -11.62912568 3.70435786 6.57024282
v -12.20629700 4.02554274 7.31480687
v -12.24608430 3.70435786 7.38735097
v -12.68514451 4.02554274 8.20532125
v -12.71771821 3.70435786 8.29612439
v -13.01049241 4.02554274 9.16263860
v -13.03074464 3.70435786 9.27097219
v -13.17342194 4.02554274 10.16051763
v -13.17634400 3.70435786 10.28443425
v -13.17931947 3.88470054 10.28140157
v -13.17953690 3.90014291 10.28047078
v -13.17966660 3.91538358 10.27819341
v -13.17968949 3.93939328 10.27156728
v -13.17527207 4.02245712 10.18528646
v -13.17681702 4.01373434 10.20851415
v -13.17944535 3.96197629 10.26125997
v -13.17803391 4.00017357 10.22941488
v -13.17891129 3.98257565 10.24720281
v 8.11712543 3.48136806 4.65166181
v -7.08567055 3.48700690 4.64494603
v -7.08567055 3.48136806 4.65166181
v 8.11712543 3.47570562 4.65835660
v -7.08567055 3.47570562 4.65835660
v 8.11712543 3.47001958 4.66503042
v -7.08567055 3.47001958 4.66503042
v 17.23554889 3.48136806 -3.24949748
v 17.24217502 3.47570562 -3.24854380
v 17.24878207 3.47001958 -3.24759394
v 16.95615665 3.48136806 -1.96515567
v 16.96258060 3.47570562 -1.96326930
v 16.96898547 3.47001958 -1.96138865
v 16.49682895 3.48136806 -0.73364741
v 16.50291721 3.47570562 -0.73086459
v 16.50899020 3.47001958 -0.72809321
v 15.86691180 3.48136806 0.41995710
v 15.87254421 3.47570562 0.42357724
v 15.87815944 3.47001958 0.42718595
v 15.07923404 3.48136806 1.47217267
v 15.08429424 3.47570562 1.47655767
v 15.08933727 3.47001958 1.48092740
v 14.14982692 3.48136806 2.40157979
v 14.15421191 3.47570562 2.40663999
v 14.15858165 3.47001958 2.41168302
v 13.09761134 3.48136806 3.18925756
v 13.10123149 3.47570562 3.19488996
v 13.10484020 3.47001958 3.20050519
v 11.94400684 3.48136806 3.81917470
v 11.94678966 3.47570562 3.82526296
v 11.94956104 3.47001958 3.83133596
v 10.71249858 3.48136806 4.27850240
v 10.71438495 3.47570562 4.28492635
v 10.71626559 3.47001958 4.29133123
v 9.42815677 3.48136806 4.55789464
v 9.42911044 3.47570562 4.56452077
v 9.43006030 3.47001958 4.57112783
v -12.92870911 3.48700690 9.29069799
v -13.07242020 3.48700690 10.28635686
v -13.05232438 3.47001958 10.28676503
v -12.62059983 3.48700690 8.33306592
v -12.90898331 3.47001958 9.29454320
v -12.15675553 3.48700690 7.44040387
v -12.60182770 3.47001958 8.34023565
v -11.55023392 3.48700690 6.63783162
v -12.13949403 3.47001958 7.45068448
v -8.08466347 3.47001958 4.74910444
v -12.91564378 3.47570562 9.29371923
v -12.92216691 3.48136806 9.29221242
v -12.60822114 3.47570562 8.33822912
v -12.61440095 3.48136806 8.33565038
v -12.14541825 3.47570562 7.44756406
v -12.15107926 3.48136806 7.44398969
v -11.54025468 3.47570562 6.64678472
v -11.53499421 3.47001958 6.65091794
v -11.54523667 3.48136806 6.64231580
v -10.80975159 3.47570562 5.95842260
v -10.80532655 3.47001958 5.96343129
v -10.81392106 3.48136806 5.95318311
v -10.81809815 3.48700690 5.94792646
v -9.97447404 3.47570562 5.40184682
v -9.97102174 3.47001958 5.40756505
v -9.97770509 3.48136806 5.39598363
v -9.98094758 3.48700690 5.39010328
v -9.05791291 3.47570562 4.99271482
v -9.05554780 3.47001958 4.99895757
v -9.06011781 3.48136806 4.98639386
v -9.06233414 3.48700690 4.98005384
v -8.08586510 3.47570562 4.74253743
v -8.08698281 3.48136806 4.73593610
v -8.08810433 3.48700690 4.72931569
v 0.50833503 4.06500006 7.09750837
v 0.52833549 4.06500006 10.26776403
v 0.52833549 4.06500006 7.09750837
v 0.50833503 4.06500006 10.26776403
v -0.97369012 4.02816296 7.22914594
v -0.97374352 4.02508783 7.20298093
v -0.97389611 4.01633549 7.17833036
v -0.97413644 4.00261831 7.15597242
v -0.97444924 3.98464751 7.13668912
v -0.97482308 3.96340251 7.12119191
v -0.97523125 3.93993592 7.10970777
v -0.97566994 3.91484427 7.10224813
v -0.97594842 3.89885640 7.09966367
v -0.97623070 3.88261533 7.09861272
v -0.97926720 3.70871902 7.09557622
v -0.97369012 4.02816296 10.13612645
v -0.97385033 4.01897097 10.18142217
v -0.97373208 4.02581072 10.15924352
v -0.97410210 4.00458336 10.20683568
v -0.97449120 3.98242784 10.23048681
v -0.97501763 3.95226216 10.25009816
v -0.97560891 3.91836858 10.26220220
v -0.97623070 3.88261533 10.26666158
v -0.97926720 3.70871902 10.26969808
v -1.10376366 3.47400331 10.27704137
v -1.08367165 3.49091172 10.27677434
v -1.08367165 3.49091172 7.08849805
v -1.10376366 3.47400331 7.08823293
v 2.01034156 4.02554274 7.22910207
v 2.01594535 3.70435786 7.09550184
v 2.01288596 3.87981820 7.09856313
v 2.01226035 3.91559577 7.10301870
v 2.01166908 3.94951844 7.11511319
v 2.01113883 3.97972083 7.13471120
v 2.01075355 4.00191259 7.15836232
v 2.01050178 4.01632881 7.18378156
v 2.01038352 4.02318430 7.20597165
v 2.01034156 4.02554274 10.13617223
v 2.01259986 3.89607072 10.26565831
v 2.01288596 3.87981820 10.26671117
v 2.01594535 3.70435786 10.26977437
v 2.01232139 3.91207147 10.26307958
v 2.01188270 3.93718410 10.25562566
v 2.01054755 4.01368570 10.18701833
v 2.01039497 4.02245903 10.16235250
v 2.01147453 3.96067357 10.24414724
v 2.01078788 3.99994111 10.20938009
v 2.01110069 3.98194289 10.22865957
v 2.13988868 3.47001958 7.08816999
v 2.11980430 3.48700690 7.08843702
v 2.11980430 3.48700690 10.27683919
v -1.16446313 -4.33244324 -4.56052882
v -1.22765740 -4.30882883 -4.56052882
v -1.29459771 -4.30045414 -4.56052882
v -1.34030541 -4.30371428 10.27925771
v -1.36166009 -4.30777311 -4.56052882
v -1.38298424 -4.31352234 10.27894109
v -1.42522057 -4.33038902 -4.56052882
v -1.42347726 -4.32953596 10.27841848
v -1.43206795 -4.33388281 10.27707952
v -1.44063576 -4.33858204 10.27316564
v -1.44866570 -4.34333849 10.26674169
v -1.45545586 -4.34763956 10.25873464
v -1.46282204 -4.35261202 10.24649709
v -1.47098931 -4.35852432 10.22622197
v -1.47705849 -4.36320686 10.20194524
v -1.48067101 -4.36611938 10.17546361
v -1.48183450 -4.36707830 10.14858526
v 8.11712543 -4.33038902 4.98181623
v 9.48320094 -4.36707830 4.94072622
v 8.11712543 -4.36707830 5.03843015
v 8.11712543 -4.33244324 4.72105878
v 8.11712543 -4.30777311 4.91825765
v 9.47514240 -4.33038902 4.88469022
v 9.45655338 -4.30045414 4.75539678
v 8.11712543 -4.30045414 4.85119336
v 9.44702617 -4.30882883 4.68913739
v 8.11712543 -4.30882883 4.78425306
v 10.80551425 -4.33038902 4.59528440
v 10.82146541 -4.36707830 4.64960569
v 10.76871387 -4.30045414 4.46995252
v 10.74985591 -4.30882883 4.40572446
v 12.08115855 -4.33038902 4.11949437
v 12.10467807 -4.36707830 4.17099088
v 12.02689639 -4.30045414 4.00067609
v 11.99908916 -4.30882883 3.93978399
v 13.27610675 -4.33038902 3.46700376
v 13.30671397 -4.36707830 3.51462835
v 13.20548717 -4.30045414 3.35711568
v 13.16929713 -4.30882883 3.30080312
v 14.40310756 -4.36707830 2.69388097
v 14.36603252 -4.33038902 2.65109533
v 15.37153522 -4.36707830 1.72545331
v 14.28049365 -4.30045414 2.55237668
v 14.23665706 -4.30882883 2.50178617
v 15.32874957 -4.33038902 1.68837827
v 15.23003093 -4.30045414 1.60283941
v 15.17944041 -4.30882883 1.55900281
v 16.14465801 -4.33038902 0.59845250
v 16.19228259 -4.36707830 0.62905973
v 16.84864513 -4.36707830 -0.57297618
v 16.03476993 -4.30045414 0.52783292
v 15.97845737 -4.30882883 0.49164289
v 16.79714862 -4.33038902 -0.59649569
v 17.32725993 -4.36707830 -1.85618884
v 16.67833034 -4.30045414 -0.65075785
v 16.61743823 -4.30882883 -0.67856509
v 17.27293864 -4.33038902 -1.87213999
v 17.14760677 -4.30045414 -1.90894038
v 17.08337871 -4.30882883 -1.92779834
v 17.56234447 -4.33038902 -3.20251185
v 17.61838046 -4.36707830 -3.19445330
v 17.43305103 -4.30045414 -3.22110087
v 17.36679164 -4.30882883 -3.23062808
v 17.65947047 -4.33038902 -4.56052882
v 17.52884761 -4.30045414 -4.56052882
v 17.46190730 -4.30882883 -4.56052882
v 17.56234447 -4.33038902 -5.91854579
v 17.43305103 -4.30045414 -5.89995677
v 17.36679164 -4.30882883 -5.89042956
v 17.27293864 -4.33038902 -7.24891955
v 17.14760677 -4.30045414 -7.21211535
v 17.08337871 -4.30882883 -7.19325930
v 16.79714862 -4.33038902 -8.52456099
v 16.67833034 -4.30045414 -8.47029692
v 16.61743823 -4.30882883 -8.44249160
v 16.14465801 -4.33038902 -9.71950728
v 16.03476993 -4.30045414 -9.64888961
v 15.97845737 -4.30882883 -9.61269957
v 15.32874957 -4.33038902 -10.80943495
v 15.23003093 -4.30045414 -10.72389418
v 15.17944041 -4.30882883 -10.68005950
v 14.36603252 -4.33038902 -11.77215010
v 14.28049365 -4.30045414 -11.67343337
v 14.23665706 -4.30882883 -11.62284285
v 13.27610675 -4.33038902 -12.58806044
v 13.20548717 -4.30045414 -12.47817046
v 13.16929713 -4.30882883 -12.42185790
v 12.08115855 -4.33038902 -13.24054915
v 12.02689639 -4.30045414 -13.12173278
v 11.99908916 -4.30882883 -13.06083876
v 10.80551425 -4.33038902 -13.71634108
v 10.76871387 -4.30045414 -13.59100920
v 10.74985591 -4.30882883 -13.52678115
v 9.47514240 -4.33038902 -14.00574691
v 9.45655338 -4.30045414 -13.87645156
v 9.44702617 -4.30882883 -13.81019408
v 8.11712543 -4.33038902 -14.10287291
v 8.11712543 -4.30045414 -13.97225005
v 8.11712543 -4.30882883 -13.90530974
v 6.75910751 -4.33038902 -14.00574691
v 6.77769653 -4.30045414 -13.87645156
v 6.78722373 -4.30882883 -13.81019408
v 5.42873374 -4.33038902 -13.71634108
v 5.46553794 -4.30045414 -13.59100920
v 5.48439399 -4.30882883 -13.52678115
v 4.15309135 -4.33038902 -13.24054915
v 4.20735542 -4.30045414 -13.12173278
v 4.23516074 -4.30882883 -13.06083876
v 2.95814506 -4.33038902 -12.58806044
v 3.02876273 -4.30045414 -12.47817046
v 3.06495277 -4.30882883 -12.42185790
v 1.86821738 -4.33038902 -11.77215010
v 1.95375816 -4.30045414 -11.67343337
v 1.99759284 -4.30882883 -11.62284285
v 0.90550224 -4.33038902 -10.80943495
v 1.00421897 -4.30045414 -10.72389418
v 1.05480949 -4.30882883 -10.68005950
v 0.08959190 -4.33038902 -9.71950728
v 0.19948188 -4.30045414 -9.64888961
v 0.25579444 -4.30882883 -9.61269957
v -0.56289681 -4.33038902 -8.52456099
v -0.44408044 -4.30045414 -8.47029692
v -0.38318642 -4.30882883 -8.44249160
v -1.03868874 -4.33038902 -7.24891955
v -0.91335686 -4.30045414 -7.21211535
v -0.84912881 -4.30882883 -7.19325930
v -1.32809457 -4.33038902 -5.91854579
v -1.19879922 -4.30045414 -5.89995677
v -1.13254174 -4.30882883 -5.89042956
v 4.56201164 -4.33881235 4.70932287
v 4.56126395 -4.31571245 4.76062291
v 4.56084434 -4.30281019 4.81651586
v 4.56079093 -4.30116224 4.87385648
v 4.60217658 -4.35538149 5.02332013
v 4.69154731 -4.36707830 5.03843015
v 4.63867942 -4.36328030 5.03374761
v 4.56109229 -4.31054068 4.92932981
v 4.56171027 -4.32953596 4.98007291
v 4.57672874 -4.34527540 5.00837224
v 4.58522407 -4.34935570 5.01464933
v 4.56955711 -4.34072924 5.00092977
v 4.56439964 -4.33586407 4.99236005
v 4.56245795 -4.33267736 4.98635000
v -0.99219140 -4.54285240 -4.56052882
v -0.99320229 -4.53870296 10.27190679
v -1.01278695 -4.48438835 -4.56052882
v -1.01729211 -4.47536135 10.27396673
v -1.04533395 -4.43163681 -4.56052882
v -1.04887398 -4.42716646 10.27553075
v -0.89947137 -4.54285240 -5.85691935
v -0.91985711 -4.48438835 -5.85985095
v -0.95207223 -4.43163681 -5.86448199
v -0.62319955 -4.54285240 -7.12691790
v -0.64295968 -4.48438835 -7.13272006
v -0.67419060 -4.43163681 -7.14189059
v -0.16900262 -4.54285240 -8.34467513
v -0.18773278 -4.48438835 -8.35322768
v -0.21734246 -4.43163681 -8.36675078
v 0.45388023 -4.54285240 -9.48539550
v 0.43655387 -4.48438835 -9.49653060
v 0.40917197 -4.43163681 -9.51412780
v 1.23276130 -4.54285240 -10.52586180
v 1.21719733 -4.48438835 -10.53934676
v 1.19260017 -4.43163681 -10.56066329
v 2.15179054 -4.54285240 -11.44489104
v 2.13830558 -4.48438835 -11.46045500
v 2.11698905 -4.43163681 -11.48505217
v 3.19225684 -4.54285240 -12.22377211
v 3.18112174 -4.48438835 -12.24109847
v 3.16352454 -4.43163681 -12.26848037
v 4.33297721 -4.54285240 -12.84665496
v 4.32442466 -4.48438835 -12.86538512
v 4.31090156 -4.43163681 -12.89499480
v 5.55073539 -4.54285240 -13.30085189
v 5.54493324 -4.48438835 -13.32061202
v 5.53576270 -4.43163681 -13.35184294
v 6.82073394 -4.54285240 -13.57712371
v 6.81780235 -4.48438835 -13.59750945
v 6.81317130 -4.43163681 -13.62972457
v 8.11712543 -4.54285240 -13.66984374
v 8.11712543 -4.48438835 -13.69043929
v 8.11712543 -4.43163681 -13.72298629
v 9.41351596 -4.54285240 -13.57712371
v 9.41644756 -4.48438835 -13.59750945
v 9.42108051 -4.43163681 -13.62972457
v 10.68351642 -4.54285240 -13.30085189
v 10.68931857 -4.48438835 -13.32061202
v 10.69848911 -4.43163681 -13.35184294
v 11.90127269 -4.54285240 -12.84665496
v 11.90982715 -4.48438835 -12.86538512
v 11.92334834 -4.43163681 -12.89499480
v 13.04199496 -4.54285240 -12.22377211
v 13.05312816 -4.48438835 -12.24109847
v 13.07072536 -4.43163681 -12.26848037
v 14.08245937 -4.54285240 -11.44489104
v 14.09594623 -4.48438835 -11.46045500
v 14.11726085 -4.43163681 -11.48505217
v 15.00148860 -4.54285240 -10.52586180
v 15.01705257 -4.48438835 -10.53934676
v 15.04164973 -4.43163681 -10.56066329
v 15.78037158 -4.54285240 -9.48539550
v 15.79769603 -4.48438835 -9.49653060
v 15.82507602 -4.43163681 -9.51412780
v 16.40325252 -4.54285240 -8.34467513
v 16.42198459 -4.48438835 -8.35322768
v 16.45159236 -4.43163681 -8.36675078
v 16.85745136 -4.54285240 -7.12691790
v 16.87721149 -4.48438835 -7.13272006
v 16.90844051 -4.43163681 -7.14189059
v 17.13372318 -4.54285240 -5.85691935
v 17.15410701 -4.48438835 -5.85985095
v 17.18632404 -4.43163681 -5.86448199
v 4.56853858 -4.54841471 4.54753392
v 4.56675712 -4.49356651 4.56519216
v 4.56485358 -4.43502998 4.59933751
v 0.80893699 -5.20594215 10.13214010
v 0.80786506 -5.20004034 10.18487447
v 0.80511466 -5.18732882 10.22130101
v 0.80248252 -5.17717791 10.23823446
v 0.78983299 -5.14114714 -4.56052882
v 0.80038825 -5.17002583 10.24676793
v 0.79773322 -5.16179276 10.25397390
v 0.79442970 -5.15258265 10.25921529
v 0.79197303 -5.14629793 10.26123708
v 0.78927985 -5.13986015 10.26208394
v 0.76313392 -5.09223509 10.26362890
v 0.75625983 -5.08253050 -4.56052882
v 0.72706977 -5.04883480 10.26504033
v 0.71003333 -5.03327179 -4.56052882
v 0.68235008 -5.01262569 10.26621908
v 0.65366355 -4.99604416 -4.56052882
v 0.63136283 -4.98595858 10.26708501
v 0.59020988 -4.97286749 -4.56052882
v 0.57720939 -4.97008944 10.26760000
v 8.79830257 -4.97286749 2.93550008
v 8.11712543 -4.99604416 2.90293401
v 8.11712543 -4.97286749 2.96638578
v 8.79256145 -4.99604416 2.87230771
v 8.78745929 -5.03327179 2.81617063
v 8.11712543 -5.08253050 2.80033773
v 8.11712543 -5.03327179 2.84656423
v 8.78327647 -5.08253050 2.77013295
v 8.11712543 -5.14114714 2.76676267
v 8.78023807 -5.14114714 2.73669523
v 9.26037875 -5.20594215 2.65768140
v 8.11712543 -5.20594215 2.74765867
v 9.29459468 -4.97286749 2.87371724
v 9.28466884 -4.99604416 2.81104558
v 9.27585117 -5.03327179 2.75537198
v 9.26861850 -5.08253050 2.70971387
v 9.26336566 -5.14114714 2.67655080
v 10.13834277 -4.97286749 2.68992894
v 10.12130252 -4.99604416 2.62880605
v 10.10616580 -5.03327179 2.57450765
v 10.09375278 -5.08253050 2.52997869
v 10.08473674 -5.14114714 2.49763578
v 10.37547961 -5.20594215 2.38996976
v 10.44307033 -4.97286749 2.59799283
v 10.42346278 -4.99604416 2.53764623
v 10.40604297 -5.03327179 2.48403638
v 10.39175884 -5.08253050 2.44007200
v 10.38138286 -5.14114714 2.40813916
v 10.78620616 -4.97286749 2.47725766
v 10.76370517 -4.99604416 2.41792959
v 10.74371806 -5.03327179 2.36522382
v 10.72732440 -5.08253050 2.32200139
v 10.71541873 -5.14114714 2.29060643
v 11.43497363 -5.20594215 1.95111364
v 11.41216556 -4.97286749 2.20682996
v 11.38438884 -4.99604416 2.14978116
v 11.35971156 -5.03327179 2.09910100
v 11.33947459 -5.08253050 2.05753988
v 11.32477657 -5.14114714 2.02735036
v 12.01108257 -4.97286749 1.88086408
v 11.97825710 -4.99604416 1.82656186
v 11.94909564 -5.03327179 1.77832311
v 11.92518131 -5.08253050 1.73876279
v 12.41277019 -5.20594215 1.35191816
v 11.90781108 -5.14114714 1.71002858
v 12.54133502 -4.97286749 1.52887243
v 12.50403873 -4.99604416 1.47753995
v 12.47090617 -5.03327179 1.43193525
v 12.44373409 -5.08253050 1.39453786
v 12.42399875 -5.14114714 1.36737340
v 13.10839359 -4.97286749 1.07344716
v 13.06631747 -4.99604416 1.02595228
v 13.02893726 -5.03327179 0.98375982
v 12.99828235 -5.08253050 0.94915860
v 12.97601787 -5.14114714 0.92402738
v 13.28479472 -5.20594215 0.60714048
v 13.43945781 -4.97286749 0.76180356
v 13.39459125 -4.99604416 0.71693700
v 13.35473148 -5.03327179 0.67707723
v 13.32204524 -5.08253050 0.64439100
v 13.59778110 -4.97286749 0.59862417
v 13.29830257 -5.14114714 0.62064832
v 13.55157748 -4.99604416 0.55513280
v 13.51053325 -5.03327179 0.51649564
v 13.47687427 -5.08253050 0.48481077
v 13.45242587 -5.14114714 0.46179670
v 14.04218761 -4.97286749 0.08146184
v 13.99223987 -4.99604416 0.04232877
v 13.94786731 -5.03327179 0.00756543
v 13.91147891 -5.08253050 -0.02094371
v 14.20652667 -4.97286749 -0.13631922
v 13.88504688 -5.14114714 -0.04164988
v 14.02957240 -5.20594215 -0.26488406
v 14.15519420 -4.99604416 -0.17361552
v 14.10958949 -5.03327179 -0.20674807
v 14.07219211 -5.08253050 -0.23392016
v 14.04502765 -5.14114714 -0.25365550
v 14.43797008 -4.97286749 -0.47379786
v 14.38468448 -4.99604416 -0.50825030
v 14.33734790 -5.03327179 -0.53885562
v 14.29852954 -5.08253050 -0.56395251
v 14.27033321 -5.14114714 -0.58218295
v 14.62876788 -5.20594215 -1.24268061
v 14.78187648 -4.97286749 -1.06259639
v 14.72569362 -4.99604416 -1.09208400
v 14.67578212 -5.03327179 -1.11828143
v 14.63485042 -5.08253050 -1.13976390
v 14.60511867 -5.14114714 -1.15536601
v 15.07108775 -4.97286749 -1.68010241
v 15.01246539 -4.99604416 -1.70438487
v 14.96038715 -5.03327179 -1.72595698
v 14.91767970 -5.08253050 -1.74364764
v 14.88665858 -5.14114714 -1.75649554
v 15.06762401 -5.20594215 -2.30217463
v 15.27564708 -4.97286749 -2.23458392
v 15.21530048 -4.99604416 -2.25419146
v 15.16169063 -5.03327179 -2.27161128
v 15.11772624 -5.08253050 -2.28589541
v 15.08579341 -5.14114714 -2.29627139
v 15.47639171 -4.97286749 -2.98077113
v 15.41435329 -4.99604416 -2.99408824
v 15.35924045 -5.03327179 -3.00591952
v 15.31404392 -5.08253050 -3.01562220
v 15.28121463 -5.14114714 -3.02266795
v 15.33533565 -5.20594215 -3.41727549
v 15.55137149 -4.97286749 -3.38305957
v 15.48869983 -4.99604416 -3.39298541
v 15.43302623 -5.03327179 -3.40180308
v 15.38736812 -5.08253050 -3.40903575
v 15.58915988 -4.97286749 -3.65325839
v 15.35420505 -5.14114714 -3.41428858
v 15.52617160 -4.99604416 -3.66090686
v 15.47021381 -5.03327179 -3.66770274
v 15.42432300 -5.08253050 -3.67327410
v 15.39099208 -5.14114714 -3.67732150
v 15.64060680 -4.97286749 -4.33319194
v 15.57718364 -4.99604416 -4.33510882
v 15.52084056 -5.03327179 -4.33681208
v 15.47463504 -5.08253050 -4.33820826
v 15.64404002 -4.97286749 -4.56052882
v 15.44107333 -5.14114714 -4.33922297
v 15.58058826 -4.99604416 -4.56052882
v 15.52421848 -5.03327179 -4.56052882
v 15.47799197 -5.08253050 -4.56052882
v 15.44441692 -5.14114714 -4.56052882
v 15.63030711 -4.97286749 -5.01499278
v 15.56697170 -4.99604416 -5.01116091
v 15.51070491 -5.03327179 -5.00775820
v 15.46456233 -5.08253050 -5.00496585
v 15.43104831 -5.14114714 -5.00293833
v 15.55834857 -4.97286749 -5.69306094
v 15.49561969 -4.99604416 -5.68351466
v 15.43989269 -5.03327179 -5.67503268
v 15.39419261 -5.08253050 -5.66807849
v 15.36099712 -5.14114714 -5.66302592
v 15.42532054 -4.97286749 -6.36183840
v 15.36371318 -4.99604416 -6.34665210
v 15.30898181 -5.03327179 -6.33316333
v 15.26409999 -5.08253050 -6.32210070
v 15.23149768 -5.14114714 -6.31406314
v 15.27564708 -4.97286749 -6.88647372
v 15.21530048 -4.99604416 -6.86686618
v 15.16169063 -5.03327179 -6.84944445
v 15.11772624 -5.08253050 -6.83516223
v 15.08579341 -5.14114714 -6.82478625
v 14.98091785 -4.97286749 -7.64966780
v 14.92305652 -4.99604416 -7.62362868
v 14.87165347 -5.03327179 -7.60049254
v 14.82949916 -5.08253050 -7.58152205
v 14.79888049 -5.14114714 -7.56773955
v 14.82365504 -4.97286749 -7.97767455
v 14.76711932 -4.99604416 -7.94886977
v 14.71689502 -5.03327179 -7.92327697
v 14.67570583 -5.08253050 -7.90229232
v 14.64578906 -5.14114714 -7.88704879
v 14.67318813 -4.97286749 -8.25815779
v 14.61792079 -4.99604416 -8.22698790
v 14.56882182 -5.03327179 -8.19929702
v 14.52855769 -5.08253050 -8.17658812
v 14.49931232 -5.14114714 -8.16009337
v 14.31165401 -4.97286749 -8.83630187
v 14.25943462 -4.99604416 -8.80025679
v 14.21304408 -5.03327179 -8.76823622
v 14.17500011 -5.08253050 -8.74197585
v 14.14736835 -5.14114714 -8.72290236
v 13.89928333 -4.97286749 -9.37935454
v 13.85053912 -4.99604416 -9.33873183
v 13.80723659 -5.03327179 -9.30264479
v 13.77172557 -5.08253050 -9.27305037
v 13.74593250 -5.14114714 -9.25155455
v 13.43945781 -4.97286749 -9.88286025
v 13.39459125 -4.99604416 -9.83799178
v 13.35473148 -5.03327179 -9.79813201
v 13.32204524 -5.08253050 -9.76544768
v 13.29830257 -5.14114714 -9.74170500
v 12.93595210 -4.97286749 -10.34268386
v 12.89532939 -4.99604416 -10.29393965
v 12.85924236 -5.03327179 -10.25063903
v 12.82964793 -5.08253050 -10.21512801
v 12.80815212 -5.14114714 -10.18933303
v 12.54133502 -4.97286749 -10.64992720
v 12.50403873 -4.99604416 -10.59859664
v 12.47090617 -5.03327179 -10.55299193
v 12.44373409 -5.08253050 -10.51559264
v 12.42399875 -5.14114714 -10.48842818
v 11.81475726 -4.97286749 -11.11659056
v 11.78358546 -4.99604416 -11.06132323
v 11.75589458 -5.03327179 -11.01222426
v 11.73318568 -5.08253050 -10.97196013
v 11.71669093 -5.14114714 -10.94271666
v 11.53427402 -4.97286749 -11.26705748
v 11.50546733 -4.99604416 -11.21051985
v 11.47987643 -5.03327179 -11.16029555
v 11.45888988 -5.08253050 -11.11910826
v 11.44364635 -5.14114714 -11.08918959
v 11.20626727 -4.97286749 -11.42431838
v 11.18022624 -4.99604416 -11.36645705
v 11.15709201 -5.03327179 -11.31505400
v 11.13811961 -5.08253050 -11.27290160
v 11.12433902 -5.14114714 -11.24228102
v 10.57242671 -4.97286749 -11.67571837
v 10.55172817 -4.99604416 -11.61573607
v 10.53333942 -5.03327179 -11.56245238
v 10.51826183 -5.08253050 -11.51875502
v 10.50730792 -5.14114714 -11.48701293
v 9.91843501 -4.97286749 -11.86872298
v 9.90324870 -4.99604416 -11.80711562
v 9.88975993 -5.03327179 -11.75238234
v 9.87869731 -5.08253050 -11.70750243
v 9.87066165 -5.14114714 -11.67490203
v 9.29459468 -4.97286749 -11.99477202
v 9.28466884 -4.99604416 -11.93210036
v 9.27585117 -5.03327179 -11.87642867
v 9.26861850 -5.08253050 -11.83077056
v 9.26336566 -5.14114714 -11.79760558
v 8.57158939 -4.97286749 -12.07370955
v 8.56775752 -4.99604416 -12.01037413
v 8.56435481 -5.03327179 -11.95410735
v 8.56156436 -5.08253050 -11.90796477
v 8.55953685 -5.14114714 -11.87444884
v 8.11712543 -4.97286749 -12.08744246
v 8.11712543 -4.99604416 -12.02398879
v 8.11712543 -5.03327179 -11.96761901
v 8.11712543 -5.08253050 -11.92139250
v 7.88979045 -4.97286749 -12.08400923
v 8.11712543 -5.14114714 -11.88781935
v 7.89170734 -4.99604416 -12.02058608
v 7.89340869 -5.03327179 -11.96424300
v 7.89480487 -5.08253050 -11.91803557
v 7.89581958 -5.14114714 -11.88447386
v 7.20985595 -4.97286749 -12.03256041
v 7.21750442 -4.99604416 -11.96957213
v 7.22429839 -5.03327179 -11.91361434
v 7.22986976 -5.08253050 -11.86772353
v 6.93965522 -4.97286749 -11.99477202
v 7.23391715 -5.14114714 -11.83439452
v 6.94958297 -4.99604416 -11.93210036
v 6.95840064 -5.03327179 -11.87642867
v 6.96563140 -5.08253050 -11.83077056
v 6.97088424 -5.14114714 -11.79760558
v 6.53736869 -4.97286749 -11.91979415
v 6.55068580 -4.99604416 -11.85775573
v 6.56251518 -5.03327179 -11.80264098
v 6.57221786 -5.08253050 -11.75744445
v 6.57926551 -5.14114714 -11.72461516
v 5.87784568 -4.97286749 -11.74662978
v 5.89672080 -4.99604416 -11.68604857
v 5.91349021 -5.03327179 -11.63223464
v 5.92724601 -5.08253050 -11.58810240
v 5.93723289 -5.14114714 -11.55604369
v 5.23669807 -4.97286749 -11.51449019
v 5.26098243 -4.99604416 -11.45586592
v 5.28255454 -5.03327179 -11.40378768
v 5.30024329 -5.08253050 -11.36108214
v 5.31309119 -5.14114714 -11.33006102
v 4.69997779 -4.97286749 -11.26705748
v 4.72878257 -4.99604416 -11.21051985
v 4.75437537 -5.03327179 -11.16029555
v 4.77536002 -5.08253050 -11.11910826
v 4.79060355 -5.14114714 -11.08918959
v 4.03039542 -4.97286749 -10.88137252
v 4.06484596 -4.99604416 -10.82808501
v 4.09545127 -5.03327179 -10.78074843
v 4.12054816 -5.08253050 -10.74193007
v 4.13877860 -5.14114714 -10.71373564
v 3.69291679 -4.97286749 -10.64992720
v 3.73021308 -4.99604416 -10.59859664
v 3.76334373 -5.03327179 -10.55299193
v 3.79051582 -5.08253050 -10.51559264
v 3.47513572 -4.97286749 -10.48559005
v 3.81025306 -5.14114714 -10.48842818
v 3.51426688 -4.99604416 -10.43564040
v 3.54903022 -5.03327179 -10.39126784
v 3.57754127 -5.08253050 -10.35487944
v 3.59824744 -5.14114714 -10.32845122
v 2.95797340 -4.97286749 -10.04118163
v 3.00146476 -4.99604416 -9.99497802
v 3.04010001 -5.03327179 -9.95393569
v 3.07178489 -5.08253050 -9.92027480
v 2.79479209 -4.97286749 -9.88286025
v 3.09479896 -5.14114714 -9.89582640
v 2.83966056 -4.99604416 -9.83799178
v 2.87952033 -5.03327179 -9.79813201
v 2.91220466 -5.08253050 -9.76544768
v 2.93594733 -5.14114714 -9.74170500
v 2.48315040 -4.97286749 -9.55179412
v 2.53064338 -4.99604416 -9.50971801
v 2.57283775 -5.03327179 -9.47233779
v 2.60743705 -5.08253050 -9.44168669
v 2.63256828 -5.14114714 -9.41942031
v 2.05456153 -4.97286749 -9.02144438
v 2.10567085 -4.99604416 -8.98383910
v 2.15107337 -5.03327179 -8.95042998
v 2.18830482 -5.08253050 -8.92303664
v 2.21535102 -5.14114714 -8.90313536
v 1.67573158 -4.97286749 -8.45448500
v 1.73003379 -4.99604416 -8.42165953
v 1.77827445 -5.03327179 -8.39249617
v 1.81783286 -5.08253050 -8.36858184
v 1.84656516 -5.14114714 -8.35121352
v 1.41059486 -4.97286749 -7.97767455
v 1.46713248 -4.99604416 -7.94886977
v 1.51735679 -5.03327179 -7.92327697
v 1.55854408 -5.08253050 -7.90229232
v 1.58846275 -5.14114714 -7.88704879
v 1.07933799 -4.97286749 -7.22960955
v 1.13866798 -4.99604416 -7.20710665
v 1.19137183 -5.03327179 -7.18712146
v 1.23459617 -5.08253050 -7.17072589
v 1.26599113 -5.14114714 -7.15882022
v 0.95860282 -4.97286749 -6.88647372
v 1.01895133 -4.99604416 -6.86686618
v 1.07255927 -5.03327179 -6.84944445
v 1.11652366 -5.08253050 -6.83516223
v 1.14845649 -5.14114714 -6.82478625
v 0.86666862 -4.97286749 -6.58174426
v 0.92779151 -4.99604416 -6.56470401
v 0.98208991 -5.03327179 -6.54956729
v 1.02661506 -5.08253050 -6.53715426
v 1.05895988 -5.14114714 -6.52814013
v 0.71350089 -4.97286749 -5.91729266
v 0.77591315 -4.99604416 -5.90585429
v 0.83135978 -5.03327179 -5.89569384
v 0.87683097 -5.08253050 -5.88736254
v 0.90985481 -5.14114714 -5.88130862
v 0.62109748 -4.97286749 -5.24170596
v 0.68428794 -4.99604416 -5.23596293
v 0.74042503 -5.03327179 -5.23086268
v 0.78646461 -5.08253050 -5.22667796
v 0.81990043 -5.14114714 -5.22363955
v 4.70798866 -5.20594215 2.74765867
v 4.65475456 -5.19992256 2.74875348
v 4.68117133 -5.20446253 2.74791616
v 4.63052360 -5.19245386 2.75030225
v 4.61028281 -5.18270350 2.75263303
v 4.59809104 -5.17422724 2.75495237
v 4.57804862 -5.13986015 2.76731580
v 4.57649986 -5.09223509 2.79346174
v 4.57954017 -5.14875555 2.76364225
v 4.58358375 -5.15787315 2.76022619
v 4.59007255 -5.16662359 2.75727170
v 4.57509223 -5.04883480 2.82952779
v 4.57391349 -5.01262569 2.87424558
v 4.57304755 -4.98595858 2.92523473
v 4.57253257 -4.97008944 2.97938627
v 0.44910804 -4.97007370 10.26760000
v 0.43611518 -4.97284651 -4.56052882
v 0.39503471 -4.98589373 10.26708501
v 0.37273399 -4.99596262 -4.56052882
v 0.34411231 -5.01247644 10.26622289
v 0.31641380 -5.03309631 -4.56052882
v 0.29943076 -5.04857492 10.26504796
v 0.27019492 -5.08223915 -4.56052882
v 0.26336280 -5.09185266 10.26364415
v 0.23657981 -5.14073086 -4.56052882
v 0.23717109 -5.13936090 10.26209920
v 0.23348228 -5.14824963 10.26060766
v 0.23004905 -5.15736103 10.25656408
v 0.22707740 -5.16610575 10.25007528
v 0.22474281 -5.17370510 10.24205678
v 0.21739188 -5.20540619 -4.56052882
v 0.22240821 -5.18217707 10.22986501
v 0.22005836 -5.19192314 10.20962423
v 0.21849815 -5.19938898 10.18539327
v 0.21765128 -5.20392704 10.15897649
v 0.21739188 -5.20540619 10.13215917
v 8.11712543 -4.97284651 3.12048238
v 8.61861125 -4.99596262 3.16760724
v 8.11712543 -4.99596262 3.18386167
v 8.11712543 -5.03309631 3.24018377
v 8.11712543 -5.08223915 3.28640264
v 8.11712543 -5.14073086 3.32001584
v 8.11712543 -5.20540619 3.33920568
v 9.12927715 -5.08223915 3.22085088
v 9.35291568 -5.20540619 3.24194806
v 9.11604968 -4.99596262 3.11916631
v 9.34465686 -5.08223915 3.18979352
v 9.32861606 -4.99596262 3.08851522
v 9.74595729 -4.99596262 3.01063245
v 10.55827800 -5.20540619 2.95256513
v 10.42700855 -5.08223915 2.93872159
v 10.39682475 -4.99596262 2.84072393
v 11.06320277 -4.99596262 2.60160726
v 11.70353023 -5.20540619 2.47818654
v 11.67955867 -5.08223915 2.43113797
v 11.63300601 -4.99596262 2.33977407
v 12.22254268 -4.99596262 2.00613874
v 12.76047412 -5.20540619 1.83049100
v 12.72943584 -5.08223915 1.78777211
v 12.66916362 -4.99596262 1.70481389
v 13.29603854 -4.99596262 1.19746106
v 13.70308200 -5.20540619 1.02542775
v 13.66574374 -5.08223915 0.98808950
v 13.59323589 -4.99596262 0.91558164
v 13.82880679 -5.08223915 0.82008832
v 13.75416652 -4.99596262 0.74977582
v 14.29213992 -5.08223915 0.28132337
v 14.50814525 -5.20540619 0.08281987
v 14.21144572 -4.99596262 0.21805089
v 14.46542636 -5.08223915 0.05178159
v 14.38246814 -4.99596262 -0.00849063
v 14.62200061 -4.99596262 -0.35789019
v 15.03543178 -5.08223915 -0.85764033
v 15.15584079 -5.20540619 -0.97412402
v 14.94502536 -4.99596262 -0.90602977
v 15.22455302 -4.99596262 -1.48480899
v 15.45493976 -5.08223915 -1.78009516
v 15.63021938 -5.20540619 -2.11937625
v 15.35905162 -4.99596262 -1.81643016
v 15.57495013 -5.08223915 -2.12020213
v 15.47749225 -4.99596262 -2.15209300
v 15.66637126 -4.99596262 -2.83297068
v 15.91960231 -5.20540619 -3.32473857
v 15.86744777 -5.08223915 -3.33299739
v 15.76616946 -4.99596262 -3.34903819
v 15.84942523 -4.99596262 -4.12797267
v 16.01685992 -5.20540619 -4.56052882
v 15.96405689 -5.08223915 -4.56052882
v 15.86151592 -4.99596262 -4.56052882
v 15.95900241 -5.08223915 -4.84212786
v 15.85652629 -4.99596262 -4.83844859
v 15.90945712 -5.08223915 -5.48459346
v 15.91960231 -5.20540619 -5.79631907
v 15.80762950 -4.99596262 -5.47251803
v 15.86744777 -5.08223915 -5.78805835
v 15.76616946 -4.99596262 -5.77201754
v 15.70628635 -4.99596262 -6.10332400
v 15.63974849 -5.08223915 -6.79312426
v 15.63021938 -5.20540619 -7.00168139
v 15.54144565 -4.99596262 -6.76394946
v 15.30900279 -4.99596262 -7.43323809
v 15.15584079 -5.20540619 -8.14693267
v 15.14015285 -5.08223915 -8.06073195
v 15.04837695 -4.99596262 -8.01498992
v 14.96689693 -5.08223915 -8.38870818
v 14.87738506 -4.99596262 -8.33868224
v 14.78837863 -5.08223915 -8.69195754
v 14.50814525 -5.20540619 -9.20387465
v 14.70120136 -4.99596262 -8.63796813
v 14.46542636 -5.08223915 -9.17283828
v 14.38246814 -4.99596262 -9.11256606
v 13.89537898 -4.99596262 -9.71681792
v 13.70308200 -5.20540619 -10.14648253
v 13.66574374 -5.08223915 -10.10914427
v 13.59323589 -4.99596262 -10.03663832
v 12.91055957 -4.99596262 -10.64317137
v 12.76047412 -5.20540619 -10.95154769
v 12.72943584 -5.08223915 -10.90882689
v 12.66916362 -4.99596262 -10.82586867
v 12.39314548 -4.99596262 -11.01740081
v 11.87651340 -5.08223915 -11.44829375
v 11.70353023 -5.20540619 -11.59924132
v 11.82738582 -4.99596262 -11.35828597
v 11.67955867 -5.08223915 -11.55219466
v 11.63300601 -4.99596262 -11.46082885
v 11.19057552 -4.99596262 -11.66893584
v 10.55827800 -5.20540619 -12.07362181
v 10.62833110 -5.08223915 -11.99478347
v 10.59551517 -4.99596262 -11.89763457
v 9.96625606 -4.99596262 -12.08091933
v 9.63798610 -5.08223915 -12.25866515
v 9.35291568 -5.20540619 -12.36300475
v 9.61811153 -4.99596262 -12.15806777
v 9.34465686 -5.08223915 -12.31085021
v 9.32861606 -4.99596262 -12.20957000
v 8.63660136 -4.99596262 -12.28747374
v 8.11712543 -5.20540619 -12.46026046
v 8.11712543 -5.08223915 -12.40745742
v 8.11712543 -4.99596262 -12.30491835
v 7.30287544 -4.99596262 -12.26199156
v 6.88133422 -5.20540619 -12.36300475
v 6.88959495 -5.08223915 -12.31085021
v 6.90563575 -4.99596262 -12.20957000
v 6.60276405 -4.99596262 -12.15541274
v 5.95666496 -5.08223915 -12.10418135
v 5.67597190 -5.20540619 -12.07362181
v 5.98489372 -4.99596262 -12.00560576
v 5.69229118 -5.08223915 -12.02340132
v 5.72397605 -4.99596262 -11.92587859
v 5.34015266 -5.08223915 -11.89965255
v 5.37644187 -4.99596262 -11.80374724
v 5.00384132 -5.08223915 -11.76342971
v 4.53071967 -5.20540619 -11.59924132
v 5.04452506 -4.99596262 -11.66930205
v 4.67532722 -5.08223915 -11.61236006
v 4.72030250 -4.99596262 -11.52020842
v 4.09960548 -4.99596262 -11.18133361
v 3.47377769 -5.20540619 -10.95154769
v 3.50938026 -5.08223915 -10.91214186
v 3.56959144 -4.99596262 -10.82914168
v 3.06508247 -4.99596262 -10.43014724
v 2.53116981 -5.20540619 -10.14648253
v 2.56850806 -5.08223915 -10.10914427
v 2.64101402 -4.99596262 -10.03663832
v 2.12065116 -4.99596262 -9.46133239
v 1.72610465 -5.20540619 -9.20387465
v 1.76882545 -5.08223915 -9.17283828
v 1.85178367 -4.99596262 -9.11256606
v 1.37030021 -4.99596262 -8.36261946
v 1.07841102 -5.20540619 -8.14693267
v 1.12545768 -5.08223915 -8.12296111
v 1.21682349 -4.99596262 -8.07640654
v 1.05058280 -4.99596262 -7.72905547
v 0.71740714 -5.08223915 -7.17175204
v 0.60403053 -5.20540619 -7.00168139
v 0.81410590 -4.99596262 -7.13762957
v 0.60990516 -4.99596262 -6.46242434
v 0.31464759 -5.20540619 -5.79631907
v 0.37747184 -5.08223915 -5.85363108
v 0.47861091 -4.99596262 -5.83673197
v 0.39934150 -4.99596262 -5.20193583
v 4.57253257 -4.97007370 3.10748952
v 4.57304374 -4.98589373 3.16156095
v 4.57390968 -5.01247644 3.21248334
v 4.57508079 -5.04857492 3.25716680
v 4.61881629 -5.18680000 3.33534711
v 4.70797340 -5.20540619 3.33920568
v 4.65524284 -5.19950676 3.33812040
v 4.57648841 -5.09185266 3.29323476
v 4.57803336 -5.13936090 3.31942457
v 4.59334556 -5.16950607 3.33059018
v 4.60187904 -5.17665434 3.33269590
v 4.58613960 -5.16127777 3.32791608
v 4.58089820 -5.15207434 3.32459920
v 4.57887641 -5.14579391 3.32212919
v 2.50862113 -4.37198639 10.14849752
v 2.50394813 -4.36817694 10.20136159
v 2.49354163 -4.36025286 10.23786443
v 2.48488609 -4.35420561 10.25481694
v 2.45209876 -4.33515692 -4.56052882
v 2.47861854 -4.35011005 10.26331609
v 2.47118751 -4.34554529 10.27048391
v 2.46263114 -4.34065914 10.27564138
v 2.45662681 -4.33745766 10.27758687
v 2.38859931 -4.31238365 -4.56052882
v 2.32155219 -4.30489922 -4.56052882
v 2.25591270 -4.31278896 10.27903264
v 2.25458900 -4.31310749 -4.56052882
v 2.19152061 -4.33647251 10.27826207
v 2.19133750 -4.33656549 -4.56052882
v 2.53816596 -4.33515692 -5.54424960
v 2.47562782 -4.31238365 -5.55527598
v 2.40959922 -4.30489922 -5.56691844
v 2.34365455 -4.31310749 -5.57854754
v 2.28136436 -4.33656549 -5.58953006
v 2.73406974 -4.31238365 -6.51980120
v 2.67106620 -4.30489922 -6.54273135
v 2.60814277 -4.31310749 -6.56563479
v 2.54870597 -4.33656549 -6.58726794
v 3.15607444 -4.31238365 -7.42479235
v 3.09801093 -4.30489922 -7.45831591
v 3.04001991 -4.31310749 -7.49179370
v 2.98524467 -4.33656549 -7.52342135
v 3.67745963 -4.30489922 -8.28584868
v 3.62616340 -4.31310749 -8.32889373
v 3.57770911 -4.33656549 -8.36955077
v 4.39180366 -4.30489922 -9.00019271
v 4.34875861 -4.31310749 -9.05148894
v 4.30810157 -4.33656549 -9.09994323
v 4.70318595 -4.33515692 -9.08131606
v 4.66491691 -4.31238365 -9.13199050
v 4.62451164 -4.30489922 -9.18549544
v 4.58415977 -4.31310749 -9.23893172
v 4.54603950 -4.33656549 -9.28940779
v 5.21933738 -4.30489922 -9.57964141
v 5.18585960 -4.31310749 -9.63763243
v 5.15423194 -4.33656549 -9.69240767
v 5.59200660 -4.33515692 -9.63165099
v 5.56370155 -4.31238365 -9.68849379
v 5.53381721 -4.30489922 -9.74851042
v 5.50396720 -4.31310749 -9.80845458
v 5.47577277 -4.33656549 -9.86507613
v 6.13492194 -4.30489922 -10.00658614
v 6.11201850 -4.31310749 -10.06950957
v 6.09038535 -4.33656549 -10.12894637
v 6.56681625 -4.33515692 -10.00929457
v 6.54943839 -4.31238365 -10.07037169
v 6.53109161 -4.30489922 -10.13485915
v 6.51276771 -4.31310749 -10.19926268
v 6.49545661 -4.33656549 -10.26009948
v 7.11073486 -4.30489922 -10.26805312
v 7.09910575 -4.31310749 -10.33399779
v 7.08812324 -4.33656549 -10.39628798
v 7.59442416 -4.33515692 -10.20138747
v 7.58856479 -4.31238365 -10.26461608
v 7.58237735 -4.30489922 -10.33137709
v 7.57619945 -4.31310749 -10.39805419
v 7.57036296 -4.33656549 -10.46103484
v 8.11712543 -4.30489922 -10.35610015
v 8.11712543 -4.31310749 -10.42306334
v 8.11712543 -4.33656549 -10.48631484
v 8.63982860 -4.33515692 -10.20138747
v 8.64568797 -4.31238365 -10.26461608
v 8.65187351 -4.30489922 -10.33137709
v 8.65805141 -4.31310749 -10.39805419
v 8.66388789 -4.33656549 -10.46103484
v 9.12351695 -4.30489922 -10.26805312
v 9.13514415 -4.31310749 -10.33399779
v 9.14612857 -4.33656549 -10.39628798
v 9.66743366 -4.33515692 -10.00929457
v 9.68481151 -4.31238365 -10.07037169
v 9.70316020 -4.30489922 -10.13485915
v 9.72148410 -4.31310749 -10.19926268
v 9.73879520 -4.33656549 -10.26009948
v 10.09932796 -4.30489922 -10.00658614
v 10.12223140 -4.31310749 -10.06950957
v 10.14386455 -4.33656549 -10.12894637
v 10.64224521 -4.33515692 -9.63165099
v 10.67055026 -4.31238365 -9.68849379
v 10.70043460 -4.30489922 -9.74851042
v 10.73028270 -4.31310749 -9.80845458
v 10.75847713 -4.33656549 -9.86507613
v 11.01491252 -4.30489922 -9.57964141
v 11.04839221 -4.31310749 -9.63763243
v 11.08001987 -4.33656549 -9.69240767
v 11.53106586 -4.33515692 -9.08131606
v 11.56933490 -4.31238365 -9.13199050
v 11.60973827 -4.30489922 -9.18549544
v 11.65009204 -4.31310749 -9.23893172
v 11.68821040 -4.33656549 -9.28940779
v 11.84244815 -4.30489922 -9.00019271
v 11.88548938 -4.31310749 -9.05148894
v 11.92614833 -4.33656549 -9.09994323
v 12.30362979 -4.33515692 -8.37703139
v 12.35055820 -4.31238365 -8.41981322
v 12.40010539 -4.30489922 -8.46497924
v 12.44959155 -4.31310749 -8.51009185
v 12.49633495 -4.33656549 -8.55270583
v 12.93362705 -4.33515692 -7.54278094
v 12.98761836 -4.31238365 -7.57620818
v 13.04462138 -4.30489922 -7.61150176
v 13.10155383 -4.31310749 -7.64675338
v 13.15533153 -4.33656549 -7.68005187
v 13.39960376 -4.33515692 -6.60697085
v 13.45881931 -4.31238365 -6.62991244
v 13.52133647 -4.30489922 -6.65413195
v 13.58377544 -4.31310749 -6.67832095
v 13.64275829 -4.33656549 -6.70117099
v 13.68569270 -4.33515692 -5.60147387
v 13.74811450 -4.31238365 -5.61314303
v 13.81401912 -4.30489922 -5.62546260
v 13.87983981 -4.31310749 -5.63776690
v 13.94201556 -4.33656549 -5.64938838
v 4.69163505 -4.37198639 1.04797452
v 4.63827506 -4.36810350 1.05273908
v 4.66475669 -4.37102461 1.04913610
v 4.61399833 -4.36340570 1.05879682
v 4.59372321 -4.35747385 1.06695073
v 4.58148948 -4.35248327 1.07430356
v 4.56179801 -4.33430099 1.10623449
v 4.56117622 -4.31517982 1.15693181
v 4.56314079 -4.33866882 1.09765523
v 4.56705467 -4.34338903 1.08910077
v 4.57347862 -4.34816504 1.08108228
v 4.56086723 -4.30566311 1.21238225
v 4.56091682 -4.30716896 1.26972669
v 4.56133262 -4.31993294 1.32565206
v 4.56208030 -4.34290552 1.37700933
v 2.07189170 -4.43557596 -4.56052882
v 2.06928626 -4.43897152 10.27521413
v 2.03916923 -4.48842859 -4.56052882
v 2.03495399 -4.49762869 10.27330678
v 2.01846305 -4.54704046 -4.56052882
v 2.01720039 -4.55262232 10.27152150
v 8.11712543 -4.54704046 1.53813451
v 9.17614833 -4.54704046 1.44548314
v 8.11712543 -4.48842859 1.51742833
v 9.17255107 -4.48842859 1.42508977
v 9.16686908 -4.43557596 1.39286512
v 8.11712543 -4.43557596 1.48470586
v 10.20299236 -4.54704046 1.17034047
v 10.19590846 -4.48842859 1.15088170
v 10.18471805 -4.43557596 1.12013334
v 11.16645709 -4.54704046 0.72106832
v 11.15610400 -4.48842859 0.70313733
v 11.13974277 -4.43557596 0.67479795
v 12.03727046 -4.54704046 0.11131948
v 12.02396098 -4.48842859 0.09545606
v 12.00292674 -4.43557596 0.07038968
v 12.78897372 -4.54704046 -0.64038378
v 12.77311031 -4.48842859 -0.65369326
v 12.74804393 -4.43557596 -0.67472750
v 13.39872257 -4.54704046 -1.51119715
v 13.38079158 -4.48842859 -1.52155024
v 13.35245219 -4.43557596 -1.53791148
v 13.84799472 -4.54704046 -2.47466189
v 13.82853595 -4.48842859 -2.48174578
v 13.79778758 -4.43557596 -2.49293620
v 13.91987697 -4.48842859 -2.75231845
v 13.88863651 -4.43557596 -2.76205355
v 14.12313739 -4.54704046 -3.50150592
v 14.10274402 -4.48842859 -3.50510318
v 14.07051936 -4.43557596 -3.51078517
v 14.15076724 -4.48842859 -3.82791239
v 14.11828319 -4.43557596 -3.83185679
v 14.21578876 -4.54704046 -4.56052882
v 14.19508258 -4.48842859 -4.56052882
v 14.16236011 -4.43557596 -4.56052882
v 14.18399326 -4.48842859 -4.92750651
v 14.15132991 -4.43557596 -4.92553050
v 14.12313739 -4.54704046 -5.61954982
v 14.10274402 -4.48842859 -5.61595446
v 14.07051936 -4.43557596 -5.61027247
v 14.01846782 -4.48842859 -6.01507861
v 13.98669711 -4.43557596 -6.00724704
v 13.84799472 -4.54704046 -6.64639575
v 13.82853595 -4.48842859 -6.63931185
v 13.79778758 -4.43557596 -6.62811953
v 13.65961353 -4.48842859 -7.05499942
v 13.62977306 -4.43557596 -7.04157168
v 13.39872257 -4.54704046 -7.60985762
v 13.38079158 -4.48842859 -7.59950453
v 13.35245219 -4.43557596 -7.58314330
v 13.11918536 -4.48842859 -8.01320082
v 13.09225551 -4.43557596 -7.99461180
v 12.78897372 -4.54704046 -8.48067290
v 12.77311031 -4.48842859 -8.46736342
v 12.74804393 -4.43557596 -8.44632918
v 12.41488925 -4.48842859 -8.85829360
v 12.39175121 -4.43557596 -8.83515364
v 12.03727046 -4.54704046 -9.23237426
v 12.02396098 -4.48842859 -9.21651274
v 12.00292674 -4.43557596 -9.19144637
v 11.56979839 -4.48842859 -9.56258589
v 11.55120937 -4.43557596 -9.53565795
v 11.16645709 -4.54704046 -9.84212691
v 11.15610400 -4.48842859 -9.82419402
v 11.13974277 -4.43557596 -9.79585463
v 10.61159793 -4.48842859 -10.10301406
v 10.59816638 -4.43557596 -10.07317549
v 10.20299236 -4.54704046 -10.29139525
v 10.19590846 -4.48842859 -10.27194030
v 10.18471805 -4.43557596 -10.24119002
v 9.57167522 -4.48842859 -10.46187026
v 9.56384555 -4.43557596 -10.43009764
v 9.17614833 -4.54704046 -10.56653792
v 9.17255107 -4.48842859 -10.54614455
v 9.16686908 -4.43557596 -10.51392180
v 8.48410312 -4.48842859 -10.62739379
v 8.48212711 -4.43557596 -10.59473235
v 8.11712543 -4.54704046 -10.65918929
v 8.11712543 -4.48842859 -10.63848311
v 8.11712543 -4.43557596 -10.60576064
v 7.38450900 -4.48842859 -10.59416777
v 7.38845340 -4.43557596 -10.56168563
v 7.05810348 -4.54704046 -10.56653792
v 7.06169883 -4.48842859 -10.54614455
v 7.06738082 -4.43557596 -10.51392180
v 6.30891410 -4.48842859 -10.36327941
v 6.31864921 -4.43557596 -10.33203704
v 6.03125755 -4.54704046 -10.29139525
v 6.03834144 -4.48842859 -10.27194030
v 6.04953376 -4.43557596 -10.24119002
v 5.29255668 -4.48842859 -9.94228942
v 5.30776588 -4.43557596 -9.91331679
v 4.36873618 -4.48842859 -9.34499556
v 4.38891593 -4.43557596 -9.31923491
v 3.56771079 -4.48842859 -8.59095961
v 3.59220115 -4.43557596 -8.56925780
v 2.91572181 -4.48842859 -7.70488555
v 2.94372550 -4.43557596 -7.68795592
v 2.41477576 -4.54704046 -6.72314364
v 2.43413535 -4.48842859 -6.71580035
v 2.46473304 -4.43557596 -6.70419986
v 2.11835853 -4.54704046 -5.65984256
v 2.13872520 -4.48842859 -5.65610987
v 2.17091361 -4.43557596 -5.65021235
v 4.56466285 -4.43109608 1.48114484
v 4.56623069 -4.47938061 1.51289457
v 4.56829444 -4.54288340 1.53711980
v -16.63387116 -4.33710527 10.27817052
v -16.61723527 -4.32845783 10.28249639
v -16.62597092 -4.33280373 10.28142064
v -16.64241227 -4.34220266 10.27170842
v -16.65255173 -4.34894943 10.25873082
v -7.08567055 -4.30777311 1.16348165
v -8.39975365 -4.33038902 1.19083684
v -7.08567055 -4.33038902 1.09992307
v -7.08567055 -4.36707830 1.04330915
v -8.40755090 -4.36707830 1.13476270
v -7.08567055 -4.30045414 1.23054593
v -8.38444146 -4.30095148 1.30099195
v -7.08567055 -4.33244324 1.36068052
v -8.37254723 -4.30882883 1.38651746
v -7.08567055 -4.30882883 1.29748624
v -8.36240777 -4.33807611 1.45945447
v -9.68879899 -4.33038902 1.46185010
v -9.70424088 -4.36707830 1.40738385
v -9.65846070 -4.30095148 1.56884473
v -9.63490113 -4.30882883 1.65191930
v -9.61481293 -4.33807611 1.72276395
v -10.92823991 -4.33038902 1.90779584
v -10.95103654 -4.36707830 1.85597509
v -10.88345536 -4.30095148 2.00959295
v -10.84868439 -4.30882883 2.08863157
v -10.81902894 -4.33807611 2.15603536
v -12.09446152 -4.33038902 2.52017682
v -12.12417802 -4.36707830 2.47198957
v -12.03608521 -4.30095148 2.61483854
v -11.99075898 -4.30882883 2.68833440
v -11.95210847 -4.33807611 2.75101369
v -13.16523942 -4.33038902 3.28732579
v -13.20130738 -4.36707830 3.24368947
v -13.09438142 -4.30095148 3.37304586
v -13.03936967 -4.30882883 3.43960088
v -12.99245270 -4.33807611 3.49635785
v -14.12017258 -4.33038902 4.19462293
v -14.16190537 -4.36707830 4.15636915
v -14.03818711 -4.30095148 4.26976865
v -13.97453126 -4.30882883 4.32811254
v -13.92024430 -4.33807611 4.37786954
v -14.94106110 -4.33038902 5.22478002
v -14.98766526 -4.36707830 5.19263738
v -14.84950837 -4.30095148 5.28791898
v -14.77842530 -4.30882883 5.33694165
v -14.71780213 -4.33807611 5.37874883
v -15.61226472 -4.33038902 6.35816663
v -15.66285142 -4.36707830 6.33274930
v -15.51288804 -4.30095148 6.40809720
v -15.43573197 -4.30882883 6.44686406
v -15.36993226 -4.33807611 6.47992414
v -16.17460068 -4.36707830 7.55498021
v -16.12099274 -4.33038902 7.57318776
v -16.51315888 -4.36707830 8.83603948
v -16.01568803 -4.30095148 7.60895818
v -15.93392762 -4.30882883 7.63673108
v -15.86420258 -4.33807611 7.66041463
v -16.45755585 -4.33038902 8.84669393
v -16.34832963 -4.30095148 8.86761754
v -16.26352128 -4.30882883 8.88386815
v -16.19119843 -4.33807611 8.89772313
v -16.61553391 -4.33038902 10.15441030
v -16.56466874 -4.30975151 10.28141301
v -16.67207536 -4.36707830 10.15151494
v -16.66287049 -4.35683060 10.23548406
v -16.67081269 -4.36424017 10.19705480
v -16.67236146 -4.36637306 10.17436498
v -16.50979432 -4.30163431 10.27987951
v -16.50446519 -4.30095148 10.16009420
v -16.45444306 -4.30385447 10.27795690
v -16.41823014 -4.30882883 10.16451162
v -16.40043458 -4.31616020 10.27572149
v -16.34959229 -4.33829927 10.27323049
v -16.34469041 -4.33807611 10.16827672
v -3.53055962 -4.33881235 1.37241643
v -3.52980813 -4.31571245 1.32111448
v -3.52938851 -4.30281019 1.26522153
v -3.52933511 -4.30116224 1.20788282
v -3.57072076 -4.35538149 1.05841916
v -3.66009148 -4.36707830 1.04330915
v -3.60722741 -4.36328030 1.04799169
v -3.52964028 -4.31054068 1.15240758
v -3.53025826 -4.32953596 1.10166448
v -3.54527291 -4.34527540 1.07336705
v -3.55377206 -4.34935570 1.06708806
v -3.53810509 -4.34072924 1.08080953
v -3.53294762 -4.33586407 1.08937734
v -3.53100213 -4.33267736 1.09538930
v -16.24354371 -4.42788601 10.26754277
v -7.08567055 -4.54285240 1.53295034
v -16.18838700 -4.53784132 10.26182454
v -16.04856690 -4.54285240 9.01557058
v -16.21240052 -4.47554684 10.26480382
v -16.06882676 -4.48438835 9.01189321
v -16.10085496 -4.43163681 9.00608342
v -15.73637589 -4.54285240 7.78833669
v -15.75593385 -4.48438835 7.78188413
v -15.78684434 -4.43163681 7.77168744
v -15.25701340 -4.54285240 6.61625570
v -15.27548798 -4.48438835 6.60715383
v -15.30468568 -4.43163681 6.59276861
v -14.61974152 -4.54285240 5.52197545
v -14.63677415 -4.48438835 5.51039975
v -14.66369447 -4.43163681 5.49210447
v -13.83687409 -4.54285240 4.52664274
v -13.85213670 -4.48438835 4.51281637
v -13.87626084 -4.43163681 4.49096578
v -12.92354401 -4.54285240 3.64949506
v -12.93674287 -4.48438835 3.63368505
v -12.95760163 -4.43163681 3.60869878
v -11.89739426 -4.54285240 2.90747922
v -11.90827378 -4.48438835 2.88999265
v -11.92546662 -4.43163681 2.86235708
v -10.77826127 -4.54285240 2.31493848
v -10.78661164 -4.48438835 2.29611295
v -10.79980286 -4.43163681 2.26635831
v -9.58777055 -4.54285240 1.88332074
v -9.59342774 -4.48438835 1.86351865
v -9.60236558 -4.43163681 1.83222287
v -8.34892663 -4.54285240 1.62096875
v -8.35178384 -4.48438835 1.60057348
v -7.08567055 -4.48438835 1.51235669
v -8.35629662 -4.43163681 1.56833928
v -7.08567055 -4.43163681 1.47980779
v -3.53708657 -4.54841471 1.53420537
v -3.53530511 -4.49356651 1.51654714
v -3.53340157 -4.43502998 1.48240178
v -9.43218049 -5.20540619 3.09907811
v -14.96354111 -5.15649700 10.26785558
v -14.95665940 -5.13867140 10.27285665
v -14.96026429 -5.14742565 10.27158635
v -14.96628007 -5.16532660 10.26167196
v -14.96829423 -5.17305231 10.25390905
v -14.97010621 -5.18170023 10.24199575
v -14.97126206 -5.18945837 10.22727865
v -7.08567055 -5.08223915 2.79533666
v -8.18181237 -5.13867140 2.83922857
v -7.08567055 -5.14073086 2.76172155
v -7.08567055 -5.20540619 2.74253171
v -8.27239236 -5.20540619 2.83217710
v -8.17297753 -5.04706907 2.90210813
v -7.08567055 -5.03309631 2.84155553
v -7.08567055 -4.97284651 2.96125692
v -8.16299447 -4.99596262 2.97317785
v -7.08567055 -4.99596262 2.89787763
v -8.15260323 -4.97039700 3.04714483
v -9.28220948 -5.04706907 3.14109891
v -9.26204118 -4.99596262 3.20997518
v -9.24105271 -4.97039700 3.28165906
v -10.46828660 -5.13867140 3.52560895
v -10.53871354 -5.20540619 3.53717893
v -10.44103059 -5.04706907 3.58295720
v -10.41021928 -4.99596262 3.64777463
v -10.37815675 -4.97039700 3.71523565
v -11.55548676 -5.13867140 4.15307134
v -11.56687745 -5.20540619 4.13653272
v -11.51946839 -5.04706907 4.20536130
v -11.47875413 -4.99596262 4.26446622
v -11.43638428 -4.97039700 4.32597822
v -12.45137223 -5.13867140 4.87181180
v -12.49333771 -5.20540619 4.88354009
v -12.40813264 -5.04706907 4.91831105
v -12.35926255 -4.99596262 4.97086805
v -12.30840119 -4.97039700 5.02556699
v -13.29706391 -5.20540619 5.76124471
v -13.28127488 -5.13867140 5.77365392
v -13.95982178 -5.20540619 6.74973005
v -13.23134812 -5.04706907 5.81288617
v -13.17492112 -4.99596262 5.85722822
v -13.11619004 -4.97039700 5.90338033
v -13.94234666 -5.13867140 6.75962537
v -13.88709458 -5.04706907 6.79091161
v -13.82464417 -4.99596262 6.82627576
v -13.75964555 -4.97039700 6.86307996
v -14.44605836 -5.13867140 7.82915586
v -14.46656235 -5.20540619 7.82655805
v -14.38674744 -5.04706907 7.85182279
v -14.31970795 -4.99596262 7.87744611
v -14.24993714 -4.97039700 7.90411084
v -14.78616532 -5.13867140 8.97154897
v -14.80578812 -5.20540619 8.96729177
v -14.72411164 -5.04706907 8.98501104
v -14.65397843 -4.99596262 9.00022786
v -14.58098038 -4.97039700 9.01606649
v -14.94755753 -5.13867140 10.11345952
v -14.92904099 -5.08983088 10.27334874
v -14.96980103 -5.20540619 10.14603704
v -14.97179993 -5.19708872 10.20641988
v -14.97130021 -5.20337582 10.17652410
v -14.89259919 -5.04759598 10.27328771
v -14.88420686 -5.04706907 10.11772054
v -14.84892854 -5.01298141 10.27268499
v -14.81259736 -4.99596262 10.12253850
v -14.79961976 -4.98700094 10.27155202
v -14.74626740 -4.97066927 10.26990789
v -14.73807343 -4.97039700 10.12755101
v -3.54107674 -4.97007370 2.97424978
v -3.54159173 -4.98589373 2.92017835
v -3.54245385 -5.01247644 2.86925596
v -3.54362878 -5.04857492 2.82457250
v -3.58736047 -5.18680000 2.74639219
v -3.67652138 -5.20540619 2.74253171
v -3.62378701 -5.19950676 2.74361890
v -3.54503640 -5.09185266 2.78850454
v -3.54657754 -5.13936090 2.76231473
v -3.56189355 -5.16950607 2.75114911
v -3.57042321 -5.17665434 2.74904340
v -3.55468758 -5.16127777 2.75382322
v -3.54944619 -5.15207434 2.75714010
v -3.54742440 -5.14579391 2.75961011
v -14.38818558 -5.17784357 10.22446721
v -14.40265855 -5.14063072 10.24975103
v -14.38460740 -5.18778181 10.20707601
v -14.39163789 -5.16832066 10.23589605
v -14.39484605 -5.15980387 10.24292653
v -14.39867219 -5.15013123 10.24782842
v -14.40062150 -5.14542007 10.24912923
v -14.43029603 -5.09129810 10.25273793
v -14.37962159 -5.20019197 10.16990560
v -14.37489899 -5.20594215 10.11620992
v -14.46686372 -5.04860353 10.25589269
v -14.51076707 -5.01358652 10.25909322
v -14.56039628 -4.98728704 10.26222127
v -14.61415299 -4.97074509 10.26515096
v -14.21463593 -5.20594215 9.03372091
v -8.17689141 -5.20594215 3.41600698
v -7.08567055 -5.14114714 3.31497663
v -7.08567055 -5.20594215 3.33408063
v -7.08567055 -5.08253050 3.28140157
v -14.32696732 -5.04809761 9.16321080
v -14.39815339 -4.99604416 9.14867299
v -14.47105988 -4.97048426 9.13378042
v -14.01914796 -5.04809761 8.08280843
v -13.89453706 -5.20594215 7.98729032
v -14.08731278 -4.99604416 8.05764669
v -14.15711793 -4.97048426 8.03187650
v -13.55114182 -5.04809761 7.06153768
v -13.42178162 -5.20594215 7.00038999
v -13.61470612 -4.99604416 7.02633565
v -13.67980012 -4.97048426 6.99028486
v -12.93375977 -5.04809761 6.12299627
v -12.80696687 -5.20594215 6.09514135
v -12.99125108 -4.99604416 6.07856839
v -13.05013093 -4.97048426 6.03306669
v -12.18126496 -5.04809761 5.28886693
v -12.06387528 -5.20594215 5.29184240
v -12.23135957 -4.99604416 5.23623746
v -12.28265961 -4.97048426 5.18233960
v -11.27485474 -5.14063072 4.63035100
v -11.20916947 -5.20594215 4.60850232
v -11.31104096 -5.04809761 4.57842153
v -11.35257920 -4.99604416 4.51880925
v -11.39512070 -4.97048426 4.45775693
v -10.31529816 -5.14063072 4.06488698
v -10.26201447 -5.20594215 4.06044286
v -10.34319505 -5.04809761 4.00807470
v -10.37521943 -4.99604416 3.94285482
v -10.40801438 -4.97048426 3.87606138
v -9.28112229 -5.14063072 3.65138715
v -9.24364289 -5.20594215 3.65995115
v -9.30008515 -5.04809761 3.59100240
v -9.32185563 -4.99604416 3.52168172
v -9.34415253 -4.97048426 3.45069021
v -8.19622811 -5.14063072 3.39940351
v -8.20581826 -5.04809761 3.33684057
v -7.08567055 -5.03327179 3.23517316
v -8.21683129 -4.99604416 3.26502317
v -7.08567055 -4.99604416 3.17880529
v -7.08567055 -4.97286749 3.11535352
v -8.22810754 -4.97048426 3.19147008
v -3.54107674 -4.97008944 3.10235303
v -3.54159173 -4.98595858 3.15650457
v -3.54246148 -5.01262569 3.20749181
v -3.54363641 -5.04883480 3.25221151
v -3.54504784 -5.09223509 3.28827565
v -3.54659661 -5.13986015 3.31442350
v -3.54808434 -5.14875555 3.31809705
v -3.55213174 -5.15787315 3.32151120
v -3.55862054 -5.16662359 3.32446759
v -3.56663903 -5.17422724 3.32678693
v -3.57883080 -5.18270350 3.32910436
v -3.59907159 -5.19245386 3.33143705
v -3.62329873 -5.19992256 3.33298391
v -3.67653664 -5.20594215 3.33408063
v -3.64971932 -5.20446253 3.33382314
v -7.08567055 -4.43557596 4.59703344
v -13.17487534 -4.55174065 10.28581899
v -7.08567055 -4.54704046 4.54360288
v -8.10524377 -4.55171824 4.62835210
v -7.08567055 -4.48842859 4.56431096
v -8.10229119 -4.49741936 4.64575475
v -8.09664925 -4.43961763 4.67903226
v -9.09612473 -4.55171824 4.88338178
v -9.09030732 -4.49741936 4.90004438
v -9.07918366 -4.43961763 4.93191236
v -10.03043946 -4.55171824 5.30044835
v -10.02191743 -4.49741936 5.31590551
v -10.00562485 -4.43961763 5.34546560
v -10.88189896 -4.55171824 5.86781972
v -10.87091264 -4.49741936 5.88163465
v -10.84990510 -4.43961763 5.90805524
v -11.62653931 -4.55171824 6.56953138
v -11.61340150 -4.49741936 6.58131498
v -11.58827409 -4.43961763 6.60385221
v -12.24341401 -4.55171824 7.38583654
v -12.22849091 -4.49741936 7.39525884
v -12.19994935 -4.43961763 7.41327756
v -12.71516618 -4.55171824 8.29376882
v -12.69887742 -4.49741936 8.30056279
v -12.66772660 -4.43961763 8.31355947
v -13.02852067 -4.55171824 9.26778310
v -13.15715607 -4.49750328 10.28670018
v -13.01132401 -4.49741936 9.27175802
v -13.12344559 -4.43969536 10.28693288
v -12.97843751 -4.43961763 9.27936452
v -3.53320702 -4.43109608 4.60059446
v -3.53477868 -4.47938061 4.56884282
v -3.53684243 -4.54288340 4.54461950
v -12.70461091 -4.35395288 10.25002950
v -12.73638352 -4.33621931 10.27085775
v -12.69487580 -4.35991812 10.23400777
v -12.71157273 -4.34979677 10.25816243
v -12.71938905 -4.34529448 10.26466649
v -12.72752198 -4.34082222 10.26888936
v -12.78957948 -4.31567764 10.27459615
v -12.68066987 -4.36843157 10.19492620
v -12.67193421 -4.37198639 10.14333623
v -12.84539231 -4.30581427 10.27801793
v -12.90203675 -4.30684423 10.28102010
v -12.95755204 -4.31889439 10.28350347
v -13.00986298 -4.34150362 10.28540319
v -7.08567055 -4.31238365 4.91373914
v -7.08567055 -4.33515692 4.97724241
v -7.08567055 -4.30489922 4.84669393
v -7.08567055 -4.31310749 4.77973264
v -7.08567055 -4.33656549 4.71648114
v -12.70831498 -4.30579090 9.34114736
v -12.48451051 -4.37198639 9.12311452
v -12.79726990 -4.31310749 9.32056325
v -12.53891953 -4.33515692 9.10780614
v -12.86783417 -4.34145451 9.30423253
v -12.64115342 -4.30579090 9.07903951
v -12.72904404 -4.31310749 9.05430883
v -12.41176423 -4.30579090 8.41970151
v -12.11240968 -4.37198639 8.15486043
v -12.49602708 -4.31310749 8.38453954
v -12.56286820 -4.34145451 8.35664647
v -12.16306885 -4.33515692 8.12979215
v -12.25825318 -4.30579090 8.08269017
v -12.34008988 -4.31310749 8.04219526
v -11.96537598 -4.30579090 7.56078428
v -11.56835755 -4.37198639 7.27168935
v -12.04257783 -4.31310749 7.51203244
v -12.10381516 -4.34145451 7.47336095
v -11.61353501 -4.33515692 7.23772138
v -11.69841965 -4.30579090 7.17389577
v -11.77139863 -4.31310749 7.11902326
v -11.38170823 -4.30579090 6.78855413
v -10.87097367 -4.37198639 6.50381559
v -11.44967850 -4.31310749 6.72758382
v -11.50359162 -4.34145451 6.67922300
v -10.90912064 -4.33515692 6.46210950
v -10.98079880 -4.30579090 6.38374227
v -11.04242524 -4.31310749 6.31636899
v -10.67718705 -4.30579090 6.12473768
v -10.04410371 -4.37198639 5.87750333
v -10.73400697 -4.31310749 6.05326741
v -10.77908143 -4.34145451 5.99657338
v -10.07391938 -4.33515692 5.82948583
v -10.12993821 -4.30579090 5.73925870
v -10.17810258 -4.31310749 5.66168874
v -9.87162598 -4.30579090 5.58801168
v -9.11603745 -4.37198639 5.41417974
v -9.91570481 -4.31310749 5.50804799
v -9.95066651 -4.34145451 5.44461911
v -9.13649949 -4.33515692 5.36149114
v -9.17494401 -4.30579090 5.26249021
v -9.20799836 -4.31310749 5.17737859
v -8.98769196 -4.30579090 5.19347089
v -8.11851891 -4.37198639 5.12968915
v -9.01778229 -4.31310749 5.10726636
v -9.04165467 -4.34145451 5.03888601
v -8.12892922 -4.33515692 5.07413381
v -7.08567055 -4.37198639 5.03376478
v -8.14848717 -4.30579090 4.96974653
v -8.16530236 -4.31310749 4.88000196
v -8.17863854 -4.34145451 4.80881398
v -3.66018304 -4.37198639 5.03376478
v -3.60682305 -4.36810350 5.02900022
v -3.63330468 -4.37102461 5.03260320
v -3.58254250 -4.36340570 5.02294248
v -3.56227120 -4.35747385 5.01478856
v -3.55003365 -4.35248327 5.00743573
v -3.53034600 -4.33430099 4.97550290
v -3.52972420 -4.31517982 4.92480748
v -3.53168877 -4.33866882 4.98408407
v -3.53559884 -4.34338903 4.99263852
v -3.54202660 -4.34816504 5.00065702
v -3.52941521 -4.30566311 4.86935514
v -3.52946481 -4.30716896 4.81201261
v -3.52987679 -4.31993294 4.75608724
v -3.53062447 -4.34290552 4.70472806
v 2.19133750 3.43656564 -4.56052882
v 2.25458900 3.41310763 -4.56052882
v 2.32155219 3.40489912 -4.56052882
v 2.36677543 3.40819979 -1.00435549
v 2.38859931 3.41238379 -4.56052882
v 2.40967933 3.41811514 -1.00467784
v 2.45209876 3.43515706 -4.56052882
v 2.45035926 3.43430090 -1.00520236
v 2.45894233 3.43866897 -1.00654513
v 2.46749488 3.44338894 -1.01045710
v 2.47551337 3.44816518 -1.01688296
v 2.48229209 3.45248318 -1.02489192
v 2.48964683 3.45747375 -1.03712947
v 2.49779884 3.46340585 -1.05740077
v 2.50385658 3.46810341 -1.08168132
v 2.50862113 3.47198629 -1.13503939
v 2.50746146 3.47102451 -1.10816104
v 2.28136436 3.43656564 -5.58953006
v 2.40959922 3.40489912 -5.56691844
v 2.47562782 3.41238379 -5.55527598
v 2.54870597 3.43656564 -6.58726794
v 2.67106620 3.40489912 -6.54273135
v 2.73406974 3.41238379 -6.51980120
v 2.98524467 3.43656564 -7.52342135
v 3.09801093 3.40489912 -7.45831591
v 3.15607444 3.41238379 -7.42479235
v 3.57770911 3.43656564 -8.36955077
v 3.67745963 3.40489912 -8.28584868
v 3.72881690 3.41238379 -8.24275405
v 4.30810157 3.43656564 -9.09994323
v 4.39180366 3.40489912 -9.00019271
v 4.43489829 3.41238379 -8.94883544
v 4.62451164 3.40489912 -9.18549544
v 4.66491691 3.41238379 -9.13199050
v 5.15423194 3.43656564 -9.69240767
v 5.21933738 3.40489912 -9.57964141
v 5.25286094 3.41238379 -9.52157790
v 5.53381721 3.40489912 -9.74851042
v 5.56370155 3.41238379 -9.68849379
v 6.09038535 3.43656564 -10.12894637
v 6.13492194 3.40489912 -10.00658614
v 6.15785209 3.41238379 -9.94358260
v 6.53109161 3.40489912 -10.13485915
v 6.54943839 3.41238379 -10.07037169
v 7.08812324 3.43656564 -10.39628798
v 7.11073486 3.40489912 -10.26805312
v 7.12237731 3.41238379 -10.20202452
v 7.58237735 3.40489912 -10.33137709
v 7.58856479 3.41238379 -10.26461608
v 8.11712543 3.43656564 -10.48631484
v 8.11712543 3.40489912 -10.35610015
v 8.11712543 3.41238379 -10.28905303
v 8.65187351 3.40489912 -10.33137709
v 8.64568797 3.41238379 -10.26461608
v 9.14612857 3.43656564 -10.39628798
v 9.12351695 3.40489912 -10.26805312
v 9.11187450 3.41238379 -10.20202452
v 9.70316020 3.40489912 -10.13485915
v 9.68481151 3.41238379 -10.07037169
v 10.14386455 3.43656564 -10.12894637
v 10.09932796 3.40489912 -10.00658614
v 10.07639781 3.41238379 -9.94358260
v 10.70043460 3.40489912 -9.74851042
v 10.67055026 3.41238379 -9.68849379
v 11.08001987 3.43656564 -9.69240767
v 11.01491252 3.40489912 -9.57964141
v 10.98138896 3.41238379 -9.52157790
v 11.60973827 3.40489912 -9.18549544
v 11.56933490 3.41238379 -9.13199050
v 11.92614833 3.43656564 -9.09994323
v 11.84244815 3.40489912 -9.00019271
v 11.79935161 3.41238379 -8.94883544
v 12.40010539 3.40489912 -8.46497924
v 12.35055820 3.41238379 -8.41981322
v 13.04462138 3.40489912 -7.61150176
v 12.98761836 3.41238379 -7.57620818
v 13.52133647 3.40489912 -6.65413195
v 13.45881931 3.41238379 -6.62991244
v 13.94201556 3.43656564 -5.64938838
v 13.81401912 3.40489912 -5.62546260
v 13.74811450 3.41238379 -5.61314303
v -7.08567055 3.43656564 1.36525815
v -7.08567055 3.41310763 1.30200666
v -7.08567055 3.40489912 1.23504537
v -7.08567055 3.41238379 1.16799825
v -7.08567055 3.43515706 1.10449689
v -7.08567055 3.47198629 1.04797452
v -16.61266907 3.43321848 10.28243535
v -16.62520417 3.43962860 10.28007406
v -16.61908540 3.43639112 10.28188604
v -16.63401612 3.44469070 10.27493947
v -16.64758881 3.45355654 10.25923055
v -16.64147385 3.44938517 10.26772588
v -8.36318978 3.43656564 1.45364278
v -8.37616738 3.40733671 1.36031431
v -8.39035424 3.41238379 1.25826162
v -8.39943703 3.43639064 1.19293302
v -8.40688332 3.47198629 1.13938039
v -9.61636552 3.43656564 1.71710866
v -9.64206895 3.40733671 1.62645620
v -9.67017564 3.41238379 1.52732938
v -9.70291718 3.47198629 1.41185659
v -9.68816956 3.43639064 1.46387380
v -10.94908723 3.47198629 1.86021322
v -10.82132157 3.43656564 2.15063756
v -10.85926636 3.40733671 2.06438726
v -10.90075501 3.41238379 1.97007650
v -12.12163743 3.47198629 2.47590535
v -10.92731293 3.43639064 1.90970319
v -11.95509919 3.43656564 2.74596685
v -12.00455674 3.40733671 2.66576474
v -12.05863770 3.41238379 2.57806676
v -12.09325989 3.43639064 2.52192586
v -12.99609193 3.43656564 3.49175733
v -13.05612382 3.40733671 3.41912931
v -13.12176713 3.41238379 3.33971303
v -13.16378602 3.43639064 3.28887456
v -13.19823273 3.47198629 3.24720090
v -14.15835770 3.47198629 4.15940374
v -13.92446336 3.43656564 4.37379354
v -13.99392518 3.40733671 4.31012433
v -14.06987962 3.41238379 4.24050420
v -14.98372086 3.47198629 5.19513410
v -14.11850175 3.43639064 4.19593709
v -14.72252854 3.43656564 5.37527173
v -14.80009660 3.40733671 5.32177442
v -14.88491639 3.41238379 5.26327794
v -14.93921098 3.43639064 5.22583097
v -15.37508210 3.43656564 6.47710889
v -15.45927628 3.40733671 6.43480390
v -15.55134019 3.41238379 6.38854306
v -15.65858659 3.47198629 6.33465474
v -15.61027726 3.43639064 6.35893148
v -15.95890244 3.40733671 7.62800306
v -16.05645951 3.41238379 7.59486097
v -16.17010697 3.47198629 7.55625432
v -16.11890992 3.43639064 7.57364553
v -16.50852784 3.47198629 8.83665746
v -16.28945359 3.40733671 8.87863820
v -16.39064606 3.41238379 8.85924428
v -16.45542344 3.43639064 8.84683126
v -16.44463547 3.40733671 10.16287511
v -16.44993027 3.40821075 10.27790731
v -16.50528916 3.40612769 10.27982229
v -16.39589127 3.42038298 10.27567189
v -16.34499177 3.44239616 10.27318471
v -16.54753312 3.41238379 10.15760320
v -16.56014451 3.41438103 10.28135579
v -16.61340531 3.43639064 10.15423101
v -16.66512879 3.46803284 10.20491308
v -16.66739854 3.47198629 10.15146154
v -16.65591248 3.45981598 10.24201101
v 2.01846305 3.64704061 -4.56052882
v 2.01947776 3.64288354 -1.01169879
v 2.03916923 3.58842874 -4.56052882
v 2.04370109 3.57938075 -1.00963504
v 2.07189170 3.53557611 -4.56052882
v 2.07545081 3.53109622 -1.00806529
v 8.11712543 3.53557611 1.48470586
v 9.16686908 3.53557611 1.39286512
v 8.11712543 3.58842874 1.51742833
v 9.17255107 3.58842874 1.42508977
v 9.17614833 3.64704061 1.44548314
v 8.11712543 3.64704061 1.53813451
v 10.18471805 3.53557611 1.12013334
v 10.19590846 3.58842874 1.15088170
v 10.20299236 3.64704061 1.17034047
v 11.13974277 3.53557611 0.67479795
v 11.15610400 3.58842874 0.70313733
v 11.16645709 3.64704061 0.72106832
v 12.00292674 3.53557611 0.07038968
v 12.02396098 3.58842874 0.09545606
v 12.03727046 3.64704061 0.11131948
v 12.74804393 3.53557611 -0.67472750
v 12.77311031 3.58842874 -0.65369326
v 12.78897372 3.64704061 -0.64038378
v 13.35245219 3.53557611 -1.53791148
v 13.38079158 3.58842874 -1.52155024
v 13.39872257 3.64704061 -1.51119715
v 13.79778758 3.53557611 -2.49293620
v 13.82853595 3.58842874 -2.48174578
v 13.84799472 3.64704061 -2.47466189
v 14.07051936 3.53557611 -3.51078517
v 14.10274402 3.58842874 -3.50510318
v 14.12313739 3.64704061 -3.50150592
v 14.16236011 3.53557611 -4.56052882
v 14.19508258 3.58842874 -4.56052882
v 14.21578876 3.64704061 -4.56052882
v 14.07051936 3.53557611 -5.61027247
v 14.10274402 3.58842874 -5.61595446
v 14.12313739 3.64704061 -5.61954982
v 13.79778758 3.53557611 -6.62811953
v 13.82853595 3.58842874 -6.63931185
v 13.84799472 3.64704061 -6.64639575
v 13.35245219 3.53557611 -7.58314330
v 13.38079158 3.58842874 -7.59950453
v 13.39872257 3.64704061 -7.60985762
v 12.74804393 3.53557611 -8.44632918
v 12.77311031 3.58842874 -8.46736342
v 12.78897372 3.64704061 -8.48067290
v 12.00292674 3.53557611 -9.19144637
v 12.02396098 3.58842874 -9.21651274
v 12.03727046 3.64704061 -9.23237426
v 11.13974277 3.53557611 -9.79585463
v 11.15610400 3.58842874 -9.82419402
v 11.16645709 3.64704061 -9.84212691
v 10.18471805 3.53557611 -10.24119002
v 10.19590846 3.58842874 -10.27194030
v 10.20299236 3.64704061 -10.29139525
v 9.16686908 3.53557611 -10.51392180
v 9.17255107 3.58842874 -10.54614455
v 9.17614833 3.64704061 -10.56653792
v 8.11712543 3.53557611 -10.60576064
v 8.11712543 3.58842874 -10.63848311
v 8.11712543 3.64704061 -10.65918929
v 7.06738082 3.53557611 -10.51392180
v 7.06169883 3.58842874 -10.54614455
v 7.05810348 3.64704061 -10.56653792
v 6.04953376 3.53557611 -10.24119002
v 6.03834144 3.58842874 -10.27194030
v 6.03125755 3.64704061 -10.29139525
v 5.09450904 3.53557611 -9.79585463
v 5.07814780 3.58842874 -9.82419402
v 5.06779472 3.64704061 -9.84212691
v 4.23132316 3.53557611 -9.19144637
v 4.21028892 3.58842874 -9.21651274
v 4.19697944 3.64704061 -9.23237426
v 3.48620597 3.53557611 -8.44632918
v 3.46113960 3.58842874 -8.46736342
v 3.44527808 3.64704061 -8.48067290
v 2.88179771 3.53557611 -7.58314330
v 2.85345832 3.58842874 -7.59950453
v 2.83552543 3.64704061 -7.60985762
v 2.43646232 3.53557611 -6.62811953
v 2.40571204 3.58842874 -6.63931185
v 2.38625709 3.64704061 -6.64639575
v 2.16373054 3.53557611 -5.61027247
v 2.13150779 3.58842874 -5.61595446
v 2.11111442 3.64704061 -5.61954982
v -7.08567055 3.64704061 1.53813451
v -7.08567055 3.58842874 1.51742833
v -7.08567055 3.53557611 1.48470586
v -16.23254212 3.53968239 10.26700109
v -16.19871720 3.59746337 10.26381963
v -16.09599503 3.53557611 9.00674718
v -16.18086060 3.65169787 10.26133626
v -16.06379899 3.58842874 9.01259130
v -16.04342469 3.64704061 9.01628774
v -15.78213319 3.53557611 7.77303975
v -15.75105866 3.58842874 7.78329175
v -15.73139390 3.64704061 7.78978055
v -15.30021485 3.53557611 6.59477895
v -15.27086457 3.58842874 6.60924238
v -15.25228699 3.64704061 6.61839383
v -14.65955933 3.53557611 5.49473279
v -14.63249787 3.58842874 5.51312726
v -14.61536988 3.64704061 5.52476590
v -13.87254533 3.53557611 4.49415868
v -13.84829530 3.58842874 4.51612752
v -13.83294877 3.64704061 4.53003019
v -12.95438203 3.53557611 3.61239141
v -12.93340882 3.58842874 3.63751119
v -12.92014130 3.64704061 3.65340703
v -11.92280778 3.53557611 2.86646932
v -11.90552338 3.58842874 2.89425557
v -11.89458665 3.64704061 2.91183751
v -10.79776200 3.53557611 2.27081006
v -10.78449830 3.58842874 2.30072301
v -10.77610215 3.64704061 2.31965154
v -9.60098084 3.53557611 1.83692067
v -9.59199342 3.58842874 1.86838430
v -9.58630570 3.64704061 1.88829511
v -8.35559853 3.53557611 1.57318586
v -8.35105904 3.58842874 1.60559362
v -8.34818658 3.64704061 1.62609952
v 0.80893699 4.30594254 -1.15139491
v 0.80784217 4.29992294 -1.09815699
v 0.80868140 4.30446291 -1.12457759
v 0.80629340 4.29245424 -1.07392794
v 0.80396262 4.28270388 -1.05368716
v 0.80164329 4.27422762 -1.04149539
v 0.79295341 4.24875593 -1.02294261
v 0.78983299 4.24114752 -4.56052882
v 0.78927985 4.23986053 -1.02145297
v 0.79637138 4.25787354 -1.02698809
v 0.79932395 4.26662397 -1.03347689
v 0.76313392 4.19223547 -1.01990420
v 0.75625983 4.18253088 -4.56052882
v 0.72706977 4.14883518 -1.01849467
v 0.71003333 4.13327217 -4.56052882
v 0.68235008 4.11262608 -1.01731784
v 0.65366355 4.09604454 -4.56052882
v 0.63136283 4.08595896 -1.01644999
v 0.59020988 4.07286787 -4.56052882
v 0.57720939 4.07008982 -1.01593501
v 0.62051002 4.07286787 -5.23523623
v 0.73984901 4.13327217 -5.22449595
v 0.78589240 4.18253088 -5.22035128
v 0.68288032 4.07286787 -5.73799807
v 0.80122367 4.13327217 -5.71925265
v 0.84688178 4.18253088 -5.71202189
v 0.86145774 4.07286787 -6.56296450
v 0.97696296 4.13327217 -6.53108889
v 1.02152244 4.18253088 -6.51879031
v 0.95860282 4.07286787 -6.88647372
v 1.07255927 4.13327217 -6.84944445
v 1.11652366 4.18253088 -6.83516223
v 1.07016364 4.07286787 -7.20529467
v 1.18234626 4.13327217 -7.16319567
v 1.22562400 4.18253088 -7.14695269
v 1.33560935 4.07286787 -7.82633406
v 1.44356529 4.13327217 -7.77434355
v 1.48521415 4.18253088 -7.75428969
v 1.65565482 4.07286787 -8.42107589
v 1.75851432 4.13327217 -8.35962111
v 1.79819862 4.18253088 -8.33590895
v 2.02772514 4.07286787 -8.98473555
v 2.12466041 4.13327217 -8.91430861
v 2.16205970 4.18253088 -8.88713652
v 2.44882194 4.07286787 -9.51277739
v 2.53905479 4.13327217 -9.43394286
v 2.57386771 4.18253088 -9.40352828
v 2.79479209 4.07286787 -9.88286025
v 2.87952033 4.13327217 -9.79813201
v 2.91220466 4.18253088 -9.76544768
v 3.42417136 4.07286787 -10.44530684
v 3.49887840 4.13327217 -10.35162551
v 3.52769843 4.18253088 -10.31548506
v 3.69291679 4.07286787 -10.64992720
v 3.76334373 4.13327217 -10.55299193
v 3.79051582 4.18253088 -10.51559264
v 3.97056953 4.07286787 -10.84228713
v 4.03657905 4.13327217 -10.74228865
v 4.06204597 4.18253088 -10.70371062
v 4.55035774 4.07286787 -11.18869597
v 4.60713569 4.13327217 -11.08318145
v 4.62903968 4.18253088 -11.04247481
v 5.15885917 4.07286787 -11.48173339
v 5.20595161 4.13327217 -11.37155730
v 5.22412101 4.18253088 -11.32905013
v 5.79117957 4.07286787 -11.71904952
v 5.82820884 4.13327217 -11.60509307
v 5.84249107 4.18253088 -11.56112868
v 6.44223014 4.07286787 -11.89872557
v 6.46889106 4.13327217 -11.78190810
v 6.47917930 4.18253088 -11.73684127
v 6.93965522 4.07286787 -11.99477202
v 6.95840064 4.13327217 -11.87642867
v 6.96563140 4.18253088 -11.83077056
v 7.77943126 4.07286787 -12.07986266
v 7.78480808 4.13327217 -11.96016127
v 7.78688136 4.18253088 -11.91398055
v 8.11712543 4.07286787 -12.08744246
v 8.11712543 4.13327217 -11.96761901
v 8.11712543 4.18253088 -11.92139250
v 8.45481960 4.07286787 -12.07986266
v 8.44944469 4.13327217 -11.96016127
v 8.44736949 4.18253088 -11.91398055
v 9.12748805 4.07286787 -12.01931960
v 9.11140338 4.13327217 -11.90058333
v 9.10519878 4.18253088 -11.85477645
v 9.79202167 4.07286787 -11.89872557
v 9.76535884 4.13327217 -11.78190810
v 9.75507251 4.18253088 -11.73684127
v 10.44307033 4.07286787 -11.71904952
v 10.40604297 4.13327217 -11.60509307
v 10.39175884 4.18253088 -11.56112868
v 11.07539073 4.07286787 -11.48173339
v 11.02829829 4.13327217 -11.37155730
v 11.01013080 4.18253088 -11.32905013
v 11.53427402 4.07286787 -11.26705748
v 11.47987643 4.13327217 -11.16029555
v 11.45888988 4.18253088 -11.11910826
v 12.26368037 4.07286787 -10.84228713
v 12.19767085 4.13327217 -10.74228865
v 12.17220584 4.18253088 -10.70371062
v 12.54133502 4.07286787 -10.64992720
v 12.47090617 4.13327217 -10.55299193
v 12.44373409 4.18253088 -10.51559264
v 12.81008044 4.07286787 -10.44530684
v 12.73537341 4.13327217 -10.35162551
v 12.70655147 4.18253088 -10.31548506
v 13.31869594 4.07286787 -10.00094420
v 13.23589221 4.13327217 -9.91433531
v 13.20394603 4.18253088 -9.88092238
v 13.78542987 4.07286787 -9.51277739
v 13.69519702 4.13327217 -9.43394286
v 13.66038409 4.18253088 -9.40352828
v 14.20652667 4.07286787 -8.98473555
v 14.10958949 4.13327217 -8.91430861
v 14.07219211 4.18253088 -8.88713652
v 14.57859699 4.07286787 -8.42107589
v 14.47573558 4.13327217 -8.35962111
v 14.43605319 4.18253088 -8.33590895
v 14.82365504 4.07286787 -7.97767455
v 14.71689502 4.13327217 -7.92327697
v 14.67570583 4.18253088 -7.90229232
v 15.16408435 4.07286787 -7.20529467
v 15.05190555 4.13327217 -7.16319567
v 15.00862590 4.18253088 -7.14695269
v 15.27564708 4.07286787 -6.88647372
v 15.16169063 4.13327217 -6.84944445
v 15.11772624 4.18253088 -6.83516223
v 15.37279216 4.07286787 -6.56296450
v 15.25728885 4.13327217 -6.53108889
v 15.21272746 4.18253088 -6.51879031
v 15.52307979 4.07286787 -5.90451152
v 15.40518466 4.13327217 -5.88311679
v 15.35970012 4.18253088 -5.87486178
v 15.61373798 4.07286787 -5.23523623
v 15.49440089 4.13327217 -5.22449595
v 15.44835941 4.18253088 -5.22035128
v -7.08567055 4.30594254 2.74765867
v -7.08567055 4.24114752 2.76676267
v -7.08567055 4.18253088 2.80033773
v -7.08567055 4.13327217 2.84656423
v -7.08567055 4.09604454 2.90293401
v -7.08567055 4.07286787 2.96638578
v -14.96390733 4.27659225 10.25019735
v -14.95165452 4.23917675 10.27285665
v -14.96577271 4.28693199 10.23365300
v -14.96217927 4.26937056 10.25842946
v -14.95980271 4.26105070 10.26535695
v -14.95669755 4.25182676 10.27029699
v -14.95430955 4.24555206 10.27214711
v -14.96666154 4.29991007 10.19788640
v -14.92407807 4.19021082 10.27335256
v -14.96466645 4.30594254 10.14605230
v -14.88763627 4.14785767 10.27329534
v -14.84393128 4.11313915 10.27269262
v -14.79456147 4.08707619 10.27155965
v -14.74112901 4.07068920 10.26991170
v -8.27159127 4.30594254 2.83724111
v -14.73899659 4.14732647 9.07974141
v -14.80072221 4.30594254 8.96810430
v -14.66857728 4.09604454 9.09411901
v -14.59531983 4.07041454 9.10907644
v -14.47327241 4.23917675 7.91581434
v -14.46168717 4.30594254 7.82815259
v -14.41374406 4.14732647 7.93778508
v -14.34631928 4.09604454 7.96266835
v -14.27617463 4.07041454 7.98855489
v -13.97467240 4.23917675 6.82758230
v -13.95525178 4.30594254 6.75206655
v -13.91916474 4.14732647 6.85831922
v -13.85628709 4.09604454 6.89313405
v -13.79087647 4.07041454 6.92935460
v -13.31689271 4.23917675 5.82749265
v -13.29292115 4.30594254 5.76426595
v -13.26668366 4.14732647 5.86629003
v -13.20981416 4.09604454 5.91023153
v -13.15064820 4.07041454 5.95594877
v -12.51513108 4.23917675 4.93865865
v -12.48971375 4.30594254 4.88716977
v -12.47138032 4.14732647 4.98461622
v -12.42182740 4.09604454 5.03667157
v -12.37027558 4.07041454 5.09082692
v -11.58790787 4.23917675 4.18161481
v -11.56386765 4.30594254 4.14068311
v -11.55163010 4.14732647 4.23367208
v -11.51054200 4.09604454 4.29263776
v -11.46779069 4.07041454 4.35398000
v -10.55665787 4.23917675 3.57385534
v -10.53639039 4.30594254 3.54174703
v -10.52868851 4.14732647 3.63081067
v -10.49701127 4.09604454 3.69532293
v -10.46405228 4.07041454 3.76243680
v -9.44520005 4.23917675 3.12942403
v -9.43059739 4.30594254 3.10395330
v -9.42618760 4.14732647 3.18996137
v -9.40465363 4.09604454 3.25852865
v -9.38224992 4.07041454 3.32986348
v -8.27922829 4.23917675 2.85859006
v -8.26960763 4.14732647 2.92130941
v -8.25871667 4.09604454 2.99234861
v -8.24738320 4.07041454 3.06625455
v 0.21847526 4.29950714 -1.09864527
v 0.22124854 4.28680038 -1.06221873
v 0.21739188 4.30540657 -1.15137774
v 0.21739188 4.30540657 -4.56052882
v 0.22389976 4.27665472 -1.04528147
v 0.23657981 4.24073124 -4.56052882
v 0.22600547 4.26950645 -1.03674990
v 0.22867957 4.26127815 -1.02954394
v 0.23199836 4.25207472 -1.02430255
v 0.23446647 4.24579430 -1.02228076
v 0.23717109 4.23936129 -1.02143580
v 0.26336280 4.19185305 -1.01989276
v 0.27019492 4.18223953 -4.56052882
v 0.29943076 4.14857531 -1.01848513
v 0.31641380 4.13309669 -4.56052882
v 0.34411231 4.11247683 -1.01731211
v 0.37273399 4.09596300 -4.56052882
v 0.39503471 4.08589411 -1.01644809
v 0.43611518 4.07284689 -4.56052882
v 0.44910804 4.07007408 -1.01593501
v 8.11712543 4.07284689 3.12048238
v 8.75305454 4.07284689 3.09411329
v 8.11712543 4.09596300 3.18386167
v 9.35291568 4.30540657 3.24194806
v 8.76296512 4.13309669 3.21340268
v 8.11712543 4.30540657 3.33920568
v 8.11712543 4.24073124 3.32001584
v 8.11712543 4.18223953 3.28640264
v 8.11712543 4.13309669 3.24018377
v 9.31869975 4.07284689 3.02591604
v 9.33742610 4.13309669 3.14414495
v 9.34991542 4.24073124 3.22299474
v 10.00369350 4.07284689 2.88519567
v 10.03309337 4.13309669 3.00122922
v 10.55827800 4.30540657 2.95256513
v 10.49068919 4.07284689 2.74454778
v 10.52767841 4.13309669 2.85838979
v 10.55234805 4.24073124 2.93431562
v 11.26054469 4.07284689 2.44781202
v 11.30953304 4.13309669 2.55703061
v 11.70353023 4.30540657 2.47818654
v 11.60423175 4.07284689 2.28330320
v 11.65857593 4.13309669 2.38995641
v 11.69481746 4.24073124 2.46108907
v 11.88929454 4.07284689 2.13041204
v 11.94808093 4.13309669 2.23468297
v 12.47333232 4.07284689 1.76571744
v 12.54122058 4.13309669 1.86430639
v 12.76047412 4.30540657 1.83049100
v 12.58649532 4.24073124 1.93005842
v 12.97878352 4.07284689 1.38608449
v 13.05454913 4.13309669 1.47875684
v 13.70308200 4.30540657 1.02542775
v 13.50095645 4.07284689 0.91781896
v 13.58485881 4.13309669 1.00319379
v 13.64081470 4.24073124 1.06013387
v 13.94003001 4.07284689 0.44863599
v 14.03077403 4.13309669 0.52669805
v 14.50814525 4.30540657 0.08281987
v 14.33119479 4.07284689 -0.04574305
v 14.42803470 4.13309669 0.02461522
v 14.49262134 4.24073124 0.07153981
v 14.68412105 4.07284689 -0.57649905
v 14.78646175 4.13309669 -0.51441104
v 15.15584079 4.30540657 -0.97412402
v 14.96095744 4.07284689 -1.07342250
v 15.06761066 4.13309669 -1.01907832
v 15.13874332 4.24073124 -0.98283679
v 15.16827098 4.07284689 -1.51433856
v 15.27815715 4.13309669 -1.46686656
v 15.30154887 4.07284689 -1.84354502
v 15.41351024 4.13309669 -1.80120379
v 15.48818294 4.24073124 -1.77296359
v 15.63021938 4.30540657 -2.11937625
v 15.42220203 4.07284689 -2.18696505
v 15.53604404 4.13309669 -2.14997584
v 15.61196986 4.24073124 -2.12530619
v 15.50150195 4.07284689 -2.44654376
v 15.61657993 4.13309669 -2.41360003
v 15.64999477 4.07284689 -3.05926043
v 15.76738826 4.13309669 -3.03586489
v 15.91960231 4.30540657 -3.32473857
v 15.70357028 4.07284689 -3.35895449
v 15.82179919 4.13309669 -3.34022814
v 15.90064899 4.24073124 -3.32773883
v 15.75567523 4.07284689 -3.75400073
v 15.87471477 4.13309669 -3.74143321
v 15.79723827 4.07284689 -4.44304949
v 15.91692630 4.13309669 -4.44121844
v 15.99674884 4.24073124 -4.43999774
v 16.01685992 4.30540657 -4.56052882
v 15.78078929 4.07284689 -5.07645900
v 15.90021983 4.13309669 -5.08450038
v 15.91960231 4.30540657 -5.79631907
v 15.70357028 4.07284689 -5.76210314
v 15.82179919 4.13309669 -5.78082949
v 15.90064899 4.24073124 -5.79331691
v 15.63830081 4.07284689 -6.11932856
v 15.75551120 4.13309669 -6.14362056
v 15.55832950 4.07284689 -6.46484668
v 15.63021938 4.30540657 -7.00168139
v 15.67429248 4.13309669 -6.49452502
v 15.42220203 4.07284689 -6.93409259
v 15.53604404 4.13309669 -6.97107989
v 15.61196986 4.24073124 -6.99574954
v 15.13259403 4.07284689 -7.68800933
v 15.15584079 4.30540657 -8.14693267
v 15.24192134 4.13309669 -7.73674971
v 14.96095744 4.07284689 -8.04763228
v 15.06761066 4.13309669 -8.10197646
v 15.13874332 4.24073124 -8.13821990
v 14.81692592 4.07284689 -8.31693846
v 14.92133418 4.13309669 -8.37547881
v 14.47832767 4.07284689 -8.86553008
v 14.57746211 4.13309669 -8.93261916
v 14.33119479 4.07284689 -9.07531172
v 14.64357654 4.24073124 -8.97736174
v 14.50814525 4.30540657 -9.20387465
v 14.42803470 4.13309669 -9.14567000
v 14.49262134 4.24073124 -9.19259459
v 14.05812923 4.07284689 -9.42904097
v 14.15071384 4.13309669 -9.50491149
v 13.70308200 4.30540657 -10.14648253
v 13.58691875 4.07284689 -9.95305068
v 13.67216007 4.13309669 -10.03708846
v 13.72901050 4.24073124 -10.09313399
v 13.12059871 4.07284689 -10.38832289
v 13.19857303 4.13309669 -10.47914321
v 12.76047412 4.30540657 -10.95154769
v 12.63191119 4.07284689 -10.77459532
v 12.70226947 4.13309669 -10.87143523
v 12.74919406 4.24073124 -10.93602187
v 12.09612361 4.07284689 -11.13057524
v 12.15813342 4.13309669 -11.23296172
v 11.70353023 4.30540657 -11.59924132
v 11.60423175 4.07284689 -11.40435988
v 11.65857593 4.13309669 -11.51101119
v 11.69481746 4.24073124 -11.58214385
v 10.95219890 4.07284689 -11.69917495
v 10.99638072 4.13309669 -11.81042296
v 10.55827800 4.30540657 -12.07362181
v 10.49068919 4.07284689 -11.86560256
v 10.52767841 4.13309669 -11.97944457
v 10.28751651 4.07284689 -11.92852217
v 10.55234805 4.24073124 -12.05537230
v 10.32133952 4.13309669 -12.04334456
v 9.63009540 4.07284689 -12.09105498
v 9.65367404 4.13309669 -12.20841033
v 9.35291568 4.30540657 -12.36300475
v 9.31869975 4.07284689 -12.14697081
v 9.33742610 4.13309669 -12.26519973
v 9.34991542 4.24073124 -12.34404952
v 9.00480167 4.07284689 -12.19007308
v 9.01863567 4.13309669 -12.30897338
v 8.30554477 4.07284689 -12.23922545
v 8.30848209 4.13309669 -12.35889250
v 8.11712543 4.30540657 -12.46026046
v 8.31043903 4.24073124 -12.43869979
v 7.67011920 4.07284689 -12.22852141
v 7.66315356 4.13309669 -12.34802062
v 7.01208488 4.07284689 -12.16163451
v 6.99486533 4.13309669 -12.28008849
v 6.98337928 4.24073124 -12.35909087
v 6.88133422 4.30540657 -12.36300475
v 6.39128867 4.07284689 -12.04514128
v 6.36439124 4.13309669 -12.16177947
v 5.67597190 4.30540657 -12.07362181
v 5.74356071 4.07284689 -11.86560256
v 5.70657340 4.13309669 -11.97944457
v 5.68190376 4.24073124 -12.05537230
v 5.38279334 4.07284689 -11.73836714
v 5.34018317 4.13309669 -11.85022551
v 5.05406562 4.07284689 -11.60436064
v 5.00633231 4.13309669 -11.71413237
v 4.53071967 4.30540657 -11.59924132
v 4.63002006 4.07284689 -11.40435988
v 4.57567588 4.13309669 -11.51101119
v 4.53943244 4.24073124 -11.58214385
v 3.93828956 4.07284689 -11.00531584
v 3.87316886 4.13309669 -11.10574919
v 3.47377769 4.30540657 -10.95154769
v 3.60234061 4.07284689 -10.77459532
v 3.53198234 4.13309669 -10.87143523
v 3.48505775 4.24073124 -10.93602187
v 3.36745445 4.07284689 -10.59696395
v 3.29343787 4.13309669 -10.69103820
v 2.84106818 4.07284689 -10.14274413
v 2.75884238 4.13309669 -10.22973830
v 2.68582908 4.07284689 -9.99182326
v 2.70400611 4.24073124 -10.28775603
v 2.53116981 4.30540657 -10.14648253
v 2.60118858 4.13309669 -10.07646376
v 2.54473869 4.24073124 -10.13291365
v 2.39825813 4.07284689 -9.68814666
v 2.30913535 4.13309669 -9.76805693
v 1.99682609 4.07284689 -9.20163542
v 1.90144721 4.13309669 -9.27396208
v 1.72610465 4.30540657 -9.20387465
v 1.83783714 4.24073124 -9.32219893
v 1.59764091 4.07284689 -8.62183959
v 1.49604026 4.13309669 -8.68513304
v 1.07841102 4.30540657 -8.14693267
v 1.27329246 4.07284689 -8.04763228
v 1.16664115 4.13309669 -8.10197646
v 1.09550849 4.24073124 -8.13821990
v 1.00947181 4.07284689 -7.47243411
v 0.89870445 4.13309669 -7.51781375
v 0.60403053 4.30540657 -7.00168139
v 0.81204978 4.07284689 -6.93409259
v 0.69820777 4.13309669 -6.97107989
v 0.62228004 4.24073124 -6.99574954
v 0.60580055 4.07284689 -6.16611773
v 0.48874274 4.13309669 -6.19113833
v 0.31464759 4.30540657 -5.79631907
v 0.53068153 4.07284689 -5.76210314
v 0.41245261 4.13309669 -5.78082949
v 0.49903861 4.07284689 -5.54170901
v 0.33360282 4.24073124 -5.79331691
v 0.38031760 4.13309669 -5.55700022
v 0.45192710 4.07284689 -5.05315501
v 0.33247367 4.13309669 -5.06083209
v -7.08567055 4.30540657 3.33920568
v -7.08567055 4.24073124 3.32001584
v -7.08567055 4.18223953 3.28640264
v -7.08567055 4.13309669 3.24018377
v -7.08567055 4.09596300 3.18386167
v -7.08567055 4.07284689 3.12048238
v -14.60901841 4.07072639 10.26515477
v -14.55533417 4.08721542 10.26222890
v -14.50576218 4.11343479 10.25910466
v -14.46188935 4.14835072 10.25590795
v -14.39383897 4.24915075 10.24800771
v -14.39019593 4.25827217 10.24360936
v -14.39764603 4.24013948 10.24977010
v -14.38689622 4.26694202 10.23676198
v -14.38414963 4.27442169 10.22842687
v -14.38115891 4.28272867 10.21586507
v -14.37763032 4.29225779 10.19515889
v -14.42532166 4.19092989 10.25275701
v -14.37366685 4.30128288 10.16200918
v -14.37156495 4.30438757 10.13925069
v -14.36976060 4.30540657 10.11624044
v -14.43684205 4.07284689 9.04931539
v -14.34663209 4.11267710 9.06886571
v -14.27468690 4.18223953 9.08445256
v -14.20957001 4.30540657 9.03454870
v -14.23845872 4.24915123 9.09230321
v -14.10980424 4.07284689 7.95176786
v -14.02360352 4.11267710 7.98478597
v -13.95485886 4.18223953 8.01111692
v -13.88966187 4.30540657 7.98890012
v -13.92024430 4.24915123 8.02437681
v -13.63250932 4.07284689 6.93873685
v -13.55216798 4.11267710 6.98418515
v -13.48809632 4.18223953 7.02043241
v -13.41721925 4.30540657 7.00273793
v -13.45583161 4.24915123 7.03868383
v -13.02132615 4.07284689 6.02217954
v -12.94848832 4.11267710 6.07887548
v -12.80282410 4.30540657 6.09817022
v -12.89039429 4.18223953 6.12409299
v -12.86114320 4.24915123 6.14686101
v -12.20924577 4.07284689 5.13534444
v -12.14637192 4.11267710 5.20292371
v -12.09622773 4.18223953 5.25681966
v -12.06025895 4.30540657 5.29547780
v -12.07097825 4.24915123 5.28395742
v -11.34302338 4.07284689 4.44128507
v -11.29077729 4.11267710 4.51738065
v -11.24911317 4.18223953 4.57806867
v -11.20616730 4.30540657 4.61265653
v -11.22813233 4.24915123 4.60862821
v -10.35475739 4.07284689 3.86802762
v -10.31463822 4.11267710 3.95115941
v -10.28264436 4.18223953 4.01745885
v -10.25969514 4.30540657 4.06501478
v -10.26653489 4.24915123 4.05084317
v -9.27939423 4.11267710 3.54404538
v -9.25765809 4.18223953 3.61437887
v -9.24206361 4.30540657 3.66482824
v -9.24670991 4.24915123 3.64979451
v -8.19496926 4.11267710 3.29606908
v -8.18397530 4.18223953 3.36885923
v -8.17844018 4.24915123 3.40551084
v -8.17609032 4.30540657 3.42107099
v -1.04533395 3.53163671 -4.56052882
v -1.04273995 3.53503013 -1.00825793
v -1.01278695 3.58438849 -4.56052882
v -1.00859460 3.59356666 -1.01016146
v -0.99219140 3.64285254 -4.56052882
v -0.99093636 3.64841485 -1.01194293
v -0.95207223 3.53163671 -5.86448199
v -0.91985711 3.58438849 -5.85985095
v -0.89947137 3.64285254 -5.85691935
v -0.67419060 3.53163671 -7.14189059
v -0.64295968 3.58438849 -7.13272006
v -0.62319955 3.64285254 -7.12691790
v -0.21734246 3.53163671 -8.36675078
v -0.18773278 3.58438849 -8.35322768
v -0.16900262 3.64285254 -8.34467513
v 0.40917197 3.53163671 -9.51412780
v 0.43655387 3.58438849 -9.49653060
v 0.45388023 3.64285254 -9.48539550
v 1.19260017 3.53163671 -10.56066329
v 1.21719733 3.58438849 -10.53934676
v 1.23276130 3.64285254 -10.52586180
v 2.11698905 3.53163671 -11.48505217
v 2.13830558 3.58438849 -11.46045500
v 2.15179054 3.64285254 -11.44489104
v 3.16352454 3.53163671 -12.26848037
v 3.18112174 3.58438849 -12.24109847
v 3.19225684 3.64285254 -12.22377211
v 4.31090156 3.53163671 -12.89499480
v 4.32442466 3.58438849 -12.86538512
v 4.33297721 3.64285254 -12.84665496
v 5.53576270 3.53163671 -13.35184294
v 5.54493324 3.58438849 -13.32061202
v 5.55073539 3.64285254 -13.30085189
v 6.81317130 3.53163671 -13.62972457
v 6.81780235 3.58438849 -13.59750945
v 6.82073394 3.64285254 -13.57712371
v 8.11712543 3.53163671 -13.72298629
v 8.11712543 3.58438849 -13.69043929
v 8.11712543 3.64285254 -13.66984374
v 9.42108051 3.53163671 -13.62972457
v 9.41644756 3.58438849 -13.59750945
v 9.41351596 3.64285254 -13.57712371
v 10.69848911 3.53163671 -13.35184294
v 10.68931857 3.58438849 -13.32061202
v 10.68351642 3.64285254 -13.30085189
v 11.92334834 3.53163671 -12.89499480
v 11.90982715 3.58438849 -12.86538512
v 11.90127269 3.64285254 -12.84665496
v 13.07072536 3.53163671 -12.26848037
v 13.05312816 3.58438849 -12.24109847
v 13.04199496 3.64285254 -12.22377211
v 14.11726085 3.53163671 -11.48505217
v 14.09594623 3.58438849 -11.46045500
v 14.08245937 3.64285254 -11.44489104
v 15.04164973 3.53163671 -10.56066329
v 15.01705257 3.58438849 -10.53934676
v 15.00148860 3.64285254 -10.52586180
v 15.82507602 3.53163671 -9.51412780
v 15.79769603 3.58438849 -9.49653060
v 15.78037158 3.64285254 -9.48539550
v 16.45159236 3.53163671 -8.36675078
v 16.42198459 3.58438849 -8.35322768
v 16.40325252 3.64285254 -8.34467513
v 16.90844051 3.53163671 -7.14189059
v 16.87721149 3.58438849 -7.13272006
v 16.85745136 3.64285254 -7.12691790
v 17.18632404 3.53163671 -5.86448199
v 17.15410701 3.58438849 -5.85985095
v 17.13372318 3.64285254 -5.85691935
v -7.08567055 3.53163671 4.60193151
v -7.08567055 3.58438849 4.56938260
v -7.08567055 3.64285254 4.54878896
v -13.16737946 3.63788724 10.28609746
v -8.09479150 3.52783179 4.68986791
v -8.09999093 3.57548594 4.65919584
v -8.10397347 3.63785577 4.63572019
v -9.07552155 3.52783179 4.94227689
v -9.08577164 3.57548594 4.91290754
v -9.09362229 3.63785577 4.89042562
v -10.00026139 3.52783179 5.35506337
v -10.01527985 3.57548594 5.32781881
v -10.02677735 3.63785577 5.30696576
v -10.84300050 3.52783179 5.91660779
v -10.86236008 3.57548594 5.89225858
v -10.87718018 3.63785577 5.87361997
v -11.58002290 3.52783179 6.61111539
v -11.60317811 3.57548594 6.59034436
v -11.62090501 3.63785577 6.57444471
v -12.19058808 3.52783179 7.41904348
v -12.21689423 3.57548594 7.40243428
v -12.23702821 3.63785577 7.38972181
v -12.65752610 3.52783179 8.31765836
v -12.68623551 3.57548594 8.30568021
v -12.70821198 3.63785577 8.29651159
v -12.96769151 3.52783179 9.28168004
v -13.11245927 3.52789569 10.28697866
v -12.99799927 3.57548594 9.27466863
v -13.14351853 3.57558084 10.28694051
v -13.02120026 3.63785577 9.26930517
v -1.47715005 3.46328020 -1.08208377
v -1.46672448 3.45538163 -1.04557902
v -1.48183450 3.46707821 -1.13495166
v -1.48183450 3.46707821 -4.56052882
v -1.45805367 3.44935584 -1.02862841
v -1.42522057 3.43038893 -4.56052882
v -1.45177468 3.44527555 -1.02013118
v -1.44433221 3.44072914 -1.01296145
v -1.43576440 3.43586421 -1.00780398
v -1.42975243 3.43267727 -1.00586039
v -1.36166009 3.40777302 -4.56052882
v -1.29459771 3.40045428 -4.56052882
v -1.22944649 3.40839434 -1.00442797
v -1.22765740 3.40882874 -4.56052882
v -1.16485604 3.43224192 -1.00520236
v -1.16446313 3.43244314 -4.56052882
v 8.11712543 3.43244314 4.72105878
v 8.11712543 3.46707821 5.03843015
v 9.48320094 3.46707821 4.94072622
v 8.11712543 3.43038893 4.98181623
v -1.38412865 3.46707821 -5.92660243
v 8.11712543 3.40882874 4.78425306
v 9.44702617 3.40882874 4.68913739
v 9.45655338 3.40045428 4.75539678
v 8.11712543 3.40045428 4.85119336
v 9.46609775 3.40777302 4.82177823
v 8.11712543 3.40777302 4.91825765
v 10.74985591 3.40882874 4.40572446
v 10.76871387 3.40045428 4.46995252
v 10.78760806 3.40777302 4.53430074
v 10.82146541 3.46707821 4.64960569
v 12.10467807 3.46707821 4.17099088
v 11.99908916 3.40882874 3.93978399
v 12.02689639 3.40045428 4.00067609
v 12.05475513 3.40777302 4.06167882
v 13.16929713 3.40882874 3.30080312
v 13.20548717 3.40045428 3.35711568
v 13.24174396 3.40777302 3.41353505
v 13.30671397 3.46707821 3.51462835
v 14.23665706 3.40882874 2.50178617
v 14.28049365 3.40045428 2.55237668
v 14.40310756 3.46707821 2.69388097
v 14.32441036 3.40777302 2.60306066
v 15.17944041 3.40882874 1.55900281
v 15.23003093 3.40045428 1.60283941
v 15.28071491 3.40777302 1.64675611
v 15.37153522 3.46707821 1.72545331
v 16.19228259 3.46707821 0.62905973
v 15.97845737 3.40882874 0.49164289
v 16.03476993 3.40045428 0.52783292
v 16.09118930 3.40777302 0.56408971
v 16.61743823 3.40882874 -0.67856509
v 16.67833034 3.40045428 -0.65075785
v 16.73933307 3.40777302 -0.62289912
v 16.84864513 3.46707821 -0.57297618
v 17.08337871 3.40882874 -1.92779834
v 17.14760677 3.40045428 -1.90894038
v 17.21195499 3.40777302 -1.89004618
v 17.32725993 3.46707821 -1.85618884
v 17.36679164 3.40882874 -3.23062808
v 17.43305103 3.40045428 -3.22110087
v 17.49943248 3.40777302 -3.21155650
v 17.61838046 3.46707821 -3.19445330
v 17.46190730 3.40882874 -4.56052882
v 17.52884761 3.40045428 -4.56052882
v 17.59591190 3.40777302 -4.56052882
v 17.71608440 3.46707821 -4.56052882
v 17.36679164 3.40882874 -5.89042956
v 17.43305103 3.40045428 -5.89995677
v 17.49943248 3.40777302 -5.90950114
v 17.61838046 3.46707821 -5.92660243
v 17.08337871 3.40882874 -7.19325930
v 17.14760677 3.40045428 -7.21211535
v 17.32725993 3.46707821 -7.26486880
v 17.21195499 3.40777302 -7.23100955
v 16.61743823 3.40882874 -8.44249160
v 16.67833034 3.40045428 -8.47029692
v 16.84864513 3.46707821 -8.54807860
v 16.73933307 3.40777302 -8.49815947
v 15.97845737 3.40882874 -9.61269957
v 16.03476993 3.40045428 -9.64888961
v 16.19228259 3.46707821 -9.75011641
v 16.09118930 3.40777302 -9.68514830
v 15.17944041 3.40882874 -10.68005950
v 15.23003093 3.40045428 -10.72389418
v 15.37153522 3.46707821 -10.84651000
v 15.28071491 3.40777302 -10.76781279
v 14.23665706 3.40882874 -11.62284285
v 14.28049365 3.40045428 -11.67343337
v 14.40310756 3.46707821 -11.81493575
v 14.32441036 3.40777302 -11.72411544
v 13.16929713 3.40882874 -12.42185790
v 13.20548717 3.40045428 -12.47817046
v 13.24174396 3.40777302 -12.53458983
v 13.30671397 3.46707821 -12.63568694
v 11.99908916 3.40882874 -13.06083876
v 12.02689639 3.40045428 -13.12173278
v 12.05475513 3.40777302 -13.18273360
v 12.10467807 3.46707821 -13.29204756
v 10.74985591 3.40882874 -13.52678115
v 10.76871387 3.40045428 -13.59100920
v 10.78760806 3.40777302 -13.65535552
v 10.82146541 3.46707821 -13.77066237
v 9.44702617 3.40882874 -13.81019408
v 9.45655338 3.40045428 -13.87645156
v 9.46609775 3.40777302 -13.94283492
v 9.48320094 3.46707821 -14.06178099
v 8.11712543 3.40882874 -13.90530974
v 8.11712543 3.40045428 -13.97225005
v 8.11712543 3.40777302 -14.03931243
v 8.11712543 3.46707821 -14.15948683
v 6.78722373 3.40882874 -13.81019408
v 6.77769653 3.40045428 -13.87645156
v 6.76815215 3.40777302 -13.94283492
v 6.75105087 3.46707821 -14.06178099
v 5.48439399 3.40882874 -13.52678115
v 5.46553794 3.40045428 -13.59100920
v 5.44664375 3.40777302 -13.65535552
v 5.41278449 3.46707821 -13.77066237
v 4.23516074 3.40882874 -13.06083876
v 4.20735542 3.40045428 -13.12173278
v 4.12957374 3.46707821 -13.29204756
v 4.17949287 3.40777302 -13.18273360
v 3.06495277 3.40882874 -12.42185790
v 3.02876273 3.40045428 -12.47817046
v 2.92753593 3.46707821 -12.63568694
v 2.99250404 3.40777302 -12.53458983
v 1.99759284 3.40882874 -11.62284285
v 1.95375816 3.40045428 -11.67343337
v 1.83114234 3.46707821 -11.81493575
v 1.90983955 3.40777302 -11.72411544
v 1.05480949 3.40882874 -10.68005950
v 1.00421897 3.40045428 -10.72389418
v 0.95353690 3.40777302 -10.76781279
v 0.86271659 3.46707821 -10.84651000
v 0.25579444 3.40882874 -9.61269957
v 0.19948188 3.40045428 -9.64888961
v 0.14306251 3.40777302 -9.68514830
v 0.04196540 3.46707821 -9.75011641
v -0.38318642 3.40882874 -8.44249160
v -0.44408044 3.40045428 -8.47029692
v -0.50508126 3.40777302 -8.49815947
v -0.61439523 3.46707821 -8.54807860
v -0.84912881 3.40882874 -7.19325930
v -0.91335686 3.40045428 -7.21211535
v -0.97770318 3.40777302 -7.23100955
v -1.09301003 3.46707821 -7.26486880
v -1.13254174 3.40882874 -5.89042956
v -1.19879922 3.40045428 -5.89995677
v -1.26518258 3.40777302 -5.90950114
v -7.08567055 3.46707821 5.03843015
v -7.08567055 3.43038893 4.98181623
v -7.08567055 3.40777302 4.91825765
v -7.08567055 3.40045428 4.85119336
v -7.08567055 3.40882874 4.78425306
v -7.08567055 3.43244314 4.72105878
v -12.72340974 3.43577552 10.26917928
v -12.71418198 3.44081998 10.26437658
v -12.73179826 3.43144965 10.27097600
v -12.70474442 3.44626379 10.25597280
v -12.69686707 3.45099092 10.24569219
v -12.68837174 3.45619416 10.23029989
v -12.78512009 3.41128540 10.27469915
v -12.67883881 3.46193528 10.20508855
v -12.67151078 3.46581221 10.17470449
v -12.95311555 3.41542149 10.28356450
v -12.66726502 3.46707821 10.14348119
v -13.00529679 3.43767095 10.28548711
v -12.89772614 3.40347290 10.28106969
v -12.84107789 3.40202689 10.27809041
v -12.85439881 3.43244314 9.30717748
v -12.75909241 3.40251613 9.32923406
v -12.66227921 3.40777302 9.35164159
v -12.47995576 3.46707821 9.12415212
v -12.59828385 3.43144965 9.36645025
v -12.69129380 3.40251613 9.06467336
v -12.59563264 3.40777302 9.09159749
v -12.53240403 3.43144965 9.10939306
v -12.55011948 3.43244314 8.36181348
v -12.45984467 3.40251613 8.39948743
v -12.10813721 3.46707821 8.15674680
v -12.36813554 3.40777302 8.43776029
v -12.30490693 3.40251613 8.05936902
v -12.21584138 3.40777302 8.10344594
v -12.15696915 3.43144965 8.13258069
v -12.09212312 3.43244314 7.48060125
v -12.00941285 3.40251613 7.53283399
v -11.56452760 3.46707821 7.27435773
v -11.92538651 3.40777302 7.58589643
v -11.66057404 3.40777302 7.20213407
v -11.60807618 3.43144965 7.24161237
v -11.49328812 3.43244314 6.68833059
v -11.42046937 3.40251613 6.75365346
v -10.86772355 3.46707821 6.50716680
v -11.34649476 3.40777302 6.82001203
v -11.01589783 3.40251613 6.34516233
v -10.94882783 3.40777302 6.41849225
v -10.90449723 3.43144965 6.46696180
v -10.77046021 3.43244314 6.00728887
v -10.70958527 3.40251613 6.08386319
v -10.04155549 3.46707821 5.88141340
v -10.64774140 3.40777302 6.16165059
v -10.15736207 3.40251613 5.69489377
v -10.10494431 3.40777302 5.77932065
v -10.07029542 3.43144965 5.83512395
v -9.94397553 3.43244314 5.45663350
v -9.89675339 3.40251613 5.54230397
v -9.84878358 3.40777302 5.62933629
v -9.11428651 3.46707821 5.41850370
v -9.81707581 3.43144965 5.68686193
v -9.19376191 3.40251613 5.21384710
v -9.03708466 3.43244314 5.05185598
v -9.15778931 3.40777302 5.30648130
v -9.13400849 3.43144965 5.36771291
v -9.00484284 3.40251613 5.14421552
v -8.97209367 3.40777302 5.23803800
v -8.11762627 3.46707821 5.13426870
v -8.95044526 3.43144965 5.30005544
v -8.17607125 3.43244314 4.82232374
v -8.15805825 3.40251613 4.91847509
v -8.13975915 3.40777302 5.01615041
v -8.12766274 3.43144965 5.08071416
v 2.18418113 3.43881226 7.08715528
v 2.23548118 3.41571259 7.08640378
v 2.29137412 3.40281034 7.08598607
v 2.34871284 3.40116215 7.08593267
v 2.37175742 3.40371442 10.27925771
v 2.40418617 3.41054082 7.08623594
v 2.49817649 3.45538163 7.12731832
v 2.51328651 3.46707821 7.21668905
v 2.50860587 3.46328020 7.16382306
v 2.41443626 3.41352224 10.27894109
v 2.45492927 3.42953610 7.08685392
v 2.45492927 3.42953610 10.27841848
v 2.46120826 3.43267727 7.08759969
v 2.46352378 3.43388295 10.27707952
v 2.46721641 3.43586421 7.08954328
v 2.47208778 3.43858194 10.27316564
v 2.47578803 3.44072914 7.09470075
v 2.48012153 3.44333839 10.26674169
v 2.48323051 3.44527555 7.10187047
v 2.48690788 3.44763970 10.25873464
v 2.48950950 3.44935584 7.11036771
v 2.49427406 3.45261216 10.24649709
v 2.50244514 3.45852423 10.22622197
v 2.50851432 3.46320701 10.20194524
v 2.51328651 3.46707821 10.14858526
v 2.51212302 3.46611929 10.17546361
v 2.02239219 3.64841485 7.09368223
v 2.02465812 3.63870311 10.27190679
v 2.04005042 3.59356666 7.09190076
v 2.04874793 3.57536149 10.27396673
v 2.07419578 3.53503013 7.08999723
v 2.08032981 3.52716637 10.27553075
v 0.58234779 4.07007408 7.09767240
v 0.58234779 4.07007408 10.26760000
v 0.63641731 4.08589411 7.09818738
v 0.63641731 4.08589411 10.26708501
v 0.68733970 4.11247683 7.09905141
v 0.68733970 4.11247683 10.26622289
v 0.73202506 4.14857531 7.10022443
v 0.73202506 4.14857531 10.26504796
v 0.76809303 4.19185305 7.10163205
v 0.81020347 4.28680038 7.14395803
v 0.81406394 4.30540657 7.23311704
v 0.81297675 4.29950714 7.18038457
v 0.76809303 4.19185305 10.26364415
v 0.79428092 4.23936129 7.10317510
v 0.79428092 4.23936129 10.26209920
v 0.79698554 4.24579430 7.10402005
v 0.79797355 4.24825001 10.26060766
v 0.79945747 4.25207472 7.10604184
v 0.80140296 4.25736141 10.25656408
v 0.80277244 4.26127815 7.11128324
v 0.80437843 4.26610613 10.25007528
v 0.80544654 4.26950645 7.11848920
v 0.80670921 4.27370548 10.24205678
v 0.80755225 4.27665472 7.12702077
v 0.80904380 4.28217745 10.22986501
v 0.81139365 4.29192352 10.20962423
v 0.81295768 4.29938936 10.18539327
v 0.81406394 4.30540657 10.13215917
v 0.81380454 4.30392742 10.15897649
v 0.22251502 4.30594254 7.23313230
v 0.22360984 4.29992294 7.17989629
v 0.22277442 4.30446291 7.20631498
v 0.22515861 4.29245424 7.15566533
v 0.22251502 4.30594254 10.13214010
v 0.22634116 4.28732920 10.22130101
v 0.22749320 4.28270388 7.13542646
v 0.22359077 4.30004072 10.18487447
v 0.22897331 4.27717829 10.23823446
v 0.22980872 4.27422762 7.12323468
v 0.23106376 4.27002621 10.24676793
v 0.23212806 4.26662397 7.11521619
v 0.23372260 4.26179314 10.25397390
v 0.23508445 4.25787354 7.10872739
v 0.23702232 4.25258303 10.25921529
v 0.23849860 4.24875593 7.10468190
v 0.23947898 4.24629831 10.26123708
v 0.24217216 4.23986053 7.10319227
v 0.24217216 4.23986053 10.26208394
v 0.26831809 4.19223547 7.10164350
v 0.26831809 4.19223547 10.26362890
v 0.30438606 4.14883518 7.10023397
v 0.30438606 4.14883518 10.26504033
v 0.34910575 4.11262608 7.09905713
v 0.34910575 4.11262608 10.26621908
v 0.40009300 4.08595896 7.09818929
v 0.40009300 4.08595896 10.26708501
v 0.45424262 4.07008982 7.09767431
v 0.45424262 4.07008982 10.26760000
v -1.04399880 3.53109622 7.08980459
v -1.03783044 3.53897142 10.27521413
v -1.01224526 3.57938075 7.09137243
v -1.00349816 3.59762883 10.27330678
v -0.98802193 3.64288354 7.09343808
v -0.98574456 3.65262246 10.27152150
v -1.47716912 3.47198629 7.21677869
v -1.47240456 3.46810341 7.16341871
v -1.47600564 3.47102451 7.18990033
v -1.46634682 3.46340585 7.13914006
v -1.47249612 3.46817684 10.20136159
v -1.46208962 3.46025276 10.23786443
v -1.47716912 3.47198629 10.14849752
v -1.45819100 3.45747375 7.11886686
v -1.45343407 3.45420551 10.25481694
v -1.45084008 3.45248318 7.10662931
v -1.44716653 3.45010996 10.26331609
v -1.44406136 3.44816518 7.09862226
v -1.43973550 3.44554520 10.27048391
v -1.43604287 3.44338894 7.09219640
v -1.43117913 3.44065928 10.27564138
v -1.42748650 3.43866897 7.08828443
v -1.42517480 3.43745756 10.27758687
v -1.41890725 3.43430090 7.08694165
v -1.36820992 3.41517973 7.08631986
v -1.31275948 3.40566301 7.08601087
v -1.25541695 3.40716910 7.08606046
v -1.22446069 3.41278911 10.27903264
v -1.19948968 3.41993284 7.08647435
v -1.16006860 3.43647242 10.27826207
v -1.14813241 3.44290543 7.08722204
v 2.82907478 3.46959996 7.21668905
v 2.54001609 3.25841904 6.84389966
v 2.56090919 3.49811864 7.21668905
v 2.61431113 3.51759911 7.21668905
v 2.51715080 3.30521607 6.86284917
v 2.45799247 3.42419171 7.03177160
v 2.78240577 3.46322918 7.06406682
v 2.78096381 3.49987602 7.21668905
v 2.72725669 3.51850104 7.21668905
v 2.67694846 3.49393392 7.05663579
v 2.67073051 3.52451229 7.21668905
v 2.63360587 3.46644449 6.99770444
v 2.59714500 3.43013287 6.94820684
v 2.49658958 3.34706831 6.89280790
v 2.47934333 3.38191891 6.93230527
v 2.52405158 3.44533706 7.00497907
v 2.46626273 3.40805507 6.97939771
v 2.56090919 3.49811864 10.14858526
v 2.61431113 3.51759911 10.14858526
v 2.67073051 3.52451229 10.14858526
v 2.72725669 3.51850104 10.14858526
v 2.78096381 3.49987602 10.14858526
v 2.82907478 3.46959996 10.14858526
v 2.01328651 3.32617664 6.84510129
v 2.04737083 3.36571598 6.86398023
v 2.12313834 3.45230579 6.98056119
v 2.13540641 3.46574163 7.03300565
v 2.28184882 3.33174491 6.91074651
v 2.10368339 3.43037462 6.93342107
v 2.07800666 3.40102887 6.89391225
v 2.54001609 3.25841904 10.52137273
v 2.51715080 3.30521607 10.50242513
v 2.45799247 3.42419171 10.33350271
v 2.46626273 3.40805507 10.38587468
v 2.60078803 3.43283439 10.41409963
v 2.49658958 3.34706831 10.47246450
v 2.47934333 3.38191891 10.43297094
v 2.63806525 3.47007632 10.36139196
v 2.76785270 3.48372769 10.27196782
v 2.66212074 3.49908018 10.29696935
v 2.11537544 3.48267746 7.03327649
v 2.10325614 3.46910954 6.98083394
v 2.08404533 3.44697189 6.93369764
v 2.02843467 3.38172197 6.86425489
v 2.05868903 3.41735601 6.89418882
v 1.99477760 3.34182620 6.84537404
v 2.07857887 3.42754865 6.91276639
v 2.08507529 3.42205858 6.91267293
v 2.38305656 3.33292890 10.45450109
v 2.43649284 3.34526110 10.45423406
v 1.82159797 3.70521855 6.85182088
v 1.87442008 3.70581794 6.87031644
v 2.00966636 3.70521855 7.03988927
v 1.99116889 3.70581794 6.98706525
v 2.00316993 3.51060963 6.91453832
v 1.95903007 3.60389209 6.91656011
v 1.96138755 3.70612502 6.93967717
v 1.92181007 3.70612502 6.90009969
v 2.11537544 3.48267746 10.33199971
v 2.10325614 3.46910954 10.38444036
v 2.08404533 3.44697189 10.43157476
v 2.05868903 3.41735601 10.47108358
v 2.02843467 3.38172197 10.50101751
v 1.99477760 3.34182620 10.51990026
v 2.08507529 3.42205858 10.45260137
v 2.07857887 3.42754865 10.45250982
v 2.00660316 3.88067889 7.04295247
v 1.98810569 3.88127828 6.99012845
v 1.95832435 3.88158584 6.94274038
v 1.91874686 3.88158584 6.90316289
v 1.87135688 3.88127828 6.87337964
v 1.81853477 3.88067889 6.85488408
v 1.82159797 3.70521855 10.51345342
v 1.87442008 3.70581794 10.49495595
v 2.00966636 3.70521855 10.32538503
v 1.99116889 3.70581794 10.37820714
v 1.95903007 3.60389209 10.44871419
v 1.92181007 3.70612502 10.46517461
v 1.96138755 3.70612502 10.42559713
v 2.00316993 3.51060963 10.45073598
v 2.00353614 4.07926369 7.22910207
v 1.91859428 4.21474600 7.22910207
v 1.96614066 4.10259247 7.06140226
v 1.98532859 4.13025904 7.22910207
v 1.95656196 4.17613745 7.22910207
v 1.96387855 4.08253860 7.03456968
v 1.96125022 4.05987787 7.01025670
v 1.95796577 4.03207588 6.98633664
v 1.81853477 3.88067889 10.51039022
v 1.87135688 3.88127828 10.49189657
v 1.91874686 3.88158584 10.46211141
v 1.95832435 3.88158584 10.42253392
v 1.98810569 3.88127828 10.37514394
v 2.00660316 3.88067889 10.32232183
v 2.00353614 4.07926369 10.13617223
v 1.98532859 4.13025904 10.13617223
v 1.95656196 4.17613745 10.13617223
v 1.91859428 4.21474600 10.13617223
v 1.95704261 4.02419233 10.38490957
v 1.96013252 4.05038214 10.36387151
v 1.96238700 4.06967306 10.34514898
v 1.96489326 4.09133196 10.31970495
v 1.96668235 4.10687351 10.29731267
v 0.83008949 4.35994530 10.13215917
v 0.83008949 4.35994530 7.23311704
v 0.85802070 4.40945339 10.13215917
v 0.85802070 4.40945339 7.23311704
v 0.89641563 4.45137262 7.23311704
v 0.89641563 4.45137262 10.13215917
v 0.94328300 4.48353434 7.23311704
v 0.94328300 4.48353434 10.13215917
v 0.99620811 4.50427723 7.23311704
v 0.99620811 4.50427723 10.13215917
v 1.05245200 4.51252794 7.23311704
v 1.05245200 4.51252794 10.13215917
v 0.97275153 4.16600752 10.50546163
v 0.92448035 4.18667030 10.48676961
v 0.80033485 4.23769712 10.31748098
v 0.81747810 4.23116064 10.37010854
v 0.90394202 4.33736372 10.39772695
v 0.88113395 4.20499706 10.45690816
v 0.84486762 4.22007704 10.41736882
v 0.90774528 4.38956738 10.34482854
v 0.99737540 4.48378754 10.25518316
v 0.90688316 4.42696142 10.28031820
v 0.97275153 4.16600752 6.85981077
v 0.92448035 4.18667030 6.87850469
v 0.80033485 4.23769712 7.04779523
v 1.02198402 4.47769833 7.08094686
v 0.92160407 4.43272924 7.07332700
v 0.90674583 4.38396025 7.01426786
v 0.90295020 4.33298159 6.96456998
v 0.88113395 4.20499706 6.90836423
v 0.84486762 4.22007704 6.94790738
v 0.83687583 4.29676867 7.02132123
v 0.81747810 4.23116064 6.99516576
v 0.52833549 3.87427020 10.51063817
v 0.52833549 3.92627025 10.49163717
v 0.52833549 4.05887032 10.32278722
v 0.52833549 4.04078054 10.37511342
v 0.72818748 4.05323696 10.44169515
v 0.52833549 3.97281384 10.46165746
v 0.52833549 4.01161861 10.42217153
v 0.52833549 3.87427020 6.85463613
v 0.52833549 3.92627025 6.87363523
v 0.52833549 4.04078054 6.99016279
v 0.52833549 4.05887032 7.04248517
v 0.72818748 4.05323696 6.92357724
v 0.52833549 4.01161861 6.94310277
v 0.52833549 3.97281384 6.90361493
v 0.50833503 3.87427020 10.51063817
v 0.50833503 3.92627025 10.49163717
v 0.50833503 3.97281384 10.46165746
v 0.50833503 4.01161861 10.42217153
v 0.50833503 4.04078054 10.37511342
v 0.50833503 4.05887032 10.32278722
v 0.50833503 4.05887032 7.04248517
v 0.50833503 4.04078054 6.99016279
v 0.50833503 4.01161861 6.94310277
v 0.50833503 3.97281384 6.90361493
v 0.50833503 3.92627025 6.87363523
v 0.50833503 3.87427020 6.85463613
v 0.06356040 4.16684198 10.50544637
v 0.11186973 4.18741465 10.48675435
v 0.23611823 4.23820829 10.31746572
v 0.21895972 4.23170424 10.37009328
v 0.30819694 4.05342484 10.44169133
v 0.15525047 4.20565987 10.45689672
v 0.19155112 4.22067213 10.41735357
v 0.06356040 4.16684198 6.85982602
v 0.11186973 4.18741465 6.87851804
v 0.21895972 4.23170424 6.99518102
v 0.23611823 4.23820829 7.04781049
v 0.30819694 4.05342484 6.92358106
v 0.19155112 4.22067213 6.94792074
v 0.15525047 4.20565987 6.90837758
v -0.01548013 4.51351023 10.13214010
v 0.20659248 4.36051035 10.13214010
v 0.17875282 4.41007090 10.13214010
v 0.01491538 4.47862387 10.28430837
v 0.04074470 4.50515366 10.13214010
v 0.09363166 4.48431158 10.13214010
v 0.11521140 4.43346691 10.29193013
v 0.14043800 4.45206165 10.13214010
v 0.12997810 4.38467073 10.35098928
v 0.13367835 4.33368540 10.40068715
v 0.19968406 4.29734802 10.34393972
v -0.01548013 4.51351023 7.23313230
v 0.20659248 4.36051035 7.23313230
v 0.17875282 4.41007090 7.23313230
v 0.13269416 4.33806944 6.96756452
v 0.12899009 4.39027977 7.02046102
v 0.03953925 4.48466682 7.11010831
v 0.04074470 4.50515366 7.23313230
v 0.09363166 4.48431158 7.23313230
v 0.12992088 4.42767143 7.08497327
v 0.14043800 4.45206165 7.23313230
v -1.79294976 3.47528982 10.14849752
v -1.52471169 3.50314450 10.14849752
v -1.57806405 3.52275705 10.14849752
v -1.74629601 3.46880317 10.30111593
v -1.74476250 3.50544667 10.14849752
v -1.69100961 3.52393866 10.14849752
v -1.64076623 3.49924779 10.30854696
v -1.63447198 3.52980995 10.14849752
v -1.59749230 3.47165179 10.36748021
v -1.56112298 3.43525076 10.41697591
v -1.48799142 3.45027375 10.36020559
v -1.52471169 3.50314450 7.21677869
v -1.57806405 3.52275705 7.21677869
v -1.63447198 3.52980995 7.21677869
v -1.69100961 3.52393866 7.21677869
v -1.74476250 3.50544667 7.21677869
v -1.79294976 3.47528982 7.21677869
v -0.97752770 3.32984662 10.52011007
v -1.01151284 3.36946964 10.50123113
v -1.09929284 3.46971345 10.33220571
v -1.08705910 3.45624661 10.38465017
v -1.20671853 3.34339643 10.45429509
v -1.12669381 3.37296033 10.45365423
v -1.06766518 3.43426681 10.43178838
v -1.04206094 3.40485787 10.47129720
v -1.50442895 3.26339626 6.84398740
v -1.48144158 3.31013680 6.86293500
v -1.42198190 3.42896485 7.03185933
v -1.43029794 3.41284943 6.97948545
v -1.56476220 3.43796110 6.95126432
v -1.46077737 3.35193825 6.89289373
v -1.44344338 3.38674617 6.93239110
v -1.60194405 3.47529459 7.00397390
v -1.73169335 3.48926592 7.09339612
v -1.62592324 3.50435734 7.06839269
v -1.07925423 3.48657036 10.33193486
v -1.06717309 3.47297215 10.38437551
v -1.04801568 3.45078707 10.43151372
v -0.99256905 3.38540125 10.50095647
v -1.02273186 3.42110920 10.47102254
v -0.95901116 3.34542346 10.51983922
v -1.04258736 3.43135977 10.45244497
v -1.04908761 3.42589545 10.45253652
v -0.97752770 3.32984662 6.84516614
v -1.01151284 3.36946964 6.86404508
v -1.09929284 3.46971345 7.03306859
v -1.08705910 3.45624661 6.98062413
v -1.24607476 3.33607984 6.91082090
v -1.04206094 3.40485787 6.89397710
v -1.06766518 3.43426681 6.93348592
v -0.78491601 3.70958018 10.51337713
v -0.83774194 3.71017957 10.49487966
v -0.97298440 3.70958018 10.32530874
v -0.95449075 3.71017957 10.37813085
v -0.96681985 3.51447654 10.45067113
v -0.92243966 3.60796809 10.44864553
v -0.92470559 3.71048665 10.42552083
v -0.88512810 3.71048665 10.46509832
v -1.07925423 3.48657036 7.03333753
v -1.06717309 3.47297215 6.98089689
v -1.04801568 3.45078707 6.93376058
v -1.02273186 3.42110920 6.89425176
v -0.99256905 3.38540125 6.86431974
v -0.95901116 3.34542346 6.84543699
v -1.04908761 3.42589545 6.91273778
v -1.04258736 3.43135977 6.91282934
v -0.78187951 3.88347602 10.51034063
v -0.83470544 3.88407540 10.49184697
v -0.88209161 3.88438249 10.46206182
v -0.92167290 3.88438249 10.42248433
v -0.95145425 3.88407540 10.37509816
v -0.96995171 3.88347602 10.32227224
v -0.78491601 3.70958018 6.85189718
v -0.83774194 3.71017957 6.87039274
v -0.97298440 3.70958018 7.03996557
v -0.95449075 3.71017957 6.98714155
v -0.92243966 3.60796809 6.91663068
v -0.88512810 3.71048665 6.90017598
v -0.92470559 3.71048665 6.93975347
v -0.96681985 3.51447654 6.91460317
v -0.96686562 4.08198738 10.13612645
v -0.88161477 4.21763563 10.13612645
v -0.92937859 4.10545111 10.30383580
v -0.94858559 4.13307142 10.13612645
v -0.91971596 4.17900848 10.13612645
v -0.92712411 4.08539963 10.33067220
v -0.92450722 4.06273794 10.35498708
v -0.92123803 4.03492832 10.37891286
v -0.96995171 3.88347602 7.04300206
v -0.95145425 3.88407540 6.99017804
v -0.92167290 3.88438249 6.94278997
v -0.88209161 3.88438249 6.90321058
v -0.83470544 3.88407540 6.87342733
v -0.78187951 3.88347602 6.85493177
v -0.88161477 4.21763563 7.22914594
v -0.91971596 4.17900848 7.22914594
v -0.94858559 4.13307142 7.22914594
v -0.96686562 4.08198738 7.22914594
v -0.92031869 4.02704620 6.98038762
v -0.92339333 4.05323839 7.00142568
v -0.92564019 4.07253599 7.02015584
v -0.92813500 4.09419394 7.04560560
v -0.92991647 4.10973454 7.06799978
v -1.79761895 3.46959996 -1.13495166
v -1.52945336 3.49811864 -1.13495166
v -1.58285531 3.51759911 -1.13495166
v -1.75094994 3.46322918 -0.98232753
v -1.74951180 3.49987602 -1.13495166
v -1.69580468 3.51850104 -1.13495166
v -1.64549645 3.49393392 -0.97489650
v -1.63927850 3.52451229 -1.13495166
v -1.60215386 3.46644449 -0.91596514
v -1.56568917 3.43013287 -0.86646754
v -1.49259957 3.44533706 -0.92323977
v -1.52945336 3.49811864 -4.56052882
v -1.58285531 3.51759911 -4.56052882
v -1.63927850 3.52451229 -4.56052882
v -1.69580468 3.51850104 -4.56052882
v -1.74951180 3.49987602 -4.56052882
v -1.79761895 3.46959996 -4.56052882
v -0.98183068 3.32617664 -0.76336199
v -1.01591500 3.36571598 -0.78224093
v -1.10395440 3.46574163 -0.95126635
v -1.09168633 3.45230579 -0.89882189
v -1.21164330 3.33901882 -0.82916362
v -1.13137826 3.36878514 -0.82980830
v -1.07223138 3.43037462 -0.85168177
v -1.04655465 3.40102887 -0.81217295
v 9.41125957 3.46959996 5.26939481
v 8.11712543 3.46959996 5.35421651
v 9.40498058 3.49987602 5.22169584
v 8.11712543 3.49987602 5.30610555
v 9.39796916 3.51850104 5.16844838
v 8.11712543 3.51850104 5.25240033
v 9.39059154 3.52451229 5.11240667
v 8.11712543 3.52451229 5.19587415
v 9.38322726 3.51759911 5.05646795
v 8.11712543 3.51759911 5.13945287
v 9.37625781 3.49811864 5.00352376
v 8.11712543 3.49811864 5.08605092
v 10.68325130 3.46959996 5.01637929
v 10.67079822 3.49987602 4.96990865
v 10.65689937 3.51850104 4.91803258
v 10.64226810 3.52451229 4.86343282
v 10.62766544 3.51759911 4.80893415
v 10.61384479 3.49811864 4.75735181
v 11.91133395 3.46959996 4.59950155
v 11.89292423 3.49987602 4.55505269
v 11.87237064 3.51850104 4.50543493
v 11.85073940 3.52451229 4.45321363
v 11.82914821 3.51759911 4.40108579
v 11.80871097 3.49811864 4.35174840
v 13.07449809 3.46959996 4.02589315
v 13.05044261 3.49987602 3.98422712
v 13.02359096 3.51850104 3.93771642
v 12.99532787 3.52451229 3.88876432
v 12.96711627 3.51759911 3.83990186
v 12.94041530 3.49811864 3.79365438
v 13.39183513 3.52451229 3.64708036
v 13.36133090 3.51759911 3.59961408
v 13.33245937 3.49811864 3.55469030
v 14.15284053 3.46959996 3.30536741
v 14.12355319 3.49987602 3.26719945
v 14.09085742 3.51850104 3.22459119
v 14.05644695 3.52451229 3.17974752
v 14.02209941 3.51759911 3.13498395
v 13.98959056 3.49811864 3.09261792
v 14.50621120 3.52451229 2.81286901
v 14.46926204 3.51759911 2.77022832
v 14.43429271 3.49811864 2.72986882
v 15.12790958 3.46959996 2.45025533
v 15.09389011 3.49987602 2.41623586
v 15.05591480 3.51850104 2.37826055
v 15.01594440 3.52451229 2.33829015
v 14.97604839 3.51759911 2.29839414
v 14.93828670 3.49811864 2.26063245
v 15.49052325 3.52451229 1.82855695
v 15.44788257 3.51759911 1.79160779
v 15.40752307 3.49811864 1.75663846
v 15.98302165 3.46959996 1.47518628
v 15.94485370 3.49987602 1.44589895
v 15.90224544 3.51850104 1.41320318
v 15.85740176 3.52451229 1.37879270
v 15.81263820 3.51759911 1.34444516
v 15.77027217 3.49811864 1.31193631
v 16.32473460 3.52451229 0.71418088
v 16.27726833 3.51759911 0.68367666
v 16.23234454 3.49811864 0.65480512
v 16.70354739 3.46959996 0.39684385
v 16.66188136 3.49987602 0.37278837
v 16.61537067 3.51850104 0.34593671
v 16.56641856 3.52451229 0.31767362
v 16.51755611 3.51759911 0.28946203
v 16.47130862 3.49811864 0.26276105
v 17.04328052 3.51850104 -0.48408992
v 16.99186221 3.52451229 -0.50757128
v 16.94053928 3.51759911 -0.53101069
v 16.89196292 3.49811864 -0.55319506
v 17.27715579 3.46959996 -0.76632029
v 17.23270694 3.49987602 -0.78473002
v 17.18308917 3.51850104 -0.80528361
v 17.13086787 3.52451229 -0.82691485
v 17.07874004 3.51759911 -0.84850604
v 17.02940265 3.49811864 -0.86894328
v 17.53256122 3.51850104 -1.79590708
v 17.47832576 3.52451229 -1.81183154
v 17.42418948 3.51759911 -1.82772738
v 17.37295047 3.49811864 -1.84277255
v 17.88333217 3.49987602 -3.15635974
v 17.83017246 3.51850104 -3.16400248
v 17.77422229 3.52451229 -3.17204768
v 17.71837512 3.51759911 -3.18007762
v 17.66551677 3.49811864 -3.18767649
v 18.03187076 3.46959996 -4.56052882
v 17.98375980 3.49987602 -4.56052882
v 17.93005458 3.51850104 -4.56052882
v 17.87352840 3.52451229 -4.56052882
v 17.81710712 3.51759911 -4.56052882
v 17.76370517 3.49811864 -4.56052882
v 17.93952457 3.46959996 -5.91058642
v 17.89186183 3.49987602 -5.90403468
v 17.83865634 3.51850104 -5.89672190
v 17.78265659 3.52451229 -5.88902575
v 17.72676173 3.51759911 -5.88134295
v 17.67385570 3.49811864 -5.87407023
v 17.66420451 3.46959996 -7.23549563
v 17.61787883 3.49987602 -7.22251422
v 17.56616489 3.51850104 -7.20802600
v 17.51173488 3.52451229 -7.19277484
v 17.45740596 3.51759911 -7.17755038
v 17.40598384 3.49811864 -7.16314608
v 17.21104137 3.46959996 -8.51057250
v 17.16691486 3.49987602 -8.49140364
v 17.11765567 3.51850104 -8.47001082
v 17.06580821 3.52451229 -8.44748885
v 17.01405803 3.51759911 -8.42500884
v 16.96507732 3.49811864 -8.40373427
v 16.58847705 3.46959996 -9.71206862
v 16.54736987 3.49987602 -9.68707091
v 16.50148288 3.51850104 -9.65916640
v 16.45318691 3.52451229 -9.62979705
v 16.40497867 3.51759911 -9.60048110
v 16.35935107 3.49811864 -9.57273680
v 15.80810634 3.46959996 -10.81760222
v 15.77078525 3.49987602 -10.78724105
v 15.72912494 3.51850104 -10.75334746
v 15.68527881 3.52451229 -10.71767623
v 15.64151088 3.51759911 -10.68206984
v 15.60008708 3.49811864 -10.64836699
v 14.88446704 3.46959996 -11.80658156
v 14.85162822 3.49987602 -11.77141768
v 14.81497089 3.51850104 -11.73216826
v 14.77638904 3.52451229 -11.69085891
v 14.73787776 3.51759911 -11.64962203
v 14.70142833 3.49811864 -11.61059386
v 14.54322711 3.51850104 -11.97664458
v 14.50621120 3.52451229 -11.93392379
v 14.46926204 3.51759911 -11.89128310
v 14.43429271 3.49811864 -11.85092742
v 13.83476344 3.46959996 -12.66057402
v 13.80701915 3.49987602 -12.62127120
v 13.77604953 3.51850104 -12.57739455
v 13.74345103 3.52451229 -12.53121382
v 13.71091357 3.51759911 -12.48512084
v 13.68011752 3.49811864 -12.44149214
v 13.42239467 3.51850104 -12.81568724
v 13.39183513 3.52451229 -12.76813704
v 13.36133090 3.51759911 -12.72067076
v 13.33245937 3.49811864 -12.67574507
v 12.67855350 3.46959996 -13.36368376
v 12.65641872 3.49987602 -13.32096678
v 12.63171092 3.51850104 -13.27328307
v 12.60570613 3.52451229 -13.22309310
v 12.57974712 3.51759911 -13.17299849
v 12.55518047 3.49811864 -13.12558181
v 12.17008296 3.52451229 -13.43526274
v 12.14664356 3.51759911 -13.38393981
v 12.12445918 3.49811864 -13.33536345
v 11.43737117 3.46959996 -13.90280349
v 11.42125980 3.49987602 -13.85747344
v 11.40327541 3.51850104 -13.80686766
v 11.38434688 3.52451229 -13.75360686
v 11.36545078 3.51759911 -13.70044142
v 11.34756938 3.49811864 -13.65012175
v 10.86582271 3.52451229 -13.92172820
v 10.84992687 3.51759911 -13.86759001
v 10.83488170 3.49811864 -13.81635100
v 10.13434116 3.46959996 -14.26789672
v 10.12455264 3.49987602 -14.22079283
v 10.11362544 3.51850104 -14.16821105
v 10.10212413 3.52451229 -14.11286742
v 10.09064571 3.51759911 -14.05762297
v 10.07977954 3.49811864 -14.00533873
v 9.50560657 3.52451229 -14.21762282
v 9.49757663 3.51759911 -14.16177565
v 9.48997775 3.49811864 -14.10891921
v 8.79373256 3.46959996 -14.45215804
v 8.79044811 3.49987602 -14.40416152
v 8.78678409 3.51850104 -14.35058028
v 8.78292552 3.52451229 -14.29418761
v 8.77907649 3.51759911 -14.23789412
v 8.77543155 3.49811864 -14.18461806
v 8.11712543 3.52451229 -14.31693083
v 8.11712543 3.51759911 -14.26050765
v 8.11712543 3.49811864 -14.20710570
v 7.44052020 3.46959996 -14.45215804
v 7.44380275 3.49987602 -14.40416152
v 7.44746867 3.51850104 -14.35058028
v 7.45132533 3.52451229 -14.29418761
v 7.45517627 3.51759911 -14.23789412
v 7.45881931 3.49811864 -14.18461806
v 6.72864333 3.52451229 -14.21762282
v 6.73667327 3.51759911 -14.16177565
v 6.74427406 3.49811864 -14.10891921
v 6.09991065 3.46959996 -14.26789672
v 6.10969917 3.49987602 -14.22079283
v 6.12062446 3.51850104 -14.16821105
v 6.13212577 3.52451229 -14.11286742
v 6.14360420 3.51759911 -14.05762297
v 6.15446845 3.49811864 -14.00533873
v 5.36842719 3.52451229 -13.92172820
v 5.38432304 3.51759911 -13.86759001
v 5.39936820 3.49811864 -13.81635100
v 4.79687873 3.46959996 -13.90280349
v 4.81298820 3.49987602 -13.85747344
v 4.83097450 3.51850104 -13.80686766
v 4.84990302 3.52451229 -13.75360686
v 4.86879722 3.51759911 -13.70044142
v 4.88668052 3.49811864 -13.65012175
v 4.06416694 3.52451229 -13.43526274
v 4.08760825 3.51759911 -13.38393981
v 4.10979072 3.49811864 -13.33536345
v 3.55569831 3.46959996 -13.36368376
v 3.57783118 3.49987602 -13.32096678
v 3.60253898 3.51850104 -13.27328307
v 3.62854377 3.52451229 -13.22309310
v 3.65450279 3.51759911 -13.17299849
v 3.67906944 3.49811864 -13.12558181
v 2.81185523 3.51850104 -12.81568724
v 2.84241477 3.52451229 -12.76813704
v 2.87292091 3.51759911 -12.72067076
v 2.90179054 3.49811864 -12.67574507
v 2.39948646 3.46959996 -12.66057402
v 2.42723075 3.49987602 -12.62127120
v 2.45820228 3.51850104 -12.57739455
v 2.49079887 3.52451229 -12.53121382
v 2.52333823 3.51759911 -12.48512084
v 2.55413429 3.49811864 -12.44149214
v 1.69102470 3.51850104 -11.97664458
v 1.72803870 3.52451229 -11.93392379
v 1.76498786 3.51759911 -11.89128310
v 1.79995719 3.49811864 -11.85092742
v 1.34978477 3.46959996 -11.80658156
v 1.38262168 3.49987602 -11.77141768
v 1.41928092 3.51850104 -11.73216826
v 1.45786277 3.52451229 -11.69085891
v 1.49637214 3.51759911 -11.64962203
v 1.53282157 3.49811864 -11.61059386
v 0.70100776 3.51850104 -10.98662764
v 0.74372855 3.52451229 -10.94961364
v 0.78636924 3.51759911 -10.91266448
v 0.82672492 3.49811864 -10.87769515
v -0.13803490 3.51850104 -9.86579711
v -0.09048470 3.52451229 -9.83523757
v -0.04301842 3.51759911 -9.80473143
v 0.00190727 3.49811864 -9.77586180
v -0.80902871 3.51850104 -8.63696486
v -0.75761040 3.52451229 -8.61348540
v -0.70628747 3.51759911 -8.59004409
v -0.65771111 3.49811864 -8.56786162
v -1.34984216 3.49987602 -7.34028155
v -1.29830941 3.51850104 -7.32514865
v -1.24407586 3.52451229 -7.30922610
v -1.18993768 3.51759911 -7.29333026
v -1.13869866 3.49811864 -7.27828509
v -1.69670113 3.46959996 -5.97154338
v -1.64908227 3.49987602 -5.96469790
v -1.59592065 3.51850104 -5.95705325
v -1.53997048 3.52451229 -5.94900996
v -1.48412331 3.51759911 -5.94098002
v -1.43126687 3.49811864 -5.93337924
v -1.08392342 3.48267746 -0.95153720
v -1.07180413 3.46910954 -0.89909465
v -1.05258950 3.44697189 -0.85195834
v -0.99697884 3.38172197 -0.78251750
v -1.02723321 3.41735601 -0.81244952
v -0.96332177 3.34182620 -0.76363475
v -1.04712304 3.42754865 -0.83102710
v -1.05361947 3.42205858 -0.83093554
v -7.08567055 3.49811864 5.08605092
v -7.08567055 3.51759911 5.13945287
v -7.08567055 3.52451229 5.19587415
v -7.08567055 3.51850104 5.25240033
v -7.08567055 3.49987602 5.30610555
v -7.08567055 3.46959996 5.35421651
v -0.79014214 3.70521855 -0.77008158
v -0.84296426 3.70581794 -0.78857714
v -0.97821053 3.70521855 -0.95814997
v -0.95971688 3.70581794 -0.90532786
v -0.97171410 3.51060963 -0.83279902
v -0.92757424 3.60389209 -0.83482081
v -0.92993172 3.70612502 -0.85793788
v -0.89035424 3.70612502 -0.81836039
v -12.17597779 3.46959996 9.20970052
v -12.35273179 3.46959996 10.17158788
v -12.22228822 3.49987602 9.19666570
v -12.40065202 3.49987602 10.16730779
v -12.27398499 3.51850104 9.18211644
v -12.45414170 3.51850104 10.16252797
v -12.32839783 3.52451229 9.16680425
v -12.51044282 3.52451229 10.15749639
v -12.38270768 3.51759911 9.15151876
v -12.56664094 3.51759911 10.15247243
v -12.43411454 3.49811864 9.13705343
v -12.61983308 3.49811864 10.14771932
v -11.82510957 3.46959996 8.29681104
v -11.86823090 3.49987602 8.27547162
v -11.91636475 3.51850104 8.25165075
v -11.96702775 3.52451229 8.22658056
v -12.01759537 3.51759911 8.20155423
v -12.06545457 3.49811864 8.17786878
v -11.31213578 3.46959996 7.46414655
v -11.35058793 3.49987602 7.43523114
v -11.39351472 3.51850104 7.40295499
v -11.43869218 3.52451229 7.36898320
v -11.48378571 3.51759911 7.33507245
v -11.52646836 3.49811864 7.30297750
v -10.65459641 3.46959996 6.74018758
v -10.68706712 3.49987602 6.70468610
v -10.72331437 3.51850104 6.66505712
v -10.76146516 3.52451229 6.62334722
v -10.79954346 3.51759911 6.58171171
v -10.83558472 3.49811864 6.54230588
v -9.87498673 3.46959996 6.14969724
v -9.90036210 3.49987602 6.10882467
v -9.92869385 3.51850104 6.06319707
v -9.95850953 3.52451229 6.01517385
v -9.98826798 3.51759911 5.96724027
v -10.01643571 3.49811864 5.92187207
v -8.99996766 3.46959996 5.71287244
v -9.01738557 3.49987602 5.66802495
v -9.03682526 3.51850104 5.61796087
v -9.05728730 3.52451229 5.56527036
v -9.07771500 3.51759911 5.51267331
v -9.09704407 3.49811864 5.46289342
v -8.05947503 3.46959996 5.44465345
v -8.06833276 3.49987602 5.39736646
v -8.07822427 3.51850104 5.34457868
v -8.08863457 3.52451229 5.28901952
v -8.09902581 3.51759911 5.23356336
v -8.10885628 3.49811864 5.18107503
v -0.97514733 3.88067889 -0.96121318
v -0.95665368 3.88127828 -0.90838916
v -0.92686852 3.88158584 -0.86100108
v -0.88729104 3.88158584 -0.82142359
v -0.83990487 3.88127828 -0.79164035
v -0.78707894 3.88067889 -0.77314479
v -12.64476212 3.26256371 10.52106756
v -12.66866883 3.30981112 10.50142568
v -12.72928437 3.42743015 10.32725423
v -12.72117432 3.41222119 10.38103765
v -12.59025010 3.43545032 10.41450780
v -12.69007310 3.35187197 10.47040456
v -12.70787629 3.38659930 10.42957967
v -12.53101166 3.46270180 10.37882512
v -12.55306443 3.47151875 10.36432546
v -12.57497987 3.47762394 10.34834188
v -0.97208413 4.07926369 -1.14736277
v -0.88713845 4.21474600 -1.14736277
v -0.93468865 4.10259247 -0.97966296
v -0.95387276 4.13025904 -1.14736277
v -0.92510995 4.17613745 -1.14736277
v -0.93242272 4.08253860 -0.95283038
v -0.92979440 4.05987787 -0.92851741
v -0.92650994 4.03207588 -0.90459735
v -13.17953309 3.32517290 10.52049154
v -13.14621171 3.36386681 10.50250142
v -13.05794343 3.46437812 10.34031575
v -13.07090195 3.45008993 10.39090246
v -12.94245347 3.33633113 10.45558446
v -13.11609467 3.39862776 10.47394079
v -13.09059342 3.42782497 10.43615239
v -12.90706834 3.33076096 10.45519536
v -12.92302903 3.37380743 10.40201467
v -13.07795533 3.48132157 10.33992666
v -13.09074601 3.46690607 10.39054006
v -13.11018952 3.44443703 10.43581289
v -13.16512116 3.37988353 10.50220769
v -13.13537415 3.41496873 10.47362798
v -13.19803437 3.34082818 10.52021306
v -13.10914811 3.41953182 10.45598882
v 17.02974025 4.21474600 -3.27908808
v 17.06732265 4.17613745 -3.27368457
v 17.09579364 4.13025904 -3.26959140
v 17.11381999 4.07926369 -3.26699931
v 16.75665561 4.21474600 -2.02373416
v 16.79308597 4.17613745 -2.01303775
v 16.82068530 4.13025904 -2.00493342
v 16.83815662 4.07926369 -1.99980265
v 16.30769435 4.21474600 -0.82002169
v 16.34223071 4.17613745 -0.80424983
v 16.36839572 4.13025904 -0.79230029
v 16.38496104 4.07926369 -0.78473384
v 15.69199649 4.21474600 0.30754560
v 15.72393695 4.17613745 0.32807248
v 15.74813548 4.13025904 0.34362310
v 15.76345531 4.07926369 0.35346883
v 14.92209522 4.21474600 1.33601087
v 14.95078937 4.17613745 1.36087507
v 14.97252933 4.13025904 1.37971204
v 14.98629085 4.07926369 1.39163678
v 14.01366512 4.21474600 2.24444097
v 14.03852931 4.17613745 2.27313512
v 14.05736629 4.13025904 2.29487508
v 14.06929103 4.07926369 2.30863660
v 12.98519984 4.21474600 3.01434224
v 13.00572673 4.17613745 3.04628270
v 13.02127734 4.13025904 3.07048124
v 13.03112308 4.07926369 3.08580106
v 11.85763255 4.21474600 3.63004010
v 11.87340442 4.17613745 3.66457647
v 11.88535396 4.13025904 3.69074147
v 11.89292041 4.07926369 3.70730680
v 10.65392009 4.21474600 4.07900136
v 10.66461650 4.17613745 4.11543172
v 10.67272083 4.13025904 4.14303106
v 10.67785159 4.07926369 4.16050237
v 9.39856616 4.21474600 4.35208600
v 8.11712543 4.21474600 4.44373601
v 9.40396968 4.17613745 4.38966840
v 8.11712543 4.17613745 4.48170560
v 8.11712543 4.13025904 4.51046842
v 9.40806285 4.13025904 4.41813939
v 9.41065494 4.07926369 4.43616575
v 8.11712543 4.07926369 4.52867978
v -13.37230881 3.70513797 10.51391118
v -13.32123002 3.70567870 10.49674505
v -13.18529710 3.70513797 10.33756917
v -13.20543107 3.70567870 10.38755315
v -13.23777970 3.60257220 10.45358938
v -13.27501496 3.70595574 10.46903508
v -13.23580750 3.70595574 10.43206304
v -7.08567055 4.21474600 4.44373601
v -7.08567055 4.17613745 4.48170560
v -7.08567055 4.13025904 4.51046842
v -7.08567055 4.07926369 4.52867978
v -13.18829545 3.88548017 10.33451741
v -13.20843705 3.88602042 10.38447850
v -13.32422837 3.88602042 10.49361318
v -13.37529191 3.88548017 10.51076787
v -13.25541505 3.76610446 10.45057195
v -13.27802094 3.88629746 10.46591466
v -13.23881730 3.88629746 10.42896550
v -13.26488312 4.21474600 10.15328115
v -13.18020448 4.07926369 10.15998357
v -8.10843285 4.21474600 4.52869695
v -8.10216531 4.17613745 4.56614393
v -8.09741982 4.13025904 4.59451574
v -8.09441766 4.07926369 4.61247533
v -9.10315522 4.21474600 4.78124898
v -9.09079560 4.17613745 4.81714910
v -9.08143433 4.13025904 4.84434789
v -9.07550629 4.07926369 4.86156743
v -10.04257020 4.21474600 5.19446843
v -10.02445802 4.17613745 5.22783941
v -10.01073655 4.13025904 5.25311940
v -10.00205048 4.07926369 5.26912397
v -10.90093430 4.21474600 5.75702947
v -10.87756165 4.17613745 5.78695386
v -10.85985764 4.13025904 5.80962270
v -10.84865006 4.07926369 5.82397550
v -11.65470704 4.21474600 6.45350927
v -11.62671860 4.17613745 6.47916692
v -11.60551652 4.13025904 6.49860471
v -11.59209260 4.07926369 6.51091092
v -12.28322800 4.21474600 7.26481717
v -12.25139054 4.17613745 7.28550428
v -12.22727021 4.13025904 7.30117696
v -12.21199998 4.07926369 7.31110090
v -12.76926621 4.21474600 8.16870969
v -12.73445328 4.17613745 8.18385976
v -12.70807847 4.13025904 8.19534009
v -12.69138154 4.07926369 8.20260709
v -13.09950455 4.21474600 9.14041036
v -13.22703370 4.17613745 10.15627569
v -13.06266602 4.17613745 9.14961141
v -13.19835862 4.13025904 10.15854543
v -13.03475770 4.13025904 9.15658086
v -13.01709183 4.07926369 9.16099065
v -13.23779496 4.02900410 10.39025777
v -13.23399934 4.05405378 10.37011236
v -13.23105057 4.07258558 10.35214895
v -13.22789963 4.09133387 10.33036702
v -13.22513016 4.10658026 10.30892461
v 0.20136634 4.35994530 -4.56052882
v 0.20136634 4.35994530 -1.15137774
v 0.17343513 4.40945339 -4.56052882
v 0.17343513 4.40945339 -1.15137774
v 0.13504020 4.45137262 -4.56052882
v 0.13504020 4.45137262 -1.15137774
v 0.08816901 4.48353434 -1.15137774
v 0.08816901 4.48353434 -4.56052882
v 0.03524390 4.50427723 -1.15137774
v 0.03524390 4.50427723 -4.56052882
v -0.02099618 4.51252794 -1.15137774
v -0.02099618 4.51252794 -4.56052882
v 9.27530185 4.51252794 3.49475950
v 8.11712543 4.51252794 3.57759374
v 9.26729671 4.50427723 3.43908971
v 8.11712543 4.50427723 3.52135175
v 9.25976459 4.48353434 3.38670438
v 8.11712543 4.48353434 3.46842664
v 9.25309459 4.45137262 3.34031003
v 8.11712543 4.45137262 3.42155546
v 9.24763004 4.40945339 3.30230802
v 8.11712543 4.40945339 3.38316243
v 9.24365512 4.35994530 3.27466100
v 8.11712543 4.35994530 3.35523122
v 10.40989963 4.51252794 3.24794286
v 10.39405528 4.50427723 3.19397825
v 10.37914363 4.48353434 3.14319700
v 10.36593906 4.45137262 3.09822553
v 10.35512248 4.40945339 3.06138700
v 10.34725276 4.35994530 3.03458684
v 11.49782459 4.51252794 2.84216779
v 11.47445956 4.50427723 2.79100889
v 11.45247356 4.48353434 2.74286550
v 11.43300334 4.45137262 2.70023053
v 11.41705409 4.40945339 2.66530698
v 11.40545169 4.35994530 2.63989919
v 11.76219455 4.48353434 2.59332364
v 11.74091617 4.45137262 2.55156034
v 11.72348682 4.40945339 2.51735204
v 11.71080486 4.35994530 2.49246496
v 12.51692668 4.51252794 2.28569501
v 12.48651973 4.50427723 2.23838132
v 12.45790759 4.48353434 2.19385808
v 12.43256656 4.45137262 2.15442937
v 12.41180888 4.40945339 2.12213033
v 12.39670840 4.35994530 2.09863179
v 12.80887691 4.45137262 1.89711469
v 12.78631107 4.40945339 1.86605352
v 12.76989261 4.35994530 1.84345525
v 13.44646159 4.51252794 1.58985418
v 13.40963069 4.50427723 1.54734891
v 13.37497417 4.48353434 1.50735181
v 13.34427921 4.45137262 1.47192853
v 13.31913654 4.40945339 1.44291204
v 13.30084697 4.35994530 1.42180341
v 13.76131145 4.45137262 1.08365720
v 13.73416415 4.40945339 1.05650991
v 13.71441356 4.35994530 1.03675931
v 14.26750842 4.51252794 0.76880735
v 14.22500316 4.50427723 0.73197644
v 14.18500606 4.48353434 0.69731992
v 14.14958278 4.45137262 0.66662496
v 14.12056628 4.40945339 0.64148229
v 14.09945766 4.35994530 0.62319272
v 14.57476894 4.45137262 0.13122266
v 14.54370776 4.40945339 0.10865682
v 14.52110950 4.35994530 0.09223836
v 14.96334926 4.51252794 -0.16072757
v 14.91603557 4.50427723 -0.19113452
v 14.87151233 4.48353434 -0.21974665
v 14.83208362 4.45137262 -0.24508769
v 14.79978458 4.40945339 -0.26584536
v 14.77628604 4.35994530 -0.28094584
v 15.27097789 4.48353434 -0.91545970
v 15.22921458 4.45137262 -0.93673808
v 15.19500629 4.40945339 -0.95416743
v 15.17011920 4.35994530 -0.96684939
v 15.51982204 4.51252794 -1.17982966
v 15.46866313 4.50427723 -1.20319468
v 15.42051975 4.48353434 -1.22518069
v 15.37788478 4.45137262 -1.24465090
v 15.34296123 4.40945339 -1.26060015
v 15.31755344 4.35994530 -1.27220256
v 15.75311557 4.48353434 -2.07944400
v 15.70853893 4.45137262 -2.09392840
v 15.67202464 4.40945339 -2.10579211
v 15.64546100 4.35994530 -2.11442477
v 16.09950343 4.50427723 -3.29624469
v 16.04723064 4.48353434 -3.30452258
v 16.00093738 4.45137262 -3.31185443
v 15.96301738 4.40945339 -3.31786067
v 15.93542949 4.35994530 -3.32223040
v 16.25524799 4.51252794 -4.56052882
v 16.19900600 4.50427723 -4.56052882
v 16.14608089 4.48353434 -4.56052882
v 16.09920970 4.45137262 -4.56052882
v 16.06081668 4.40945339 -4.56052882
v 16.03288547 4.35994530 -4.56052882
v 16.16435138 4.51252794 -5.77345187
v 16.10873691 4.50427723 -5.76507098
v 16.05640498 4.48353434 -5.75718219
v 16.01005641 4.45137262 -5.75019557
v 15.97209254 4.40945339 -5.74447352
v 15.94447414 4.35994530 -5.74031169
v 15.89369289 4.51252794 -6.95928103
v 15.83994952 4.50427723 -6.94270617
v 15.78937808 4.48353434 -6.92710406
v 15.74458972 4.45137262 -6.91329104
v 15.70790187 4.40945339 -6.90197283
v 15.68121043 4.35994530 -6.89374072
v 15.44932071 4.51252794 -8.09152800
v 15.39864818 4.50427723 -8.06712538
v 15.35096446 4.48353434 -8.04416091
v 15.30873576 4.45137262 -8.02382476
v 15.27414409 4.40945339 -8.00716597
v 15.24897853 4.35994530 -7.99504668
v 14.84115688 4.51252794 -9.14489562
v 14.79468814 4.50427723 -9.11321074
v 14.75096027 4.48353434 -9.08339888
v 14.71223346 4.45137262 -9.05699736
v 14.68051234 4.40945339 -9.03536803
v 14.65743343 4.35994530 -9.01963240
v 14.08279124 4.51252794 -10.09585768
v 14.04156200 4.50427723 -10.05760009
v 14.00276653 4.48353434 -10.02160460
v 13.96840755 4.45137262 -9.98972518
v 13.94026271 4.40945339 -9.96360976
v 13.91978923 4.35994530 -9.94461257
v 13.19116107 4.51252794 -10.92316634
v 13.15609637 4.50427723 -10.87919432
v 13.12309734 4.48353434 -10.83781630
v 13.09387485 4.45137262 -10.80117232
v 13.06993572 4.40945339 -10.77115447
v 13.05252162 4.35994530 -10.74931914
v 12.83642665 4.48353434 -11.05608947
v 12.80887691 4.45137262 -11.01817137
v 12.78631107 4.40945339 -10.98710829
v 12.76989261 4.35994530 -10.96451003
v 12.18618671 4.51252794 -11.60834700
v 12.15806476 4.50427723 -11.55964095
v 12.13160411 4.48353434 -11.51380736
v 12.10816852 4.45137262 -11.47321517
v 12.08897105 4.40945339 -11.43996627
v 12.07500545 4.35994530 -11.41577727
v 11.76219455 4.48353434 -11.71438033
v 11.74091617 4.45137262 -11.67261702
v 11.72348682 4.40945339 -11.63840682
v 11.71080486 4.35994530 -11.61351973
v 11.09031574 4.51252794 -12.13609130
v 11.06976787 4.50427723 -12.08373839
v 11.05043308 4.48353434 -12.03447158
v 11.03330890 4.45137262 -11.99083907
v 11.01928226 4.40945339 -11.95510298
v 11.00907794 4.35994530 -11.92910201
v 10.58372585 4.45137262 -12.15194136
v 10.57186214 4.40945339 -12.11542708
v 10.56322948 4.35994530 -12.08886153
v 9.92802898 4.51252794 -12.49460799
v 9.91551296 4.50427723 -12.43977935
v 9.90373698 4.48353434 -12.38818175
v 9.89330760 4.45137262 -12.34248549
v 9.88476268 4.40945339 -12.30505568
v 9.87854854 4.35994530 -12.27782256
v 9.36579982 4.45137262 -12.44433791
v 9.35979358 4.40945339 -12.40641982
v 9.35542384 4.35994530 -12.37883193
v 8.72528926 4.51252794 -12.67589385
v 8.72108546 4.50427723 -12.61981017
v 8.71712962 4.48353434 -12.56703383
v 8.71362773 4.45137262 -12.52029235
v 8.71075908 4.40945339 -12.48200804
v 8.70867053 4.35994530 -12.45415313
v 8.11712543 4.45137262 -12.54261214
v 8.11712543 4.40945339 -12.50421721
v 8.11712543 4.35994530 -12.47628600
v 7.50896350 4.51252794 -12.67589385
v 7.51316539 4.50427723 -12.61981017
v 7.51712123 4.48353434 -12.56703383
v 7.52062312 4.45137262 -12.52029235
v 7.52349368 4.40945339 -12.48200804
v 7.52558032 4.35994530 -12.45415313
v 6.86845199 4.45137262 -12.44433791
v 6.87445823 4.40945339 -12.40641982
v 6.87882797 4.35994530 -12.37883193
v 6.30622092 4.51252794 -12.49460799
v 6.31873695 4.50427723 -12.43977935
v 6.33051292 4.48353434 -12.38818175
v 6.34094230 4.45137262 -12.34248549
v 6.34948722 4.40945339 -12.30505568
v 6.35570136 4.35994530 -12.27782256
v 5.65052406 4.45137262 -12.15194136
v 5.66238776 4.40945339 -12.11542708
v 5.67102042 4.35994530 -12.08886153
v 5.14393607 4.51252794 -12.13609130
v 5.16448203 4.50427723 -12.08373839
v 5.18381873 4.48353434 -12.03447158
v 5.20094291 4.45137262 -11.99083907
v 5.21496955 4.40945339 -11.95510298
v 5.22517387 4.35994530 -11.92910201
v 4.47205726 4.48353434 -11.71438033
v 4.49333564 4.45137262 -11.67261702
v 4.51076499 4.40945339 -11.63840682
v 4.52344505 4.35994530 -11.61351973
v 4.04806510 4.51252794 -11.60834700
v 4.07618324 4.50427723 -11.55964095
v 4.10264579 4.48353434 -11.51380736
v 4.12608329 4.45137262 -11.47321517
v 4.14527885 4.40945339 -11.43996627
v 4.15924445 4.35994530 -11.41577727
v 3.39782325 4.48353434 -11.05608947
v 3.42537299 4.45137262 -11.01817137
v 3.44794074 4.40945339 -10.98710829
v 3.46435920 4.35994530 -10.96451003
v 3.04308692 4.51252794 -10.92316634
v 3.07815543 4.50427723 -10.87919432
v 3.11115257 4.48353434 -10.83781630
v 3.14037696 4.45137262 -10.80117232
v 3.16431419 4.40945339 -10.77115447
v 3.18172828 4.35994530 -10.74931914
v 2.43979636 4.48353434 -10.23785598
v 2.47293845 4.45137262 -10.20471389
v 2.50008765 4.40945339 -10.17756469
v 2.51983634 4.35994530 -10.15781600
v 1.62156287 4.48353434 -9.27982909
v 1.65948097 4.45137262 -9.25227935
v 1.69054404 4.40945339 -9.22971160
v 1.71314231 4.35994530 -9.21329314
v 0.96327201 4.48353434 -8.20559508
v 1.00503532 4.45137262 -8.18431670
v 1.03924552 4.40945339 -8.16688735
v 1.06413261 4.35994530 -8.15420729
v 0.43080131 4.50427723 -7.05796725
v 0.48113624 4.48353434 -7.04161364
v 0.52571098 4.45137262 -7.02712924
v 0.56222526 4.40945339 -7.01526553
v 0.58879081 4.35994530 -7.00663287
v 0.07919685 4.51252794 -5.83361155
v 0.13474647 4.50427723 -5.82481295
v 0.18701926 4.48353434 -5.81653315
v 0.23331443 4.45137262 -5.80920130
v 0.27123252 4.40945339 -5.80319506
v 0.29882041 4.35994530 -5.79882533
v 0.05870048 4.16600752 -0.77807147
v 0.10697166 4.18667030 -0.79676539
v 0.23112098 4.23769712 -0.96605593
v 0.00946800 4.47769833 -0.99920756
v 0.10984794 4.43272924 -0.99158770
v 0.12470618 4.38396025 -0.93252856
v 0.12850181 4.33298159 -0.88283068
v 0.15031806 4.20499706 -0.82662493
v 0.18658820 4.22007704 -0.86616809
v 0.19457618 4.29676867 -0.93958194
v 0.21397392 4.23116064 -0.91342837
v -7.08567055 4.35994530 3.35523122
v -7.08567055 4.40945339 3.38316243
v -7.08567055 4.45137262 3.42155546
v -7.08567055 4.48353434 3.46842664
v -7.08567055 4.50427723 3.52135175
v -7.08567055 4.51252794 3.57759374
v 0.50311652 3.87427020 -0.77289683
v 0.50311652 3.92627025 -0.79189784
v 0.50311652 4.04078054 -0.90842349
v 0.50311652 4.05887032 -0.96074778
v 0.30326453 4.05323696 -0.84183795
v 0.50311652 4.01161861 -0.86136348
v 0.50311652 3.97281384 -0.82187564
v -14.35377702 4.35994530 10.11739629
v -13.97702988 4.51252794 9.08702749
v -14.13199433 4.51252794 10.13341039
v -14.03189286 4.50427723 9.07464879
v -14.18808945 4.50427723 10.12935918
v -14.08351716 4.48353434 9.06299489
v -14.24087724 4.48353434 10.12554830
v -14.12924012 4.45137262 9.05267614
v -14.28762635 4.45137262 10.12217229
v -14.16668900 4.40945339 9.04422658
v -14.32591828 4.40945339 10.11940664
v -14.19393739 4.35994530 9.03807729
v -13.76927384 4.48353434 8.03584760
v -13.81294068 4.45137262 8.01881879
v -13.84871110 4.40945339 8.00487035
v -13.87473496 4.35994530 7.99472135
v -13.30518922 4.48353434 7.06713575
v -13.34582337 4.45137262 7.04377645
v -13.37911042 4.40945339 7.02464383
v -13.40332612 4.35994530 7.01072400
v -13.02709016 4.51252794 6.82007879
v -13.07439240 4.50427723 6.78965085
v -13.11890229 4.48353434 6.76101774
v -13.15831956 4.45137262 6.73565954
v -13.19060715 4.40945339 6.71488660
v -13.21409806 4.35994530 6.69977468
v -12.73835953 4.45137262 6.14940923
v -12.76841553 4.40945339 6.12552160
v -12.79028138 4.35994530 6.10814184
v -12.31136140 4.51252794 5.88813489
v -12.35296067 4.50427723 5.85028737
v -12.39211091 4.48353434 5.81467145
v -12.42677888 4.45137262 5.78313154
v -12.45517930 4.40945339 5.75729459
v -12.47583970 4.35994530 5.73849767
v -12.00416383 4.45137262 5.35576909
v -12.03031739 4.40945339 5.32766050
v -12.04934510 4.35994530 5.30720990
v -11.45105561 4.51252794 5.08771795
v -11.48580750 4.50427723 5.04349798
v -11.51851090 4.48353434 5.00188726
v -11.54747208 4.45137262 4.96503537
v -11.57119569 4.40945339 4.93484777
v -11.58845719 4.35994530 4.91288656
v -11.15970429 4.45137262 4.68064779
v -11.18136414 4.40945339 4.64894765
v -11.19712266 4.35994530 4.62588781
v -10.46998032 4.51252794 4.44097226
v -10.49691972 4.50427723 4.39160245
v -10.52227601 4.48353434 4.34514707
v -10.54472932 4.45137262 4.30400365
v -10.56311997 4.40945339 4.27030271
v -10.57650193 4.35994530 4.24578565
v -10.20353516 4.48353434 4.18139165
v -10.22390565 4.45137262 4.13918012
v -10.24059113 4.40945339 4.10460180
v -10.25272950 4.35994530 4.07944768
v -9.39527329 4.51252794 3.96579068
v -9.41366013 4.50427723 3.91263860
v -9.43095979 4.48353434 3.86262220
v -9.44628342 4.45137262 3.81832784
v -9.45883759 4.40945339 3.78204244
v -9.46796616 4.35994530 3.75564664
v -8.25667199 4.51252794 3.67531865
v -8.26599511 4.50427723 3.61985486
v -8.27476510 4.48353434 3.56766217
v -8.28253564 4.45137262 3.52143949
v -8.28889855 4.40945339 3.48357671
v -8.29352959 4.35994530 3.45603269
v 0.52311698 4.05887032 -0.96074778
v 0.52311698 4.04078054 -0.90842349
v 0.52311698 4.01161861 -0.86136348
v 0.52311698 3.97281384 -0.82187564
v 0.52311698 3.92627025 -0.79189784
v 0.52311698 3.87427020 -0.77289683
v -14.22082719 4.16804838 10.50503057
v -14.27046021 4.18918848 10.48518270
v -14.39380463 4.23947668 10.30712026
v -14.37804612 4.23361444 10.36209005
v -14.29085740 4.34069777 10.39245885
v -14.31469926 4.20778751 10.45353978
v -14.35120591 4.22286177 10.41177266
v -14.28550156 4.39274502 10.33802694
v -14.26889619 4.43790722 10.27967351
v 0.96789542 4.16684198 -0.77808673
v 0.91958610 4.18741465 -0.79677874
v 0.81249610 4.23170424 -0.91344172
v 0.79533759 4.23820829 -0.96607119
v 0.72325507 4.05342484 -0.84184367
v 0.83990470 4.22067213 -0.86618144
v 0.87620155 4.20565987 -0.82663829
v -14.66522034 3.87690043 10.50981038
v -14.66522034 3.93112206 10.48891729
v -14.66522034 4.06017828 10.31595891
v -14.57560929 4.05856133 10.36466878
v -14.66522034 4.01818848 10.41325658
v -14.66522034 3.97916579 10.45627111
v -14.66522034 4.04616833 10.36233800
v -14.46587952 4.05554914 10.43915075
v -14.42660340 4.15708065 10.36128515
v 1.04693595 4.51351023 -1.15139491
v 0.82486335 4.36051035 -1.15139491
v 0.85269920 4.41007090 -1.15139491
v 0.89876167 4.33806944 -0.88582522
v 0.90246192 4.39027977 -0.93872172
v 0.99191657 4.48466682 -1.02836901
v 0.99070731 4.50515366 -1.15139491
v 0.93782417 4.48431158 -1.15139491
v 0.90153114 4.42767143 -1.00323397
v 0.89101402 4.45206165 -1.15139491
v -14.68523606 3.87427020 10.51063817
v -14.68523606 3.92627025 10.49163717
v -14.68523606 3.97281384 10.46165746
v -14.68523606 4.01161861 10.42217153
v -14.68523606 4.04078054 10.37511342
v -14.68523606 4.05887032 10.32278722
v -15.13118562 4.16509199 10.50581640
v -15.08409699 4.18528032 10.48810476
v -14.95950516 4.23669434 10.32643407
v -14.97775086 4.22963428 10.37699025
v -14.88659104 4.05129147 10.44400304
v -15.04154786 4.20330858 10.45976918
v -15.00553330 4.21832848 10.42214101
v 15.10027019 4.51351023 -3.45450694
v 15.15580455 4.50515366 -3.44571215
v 15.20803729 4.48431158 -3.43743808
v 15.25427142 4.45206165 -3.43011576
v 15.29211322 4.41007090 -3.42412287
v 15.31960956 4.36051035 -3.41976649
v 14.84127513 4.51351023 -2.37572009
v 14.89474956 4.50515366 -2.35834414
v 14.94504634 4.48431158 -2.34200198
v 14.98956577 4.45206165 -2.32753665
v 15.02600375 4.41007090 -2.31569773
v 15.05247966 4.36051035 -2.30709559
v 14.41671077 4.51351023 -1.35073001
v 14.46680919 4.50515366 -1.32520396
v 14.51393024 4.48431158 -1.30119426
v 14.55563823 4.45206165 -1.27994258
v 14.58977596 4.41007090 -1.26254756
v 14.61457912 4.36051035 -1.24990947
v 13.83702937 4.51351023 -0.40477473
v 13.88251773 4.50515366 -0.37172610
v 13.92530147 4.48431158 -0.34064204
v 13.96317188 4.45206165 -0.31312663
v 13.99417011 4.41007090 -0.29060656
v 14.01669017 4.36051035 -0.27424342
v 13.11650554 4.51351023 0.43885129
v 13.15626231 4.50515366 0.47860807
v 13.19365779 4.48431158 0.51600354
v 13.22675792 4.45206165 0.54910367
v 13.25384990 4.41007090 0.57619565
v 13.27353374 4.36051035 0.59587949
v 12.27287952 4.51351023 1.15937513
v 12.30592815 4.50515366 1.20486348
v 12.33701221 4.48431158 1.24764722
v 12.36452762 4.45206165 1.28551763
v 12.38704768 4.41007090 1.31651586
v 12.40341083 4.36051035 1.33903592
v 11.32692424 4.51351023 1.73905652
v 11.35245029 4.50515366 1.78915494
v 11.37645999 4.48431158 1.83627599
v 11.39771167 4.45206165 1.87798398
v 11.41510669 4.41007090 1.91212171
v 11.42774478 4.36051035 1.93692487
v 10.30193416 4.51351023 2.16362088
v 10.31931010 4.50515366 2.21709531
v 10.33565227 4.48431158 2.26739209
v 10.35011760 4.45206165 2.31191152
v 10.36195651 4.41007090 2.34834951
v 10.37055866 4.36051035 2.37482541
v 9.22314731 4.51351023 2.42261594
v 8.11712543 4.51351023 2.50966161
v 9.23194209 4.50515366 2.47815030
v 8.11712543 4.50515366 2.56588834
v 9.24021617 4.48431158 2.53038305
v 8.11712543 4.48431158 2.61877340
v 9.24753848 4.45206165 2.57661718
v 8.11712543 4.45206165 2.66558164
v 9.25353137 4.41007090 2.61445897
v 8.11712543 4.41007090 2.70389646
v 9.25788776 4.36051035 2.64195531
v 8.11712543 4.36051035 2.73173421
v -15.20219239 4.51351023 10.13109105
v -14.98055848 4.36051035 10.14504903
v -15.00834473 4.41007090 10.14330190
v -15.17613801 4.47791481 10.28500646
v -15.14607819 4.50515366 10.13462728
v -15.09329804 4.48431158 10.13794988
v -15.07773789 4.43146753 10.29780477
v -15.04658326 4.45206165 10.14089101
v -15.06496247 4.38200855 10.35652059
v -15.04874238 4.32837391 10.39430517
v -7.08567055 4.36051035 2.73173421
v -7.08567055 4.41007090 2.70389646
v -7.08567055 4.45206165 2.66558164
v -7.08567055 4.48431158 2.61877340
v -7.08567055 4.50515366 2.56588834
v -7.08567055 4.51351023 2.50966161
v -8.30734261 4.51351023 2.60194486
v -8.29889687 4.50515366 2.65753263
v -8.29095467 4.48431158 2.70981687
v -8.28392037 4.45206165 2.75609678
v -8.27816781 4.41007090 2.79397481
v -8.27398309 4.36051035 2.82149785
v -9.50129136 4.51351023 2.87669843
v -9.48459061 4.50515366 2.93038839
v -9.46888169 4.48431158 2.98088544
v -9.45497712 4.45206165 3.02558225
v -9.44359788 4.41007090 3.06216901
v -9.43532761 4.36051035 3.08874982
v -10.64041718 4.51351023 3.32768911
v -10.61583909 4.50515366 3.37826055
v -10.59272584 4.48431158 3.42582601
v -10.57226380 4.45206165 3.46792691
v -10.55551728 4.41007090 3.50238698
v -10.54334840 4.36051035 3.52742666
v -11.69886979 4.51351023 3.94468206
v -11.66697510 4.50515366 3.99098676
v -11.63697633 4.48431158 4.03453916
v -11.61042603 4.45206165 4.07309049
v -11.58868989 4.41007090 4.10464376
v -11.57290086 4.36051035 4.12757009
v -12.65262803 4.51351023 4.71367162
v -12.61414155 4.50515366 4.75466054
v -12.57794007 4.48431158 4.79321378
v -12.54589661 4.45206165 4.82733815
v -12.51967057 4.41007090 4.85526746
v -12.50061616 4.36051035 4.87556165
v -13.48004731 4.51351023 5.61720937
v -13.43583878 4.50515366 5.65195173
v -13.39425858 4.48431158 5.68462842
v -13.35745438 4.45206165 5.71355146
v -13.32732590 4.41007090 5.73722547
v -13.30544099 4.36051035 5.75442785
v -14.16234788 4.51351023 6.63478940
v -14.11342438 4.50515366 6.66249555
v -14.06740388 4.48431158 6.68855565
v -14.02667435 4.45206165 6.71162122
v -13.99333390 4.41007090 6.73050206
v -13.96911057 4.36051035 6.74421972
v -14.68404969 4.51351023 7.74331563
v -14.63151368 4.50515366 7.76335805
v -14.58210572 4.48431158 7.78221029
v -14.53837022 4.45206165 7.79889577
v -14.50257310 4.41007090 7.81255430
v -14.47656068 4.36051035 7.82247632
v -15.03330430 4.51351023 8.91763585
v -14.97835740 4.50515366 8.92955678
v -14.92667588 4.48431158 8.94077199
v -14.88093003 4.45206165 8.95070165
v -14.84348878 4.41007090 8.95882695
v -14.81628236 4.36051035 8.96472829
v 13.32944003 3.47528982 -3.64145762
v 13.37689296 3.50544667 -3.63309008
v 13.42982951 3.52393866 -3.62375552
v 13.48551074 3.52980995 -3.61393649
v 13.54105846 3.52275705 -3.60414225
v 13.59360210 3.50314450 -3.59487826
v 13.09065906 3.47528982 -2.75031001
v 13.13593761 3.50544667 -2.73383052
v 13.18644801 3.52393866 -2.71544558
v 13.23957912 3.52980995 -2.69610888
v 13.29258243 3.52275705 -2.67681605
v 13.34271709 3.50314450 -2.65856845
v 12.70075885 3.47528982 -1.91416651
v 12.74248782 3.50544667 -1.89007479
v 12.78903857 3.52393866 -1.86319834
v 12.83800403 3.52980995 -1.83492762
v 12.88685123 3.52275705 -1.80672557
v 12.93305675 3.50314450 -1.78004939
v 12.17158595 3.47528982 -1.15843112
v 12.20849887 3.50544667 -1.12745959
v 12.24967471 3.52393866 -1.09290797
v 12.29298679 3.52980995 -1.05656344
v 12.33619586 3.52275705 -1.02030856
v 12.37706653 3.50314450 -0.98601252
v 11.51922313 3.47528982 -0.50606829
v 11.55019466 3.50544667 -0.46915538
v 11.58474628 3.52393866 -0.42797953
v 11.62109081 3.52980995 -0.38466746
v 11.65734569 3.52275705 -0.34145838
v 11.69164172 3.50314450 -0.30058772
v 10.76348773 3.47528982 0.02310460
v 10.78757945 3.50544667 0.06483358
v 10.81445590 3.52393866 0.11138433
v 10.84272662 3.52980995 0.16034978
v 10.87092868 3.52275705 0.20919698
v 10.89760486 3.50314450 0.25540250
v 9.92734424 3.47528982 0.41300481
v 9.94382373 3.50544667 0.45828336
v 9.96220866 3.52393866 0.50879377
v 9.98154536 3.52980995 0.56192487
v 10.00083820 3.52275705 0.61492818
v 10.01908580 3.50314450 0.66506284
v 9.03619663 3.47528982 0.65178579
v 8.11712543 3.47528982 0.73219388
v 8.11712543 3.50544667 0.78037923
v 9.04456416 3.50544667 0.69923871
v 9.05389873 3.52393866 0.75217527
v 8.11712543 3.52393866 0.83413213
v 8.11712543 3.52980995 0.89067167
v 9.06371776 3.52980995 0.80785650
v 9.07351199 3.52275705 0.86340421
v 8.11712543 3.52275705 0.94707769
v 9.08277599 3.50314450 0.91594785
v 8.11712543 3.50314450 1.00043004
v 2.55616752 3.50314450 -1.13503939
v 2.60951987 3.52275705 -1.13503939
v 2.66592399 3.52980995 -1.13503939
v 2.72246543 3.52393866 -1.13503939
v 2.77621833 3.50544667 -1.13503939
v 2.82440177 3.47528982 -1.13503939
v -7.08567055 3.50314450 1.00043004
v -7.08567055 3.52275705 0.94707769
v -7.08567055 3.52980995 0.89067167
v -7.08567055 3.52393866 0.83413213
v -7.08567055 3.50544667 0.78037923
v -7.08567055 3.47528982 0.73219388
v 2.53588096 3.26339626 -0.76224810
v 2.51289741 3.31013680 -0.78119570
v 2.45343772 3.42896485 -0.95012004
v 2.46174995 3.41284943 -0.89774615
v 2.59621421 3.43796110 -0.86952502
v 2.49222938 3.35193825 -0.81115634
v 2.47489921 3.38674617 -0.85065181
v 2.63339607 3.47529459 -0.92223460
v 2.76314536 3.48926592 -1.01165683
v 2.65737907 3.50435734 -0.98665339
v -16.71488007 3.50314450 10.14903158
v -8.45036706 3.47528982 0.82660955
v -8.44373330 3.50544667 0.87433522
v -8.43632897 3.52393866 0.92757505
v -8.42854317 3.52980995 0.98357671
v -8.42077645 3.52275705 1.03944486
v -8.41342934 3.50314450 1.09228986
v -9.78906068 3.47528982 1.10805410
v -9.77591523 3.50544667 1.15441221
v -9.76125153 3.52393866 1.20612615
v -9.74582871 3.52980995 1.26052182
v -9.73044404 3.52275705 1.31478589
v -9.71588715 3.50314450 1.36611646
v -11.07624253 3.47528982 1.57116788
v -11.05684098 3.50544667 1.61527341
v -11.03519639 3.52393866 1.66447538
v -11.01242646 3.52980995 1.71622747
v -10.98971375 3.52275705 1.76785749
v -10.96822938 3.50314450 1.81669515
v -12.28738984 3.47528982 2.20712369
v -12.26209458 3.50544667 2.24813741
v -12.23388108 3.52393866 2.29388898
v -12.20420655 3.52980995 2.34201329
v -12.17459687 3.52275705 2.39002507
v -12.14659318 3.50314450 2.43543714
v -13.39941987 3.47528982 3.00380414
v -13.36871918 3.50544667 3.04094594
v -13.33447465 3.52393866 3.08237546
v -13.29845246 3.52980995 3.12595647
v -13.26251801 3.52275705 3.16943067
v -13.22852525 3.50314450 3.21055501
v -14.39114579 3.47528982 3.94603246
v -14.35562333 3.50544667 3.97859090
v -14.31600007 3.52393866 4.01491063
v -14.27432069 3.52980995 4.05311483
v -14.23274049 3.52275705 4.09122747
v -14.19340714 3.50314450 4.12727826
v -15.24366959 3.47528982 5.01585096
v -15.20400437 3.50544667 5.04320806
v -15.15975388 3.52393866 5.07372564
v -15.11321076 3.52980995 5.10582631
v -15.06677827 3.52275705 5.13785070
v -15.02285966 3.50314450 5.16814130
v -15.94075211 3.47528982 6.19287771
v -15.89769562 3.50544667 6.21451276
v -15.84966477 3.52393866 6.23864454
v -15.79914292 3.52980995 6.26403135
v -15.74874314 3.52275705 6.28935521
v -15.70107087 3.50314450 6.31330961
v -16.46910294 3.47528982 7.45468419
v -16.42347916 3.50544667 7.47018331
v -16.37258347 3.52393866 7.48747342
v -16.31904801 3.52980995 7.50565809
v -16.26564225 3.52275705 7.52380079
v -16.21512421 3.50314450 7.54096311
v -16.81866273 3.47528982 8.77722829
v -16.98276719 3.47528982 10.13531011
v -16.93464478 3.50544667 10.13777440
v -16.77133759 3.50544667 8.78629583
v -16.71854600 3.52393866 8.79641240
v -16.88096055 3.52393866 10.14052480
v -16.66301545 3.52980995 8.80705541
v -16.82449540 3.52980995 10.14341634
v -16.60762223 3.52275705 8.81766790
v -16.76816376 3.52275705 10.14630025
v -16.55521973 3.50314450 8.82771199
v 2.37813560 3.33742476 -0.82911021
v 2.43185035 3.34989119 -0.82938105
v -16.69685563 3.26107883 10.52145665
v -16.67449387 3.30758691 10.50288289
v -16.61601075 3.42716622 10.33684438
v -16.62437638 3.41054845 10.38843816
v -16.94063004 3.46940136 10.29328054
v -16.83551987 3.49872446 10.30533498
v -16.79316148 3.47047734 10.36631292
v -16.74473771 3.44033670 10.40592855
v -16.63736161 3.38416433 10.43473333
v -16.65434083 3.34928441 10.47350210
v 2.11071006 3.48657036 -0.95159823
v 2.09862510 3.47297215 -0.89915950
v 2.07947150 3.45078707 -0.85202128
v 2.05418769 3.42110920 -0.81251437
v 2.02402488 3.38540125 -0.78258044
v 1.99046317 3.34542346 -0.76369769
v 2.08053962 3.42589545 -0.83099848
v 2.07403938 3.43135977 -0.83109194
v -16.17351350 3.33056092 10.51988881
v -16.20797166 3.37078476 10.50039571
v -16.29540070 3.47067761 10.32673162
v -16.44038209 3.33670735 10.45400136
v -16.23882111 3.40656447 10.46952337
v -16.36060532 3.41070175 10.37928289
v -16.28368195 3.45781684 10.38041967
v -16.26449403 3.43607664 10.42883962
v 1.81637183 3.70958018 -0.77015788
v 1.86919395 3.71017957 -0.78865344
v 2.00444022 3.70958018 -0.95822627
v 1.98594276 3.71017957 -0.90540415
v 1.95389549 3.60796809 -0.83489138
v 1.91658393 3.71048665 -0.81843669
v 1.95616142 3.71048665 -0.85801417
v 1.99827567 3.51447654 -0.83286387
v -16.27532014 3.48753333 10.32651418
v -16.26373872 3.47454023 10.38018697
v -16.24479111 3.45259428 10.42859166
v -16.18897828 3.38671446 10.50012868
v -16.21943864 3.42281342 10.46926397
v -16.15495881 3.34613657 10.51961797
v -16.23937806 3.43315649 10.45011800
v 2.00140373 3.88347602 -0.96126277
v 1.98291007 3.88407540 -0.90843875
v 1.95312492 3.88438249 -0.86105067
v 1.91354743 3.88438249 -0.82147319
v 1.86615745 3.88407540 -0.79168994
v 1.81333534 3.88347602 -0.77319247
v -15.98132523 3.70964265 10.51303762
v -16.03538712 3.71028686 10.49355977
v -16.15259370 3.71028686 10.37130636
v -16.16977891 3.70964265 10.31647390
v -16.16452607 3.51598859 10.44761556
v -16.12334260 3.71061778 10.42076772
v -16.08357438 3.71061778 10.46224874
v 1.99831763 4.08198738 -1.14740664
v 1.91307060 4.21763563 -1.14740664
v 1.95177070 4.02704620 -0.89864833
v 1.95484534 4.05323839 -0.91968638
v 1.95709602 4.07253599 -0.93841655
v 1.95959083 4.09419394 -0.96386630
v 1.96137229 4.10973454 -0.98626048
v 1.95116798 4.17900848 -1.14740664
v 1.98003761 4.13307142 -1.14740664
v -16.16668900 3.88002086 10.31342595
v -16.14951524 3.88066554 10.36827367
v -15.97823533 3.88002086 10.51005834
v -16.03230485 3.88066554 10.49057287
v -16.10260590 3.82424569 10.44065374
v -16.12027177 3.88099647 10.41775411
v -16.08049973 3.88099647 10.45925420
v 1.99831763 4.08198738 -4.56052882
v 1.98003761 4.13307142 -4.56052882
v 1.95116798 4.17900848 -4.56052882
v 1.91307060 4.21763563 -4.56052882
v -16.15455827 4.08198738 10.11875051
v -16.06945237 4.21763563 10.12366384
v -16.12409791 4.10730267 10.29307836
v -16.13631257 4.13307142 10.11980336
v -16.10748872 4.17900848 10.12146657
v -16.12278565 4.08724642 10.32091802
v -16.12096223 4.06434917 10.34635824
v -16.11842164 4.03606701 10.37150472
v 9.19444934 4.21763563 1.54927343
v 8.11712543 4.21763563 1.64352697
v 9.18783275 4.17900848 1.51175206
v 8.11712543 4.17900848 1.60542768
v 9.18282024 4.13307142 1.48332113
v 8.11712543 4.13307142 1.57655805
v 9.17964641 4.08198738 1.46531957
v 8.11712543 4.08198738 1.55827802
v 10.23903743 4.21763563 1.26937764
v 10.22600642 4.17900848 1.23357480
v 10.21613208 4.13307142 1.20644658
v 10.20988170 4.08198738 1.18926900
v 11.21915332 4.21763563 0.81234258
v 11.20010463 4.17900848 0.77934545
v 11.18566982 4.13307142 0.75434392
v 11.17652980 4.08198738 0.73851484
v 12.10501567 4.21763563 0.19205373
v 12.08052531 4.17900848 0.16286748
v 12.06196872 4.13307142 0.14075177
v 12.05021945 4.08198738 0.12674993
v 12.86970798 4.21763563 -0.57263858
v 12.84052173 4.17900848 -0.59712893
v 12.81840602 4.13307142 -0.61568553
v 12.80440418 4.08198738 -0.62743479
v 13.48999683 4.21763563 -1.45850093
v 13.45699970 4.17900848 -1.47754962
v 13.43199817 4.13307142 -1.49198443
v 13.41616908 4.08198738 -1.50112445
v 13.94703189 4.21763563 -2.43861682
v 13.91122905 4.17900848 -2.45164782
v 13.88410083 4.13307142 -2.46152217
v 13.86692325 4.08198738 -2.46777255
v 14.22692767 4.21763563 -3.48320491
v 14.18940631 4.17900848 -3.48982150
v 14.16097537 4.13307142 -3.49483401
v 14.14297382 4.08198738 -3.49800784
v 14.32118121 4.21763563 -4.56052882
v 14.28308192 4.17900848 -4.56052882
v 14.25421230 4.13307142 -4.56052882
v 14.23593227 4.08198738 -4.56052882
v 14.22692767 4.21763563 -5.63785083
v 14.18940631 4.17900848 -5.63123614
v 14.16097537 4.13307142 -5.62622172
v 14.14297382 4.08198738 -5.62304789
v 13.94703189 4.21763563 -6.68244082
v 13.91122905 4.17900848 -6.66940982
v 13.88410083 4.13307142 -6.65953738
v 13.86692325 4.08198738 -6.65328509
v 13.48999683 4.21763563 -7.66255385
v 13.45699970 4.17900848 -7.64350707
v 13.43199817 4.13307142 -7.62907225
v 13.41616908 4.08198738 -7.61993224
v 12.86970798 4.21763563 -8.54841811
v 12.84052173 4.17900848 -8.52392775
v 12.81840602 4.13307142 -8.50536925
v 12.80440418 4.08198738 -8.49361998
v 12.10501567 4.21763563 -9.31310851
v 12.08052531 4.17900848 -9.28392226
v 12.06196872 4.13307142 -9.26180846
v 12.05021945 4.08198738 -9.24780471
v 11.21915332 4.21763563 -9.93339736
v 11.20010463 4.17900848 -9.90040023
v 11.18566982 4.13307142 -9.87539870
v 11.17652980 4.08198738 -9.85957152
v 10.23903743 4.21763563 -10.39043242
v 10.22600642 4.17900848 -10.35463149
v 10.21613208 4.13307142 -10.32750136
v 10.20988170 4.08198738 -10.31032378
v 9.19444934 4.21763563 -10.67032820
v 9.18783275 4.17900848 -10.63280684
v 9.18282024 4.13307142 -10.60437590
v 9.17964641 4.08198738 -10.58637435
v 8.11712543 4.21763563 -10.76458174
v 8.11712543 4.17900848 -10.72648436
v 8.11712543 4.13307142 -10.69761473
v 8.11712543 4.08198738 -10.67933470
v 7.03980247 4.21763563 -10.67032820
v 7.04641715 4.17900848 -10.63280684
v 7.05143157 4.13307142 -10.60437590
v 7.05460540 4.08198738 -10.58637435
v 5.99521247 4.21763563 -10.39043242
v 6.00824348 4.17900848 -10.35463149
v 6.01811591 4.13307142 -10.32750136
v 6.02436820 4.08198738 -10.31032378
v 5.01509849 4.21763563 -9.93339736
v 5.03414527 4.17900848 -9.90040023
v 5.04858009 4.13307142 -9.87539870
v 5.05772010 4.08198738 -9.85957152
v 4.12923423 4.21763563 -9.31310851
v 4.15372459 4.17900848 -9.28392226
v 4.17228309 4.13307142 -9.26180846
v 4.18403236 4.08198738 -9.24780471
v 3.36454383 4.21763563 -8.54841811
v 3.39373008 4.17900848 -8.52392775
v 3.41584388 4.13307142 -8.50536925
v 3.42984763 4.08198738 -8.49361998
v 2.74425498 4.21763563 -7.66255385
v 2.77725211 4.17900848 -7.64350707
v 2.80225364 4.13307142 -7.62907225
v 2.81808082 4.08198738 -7.61993224
v 2.28721992 4.21763563 -6.68244082
v 2.32302085 4.17900848 -6.66940982
v 2.35015098 4.13307142 -6.65953738
v 2.36732856 4.08198738 -6.65328509
v 2.00732414 4.21763563 -5.63785083
v 2.04484550 4.17900848 -5.63123614
v 2.07327644 4.13307142 -5.62622172
v 2.09127799 4.08198738 -5.62304789
v -7.08567055 4.08198738 1.55827802
v -15.91347703 4.21763563 8.89666646
v -15.95085343 4.17900848 8.88927739
v -15.97917374 4.13307142 8.88367742
v -15.99710664 4.08198738 8.88012975
v -15.59072312 4.21763563 7.70264905
v -15.62673386 4.17900848 7.69020360
v -15.65402039 4.13307142 7.68077367
v -15.67129716 4.08198738 7.67480176
v -15.10729035 4.21763563 6.56416982
v -15.14125642 4.17900848 6.54690259
v -15.16699036 4.13307142 6.53382009
v -15.18328294 4.08198738 6.52553647
v -14.47231110 4.21763563 5.50273221
v -14.50358781 4.17900848 5.48097318
v -14.52728471 4.13307142 5.46448415
v -14.54228791 4.08198738 5.45404332
v -13.69778260 4.21763563 4.53839391
v -13.72577866 4.17900848 4.51255124
v -13.74699219 4.13307142 4.49296850
v -13.76042374 4.08198738 4.48056882
v -12.79833421 4.21763563 3.68937200
v -12.82252320 4.17900848 3.65993398
v -12.84084901 4.13307142 3.63762754
v -12.85245332 4.08198738 3.62350362
v -11.79096421 4.21763563 2.97170537
v -11.81088456 4.17900848 2.93922704
v -11.82597932 4.13307142 2.91462034
v -11.83553895 4.08198738 2.89903730
v -10.69469651 4.21763563 2.39895337
v -10.70997819 4.17900848 2.36405080
v -10.72155579 4.13307142 2.33760541
v -10.72888764 4.08198738 2.32086080
v -9.53024491 4.21763563 1.98193448
v -9.54059800 4.17900848 1.94526761
v -9.54844102 4.13307142 1.91748327
v -9.55340394 4.08198738 1.89989179
v -8.31961449 4.21763563 1.72853177
v -7.08567055 4.21763563 1.64352697
v -8.32484063 4.17900848 1.69079107
v -7.08567055 4.17900848 1.60542768
v -7.08567055 4.13307142 1.57655805
v -8.32880028 4.13307142 1.66219419
v -8.33130654 4.08198738 1.64408773
v -16.71963319 -4.39811850 10.14908117
v -8.41410836 -4.39811850 1.08759588
v -7.08567055 -4.39811850 0.99568837
v -8.42146310 -4.41759920 1.03470319
v -7.08567055 -4.41759920 0.94228643
v -8.42923363 -4.42451239 0.97881788
v -7.08567055 -4.42451239 0.88586324
v -8.43701943 -4.41850090 0.92283147
v -7.08567055 -4.41850090 0.82933896
v -8.44441231 -4.39987612 0.86963743
v -7.08567055 -4.39987612 0.77563184
v -8.45103844 -4.36959982 0.82198423
v -7.08567055 -4.36959982 0.72752279
v -9.71723374 -4.39811850 1.36156934
v -9.73180207 -4.41759920 1.31019300
v -9.74719056 -4.42451239 1.25590986
v -9.76261338 -4.41850090 1.20152944
v -9.77726182 -4.39987612 1.14985936
v -9.79038819 -4.36959982 1.10357374
v -10.97021302 -4.39811850 1.81238645
v -10.99171647 -4.41759920 1.76350492
v -11.01443681 -4.42451239 1.71185964
v -11.03719910 -4.41850090 1.66011899
v -11.05882462 -4.39987612 1.61096090
v -11.07819947 -4.36959982 1.56692403
v -12.14917191 -4.39811850 2.43145650
v -12.17720231 -4.41759920 2.38600248
v -12.20681962 -4.42451239 2.33797735
v -12.23649033 -4.41850090 2.28986638
v -12.26468095 -4.39987612 2.24415296
v -12.28993424 -4.36959982 2.20320409
v -13.23164948 -4.39811850 3.20698446
v -13.26567277 -4.41759920 3.16582387
v -13.30161866 -4.42451239 3.12233632
v -13.33763322 -4.41850090 3.07876676
v -13.37184724 -4.39987612 3.03737348
v -13.40250214 -4.36959982 3.00029081
v -14.19701203 -4.39811850 4.12419217
v -14.23637971 -4.41759920 4.08810895
v -14.27797135 -4.42451239 4.04998487
v -14.31964310 -4.41850090 4.01179212
v -14.35923203 -4.39987612 3.97550290
v -14.39470109 -4.36959982 3.94299596
v -15.02686890 -4.39811850 5.16560262
v -15.07082948 -4.41759920 5.13528341
v -15.11727723 -4.42451239 5.10325139
v -15.16380891 -4.41850090 5.07116025
v -15.20802125 -4.39987612 5.04066938
v -15.24762543 -4.36959982 5.01335614
v -15.70540437 -4.39811850 6.31136983
v -15.75312241 -4.41759920 6.28739446
v -15.80353745 -4.42451239 6.26206487
v -15.85404404 -4.41850090 6.23668760
v -15.90203675 -4.39987612 6.21257489
v -15.94502457 -4.36959982 6.19097608
v -16.21969041 -4.39811850 7.53966420
v -16.27025422 -4.41759920 7.52248853
v -16.32367905 -4.42451239 7.50434202
v -16.37719926 -4.41850090 7.48616117
v -16.42805299 -4.39987612 7.46888822
v -16.47360810 -4.36959982 7.45341390
v -16.55992707 -4.39811850 8.82707876
v -16.61237534 -4.41759920 8.81703084
v -16.77296647 -4.41759920 10.14634984
v -16.82931336 -4.42451239 10.14346593
v -16.66779145 -4.42451239 8.80641454
v -16.72330674 -4.41850090 8.79577535
v -16.88576325 -4.41850090 10.14057439
v -16.93940171 -4.39987612 10.13783162
v -16.77605256 -4.39987612 8.78567022
v -16.82330521 -4.36959982 8.77661794
v -16.98744782 -4.36959982 10.13537114
v -3.66009148 -4.36959982 0.72752279
v -3.66009148 -4.39987612 0.77563184
v -3.66009148 -4.41850090 0.82933896
v -3.66009148 -4.42451239 0.88586324
v -3.66009148 -4.41759920 0.94228643
v -3.66009148 -4.39811850 0.99568837
v -16.70098695 -4.15611076 10.52154058
v -16.62056168 -4.32240057 10.33690923
v -16.62888154 -4.30576372 10.38850683
v -16.79451951 -4.27618265 10.46652883
v -16.67873963 -4.20267630 10.50296682
v -16.65868958 -4.24442530 10.47358220
v -16.76222047 -4.34497786 10.39461034
v -16.64179810 -4.27934837 10.43480962
v -16.81337556 -4.37856960 10.34182256
v -16.93011292 -4.38409472 10.26412099
v -16.83015641 -4.40319920 10.27985662
v -3.28730401 -4.15841913 1.01657956
v -3.30625161 -4.20521593 1.03944677
v -3.47517403 -4.32419157 1.09860509
v -3.50746926 -4.36322927 0.77419179
v -3.50003823 -4.39393377 0.87964719
v -3.44110879 -4.36644459 0.92298978
v -3.39160928 -4.33013296 0.95945256
v -3.33621224 -4.24706841 1.06000798
v -3.37570962 -4.28191900 1.07725232
v -3.44838341 -4.34533691 1.03254407
v -3.42280205 -4.30805492 1.09033292
v -16.17782792 -4.22689104 10.51994985
v -16.21238908 -4.26703167 10.50046056
v -16.30006989 -4.36670637 10.32678121
v -16.28831681 -4.35387659 10.38047307
v -16.44441422 -4.23242664 10.45406240
v -16.24333009 -4.30273628 10.46958440
v -16.26907548 -4.33218479 10.42889684
v -16.54122361 -4.28143406 10.38373845
v -3.28850564 -4.22617674 1.54331105
v -3.30738457 -4.26571608 1.50922483
v -3.42396554 -4.35230589 1.43345731
v -3.47641000 -4.36574173 1.42118924
v -3.35414895 -4.23174477 1.27474683
v -3.37682351 -4.33037472 1.45291036
v -3.33731469 -4.30102873 1.47858899
v -16.27999696 -4.38364077 10.32656377
v -16.26838120 -4.37067795 10.38024038
v -16.24937638 -4.34877968 10.42864888
v -16.22395142 -4.31906080 10.46932500
v -16.19340333 -4.28303576 10.50019353
v -16.15928086 -4.24253941 10.51968282
v -16.25044450 -4.32385683 10.45026296
v -3.47668084 -4.38267756 1.44122022
v -3.42423638 -4.36910963 1.45333951
v -3.37710198 -4.34697199 1.47255033
v -3.30765923 -4.28172207 1.52816289
v -3.33759316 -4.31735611 1.49790853
v -3.28877648 -4.24182606 1.56181997
v -3.35617074 -4.32754850 1.47801679
v -3.35607537 -4.32205868 1.47152227
v -15.98655900 -4.60528088 10.51311391
v -16.04061707 -4.60592508 10.49363607
v -16.17500886 -4.60528088 10.31655782
v -16.15782365 -4.60592508 10.37138646
v -16.12582215 -4.50515604 10.44515126
v -16.08880433 -4.60625601 10.46232885
v -16.12857255 -4.60625601 10.42084783
v -3.29522332 -4.60521841 1.73499959
v -3.31372079 -4.60581779 1.68217748
v -3.48329171 -4.60521841 1.54693120
v -3.43046960 -4.60581779 1.56542676
v -3.35794076 -4.41060972 1.55342763
v -3.35996255 -4.50389194 1.59756749
v -3.38307961 -4.60612488 1.59521001
v -3.34350213 -4.60612488 1.63478750
v -16.17189225 -4.77720690 10.31347936
v -16.15471848 -4.77785158 10.36832708
v -15.98343858 -4.77720690 10.51010793
v -16.03750809 -4.77785158 10.49062246
v -16.10885056 -4.66360664 10.44172567
v -16.08570298 -4.77818251 10.45930379
v -16.12547501 -4.77818251 10.41780751
v -3.48635491 -4.78067875 1.54999440
v -3.43353280 -4.78127813 1.56848996
v -3.38614281 -4.78158569 1.59827321
v -3.34656533 -4.78158569 1.63785070
v -3.31678399 -4.78127813 1.68523877
v -3.29828652 -4.78067875 1.73806279
v -16.15979203 -4.97926331 10.11878866
v -16.07498750 -5.11474562 10.12367910
v -16.12177857 -4.91318846 10.38619893
v -16.12441834 -4.94074249 10.36540120
v -16.12640580 -4.96323442 10.34463018
v -16.12803468 -4.98367929 10.32182210
v -16.12941178 -5.00378180 10.29403585
v -16.11289414 -5.07613707 10.12149328
v -16.14161118 -5.03025866 10.11983770
v -3.67250451 -4.97926331 1.55305951
v -3.67250451 -5.11474562 1.63800138
v -3.50480660 -5.00259209 1.59045499
v -3.67250451 -5.03025866 1.57126897
v -3.67250451 -5.07613707 1.60003370
v -3.47797402 -4.98253822 1.59271901
v -3.45365914 -4.95987749 1.59534734
v -3.42974099 -4.93207550 1.59863179
v -7.08567055 -4.97926331 1.55305951
v -16.00228699 -4.97926331 8.87942022
v -15.98442277 -5.03025866 8.88295263
v -15.95620545 -5.07613707 8.88853353
v -15.91895875 -5.11474562 8.89589589
v -15.67632111 -4.97926331 7.67335981
v -15.65910920 -5.03025866 7.67930883
v -15.63192185 -5.07613707 7.68870443
v -15.59603699 -5.11474562 7.70110601
v -15.18805131 -4.97926331 6.52339071
v -15.17181596 -5.03025866 6.53164380
v -15.14617356 -5.07613707 6.54467862
v -15.11232957 -5.11474562 6.56188291
v -14.54669770 -4.97926331 5.45124143
v -14.53174790 -5.03025866 5.46164029
v -14.50813874 -5.07613707 5.47806829
v -14.47696885 -5.11474562 5.49975293
v -13.76438340 -4.97926331 4.47716611
v -13.75100144 -5.03025866 4.48951810
v -13.72986802 -5.07613707 4.50902837
v -13.70196732 -5.11474562 4.53478139
v -12.85588654 -4.97926331 3.61956876
v -12.84432801 -5.03025866 3.63363927
v -12.82606705 -5.07613707 3.65586370
v -12.80196198 -5.11474562 3.68519872
v -11.83837327 -4.97926331 2.89465421
v -11.82885178 -5.03025866 2.91017621
v -11.81381043 -5.07613707 2.93469518
v -11.79395493 -5.11474562 2.96705907
v -10.73106583 -4.97926331 2.31611532
v -10.72376069 -5.03025866 2.33279699
v -10.71222504 -5.07613707 2.35914701
v -10.69699677 -5.11474562 2.39392751
v -9.55488404 -4.97926331 1.89488500
v -9.54993638 -5.03025866 1.91241163
v -9.54212006 -5.07613707 1.94009298
v -9.53180512 -5.11474562 1.97663396
v -8.33205041 -4.97926331 1.63892072
v -8.32955560 -5.03025866 1.65696042
v -7.08567055 -5.03025866 1.57126897
v -8.32561120 -5.07613707 1.68545240
v -7.08567055 -5.07613707 1.60003370
v -8.32040414 -5.11474562 1.72306150
v -7.08567055 -5.11474562 1.63800138
v -7.08567055 -5.41350985 3.57207769
v -3.67653664 -5.41350985 3.57207769
v -7.08567055 -5.40515327 3.51585096
v -3.67653664 -5.40515327 3.51585096
v -7.08567055 -5.38431120 3.46296590
v -3.67653664 -5.38431120 3.46296590
v -7.08567055 -5.35206127 3.41615575
v -3.67653664 -5.35206127 3.41615575
v -3.67653664 -5.31007051 3.37784284
v -7.08567055 -5.31007051 3.37784284
v -7.08567055 -5.26050997 3.35000318
v -3.67653664 -5.26050997 3.35000318
v -14.19910249 -5.26050997 9.03722280
v -14.35901459 -5.26050997 10.11735814
v -14.17194566 -5.31007051 9.04335302
v -14.33125123 -5.31007051 10.11936086
v -14.13457307 -5.35206127 9.05178350
v -14.29303559 -5.35206127 10.12211889
v -14.08891114 -5.38431120 9.06208699
v -14.24634751 -5.38431120 10.12548726
v -14.03732117 -5.40515327 9.07372945
v -14.19359788 -5.40515327 10.12929433
v -13.98247346 -5.41350985 9.08610433
v -14.13751801 -5.41350985 10.13334173
v -13.87970170 -5.26050997 7.99307531
v -13.85376557 -5.31007051 8.00318998
v -13.81806763 -5.35206127 8.01710790
v -13.77445802 -5.38431120 8.03411382
v -13.72518739 -5.40515327 8.05332654
v -13.67280015 -5.41350985 8.07375234
v -13.40797623 -5.26050997 7.00832456
v -13.38384064 -5.31007051 7.02219671
v -13.35062226 -5.35206127 7.04129117
v -13.31003770 -5.38431120 7.06461614
v -13.26418885 -5.40515327 7.09097188
v -13.21544083 -5.41350985 7.11899083
v -13.16298112 -5.35206127 6.73292630
v -13.12361344 -5.38431120 6.75825017
v -13.07913789 -5.40515327 6.78686040
v -13.03184708 -5.41350985 6.81728071
v -12.79450043 -5.26050997 6.10504812
v -12.77270707 -5.31007051 6.12236875
v -12.74271210 -5.35206127 6.14620870
v -12.70606431 -5.38431120 6.17533391
v -12.66466340 -5.40515327 6.20823758
v -12.62064561 -5.41350985 6.24322217
v -12.39627274 -5.38431120 5.81113523
v -12.35715302 -5.40515327 5.84672254
v -12.31556138 -5.41350985 5.88455861
v -12.05303010 -5.26050997 5.30350011
v -12.03406724 -5.31007051 5.32388013
v -12.00796708 -5.35206127 5.35193151
v -11.97608002 -5.38431120 5.38620084
v -11.94005784 -5.40515327 5.42491811
v -11.90175446 -5.41350985 5.46608251
v -11.52200135 -5.38431120 4.99768537
v -11.48932465 -5.40515327 5.03926557
v -11.45458039 -5.41350985 5.08347219
v -11.20018586 -5.26050997 4.62164777
v -11.18448075 -5.31007051 4.64463132
v -11.16285905 -5.35206127 4.67626470
v -11.13644990 -5.38431120 4.71491140
v -11.10661134 -5.40515327 4.75857442
v -11.07488450 -5.41350985 4.80499547
v -10.54741486 -5.35206127 4.29931730
v -10.52498826 -5.38431120 4.34040731
v -10.49965485 -5.40515327 4.38682836
v -10.47271928 -5.41350985 4.43618291
v -10.25509461 -5.26050997 4.07478231
v -10.24299439 -5.31007051 4.09985441
v -10.22634324 -5.35206127 4.13436025
v -10.20599564 -5.38431120 4.17651838
v -10.18301209 -5.40515327 4.22414678
v -10.15857514 -5.41350985 4.27478498
v -9.44812211 -5.35206127 3.81324857
v -9.43281754 -5.38431120 3.85748571
v -9.41552552 -5.40515327 3.90746396
v -9.39714631 -5.41350985 3.96060079
v -8.28981789 -5.31007051 3.47833722
v -8.28346642 -5.35206127 3.51612180
v -8.27570733 -5.38431120 3.56228345
v -8.26694115 -5.40515327 3.61443609
v -8.25762185 -5.41350985 3.66988462
v -3.30323037 -5.06684160 3.49303716
v -3.32192239 -5.08741426 3.44472783
v -3.49121484 -5.13820791 3.32047933
v -3.43858346 -5.13170385 3.33763784
v -3.41096886 -5.23806906 3.42390149
v -3.35178002 -5.10565948 3.40134519
v -3.39132317 -5.12067175 3.36504644
v -3.46386346 -5.29027939 3.42760556
v -3.55351266 -5.38466644 3.51705640
v -3.52837762 -5.32767105 3.42667478
v -14.22569855 -5.06886721 10.50501531
v -14.27537354 -5.08991623 10.48516744
v -14.39881715 -5.13997602 10.30710500
v -14.17276582 -5.37953091 10.28325933
v -14.27488145 -5.33587742 10.28483861
v -14.29200181 -5.28785610 10.34434408
v -14.29712495 -5.23700714 10.39549154
v -14.31964692 -5.10843325 10.45352453
v -14.35618409 -5.12344027 10.41175741
v -14.36304291 -5.20012236 10.33452504
v -14.38304719 -5.13414288 10.36207479
v -3.29803857 -4.77427006 3.04826062
v -3.31703957 -4.82627010 3.04826062
v -3.48588952 -4.95886993 3.04826062
v -3.43356713 -4.94078016 3.04826062
v -3.36698540 -4.95342445 3.24839681
v -3.34701928 -4.87281370 3.04826062
v -3.38650521 -4.91161823 3.04826062
v -14.67043504 -4.77427006 10.51063817
v -14.67043504 -4.82627010 10.49163717
v -14.67043504 -4.95886993 10.32278722
v -14.47056397 -4.95591021 10.43913930
v -14.67043504 -4.87281370 10.46165746
v -14.58006867 -4.95709705 10.36840719
v -14.67043504 -4.94078016 10.37511342
v -14.67043504 -4.91161823 10.42217153
v -3.29803857 -4.77427006 3.02826017
v -3.31703957 -4.82627010 3.02826017
v -3.34701928 -4.87281370 3.02826017
v -3.38650521 -4.91161823 3.02826017
v -3.43356713 -4.94078016 3.02826017
v -3.48588952 -4.95886993 3.02826017
v -14.69045838 -4.76746368 10.51206487
v -14.69045838 -4.81359339 10.49724859
v -14.69045838 -4.86401415 10.46838277
v -14.69045838 -4.90634346 10.42861455
v -14.69046220 -4.93814373 10.38001149
v -14.69046220 -4.95808935 10.32543081
v -3.30321511 -5.06600714 2.58384412
v -3.32190713 -5.08666992 2.63211530
v -3.49119958 -5.13769674 2.75626272
v -3.43857201 -5.13116026 2.73911756
v -3.36698159 -4.95323658 2.82840818
v -3.35176858 -5.10499668 2.67546171
v -3.39131173 -5.12007666 2.71172994
v -15.13604172 -5.06424570 10.50582784
v -15.08899125 -5.08452415 10.48811620
v -14.96450242 -5.13617468 10.32643789
v -14.89126023 -4.95093536 10.44400304
v -15.04647263 -5.10263348 10.45978063
v -14.93226060 -5.05218554 10.37431615
v -14.98272904 -5.12908030 10.37699407
v -15.01048859 -5.11772203 10.42214864
v -3.67652138 -5.41252756 2.50414556
v -3.67652138 -5.25994492 2.72650808
v -3.67652138 -5.30945301 2.69857686
v -3.52434930 -5.37769794 2.53460973
v -3.67652138 -5.40427685 2.56038755
v -3.67652138 -5.38353395 2.61331266
v -3.51673135 -5.33272886 2.63499158
v -3.67652138 -5.35137224 2.66018194
v -3.45767220 -5.28395987 2.64984983
v -3.40797433 -5.23298120 2.65364545
v -3.46472558 -5.19676828 2.71971982
v -15.20771989 -5.41252756 10.13106435
v -14.98579606 -5.25994492 10.14503377
v -15.01367387 -5.30945301 10.14327901
v -15.06851014 -5.23462105 10.40207952
v -15.07105454 -5.28693151 10.35046285
v -15.07296952 -5.30158567 10.33291143
v -15.15654572 -5.38289070 10.25720113
v -15.15158662 -5.40427685 10.13459676
v -15.09876832 -5.38353395 10.13792318
v -15.02390488 -5.26348066 10.31062978
v -15.06871995 -5.33199692 10.27317708
v -15.05198869 -5.35137224 10.14086431
v -7.08567055 -5.41252756 2.50414556
v -7.08567055 -5.40427685 2.56038755
v -7.08567055 -5.38353395 2.61331266
v -7.08567055 -5.35137224 2.66018194
v -7.08567055 -5.30945301 2.69857686
v -7.08567055 -5.25994492 2.72650808
v -8.27479943 -5.25994492 2.81633466
v -8.27899560 -5.30945301 2.78872007
v -8.28476342 -5.35137224 2.75076192
v -8.29180535 -5.38353395 2.70442289
v -8.29975518 -5.40427685 2.65210050
v -8.30820473 -5.41252756 2.59649556
v -9.43694123 -5.25994492 3.08377736
v -9.44523820 -5.30945301 3.05710691
v -9.45664033 -5.35137224 3.02044576
v -9.47056397 -5.38353395 2.97568982
v -9.48628434 -5.40427685 2.92515462
v -9.50298890 -5.41252756 2.87145131
v -10.54571732 -5.25994492 3.52276510
v -10.55792817 -5.30945301 3.49764341
v -10.57470902 -5.35137224 3.46311086
v -10.59519776 -5.38353395 3.42095655
v -10.61833009 -5.40427685 3.37335485
v -10.64291581 -5.41252756 3.32277005
v -11.57596787 -5.25994492 4.12333577
v -11.59181031 -5.30945301 4.10033315
v -11.61359223 -5.35137224 4.06871503
v -11.64018067 -5.38353395 4.03011411
v -11.67020234 -5.40427685 3.98652929
v -11.70210465 -5.41252756 3.94021123
v -12.50430497 -5.25994492 4.87185758
v -12.52342805 -5.30945301 4.85149663
v -12.54970750 -5.35137224 4.82350820
v -12.58179291 -5.38353395 4.78933996
v -12.61802109 -5.40427685 4.75076001
v -12.65652283 -5.41252756 4.70976156
v -13.30966386 -5.25994492 5.75134366
v -13.33162507 -5.30945301 5.73408597
v -13.36181458 -5.35137224 5.71036428
v -13.39866837 -5.38353395 5.68140310
v -13.44028291 -5.40427685 5.64870351
v -13.48450288 -5.41252756 5.61395353
v -13.97376450 -5.25994492 6.74183362
v -13.99807175 -5.30945301 6.72807019
v -14.03148087 -5.35137224 6.70915311
v -14.07226380 -5.38353395 6.68605703
v -14.11831864 -5.40427685 6.65997976
v -14.16725739 -5.41252756 6.63226598
v -14.48153504 -5.25994492 7.82084554
v -14.50763139 -5.30945301 7.81089109
v -14.54350480 -5.35137224 7.79720586
v -14.58729752 -5.38353395 7.78049939
v -14.63674363 -5.40427685 7.76163572
v -14.68929108 -5.41252756 7.74158948
v -14.82145127 -5.25994492 8.96389287
v -14.84874543 -5.30945301 8.95797246
v -14.88626679 -5.35137224 8.94983190
v -14.93207368 -5.38353395 8.93989461
v -14.98379334 -5.40427685 8.92867177
v -15.03875550 -5.41252756 8.91674703
v -3.28739175 -4.16339636 5.06102460
v -3.30633935 -4.21013689 5.03803914
v -3.47526177 -4.32896471 4.97857755
v -3.66018304 -4.37528992 5.34954351
v -3.42288979 -4.31284952 4.98689359
v -3.66018304 -4.40314436 5.08130925
v -3.66018304 -4.42275715 5.13466161
v -3.39466866 -4.33796120 5.12135785
v -3.33629998 -4.25193834 5.01737302
v -3.37579354 -4.28674603 5.00004094
v -3.44737633 -4.37529469 5.15853971
v -3.53680047 -4.38926601 5.28828901
v -3.66018304 -4.40544653 5.30135816
v -3.66018304 -4.42393875 5.24760717
v -3.51179513 -4.40435743 5.18252080
v -3.66018304 -4.42981005 5.19106763
v -7.08567055 -4.37528992 5.34954351
v -7.08567055 -4.40544653 5.30135816
v -7.08567055 -4.42393875 5.24760717
v -7.08567055 -4.42981005 5.19106763
v -7.08567055 -4.42275715 5.13466161
v -7.08567055 -4.40314436 5.08130925
v -3.28857049 -4.22984648 4.53412336
v -3.30744942 -4.26946974 4.56810849
v -3.47647103 -4.36971331 4.65589040
v -3.42402657 -4.35624647 4.64365667
v -3.35422524 -4.23607969 4.80267041
v -3.33737954 -4.30485773 4.59865659
v -3.37688836 -4.33426666 4.62425893
v -12.35740861 -4.37528992 10.17142766
v -12.43874177 -4.40314436 9.13599294
v -12.62457856 -4.40314436 10.14756673
v -12.38738450 -4.42275715 9.15044683
v -12.57143601 -4.42275715 10.15231221
v -12.33308610 -4.42981005 9.16572469
v -12.51525697 -4.42981005 10.15732854
v -12.27866181 -4.42393875 9.18103689
v -12.45894059 -4.42393875 10.16236013
v -12.22691926 -4.40544653 9.19559758
v -12.40540131 -4.40544653 10.16713994
v -12.18053635 -4.37528992 9.20865148
v -12.06979569 -4.40314436 8.17594617
v -12.02197846 -4.42275715 8.19960874
v -11.97142228 -4.42981005 8.22462362
v -11.92074784 -4.42393875 8.24969953
v -11.87257203 -4.40544653 8.27353948
v -11.82938203 -4.37528992 8.29490941
v -11.53035935 -4.40314436 7.30026334
v -11.48771485 -4.42275715 7.33232587
v -11.44263276 -4.42981005 7.36622518
v -11.39744004 -4.42393875 7.40020459
v -11.35447892 -4.40544653 7.43250745
v -11.31596574 -4.37528992 7.46146673
v -10.83888444 -4.40314436 6.53889745
v -10.80287369 -4.42275715 6.57826703
v -10.76480683 -4.42981005 6.61988729
v -10.72664460 -4.42393875 6.66160672
v -10.69036683 -4.40544653 6.70127004
v -10.65784653 -4.37528992 6.73682683
v -10.01902589 -4.40314436 5.91789525
v -9.99088105 -4.42275715 5.96322339
v -9.96112641 -4.42981005 6.01114171
v -9.93130311 -4.42393875 6.05917638
v -9.90294846 -4.40544653 6.10484212
v -9.87753114 -4.37528992 6.14577764
v -9.09882554 -4.40314436 5.45849698
v -9.07951173 -4.42275715 5.50823301
v -9.05909165 -4.42981005 5.56081098
v -9.03862199 -4.42393875 5.61351674
v -9.01916322 -4.40544653 5.66362279
v -9.00171860 -4.37528992 5.70853894
v -8.10976418 -4.40314436 5.17641919
v -8.09993752 -4.42275715 5.22885984
v -8.08955010 -4.42981005 5.28430074
v -8.07913979 -4.42393875 5.33987325
v -8.06924065 -4.40544653 5.39270681
v -8.06036767 -4.37528992 5.44006818
v -3.47674187 -4.38657045 4.63585180
v -3.42430123 -4.37297201 4.62376874
v -3.37716302 -4.35078716 4.60461324
v -3.33765420 -4.32110929 4.57932943
v -3.30772408 -4.28540134 4.54916662
v -3.28884133 -4.24542332 4.51560682
v -3.35614022 -4.32589531 4.60568136
v -3.35623177 -4.33135986 4.59918302
v -12.64892777 -4.16755199 10.52097982
v -12.67295274 -4.21474457 10.50133413
v -12.72571381 -4.31702757 10.38092702
v -12.73386201 -4.33221245 10.32713979
v -12.41110810 -4.36792850 10.31436437
v -12.49474915 -4.33776665 10.40906423
v -12.51482209 -4.40181065 10.30940908
v -12.53556641 -4.36805439 10.37857717
v -12.55763062 -4.37680531 10.36409276
v -12.57958802 -4.38285494 10.34810537
v -12.60671815 -4.34761190 10.40230840
v -12.71235093 -4.29144001 10.42947667
v -12.69446000 -4.25675535 10.47030919
v -3.29529961 -4.60958004 4.34151357
v -3.31379708 -4.61017942 4.39433759
v -3.48336800 -4.60958004 4.52958196
v -3.43054589 -4.61017942 4.51108640
v -3.36003503 -4.50796795 4.47903722
v -3.34357842 -4.61048651 4.44172567
v -3.38315591 -4.61048651 4.48130315
v -3.35800561 -4.41447639 4.52341741
v -13.18383607 -4.22884417 10.52042669
v -13.15061005 -4.26762295 10.50243276
v -13.07551392 -4.35403347 10.39081853
v -13.06259736 -4.36835146 10.34022420
v -12.91087540 -4.23506165 10.45510381
v -13.09515198 -4.33172083 10.43607229
v -13.12058076 -4.30245972 10.47386831
v -3.48640450 -4.78347588 4.52654737
v -3.43358239 -4.78407526 4.50805181
v -3.38619241 -4.78438234 4.47826665
v -3.34661492 -4.78438234 4.43868917
v -3.31683358 -4.78407526 4.39130109
v -3.29833611 -4.78347588 4.33847707
v -13.08261689 -4.38521624 10.33983892
v -13.09536561 -4.37077188 10.39045614
v -13.11475190 -4.34825563 10.43573659
v -13.16952714 -4.28356552 10.50214284
v -13.13986787 -4.31872511 10.47355550
v -13.20234498 -4.24442720 10.52015203
v -13.12015733 -4.32884121 10.45580571
v -3.67255028 -4.98198700 4.52345937
v -3.67255028 -5.11763525 4.43821042
v -3.42379006 -4.92704582 4.47691434
v -3.44482812 -4.95323801 4.47998899
v -3.46355828 -4.97253561 4.48223775
v -3.48900994 -4.99419355 4.48473256
v -3.51140221 -5.00973415 4.48651403
v -3.67255028 -5.07900810 4.47631162
v -3.67255028 -5.03307104 4.50518125
v -13.37753876 -4.60949898 10.51383489
v -13.32645615 -4.61004019 10.49666875
v -13.21065720 -4.61004019 10.38746923
v -13.19052705 -4.60949898 10.33748525
v -13.19729050 -4.41196299 10.45495122
v -13.24103364 -4.61031723 10.43198293
v -13.28024110 -4.61031723 10.46895498
v -7.08567055 -5.11763525 4.43821042
v -7.08567055 -5.07900810 4.47631162
v -7.08567055 -5.03307104 4.50518125
v -7.08567055 -4.98198700 4.52345937
v -13.19349488 -4.78824663 10.33446019
v -13.21364030 -4.78878736 10.38442128
v -13.38049515 -4.78824663 10.51071828
v -13.32942780 -4.78878736 10.49356359
v -13.26162537 -4.72951698 10.44947332
v -13.24401673 -4.78906441 10.42891210
v -13.28322037 -4.78906441 10.46586507
v -8.09531411 -4.98198700 4.60733312
v -8.09833153 -5.03307104 4.58930486
v -8.10309228 -5.07900810 4.56083196
v -8.10937890 -5.11763525 4.52325338
v -9.07727631 -4.98198700 4.85665601
v -9.08322343 -5.03307104 4.83937162
v -9.09262284 -5.07900810 4.81207364
v -9.10502442 -5.11763525 4.77604764
v -10.00463685 -4.98198700 5.26459020
v -10.01335725 -5.03307104 5.24852460
v -10.02713212 -5.07900810 5.22315114
v -10.04530534 -5.11763525 5.18966573
v -10.85197648 -4.98198700 5.81995290
v -10.86322984 -5.03307104 5.80554670
v -10.88099869 -5.07900810 5.78279393
v -10.90445145 -5.11763525 5.75276655
v -11.59606370 -4.98198700 6.50751966
v -11.60953721 -5.03307104 6.49516767
v -11.63081940 -5.07900810 6.47565931
v -11.65890321 -5.11763525 6.44991391
v -12.21649750 -4.98198700 7.30844205
v -12.23182496 -5.03307104 7.29848188
v -12.25603303 -5.07900810 7.28275197
v -12.28798112 -5.11763525 7.26199430
v -12.69626817 -4.98198700 8.20075887
v -12.71302994 -5.03307104 8.19346517
v -12.73950394 -5.07900810 8.18194669
v -12.77443894 -5.11763525 8.16674321
v -13.02222642 -4.98198700 9.16001409
v -13.18543442 -4.98198700 10.15989965
v -13.03996094 -5.03307104 9.15558522
v -13.20365723 -5.03307104 10.15846151
v -13.06797227 -5.07900810 9.14859288
v -13.23243531 -5.07900810 10.15618413
v -13.10493668 -5.11763525 9.13936132
v -13.27041825 -5.11763525 10.15318197
v -13.23166093 -5.00314713 10.31818670
v -13.23507890 -4.98315620 10.34363454
v -13.23866090 -4.96084642 10.36645025
v -13.24279984 -4.93370867 10.38875860
v 4.31884376 -4.16339636 1.02071470
v 4.33779136 -4.21013689 1.04369825
v 4.50671760 -4.32896471 1.10315984
v 4.69163505 -4.37528992 0.73219388
v 4.45434180 -4.31284952 1.09484571
v 4.69163505 -4.40314436 1.00043004
v 4.69163505 -4.42275715 0.94707769
v 4.42612067 -4.33796120 0.96038144
v 4.36775199 -4.25193834 1.06436628
v 4.40724937 -4.28674603 1.08169835
v 4.47883216 -4.37529469 0.92319768
v 4.56825248 -4.38926601 0.79345029
v 4.69163505 -4.40544653 0.78037923
v 4.69163505 -4.42393875 0.83413213
v 4.54325095 -4.40435743 0.89921850
v 4.69163505 -4.42981005 0.89067167
v 8.11712543 -4.37528992 0.73219388
v 8.11712543 -4.40544653 0.78037923
v 8.11712543 -4.42393875 0.83413213
v 8.11712543 -4.42981005 0.89067167
v 8.11712543 -4.42275715 0.94707769
v 8.11712543 -4.40314436 1.00043004
v 4.32002250 -4.22984648 1.54761594
v 4.33890144 -4.26946974 1.51363080
v 4.50792686 -4.36971331 1.42584890
v 4.45548240 -4.35624647 1.43808263
v 4.38567725 -4.23607969 1.27906698
v 4.36883537 -4.30485773 1.48308271
v 4.40834419 -4.33426666 1.45747846
v 13.59360210 -4.40314436 -3.59487826
v 13.54105846 -4.42275715 -3.60414225
v 13.48551074 -4.42981005 -3.61393649
v 13.42982951 -4.42393875 -3.62375552
v 13.37689296 -4.40544653 -3.63309008
v 13.32944003 -4.37528992 -3.64145762
v 13.34271709 -4.40314436 -2.65856845
v 13.29258243 -4.42275715 -2.67681605
v 13.23957912 -4.42981005 -2.69610888
v 13.18644801 -4.42393875 -2.71544558
v 13.13593761 -4.40544653 -2.73383052
v 13.09065906 -4.37528992 -2.75031001
v 12.93305675 -4.40314436 -1.78004939
v 12.88685123 -4.42275715 -1.80672557
v 12.83800403 -4.42981005 -1.83492762
v 12.78903857 -4.42393875 -1.86319834
v 12.74248782 -4.40544653 -1.89007479
v 12.70075885 -4.37528992 -1.91416651
v 12.37706653 -4.40314436 -0.98601252
v 12.33619586 -4.42275715 -1.02030856
v 12.29298679 -4.42981005 -1.05656344
v 12.24967471 -4.42393875 -1.09290797
v 12.20849887 -4.40544653 -1.12745959
v 12.17158595 -4.37528992 -1.15843112
v 11.69164172 -4.40314436 -0.30058772
v 11.65734569 -4.42275715 -0.34145838
v 11.62109081 -4.42981005 -0.38466746
v 11.58474628 -4.42393875 -0.42797953
v 11.55019466 -4.40544653 -0.46915538
v 11.51922313 -4.37528992 -0.50606829
v 10.89760486 -4.40314436 0.25540250
v 10.87092868 -4.42275715 0.20919698
v 10.84272662 -4.42981005 0.16034978
v 10.81445590 -4.42393875 0.11138433
v 10.78757945 -4.40544653 0.06483358
v 10.76348773 -4.37528992 0.02310460
v 10.01908580 -4.40314436 0.66506284
v 10.00083820 -4.42275715 0.61492818
v 9.98154536 -4.42981005 0.56192487
v 9.96220866 -4.42393875 0.50879377
v 9.94382373 -4.40544653 0.45828336
v 9.92734424 -4.37528992 0.41300481
v 9.08277599 -4.40314436 0.91594785
v 9.07351199 -4.42275715 0.86340421
v 9.06371776 -4.42981005 0.80785650
v 9.05389873 -4.42393875 0.75217527
v 9.04456416 -4.40544653 0.69923871
v 9.03619663 -4.37528992 0.65178579
v 4.50819389 -4.38657045 1.44588750
v 4.45575324 -4.37297201 1.45797056
v 4.40861884 -4.35078716 1.47712606
v 4.36911002 -4.32110929 1.50240796
v 4.33917609 -4.28540134 1.53257268
v 4.32029334 -4.24542332 1.56613057
v 4.38759605 -4.32589531 1.47605603
v 4.38768760 -4.33135986 1.48255437
v 2.82440177 -4.37528992 10.14849752
v 2.77621833 -4.40544653 10.14849752
v 2.72246543 -4.42393875 10.14849752
v 2.66592399 -4.42981005 10.14849752
v 2.60951987 -4.42275715 10.14849752
v 2.55616752 -4.40314436 10.14849752
v 4.32675544 -4.60958004 1.74022573
v 4.34524909 -4.61017942 1.68740171
v 4.51482383 -4.60958004 1.55215734
v 4.46199790 -4.61017942 1.57065290
v 4.39148704 -4.50796795 1.60270208
v 4.37503425 -4.61048651 1.64001363
v 4.41461173 -4.61048651 1.60043615
v 4.38946143 -4.41447639 1.55832189
v 2.77775184 -4.36880302 10.30111593
v 2.67221824 -4.39924765 10.30854696
v 2.62894813 -4.37165165 10.36748021
v 2.59257499 -4.33525085 10.41697591
v 2.51944724 -4.35027361 10.36020559
v 4.51786033 -4.78347588 1.55519193
v 4.46503440 -4.78407526 1.57368749
v 4.41764823 -4.78438234 1.60347074
v 4.37807075 -4.78438234 1.64304822
v 4.34828559 -4.78407526 1.69043821
v 4.32978812 -4.78347588 1.74326032
v 2.00897971 -4.22984648 10.52011007
v 2.04296485 -4.26946974 10.50123113
v 2.13074867 -4.36971331 10.33220571
v 2.11851493 -4.35624647 10.38465017
v 2.23817435 -4.24339628 10.45429509
v 2.15814582 -4.27296019 10.45365423
v 2.09911720 -4.33426666 10.43178838
v 2.07351295 -4.30485773 10.47129720
v 4.70400230 -4.98198700 1.55827802
v 4.70400230 -5.11763525 1.64352697
v 4.45524589 -4.92704582 1.60482305
v 4.47628394 -4.95323801 1.60174840
v 4.49501411 -4.97253561 1.59950155
v 4.52046195 -4.99419355 1.59700673
v 4.54285804 -5.00973415 1.59522527
v 4.70400230 -5.07900810 1.60542768
v 4.70400230 -5.03307104 1.57655805
v 2.11071006 -4.38657045 10.33193486
v 2.09862510 -4.37297201 10.38437551
v 2.07947150 -4.35078716 10.43151372
v 2.02402488 -4.28540134 10.50095647
v 2.05418769 -4.32110929 10.47102254
v 1.99046317 -4.24542332 10.51983922
v 2.07403938 -4.33135986 10.45244497
v 2.08053962 -4.32589531 10.45253652
v 8.11712543 -5.11763525 1.64352697
v 8.11712543 -5.07900810 1.60542768
v 8.11712543 -5.03307104 1.57655805
v 8.11712543 -4.98198700 1.55827802
v 1.81637183 -4.60958004 10.51337713
v 1.86919395 -4.61017942 10.49487966
v 2.00444022 -4.60958004 10.32530874
v 1.98594276 -4.61017942 10.37813085
v 1.99827567 -4.41447639 10.45067113
v 1.95389549 -4.50796795 10.44864553
v 1.95616142 -4.61048651 10.42552083
v 1.91658393 -4.61048651 10.46509832
v 9.17964641 -4.98198700 1.46531957
v 9.18282024 -5.03307104 1.48332113
v 9.18783275 -5.07900810 1.51175206
v 9.19444934 -5.11763525 1.54927343
v 10.20988170 -4.98198700 1.18926900
v 10.21613208 -5.03307104 1.20644658
v 10.22600642 -5.07900810 1.23357480
v 10.23903743 -5.11763525 1.26937764
v 11.17652980 -4.98198700 0.73851484
v 11.18566982 -5.03307104 0.75434392
v 11.20010463 -5.07900810 0.77934545
v 11.21915332 -5.11763525 0.81234258
v 12.05021945 -4.98198700 0.12674993
v 12.06196872 -5.03307104 0.14075177
v 12.08052531 -5.07900810 0.16286748
v 12.10501567 -5.11763525 0.19205373
v 12.80440418 -4.98198700 -0.62743479
v 12.81840602 -5.03307104 -0.61568553
v 12.84052173 -5.07900810 -0.59712893
v 12.86970798 -5.11763525 -0.57263858
v 13.41616908 -4.98198700 -1.50112445
v 13.43199817 -5.03307104 -1.49198443
v 13.45699970 -5.07900810 -1.47754962
v 13.48999683 -5.11763525 -1.45850093
v 13.86692325 -4.98198700 -2.46777255
v 13.88410083 -5.03307104 -2.46152217
v 13.91122905 -5.07900810 -2.45164782
v 13.94703189 -5.11763525 -2.43861682
v 14.14297382 -4.98198700 -3.49800784
v 14.16097537 -5.03307104 -3.49483401
v 14.18940631 -5.07900810 -3.48982150
v 14.22692767 -5.11763525 -3.48320491
v 14.23593227 -4.98198700 -4.56052882
v 14.25421230 -5.03307104 -4.56052882
v 14.28308192 -5.07900810 -4.56052882
v 14.32118121 -5.11763525 -4.56052882
v 14.14297382 -4.98198700 -5.62304789
v 14.16097537 -5.03307104 -5.62622172
v 14.18940631 -5.07900810 -5.63123614
v 14.22692767 -5.11763525 -5.63785083
v 13.86692325 -4.98198700 -6.65328509
v 13.88410083 -5.03307104 -6.65953738
v 13.91122905 -5.07900810 -6.66940982
v 13.94703189 -5.11763525 -6.68244082
v 13.41616908 -4.98198700 -7.61993224
v 13.43199817 -5.03307104 -7.62907225
v 13.45699970 -5.07900810 -7.64350707
v 13.48999683 -5.11763525 -7.66255385
v 12.80440418 -4.98198700 -8.49361998
v 12.81840602 -5.03307104 -8.50536925
v 12.84052173 -5.07900810 -8.52392775
v 12.86970798 -5.11763525 -8.54841811
v 12.05021945 -4.98198700 -9.24780471
v 12.06196872 -5.03307104 -9.26180846
v 12.08052531 -5.07900810 -9.28392226
v 12.10501567 -5.11763525 -9.31310851
v 11.17652980 -4.98198700 -9.85957152
v 11.18566982 -5.03307104 -9.87539870
v 11.20010463 -5.07900810 -9.90040023
v 11.21915332 -5.11763525 -9.93339736
v 10.20988170 -4.98198700 -10.31032378
v 10.21613208 -5.03307104 -10.32750136
v 10.22600642 -5.07900810 -10.35463149
v 10.23903743 -5.11763525 -10.39043242
v 9.17964641 -4.98198700 -10.58637435
v 9.18282024 -5.03307104 -10.60437590
v 9.18783275 -5.07900810 -10.63280684
v 9.19444934 -5.11763525 -10.67032820
v 8.11712543 -4.98198700 -10.67933470
v 8.11712543 -5.03307104 -10.69761473
v 8.11712543 -5.07900810 -10.72648436
v 8.11712543 -5.11763525 -10.76458174
v 7.05460540 -4.98198700 -10.58637435
v 7.05143157 -5.03307104 -10.60437590
v 7.04641715 -5.07900810 -10.63280684
v 7.03980247 -5.11763525 -10.67032820
v 6.02436820 -4.98198700 -10.31032378
v 6.01811591 -5.03307104 -10.32750136
v 6.00824348 -5.07900810 -10.35463149
v 5.99521247 -5.11763525 -10.39043242
v 5.05772010 -4.98198700 -9.85957152
v 5.04858009 -5.03307104 -9.87539870
v 5.03414527 -5.07900810 -9.90040023
v 5.01509849 -5.11763525 -9.93339736
v 4.18403236 -4.98198700 -9.24780471
v 4.17228309 -5.03307104 -9.26180846
v 4.15372459 -5.07900810 -9.28392226
v 4.12923423 -5.11763525 -9.31310851
v 3.42984763 -4.98198700 -8.49361998
v 3.41584388 -5.03307104 -8.50536925
v 3.39373008 -5.07900810 -8.52392775
v 3.36454383 -5.11763525 -8.54841811
v 2.81808082 -4.98198700 -7.61993224
v 2.80225364 -5.03307104 -7.62907225
v 2.77725211 -5.07900810 -7.64350707
v 2.74425498 -5.11763525 -7.66255385
v 2.36732856 -4.98198700 -6.65328509
v 2.35015098 -5.03307104 -6.65953738
v 2.32302085 -5.07900810 -6.66940982
v 2.28721992 -5.11763525 -6.68244082
v 2.09127799 -4.98198700 -5.62304789
v 1.99831763 -4.98198700 -4.56052882
v 2.07327644 -5.03307104 -5.62622172
v 1.98003761 -5.03307104 -4.56052882
v 2.04484550 -5.07900810 -5.63123614
v 1.95116798 -5.07900810 -4.56052882
v 2.00732414 -5.11763525 -5.63785083
v 1.91307060 -5.11763525 -4.56052882
v 2.00140373 -4.78347588 10.32227224
v 1.98291007 -4.78407526 10.37509816
v 1.95312492 -4.78438234 10.42248433
v 1.91354743 -4.78438234 10.46206182
v 1.86615745 -4.78407526 10.49184697
v 1.81333534 -4.78347588 10.51034063
v 1.91307060 -5.11763525 10.13612645
v 1.95116798 -5.07900810 10.13612645
v 1.98003761 -5.03307104 10.13612645
v 1.99831763 -4.98198700 10.13612645
v 1.96083060 -5.00545073 10.30383580
v 1.95857993 -4.98539925 10.33067220
v 1.95595924 -4.96273756 10.35498708
v 1.95269004 -4.93492794 10.37891286
v 8.11712543 -5.41350985 2.50966161
v 4.70798866 -5.41350985 2.50966161
v 8.11712543 -5.40515327 2.56588834
v 4.70798866 -5.40515327 2.56588834
v 8.11712543 -5.38431120 2.61877340
v 4.70798866 -5.38431120 2.61877340
v 8.11712543 -5.35206127 2.66558164
v 4.70798866 -5.35206127 2.66558164
v 8.11712543 -5.31007051 2.70389646
v 4.70798866 -5.31007051 2.70389646
v 8.11712543 -5.26050997 2.73173421
v 4.70798866 -5.26050997 2.73173421
v 15.31960956 -5.26050997 -3.41976649
v 15.29211322 -5.31007051 -3.42412287
v 15.25427142 -5.35206127 -3.43011576
v 15.20803729 -5.38431120 -3.43743808
v 15.15580455 -5.40515327 -3.44571215
v 15.10027019 -5.41350985 -3.45450694
v 15.05247966 -5.26050997 -2.30709559
v 15.02600375 -5.31007051 -2.31569773
v 14.98956577 -5.35206127 -2.32753665
v 14.94504634 -5.38431120 -2.34200198
v 14.89474956 -5.40515327 -2.35834414
v 14.84127513 -5.41350985 -2.37572009
v 14.61457912 -5.26050997 -1.24990947
v 14.58977596 -5.31007051 -1.26254756
v 14.55563823 -5.35206127 -1.27994258
v 14.51393024 -5.38431120 -1.30119426
v 14.46680919 -5.40515327 -1.32520396
v 14.41671077 -5.41350985 -1.35073001
v 14.01669017 -5.26050997 -0.27424342
v 13.99417011 -5.31007051 -0.29060656
v 13.96317188 -5.35206127 -0.31312663
v 13.92530147 -5.38431120 -0.34064204
v 13.88251773 -5.40515327 -0.37172610
v 13.83702937 -5.41350985 -0.40477473
v 13.27353374 -5.26050997 0.59587949
v 13.25384990 -5.31007051 0.57619565
v 13.22675792 -5.35206127 0.54910367
v 13.19365779 -5.38431120 0.51600354
v 13.15626231 -5.40515327 0.47860807
v 13.11650554 -5.41350985 0.43885129
v 12.40341083 -5.26050997 1.33903592
v 12.38704768 -5.31007051 1.31651586
v 12.36452762 -5.35206127 1.28551763
v 12.33701221 -5.38431120 1.24764722
v 12.30592815 -5.40515327 1.20486348
v 12.27287952 -5.41350985 1.15937513
v 11.42774478 -5.26050997 1.93692487
v 11.41510669 -5.31007051 1.91212171
v 11.39771167 -5.35206127 1.87798398
v 11.37645999 -5.38431120 1.83627599
v 11.35245029 -5.40515327 1.78915494
v 11.32692424 -5.41350985 1.73905652
v 10.37055866 -5.26050997 2.37482541
v 10.36195651 -5.31007051 2.34834951
v 10.35011760 -5.35206127 2.31191152
v 10.33565227 -5.38431120 2.26739209
v 10.31931010 -5.40515327 2.21709531
v 10.30193416 -5.41350985 2.16362088
v 9.25788776 -5.26050997 2.64195531
v 9.25353137 -5.31007051 2.61445897
v 9.24753848 -5.35206127 2.57661718
v 9.24021617 -5.38431120 2.53038305
v 9.23194209 -5.40515327 2.47815030
v 9.22314731 -5.41350985 2.42261594
v 4.33468238 -5.06684160 2.58870214
v 4.35337440 -5.08741426 2.63701146
v 4.52266685 -5.13820791 2.76125997
v 4.47003928 -5.13170385 2.74410146
v 4.44242088 -5.23806906 2.65783590
v 4.38323585 -5.10565948 2.68039411
v 4.42277900 -5.12067175 2.71669286
v 4.49531928 -5.29027939 2.65413373
v 4.58496467 -5.38466644 2.56468099
v 4.55982963 -5.32767105 2.65506452
v 1.04693595 -5.41350985 10.13214010
v 0.99070731 -5.40515327 10.13214010
v 0.93782417 -5.38431120 10.13214010
v 0.89101402 -5.35206127 10.13214010
v 0.85269920 -5.31007051 10.13214010
v 0.82486335 -5.26050997 10.13214010
v 4.32949439 -4.77427006 3.03347867
v 4.34849159 -4.82627010 3.03347867
v 4.51734534 -4.95886993 3.03347867
v 4.46501914 -4.94078016 3.03347867
v 4.39843742 -4.95342445 2.83334058
v 4.37847129 -4.87281370 3.03347867
v 4.41796104 -4.91161823 3.03347867
v 0.96789542 -5.06684160 10.50544637
v 0.91958610 -5.08741426 10.48675435
v 0.79533759 -5.13820791 10.31746572
v 1.01653663 -5.37862349 10.28430837
v 0.91624061 -5.33346653 10.29193013
v 0.90147392 -5.28467035 10.35098928
v 0.89777747 -5.23368502 10.40068715
v 0.87620155 -5.10565948 10.45689672
v 0.83990470 -5.12067175 10.41735357
v 0.83176795 -5.19734764 10.34393972
v 0.81249610 -5.13170385 10.37009328
v 4.32949439 -4.77427006 3.05347913
v 4.34849159 -4.82627010 3.05347913
v 4.37847129 -4.87281370 3.05347913
v 4.41796104 -4.91161823 3.05347913
v 4.46501914 -4.94078016 3.05347913
v 4.51734534 -4.95886993 3.05347913
v 0.52311698 -4.77427006 10.51063817
v 0.52311698 -4.82627010 10.49163717
v 0.52311698 -4.94078016 10.37511342
v 0.52311698 -4.95886993 10.32278722
v 0.72325507 -4.95342445 10.44169133
v 0.52311698 -4.91161823 10.42217153
v 0.52311698 -4.87281370 10.46165746
v 4.33466712 -5.06600714 3.49789518
v 4.35336295 -5.08666992 3.44962400
v 4.52265159 -5.13769674 3.32547658
v 4.47002403 -5.13116026 3.34262174
v 4.39843360 -4.95323658 3.25332921
v 4.38322059 -5.10499668 3.40627759
v 4.42276374 -5.12007666 3.37000936
v 0.50311652 -4.77427006 10.51063817
v 0.50311652 -4.82627010 10.49163717
v 0.50311652 -4.87281370 10.46165746
v 0.50311652 -4.91161823 10.42217153
v 0.50311652 -4.94078016 10.37511342
v 0.50311652 -4.95886993 10.32278722
v 4.70797340 -5.41252756 3.57759374
v 4.70797340 -5.25994492 3.35523122
v 4.70797340 -5.30945301 3.38316243
v 4.55580512 -5.37769794 3.54712766
v 4.70797340 -5.40427685 3.52135175
v 4.70797340 -5.38353395 3.46842664
v 4.54818336 -5.33272886 3.44674772
v 4.70797340 -5.35137224 3.42155546
v 4.48912421 -5.28395987 3.43188756
v 4.43942634 -5.23298120 3.42809385
v 4.49617759 -5.19676828 3.36201947
v 0.05870048 -5.06600714 10.50546163
v 0.10697166 -5.08666992 10.48676961
v 0.21397392 -5.13116026 10.37010854
v 0.23112098 -5.13769674 10.31748098
v 0.30326453 -4.95323658 10.44169515
v 0.18658820 -5.12007666 10.41736882
v 0.15031806 -5.10499668 10.45690816
v 8.11712543 -5.41252756 3.57759374
v 8.11712543 -5.40427685 3.52135175
v 8.11712543 -5.38353395 3.46842664
v 8.11712543 -5.35137224 3.42155546
v 8.11712543 -5.30945301 3.38316243
v 8.11712543 -5.25994492 3.35523122
v -0.02099618 -5.41252756 10.13215917
v 0.20136634 -5.25994492 10.13215917
v 0.17343513 -5.30945301 10.13215917
v 0.12750999 -5.23736334 10.39772695
v 0.12371055 -5.28956699 10.34482854
v 0.03408042 -5.38378716 10.25518316
v 0.03524390 -5.40427685 10.13215917
v 0.08816901 -5.38353395 10.13215917
v 0.12456886 -5.32696104 10.28031820
v 0.13504020 -5.35137224 10.13215917
v 0.08816901 -5.38353395 -4.56052882
v 0.13504020 -5.35137224 -4.56052882
v 0.03524390 -5.40427685 -4.56052882
v -0.02099618 -5.41252756 -4.56052882
v 9.31579105 -5.25994492 3.26394933
v 9.32002155 -5.30945301 3.29155820
v 9.32583514 -5.35137224 3.32950872
v 9.33293239 -5.38353395 3.37584012
v 9.34094707 -5.40427685 3.42815297
v 9.34946338 -5.41252756 3.48374646
v 10.49517337 -5.30945301 3.01885885
v 10.50666705 -5.35137224 3.05549138
v 10.52069942 -5.38353395 3.10021299
v 10.53654186 -5.40427685 3.15071004
v 10.55337993 -5.41252756 3.20437330
v 11.61548129 -5.30945301 2.57135289
v 11.63238994 -5.35137224 2.60582441
v 11.65303127 -5.38353395 2.64790433
v 11.67633907 -5.40427685 2.69542020
v 11.70110790 -5.41252756 2.74591344
v 12.65510455 -5.30945301 1.95936292
v 12.67703716 -5.35137224 1.99087423
v 12.70381252 -5.38353395 2.02934545
v 12.73404590 -5.40427685 2.07278341
v 12.76617709 -5.41252756 2.11894506
v 13.61651889 -5.35137224 1.22482961
v 13.64881030 -5.38353395 1.25880140
v 13.68527309 -5.40427685 1.29716008
v 13.72402278 -5.41252756 1.33792394
v 14.42916576 -5.35137224 0.32535260
v 14.46622936 -5.38353395 0.35404294
v 14.50808040 -5.40427685 0.38643926
v 14.55255595 -5.41252756 0.42086499
v 15.09623424 -5.35137224 -0.68680674
v 15.13721553 -5.38353395 -0.66405970
v 15.18348972 -5.40427685 -0.63837725
v 15.23266498 -5.41252756 -0.61108119
v 15.60234348 -5.35137224 -1.78830821
v 15.64629642 -5.38353395 -1.77203089
v 15.69592563 -5.40427685 -1.75364978
v 15.74866763 -5.41252756 -1.73411662
v 15.64546100 -5.25994492 -2.11442477
v 15.67202464 -5.30945301 -2.10579211
v 15.70853893 -5.35137224 -2.09392840
v 15.75311557 -5.38353395 -2.07944400
v 15.80345050 -5.40427685 -2.06309039
v 15.85694019 -5.41252756 -2.04571063
v 15.93581668 -5.35137224 -2.95374591
v 15.98172847 -5.38353395 -2.94431216
v 16.03356830 -5.40427685 -2.93365771
v 16.08866016 -5.41252756 -2.92233569
v 15.93542949 -5.25994492 -3.32223040
v 15.96301738 -5.30945301 -3.31786067
v 16.00093738 -5.35137224 -3.31185443
v 16.04723064 -5.38353395 -3.30452258
v 16.09950343 -5.40427685 -3.29624469
v 16.15505306 -5.41252756 -3.28744609
v 16.08896533 -5.35137224 -4.15624339
v 16.13577548 -5.38353395 -4.15386874
v 16.18863193 -5.40427685 -4.15118701
v 16.24480335 -5.41252756 -4.14833934
v 16.03288547 -5.25994492 -4.56052882
v 16.06081668 -5.30945301 -4.56052882
v 16.09920970 -5.35137224 -4.56052882
v 16.14608089 -5.38353395 -4.56052882
v 16.19900600 -5.40427685 -4.56052882
v 16.25524799 -5.41252756 -4.56052882
v 16.05825702 -5.35137224 -5.36806208
v 16.10488788 -5.38353395 -5.37280375
v 16.15754024 -5.40427685 -5.37815959
v 16.21349422 -5.41252756 -5.38384921
v 15.93542949 -5.25994492 -5.79882533
v 15.96301738 -5.30945301 -5.80319506
v 16.00093738 -5.35137224 -5.80920130
v 16.04723064 -5.38353395 -5.81653315
v 16.09950343 -5.40427685 -5.82481295
v 16.15505306 -5.41252756 -5.83361155
v 15.88977329 -5.38353395 -6.57300479
v 15.94100848 -5.40427685 -6.58627230
v 15.99545566 -5.41252756 -6.60036761
v 15.64546100 -5.25994492 -7.00663287
v 15.67202464 -5.30945301 -7.01526553
v 15.70853893 -5.35137224 -7.02712924
v 15.75311557 -5.38353395 -7.04161364
v 15.80345050 -5.40427685 -7.05796725
v 15.85694019 -5.41252756 -7.07534701
v 15.49539653 -5.38353395 -7.72679335
v 15.54403201 -5.40427685 -7.74766356
v 15.59571735 -5.41252756 -7.76984221
v 15.17011920 -5.25994492 -8.15420729
v 15.19500629 -5.30945301 -8.16688735
v 15.22921458 -5.35137224 -8.18431670
v 15.27097789 -5.38353395 -8.20559508
v 15.31813327 -5.40427685 -8.22962386
v 15.36824504 -5.41252756 -8.25515563
v 14.93085185 -5.38353395 -8.80755431
v 14.97576610 -5.40427685 -8.83555037
v 15.02349559 -5.41252756 -8.86530120
v 14.52110950 -5.25994492 -9.21329314
v 14.54370776 -5.30945301 -9.22971160
v 14.57476894 -5.35137224 -9.25227935
v 14.61268703 -5.38353395 -9.27982909
v 14.65550319 -5.40427685 -9.31093795
v 14.70100490 -5.41252756 -9.34399611
v 14.20916072 -5.38353395 -9.79036910
v 14.24931804 -5.40427685 -9.82484252
v 14.29199115 -5.41252756 -9.86147505
v 13.71441356 -5.25994492 -10.15781600
v 13.73416415 -5.30945301 -10.17756469
v 13.76131145 -5.35137224 -10.20471389
v 13.79445544 -5.38353395 -10.23785598
v 13.83187762 -5.40427685 -10.27527816
v 13.87164775 -5.41252756 -10.31505019
v 13.34696666 -5.38353395 -10.65256316
v 13.38144008 -5.40427685 -10.69272048
v 13.41807452 -5.41252756 -10.73539550
v 12.76989261 -5.25994492 -10.96451003
v 12.78631107 -5.30945301 -10.98710829
v 12.80887691 -5.35137224 -11.01817137
v 12.83642665 -5.38353395 -11.05608947
v 12.86753551 -5.40427685 -11.09890563
v 12.90059367 -5.41252756 -11.14440734
v 12.36415378 -5.38353395 -11.37425429
v 12.39214984 -5.40427685 -11.41916854
v 12.42189876 -5.41252756 -11.46689803
v 11.71080486 -5.25994492 -11.61351973
v 11.72348682 -5.30945301 -11.63840682
v 11.74091617 -5.35137224 -11.67261702
v 11.76219455 -5.38353395 -11.71438033
v 11.78622333 -5.40427685 -11.76153380
v 11.81175510 -5.41252756 -11.81164748
v 11.28339092 -5.38353395 -11.93879897
v 11.30426303 -5.40427685 -11.98743254
v 11.32644168 -5.41252756 -12.03911788
v 10.56322948 -5.25994492 -12.08886153
v 10.57186214 -5.30945301 -12.11542708
v 10.58372585 -5.35137224 -12.15194136
v 10.59821025 -5.38353395 -12.19651610
v 10.61456386 -5.40427685 -12.24685103
v 10.63194362 -5.41252756 -12.30034072
v 10.12960330 -5.38353395 -12.33317382
v 10.14286891 -5.40427685 -12.38440901
v 10.15696613 -5.41252756 -12.43885619
v 9.35542384 -5.25994492 -12.37883193
v 9.35979358 -5.30945301 -12.40641982
v 9.36579982 -5.35137224 -12.44433791
v 9.37313167 -5.38353395 -12.49063307
v 9.38140956 -5.40427685 -12.54290587
v 9.39020816 -5.41252756 -12.59845549
v 8.92466060 -5.35137224 -12.50165755
v 8.92940227 -5.38353395 -12.54828841
v 8.93475620 -5.40427685 -12.60094268
v 8.94044582 -5.41252756 -12.65689666
v 8.11712543 -5.25994492 -12.47628600
v 8.11712543 -5.30945301 -12.50421721
v 8.11712543 -5.35137224 -12.54261214
v 8.11712543 -5.38353395 -12.58948333
v 8.11712543 -5.40427685 -12.64240844
v 8.11712543 -5.41252756 -12.69864852
v 7.71284000 -5.35137224 -12.53236586
v 7.71046535 -5.38353395 -12.57917601
v 7.70778552 -5.40427685 -12.63203246
v 7.70493594 -5.41252756 -12.68820388
v 6.87882797 -5.25994492 -12.37883193
v 6.87445823 -5.30945301 -12.40641982
v 6.86845199 -5.35137224 -12.44433791
v 6.86112014 -5.38353395 -12.49063307
v 6.85284034 -5.40427685 -12.54290587
v 6.84404174 -5.41252756 -12.59845549
v 6.51034156 -5.35137224 -12.37921721
v 6.50090781 -5.38353395 -12.42513091
v 6.49025336 -5.40427685 -12.47697264
v 6.47893134 -5.41252756 -12.53206069
v 5.67102042 -5.25994492 -12.08886153
v 5.66238776 -5.30945301 -12.11542708
v 5.65052406 -5.35137224 -12.15194136
v 5.63603965 -5.38353395 -12.19651610
v 5.61968604 -5.40427685 -12.24685103
v 5.60230628 -5.41252756 -12.30034072
v 5.34490577 -5.35137224 -12.04574401
v 5.32862464 -5.38353395 -12.08969695
v 5.31024543 -5.40427685 -12.13932616
v 5.29071418 -5.41252756 -12.19206816
v 4.52344505 -5.25994492 -11.61351973
v 4.51076499 -5.30945301 -11.63840682
v 4.49333564 -5.35137224 -11.67261702
v 4.47205726 -5.38353395 -11.71438033
v 4.44802848 -5.40427685 -11.76153380
v 4.42249671 -5.41252756 -11.81164748
v 3.46435920 -5.25994492 -10.96451003
v 3.44794074 -5.30945301 -10.98710829
v 3.42537299 -5.35137224 -11.01817137
v 3.39782325 -5.38353395 -11.05608947
v 3.36671439 -5.40427685 -11.09890563
v 3.33365623 -5.41252756 -11.14440734
v 2.51983634 -5.25994492 -10.15781600
v 2.50008765 -5.30945301 -10.17756469
v 2.47293845 -5.35137224 -10.20471389
v 2.43979636 -5.38353395 -10.23785598
v 2.40237418 -5.40427685 -10.27527816
v 2.36260215 -5.41252756 -10.31505019
v 1.71314231 -5.25994492 -9.21329314
v 1.69054404 -5.30945301 -9.22971160
v 1.65948097 -5.35137224 -9.25227935
v 1.62156287 -5.38353395 -9.27982909
v 1.57874671 -5.40427685 -9.31093795
v 1.53324500 -5.41252756 -9.34399611
v 1.06413261 -5.25994492 -8.15420729
v 1.03924552 -5.30945301 -8.16688735
v 1.00503532 -5.35137224 -8.18431670
v 0.96327201 -5.38353395 -8.20559508
v 0.91611854 -5.40427685 -8.22962386
v 0.86600486 -5.41252756 -8.25515563
v 0.58879081 -5.25994492 -7.00663287
v 0.56222526 -5.30945301 -7.01526553
v 0.52571098 -5.35137224 -7.02712924
v 0.48113624 -5.38353395 -7.04161364
v 0.43080131 -5.40427685 -7.05796725
v 0.37731162 -5.41252756 -7.07534701
v 0.29882041 -5.25994492 -5.79882533
v 0.20136634 -5.25994492 -4.56052882
v 0.27123252 -5.30945301 -5.80319506
v 0.17343513 -5.30945301 -4.56052882
v 0.23331443 -5.35137224 -5.80920130
v 0.18701926 -5.38353395 -5.81653315
v 0.13474647 -5.40427685 -5.82481295
v 0.07919685 -5.41252756 -5.83361155
v 8.11712543 -4.36959982 5.35421651
v 9.38322726 -4.41759920 5.05646795
v 8.11712543 -4.39811850 5.08605092
v 8.11712543 -4.41759920 5.13945287
v 9.39059154 -4.42451239 5.11240667
v 8.11712543 -4.42451239 5.19587415
v 9.39796916 -4.41850090 5.16844838
v 8.11712543 -4.41850090 5.25240033
v 9.40498058 -4.39987612 5.22169584
v 8.11712543 -4.39987612 5.30610555
v 9.41125957 -4.36959982 5.26939481
v 10.64226810 -4.42451239 4.86343282
v 10.65689937 -4.41850090 4.91803258
v 10.67079822 -4.39987612 4.96990865
v 10.68325130 -4.36959982 5.01637929
v 11.85073940 -4.42451239 4.45321363
v 11.87237064 -4.41850090 4.50543493
v 11.89292423 -4.39987612 4.55505269
v 11.91133395 -4.36959982 4.59950155
v 12.12445918 -4.39811850 4.21430867
v 12.14664356 -4.41759920 4.26288503
v 12.17008296 -4.42451239 4.31420797
v 12.19356433 -4.41850090 4.36562627
v 12.21587459 -4.39987612 4.41447919
v 12.23585979 -4.36959982 4.45824140
v 13.02359096 -4.41850090 3.93771642
v 13.05044261 -4.39987612 3.98422712
v 13.07449809 -4.36959982 4.02589315
v 13.33245937 -4.39811850 3.55469030
v 13.36133090 -4.41759920 3.59961408
v 13.39183513 -4.42451239 3.64708036
v 13.42239467 -4.41850090 3.69463247
v 13.45143214 -4.39987612 3.73981374
v 13.47744266 -4.36959982 3.78028577
v 14.09085742 -4.41850090 3.22459119
v 14.12355319 -4.39987612 3.26719945
v 14.15284053 -4.36959982 3.30536741
v 14.43429271 -4.39811850 2.72986882
v 14.46926204 -4.41759920 2.77022832
v 14.50621120 -4.42451239 2.81286901
v 14.54322711 -4.41850090 2.85558790
v 14.57839671 -4.39987612 2.89617627
v 14.60990230 -4.36959982 2.93253606
v 15.05591480 -4.41850090 2.37826055
v 15.09389011 -4.39987612 2.41623586
v 15.12790958 -4.36959982 2.45025533
v 15.40752307 -4.39811850 1.75663846
v 15.44788257 -4.41759920 1.79160779
v 15.49052325 -4.42451239 1.82855695
v 15.53324214 -4.41850090 1.86557287
v 15.57383052 -4.39987612 1.90074247
v 15.61019031 -4.36959982 1.93224805
v 15.90224544 -4.41850090 1.41320318
v 15.94485370 -4.39987612 1.44589895
v 15.98302165 -4.36959982 1.47518628
v 16.23234454 -4.39811850 0.65480512
v 16.27726833 -4.41759920 0.68367666
v 16.32473460 -4.42451239 0.71418088
v 16.37228671 -4.41850090 0.74474042
v 16.41746799 -4.39987612 0.77377790
v 16.45794002 -4.36959982 0.79978841
v 16.61537067 -4.41850090 0.34593671
v 16.66188136 -4.39987612 0.37278837
v 16.70354739 -4.36959982 0.39684385
v 16.89196292 -4.39811850 -0.55319506
v 16.94053928 -4.41759920 -0.53101069
v 16.99186221 -4.42451239 -0.50757128
v 17.04328052 -4.41850090 -0.48408992
v 17.09213344 -4.39987612 -0.46177966
v 17.13589565 -4.36959982 -0.44179446
v 17.37295047 -4.39811850 -1.84277255
v 17.42418948 -4.41759920 -1.82772738
v 17.47832576 -4.42451239 -1.81183154
v 17.53256122 -4.41850090 -1.79590708
v 17.58409206 -4.39987612 -1.78077609
v 17.63025371 -4.36959982 -1.76722247
v 17.66551677 -4.39811850 -3.18767649
v 17.71837512 -4.41759920 -3.18007762
v 17.77422229 -4.42451239 -3.17204768
v 17.83017246 -4.41850090 -3.16400248
v 17.88333217 -4.39987612 -3.15635974
v 17.93095294 -4.36959982 -3.14951236
v 4.69154731 -4.36959982 5.35421651
v 4.69154731 -4.39987612 5.30610555
v 4.69154731 -4.41850090 5.25240033
v 4.69154731 -4.42451239 5.19587415
v 4.69154731 -4.41759920 5.13945287
v 4.69154731 -4.39811850 5.08605092
v -1.79761895 -4.36959982 10.14858526
v -1.74951180 -4.39987612 10.14858526
v -1.69580468 -4.41850090 10.14858526
v -1.63927850 -4.42451239 10.14858526
v -1.58285531 -4.41759920 10.14858526
v -1.52945336 -4.39811850 10.14858526
v 4.31875602 -4.15841913 5.06515783
v 4.33770744 -4.20521593 5.04229253
v 4.50662986 -4.32419157 4.98313230
v 4.53892509 -4.36322927 5.30754751
v 4.53149406 -4.39393377 5.20209211
v 4.47256080 -4.36644459 5.15874952
v 4.42306510 -4.33013296 5.12228673
v 4.36766425 -4.24706841 5.02173131
v 4.40716163 -4.28191900 5.00448697
v 4.47983543 -4.34533691 5.04919523
v 4.45425407 -4.30805492 4.99140638
v -1.50856408 -4.15841913 10.52137273
v -1.48569497 -4.20521593 10.50242513
v -1.42653664 -4.32419157 10.33350271
v -1.43481072 -4.30805492 10.38587468
v -1.56933602 -4.33283424 10.41409963
v -1.46513375 -4.24706841 10.47246450
v -1.44789132 -4.28191900 10.43297094
v -1.60661324 -4.37007618 10.36139196
v -1.73639687 -4.38372755 10.27196782
v -1.63066491 -4.39908028 10.29696935
v 4.31995765 -4.22617674 4.53842824
v 4.33883659 -4.26571608 4.57251256
v 4.45541755 -4.35230589 4.64828008
v 4.50786201 -4.36574173 4.66055005
v 4.38560477 -4.23174477 4.80699247
v 4.40827934 -4.33037472 4.62882703
v 4.36877052 -4.30102873 4.60315030
v -1.35160073 -4.23292875 10.45450109
v -1.40504082 -4.24526119 10.45423406
v 4.50813285 -4.38267756 4.64051717
v 4.45569221 -4.36910963 4.62839978
v 4.40855399 -4.34697199 4.60918706
v 4.33911506 -4.28172207 4.55357641
v 4.36904517 -4.31735611 4.58383077
v 4.32023231 -4.24182606 4.51991933
v 4.38762275 -4.32754850 4.60372060
v 4.38753120 -4.32205868 4.61021703
v -1.08392342 -4.38267756 10.33199971
v -1.07180413 -4.36910963 10.38444036
v -1.05258950 -4.34697199 10.43157476
v -1.02723321 -4.31735611 10.47108358
v -0.99697884 -4.28172207 10.50101751
v -0.96332177 -4.24182606 10.51990026
v -1.05361947 -4.32205868 10.45260137
v -1.04712304 -4.32754850 10.45250982
v 4.32667915 -4.60521841 4.34673780
v 4.34517280 -4.60581779 4.39956182
v 4.51474754 -4.60521841 4.53480809
v 4.46192542 -4.60581779 4.51631254
v 4.38939658 -4.41060972 4.52831167
v 4.39141837 -4.50389194 4.48417180
v 4.41453544 -4.60612488 4.48652929
v 4.37495795 -4.60612488 4.44694989
v -0.79014214 -4.60521841 10.51345342
v -0.84296426 -4.60581779 10.49495595
v -0.97821053 -4.60521841 10.32538503
v -0.95971688 -4.60581779 10.37820714
v -0.92757424 -4.50389194 10.44871419
v -0.89035424 -4.60612488 10.46517461
v -0.92993172 -4.60612488 10.42559713
v -0.97171410 -4.41060972 10.45073598
v 4.51781074 -4.78067875 4.53174489
v 4.46498481 -4.78127813 4.51324933
v 4.41759864 -4.78158569 4.48346608
v 4.37802116 -4.78158569 4.44388860
v 4.34823600 -4.78127813 4.39650052
v 4.32974235 -4.78067875 4.34367650
v -0.97514733 -4.78067875 10.32232183
v -0.95665368 -4.78127813 10.37514394
v -0.92686852 -4.78158569 10.42253392
v -0.88729104 -4.78158569 10.46211141
v -0.83990487 -4.78127813 10.49189657
v -0.78707894 -4.78067875 10.51039022
v 4.70396034 -4.97926331 4.52867978
v 4.70396034 -5.11474562 4.44373601
v 4.53625861 -5.00259209 4.49128431
v 4.70396034 -5.03025866 4.51046842
v 4.70396034 -5.07613707 4.48170560
v 4.50942603 -4.98253822 4.48902028
v 4.48511497 -4.95987749 4.48639196
v 4.46119300 -4.93207550 4.48310750
v -0.97208413 -4.97926331 10.13617223
v -0.88713845 -5.11474562 10.13617223
v -0.92559060 -4.92419195 10.38490957
v -0.92867669 -4.95038176 10.36387151
v -0.93093499 -4.96967268 10.34514898
v -0.93344125 -4.99133158 10.31970495
v -0.93523034 -5.00687313 10.29731267
v -0.92510995 -5.07613707 10.13617223
v -0.95387276 -5.03025866 10.13617223
v 8.11712543 -4.97926331 4.52867978
v 8.11712543 -5.03025866 4.51046842
v 8.11712543 -5.07613707 4.48170560
v 8.11712543 -5.11474562 4.44373601
v 17.11381999 -4.97926331 -3.26699931
v 17.09579364 -5.03025866 -3.26959140
v 17.06732265 -5.07613707 -3.27368457
v 17.02974025 -5.11474562 -3.27908808
v 16.83815662 -4.97926331 -1.99980265
v 16.82068530 -5.03025866 -2.00493342
v 16.79308597 -5.07613707 -2.01303775
v 16.75665561 -5.11474562 -2.02373416
v 16.38496104 -4.97926331 -0.78473384
v 16.36839572 -5.03025866 -0.79230029
v 16.34223071 -5.07613707 -0.80424983
v 16.30769435 -5.11474562 -0.82002169
v 15.76345531 -4.97926331 0.35346883
v 15.74813548 -5.03025866 0.34362310
v 15.72393695 -5.07613707 0.32807248
v 15.69199649 -5.11474562 0.30754560
v 14.98629085 -4.97926331 1.39163678
v 14.97252933 -5.03025866 1.37971204
v 14.95078937 -5.07613707 1.36087507
v 14.92209522 -5.11474562 1.33601087
v 14.06929103 -4.97926331 2.30863660
v 14.05736629 -5.03025866 2.29487508
v 14.03852931 -5.07613707 2.27313512
v 14.01366512 -5.11474562 2.24444097
v 13.03112308 -4.97926331 3.08580106
v 13.02127734 -5.03025866 3.07048124
v 13.00572673 -5.07613707 3.04628270
v 12.98519984 -5.11474562 3.01434224
v 11.89292041 -4.97926331 3.70730680
v 11.88535396 -5.03025866 3.69074147
v 11.87340442 -5.07613707 3.66457647
v 11.85763255 -5.11474562 3.63004010
v 10.67785159 -4.97926331 4.16050237
v 10.67272083 -5.03025866 4.14303106
v 10.66461650 -5.07613707 4.11543172
v 10.65392009 -5.11474562 4.07900136
v 9.41065494 -4.97926331 4.43616575
v 9.40806285 -5.03025866 4.41813939
v 9.40396968 -5.07613707 4.38966840
v 9.39856616 -5.11474562 4.35208600
f 8892 1062 1049
f 6038 8672 8890
f 8890 8672 8891
f 8670 1057 1056
f 8670 1056 1054
f 8889 2591 8888
f 8888 2591 2594
f 1049 1046 2589
f 2589 1046 1048
f 2504 8871 2491
f 8871 8875 8887
f 8871 8887 2491
f 8875 8876 8886
f 8875 8886 8887
f 8876 8878 8885
f 8876 8885 8886
f 8878 8873 8884
f 8878 8884 8885
f 8873 8872 8883
f 8873 8883 8884
f 8872 8655 8882
f 8872 8882 8883
f 8655 8649 8882
f 8893 8670 8892
f 8651 8650 8882
f 8882 8650 8883
f 8660 8662 8899
f 8662 8664 8898
f 8662 8898 8899
f 8887 2489 2491
f 8664 8666 8898
f 8897 8896 2494
f 2494 8896 2493
f 8896 2385 2493
f 8893 8891 8672
f 8892 1063 1062
f 8893 2591 8889
f 8893 8892 2591
f 8893 8672 8670
f 8893 8889 8895
f 8893 8895 8894
f 8893 8894 8891
f 8892 8670 1054
f 8892 1049 2589
f 8892 2589 2591
f 8892 1054 1063
f 1043 2530 1044
f 8874 2528 2527
f 8874 2527 2540
f 8874 2540 2539
f 8874 8876 8875
f 8874 8875 8871
f 1051 8665 1052
f 8665 8663 1052
f 1045 2530 1043
f 1045 2531 2530
f 8653 8655 8872
f 8653 8872 8873
f 8874 8871 2528
f 8871 2504 2528
f 2502 8850 8861
f 2502 8861 2470
f 8850 8854 8867
f 8850 8867 8861
f 8854 8855 8868
f 8854 8868 8867
f 8855 8857 8870
f 8855 8870 8868
f 8857 8852 8863
f 8880 2539 2531
f 8881 8880 1059
f 8881 8879 8880
f 8881 8654 8879
f 8881 8663 8661
f 8881 8661 8659
f 8881 8659 8657
f 8881 8657 8654
f 8881 1059 1053
f 8881 1053 1052
f 8880 8879 2539
f 8880 2531 1045
f 8881 1052 8663
f 8880 1045 1060
f 8880 1060 1059
f 8879 8874 2539
f 8879 8654 8877
f 8879 8877 8874
f 8877 8876 8874
f 8877 8653 8873
f 8877 8873 8878
f 8877 8878 8876
f 8877 8654 8653
f 8918 8902 8899
f 8918 8899 8668
f 8918 8671 8917
f 8918 2386 8897
f 8918 8915 2389
f 8918 2389 2387
f 8918 2387 2386
f 8918 8917 8920
f 8918 8920 8919
f 8918 8919 8915
f 8918 8668 8669
f 8918 8669 8671
f 2598 8911 2600
f 8918 8901 8902
f 8918 8897 8901
f 8666 8667 8898
f 8898 8667 8899
f 8667 8668 8899
f 8897 2383 8896
f 8897 2386 2383
f 8671 8673 8917
f 8896 2383 2385
f 8673 6041 8916
f 8673 8916 8917
f 8925 2598 2596
f 8926 8925 2596
f 8926 2590 8922
f 8926 8646 8925
f 8926 8648 8646
f 8926 8922 8928
f 8926 8928 8927
f 8926 8927 8924
f 8926 2596 2590
f 8925 8644 8907
f 8925 8909 2598
f 8925 8646 8644
f 2389 8915 2391
f 8925 8910 8909
f 8925 8908 8910
f 8925 8907 8908
f 6037 8648 8923
f 8923 8648 8924
f 8644 8906 8907
f 8644 6039 8906
f 8922 2590 8921
f 8921 2590 2588
f 8909 8911 2598
f 8903 8900 2500
f 8905 8904 8885
f 8905 8650 8652
f 8905 8884 8883
f 8905 8885 8884
f 8904 2489 8887
f 8904 8903 2499
f 8904 2499 2492
f 8904 2492 2489
f 8904 8886 8885
f 8904 8887 8886
f 8903 8658 8900
f 8905 8652 8903
f 8903 2500 2499
f 8903 8652 8656
f 8903 8656 8658
f 8900 8660 8899
f 8900 8897 2494
f 8900 2494 2500
f 8900 8899 8902
f 8900 8902 8901
f 8900 8901 8897
f 8900 8658 8660
f 8888 8911 8909
f 8915 8914 2391
f 2391 8914 2406
f 8913 8895 8912
f 8913 8912 8894
f 8913 8894 8895
f 8912 8895 8910
f 8912 8908 8894
f 8912 8910 8908
f 2594 8911 8888
f 2594 2600 8911
f 8888 8909 8889
f 8649 8651 8882
f 8889 8910 8895
f 8889 8909 8910
f 8894 8908 8891
f 8908 8907 8891
f 8891 8907 8890
f 8907 8906 8890
f 8890 8906 6038
f 8906 6039 6038
f 8905 8903 8904
f 8905 8883 8650
f 8837 8836 2592
f 8840 8825 8826
f 6017 8642 8829
f 8829 8642 8828
f 8642 8640 8828
f 8825 2599 8824
f 8825 2597 2599
f 8636 8634 8839
f 8824 2599 2601
f 8634 8632 8838
f 8634 8838 8839
f 2593 8837 2592
f 8840 8826 8827
f 2592 8836 2513
f 2405 8835 8817
f 2405 8817 2408
f 8835 8834 8818
f 8835 8818 8817
f 8834 8833 8823
f 8834 8823 8818
f 8833 8832 8822
f 8833 8822 8823
f 8832 8831 8819
f 8832 8819 8822
f 8840 8636 8839
f 8633 8635 8845
f 8844 2397 8843
f 8844 2396 2397
f 8639 8641 8831
f 8843 2397 2400
f 8641 8830 8831
f 8641 6014 8830
f 2401 8834 2403
f 8834 8835 2403
f 2403 8835 2405
f 8840 8828 8640
f 8831 8830 8820
f 8840 2597 8825
f 8840 8837 2593
f 8840 2593 2595
f 8840 2595 2597
f 8840 8839 8842
f 8840 8842 8841
f 8840 8841 8837
f 8840 8640 8638
f 8840 8638 8636
f 8840 8827 8828
f 8818 2409 8817
f 8821 8818 8823
f 8821 8823 8822
f 8821 8822 8819
f 8821 2419 2416
f 8821 2416 2411
f 8821 8806 8800
f 8821 8807 8806
f 8821 8809 8807
f 6016 8585 8820
f 8820 8585 8819
f 8585 8587 8819
f 8821 8589 8591
f 8818 2411 2409
f 8591 8593 8809
f 8817 2409 2408
f 8593 8801 8809
f 8593 8598 8801
f 2419 8800 2423
f 8800 8799 2423
f 2423 8799 2424
f 8814 8792 8592
f 8814 8588 8813
f 8826 8825 8811
f 8831 8820 8819
f 8830 6014 6016
f 8830 6016 8820
f 6017 8829 8812
f 6017 8812 6015
f 8829 8828 8813
f 8829 8813 8812
f 8828 8827 8816
f 8828 8816 8813
f 8827 8826 8815
f 8827 8815 8816
f 8846 8633 8845
f 8826 8811 8815
f 8825 8824 8810
f 8825 8810 8811
f 8824 2601 2612
f 8824 2612 8810
f 8821 8819 8587
f 8821 8591 8809
f 8821 2411 8818
f 8821 8800 2419
f 8821 8587 8589
f 8627 8846 8845
f 8864 8844 2482
f 8864 8623 8625
f 8864 2482 2481
f 8864 8849 8844
f 8864 8848 8849
f 8864 8845 8848
f 8614 8616 8862
f 8616 8615 8862
f 8862 8615 8863
f 8625 8627 8845
f 8627 8629 8846
f 8864 8625 8845
f 8861 2469 2470
f 8629 8631 8846
f 8844 8843 2482
f 2482 8843 2472
f 8843 2400 2472
f 8860 8838 8628
f 8860 8858 8859
f 8860 8859 8842
f 8860 8619 8858
f 8860 8628 8626
f 8860 8626 8624
f 8866 8865 2480
f 8852 8851 8862
f 8852 8862 8863
f 8851 8618 8862
f 8618 8614 8862
f 8869 8865 8866
f 8869 8863 8615
f 8869 8617 8865
f 8869 8866 8868
f 8869 8615 8617
f 8869 8868 8870
f 8869 8870 8863
f 8860 8624 8622
f 8866 2469 8861
f 8866 8861 8867
f 8866 8867 8868
f 8866 2480 2479
f 8866 2479 2469
f 8865 8623 8864
f 8865 8864 2481
f 8865 8617 8620
f 8865 8620 8623
f 8865 2481 2480
f 8847 8635 8637
f 8630 8628 8838
f 8837 2514 8836
f 8837 2519 2514
f 8621 8618 8851
f 8621 8851 8852
f 8836 2514 2513
f 8850 2502 2510
f 8847 8845 8635
f 8847 8639 8831
f 8847 2396 8844
f 8847 8834 2401
f 8632 8630 8838
f 8847 8637 8639
f 8847 8844 8849
f 8847 8849 8848
f 8847 8848 8845
f 8847 2401 2398
f 8847 2398 2396
f 8847 8833 8834
f 8847 8832 8833
f 8847 8831 8832
f 8631 8633 8846
f 8856 8855 8853
f 8860 8622 8619
f 8860 8839 8838
f 8860 8842 8839
f 8859 8858 2520
f 8859 2519 8837
f 8859 2520 2519
f 8859 8841 8842
f 8859 8837 8841
f 8858 8853 2520
f 8858 8619 8856
f 8858 8856 8853
f 8857 8863 8870
f 8856 8621 8852
f 8856 8852 8857
f 8856 8857 8855
f 8856 8619 8621
f 8853 8850 2510
f 8853 2510 2522
f 8853 2522 2521
f 8853 2521 2520
f 8853 8855 8854
f 8853 8854 8850
f 9003 9001 8349
f 9009 9010 9008
f 9009 9007 8349
f 9009 8349 8348
f 9007 9005 8349
f 9007 9008 9006
f 9007 9006 9005
f 9005 9004 9003
f 9005 9003 8349
f 9005 9006 9004
f 9003 9004 9002
f 9003 9002 9001
f 9009 8348 9010
f 9001 9002 9000
f 9001 9000 8999
f 9001 8999 8349
f 8999 2692 2752
f 8999 9000 2692
f 8986 2008 8987
f 8987 2008 8988
f 8988 2008 8989
f 8989 2008 8990
f 8990 2008 2007
f 8351 8477 2012
f 9014 8349 9013
f 9019 9018 8362
f 9019 8361 9018
f 9018 8361 9017
f 9018 9017 8362
f 9017 2744 8362
f 9017 8361 2744
f 9016 9015 8361
f 9016 8349 9015
f 9016 8361 8349
f 9015 9014 8361
f 9015 8349 9014
f 8477 8473 2015
f 9014 9013 8361
f 9013 9012 8361
f 9013 8349 9012
f 9012 9011 8361
f 9012 8349 9011
f 9011 2752 2748
f 9011 8349 8999
f 9011 8999 2752
f 9011 2748 8361
f 9009 9008 9007
f 8974 8978 8989
f 8995 1040 1027
f 5893 8345 8993
f 8993 8345 8994
f 8343 1035 1034
f 8343 1034 1032
f 8992 3102 8991
f 8991 3102 3111
f 1027 1024 3099
f 3099 1024 1026
f 3014 8974 8990
f 3014 8990 2007
f 8995 1041 1040
f 8974 8989 8990
f 8978 8979 8988
f 8978 8988 8989
f 8979 8981 8988
f 8981 8976 8986
f 8981 8986 8987
f 8981 8987 8988
f 8976 8975 8985
f 8976 8985 8986
f 8975 8334 8985
f 8996 8343 8995
f 8473 8469 2018
f 8469 8465 2021
f 2057 8416 2060
f 2060 8412 2063
f 2063 8408 2066
f 2066 8404 2067
f 8397 8393 2712
f 8393 8389 2716
f 2737 8362 2744
f 2744 8361 2748
f 8996 8994 8345
f 9020 8361 9019
f 8996 3102 8992
f 8996 8995 3102
f 8996 8345 8343
f 8996 8992 8998
f 8996 8998 8997
f 8996 8997 8994
f 8995 8343 1032
f 8995 1027 3099
f 8995 3099 3102
f 8995 1032 1041
f 9047 9044 9043
f 9054 9047 9053
f 9054 9048 9047
f 9053 9047 9052
f 9052 9047 9051
f 9051 9047 9050
f 9050 9047 2725
f 9049 9045 9048
f 9049 9046 9045
f 9049 8377 9046
f 9048 9044 9047
f 9048 9045 9044
f 9055 9048 9054
f 9047 9043 9042
f 9047 9042 9041
f 9047 9041 2732
f 9047 2732 2725
f 9046 9039 9045
f 9046 9040 9039
f 9046 8372 9040
f 9046 8377 8372
f 9045 9039 9038
f 9045 9038 9044
f 9044 9038 9043
f 9057 9053 9056
f 9064 8378 9058
f 9064 9058 9057
f 9064 8385 8378
f 9063 9056 9062
f 9063 9057 9056
f 9062 9056 9061
f 9061 9056 9060
f 9060 9056 9059
f 9059 9056 2724
f 9058 8378 9055
f 9058 9055 9057
f 9043 9038 9042
f 9057 9054 9053
f 9057 9055 9054
f 9056 9051 9050
f 9056 9050 2725
f 9056 2725 2724
f 9056 9052 9051
f 9056 9053 9052
f 9055 9049 9048
f 9055 8377 9049
f 9055 8378 8377
f 9027 8362 9026
f 9031 9027 9030
f 9031 9028 9027
f 9030 9026 9029
f 9030 9027 9026
f 9029 9025 9024
f 9029 9026 9025
f 9029 9023 2737
f 9029 2737 2736
f 9029 9024 9023
f 9028 8369 8362
f 9028 8362 9027
f 9031 8369 9028
f 9026 8362 9025
f 9025 8362 9024
f 9024 8362 9023
f 9023 8362 2737
f 9022 9021 8362
f 9022 8362 8361
f 9022 8361 9021
f 9021 9020 8362
f 9021 8361 9020
f 9020 9019 8362
f 9038 9032 2736
f 9042 9038 9041
f 9041 9038 2732
f 9040 9036 9039
f 9040 9037 9036
f 9040 8372 9037
f 9039 9035 9038
f 9039 9036 9035
f 9038 2736 2732
f 9038 9035 9034
f 9038 9033 9032
f 9038 9034 9033
f 8975 8333 8334
f 9037 8369 9031
f 9037 9031 9030
f 9037 9030 9036
f 9037 8372 8369
f 9036 9029 9035
f 9036 9030 9029
f 9035 9029 9034
f 9034 9029 9033
f 9033 9029 9032
f 9032 9029 2736
f 6030 8951 6031
f 8953 8952 8955
f 8953 8955 8954
f 8953 8954 8951
f 8953 2525 2524
f 2517 2515 8937
f 8937 2515 8938
f 2515 2516 8938
f 8941 6035 8942
f 8942 6035 6036
f 2524 2511 8952
f 2511 2503 8952
f 8953 6032 6033
f 8951 6029 6031
f 8950 8930 8643
f 8950 2402 8933
f 8950 8947 2399
f 8950 8645 8947
f 8950 2399 2402
f 8950 8643 8645
f 8950 8931 8930
f 8950 8932 8931
f 8950 8933 8932
f 8947 8647 8946
f 8958 8939 8938
f 8946 8945 8959
f 8946 8959 8960
f 8945 6027 8959
f 8945 6028 6027
f 8958 8957 6033
f 8958 8938 2516
f 8958 6035 8941
f 8958 2526 8957
f 8958 6033 6034
f 8958 6034 6035
f 8958 2516 2526
f 8947 8944 2393
f 8958 8940 8939
f 8958 8941 8940
f 8957 2525 8956
f 8957 8956 6033
f 8957 2526 2525
f 8956 8953 6033
f 8956 2525 8953
f 8953 2524 8952
f 8953 8951 6030
f 8953 6030 6032
f 2406 8914 8934
f 8922 8921 8937
f 8922 8937 8938
f 8921 2517 8937
f 8921 2588 2517
f 8936 8932 8919
f 8936 8920 8931
f 8936 8919 8935
f 8936 8935 8920
f 8936 8931 8932
f 8935 8919 8920
f 2404 2406 8934
f 8928 8938 8939
f 8934 8914 8933
f 8914 8915 8933
f 8933 8915 8932
f 8915 8919 8932
f 8931 8917 8930
f 8931 8920 8917
f 8930 8916 8929
f 8930 8917 8916
f 8929 6041 6040
f 8929 8916 6041
f 8944 8943 2393
f 8947 2393 2399
f 8947 8946 8949
f 8947 8949 8948
f 8947 8948 8944
f 8947 8645 8647
f 6040 8643 8929
f 8929 8643 8930
f 8647 6028 8945
f 8647 8945 8946
f 8933 2402 8934
f 8934 2402 2404
f 8949 8960 8961
f 2393 8943 2394
f 6037 8923 8942
f 6037 8942 6036
f 8923 8924 8941
f 8923 8941 8942
f 8924 8927 8940
f 8924 8940 8941
f 8927 8928 8939
f 8927 8939 8940
f 8928 8922 8938
f 8331 8975 8976
f 8977 8974 3013
f 8977 3013 3012
f 8977 3012 3028
f 8977 3028 3027
f 8977 8979 8978
f 8977 8978 8974
f 1029 8340 1030
f 8340 8339 1030
f 1023 3016 1021
f 1023 3017 3016
f 8331 8333 8975
f 8980 8332 8331
f 1021 3016 1022
f 8974 3014 3013
f 8973 8972 6021
f 8973 8965 2477
f 8973 2476 8972
f 8973 6020 8968
f 8973 2477 2476
f 8973 8966 8965
f 8973 8967 8966
f 8973 8968 8967
f 8973 6021 6020
f 8983 3017 1023
f 8984 1030 8339
f 8984 8983 1037
f 8984 8982 8983
f 8984 8332 8982
f 8984 8339 8338
f 8984 8338 8337
f 8984 8337 8335
f 8984 8335 8332
f 8984 1037 1031
f 8984 1031 1030
f 8983 8982 3027
f 8972 2475 8971
f 8983 3027 3017
f 8983 1023 1038
f 8983 1038 1037
f 8982 8977 3027
f 8982 8332 8980
f 8982 8980 8977
f 8980 8979 8977
f 8980 8331 8976
f 8980 8976 8981
f 8980 8981 8979
f 8952 8965 8966
f 8960 8959 6025
f 6025 8959 6026
f 8959 6027 6026
f 6029 8951 8968
f 6029 8968 6018
f 8951 8954 8968
f 8954 8955 8967
f 8954 8967 8968
f 8955 8952 8966
f 8955 8966 8967
f 8952 2503 8965
f 6024 8960 6025
f 2503 2468 8965
f 2394 8943 8964
f 2394 8964 2395
f 8943 8944 8963
f 8943 8963 8964
f 8944 8948 8962
f 8944 8962 8963
f 8948 8949 8961
f 8948 8961 8962
f 8949 8946 8960
f 8969 2474 2471
f 8972 8971 6022
f 8972 2476 2475
f 8972 6022 6021
f 8971 2475 8970
f 8971 8970 6022
f 8970 8969 6023
f 8970 2475 8969
f 8970 6023 6022
f 8969 2471 8963
f 8969 8960 6024
f 8969 2475 2474
f 8926 8924 8648
f 8969 6024 6023
f 8969 8961 8960
f 8969 8962 8961
f 8969 8963 8962
f 2468 2467 8965
f 2467 2477 8965
f 8968 6020 6019
f 8968 6019 6018
f 2471 8964 8963
f 2471 2395 8964
f 8618 8619 8614
f 8626 8628 8627
f 8627 8628 8629
f 8624 8626 8625
f 8625 8626 8627
f 8622 8624 8623
f 8623 8624 8625
f 8619 8622 8620
f 8620 8622 8623
f 8614 8619 8617
f 8621 8619 8618
f 8617 8619 8620
f 8629 8630 8631
f 8614 8617 8615
f 8614 8615 8616
f 8610 8612 8594
f 8594 8612 8595
f 8613 8612 8611
f 8611 8612 8610
f 8609 8610 8594
f 8607 8609 8608
f 8608 8609 8594
f 8605 8607 8606
f 8606 8607 8608
f 8638 8640 8639
f 8648 6037 6028
f 8646 8648 8647
f 8647 8648 6028
f 8644 8646 8645
f 8645 8646 8647
f 6039 8644 8643
f 8643 8644 8645
f 6040 6039 8643
f 8642 6017 6014
f 8640 8642 8641
f 8641 8642 6014
f 8603 8605 8604
f 8639 8640 8641
f 8636 8638 8637
f 8637 8638 8639
f 8634 8636 8635
f 8635 8636 8637
f 8632 8634 8633
f 8633 8634 8635
f 8630 8632 8631
f 8631 8632 8633
f 8628 8630 8629
f 8570 8572 8571
f 8581 8582 8583
f 6054 8580 8579
f 8579 8580 8581
f 6043 6054 8579
f 8575 8577 8559
f 8559 8577 8560
f 8578 8577 8576
f 8576 8577 8575
f 8574 8575 8559
f 8572 8574 8573
f 8573 8574 8559
f 8580 8582 8581
f 8571 8572 8573
f 8568 8570 8569
f 8569 8570 8571
f 8566 8568 8567
f 8567 8568 8569
f 8564 8566 8565
f 8565 8566 8567
f 8562 8564 8563
f 8563 8564 8565
f 8557 8562 8558
f 8591 8592 8593
f 8604 8605 8606
f 8601 8603 8602
f 8602 8603 8604
f 8599 8601 8600
f 8600 8601 8602
f 8597 8599 8598
f 8598 8599 8600
f 8592 8597 8593
f 8593 8597 8598
f 8594 8595 8596
f 8590 8592 8591
f 8649 8650 8651
f 8588 8590 8589
f 8589 8590 8591
f 8586 8588 8587
f 8587 8588 8589
f 6015 8586 8585
f 8585 8586 8587
f 6016 6015 8585
f 8584 6064 6063
f 8582 8584 8583
f 8583 8584 6063
f 8689 8573 8559
f 8677 8676 8691
f 8677 8691 8692
f 8676 8577 8691
f 8676 8560 8577
f 8689 8679 8567
f 8689 8686 8688
f 8689 8685 8686
f 8689 8559 8685
f 8689 8567 8569
f 8689 8569 8571
f 8689 8571 8573
f 8684 8692 8693
f 8689 8688 8690
f 8689 8690 8679
f 8686 8685 2444
f 8686 2436 8678
f 8686 2444 2436
f 8686 8678 8687
f 8686 8687 8688
f 8685 8680 2444
f 8685 8559 8683
f 8685 8683 8680
f 8683 8682 8680
f 8678 8675 2429
f 8701 8690 8688
f 6062 8553 8700
f 8700 8553 8699
f 8553 8554 8699
f 8698 2413 8697
f 8698 2417 2413
f 8556 8558 8690
f 8697 2413 2412
f 8558 8679 8690
f 8558 8563 8679
f 2427 8678 2429
f 8683 8561 8677
f 2429 8675 2430
f 2434 8674 2554
f 8674 8681 8695
f 8674 8695 8696
f 8674 8696 2554
f 8681 8682 8694
f 8681 8694 8695
f 8682 8684 8693
f 8682 8693 8694
f 8684 8677 8692
f 8659 8661 8660
f 1055 1057 8668
f 8668 1057 8669
f 1050 1055 8667
f 8667 1055 8668
f 1051 1050 8666
f 8666 1050 8667
f 8665 1051 8666
f 8663 8665 8664
f 8664 8665 8666
f 8661 8663 8662
f 8662 8663 8664
f 8669 8670 8671
f 8660 8661 8662
f 8657 8659 8658
f 8658 8659 8660
f 8654 8657 8656
f 8656 8657 8658
f 8649 8654 8652
f 8652 8654 8656
f 8655 8654 8649
f 8653 8654 8655
f 8649 8652 8650
f 8678 2435 8675
f 8683 8677 8684
f 8683 8684 8682
f 8683 8559 8561
f 8680 8674 2433
f 8680 2433 2432
f 8680 2432 2445
f 8680 2445 2444
f 8680 8682 8681
f 8680 8681 8674
f 8563 8565 8679
f 8565 8567 8679
f 8558 8562 8563
f 8678 2436 2435
f 8561 8560 8676
f 8561 8676 8677
f 8675 2435 2430
f 8674 2434 2433
f 8672 6038 8673
f 8673 6038 6041
f 8670 8672 8671
f 8671 8672 8673
f 1057 8670 8669
f 8496 8497 8498
f 8497 8501 8498
f 5989 8482 8483
f 5989 8483 8484
f 5989 8484 8485
f 5989 8485 8486
f 5989 8486 5949
f 8498 5984 5982
f 8495 8497 8493
f 8493 8497 8500
f 8500 8497 8499
f 8499 8497 8496
f 8498 8501 5984
f 8494 8495 8493
f 8492 8494 8493
f 8491 8492 8489
f 8489 8492 8493
f 8490 8491 8489
f 8488 8490 8489
f 8487 8488 8489
f 8347 5948 8486
f 8486 5948 5949
f 8352 8347 8485
f 8485 8347 8486
f 8505 8508 8503
f 8510 8513 8509
f 5986 8513 5988
f 8509 8513 5986
f 8504 8512 8508
f 8507 8512 8506
f 8508 8512 8507
f 8506 8512 8510
f 8511 8512 8504
f 8506 8510 8509
f 8506 8509 5986
f 8504 8508 8505
f 8355 8352 8484
f 8503 8508 8507
f 8503 8507 8506
f 8503 8506 8502
f 8502 8506 8501
f 5984 8506 5986
f 8501 8506 5984
f 8497 8505 8503
f 8504 8505 8497
f 8497 8503 8502
f 8497 8502 8501
f 8468 8472 8467
f 8473 8476 8472
f 8472 8476 8475
f 8472 8475 8471
f 8470 8475 8474
f 8471 8475 8470
f 1444 8474 1438
f 1448 8474 1444
f 8470 8474 1448
f 8473 8472 8469
f 8467 8472 8471
f 8469 8472 8468
f 8477 8476 8473
f 8467 8471 8466
f 8466 8471 8470
f 1452 8470 1448
f 8466 8470 1452
f 8465 8468 8464
f 8464 8468 8463
f 8469 8468 8465
f 8463 8468 8467
f 8463 8467 8462
f 8462 8467 8466
f 8476 8480 8479
f 8484 8352 8485
f 8357 8355 8483
f 8483 8355 8484
f 8350 8357 8482
f 8482 8357 8483
f 8481 8350 8482
f 8348 8350 8481
f 8341 8480 8336
f 8336 8480 8351
f 8479 8480 8341
f 8351 8480 8476
f 8510 8514 8513
f 8344 8479 8342
f 8342 8479 8341
f 8478 8479 8344
f 8474 8479 8478
f 8476 8479 8475
f 8475 8479 8474
f 8346 8478 8344
f 1438 8478 8346
f 8474 8478 1438
f 8351 8476 8477
f 8538 8544 8543
f 8542 8549 6008
f 6008 8549 5989
f 8544 8548 8546
f 8539 8548 8544
f 8547 8548 8539
f 8543 8546 8545
f 8544 8546 8543
f 8543 8545 8541
f 8541 8545 8542
f 8540 8544 8538
f 8539 8544 8540
f 8545 8549 8542
f 8537 8543 8541
f 8538 8543 8537
f 8541 8542 6008
f 8537 8541 8536
f 8536 8541 6004
f 6004 8541 6008
f 8535 8540 8538
f 8531 8540 8535
f 8539 8540 8531
f 8533 8538 8537
f 8535 8538 8534
f 8551 8552 5989
f 8559 8560 8561
f 1079 8557 8556
f 8556 8557 8558
f 1077 1079 8555
f 8555 1079 8556
f 1072 1077 8554
f 8554 1077 8555
f 1075 1072 8553
f 8553 1072 8554
f 6062 1075 8553
f 8548 8552 8551
f 8534 8538 8533
f 8547 8552 8548
f 8481 8552 8547
f 5989 8552 8482
f 8482 8552 8481
f 8550 8551 5989
f 8546 8551 8550
f 8548 8551 8546
f 8549 8550 5989
f 8545 8550 8549
f 8546 8550 8545
f 8519 8520 8517
f 8520 8525 8523
f 8518 8525 8521
f 8521 8525 8520
f 8524 8525 8518
f 8520 8523 8522
f 8520 8522 5997
f 8519 8521 8520
f 8518 8521 8519
f 8516 8520 5988
f 8517 8520 8516
f 5988 8520 5997
f 8522 8526 5997
f 8514 8519 8513
f 8515 8519 8514
f 8513 8519 8517
f 8511 8519 8515
f 8518 8519 8511
f 8513 8517 8516
f 8513 8516 5988
f 8512 8515 8514
f 8511 8515 8512
f 8512 8514 8510
f 8527 8532 8526
f 8533 8537 8536
f 8533 8536 6004
f 8532 8535 8534
f 8531 8535 8532
f 8530 8534 8533
f 8532 8534 8530
f 8530 8533 8529
f 8529 8533 6000
f 6000 8533 6004
f 8526 8532 8530
f 8528 8532 8527
f 8701 8688 8687
f 8524 8532 8528
f 8531 8532 8524
f 8526 8530 8529
f 8526 8529 6000
f 8525 8528 8527
f 8524 8528 8525
f 8523 8527 8526
f 8525 8527 8523
f 5997 8526 6000
f 8523 8526 8522
f 8773 6059 6061
f 8776 8769 8770
f 8776 8768 8769
f 8776 6060 6057
f 8775 2578 8774
f 8775 8774 6061
f 8775 2579 2578
f 8775 6061 6060
f 8774 2578 8773
f 8774 8773 6061
f 8773 8772 6059
f 8773 2578 8772
f 8776 8770 8771
f 8772 2573 8763
f 8772 8766 6056
f 8772 2578 2577
f 8772 2577 2573
f 8772 6056 6059
f 8772 8765 8766
f 8772 8764 8765
f 8772 8763 8764
f 2568 2567 8771
f 2567 2580 8771
f 8768 6057 6058
f 8781 8780 8779
f 8790 8789 2585
f 2585 8789 2575
f 8789 2574 2575
f 2451 8787 8788
f 2451 8788 2570
f 8787 8785 8786
f 8787 8786 8788
f 8785 8783 8784
f 8785 8784 8786
f 8783 8781 8782
f 8783 8782 8784
f 8768 6058 6051
f 8781 8779 8782
f 8780 8778 8779
f 8778 8595 8777
f 8778 8777 8779
f 8595 8612 8777
f 8776 8775 6060
f 8776 8771 2580
f 8776 2579 8775
f 8776 6057 8768
f 8776 2580 2579
f 8761 6047 6046
f 8765 8751 8752
f 8764 8763 8747
f 8764 8747 8751
f 8763 8762 8746
f 8763 8746 8747
f 8762 2572 2604
f 8762 2604 8746
f 8761 8760 6047
f 8761 8744 2456
f 8761 6045 8741
f 8761 2465 8760
f 8765 8764 8751
f 8761 6046 6045
f 8761 2456 2465
f 8761 8743 8744
f 8761 8742 8743
f 8761 8741 8742
f 8760 2464 8759
f 8760 8759 6047
f 8760 2465 2464
f 8759 8756 6047
f 8759 2464 8756
f 8770 8757 8758
f 2573 8762 8763
f 2573 2572 8762
f 6056 8766 6055
f 8766 8767 6055
f 6055 8767 6052
f 8767 6053 6052
f 2568 8771 8755
f 2568 8755 2453
f 8771 8770 8758
f 8771 8758 8755
f 8770 8769 8757
f 8601 8599 8791
f 8769 8768 8754
f 8769 8754 8757
f 8768 6051 6042
f 8768 6042 8754
f 6053 8767 8748
f 6053 8748 6054
f 8767 8766 8749
f 8767 8749 8748
f 8766 8765 8752
f 8766 8752 8749
f 8805 8804 2459
f 8808 8801 8602
f 8808 8594 8804
f 8808 8805 8807
f 8808 8804 8805
f 8808 8602 8604
f 8808 8604 8606
f 8808 8606 8608
f 8808 8608 8594
f 8808 8807 8809
f 8808 8809 8801
f 8805 2458 8800
f 2610 8810 2612
f 8805 8800 8806
f 8805 8806 8807
f 8805 2459 2458
f 8804 8803 8802
f 8804 8594 8803
f 8804 8802 2459
f 8803 8596 8780
f 8803 8783 8802
f 8803 8594 8596
f 8803 8781 8783
f 8803 8780 8781
f 8599 8597 8791
f 8814 8811 2608
f 8814 2608 2606
f 8814 2606 2603
f 8814 8813 8816
f 8814 8816 8815
f 8814 8815 8811
f 8814 8592 8590
f 8814 8590 8588
f 8814 8795 8792
f 8814 8794 8795
f 8814 8790 8794
f 8802 8787 2450
f 8791 8597 8792
f 8597 8592 8792
f 8790 2602 8789
f 8790 2603 2602
f 8588 8586 8813
f 8789 2602 2574
f 8586 6015 8812
f 8586 8812 8813
f 2608 8811 2610
f 8811 8810 2610
f 8793 8792 8795
f 8797 2582 2569
f 8797 8786 8784
f 8797 8788 8786
f 8796 8607 8793
f 8796 8793 2584
f 8796 2584 2583
f 8796 8610 8609
f 8796 8609 8607
f 8793 8605 8792
f 8793 8790 2585
f 8793 2585 2584
f 8797 2583 2582
f 8793 8795 8794
f 8793 8794 8790
f 8793 8607 8605
f 8612 8613 8777
f 8613 8611 8777
f 8777 8611 8779
f 8605 8603 8792
f 8603 8601 8791
f 8603 8791 8792
f 8788 2569 2570
f 8799 2454 2424
f 8802 2450 2461
f 8802 2461 2460
f 8802 2460 2459
f 8802 8785 8787
f 8802 8783 8785
f 8598 8600 8801
f 8600 8602 8801
f 8800 2454 8799
f 8800 2458 2454
f 8596 8778 8780
f 8596 8595 8778
f 8756 2463 8755
f 8787 2451 2450
f 8798 8796 8797
f 8798 8779 8611
f 8798 8610 8796
f 8798 8797 8784
f 8798 8611 8610
f 8798 8782 8779
f 8798 8784 8782
f 8797 2569 8788
f 8797 8796 2583
f 8697 8717 8698
f 2613 1071 2614
f 1071 1068 2614
f 2614 1068 1070
f 8721 8703 8720
f 8721 8720 8702
f 8721 8702 8703
f 8720 8703 8718
f 8720 8716 8702
f 8720 8718 8716
f 2412 8719 8697
f 2412 2407 8719
f 8704 2613 2559
f 8697 8719 8717
f 8698 8718 8703
f 8698 8717 8718
f 8702 8716 8699
f 8716 8715 8699
f 8699 8715 8700
f 8715 8714 8700
f 8700 8714 6062
f 8714 6063 6062
f 8713 8711 8712
f 8713 8692 8576
f 8722 1078 1085
f 8725 2418 8724
f 8724 2418 2425
f 8717 8719 2410
f 2410 8719 2407
f 8723 8707 1078
f 8723 1078 8722
f 8723 1071 8705
f 8723 8722 1071
f 8723 8710 8707
f 8723 8709 8710
f 8723 8705 8709
f 8713 8575 8711
f 8722 1085 1084
f 8722 1084 1071
f 8564 8562 8706
f 8706 8562 8707
f 8562 1078 8707
f 8562 8557 1078
f 8557 1079 1076
f 8557 1076 1078
f 8705 2613 8704
f 8705 1071 2613
f 8701 8556 8690
f 8578 8576 8691
f 8691 8576 8692
f 8570 8568 8707
f 8568 8566 8706
f 8568 8706 8707
f 8696 2552 2554
f 8566 8564 8706
f 8705 8704 2558
f 2558 8704 2556
f 8704 2559 2556
f 8701 8699 8554
f 8577 8578 8691
f 8701 2417 8698
f 8701 8678 2427
f 8701 8554 8555
f 8701 8555 8556
f 8701 8698 8703
f 8701 8703 8702
f 8701 8702 8699
f 8701 2427 2421
f 8701 2421 2417
f 8701 8687 8678
f 8711 8708 2565
f 8713 8712 8694
f 8713 8576 8575
f 8713 8693 8692
f 8713 8694 8693
f 8712 2552 8696
f 8712 8711 2564
f 8712 2564 2555
f 8712 2555 2552
f 8712 8695 8694
f 8712 8696 8695
f 8711 8572 8708
f 8583 6063 8714
f 8711 2565 2564
f 8711 8575 8574
f 8711 8574 8572
f 8708 8570 8707
f 8708 8705 2558
f 8708 2558 2565
f 8708 8707 8710
f 8708 8710 8709
f 8708 8709 8705
f 8708 8572 8570
f 8580 6054 8748
f 8753 8735 8734
f 8753 8736 8735
f 8750 8580 8749
f 8750 8747 2605
f 8750 2605 2607
f 8750 8749 8752
f 8750 8752 8751
f 8750 8751 8747
f 8750 8582 8580
f 6064 8584 8732
f 8732 8584 8733
f 8753 8734 8733
f 8580 8748 8749
f 8736 2609 8737
f 8737 2609 2611
f 8747 8746 2605
f 2605 8746 2604
f 2428 8745 2425
f 8745 8744 8725
f 8745 8724 2425
f 8745 8725 8724
f 8744 8743 8731
f 8740 6045 6044
f 8756 8754 6049
f 8756 6049 6048
f 8756 6048 6047
f 8756 8755 8758
f 8756 8758 8757
f 8756 8757 8754
f 8756 2464 2463
f 2428 2455 8745
f 8745 2455 8744
f 2455 2456 8744
f 8741 6045 8740
f 8744 8731 8725
f 2463 2452 8755
f 2452 2453 8755
f 6049 8754 6050
f 8754 6042 6050
f 8753 8733 8584
f 8753 2609 8736
f 8753 8750 2607
f 8753 8582 8750
f 8753 2607 2609
f 8753 8584 8582
f 8729 2415 2418
f 8733 1074 1073
f 8732 1075 6064
f 8732 1073 1075
f 8729 8727 8579
f 8729 8728 2415
f 8729 2418 8725
f 8729 8581 8728
f 8729 8579 8581
f 8729 8725 8731
f 8729 8731 8730
f 8729 8730 8727
f 8733 1073 8732
f 8728 8583 8715
f 8728 8717 2410
f 8728 8581 8583
f 8728 2410 2415
f 8728 8718 8717
f 8728 8716 8718
f 8728 8715 8716
f 6043 8579 8726
f 8726 8579 8727
f 8583 8714 8715
f 8739 8738 1082
f 8743 8742 8730
f 8743 8730 8731
f 8742 8741 8727
f 8742 8727 8730
f 8741 8740 8726
f 8741 8726 8727
f 8740 6044 6043
f 8740 6043 8726
f 8739 8735 1081
f 8739 1082 8734
f 8739 1081 8738
f 8814 2603 8790
f 8739 8734 8735
f 8738 1081 1082
f 2611 1066 8737
f 1066 1065 8737
f 8737 1065 8736
f 1065 1067 8736
f 8736 1067 8735
f 1067 1081 8735
f 8734 1074 8733
f 8734 1082 1074
f 9460 9419 9422
f 9462 9461 5942
f 9461 9460 5940
f 9461 3159 9460
f 9461 3160 3159
f 9461 5940 5942
f 9460 3151 9419
f 9460 9418 5937
f 9460 3159 3151
f 9460 5937 5940
f 9460 9423 9418
f 9460 9422 9423
f 9462 3160 9461
f 2663 3147 9424
f 3147 3162 9424
f 9425 5939 5938
f 9425 5938 5932
f 3151 9420 9419
f 3151 3150 9420
f 5937 9418 5936
f 9418 9417 5936
f 5936 9417 5935
f 9417 5934 5935
f 9459 9425 5930
f 9464 9463 5941
f 9473 9472 9474
f 9471 9470 9469
f 9471 9469 9472
f 9470 9468 9469
f 9468 9466 9467
f 9468 9467 9469
f 9466 7949 9465
f 9466 9465 9467
f 7949 7950 9465
f 9464 9424 3162
f 9464 3161 9463
f 9459 9458 9425
f 9464 5939 9425
f 9464 3162 3161
f 9464 9455 9424
f 9464 9457 9455
f 9464 9425 9457
f 9464 5941 5939
f 9463 3160 9462
f 9463 9462 5942
f 9463 3161 3160
f 9463 5942 5941
f 9446 9442 2676
f 9450 9446 2671
f 9450 9447 9446
f 9450 2671 2667
f 9449 9445 9444
f 9449 5926 5924
f 9449 9444 9448
f 9449 5924 9445
f 9448 9444 9447
f 9447 9443 9442
f 9447 9442 9446
f 9447 9444 9443
f 9451 9447 9450
f 9446 2676 2671
f 9445 5922 9441
f 9445 9440 9444
f 9445 5924 5922
f 9445 9441 9440
f 9444 9440 9439
f 9444 9439 9443
f 9443 9439 9438
f 9443 9438 9442
f 9442 9438 2676
f 9454 2664 9424
f 9459 9453 9452
f 9459 5928 9453
f 9459 9452 9458
f 9459 5930 5928
f 9458 9451 9456
f 9458 9456 9457
f 9458 9452 9451
f 9458 9457 9425
f 9456 9451 9454
f 9456 9454 9455
f 9456 9455 9457
f 9473 9471 9472
f 9454 9451 9450
f 9454 9450 2667
f 9454 9424 9455
f 9454 2667 2664
f 9453 9448 9452
f 9453 5928 5926
f 9453 5926 9449
f 9453 9449 9448
f 9452 9447 9451
f 9452 9448 9447
f 9499 7981 9498
f 9504 9499 9503
f 9503 9498 9502
f 9503 9499 9498
f 9502 9497 9501
f 9502 9498 9497
f 9501 9495 2780
f 9501 2780 2779
f 9501 9496 9495
f 9501 9497 9496
f 9500 7981 9499
f 9500 7987 7981
f 9504 7987 9500
f 9498 7981 9497
f 9497 7981 9496
f 9496 7981 9495
f 9495 7981 2780
f 9494 9493 7981
f 9494 7970 9493
f 9494 7981 7970
f 9493 7970 9492
f 9493 9492 7981
f 9492 9491 7981
f 9492 7970 9491
f 9510 9503 9509
f 9513 9509 9512
f 9513 7995 9510
f 9513 9510 9509
f 9512 9509 9508
f 9512 9508 9511
f 9511 9508 9507
f 9511 9507 9506
f 9511 2779 2775
f 9511 9505 2779
f 9511 9506 9505
f 9510 7995 7987
f 9491 7970 9490
f 9510 7987 9504
f 9510 9504 9503
f 9509 9503 9502
f 9509 9502 9508
f 9508 9501 9507
f 9508 9502 9501
f 9507 9501 9506
f 9506 9501 9505
f 9505 9501 2779
f 9504 9500 9499
f 8148 8144 1928
f 9479 9477 7970
f 9477 2706 2791
f 9477 9478 2706
f 7950 8160 9465
f 9467 1917 9469
f 9469 1917 9472
f 9472 1917 9474
f 9474 1917 9476
f 9476 1917 1916
f 8160 8154 1922
f 8154 8148 1925
f 9479 9478 9477
f 8144 8137 1931
f 1979 8069 1984
f 1984 8064 1989
f 1989 8053 1990
f 8028 8020 2759
f 2780 7981 2787
f 3034 9475 9476
f 3034 9476 1916
f 9475 9473 9474
f 9475 9474 9476
f 9487 7970 7972
f 9491 9490 7981
f 9490 9489 7981
f 9490 7970 9489
f 9489 2791 2787
f 9489 7970 9477
f 9489 9477 2791
f 9489 2787 7981
f 9487 9486 9485
f 9487 9485 7970
f 9487 7972 9488
f 9487 9488 9486
f 9441 9436 9440
f 9485 9484 9483
f 9485 9483 7970
f 9485 9486 9484
f 9483 9482 9481
f 9483 9481 7970
f 9483 9484 9482
f 9481 9482 9480
f 9481 9480 9479
f 9481 9479 7970
f 9479 9480 9478
f 9391 9387 9386
f 9395 9390 9394
f 9395 9391 9390
f 9394 9390 2785
f 9394 2785 2789
f 9393 9388 9392
f 9393 9389 9388
f 9393 5909 9389
f 9393 5910 5909
f 9392 9387 9391
f 9392 9388 9387
f 9391 9386 9390
f 9396 9392 9391
f 9390 9386 2782
f 9390 2782 2785
f 9389 9384 9388
f 9389 5909 9385
f 9389 9385 9384
f 9388 9383 9387
f 9388 9384 9383
f 9387 9383 9386
f 9386 9383 9382
f 9386 9382 2777
f 9386 2777 2782
f 9400 9401 9402
f 9404 5912 9397
f 9404 5913 5912
f 9404 9402 9405
f 9404 9405 5913
f 9403 9396 9400
f 9403 9400 9402
f 9400 9398 9399
f 9400 9394 9398
f 9400 9396 9395
f 9400 9395 9394
f 9400 9399 9401
f 9385 5909 5908
f 9398 9394 2789
f 9398 2709 9399
f 9398 2789 2793
f 9398 2793 2709
f 9397 5910 9393
f 9397 9392 9396
f 9397 9393 9392
f 9397 5912 5911
f 9397 5911 5910
f 9396 9391 9395
f 9372 9368 9367
f 9377 9372 9376
f 9376 9372 9371
f 9376 9371 9375
f 9375 9370 9374
f 9375 9371 9370
f 9374 9370 2766
f 9374 2766 2769
f 9373 5904 9369
f 9373 9368 9372
f 9373 9369 9368
f 9373 5905 5904
f 9377 5906 5905
f 9372 9367 9371
f 9371 9367 9366
f 9371 9366 9370
f 9370 9366 2761
f 9370 2761 2766
f 9369 9365 9364
f 9369 5903 9365
f 9369 9364 9368
f 9369 5904 5903
f 9368 9364 9363
f 9381 9377 9376
f 9385 9381 9384
f 9385 5908 5907
f 9385 5907 9381
f 9384 9381 9380
f 9384 9379 9383
f 9384 9380 9379
f 9383 9379 9382
f 9382 9378 2773
f 9382 2773 2777
f 9382 9379 9378
f 9381 9376 9380
f 9404 9397 9396
f 9381 5907 9377
f 9380 9376 9379
f 9379 9376 9375
f 9379 9375 9374
f 9379 9374 9378
f 9378 9374 2769
f 9378 2769 2773
f 9377 5905 9373
f 9377 9373 9372
f 9377 5907 5906
f 9428 9414 9427
f 9433 5918 5916
f 9432 9427 9431
f 9432 9428 9427
f 9431 9427 9426
f 9431 9426 9430
f 9430 9426 2657
f 9430 2657 2687
f 9429 9415 9428
f 9429 5916 5914
f 9429 9416 9415
f 9429 5914 9416
f 9433 5916 9429
f 9428 9415 9414
f 9427 9413 9426
f 9427 9414 9413
f 9426 2658 2657
f 9426 9413 2658
f 5932 5930 9425
f 9424 2664 2663
f 9421 9419 9407
f 9421 9409 9418
f 9421 9418 9423
f 9421 9423 9422
f 9437 9433 9436
f 9441 9437 9436
f 9441 5920 9437
f 9441 5922 5920
f 9440 9436 9435
f 9440 9435 9439
f 9439 9434 9438
f 9439 9435 9434
f 9438 9434 2683
f 9438 2683 2679
f 9438 2679 2676
f 9437 5918 9433
f 9421 9422 9419
f 9437 5920 5918
f 9436 9432 9431
f 9436 9433 9432
f 9436 9431 9435
f 9435 9430 9434
f 9435 9431 9430
f 9434 9430 2687
f 9434 2687 2683
f 9433 9428 9432
f 9433 9429 9428
f 5981 8327 9355
f 9410 3194 9358
f 9410 9407 3190
f 9410 3190 3192
f 9410 3192 3194
f 9410 9409 9412
f 9410 9412 9411
f 9410 9411 9407
f 9410 8329 8304
f 9410 9357 9356
f 9410 9359 9357
f 9410 9358 9359
f 9410 8304 9409
f 9355 8327 9356
f 8327 8329 9356
f 8304 5933 9408
f 8304 9408 9409
f 9358 3194 9360
f 9360 3194 3196
f 9407 9406 3190
f 3190 9406 3189
f 9404 9403 9402
f 9404 9396 9403
f 5913 9405 5914
f 9421 9412 9409
f 9421 9411 9412
f 9421 9407 9411
f 3150 3189 9420
f 9420 9406 9419
f 9420 3189 9406
f 9419 9406 9407
f 9418 9408 9417
f 9418 9409 9408
f 9417 5933 5934
f 9417 9408 5933
f 9514 9511 2775
f 9405 9402 9416
f 9405 9416 5914
f 9402 9401 9415
f 9402 9415 9416
f 9401 9399 9414
f 9401 9414 9415
f 9399 2709 9413
f 9399 9413 9414
f 2709 2658 9413
f 9410 9356 8329
f 9625 9620 9619
f 9628 9625 9624
f 9628 9624 9623
f 9628 1964 1959
f 9628 9623 9622
f 9628 9622 1964
f 9627 9620 9626
f 9627 9621 9620
f 9627 8087 9621
f 9627 8095 8087
f 9626 9620 9625
f 9625 9619 9624
f 9629 9626 9625
f 9624 9619 9623
f 9623 9619 9622
f 9622 9619 1964
f 9621 9618 9620
f 9621 8087 9618
f 9620 9616 9619
f 9620 9618 9617
f 9620 9617 9616
f 9619 1969 1964
f 9619 9616 9615
f 9619 9615 9614
f 9636 9629 9635
f 9639 8103 9636
f 9638 9634 9637
f 9638 9635 9634
f 9637 9634 9633
f 9637 9632 9631
f 9637 9633 9632
f 9637 9631 1959
f 9637 1959 1954
f 9636 8095 9630
f 9636 9630 9629
f 9636 8103 8095
f 9619 9614 9613
f 9635 9628 9634
f 9635 9629 9628
f 9634 9628 9633
f 9633 9628 9632
f 9632 9628 9631
f 9631 9628 1959
f 9630 9626 9629
f 9630 9627 9626
f 9630 8095 9627
f 9629 9625 9628
f 9602 9598 9597
f 9608 8081 8075
f 9608 8075 9602
f 9608 9602 9607
f 9607 9601 9600
f 9607 9602 9601
f 9607 9600 9606
f 9606 9600 9605
f 9605 9600 9599
f 9605 9599 9604
f 9604 9599 9603
f 9603 9599 1974
f 9609 9603 1974
f 9602 8075 9598
f 9602 9597 9601
f 9601 9597 9596
f 9601 9596 9600
f 9600 9595 9599
f 9600 9596 9595
f 9599 9595 9594
f 9599 9594 9593
f 9599 9593 1979
f 9599 1979 1974
f 9613 9609 1969
f 9619 9613 1969
f 9618 9611 9617
f 9618 8081 9612
f 9618 9612 9611
f 9618 8087 8081
f 9617 9610 9616
f 9617 9611 9610
f 9616 9609 9615
f 9616 9610 9609
f 9615 9609 9614
f 9614 9609 9613
f 9639 9635 9638
f 9612 8081 9608
f 9612 9608 9607
f 9612 9607 9611
f 9611 9607 9606
f 9611 9606 9610
f 9610 9606 9605
f 9610 9605 9609
f 9609 1974 1969
f 9609 9605 9604
f 9609 9604 9603
f 9666 9662 9661
f 9672 9666 9671
f 9671 9664 9670
f 9671 9666 9665
f 9671 9665 9664
f 9670 9664 9669
f 9669 9664 9668
f 9668 9664 1939
f 9667 9663 9662
f 9667 8121 9663
f 9667 9662 9666
f 9666 9661 9665
f 9673 9666 9672
f 9665 9660 9664
f 9665 9661 9660
f 9664 9660 9659
f 9664 9659 9658
f 9664 9658 1944
f 9664 1944 1939
f 9663 9656 9662
f 9663 9657 9656
f 9663 8113 9657
f 9663 8121 8113
f 9662 9656 9661
f 9676 9671 9675
f 9683 8127 9677
f 9682 9675 9681
f 9682 9676 9675
f 9681 9675 9680
f 9680 9674 9679
f 9680 9675 9674
f 9679 9674 9678
f 9678 9674 1934
f 9677 9672 9676
f 9677 8127 9673
f 9677 9673 9672
f 9661 9655 9660
f 9676 9672 9671
f 9675 9670 9674
f 9675 9671 9670
f 9674 9668 1939
f 9674 9670 9669
f 9674 1939 1934
f 9674 9669 9668
f 9673 8121 9667
f 9673 9667 9666
f 9673 8127 8121
f 9645 8103 9639
f 9649 9646 1949
f 9648 9644 9647
f 9648 8110 9645
f 9648 9645 9644
f 9647 9644 9646
f 9646 1954 1949
f 9646 9644 9643
f 9646 9643 9642
f 9646 9641 9640
f 9646 9640 1954
f 9646 9642 9641
f 9650 9646 9649
f 9645 8110 8103
f 9645 9638 9644
f 9645 9639 9638
f 9644 9638 9643
f 9643 9637 9642
f 9643 9638 9637
f 9642 9637 9641
f 9641 9637 9640
f 9640 9637 1954
f 9639 9636 9635
f 9655 9651 9650
f 9661 9656 9655
f 9660 9655 9659
f 9659 9655 9658
f 9658 9655 1944
f 9657 9653 9656
f 9657 9654 9653
f 9657 8113 9654
f 9656 9652 9655
f 9656 9653 9652
f 9655 1949 1944
f 9655 9652 9651
f 9598 8069 9597
f 9655 9650 9649
f 9655 9649 1949
f 9654 9648 9647
f 9654 8110 9648
f 9654 9647 9653
f 9654 8113 8110
f 9653 9646 9652
f 9653 9647 9646
f 9652 9646 9651
f 9651 9646 9650
f 9541 9537 9536
f 9547 8011 9541
f 9547 8020 8011
f 9546 9540 9545
f 9545 9539 9544
f 9545 9540 9539
f 9544 9538 9543
f 9544 9539 9538
f 9543 9538 9542
f 9542 9538 2763
f 9541 9536 9540
f 9541 8011 9537
f 9547 9541 9540
f 9540 9535 9539
f 9540 9536 9535
f 9539 9535 9538
f 9538 9535 9534
f 9538 9533 9532
f 9538 9532 2764
f 9538 2764 2763
f 9538 9534 9533
f 9537 9531 9530
f 9537 8005 9531
f 9537 8011 8005
f 9550 9545 9549
f 9555 2759 9554
f 9554 9553 2755
f 9554 2759 9553
f 9553 9552 2755
f 9553 2759 9552
f 9552 2759 2755
f 9551 9546 9550
f 9551 9550 2759
f 9551 9547 9546
f 9551 8020 9547
f 9551 2759 8020
f 9537 9530 9536
f 9550 9549 2759
f 9550 9546 9545
f 9549 9544 9548
f 9549 9545 9544
f 9549 9548 2759
f 9548 2763 2759
f 9548 9544 9543
f 9548 9543 9542
f 9548 9542 2763
f 9547 9540 9546
f 9520 9515 9514
f 9525 9520 9524
f 9524 9520 9523
f 9523 9520 2771
f 9522 9518 9521
f 9522 9519 9518
f 9522 7999 9519
f 9521 9517 9520
f 9521 9518 9517
f 9520 9517 9516
f 9520 2775 2771
f 9520 9516 9515
f 9526 9521 9520
f 9520 9514 2775
f 9519 9513 9518
f 9519 7995 9513
f 9519 7999 7995
f 9518 9512 9517
f 9518 9513 9512
f 9517 9511 9516
f 9517 9512 9511
f 9516 9511 9515
f 9515 9511 9514
f 9529 9526 9525
f 9536 9530 9535
f 9535 9530 9529
f 9535 9529 9534
f 9534 9529 9533
f 9533 9529 9532
f 9532 9529 2764
f 9531 9527 9530
f 9531 9528 9527
f 9531 8005 9528
f 9530 9526 9529
f 9530 9527 9526
f 9555 9554 2755
f 9529 9525 9524
f 9529 9524 9523
f 9529 9523 2771
f 9529 2771 2764
f 9528 9521 9527
f 9528 9522 9521
f 9528 8005 7999
f 9528 7999 9522
f 9527 9521 9526
f 9526 9520 9525
f 9580 8053 8047
f 9585 9584 8064
f 9584 8053 9583
f 9584 9583 8064
f 9583 8053 9582
f 9583 9582 8064
f 9582 8053 9581
f 9582 9581 8064
f 9581 1989 8064
f 9581 8053 1989
f 9580 8047 9579
f 9580 9579 8053
f 9585 8053 9584
f 9579 8047 9578
f 9579 9578 8053
f 9578 8047 9577
f 9578 9577 8053
f 9577 8047 9576
f 9577 9576 8053
f 9576 8047 9575
f 9576 9575 8053
f 9575 1995 1990
f 9575 1990 8053
f 9575 8047 9569
f 9590 8064 9589
f 9598 8075 8069
f 9597 8069 9596
f 9596 8069 9595
f 9595 8069 9594
f 9594 8069 9593
f 9593 8069 1979
f 9592 8064 9591
f 9592 9591 8069
f 9592 8069 8064
f 9591 8064 9590
f 9591 9590 8069
f 9575 9569 1995
f 9590 9589 8069
f 9589 8064 9588
f 9589 9588 8069
f 9588 8064 9587
f 9588 9587 8069
f 9587 1984 8069
f 9587 8064 1984
f 9586 8053 9585
f 9586 9585 8064
f 9586 8064 8053
f 9562 9556 2755
f 9566 9565 8040
f 9566 9561 9560
f 9566 9560 9559
f 9565 9559 9564
f 9565 9564 8040
f 9564 9559 9558
f 9564 9557 9563
f 9564 9558 9557
f 9563 1999 1998
f 9563 9557 1999
f 9562 2755 9561
f 9566 9559 9565
f 9562 8028 9556
f 9562 8037 8028
f 9561 2755 9560
f 9560 2755 9559
f 9559 2755 9558
f 9558 2755 9557
f 9557 2755 1999
f 9556 9555 2755
f 9556 2759 9555
f 9556 8028 2759
f 9570 9569 8047
f 9574 8047 8040
f 9574 9573 8047
f 9574 8040 9573
f 9573 9572 8047
f 9573 8040 9572
f 9572 9571 8047
f 9572 8040 9571
f 9571 9570 8047
f 9571 8040 9570
f 9570 9564 9563
f 9570 8040 9564
f 9368 9363 9367
f 9570 9563 9569
f 9569 1998 1995
f 9569 9563 1998
f 9568 9567 8040
f 9568 9562 9561
f 9568 8037 9562
f 9568 8040 8037
f 9568 9561 9567
f 9567 9561 9566
f 9567 9566 8040
f 9173 2042 2039
f 9180 9173 9179
f 9180 9174 9173
f 9179 9173 9178
f 9178 9173 9177
f 9177 9173 9176
f 9176 9173 2039
f 9175 9171 9174
f 9175 9172 9171
f 9175 8441 9172
f 9174 9170 9173
f 9174 9171 9170
f 9181 8445 8441
f 9173 9170 9169
f 9173 9169 9168
f 9173 9168 9167
f 9173 9167 2042
f 9172 9166 9171
f 9172 8437 9166
f 9172 8441 8437
f 9171 9164 9170
f 9171 9166 9165
f 9171 9165 9164
f 9170 9164 9169
f 9183 9179 9182
f 9190 8449 8445
f 9190 9184 9189
f 9189 9184 9183
f 9189 9183 9188
f 9188 9183 9182
f 9188 9182 9187
f 9187 9182 9186
f 9186 9182 9185
f 9185 9182 2036
f 9184 9181 9183
f 9184 8445 9181
f 9169 9164 9168
f 9183 9181 9180
f 9183 9180 9179
f 9182 9179 9178
f 9182 9178 9177
f 9182 9177 9176
f 9182 2039 2036
f 9182 9176 2039
f 9181 9174 9180
f 9181 9175 9174
f 9181 8441 9175
f 9154 8433 8429
f 9157 9153 9156
f 9157 9154 9153
f 9156 9152 9155
f 9156 9153 9152
f 9155 9152 9151
f 9155 9151 9150
f 9155 9150 9149
f 9155 9149 2048
f 9155 2048 2045
f 9154 9148 9153
f 9154 8429 9148
f 9157 8433 9154
f 9153 9146 9152
f 9153 9148 9147
f 9153 9147 9146
f 9152 9146 9151
f 9151 9146 9150
f 9150 9146 9149
f 9149 9146 2048
f 9148 9144 9147
f 9148 9145 9144
f 9148 8429 9145
f 9164 9160 9159
f 9168 9164 9167
f 9167 9164 2042
f 9166 9163 9165
f 9166 8437 9163
f 9165 9163 9162
f 9165 9162 9161
f 9165 9161 9164
f 9164 2045 2042
f 9164 9161 9160
f 9164 9159 9158
f 9164 9158 2045
f 9190 8445 9184
f 9163 8437 8433
f 9163 9157 9162
f 9163 8433 9157
f 9162 9155 9161
f 9162 9157 9156
f 9162 9156 9155
f 9161 9155 9160
f 9160 9155 9159
f 9159 9155 9158
f 9158 9155 2045
f 9217 9211 9216
f 9221 9216 9220
f 9220 9215 9219
f 9220 9216 9215
f 9219 9215 9214
f 9219 9214 9213
f 9219 2025 2024
f 9219 9213 2025
f 9218 9211 9217
f 9218 9212 9211
f 9218 8456 9212
f 9218 8460 8456
f 9221 9217 9216
f 9216 9210 9215
f 9216 9211 9210
f 9215 9209 9214
f 9215 9210 9209
f 9214 9209 9213
f 9213 9209 2025
f 9212 9208 9207
f 9212 8456 9208
f 9212 9207 9211
f 9211 9206 9210
f 9211 9207 9206
f 9228 9222 9221
f 9230 9227 9226
f 9230 9226 9225
f 9230 9229 2021
f 9230 9225 9229
f 9229 9223 2024
f 9229 2024 2021
f 9229 9225 9224
f 9229 9224 9223
f 9228 8465 8460
f 9228 9221 9227
f 9228 8460 9222
f 9210 9205 9209
f 9227 9221 9220
f 9227 9220 9226
f 9226 9220 9219
f 9226 9219 9225
f 9225 9219 9224
f 9224 9219 9223
f 9223 9219 2024
f 9222 9218 9217
f 9222 8460 9218
f 9222 9217 9221
f 9194 9191 2033
f 9200 9195 9194
f 9200 9194 2033
f 9199 9192 9198
f 9199 8452 8449
f 9199 9193 9192
f 9199 8449 9193
f 9198 9192 9197
f 9197 9191 9196
f 9197 9192 9191
f 9196 9191 9195
f 9195 9191 9194
f 9200 9196 9195
f 9193 9189 9192
f 9193 8449 9190
f 9193 9190 9189
f 9192 9188 9191
f 9192 9189 9188
f 9191 9186 9185
f 9191 9185 2036
f 9191 2036 2033
f 9191 9187 9186
f 9191 9188 9187
f 9206 9200 9205
f 9210 9206 9205
f 9209 2030 2025
f 9209 9205 9204
f 9209 9204 9203
f 9209 9203 2030
f 9208 9201 9207
f 9208 9202 9201
f 9208 8456 8452
f 9208 8452 9202
f 9207 9200 9206
f 9207 9201 9200
f 9147 9143 9146
f 9205 9200 9204
f 9204 9200 9203
f 9203 9200 2030
f 9202 9199 9198
f 9202 8452 9199
f 9202 9198 9201
f 9201 9197 9200
f 9201 9198 9197
f 9200 2033 2030
f 9200 9197 9196
f 9091 9085 9084
f 9095 9089 9088
f 9094 9093 8401
f 9094 9088 9087
f 9094 9087 9093
f 9093 9087 9086
f 9093 9092 8401
f 9093 9086 9092
f 9092 9085 9091
f 9092 9091 8401
f 9092 9086 9085
f 9091 9084 9090
f 9095 8397 9089
f 9090 9084 2005
f 9090 2005 2004
f 9089 8397 2712
f 9089 2712 9088
f 9088 2712 9087
f 9087 2712 9086
f 9086 2712 9085
f 9085 2712 9084
f 9084 2712 2005
f 9083 9082 2712
f 9083 2716 9082
f 9098 8401 9097
f 9103 9102 8408
f 9102 2066 8408
f 9102 8404 2066
f 9101 8401 9100
f 9101 9100 8404
f 9101 8404 8401
f 9100 8401 9099
f 9100 9099 8404
f 9099 9098 8404
f 9099 8401 9098
f 9098 9097 8404
f 9083 2712 8393
f 9097 9091 9090
f 9097 9090 9096
f 9097 9096 8404
f 9097 8401 9091
f 9096 2004 2067
f 9096 2067 8404
f 9096 9090 2004
f 9095 9094 8401
f 9095 8401 8397
f 9095 9088 9094
f 9068 9063 9067
f 9074 9068 9073
f 9074 8385 9068
f 9074 8389 8385
f 9073 9066 9072
f 9073 9068 9067
f 9073 9067 9066
f 9072 9066 9071
f 9071 9065 9070
f 9071 9066 9065
f 9070 9065 9069
f 9069 9065 2720
f 9075 9069 2720
f 9068 9064 9063
f 9068 8385 9064
f 9067 9062 9066
f 9067 9063 9062
f 9066 9061 9065
f 9066 9062 9061
f 9065 2724 2720
f 9065 9061 9060
f 9065 9060 9059
f 9065 9059 2724
f 9078 2716 8389
f 9083 8393 2716
f 9082 9081 2712
f 9082 2716 9081
f 9081 9080 2712
f 9081 2716 9080
f 9080 9079 2712
f 9080 2716 9079
f 9079 2716 2712
f 9078 9074 9077
f 9078 8389 9074
f 9078 9077 2716
f 9103 8404 9102
f 9077 9072 9076
f 9077 9076 2716
f 9077 9074 9073
f 9077 9073 9072
f 9076 9071 9075
f 9076 9072 9071
f 9076 9075 2716
f 9075 9071 9070
f 9075 9070 9069
f 9075 2720 2716
f 9133 9127 9132
f 9137 9133 9132
f 9136 2054 2051
f 9136 9132 9131
f 9136 9131 9130
f 9136 9130 2054
f 9135 9129 9134
f 9135 8420 9129
f 9135 8425 8420
f 9134 9127 9133
f 9134 9129 9128
f 9134 9128 9127
f 9137 9132 9136
f 9132 9126 9131
f 9132 9127 9126
f 9131 9126 9130
f 9130 9126 2054
f 9129 8420 9125
f 9129 9125 9124
f 9129 9124 9128
f 9128 9124 9123
f 9128 9123 9127
f 9127 9123 9122
f 9127 9122 9126
f 9144 9138 9137
f 9147 9144 9143
f 9146 2051 2048
f 9146 9143 9142
f 9146 9142 9141
f 9146 9141 9140
f 9146 9140 2051
f 9145 9139 9138
f 9145 9138 9144
f 9145 8425 9139
f 9145 8429 8425
f 9144 9137 9143
f 9126 2057 2054
f 9143 9137 9142
f 9142 9136 9141
f 9142 9137 9136
f 9141 9136 9140
f 9140 9136 2051
f 9139 9135 9138
f 9139 8425 9135
f 9138 9135 9134
f 9138 9134 9133
f 9138 9133 9137
f 9108 2063 8412
f 9113 8408 9112
f 9113 9112 8412
f 9113 8412 8408
f 9112 8408 9111
f 9112 9111 8412
f 9111 8408 9110
f 9111 9110 8412
f 9110 8408 9109
f 9110 9109 8412
f 9109 8408 9108
f 9109 9108 8412
f 9114 8412 2060
f 9108 8408 2063
f 9107 8404 9106
f 9107 9106 8408
f 9107 8408 8404
f 9106 8404 9105
f 9106 9105 8408
f 9105 8404 9104
f 9105 9104 8408
f 9104 8404 9103
f 9104 9103 8408
f 9119 9118 8416
f 9126 9122 9121
f 9126 9121 9120
f 9126 9120 2057
f 9125 8420 8416
f 9125 8416 9124
f 9124 8416 9123
f 9123 8416 9122
f 9122 8416 9121
f 9121 8416 9120
f 9120 8416 2057
f 9119 8412 9118
f 9231 9230 2021
f 9119 8416 8412
f 9118 8412 9117
f 9118 9117 8416
f 9117 8412 9116
f 9117 9116 8416
f 9116 8412 9115
f 9116 9115 8416
f 9115 8412 9114
f 9115 9114 8416
f 9114 2060 8416
f 8490 8488 9331
f 9335 3142 3141
f 9335 9277 9279
f 9332 8490 9331
f 9332 9329 3144
f 9332 3144 3143
f 9332 9331 9334
f 9332 9334 9333
f 9332 9333 9329
f 8497 8495 9285
f 9285 8495 9283
f 8495 8494 9283
f 9335 3143 3142
f 9277 3141 9275
f 8488 8487 9330
f 8488 9330 9331
f 9275 3141 3140
f 9275 3140 2618
f 8487 8489 9330
f 9329 9328 3144
f 3144 9328 3145
f 9328 3146 3145
f 3042 9327 3098
f 9327 9326 9267
f 9337 9332 9336
f 3042 3040 9327
f 9327 3040 9326
f 3040 3041 9326
f 9323 5900 9322
f 9322 5900 5901
f 3049 3035 9339
f 3035 3036 9339
f 5895 9338 5896
f 9338 5894 5896
f 9337 9283 8494
f 9337 8490 9332
f 9327 9266 3098
f 9337 9336 9281
f 9337 8494 8492
f 9337 8492 8491
f 9337 8491 8490
f 9337 9281 9283
f 9336 9335 9279
f 9336 9332 9335
f 9336 9279 9281
f 9335 3141 9277
f 9335 9332 3143
f 9317 9265 9264
f 9319 9312 9318
f 9319 9318 9263
f 9319 9313 9312
f 9319 9263 9262
f 9318 9311 9317
f 9318 9317 9264
f 9318 9312 9311
f 9318 9264 9263
f 9317 9310 9316
f 9317 9316 9265
f 9317 9311 9310
f 9320 9262 9261
f 9316 9310 2647
f 9316 2647 2652
f 9316 2652 2651
f 9316 2651 9265
f 9315 9308 9314
f 9315 9309 9308
f 9315 8531 9309
f 9315 8539 8531
f 9314 9307 9313
f 9314 9308 9307
f 9321 9314 9320
f 9327 9267 9266
f 9326 9325 9273
f 9326 9273 9267
f 9325 9324 9272
f 9325 9272 9273
f 9324 9323 9269
f 9324 9269 9272
f 9323 9322 9268
f 9323 9268 9269
f 9322 5901 5902
f 9322 5902 9268
f 9340 3050 3049
f 9321 9315 9314
f 9321 8539 9315
f 9321 9320 9261
f 9321 8481 8547
f 9321 8547 8539
f 9321 9260 8481
f 9321 9261 9260
f 9320 9313 9319
f 9320 9314 9313
f 9320 9319 9262
f 9341 9342 890
f 9358 9347 9351
f 9357 9352 9356
f 9352 9349 9356
f 9356 9349 9355
f 9349 9348 9355
f 9355 9348 5981
f 9348 5982 5981
f 5894 9338 884
f 5894 884 883
f 9338 9341 892
f 9338 892 884
f 9358 9351 9359
f 9341 890 892
f 9342 9339 888
f 9342 888 890
f 9339 886 888
f 9339 3036 886
f 9354 9352 9350
f 9354 9353 8500
f 9354 8498 9349
f 9354 9350 9353
f 9354 9349 9352
f 9354 8500 8499
f 9363 1013 1011
f 9367 9363 9362
f 9367 9362 9366
f 9366 9362 2757
f 9366 2757 2761
f 9365 1015 9364
f 9365 5903 1018
f 9365 1018 1017
f 9365 1017 1015
f 9364 1013 9363
f 9364 1015 1013
f 9363 1011 9362
f 9354 8499 8496
f 9362 1010 2757
f 9362 1011 1010
f 9361 9359 9351
f 9361 9352 9357
f 9361 9357 9359
f 9361 9351 9352
f 3196 9346 9360
f 3196 3198 9346
f 9360 9347 9358
f 9360 9346 9347
f 9344 9343 5898
f 9345 9344 5898
f 9345 9326 3041
f 9345 5900 9323
f 9345 3051 9344
f 9345 5898 5899
f 9345 5899 5900
f 9345 3041 3051
f 9345 9325 9326
f 9345 9324 9325
f 9345 9323 9324
f 9344 3050 9343
f 3199 9346 3198
f 9344 3051 3050
f 9343 9340 5898
f 9343 3050 9340
f 9340 3049 9339
f 9340 9338 5895
f 9340 5895 5897
f 9340 5897 5898
f 9340 9339 9342
f 9340 9342 9341
f 9340 9341 9338
f 9350 9352 9351
f 9354 8496 8498
f 9353 9350 3202
f 9353 9331 8500
f 9353 3201 9329
f 9353 3202 3201
f 9353 9334 9331
f 9353 9333 9334
f 9353 9329 9333
f 9350 9347 3199
f 9350 3199 3203
f 9350 3203 3202
f 9313 9307 9312
f 9350 9351 9347
f 8489 8493 9330
f 9330 8493 9331
f 8493 8500 9331
f 9329 3200 9328
f 9329 3201 3200
f 9328 3200 3146
f 8498 5982 9348
f 8498 9348 9349
f 9347 9346 3199
f 8992 9255 9256
f 9259 8998 9258
f 9259 9258 8997
f 9259 8997 8998
f 9258 8998 9256
f 9258 9254 8997
f 9258 9256 9254
f 3111 9257 8991
f 3111 3109 9257
f 8991 9255 8992
f 8991 9257 9255
f 8992 9256 8998
f 8348 8481 9260
f 8997 9254 8994
f 9254 9253 8994
f 8994 9253 8993
f 9253 9252 8993
f 8993 9252 5893
f 9252 5892 5893
f 9251 2012 9250
f 9251 9250 8986
f 9251 8334 8351
f 9251 8351 2012
f 9251 8985 8334
f 9000 9265 2651
f 9270 9253 9254
f 5902 8237 9268
f 9268 8237 9269
f 8233 9252 9253
f 8233 5892 9252
f 9267 3100 9266
f 9266 3100 3098
f 9255 9257 3107
f 3107 9257 3109
f 2692 9000 2651
f 9000 9002 9265
f 9251 8986 8985
f 9002 9004 9264
f 9002 9264 9265
f 9004 9006 9263
f 9004 9263 9264
f 9006 9008 9262
f 9006 9262 9263
f 9008 9010 9261
f 9008 9261 9262
f 9010 8348 9260
f 9010 9260 9261
f 9235 9234 2018
f 9240 2015 8473
f 9240 8473 2018
f 9239 9238 2015
f 9239 2018 9238
f 9238 9237 2015
f 9238 2018 9237
f 9237 2018 2015
f 9236 9235 2018
f 9236 2021 9235
f 9236 2018 8469
f 9236 8469 2021
f 9240 2018 9239
f 9235 2021 9234
f 9234 9233 2018
f 9234 2021 9233
f 9233 2021 2018
f 9232 9227 9231
f 9232 9231 2021
f 9232 8465 9228
f 9232 9228 9227
f 9232 2021 8465
f 9231 9227 9230
f 9245 2015 9244
f 9250 9249 2008
f 9250 2008 8986
f 9250 2012 9249
f 9249 9248 2008
f 9249 2012 9248
f 9248 9247 2008
f 9248 2012 9247
f 9247 9246 2008
f 9247 2012 9246
f 9246 2012 2008
f 9245 9244 2012
f 9270 9254 9256
f 9245 2012 8477
f 9245 8477 2015
f 9244 9243 2012
f 9244 2015 9243
f 9243 9242 2012
f 9243 2015 9242
f 9242 9241 2012
f 9242 2015 9241
f 9241 2015 2012
f 9240 9239 2015
f 9298 2636 2635
f 9303 8524 8518
f 9302 9296 9295
f 9302 9295 9301
f 9302 9297 9296
f 9301 9295 9294
f 9301 9294 9300
f 9300 9294 9299
f 9299 9294 9293
f 9299 9293 9298
f 9298 9292 2636
f 9298 9293 9292
f 9303 9297 9302
f 9297 9291 9290
f 9297 8511 9291
f 9297 8518 8511
f 9297 9290 9296
f 9296 9290 9289
f 9296 9289 9295
f 9295 9288 9294
f 9295 9289 9288
f 9294 9287 9293
f 9294 9288 9287
f 9307 9300 9306
f 9312 9306 9311
f 9312 9307 9306
f 9311 9304 9310
f 9311 9306 9305
f 9311 9305 9304
f 9310 9304 2647
f 9309 9302 9308
f 9309 9303 9302
f 9309 8524 9303
f 9309 8531 8524
f 9308 9302 9307
f 9293 9286 9292
f 9307 9302 9301
f 9307 9301 9300
f 9306 9299 9305
f 9306 9300 9299
f 9305 9298 9304
f 9305 9299 9298
f 9304 9298 2635
f 9304 2635 2643
f 9304 2643 2647
f 9303 8518 9297
f 9271 8235 9270
f 9280 9279 9278
f 9280 9281 9279
f 9278 9277 9276
f 9278 9279 9277
f 9276 9275 9274
f 9276 9277 9275
f 9274 2618 2617
f 9274 9275 2618
f 9271 9269 8237
f 9271 9270 3105
f 9271 3100 9267
f 9282 9283 9281
f 9271 8237 8235
f 9271 9267 9273
f 9271 9273 9272
f 9271 9272 9269
f 9271 3105 3100
f 9270 8233 9253
f 9270 9255 3107
f 9270 8235 8233
f 9270 3107 3105
f 9270 9256 9255
f 9288 9278 9276
f 9293 9287 9286
f 9292 9286 2631
f 9292 2631 2636
f 9291 9284 9282
f 9291 8504 9284
f 9291 9282 9290
f 9291 8511 8504
f 9290 9280 9289
f 9290 9282 9280
f 9289 9278 9288
f 9289 9280 9278
f 9064 9057 9063
f 9288 9276 9287
f 9287 9274 9286
f 9287 9276 9274
f 9286 9274 2617
f 9286 2617 2631
f 9284 9283 9282
f 9284 8497 9285
f 9284 9285 9283
f 9284 8504 8497
f 9282 9281 9280
f 7547 7548 1608
f 5846 1252 7552
f 1253 1252 5846
f 1258 7551 1259
f 1259 7551 551
f 1612 7551 1258
f 7550 7551 1612
f 1608 7551 7550
f 551 7551 1608
f 7549 7550 1612
f 1608 7550 7549
f 1608 7549 1612
f 7552 1301 7553
f 1604 7548 7547
f 1608 7548 677
f 677 7548 1604
f 1604 7547 1608
f 7545 7546 1604
f 1600 7546 7545
f 1604 7546 669
f 669 7546 1600
f 1600 7545 1604
f 7541 7544 7543
f 7542 7544 7541
f 7558 7561 7559
f 7556 7566 7555
f 7555 7566 7554
f 7554 7566 7565
f 7553 7565 7564
f 7564 7565 5868
f 7554 7565 7553
f 7553 7564 7552
f 7552 7564 5846
f 5846 7564 5868
f 7558 7563 7561
f 7562 7563 7558
f 661 7544 7542
f 7558 7559 7560
f 1307 1308 7556
f 7556 1308 7557
f 1305 1307 7555
f 7555 1307 7556
f 1302 1305 7554
f 7554 1305 7555
f 1301 1302 7553
f 7553 1302 7554
f 1252 1301 7552
f 7528 7530 1585
f 7531 7534 7533
f 7532 7534 7531
f 645 7534 7532
f 1585 7533 1592
f 7531 7533 7530
f 7530 7533 1585
f 7528 7532 7531
f 637 7532 7529
f 645 7532 637
f 7529 7532 7528
f 7528 7531 7530
f 7533 7535 1592
f 637 7529 7527
f 7527 7529 7526
f 7526 7529 7528
f 7525 7528 1581
f 1581 7528 1585
f 7526 7528 7525
f 629 7527 7524
f 7524 7527 7523
f 637 7527 629
f 7523 7527 7526
f 7536 7539 7538
f 1600 7544 661
f 7543 7544 1600
f 7541 7543 7540
f 1596 7543 1600
f 7540 7543 1596
f 7538 7542 7541
f 653 7542 7539
f 7539 7542 7538
f 661 7542 653
f 7538 7541 7540
f 7538 7540 1596
f 7556 7567 7566
f 7537 7539 7536
f 653 7539 7537
f 1592 7538 1596
f 7536 7538 7535
f 7535 7538 1592
f 7533 7537 7536
f 645 7537 7534
f 7534 7537 7533
f 653 7537 645
f 7533 7536 7535
f 7592 7597 5859
f 7600 7601 5855
f 5857 7601 7600
f 7597 7601 5857
f 7599 7600 5855
f 5857 7600 7599
f 5857 7599 5855
f 7593 7598 7594
f 7594 7598 7597
f 7596 7597 5857
f 5859 7597 7596
f 7594 7597 7592
f 7602 7603 7593
f 7595 7596 5857
f 5859 7596 7595
f 5859 7595 5857
f 7586 7594 7592
f 7587 7594 7586
f 7589 7594 7587
f 7593 7594 7589
f 5861 7592 7591
f 7591 7592 5859
f 7586 7592 5861
f 7590 7591 5859
f 7602 7607 7603
f 7613 7612 7614
f 5850 7612 5851
f 7610 7611 5850
f 5853 7611 7610
f 7607 7611 5853
f 7608 7611 7607
f 7609 7610 5850
f 5853 7610 7609
f 5853 7609 5850
f 7605 7607 5853
f 7603 7607 7601
f 5861 7591 7590
f 7601 7607 7605
f 7608 7607 7606
f 7606 7607 7602
f 7604 7605 5853
f 5855 7605 7604
f 7601 7605 5855
f 5855 7604 5853
f 7598 7603 7597
f 7593 7603 7598
f 7597 7603 7601
f 7566 7573 7571
f 7574 7579 7573
f 7578 7579 7574
f 7571 7577 7570
f 7573 7577 7571
f 7570 7577 7576
f 5889 7576 7575
f 7575 7576 5865
f 7570 7576 5889
f 5889 7575 5865
f 7568 7573 7567
f 7567 7573 7566
f 7573 7579 7577
f 7574 7573 7572
f 7572 7573 7568
f 7565 7571 7570
f 7566 7571 7565
f 7565 7570 5868
f 7569 7570 5889
f 5868 7570 7569
f 5868 7569 5889
f 7557 7567 7556
f 7568 7567 7557
f 5863 7584 5861
f 5861 7590 5859
f 7578 7587 7583
f 7582 7587 7586
f 7589 7587 7588
f 7588 7587 7578
f 7583 7587 7582
f 5863 7586 7585
f 7585 7586 5861
f 7582 7586 5863
f 7584 7585 5861
f 5863 7585 7584
f 7523 7526 7525
f 7577 7583 7582
f 7578 7583 7579
f 7579 7583 7577
f 7581 7582 5863
f 7576 7582 7581
f 7577 7582 7576
f 7580 7581 5863
f 5865 7581 7580
f 7576 7581 5865
f 5865 7580 5863
f 7470 5611 5638
f 7474 7476 7475
f 7475 7476 7477
f 540 7474 7473
f 7473 7474 7475
f 538 540 7473
f 533 538 7472
f 7472 538 7473
f 536 533 7471
f 7471 533 7472
f 1544 536 7471
f 7404 5611 7470
f 7476 7478 7477
f 7403 7404 7469
f 7469 7404 7470
f 7402 7403 7468
f 7468 7403 7469
f 7400 7402 7467
f 7467 7402 7468
f 7401 7400 7463
f 7463 7400 7467
f 7452 7401 7461
f 7461 7401 7466
f 7466 7401 7465
f 581 1560 1556
f 7472 7488 7471
f 7471 7488 1544
f 551 550 1259
f 1612 1258 1256
f 1612 1256 1254
f 1612 1254 1248
f 1612 1248 1250
f 677 551 1608
f 669 677 1604
f 661 669 1600
f 582 1564 1560
f 7465 7401 7464
f 7484 7486 548
f 7487 7486 7485
f 7485 7486 7484
f 7483 7484 548
f 7482 7483 548
f 7481 7482 7477
f 7477 7482 548
f 7480 7481 7477
f 7479 7480 7477
f 7478 7479 7477
f 7440 7444 7441
f 7445 7449 7447
f 7446 7449 7445
f 7445 7447 7444
f 7444 7447 7441
f 7441 7447 7448
f 7442 7446 7445
f 7443 7446 7442
f 5630 7446 7443
f 5634 7446 5630
f 7440 7445 7444
f 7442 7445 7440
f 5634 7450 7446
f 7439 7443 7442
f 5630 7443 7439
f 7438 7442 7440
f 7439 7442 7438
f 7438 7440 7437
f 7437 7440 7434
f 7434 7440 7441
f 7433 7439 7438
f 7436 7439 7435
f 5626 7439 7436
f 5612 7455 5634
f 7464 7401 7462
f 7462 7401 7463
f 7456 7452 7459
f 7459 7452 7460
f 7460 7452 7461
f 7456 7459 7457
f 7456 7457 7458
f 7449 7455 7454
f 7454 7455 5612
f 7450 7455 7449
f 5634 7455 7450
f 1544 7488 1545
f 7447 7454 7453
f 7453 7454 5612
f 7449 7454 7447
f 7451 7453 5612
f 7447 7453 7451
f 7447 7451 7448
f 7452 7451 7401
f 7401 7451 5612
f 7448 7451 7452
f 7446 7450 7449
f 7508 7511 7510
f 7514 7516 7513
f 7513 7515 1576
f 7512 7514 7513
f 613 7514 7512
f 7512 7513 7511
f 7511 7513 7510
f 7510 7513 1569
f 1569 7513 1576
f 7509 7512 7511
f 605 7512 7509
f 613 7512 605
f 7513 7516 7515
f 7509 7511 7508
f 7508 7510 1569
f 605 7509 7507
f 7506 7509 7508
f 7507 7509 7506
f 7506 7508 7505
f 7505 7508 1565
f 1565 7508 1569
f 597 7507 7504
f 7504 7507 7503
f 7503 7507 7506
f 7518 7521 7520
f 7523 7525 1581
f 7521 7524 7523
f 7522 7524 7521
f 629 7524 7522
f 7520 7523 1580
f 7521 7523 7520
f 1580 7523 1581
f 7518 7522 7521
f 7519 7522 7518
f 614 7522 7519
f 629 7522 614
f 605 7507 597
f 7518 7520 1580
f 7516 7519 7518
f 7517 7519 7516
f 614 7519 7517
f 7516 7518 7515
f 7515 7518 1576
f 1576 7518 1580
f 7514 7517 7516
f 613 7517 7514
f 614 7517 613
f 547 7492 7489
f 7494 7495 581
f 7491 7494 1552
f 1556 7494 581
f 573 7494 7491
f 1552 7494 1556
f 547 7493 7492
f 573 7493 547
f 7492 7493 573
f 7488 7492 7491
f 7491 7492 573
f 7489 7492 7488
f 573 7495 7494
f 7488 7491 1545
f 1545 7491 1552
f 548 7490 7477
f 7477 7490 7475
f 7475 7490 7473
f 7473 7490 7489
f 7489 7490 547
f 547 7490 548
f 7472 7489 7488
f 7473 7489 7472
f 582 7500 1564
f 7503 7506 7505
f 7503 7505 1565
f 7501 7504 7503
f 7502 7504 7501
f 597 7504 7502
f 7500 7503 1564
f 7501 7503 7500
f 1564 7503 1565
f 582 7502 7501
f 597 7502 582
f 582 7501 7500
f 7615 7612 7613
f 7498 7499 582
f 581 7499 7498
f 582 7499 581
f 581 7498 7497
f 7497 7498 582
f 1560 7497 582
f 581 7497 1560
f 7495 7496 581
f 573 7496 7495
f 581 7496 573
f 7634 7631 7711
f 7716 7718 7717
f 5798 7718 7716
f 7714 7717 7715
f 7716 7717 7714
f 7713 7715 5854
f 7714 7715 7713
f 5817 5760 7710
f 7713 5854 5852
f 7629 5820 5849
f 7631 7629 7712
f 7712 7629 5849
f 7717 7718 5799
f 7711 7631 7712
f 5762 7634 7710
f 7710 7634 7711
f 5760 5762 7710
f 7625 7709 7623
f 7623 7709 1654
f 7708 7709 7625
f 7706 7709 7705
f 7705 7709 7708
f 1651 7709 7706
f 1653 7709 1651
f 7720 7723 7719
f 5805 7727 5803
f 5803 7726 7723
f 7722 7726 7725
f 7723 7726 7722
f 7722 7725 5858
f 5858 7725 5860
f 7723 7724 5803
f 5801 7724 7723
f 5803 7724 5801
f 5801 7723 7720
f 7719 7723 7722
f 1654 7709 1653
f 7719 7722 5856
f 5856 7722 5858
f 7720 7721 5801
f 5799 7721 7720
f 5801 7721 5799
f 7715 7720 7719
f 5799 7720 7717
f 7717 7720 7715
f 7715 7719 5854
f 5854 7719 5856
f 1645 7697 1643
f 7697 7700 7696
f 1645 7700 7697
f 7696 7700 7699
f 1647 7700 1645
f 7696 7699 7695
f 7695 7699 7698
f 7695 7698 1567
f 1562 7698 1558
f 1567 7698 1562
f 7694 7697 7693
f 7693 7697 7696
f 7698 7701 1558
f 1643 7697 7694
f 7693 7696 7692
f 7692 7696 7695
f 7692 7695 1571
f 1571 7695 1567
f 7691 7694 7690
f 1641 7694 7691
f 1643 7694 1641
f 7690 7694 7693
f 7690 7693 7689
f 1651 7706 1649
f 7704 7708 7707
f 7707 7708 7625
f 7705 7708 7704
f 1549 7707 7627
f 7627 7707 7625
f 1548 7707 1549
f 1554 7707 1548
f 7704 7707 1554
f 7702 7706 7705
f 7703 7706 7702
f 1649 7706 7703
f 5803 7727 7726
f 7702 7705 7704
f 1558 7704 1554
f 7702 7704 7701
f 7701 7704 1558
f 1647 7703 7700
f 7699 7703 7702
f 7700 7703 7699
f 1649 7703 1647
f 7698 7702 7701
f 7699 7702 7698
f 7750 727 7751
f 7759 7760 7761
f 7753 7758 7757
f 7757 7758 7759
f 727 7753 7751
f 7754 7753 7757
f 7751 7753 7756
f 7756 7753 7755
f 7755 7753 7752
f 7752 7753 7754
f 7746 727 7749
f 7749 727 7750
f 7758 7760 7759
f 7746 7749 7747
f 7746 7747 7748
f 7710 7745 5817
f 7744 7745 7711
f 5815 7745 7742
f 7741 7745 7744
f 7742 7745 7741
f 5817 7745 5815
f 7711 7745 7710
f 7741 7744 7740
f 7740 7744 7743
f 7760 7767 7762
f 7770 7771 5683
f 7766 7770 7769
f 7769 7770 5683
f 7767 7770 7766
f 7766 7769 5689
f 5689 7769 5683
f 7760 7768 7767
f 727 7768 7753
f 7753 7768 7758
f 7758 7768 7760
f 726 7768 727
f 7743 7744 7712
f 7762 7767 7766
f 5698 7766 5689
f 7762 7766 7764
f 7764 7766 5698
f 7764 5698 7765
f 7765 5698 5709
f 7762 7764 7763
f 7763 7764 7765
f 7760 7762 7761
f 7761 7762 7763
f 7728 7731 5862
f 7732 7735 7731
f 7731 7735 7734
f 5809 7735 7732
f 7731 7734 5864
f 5864 7734 5866
f 5809 7733 5807
f 5807 7733 7732
f 7732 7733 5809
f 7729 7732 7728
f 5807 7732 7729
f 7728 7732 7731
f 5811 7736 5809
f 5862 7731 5864
f 5805 7730 7729
f 7729 7730 5807
f 5807 7730 5805
f 7725 7729 7728
f 5805 7729 7726
f 7726 7729 7725
f 7725 7728 5860
f 5860 7728 5862
f 7726 7727 5805
f 5884 7740 5887
f 7712 7744 7711
f 7740 7743 5887
f 5867 7743 5849
f 5887 7743 5867
f 5849 7743 7712
f 5813 7742 7739
f 7739 7742 7741
f 5815 7742 5813
f 7739 7741 7738
f 7738 7741 7737
f 7737 7741 7740
f 7689 7693 7692
f 7737 7740 5884
f 7735 7739 7738
f 7736 7739 7735
f 5811 7739 7736
f 5813 7739 5811
f 7735 7738 7737
f 5866 7737 5884
f 7735 7737 7734
f 7734 7737 5866
f 5809 7736 7735
f 7641 7645 7644
f 5774 7649 5772
f 7646 7649 7645
f 7645 7648 7647
f 7645 7647 7644
f 7644 7647 5834
f 5834 7647 5831
f 7643 7646 7642
f 5770 7646 7643
f 7642 7646 7645
f 5772 7646 5770
f 7642 7645 7641
f 5772 7649 7646
f 7641 7644 5837
f 5837 7644 5834
f 7639 7643 7642
f 7640 7643 7639
f 5768 7643 7640
f 5770 7643 5768
f 7638 7642 7641
f 7639 7642 7638
f 7638 7641 5840
f 5840 7641 5837
f 7636 7640 7639
f 7650 7653 5825
f 7653 7657 7656
f 7655 7657 7654
f 7654 7657 7653
f 7653 7656 5825
f 5825 7656 1616
f 7652 7655 7651
f 7651 7655 7654
f 5776 7655 7652
f 5778 7655 5776
f 7650 7654 7653
f 7651 7654 7650
f 5768 7640 5766
f 5774 7652 7649
f 7649 7652 7651
f 5776 7652 5774
f 7647 7651 7650
f 7649 7651 7648
f 7648 7651 7647
f 7647 7650 5831
f 5828 7650 5825
f 5831 7650 5828
f 7645 7649 7648
f 7562 7619 7622
f 7626 7628 7627
f 7627 7628 1549
f 7624 7626 7625
f 7625 7626 7627
f 5781 7624 7623
f 7623 7624 7625
f 1654 5781 7623
f 7608 7619 7611
f 7611 7619 5850
f 7621 7619 7608
f 7558 7619 7562
f 7628 5758 1549
f 7622 7619 7620
f 7620 7619 7621
f 7618 7619 7558
f 5850 7619 7617
f 7617 7619 7618
f 7614 7617 7618
f 5850 7617 7612
f 7612 7617 7614
f 5851 7612 7616
f 7616 7612 7615
f 7632 7636 7630
f 7637 7640 7636
f 5766 7640 7637
f 7636 7639 7635
f 7635 7639 7638
f 7635 7638 5843
f 5843 7638 5840
f 7633 7637 7632
f 7632 7637 7636
f 5766 7637 5764
f 5764 7637 7633
f 7630 7636 7635
f 1620 7658 5778
f 7630 7635 5821
f 5821 7635 5843
f 7631 7633 7632
f 7634 7633 7631
f 5762 7633 7634
f 5764 7633 5762
f 7629 7632 7630
f 7631 7632 7629
f 5820 7630 5821
f 7629 7630 5820
f 7675 7679 7678
f 7681 7684 7680
f 7680 7683 1587
f 1587 7683 1583
f 7678 7682 7681
f 7679 7682 7678
f 1633 7682 7679
f 1635 7682 1633
f 7677 7681 7680
f 7678 7681 7677
f 7677 7680 1590
f 1590 7680 1587
f 7680 7684 7683
f 7676 7679 7675
f 1631 7679 7676
f 1633 7679 1631
f 7674 7678 7677
f 7675 7678 7674
f 7674 7677 1594
f 1594 7677 1590
f 7673 7676 7672
f 1631 7676 7673
f 7672 7676 7675
f 7672 7675 7674
f 7685 7688 7684
f 7689 7692 1574
f 1574 7692 1571
f 7687 7691 7690
f 7688 7691 7687
f 1639 7691 7688
f 1641 7691 1639
f 7687 7690 7686
f 7686 7690 7689
f 1578 7689 1574
f 7686 7689 1578
f 7684 7688 7687
f 7672 7674 7671
f 1637 7688 7685
f 1639 7688 1637
f 7683 7687 7686
f 7684 7687 7683
f 7683 7686 1583
f 1583 7686 1578
f 7682 7685 7681
f 1635 7685 7682
f 7681 7685 7684
f 1637 7685 1635
f 7659 7662 1617
f 1610 7665 1606
f 7663 7665 7662
f 7662 7665 1610
f 7661 7664 7660
f 1623 7664 1621
f 1625 7664 1623
f 7660 7664 7663
f 1621 7664 7661
f 7660 7663 7659
f 7659 7663 7662
f 1617 7662 1610
f 1606 7665 1602
f 1620 7661 7658
f 7658 7661 7660
f 1621 7661 1620
f 7657 7660 7659
f 7658 7660 7657
f 1616 7659 1617
f 7656 7659 1616
f 7657 7659 7656
f 7655 7658 7657
f 5778 7658 7655
f 7667 7670 7666
f 7671 7674 1594
f 7670 7673 7672
f 1627 7673 7670
f 1629 7673 1627
f 1631 7673 1629
f 7670 7672 7669
f 7669 7672 7668
f 7668 7672 7671
f 1598 7671 1594
f 1602 7671 1598
f 7668 7671 1602
f 7435 7439 7433
f 1625 7670 7667
f 7666 7670 7669
f 1627 7670 1625
f 7665 7669 7668
f 7666 7669 7665
f 7665 7668 1602
f 7663 7667 7666
f 1625 7667 7664
f 7664 7667 7663
f 7663 7666 7665
f 7162 7166 7165
f 7170 7171 5487
f 7168 7171 5489
f 5489 7170 5487
f 7166 7169 7165
f 7165 7169 7168
f 5525 7169 7166
f 5527 7169 5525
f 5491 7168 7167
f 7167 7168 5489
f 7165 7168 5491
f 5491 7167 5489
f 5489 7171 7170
f 5523 7166 7163
f 7163 7166 7162
f 5525 7166 5523
f 7162 7165 5493
f 7164 7165 5491
f 5493 7165 7164
f 5493 7164 5491
f 7161 7163 7162
f 5523 7163 7157
f 7157 7163 7161
f 7159 7162 7160
f 5529 7175 7172
f 5483 7180 7179
f 5483 7179 5481
f 5533 7178 7175
f 7174 7178 7177
f 7175 7178 7174
f 7174 7177 5485
f 7176 7177 5483
f 5485 7177 7176
f 5485 7176 5483
f 7171 7175 7174
f 7172 7175 7171
f 7160 7162 5493
f 5531 7175 5529
f 5533 7175 5531
f 7173 7174 5485
f 5487 7174 7173
f 7171 7174 5487
f 5487 7173 5485
f 7168 7172 7171
f 7169 7172 7168
f 5527 7172 7169
f 5529 7172 5527
f 5519 7137 7130
f 7143 7081 7144
f 5515 5514 7143
f 7139 7142 7140
f 5521 7142 5519
f 5519 7142 7139
f 7140 7142 7141
f 7141 7142 5521
f 7137 7139 7138
f 5519 7139 7137
f 7138 7139 7140
f 7130 7137 7131
f 5514 7081 7143
f 7131 7137 7136
f 7136 7137 7138
f 5519 7130 7126
f 7126 7130 7122
f 7132 7130 7135
f 7135 7130 7134
f 7134 7130 7133
f 7133 7130 7073
f 7122 7130 7132
f 7070 7130 7131
f 7155 7076 7154
f 7161 7162 7159
f 5503 7160 5493
f 7159 7160 5503
f 5475 7158 5473
f 5520 5523 7157
f 7147 7077 7148
f 7076 7077 7153
f 7153 7077 7147
f 7074 7076 7150
f 7151 7076 7156
f 7156 7076 7155
f 7177 7180 5483
f 7154 7076 7152
f 7152 7076 7153
f 7150 7076 7151
f 7079 7074 7146
f 7146 7074 7150
f 7147 7148 7149
f 7083 7079 7145
f 7145 7079 7146
f 7081 7083 7144
f 7144 7083 7145
f 7209 7212 7208
f 7212 7217 7216
f 7216 7217 7196
f 7208 7216 7215
f 7215 7216 7196
f 7212 7216 7208
f 7208 7215 7196
f 7211 7214 7212
f 5469 7214 7211
f 5464 7214 5469
f 5460 7214 5464
f 7210 7212 7209
f 7196 7217 5460
f 7213 7212 7210
f 7211 7212 7213
f 7205 7209 7208
f 7210 7209 7204
f 7204 7209 7205
f 7207 7205 7208
f 7206 7205 7207
f 7204 7205 7206
f 7203 7198 7202
f 7202 7198 7201
f 7201 7198 7200
f 7219 7225 7223
f 7228 7230 7229
f 7223 7230 7228
f 7225 7230 7223
f 7223 7228 7224
f 7224 7228 7229
f 5456 7227 7222
f 7221 7227 7226
f 7222 7227 7221
f 5452 7227 5456
f 7221 7226 7219
f 7219 7226 7225
f 7200 7198 7197
f 7219 7223 7224
f 5456 7222 7196
f 7196 7222 7221
f 7220 7221 7219
f 7196 7221 7220
f 7218 7220 7219
f 7196 7220 7218
f 7196 7218 7219
f 5460 7217 7214
f 7214 7217 7212
f 7180 7184 7183
f 7185 7188 5477
f 5477 7188 5475
f 7184 7187 7186
f 5554 7187 7184
f 5558 7187 5554
f 7182 7186 7185
f 7184 7186 7183
f 7183 7186 7182
f 5479 7185 5477
f 7182 7185 5479
f 7181 7184 7180
f 7186 7188 7185
f 5535 7184 7181
f 5554 7184 5535
f 7179 7183 7182
f 7180 7183 7179
f 5481 7182 5479
f 7179 7182 5481
f 5533 7181 7178
f 5535 7181 5533
f 7178 7181 7177
f 7177 7181 7180
f 7189 7191 7190
f 7197 7198 7199
f 5460 5456 7196
f 7192 5518 5516
f 7190 7192 7195
f 7195 7192 5516
f 7158 7190 7194
f 7194 7190 7195
f 5473 7158 7193
f 7193 7158 7194
f 5512 5473 7193
f 7186 7191 7189
f 7073 7130 7070
f 7187 7191 7186
f 5558 7191 7187
f 5537 7191 5558
f 5518 7191 5537
f 7192 7191 5518
f 7190 7191 7192
f 7186 7189 7188
f 7188 7189 7158
f 7158 7189 7190
f 5475 7188 7158
f 5099 7062 7061
f 5170 7065 5097
f 6957 7065 5176
f 7064 7065 5094
f 5097 7065 7064
f 5176 7065 5170
f 7063 7064 5094
f 5097 7064 7063
f 5097 7063 5094
f 5097 7062 5168
f 5168 7062 5099
f 7061 7062 5097
f 5094 7065 6957
f 7060 7061 5097
f 5099 7061 7060
f 5099 7060 5097
f 7058 7059 5099
f 5101 7059 7058
f 5166 7059 5101
f 5099 7059 5166
f 5101 7058 5099
f 7056 7057 5101
f 5103 7057 7056
f 5101 7057 5164
f 7073 7070 7072
f 7081 7084 7082
f 5514 7084 7081
f 5536 7084 5514
f 7079 7082 7080
f 7083 7082 7079
f 7081 7082 7083
f 7074 7080 7075
f 7079 7080 7074
f 7077 7075 7078
f 7076 7075 7077
f 7074 7075 7076
f 5164 7057 5103
f 7072 7070 7069
f 7069 7070 7071
f 6963 5090 5089
f 6965 6963 7068
f 7068 6963 5089
f 6968 6965 7067
f 7067 6965 7068
f 5180 6968 7066
f 7066 6968 7067
f 5265 5180 7066
f 5247 7043 7041
f 7045 7047 7044
f 7044 7047 5109
f 5109 7047 5107
f 7042 7046 7045
f 7043 7046 7042
f 5247 7046 7043
f 5252 7046 5247
f 7042 7045 7044
f 7042 7044 5109
f 7040 7043 7042
f 7041 7043 7040
f 7046 7047 7045
f 5111 7042 5109
f 7040 7042 7039
f 7039 7042 5111
f 5242 7041 7038
f 7037 7041 7040
f 7038 7041 7037
f 5247 7041 5242
f 7037 7040 7039
f 7037 7039 5111
f 7036 7038 7037
f 7050 7052 7049
f 5103 7056 5101
f 7054 7055 5103
f 5105 7055 7054
f 5103 7055 5161
f 5161 7055 5105
f 5105 7054 5103
f 7050 7053 7052
f 7051 7053 7050
f 5162 7053 7051
f 5105 7053 5162
f 7052 7053 5105
f 7082 7084 5536
f 7049 7052 5107
f 5107 7052 5105
f 7048 7051 7050
f 5252 7051 7048
f 5162 7051 5252
f 7047 7050 7049
f 7048 7050 7047
f 7047 7049 5107
f 7046 7048 7047
f 5252 7048 7046
f 7112 7113 5526
f 5526 7118 7117
f 7117 7118 5524
f 7115 7117 5524
f 5526 7117 7115
f 5526 7115 7110
f 7110 7115 7111
f 7111 7115 7116
f 5528 7114 7113
f 7113 7114 5526
f 5526 7114 5528
f 5528 7113 7112
f 5524 7119 5526
f 7110 7112 5526
f 5528 7112 7107
f 7107 7112 7110
f 7107 7110 7105
f 7105 7110 7106
f 7106 7110 7111
f 5530 7109 7108
f 7108 7109 5528
f 5528 7109 5530
f 7107 7108 5528
f 5530 7108 7107
f 5522 7125 5524
f 5522 7129 7128
f 7128 7129 5519
f 5519 7129 5522
f 5522 7128 7127
f 7127 7128 5519
f 7126 7127 5519
f 5522 7127 7126
f 5522 7126 7121
f 7121 7126 7122
f 5524 7125 7124
f 7124 7125 5522
f 5530 7107 7102
f 5524 7124 7123
f 7123 7124 5522
f 7121 7123 5522
f 5524 7123 7121
f 7115 7121 7116
f 5524 7121 7115
f 7116 7121 7120
f 7120 7121 7122
f 5526 7119 7118
f 7118 7119 5524
f 7086 7090 7091
f 7091 7095 7096
f 7093 7094 5534
f 5534 7094 5556
f 5556 7094 7093
f 7087 7093 7092
f 7092 7093 5534
f 7088 7093 7087
f 5556 7093 7088
f 7085 7092 7090
f 7087 7092 7085
f 7085 7090 7086
f 7090 7095 7091
f 5536 7089 7088
f 7088 7089 5556
f 5556 7089 5536
f 7082 7088 7080
f 5536 7088 7082
f 7080 7088 7087
f 7080 7087 7075
f 7075 7087 7085
f 7075 7085 7078
f 7078 7085 7086
f 5532 7102 7097
f 7100 7107 7105
f 7102 7107 7100
f 7100 7105 7101
f 7101 7105 7106
f 5532 7104 7103
f 7103 7104 5530
f 5530 7104 5532
f 7102 7103 5530
f 5532 7103 7102
f 7097 7102 7095
f 7095 7102 7100
f 7225 7231 7230
f 7095 7100 7096
f 7096 7100 7101
f 7098 7099 5532
f 5534 7099 7098
f 5532 7099 5534
f 5534 7098 7097
f 7097 7098 5532
f 5534 7097 7092
f 7092 7097 7090
f 7090 7097 7095
f 5578 7370 5576
f 7372 7374 7371
f 7371 7374 7370
f 7370 7373 5576
f 5576 7373 5574
f 7369 7372 7368
f 7368 7372 7371
f 5624 7372 7369
f 5606 7372 5624
f 7367 7371 7370
f 7368 7371 7367
f 7367 7370 5578
f 7370 7374 7373
f 5624 7369 7366
f 7366 7369 7365
f 7365 7369 7368
f 7365 7368 7364
f 7364 7368 7367
f 7364 7367 5580
f 5580 7367 5578
f 7363 7366 7365
f 5632 7366 7363
f 5628 7366 5632
f 5624 7366 5628
f 5604 7378 7375
f 7381 7383 7382
f 7382 7383 5601
f 5602 7383 7378
f 7379 7381 7380
f 7377 7381 7376
f 7380 7381 7382
f 7376 7381 7379
f 5570 7379 7355
f 7376 7379 5572
f 7355 7379 7380
f 5572 7379 5570
f 7362 7365 7361
f 5602 7378 5604
f 7374 7378 7377
f 7375 7378 7374
f 7374 7377 7373
f 7373 7377 7376
f 7373 7376 5574
f 5574 7376 5572
f 5606 7375 7372
f 7372 7375 7374
f 5604 7375 5606
f 7341 7342 7334
f 7351 7352 7350
f 7349 7350 7296
f 7348 7349 7296
f 7347 7348 7295
f 7295 7348 7296
f 7346 7347 7295
f 7345 7346 7295
f 7344 7345 7295
f 7343 7344 7295
f 7342 7343 7297
f 7297 7343 7295
f 7353 7352 7351
f 7334 7342 7297
f 7340 7341 7336
f 7336 7341 7334
f 7339 7340 7337
f 7337 7340 7336
f 5468 7339 7337
f 5470 7339 5468
f 7331 7338 7330
f 5459 7338 7331
f 7330 7338 7335
f 5584 7361 5582
f 7363 7365 7362
f 7361 7365 7364
f 7361 7364 5582
f 5582 7364 5580
f 5609 7363 7360
f 7360 7363 7359
f 7359 7363 7362
f 5632 7363 5609
f 7359 7362 7357
f 7357 7362 7361
f 7357 7361 5584
f 7377 7383 7381
f 7358 7360 7359
f 5609 7360 7354
f 7354 7360 7358
f 7356 7359 7357
f 7358 7359 7356
f 5586 7357 5584
f 7356 7357 5586
f 5570 7355 5569
f 5610 5609 7354
f 7350 7352 7296
f 7417 7421 7419
f 7420 7426 7427
f 7421 7425 7419
f 5607 7425 7422
f 5622 7425 5607
f 7419 7425 7424
f 7422 7425 7421
f 7419 7424 7423
f 7419 7423 7420
f 7418 7422 7421
f 5607 7422 7418
f 7418 7421 7417
f 7423 7426 7420
f 7416 7419 7413
f 7417 7419 7416
f 7413 7419 7420
f 7415 7418 7414
f 5605 7418 7415
f 7412 7418 7417
f 7414 7418 7412
f 5607 7418 5605
f 7412 7417 7416
f 7412 7416 7413
f 5605 7415 7411
f 7429 7432 7428
f 5630 7439 5626
f 7433 7438 7437
f 7433 7437 7434
f 7432 7436 7435
f 5626 7436 7432
f 7432 7435 7433
f 7432 7433 7431
f 7431 7433 7430
f 7430 7433 7427
f 7427 7433 7434
f 7426 7432 7431
f 7411 7415 7414
f 5622 7432 7429
f 7428 7432 7426
f 5626 7432 5622
f 7426 7431 7430
f 7426 7430 7427
f 7425 7429 7428
f 5622 7429 7425
f 7425 7428 7424
f 7424 7428 7426
f 7424 7426 7423
f 7356 5586 5590
f 7398 7399 7395
f 7397 7398 7395
f 7396 7397 7395
f 7393 7396 7395
f 7393 7395 7394
f 7388 7393 7389
f 7389 7393 7394
f 7392 7388 7391
f 7391 7388 7390
f 7390 7388 7387
f 7387 7388 7389
f 5600 5603 7399
f 7358 7356 7386
f 7386 7356 5590
f 7354 7358 7385
f 7385 7358 7386
f 5610 7354 7384
f 7384 7354 7385
f 5637 5610 7384
f 7378 7383 7377
f 5599 7383 5602
f 5601 7383 5599
f 5603 7409 7399
f 7411 7414 7410
f 7410 7414 7412
f 7410 7412 7408
f 7406 7412 7413
f 7408 7412 7406
f 7407 7411 7405
f 5603 7411 7409
f 7409 7411 7407
f 7405 7411 7410
f 5605 7411 5603
f 7405 7410 7408
f 5463 7338 5459
f 7399 7409 7395
f 7395 7409 7407
f 7405 7408 7406
f 7395 7407 7405
f 7395 7405 7406
f 5612 5611 7404
f 5612 7404 7403
f 5612 7403 7402
f 5612 7402 7400
f 5612 7400 7401
f 7251 7261 7250
f 5471 5469 7265
f 7251 7264 7261
f 7261 7264 7262
f 7252 7264 7251
f 5461 7264 7252
f 5465 7264 5461
f 5467 7264 5465
f 7262 7264 7263
f 7263 7264 5467
f 7250 7261 7259
f 7259 7261 7260
f 7265 7211 7266
f 7260 7261 7262
f 7250 7259 7253
f 7253 7259 7254
f 7254 7259 7258
f 7258 7259 7260
f 7248 7253 7249
f 7250 7253 7248
f 7255 7253 7257
f 7257 7253 7256
f 7256 7253 7203
f 7249 7253 7255
f 7276 7206 7274
f 7284 7280 7283
f 7283 7280 7282
f 7282 7280 7279
f 7279 7280 7281
f 7269 7207 7270
f 7206 7207 7275
f 7275 7207 7269
f 7204 7206 7272
f 7273 7206 7278
f 7278 7206 7277
f 7277 7206 7276
f 7198 7253 7254
f 7274 7206 7275
f 7272 7206 7273
f 7210 7204 7268
f 7268 7204 7272
f 7269 7270 7271
f 7213 7210 7267
f 7267 7210 7268
f 7211 7213 7266
f 7266 7213 7267
f 5469 7211 7265
f 7231 7237 7230
f 5447 7241 7240
f 5447 7240 7236
f 7234 7240 7239
f 7236 7240 7234
f 7234 7239 7235
f 5448 7238 7232
f 7231 7238 7237
f 7237 7238 5447
f 7232 7238 7231
f 5447 7238 5448
f 7236 7237 5447
f 5453 7242 5447
f 7230 7237 7236
f 7229 7236 7234
f 7230 7236 7229
f 7229 7234 7233
f 7233 7234 7235
f 7227 7232 7226
f 5452 7232 7227
f 7226 7232 7231
f 5448 7232 5452
f 7226 7231 7225
f 5453 7247 7246
f 7203 7253 7198
f 7246 7252 7251
f 7247 7252 7246
f 5457 7252 7247
f 5461 7252 5457
f 7245 7251 7250
f 7246 7251 7245
f 7245 7250 7248
f 7245 7248 7243
f 7243 7248 7244
f 7244 7248 7249
f 7285 7280 7284
f 5457 7247 5453
f 7240 7246 7245
f 7241 7246 7240
f 5453 7246 7241
f 7240 7245 7243
f 7239 7243 7235
f 7240 7243 7239
f 7235 7243 7244
f 5447 7242 7241
f 7241 7242 5453
f 7315 7321 7320
f 7320 7326 7325
f 7321 7326 7320
f 5455 7326 7321
f 7320 7325 7318
f 7318 7325 7324
f 7324 7325 7323
f 7322 7324 7323
f 7318 7324 7322
f 7318 7322 7323
f 5449 7321 7316
f 7316 7321 7315
f 7323 7327 7328
f 5451 7321 5449
f 5455 7321 5451
f 7315 7320 7314
f 7314 7320 7319
f 7319 7320 7318
f 7314 7319 7317
f 7317 7319 7318
f 7314 7317 7318
f 7310 7316 7315
f 7312 7316 7310
f 7328 7333 7332
f 5468 7338 5463
f 7337 7338 5468
f 7335 7338 7337
f 7329 7335 7333
f 7333 7335 7334
f 7330 7335 7329
f 7336 7335 7337
f 7334 7335 7336
f 7329 7333 7328
f 7294 7333 7297
f 7297 7333 7334
f 5449 7316 5450
f 7332 7333 7294
f 7328 7332 7294
f 5455 7331 7326
f 7326 7331 7330
f 5459 7331 5455
f 7323 7330 7329
f 7326 7330 7325
f 7325 7330 7323
f 7327 7329 7328
f 7323 7329 7327
f 7294 7295 7296
f 7301 7303 7302
f 7293 7303 7301
f 7293 7301 7302
f 7299 7300 7293
f 7288 7300 7299
f 5462 7300 7288
f 7293 7300 5462
f 7288 7299 7298
f 7298 7299 7293
f 7288 7298 7293
f 7294 7297 7295
f 7303 7304 7302
f 5462 5458 7293
f 7292 5462 7288
f 5466 5462 7292
f 7291 7292 7288
f 7290 7291 7288
f 7289 7290 7288
f 7286 7289 7288
f 7286 7288 7287
f 7280 7286 7281
f 7281 7286 7287
f 7306 7309 7310
f 5450 7316 7312
f 7313 7315 7314
f 7310 7315 7313
f 7310 7313 7314
f 7311 7312 7310
f 7306 7312 7311
f 5454 7312 7308
f 5450 7312 5454
f 7308 7312 7306
f 7309 7311 7310
f 7306 7311 7309
f 7768 7771 7767
f 7304 7308 7302
f 5458 7308 7304
f 7302 7308 7307
f 7307 7308 7306
f 5454 7308 5458
f 7305 7307 7306
f 7302 7307 7305
f 7302 7305 7306
f 5458 7304 7293
f 7293 7304 7303
f 8236 8240 8234
f 1446 8244 1450
f 1442 8244 1446
f 8240 8243 8239
f 8239 8243 8242
f 1521 8243 8240
f 1523 8243 1521
f 8238 8242 8241
f 8239 8242 8238
f 1435 8241 1442
f 8238 8241 1435
f 1522 8240 8236
f 8241 8244 1442
f 1521 8240 1522
f 8234 8240 8239
f 8232 8239 8238
f 8234 8239 8232
f 1434 8238 1435
f 8232 8238 1434
f 8237 5902 1522
f 8235 8237 8236
f 8236 8237 1522
f 8233 8235 8234
f 8234 8235 8236
f 1525 8249 1524
f 1454 8253 1458
f 1525 8252 8249
f 8249 8252 8248
f 8248 8252 8251
f 1526 8252 1525
f 8247 8251 8250
f 8248 8251 8247
f 8247 8250 1454
f 8245 8249 8248
f 1524 8249 8246
f 8246 8249 8245
f 5892 8233 8232
f 8245 8248 8247
f 8244 8247 1450
f 8245 8247 8244
f 1450 8247 1454
f 8242 8246 8245
f 8243 8246 8242
f 1524 8246 1523
f 1523 8246 8243
f 8242 8245 8241
f 8241 8245 8244
f 8211 8218 8216
f 8217 8223 8221
f 8222 8223 8217
f 8216 8221 8220
f 8220 8221 5664
f 8217 8221 8216
f 8215 8220 8214
f 8216 8220 8215
f 8219 8220 5664
f 8214 8220 8219
f 5652 8219 5664
f 8214 8219 5652
f 5664 8224 5676
f 8216 8218 8217
f 8213 8218 8211
f 8212 8218 8213
f 8217 8218 8212
f 8210 8216 8215
f 8211 8216 8210
f 8210 8215 5649
f 5649 8215 8214
f 5649 8214 5652
f 8206 8213 8211
f 5686 8229 8170
f 8232 8233 8234
f 1434 5892 8232
f 5676 8230 8229
f 8227 8230 5676
f 8226 8230 8227
f 8168 8230 8231
f 8231 8230 8226
f 8229 8230 8169
f 8169 8230 8168
f 8228 8229 5686
f 5676 8229 8228
f 1458 8253 1459
f 8170 8229 8169
f 5676 8228 5686
f 8225 8227 5676
f 8221 8227 8225
f 8223 8227 8221
f 8222 8227 8223
f 8226 8227 8222
f 8224 8225 5676
f 8221 8225 5664
f 5664 8225 8224
f 8271 8275 8274
f 1534 8279 8276
f 8275 8279 8278
f 1535 8279 1534
f 8274 8278 8277
f 8275 8278 8274
f 1486 8277 1490
f 8274 8277 1486
f 8272 8276 8275
f 8273 8276 8272
f 1534 8276 1533
f 1533 8276 8273
f 8276 8279 8275
f 8272 8275 8271
f 8271 8274 1486
f 8270 8273 8269
f 1532 8273 8270
f 1533 8273 1532
f 8269 8273 8272
f 8269 8272 8268
f 8268 8272 8271
f 8268 8271 1478
f 1479 8271 1486
f 1478 8271 1479
f 8281 8284 8280
f 1538 8288 1537
f 8285 8287 8284
f 8284 8287 8283
f 8283 8287 8286
f 1498 8286 1502
f 8283 8286 1498
f 8282 8285 8281
f 8281 8285 8284
f 1536 8285 8282
f 1537 8285 1536
f 8280 8284 8283
f 1531 8270 8267
f 1495 8283 1498
f 8280 8283 1495
f 8278 8282 8281
f 8279 8282 8278
f 1535 8282 8279
f 1536 8282 1535
f 8278 8281 8277
f 8277 8281 8280
f 1490 8280 1495
f 8277 8280 1490
f 8255 8257 8254
f 1528 8261 8258
f 8257 8261 8260
f 8258 8261 8257
f 1529 8261 1528
f 8257 8260 8259
f 8256 8259 1459
f 1459 8259 1463
f 8257 8259 8256
f 1527 8258 8255
f 8255 8258 8257
f 1528 8258 1527
f 1463 8262 1470
f 8253 8257 8256
f 8254 8257 8253
f 8253 8256 1459
f 1526 8255 8252
f 8252 8255 8251
f 1527 8255 1526
f 8251 8255 8254
f 8250 8254 8253
f 8251 8254 8250
f 8250 8253 1454
f 8263 8266 8265
f 8266 8270 8269
f 8267 8270 8266
f 1532 8270 1531
f 8265 8269 8268
f 8266 8269 8265
f 8265 8268 1471
f 1471 8268 1478
f 8263 8267 8266
f 8264 8267 8263
f 1530 8267 8264
f 1531 8267 1530
f 8212 8213 8206
f 8262 8265 1471
f 8263 8265 8262
f 8261 8264 8263
f 1529 8264 8261
f 1530 8264 1529
f 8259 8263 8262
f 8261 8263 8260
f 8260 8263 8259
f 8259 8262 1463
f 1470 8262 1471
f 8144 8147 8146
f 8148 8153 8151
f 5661 8152 5667
f 8150 8152 8149
f 8149 8152 5661
f 8147 8151 8150
f 8148 8151 8147
f 8146 8150 8149
f 8147 8150 8146
f 5655 8149 5661
f 8146 8149 5655
f 8148 8147 8144
f 8150 8153 8152
f 5645 8146 5655
f 8142 8146 5645
f 8144 8146 8142
f 8144 8145 8137
f 8141 8145 8143
f 8143 8145 8144
f 8137 8145 8141
f 8141 8143 8142
f 8142 8143 8144
f 5639 8142 5645
f 8141 8142 8140
f 5675 8158 5680
f 8159 8164 8162
f 8160 8164 8159
f 8161 8163 5688
f 8158 8162 8161
f 8159 8162 8158
f 8158 8161 5680
f 5680 8161 5688
f 8160 8159 8154
f 5675 8159 8158
f 8157 8159 5675
f 8154 8159 8157
f 8140 8142 5639
f 8156 8157 5675
f 8153 8157 8156
f 8154 8157 8153
f 8155 8156 5675
f 8153 8156 8152
f 8152 8156 8155
f 5667 8155 5675
f 8152 8155 5667
f 8154 8153 8148
f 8151 8153 8150
f 5660 8125 5654
f 8128 8131 5644
f 8126 8130 8129
f 8127 8130 8126
f 8126 8129 8128
f 8126 8128 8125
f 8125 8128 5654
f 5654 8128 5644
f 8127 8126 8121
f 8121 8126 8124
f 8124 8126 5660
f 5660 8126 8125
f 8129 8132 8128
f 8120 8124 8123
f 8123 8124 5660
f 8121 8124 8120
f 8119 8123 8122
f 8120 8123 8119
f 8122 8123 5660
f 8119 8122 5665
f 5665 8122 5660
f 8121 8120 8113
f 8118 8120 8119
f 8137 8136 8127
f 8135 8141 8140
f 8139 8141 8138
f 8137 8141 8139
f 8138 8141 8135
f 8135 8140 5639
f 8136 8139 8138
f 8137 8139 8136
f 8136 8138 8134
f 8133 8138 8135
f 8134 8138 8133
f 8127 8136 8132
f 8160 8165 8164
f 8132 8136 8134
f 8133 8135 5641
f 5641 8135 5639
f 8132 8134 8131
f 8131 8134 8133
f 8131 8133 5644
f 5644 8133 5641
f 8130 8132 8129
f 8127 8132 8130
f 8128 8132 8131
f 8192 8195 8190
f 8194 8200 8199
f 8194 8199 5669
f 5658 8199 5647
f 5669 8199 5658
f 8196 8198 8197
f 8192 8198 8196
f 8197 8198 8192
f 8195 8196 8197
f 8192 8196 8195
f 8190 8195 8189
f 8189 8195 8194
f 8195 8200 8194
f 8189 8194 5681
f 5681 8194 5669
f 8191 8193 8192
f 8192 8193 8188
f 8188 8193 8191
f 8188 8191 8190
f 8190 8191 8192
f 8188 8190 5691
f 5691 8190 8189
f 5691 8189 5681
f 5686 8170 8171
f 8200 8205 8199
f 8206 8211 8210
f 8206 8210 8209
f 8209 8210 5649
f 8204 8209 5647
f 8206 8209 8204
f 5647 8209 5649
f 8202 8208 8207
f 8207 8208 8206
f 8206 8208 8202
f 8205 8207 8206
f 8202 8207 8205
f 5686 8171 8172
f 8202 8205 8200
f 8204 8205 8206
f 8199 8205 8204
f 8199 8204 5647
f 8201 8203 8202
f 8197 8203 8201
f 8202 8203 8197
f 8197 8201 8200
f 8200 8201 8202
f 8197 8200 8195
f 7963 8167 7961
f 8171 7975 8172
f 8170 7975 8171
f 7973 7974 8169
f 8169 7974 8170
f 8168 7973 8169
f 7972 7973 8168
f 8166 8167 7963
f 7950 8167 8160
f 8163 8167 8166
f 8165 8167 8163
f 8160 8167 8165
f 7974 7975 8170
f 7961 8167 7959
f 7959 8167 7952
f 7952 8167 7950
f 5690 8166 7965
f 8163 8166 5688
f 7965 8166 7963
f 5688 8166 5690
f 8164 8165 8162
f 8161 8165 8163
f 8162 8165 8161
f 8179 8181 8180
f 5686 8172 8173
f 5686 8173 5699
f 8177 8188 5691
f 8187 8188 8185
f 8185 8188 8177
f 8186 8187 8185
f 8184 8186 8185
f 8183 8184 8180
f 8180 8184 8185
f 8182 8183 8180
f 8181 8182 8180
f 1537 8288 8285
f 8178 8179 8180
f 8176 8177 5691
f 8175 8176 5691
f 8175 5691 8174
f 8174 5691 5694
f 7967 5739 5699
f 7969 7967 8173
f 8173 7967 5699
f 7975 7969 8172
f 8172 7969 8173
f 8398 8402 1431
f 8403 8407 8402
f 8402 8407 8406
f 8402 8406 1516
f 1513 8406 1508
f 1516 8406 1513
f 8399 8405 8403
f 8400 8405 8399
f 8401 8405 8400
f 8404 8405 8401
f 8399 8403 8398
f 8398 8403 8402
f 8408 8409 8404
f 1431 8402 1516
f 8395 8400 8399
f 8401 8400 8397
f 8397 8400 8396
f 8396 8400 8395
f 8395 8399 8398
f 8395 8398 8394
f 8394 8398 1430
f 1430 8398 1431
f 8397 8396 8393
f 8392 8396 8391
f 1508 8414 1504
f 8414 8419 8418
f 8415 8419 8414
f 8414 8418 1504
f 1504 8418 1500
f 8411 8417 8415
f 8413 8417 8411
f 8412 8417 8413
f 8416 8417 8412
f 8410 8415 8414
f 8411 8415 8410
f 8410 8414 1508
f 8391 8396 8395
f 8407 8413 8411
f 8409 8413 8407
f 8408 8413 8409
f 8412 8413 8408
f 8406 8411 8410
f 8407 8411 8406
f 8406 8410 1508
f 8403 8409 8407
f 8405 8409 8403
f 8404 8409 8405
f 8374 8379 5964
f 8381 8384 8383
f 8381 8383 8380
f 8380 8383 8379
f 8379 8383 8382
f 8379 8382 5961
f 5961 8382 5958
f 8376 8381 8375
f 8378 8381 8376
f 8375 8381 8380
f 8374 8380 8379
f 8375 8380 8374
f 8385 8384 8378
f 5964 8379 5961
f 8372 8376 8373
f 8378 8376 8377
f 8371 8376 8375
f 8377 8376 8372
f 8373 8376 8371
f 8371 8375 8374
f 8370 8374 5967
f 8371 8374 8370
f 5967 8374 5964
f 8386 8390 5955
f 8393 8396 8392
f 8390 8395 8394
f 8391 8395 8390
f 8390 8394 5952
f 5952 8394 1430
f 8388 8392 8387
f 8393 8392 8389
f 8389 8392 8388
f 8387 8392 8391
f 8387 8391 8390
f 8387 8390 8386
f 8420 8421 8416
f 5955 8390 5952
f 8389 8388 8385
f 8384 8388 8387
f 8385 8388 8384
f 8384 8387 8383
f 8382 8387 8386
f 8383 8387 8382
f 8382 8386 5958
f 5958 8386 5955
f 8378 8384 8381
f 8445 8448 8444
f 8450 8454 1468
f 1468 8454 1465
f 8448 8453 8451
f 8449 8453 8448
f 8452 8453 8449
f 8446 8451 8450
f 8448 8451 8447
f 8447 8451 8446
f 8446 8450 1468
f 8449 8448 8445
f 8443 8448 8447
f 8451 8455 8450
f 8444 8448 8443
f 8442 8447 8446
f 8443 8447 8442
f 8442 8446 1476
f 1473 8446 1468
f 1476 8446 1473
f 8445 8444 8441
f 8439 8444 8443
f 8441 8444 8440
f 8440 8444 8439
f 8438 8443 8442
f 8456 8461 8457
f 8462 8466 1456
f 8460 8464 8461
f 8465 8464 8460
f 8461 8464 8463
f 8461 8463 8459
f 8459 8463 8458
f 8458 8463 8462
f 1461 8462 1456
f 8458 8462 1461
f 8455 8461 8459
f 8457 8461 8455
f 8439 8443 8438
f 8460 8461 8456
f 8454 8459 8458
f 8455 8459 8454
f 8454 8458 1465
f 1465 8458 1461
f 8453 8457 8451
f 8452 8457 8453
f 8451 8457 8455
f 8456 8457 8452
f 8450 8455 8454
f 8425 8424 8420
f 8427 8431 8426
f 8426 8430 1493
f 1493 8430 1488
f 8423 8428 8427
f 8429 8428 8425
f 8425 8428 8424
f 8424 8428 8423
f 8423 8427 8422
f 8422 8427 8426
f 8422 8426 1492
f 1492 8426 1493
f 8426 8431 8430
f 8419 8424 8423
f 8421 8424 8419
f 8420 8424 8421
f 8419 8423 8418
f 8418 8423 8422
f 8418 8422 1500
f 1500 8422 1492
f 8415 8421 8419
f 8417 8421 8415
f 8416 8421 8417
f 8431 8436 8435
f 8438 8442 1476
f 8441 8440 8437
f 8435 8440 8439
f 8437 8440 8436
f 8436 8440 8435
f 8434 8439 8438
f 8435 8439 8434
f 8434 8438 1484
f 1481 8438 1476
f 1484 8438 1481
f 8437 8436 8433
f 8367 8373 8371
f 8433 8436 8432
f 8432 8436 8431
f 8430 8435 8434
f 8431 8435 8430
f 8430 8434 1488
f 1488 8434 1484
f 8433 8432 8429
f 8427 8432 8431
f 8429 8432 8428
f 8428 8432 8427
f 8302 8307 8306
f 8308 8312 8311
f 8308 8311 6010
f 6010 8311 6006
f 5917 8310 8307
f 8307 8310 8306
f 8306 8310 8309
f 5919 8310 5917
f 8306 8309 8305
f 8305 8309 8308
f 8305 8308 6013
f 6013 8308 6010
f 8309 8312 8308
f 5917 8307 5915
f 5915 8307 8303
f 8303 8307 8302
f 8301 8306 8305
f 8302 8306 8301
f 5944 8305 6013
f 8301 8305 5944
f 5931 5933 8304
f 1142 1144 8303
f 8303 1144 5915
f 1141 1142 8302
f 8313 8316 8312
f 8317 8320 5987
f 5987 8320 5985
f 8315 8319 8318
f 8316 8319 8315
f 5923 8319 8316
f 5925 8319 5923
f 8315 8318 8317
f 8314 8317 6002
f 8315 8317 8314
f 6002 8317 5987
f 8312 8316 8315
f 8302 1142 8303
f 5921 8316 8313
f 5923 8316 5921
f 8312 8315 8314
f 8312 8314 8311
f 8311 8314 6006
f 6006 8314 6002
f 8309 8313 8312
f 5919 8313 8310
f 8310 8313 8309
f 5921 8313 5919
f 8289 8292 1510
f 1541 8297 1540
f 8292 8296 8295
f 8293 8296 8292
f 8292 8295 1511
f 8290 8294 8293
f 8291 8294 8290
f 1539 8294 8291
f 1540 8294 1539
f 8290 8293 8289
f 8289 8293 8292
f 1510 8292 1511
f 1540 8297 8294
f 8288 8291 8290
f 1538 8291 8288
f 1539 8291 1538
f 8288 8290 8287
f 8287 8290 8289
f 8286 8289 1502
f 1506 8289 1510
f 1502 8289 1506
f 8287 8289 8286
f 8285 8288 8287
f 1094 8300 1542
f 1139 1141 8302
f 1137 1139 8301
f 8301 1139 8302
f 5944 1137 8301
f 8296 8300 8299
f 8299 8300 1090
f 8297 8300 8296
f 1095 8300 1094
f 1090 8300 1095
f 1541 8300 8297
f 1542 8300 1541
f 8318 8321 8317
f 8296 8299 8298
f 8298 8299 1090
f 8296 8298 8295
f 1086 8298 1090
f 1088 8298 1086
f 1518 8298 1088
f 1511 8298 1518
f 8295 8298 1511
f 8294 8297 8293
f 8293 8297 8296
f 8355 8356 8354
f 8356 8360 8354
f 8362 8360 8361
f 8361 8360 8349
f 8354 8360 8359
f 8353 8359 8358
f 8354 8359 8353
f 8353 8358 5979
f 5979 8358 5976
f 8349 8356 8350
f 8357 8356 8355
f 8350 8356 8357
f 8349 8360 8356
f 8355 8354 8352
f 8352 8354 8353
f 8347 8353 5979
f 8352 8353 8347
f 8351 8334 8336
f 1438 8346 1439
f 8348 8349 8350
f 8347 5979 5948
f 8345 5893 8346
f 8346 5893 1439
f 8364 8367 8363
f 8369 8373 8368
f 8368 8373 8367
f 8372 8373 8369
f 8366 8371 8370
f 8367 8371 8366
f 5970 8370 5967
f 8366 8370 5970
f 8365 8368 8364
f 8362 8368 8365
f 8369 8368 8362
f 8364 8368 8367
f 8343 8345 8344
f 8363 8367 8366
f 8363 8366 5973
f 5973 8366 5970
f 8362 8365 8360
f 8359 8365 8364
f 8360 8365 8359
f 8358 8364 8363
f 8359 8364 8358
f 8358 8363 5976
f 5976 8363 5973
f 8322 8325 8321
f 8325 8330 8324
f 8324 8328 8323
f 8327 8328 8329
f 8323 8328 8326
f 8326 8328 8327
f 8323 8326 5980
f 5981 8326 8327
f 5980 8326 5981
f 5927 8325 8322
f 5929 8325 5927
f 8321 8325 8324
f 5929 8330 8325
f 8321 8324 8320
f 8320 8324 8323
f 8320 8323 5985
f 5983 8323 5980
f 5985 8323 5983
f 8319 8322 8321
f 5925 8322 8319
f 5927 8322 5925
f 8317 8321 8320
f 8319 8321 8318
f 8337 8338 8336
f 8344 8345 8346
f 1035 8343 8342
f 8342 8343 8344
f 1033 1035 8342
f 1028 1033 8341
f 8341 1033 8342
f 1029 1028 8336
f 8336 1028 8341
f 8340 1029 8336
f 8339 8340 8336
f 8338 8339 8336
f 8113 8120 8118
f 8335 8337 8336
f 8332 8335 8334
f 8334 8335 8336
f 8333 8332 8334
f 8331 8332 8333
f 8304 8330 5931
f 5931 8330 5929
f 8328 8330 8329
f 8329 8330 8304
f 8324 8330 8328
f 702 7870 5727
f 7871 7875 7874
f 7873 7875 7872
f 7872 7875 7871
f 7871 7874 5731
f 7870 7873 7872
f 871 7873 7870
f 7868 7872 7871
f 7870 7872 7869
f 7869 7872 7868
f 5729 7871 5731
f 7868 7871 5729
f 707 7876 871
f 5727 7870 7869
f 871 7870 702
f 5727 7869 7868
f 5727 7868 5729
f 5727 7867 702
f 7866 7867 5727
f 7864 7867 7866
f 702 7867 7864
f 7865 7866 5727
f 7864 7866 7863
f 7863 7866 7862
f 707 7879 7876
f 1151 7882 1155
f 712 7882 707
f 7880 7881 1149
f 1149 7881 1151
f 707 7881 7880
f 7877 7880 5734
f 707 7880 7877
f 1146 7880 1149
f 1148 7880 1146
f 5736 7880 1148
f 5734 7880 5736
f 7862 7866 7865
f 7878 7879 707
f 7876 7879 7878
f 7877 7878 707
f 7874 7878 7877
f 7876 7878 7875
f 7875 7878 7874
f 5731 7877 5734
f 7874 7877 5731
f 7873 7876 7875
f 871 7876 7873
f 846 7852 7849
f 7851 7855 7854
f 7854 7855 697
f 697 7855 7852
f 7852 7855 7851
f 7850 7854 7853
f 7851 7854 7850
f 7853 7854 697
f 7850 7853 5717
f 5717 7853 5719
f 7848 7852 7851
f 7849 7852 7848
f 5719 7856 5721
f 697 7852 846
f 7847 7851 7850
f 7848 7851 7847
f 7847 7850 5717
f 7845 7849 7848
f 7846 7849 7845
f 846 7849 7846
f 7844 7848 7847
f 7845 7848 7844
f 7844 7847 5715
f 700 7861 7858
f 5725 7865 5727
f 7862 7865 5725
f 7860 7864 7863
f 702 7864 700
f 7861 7864 7860
f 700 7864 7861
f 7859 7863 7862
f 7860 7863 7859
f 5723 7862 5725
f 7859 7862 5723
f 7857 7861 7860
f 1155 7882 1156
f 7858 7861 7857
f 7856 7860 7859
f 7857 7860 7856
f 7856 7859 5721
f 5721 7859 5723
f 700 7858 697
f 697 7858 7857
f 697 7857 7856
f 697 7856 7853
f 7853 7856 5719
f 7918 7920 7919
f 7919 7925 7923
f 7923 7925 7924
f 7919 7923 7924
f 7916 7922 7921
f 7917 7922 7916
f 5657 7922 7917
f 5646 7922 5657
f 7916 7921 7914
f 7920 7921 7919
f 7914 7921 7920
f 7914 7920 7918
f 7925 7926 7924
f 7914 7918 7919
f 5671 7917 7912
f 7912 7917 7911
f 5657 7917 5671
f 7911 7917 7916
f 7911 7916 7909
f 7909 7916 7915
f 7915 7916 7914
f 7909 7915 7913
f 7913 7915 7914
f 7909 7913 7914
f 7926 7931 7924
f 5662 7937 5651
f 7930 7936 7935
f 7931 7936 7930
f 7929 7935 7933
f 7933 7935 7934
f 7930 7935 7929
f 7929 7933 7934
f 7927 7932 7926
f 7926 7932 7931
f 5651 7932 7927
f 7924 7931 7930
f 7905 7912 7911
f 7928 7930 7929
f 7924 7930 7928
f 7924 7928 7929
f 7922 7927 7921
f 5646 7927 7922
f 7921 7927 7926
f 5648 7927 5646
f 5651 7927 5648
f 7921 7926 7919
f 7919 7926 7925
f 7886 7887 1243
f 7896 7897 7898
f 7890 7896 7891
f 7895 7890 7894
f 7894 7890 7893
f 7893 7890 7892
f 7892 7890 7889
f 7889 7890 7891
f 7888 5696 1239
f 1239 5696 1237
f 7887 7888 1240
f 1240 7888 1239
f 7890 7897 7896
f 1243 7887 1240
f 7885 7886 1245
f 1245 7886 1243
f 7884 7885 1246
f 1246 7885 1245
f 1247 7884 1246
f 7883 7884 1247
f 7881 7882 1151
f 707 7882 7881
f 1156 7882 712
f 5682 7907 5693
f 7907 7912 7905
f 5682 7912 7907
f 5671 7912 5682
f 7905 7911 7910
f 7910 7911 7909
f 7905 7910 7908
f 7908 7910 7909
f 7905 7908 7909
f 7906 7907 7905
f 7898 7907 7906
f 5693 7907 7898
f 5715 7847 5717
f 7898 7906 7904
f 7904 7906 7905
f 7898 7904 7905
f 7903 7885 7884
f 7903 7884 7883
f 7902 5693 7898
f 7901 7902 7898
f 7900 7901 7898
f 7899 7900 7898
f 7897 7899 7898
f 7793 7794 5640
f 5643 7799 5653
f 7796 7799 5643
f 5640 7798 7797
f 694 7798 5640
f 755 7798 694
f 5640 7797 7796
f 5640 7796 5643
f 7794 7795 5640
f 7792 7795 7794
f 5640 7795 694
f 694 7795 7792
f 7797 7800 7796
f 7792 7794 7791
f 7790 7794 7793
f 7791 7794 7790
f 5642 7793 5640
f 7790 7793 5642
f 694 7792 691
f 7789 7792 7791
f 691 7792 7789
f 7788 7791 7787
f 7789 7791 7788
f 7787 7791 7790
f 7800 7804 7803
f 767 7808 7805
f 5659 7808 5666
f 7803 7807 7806
f 7804 7807 7803
f 7806 7807 767
f 767 7807 7804
f 7802 7806 7805
f 7805 7806 767
f 7803 7806 7802
f 7802 7805 5659
f 755 7804 7801
f 7787 7790 5650
f 7801 7804 7800
f 767 7804 755
f 7799 7803 7802
f 7800 7803 7799
f 5653 7802 5659
f 7799 7802 5653
f 7797 7801 7800
f 7798 7801 7797
f 755 7801 7798
f 7796 7800 7799
f 7773 7775 7772
f 7776 7780 7779
f 7777 7780 7776
f 692 7780 735
f 735 7780 7777
f 7776 7779 7778
f 7776 7778 7775
f 7775 7778 5670
f 7773 7777 7776
f 7774 7777 7773
f 735 7777 7774
f 7773 7776 7775
f 5670 7781 5663
f 7772 7775 5677
f 5677 7775 5670
f 726 7774 5683
f 5683 7774 7773
f 735 7774 726
f 5683 7773 7772
f 5683 7772 5677
f 7767 7771 7770
f 5683 7771 726
f 726 7771 7768
f 692 7784 7781
f 5650 7790 5642
f 691 7789 7786
f 7786 7789 7785
f 7785 7789 7788
f 7785 7788 7787
f 7784 7787 5656
f 7785 7787 7784
f 5656 7787 5650
f 692 7786 7785
f 691 7786 692
f 692 7785 7784
f 7805 7808 5659
f 7781 7784 5663
f 5663 7784 5656
f 7780 7783 7779
f 692 7783 7780
f 7782 7783 692
f 7779 7783 7782
f 7779 7782 7778
f 7781 7782 692
f 7778 7782 7781
f 7778 7781 5670
f 7829 7832 5703
f 7833 7837 7836
f 7834 7837 7833
f 823 7837 7834
f 7832 7836 7835
f 7833 7836 7832
f 5705 7835 5707
f 7832 7835 5705
f 812 7834 7833
f 823 7834 812
f 812 7833 7832
f 5703 7832 5705
f 7835 7838 5707
f 812 7832 7829
f 7827 7831 7830
f 7830 7831 812
f 812 7831 7828
f 7828 7831 7827
f 7829 7830 812
f 7826 7830 7829
f 7827 7830 7826
f 5701 7829 5703
f 7826 7829 5701
f 812 7828 801
f 7839 7842 7838
f 5713 7846 7845
f 834 7846 5713
f 846 7846 834
f 5713 7845 7844
f 5713 7844 5715
f 7842 7843 5713
f 5713 7843 834
f 7839 7843 7842
f 834 7843 7840
f 7840 7843 7839
f 7838 7842 7841
f 7824 7828 7827
f 7841 7842 5713
f 5711 7841 5713
f 7838 7841 5711
f 7836 7840 7839
f 7837 7840 7836
f 823 7840 7837
f 834 7840 823
f 7836 7839 7838
f 5707 7838 5711
f 7836 7838 7835
f 7812 7814 7811
f 7815 7818 7814
f 7817 7818 5687
f 7814 7817 5679
f 5679 7817 5687
f 7812 7816 7815
f 7813 7816 7812
f 779 7816 7813
f 790 7816 779
f 7812 7815 7814
f 7811 7814 5672
f 5672 7814 5679
f 7814 7818 7817
f 7809 7813 7812
f 7810 7813 7809
f 779 7813 7810
f 7808 7812 7811
f 7809 7812 7808
f 7808 7811 5666
f 5666 7811 5672
f 767 7810 7809
f 779 7810 767
f 767 7809 7808
f 5695 7823 5701
f 801 7828 7825
f 7825 7828 7824
f 7824 7827 7826
f 7824 7826 7823
f 7823 7826 5701
f 7822 7825 7821
f 801 7825 7822
f 7821 7825 7824
f 7821 7824 7820
f 7820 7824 7823
f 7820 7823 5695
f 7932 7937 7931
f 5687 7822 7821
f 790 7822 5687
f 801 7822 790
f 5687 7821 7820
f 5687 7820 5695
f 7815 7819 7818
f 7816 7819 7815
f 7818 7819 5687
f 790 7819 7816
f 5687 7819 790
f 8058 8060 5724
f 8063 8066 8061
f 8061 8066 8065
f 8060 8065 8062
f 8061 8065 8060
f 8064 8063 8053
f 8059 8063 8061
f 8053 8063 8059
f 5724 8062 5722
f 8060 8062 5724
f 8059 8061 8060
f 8059 8060 8058
f 8064 8066 8063
f 8055 8059 8058
f 8053 8059 8057
f 8057 8059 8056
f 8056 8059 8055
f 5726 8058 5724
f 8055 8058 5726
f 8053 8057 8054
f 8054 8057 8056
f 8052 8056 8055
f 8054 8056 8052
f 8052 8055 5728
f 8067 8071 8070
f 8074 8077 8073
f 5718 8076 5716
f 8073 8076 5718
f 8075 8074 8069
f 8069 8074 8071
f 8070 8074 8073
f 8071 8074 8070
f 8070 8073 5718
f 8068 8072 8071
f 8071 8072 8069
f 8069 8072 8068
f 5728 8055 5726
f 8068 8071 8067
f 8067 8070 5722
f 5720 8070 5718
f 5722 8070 5720
f 8069 8068 8064
f 8065 8068 8067
f 8066 8068 8065
f 8064 8068 8066
f 8062 8067 5722
f 8065 8067 8062
f 8037 8039 8035
f 8041 8044 5735
f 5735 8044 5733
f 8039 8043 8042
f 8040 8043 8039
f 8038 8042 8041
f 8039 8042 8038
f 8038 8041 5737
f 5737 8041 5735
f 8040 8039 8037
f 8034 8039 8038
f 8035 8039 8034
f 8040 8045 8043
f 8034 8038 5737
f 8037 8036 8028
f 8035 8036 8037
f 8033 8036 8035
f 8028 8036 8033
f 8032 8035 8034
f 8033 8035 8032
f 8032 8034 5738
f 5738 8034 5737
f 8029 8033 8032
f 8046 8049 5732
f 8051 8054 5730
f 5730 8054 8052
f 8047 8054 8051
f 8053 8054 8047
f 5730 8052 5728
f 8050 8051 5730
f 8048 8051 8050
f 8047 8051 8048
f 8049 8050 5730
f 8046 8050 8049
f 8048 8050 8046
f 8073 8077 8076
f 5732 8049 5730
f 8044 8048 8046
f 8045 8048 8044
f 8040 8048 8045
f 8047 8048 8040
f 8044 8046 5733
f 5733 8046 5732
f 8041 8045 8044
f 8043 8045 8042
f 8042 8045 8041
f 8102 8104 8103
f 8103 8109 8106
f 8105 8108 8107
f 8106 8108 8105
f 5685 8107 5678
f 8105 8107 5685
f 8103 8106 8105
f 5692 8105 5685
f 5700 8105 5692
f 8103 8105 8101
f 8101 8105 5700
f 8103 8104 8095
f 8106 8109 8108
f 8100 8104 8102
f 8095 8104 8100
f 8101 8102 8103
f 8100 8102 8099
f 8099 8102 8101
f 5702 8101 5700
f 8099 8101 5702
f 8098 8100 8097
f 8096 8100 8099
f 8097 8100 8096
f 8095 8100 8098
f 8112 8115 8114
f 8118 8119 8117
f 8117 8119 5665
f 8116 8118 8115
f 8113 8118 8116
f 8115 8118 8114
f 8114 8118 8117
f 8114 8117 5673
f 5668 8117 5665
f 5673 8117 5668
f 8112 8116 8115
f 8113 8116 8112
f 8096 8099 5702
f 8112 8114 8111
f 5678 8114 5673
f 8111 8114 5678
f 8113 8112 8110
f 8108 8112 8111
f 8110 8112 8108
f 8108 8111 8107
f 8107 8111 5678
f 8110 8109 8103
f 8108 8109 8110
f 8079 8082 5714
f 8087 8086 8081
f 8084 8086 8083
f 8081 8086 8084
f 8083 8086 5712
f 5712 8086 8085
f 5712 8085 5708
f 8080 8084 8083
f 8081 8084 8080
f 8079 8083 8082
f 8082 8083 5712
f 8080 8083 8079
f 5708 8088 5706
f 5714 8082 5712
f 8081 8080 8075
f 8078 8080 8077
f 8075 8080 8078
f 8077 8080 8076
f 8076 8080 8079
f 8076 8079 5716
f 5716 8079 5714
f 8074 8078 8077
f 8075 8078 8074
f 8091 8092 8089
f 8094 8098 8097
f 8095 8098 8094
f 8094 8097 8096
f 5704 8096 5702
f 8094 8096 8093
f 8093 8096 5704
f 8087 8094 8092
f 8092 8094 8090
f 8095 8094 8087
f 8090 8094 8093
f 8090 8093 5704
f 8031 8033 8030
f 8087 8092 8091
f 8089 8092 8088
f 8088 8092 8090
f 8086 8091 8089
f 8087 8091 8086
f 5706 8090 5704
f 8088 8090 5706
f 8086 8089 8088
f 8086 8088 8085
f 8085 8088 5708
f 7973 7971 7974
f 7977 7980 5742
f 5742 7979 5744
f 7971 7978 7977
f 7970 7978 7971
f 7976 7977 5742
f 7968 7977 7976
f 7971 7977 7968
f 7968 7976 5740
f 5740 7976 5742
f 7975 7971 7969
f 7974 7971 7975
f 7970 7980 7978
f 7972 7971 7973
f 7969 7971 7968
f 7970 7971 7972
f 7969 7968 7967
f 7967 7968 5740
f 5690 7965 5697
f 7967 5740 5739
f 7966 5710 5697
f 7964 7966 7965
f 7965 7966 5697
f 7962 7964 7963
f 7980 7984 7983
f 7986 7990 7989
f 7987 7990 7986
f 7985 7989 7988
f 7986 7989 7985
f 5749 7988 5751
f 7985 7988 5749
f 5746 7986 7985
f 7987 7986 7981
f 7981 7986 7984
f 7984 7986 5746
f 5746 7985 5749
f 7963 7964 7965
f 7981 7984 7980
f 7983 7984 5746
f 7979 7983 7982
f 7982 7983 5746
f 7980 7983 7979
f 7979 7982 5744
f 5744 7982 5746
f 5742 7980 7979
f 7978 7980 7977
f 7981 7980 7970
f 7937 7942 7936
f 7944 7945 7886
f 7941 7945 7940
f 7886 7945 7887
f 7887 7945 7888
f 7940 7944 7939
f 7885 7944 7886
f 7939 7944 7943
f 7943 7944 7885
f 7939 7943 7903
f 7903 7943 7885
f 7936 7942 7941
f 7940 7945 7944
f 5662 7942 7937
f 5674 7942 5662
f 7935 7941 7940
f 7936 7941 7935
f 7934 7940 7938
f 7935 7940 7934
f 7938 7940 7939
f 7934 7938 7939
f 5651 7937 7932
f 7931 7937 7936
f 7948 7951 7950
f 7960 7962 7961
f 7961 7962 7963
f 7958 7960 7959
f 7959 7960 7961
f 7957 7958 7952
f 7952 7958 7959
f 7956 7957 7952
f 7955 7956 7952
f 7954 7955 7952
f 7953 7954 7952
f 7951 7953 7952
f 5751 7991 5753
f 7950 7951 7952
f 7949 7948 7950
f 7947 7948 7949
f 7945 7946 7888
f 7942 7946 7941
f 7888 7946 5696
f 7941 7946 7945
f 5674 7946 7942
f 5684 7946 5674
f 5696 7946 5684
f 8014 8016 8013
f 8019 8023 8018
f 8017 8022 8021
f 8018 8022 8017
f 5747 8021 5745
f 8017 8021 5747
f 8020 8019 8011
f 8016 8019 8018
f 8011 8019 8016
f 8016 8018 8015
f 8015 8018 8017
f 8015 8017 5747
f 8020 8023 8019
f 8013 8016 5750
f 8011 8016 8014
f 5750 8016 8015
f 5748 8015 5747
f 5750 8015 5748
f 8011 8014 8010
f 8010 8014 8013
f 8012 8013 5750
f 8009 8013 8012
f 8010 8013 8009
f 8024 8027 8026
f 8030 8033 8029
f 8028 8033 8031
f 8029 8032 5741
f 5741 8032 5738
f 8027 8031 8030
f 8028 8031 8027
f 8026 8030 8029
f 8027 8030 8026
f 8026 8029 5743
f 5743 8029 5741
f 8028 8027 8020
f 8009 8012 5752
f 8020 8027 8025
f 8025 8027 8024
f 8024 8026 5743
f 8021 8025 8024
f 8023 8025 8022
f 8020 8025 8023
f 8022 8025 8021
f 5745 8024 5743
f 8021 8024 5745
f 8018 8023 8022
f 7995 7996 7987
f 7997 8001 8000
f 7998 8001 7997
f 5755 8000 5757
f 7997 8000 5755
f 7999 7998 7995
f 7995 7998 7997
f 7993 7997 5755
f 7995 7997 7993
f 7992 7996 7994
f 7994 7996 7995
f 7987 7996 7992
f 7999 8002 7998
f 7991 7994 7993
f 7993 7994 7995
f 7992 7994 7991
f 7991 7993 5753
f 5753 7993 5755
f 7988 7992 7991
f 7990 7992 7989
f 7987 7992 7990
f 7989 7992 7988
f 7988 7991 5751
f 8004 8007 8003
f 5752 8012 5750
f 8011 8010 8005
f 8005 8010 8008
f 8007 8010 8006
f 8006 8010 8009
f 8008 8010 8007
f 8006 8009 5754
f 5754 8009 5752
f 8004 8008 8007
f 8005 8008 8004
f 8003 8007 8006
f 1456 8466 1452
f 8003 8006 5756
f 5756 8006 5754
f 8005 8004 7999
f 7999 8004 8001
f 8000 8004 8003
f 8001 8004 8000
f 8000 8003 5757
f 5757 8003 5756
f 8001 8002 7999
f 7998 8002 8001
f 5091 11141 11121
f 11146 11134 11133
f 11146 11132 11134
f 11146 11131 11132
f 5154 6962 11144
f 11144 6962 11145
f 6958 11130 11131
f 6958 5263 11130
f 11143 3937 11142
f 11142 3937 3941
f 11133 11135 3931
f 3931 11135 3929
f 11146 3931 3934
f 5091 11121 5079
f 11141 11140 11129
f 11141 11129 11121
f 11140 11139 11128
f 11140 11128 11129
f 11139 11138 11122
f 11139 11122 11128
f 11138 4777 4939
f 11138 4939 11122
f 11137 11120 11136
f 11137 11136 11119
f 11147 11146 3934
f 11153 4778 4777
f 11153 11139 11152
f 11153 11138 11139
f 11153 4777 11138
f 11152 11140 11151
f 11152 11139 11140
f 11151 11141 11150
f 11151 11140 11141
f 11150 5091 5144
f 11150 11141 5091
f 11147 11145 6962
f 11137 11119 11120
f 11147 3937 11143
f 11147 6960 11146
f 11147 6962 6960
f 11147 11143 11149
f 11147 11149 11148
f 11147 11148 11145
f 11147 3934 3937
f 11146 6958 11131
f 11146 11133 3931
f 11146 6960 6958
f 11123 11108 5085
f 11127 5082 5081
f 11126 4954 11125
f 11126 11125 5083
f 11126 4955 4954
f 11126 5083 5082
f 11125 4954 11124
f 11125 11124 5083
f 11124 11123 5084
f 11124 4954 11123
f 11124 5084 5083
f 11123 4950 11111
f 11127 11128 11122
f 11123 4954 4953
f 11123 4953 4950
f 11123 5085 5084
f 11123 11109 11108
f 11123 11110 11109
f 11123 11111 11110
f 4939 4948 11122
f 4948 4956 11122
f 11121 5081 5080
f 11121 5080 5079
f 11116 11131 11115
f 11136 11120 11134
f 11136 11132 11119
f 11136 11134 11132
f 3933 11135 11113
f 3933 3929 11135
f 11113 11133 11114
f 11113 11135 11133
f 11114 11134 11120
f 11114 11133 11134
f 11119 11132 11116
f 11132 11131 11116
f 11154 5144 5142
f 11131 11130 11115
f 11115 11130 5264
f 11130 5263 5264
f 11127 11126 5082
f 11127 11122 4956
f 11127 4955 11126
f 11127 5081 11121
f 11127 4956 4955
f 11127 11121 11129
f 11127 11129 11128
f 11177 4813 4807
f 11181 11177 11176
f 11181 11176 11180
f 11181 4816 11177
f 11180 11176 11175
f 11180 11175 11179
f 11179 11174 11178
f 11179 11175 11174
f 11178 5132 5130
f 11178 11174 5132
f 11177 4807 11173
f 11177 4816 4813
f 11182 11179 11178
f 11177 11173 11176
f 11176 11173 11172
f 11176 11172 11171
f 11176 11171 11175
f 11175 11171 11174
f 11174 11170 5134
f 11174 5134 5132
f 11174 11171 11170
f 11173 11168 11172
f 11173 11169 11168
f 11173 4801 11169
f 11186 5128 5126
f 11190 11187 11186
f 11190 11186 5126
f 11189 4829 4826
f 11189 4826 4823
f 11189 11185 11188
f 11189 4823 11185
f 11188 11183 11187
f 11188 11185 11184
f 11188 11184 11183
f 11187 11182 11186
f 11187 11183 11182
f 11173 4807 4801
f 11186 11182 5128
f 11185 4823 4816
f 11185 11181 11184
f 11185 4816 11181
f 11184 11179 11183
f 11184 11181 11180
f 11184 11180 11179
f 11183 11179 11182
f 11182 5130 5128
f 11182 11178 5130
f 11158 5142 5140
f 11162 11158 5140
f 11162 5140 5138
f 11161 11156 11160
f 11161 4789 11157
f 11161 11157 11156
f 11161 4795 4789
f 11160 11155 11159
f 11160 11156 11155
f 11159 11154 11158
f 11159 11155 11154
f 11158 11154 5142
f 11163 11158 11162
f 11157 11153 11152
f 11157 4778 11153
f 11157 4789 4784
f 11157 4784 4778
f 11157 11152 11156
f 11156 11151 11155
f 11156 11152 11151
f 11155 11150 11154
f 11155 11151 11150
f 11154 11150 5144
f 11168 11164 11163
f 11172 11168 11171
f 11171 11166 11170
f 11171 11167 11166
f 11171 11168 11167
f 11170 11166 5136
f 11170 5136 5134
f 11169 4795 11165
f 11169 11165 11164
f 11169 4801 4795
f 11169 11164 11168
f 11168 11163 11167
f 4950 11112 11111
f 11167 11163 11162
f 11167 11162 11166
f 11166 5138 5136
f 11166 11162 5138
f 11165 11161 11164
f 11165 4795 11161
f 11164 11161 11160
f 11164 11160 11159
f 11164 11159 11163
f 11163 11159 11158
f 11026 11030 11083
f 11087 11083 11030
f 11087 11031 11082
f 11087 11030 11086
f 11087 11086 11031
f 11087 11082 11083
f 11086 11030 11031
f 4464 4466 11085
f 4466 11025 11085
f 11085 11025 11084
f 11025 11026 11084
f 11084 11026 11083
f 398 3418 11088
f 11082 11028 11081
f 11082 11031 11028
f 11081 11027 11080
f 11081 11028 11027
f 11080 5266 5265
f 11080 11027 5266
f 11079 11073 11078
f 11079 11078 11020
f 11079 3619 11073
f 11079 3476 3619
f 11079 11019 3476
f 387 389 11092
f 11098 7067 7068
f 5265 7066 11080
f 11080 7066 11081
f 7068 5089 11096
f 7068 11096 11097
f 11084 4462 11085
f 11085 4462 4464
f 11095 11094 4453
f 4453 11094 4454
f 385 387 11093
f 385 11093 6824
f 11079 11020 11019
f 387 11092 11093
f 389 391 11092
f 391 393 11091
f 391 11091 11092
f 393 395 11090
f 393 11090 11091
f 395 399 11089
f 395 11089 11090
f 399 398 11088
f 399 11088 11089
f 11068 1349 1356
f 11073 3619 3622
f 11073 3622 3626
f 11072 11066 11065
f 11072 11065 11071
f 11071 11065 11070
f 11070 11064 11069
f 11070 11065 11064
f 11069 11062 11068
f 11069 11063 11062
f 11069 11064 11063
f 11068 11062 1349
f 11073 3626 11067
f 11067 11060 11066
f 11067 3629 11061
f 11067 11061 11060
f 11067 3626 3629
f 11066 11059 11065
f 11066 11060 11059
f 11065 11058 11064
f 11065 11059 11058
f 11064 11058 11057
f 11064 11057 11063
f 11076 11070 11069
f 11078 11077 11020
f 11078 11073 11072
f 11078 11072 11071
f 11078 11071 11077
f 11077 11076 11022
f 11077 11070 11076
f 11077 11071 11070
f 11077 11021 11020
f 11077 11022 11021
f 11076 11069 11075
f 11076 11075 11022
f 11098 11099 11095
f 11075 11068 11074
f 11075 11069 11068
f 11075 11074 11023
f 11075 11023 11022
f 11074 1311 11024
f 11074 11068 1356
f 11074 11024 11023
f 11074 1356 1311
f 11073 11066 11072
f 11073 11067 11066
f 11099 11109 11110
f 11114 3936 11113
f 11113 3936 3933
f 366 363 3939
f 3939 363 365
f 4454 11094 11112
f 4454 11112 4455
f 11094 11095 11111
f 11094 11111 11112
f 11095 11099 11110
f 11095 11110 11111
f 11099 11100 11109
f 6835 373 371
f 11100 11097 11108
f 11100 11108 11109
f 11097 11096 11107
f 11097 11107 11108
f 11096 5088 11107
f 11096 5089 5088
f 11106 369 6831
f 11106 6826 11104
f 11106 11105 376
f 11106 11104 11105
f 11106 6831 6830
f 11118 11120 11119
f 4950 4455 11112
f 5085 11108 5086
f 11108 11107 5086
f 5086 11107 5087
f 11107 5088 5087
f 11118 11116 6837
f 11118 6835 11117
f 11118 3936 11114
f 11118 11117 3936
f 11118 6837 6835
f 11118 11114 11120
f 11106 6830 6829
f 11118 11119 11116
f 11117 6835 371
f 11117 366 3939
f 11117 3939 3936
f 11117 371 380
f 11117 380 379
f 11117 379 366
f 5264 6837 11115
f 11115 6837 11116
f 6835 374 373
f 11101 7067 11098
f 368 6832 369
f 6832 6831 369
f 362 3730 360
f 362 3731 3730
f 6825 11093 11092
f 6825 6824 11093
f 360 3730 361
f 11088 3418 3728
f 11101 11081 7066
f 11101 4462 11084
f 11101 11098 4459
f 11102 11090 11089
f 11101 4459 4462
f 11101 7066 7067
f 11101 11082 11081
f 11101 11083 11082
f 11101 11084 11083
f 11098 7068 11097
f 11098 11095 4453
f 11098 4453 4459
f 11098 11097 11100
f 11098 11100 11099
f 11104 11102 3739
f 11106 6829 6827
f 11106 6827 6826
f 11106 376 370
f 11106 370 369
f 11105 3731 362
f 11105 11104 3739
f 11105 362 377
f 11105 377 376
f 11105 3739 3731
f 11104 11103 11102
f 11104 6826 11103
f 11190 5126 5124
f 11103 6825 11092
f 11103 11090 11102
f 11103 6826 6825
f 11103 11091 11090
f 11103 11092 11091
f 11102 11088 3728
f 11102 3728 3727
f 11102 3727 3740
f 11102 3740 3739
f 11102 11089 11088
f 11287 176 175
f 11291 11285 11284
f 11291 11284 11290
f 11290 11284 6403
f 11290 6403 6392
f 11289 177 11288
f 11289 4821 357
f 11289 357 356
f 11289 356 177
f 11288 176 11287
f 11288 177 176
f 11287 175 11286
f 11292 11286 11285
f 11286 174 11285
f 11286 175 174
f 11285 171 11284
f 11285 174 171
f 11284 173 6403
f 11284 171 173
f 11282 6309 6310
f 6629 11283 11282
f 6629 11282 6310
f 11283 11281 11282
f 11281 11279 11280
f 11296 6392 6381
f 11301 4811 11295
f 11301 11294 11300
f 11300 11294 11293
f 11300 11293 11299
f 11299 11293 11292
f 11299 11292 11298
f 11298 11292 11291
f 11298 11291 11297
f 11297 11291 11290
f 11297 11290 11296
f 11296 11290 6392
f 11281 11280 11282
f 11295 11288 11294
f 11295 4821 11289
f 11295 11289 11288
f 11295 4811 4818
f 11295 4818 4821
f 11294 11288 11287
f 11294 11287 11293
f 11293 11286 11292
f 11293 11287 11286
f 11292 11285 11291
f 3752 3753 11262
f 11269 3762 11268
f 11268 3761 11264
f 11268 11267 5147
f 11268 5147 5149
f 11268 5149 5150
f 11268 11266 11267
f 11268 11265 11266
f 11268 11264 11265
f 11268 3762 3761
f 3754 3752 11263
f 11263 3752 11262
f 11269 11268 5150
f 11259 5152 11258
f 11258 5152 5153
f 3761 3747 11264
f 3747 3748 11264
f 5147 11267 5148
f 11267 5146 5148
f 5146 11267 11251
f 5146 11251 5095
f 11267 11266 11253
f 11267 11253 11251
f 11271 5152 11259
f 11279 11277 11278
f 11279 11278 11280
f 11277 11275 11276
f 11277 11276 11278
f 11275 11273 11274
f 11275 11274 11276
f 11273 4937 11272
f 11273 11272 11274
f 4937 4780 11272
f 11271 11270 5150
f 11271 11262 3753
f 11301 11295 11294
f 11271 3763 11270
f 11271 5150 5151
f 11271 5151 5152
f 11271 3753 3763
f 11271 11261 11262
f 11271 11260 11261
f 11271 11259 11260
f 11270 3762 11269
f 11270 11269 5150
f 11270 3763 3762
f 11326 6332 6321
f 11331 4787 11325
f 11331 11324 11330
f 11330 11324 11323
f 11330 11323 11329
f 11329 11323 11328
f 11328 11321 11327
f 11328 11323 11322
f 11328 11322 11321
f 11327 11320 11326
f 11327 11321 11320
f 11326 11320 6332
f 11331 11325 11324
f 11325 11319 11324
f 11325 4793 11319
f 11325 4787 4786
f 11325 4786 4793
f 11324 11317 11323
f 11324 11319 11318
f 11324 11318 11317
f 11323 11316 11322
f 11323 11317 11316
f 11322 11315 11321
f 11322 11316 11315
f 11334 11327 11333
f 11337 11274 11272
f 11337 11336 11274
f 11337 4787 11331
f 11336 11276 11274
f 11336 11335 11276
f 11336 11329 11335
f 11336 11330 11329
f 11335 11334 11276
f 11335 11329 11334
f 11334 11333 11280
f 11334 11328 11327
f 11321 11314 11320
f 11334 11278 11276
f 11334 11280 11278
f 11334 11329 11328
f 11333 11332 11280
f 11333 11327 11332
f 11332 11327 11326
f 11332 6309 11282
f 11332 11326 6321
f 11332 11282 11280
f 11332 6321 6309
f 11307 11301 11300
f 11311 11305 11304
f 11311 11304 11310
f 11310 11303 11309
f 11310 11304 11303
f 11309 11303 11302
f 11309 11302 11308
f 11308 11302 6371
f 11308 6371 6354
f 11307 11300 11306
f 11307 4805 4811
f 11307 4811 11301
f 11312 11305 11311
f 11306 11299 11305
f 11306 11300 11299
f 11305 11299 11298
f 11305 11298 11304
f 11304 11297 11303
f 11304 11298 11297
f 11303 11297 11296
f 11303 11296 11302
f 11302 11296 6381
f 11302 6381 6371
f 11316 11310 11309
f 11321 11315 11314
f 11320 11314 6342
f 11320 6342 6332
f 11319 11312 11318
f 11319 11313 11312
f 11319 4793 11313
f 11318 11312 11311
f 11318 11311 11317
f 11317 11310 11316
f 11317 11311 11310
f 11316 11309 11315
f 11266 11265 11255
f 11315 11309 11308
f 11315 11308 11314
f 11314 11308 6354
f 11314 6354 6342
f 11313 11307 11312
f 11313 4805 11307
f 11313 4793 4799
f 11313 4799 4805
f 11312 11307 11306
f 11312 11306 11305
f 11214 5114 5112
f 11219 11215 11214
f 11218 11214 5112
f 11218 5112 5110
f 11217 11212 11216
f 11217 11213 11212
f 11217 4853 11213
f 11216 11212 11215
f 11215 11211 11210
f 11215 11210 11214
f 11215 11212 11211
f 11214 11210 5114
f 11219 11214 11218
f 11213 4843 11209
f 11213 4853 4848
f 11213 4848 4843
f 11213 11208 11212
f 11213 11209 11208
f 11212 11208 11207
f 11212 11207 11211
f 11211 11207 11206
f 11211 11206 11210
f 11210 11206 5116
f 11210 5116 5114
f 11224 11220 11219
f 11228 11223 11227
f 11228 11224 11223
f 11227 11222 11226
f 11227 11223 11222
f 11226 11222 5108
f 11226 5108 5106
f 11225 4863 4858
f 11225 11220 11224
f 11225 4858 11221
f 11225 11221 11220
f 11224 11219 11223
f 11209 11204 11208
f 11223 11218 11222
f 11223 11219 11218
f 11222 11218 5110
f 11222 5110 5108
f 11221 4858 4853
f 11221 11216 11220
f 11221 11217 11216
f 11221 4853 11217
f 11220 11215 11219
f 11220 11216 11215
f 11195 11191 11190
f 11200 11196 11199
f 11199 11196 11195
f 11199 11194 11198
f 11199 11195 11194
f 11198 11194 5122
f 11198 5122 5120
f 11197 11192 11196
f 11197 4832 11193
f 11197 11193 11192
f 11196 11192 11191
f 11196 11191 11195
f 11201 4835 4832
f 11195 11190 11194
f 11194 11190 5124
f 11194 5124 5122
f 11193 11189 11192
f 11193 4832 4829
f 11193 4829 11189
f 11192 11187 11191
f 11192 11189 11188
f 11192 11188 11187
f 11191 11187 11190
f 11205 4835 11201
f 11209 11205 11204
f 11209 4838 11205
f 11209 4843 4838
f 11208 11204 11207
f 11207 11202 11206
f 11207 11203 11202
f 11207 11204 11203
f 11206 11202 5118
f 11206 5118 5116
f 11205 11200 11204
f 11205 11201 11200
f 11229 11225 11224
f 11205 4838 4835
f 11204 11200 11199
f 11204 11199 11203
f 11203 11198 11202
f 11203 11199 11198
f 11202 11198 5120
f 11202 5120 5118
f 11201 11196 11200
f 11201 11197 11196
f 11201 4832 11197
f 11252 11247 11246
f 11256 11254 11255
f 11256 11248 11254
f 11256 11249 11248
f 11256 4891 11249
f 11254 11253 11255
f 11254 11252 11253
f 11254 11247 11252
f 11254 11248 11247
f 11252 11251 11253
f 11252 11250 11251
f 11252 11246 11250
f 11256 11257 4895
f 11250 11246 5096
f 11250 5095 11251
f 11250 5096 5093
f 11250 5093 5095
f 11249 11245 11244
f 11249 11244 11248
f 11249 4891 11245
f 11248 11243 11247
f 11248 11244 11243
f 11247 11243 11242
f 11247 11242 11246
f 11261 11149 11143
f 11266 11255 11253
f 11265 11264 11257
f 11265 11257 11255
f 11264 3748 4895
f 11264 4895 11257
f 3754 11263 3941
f 11263 11262 11142
f 11263 11142 3941
f 11262 11261 11143
f 11262 11143 11142
f 11261 11260 11149
f 11246 11242 5098
f 11260 11259 11148
f 11260 11148 11149
f 11259 11258 11144
f 11259 11145 11148
f 11259 11144 11145
f 11258 5153 5154
f 11258 5154 11144
f 11256 4895 4894
f 11256 4894 4891
f 11256 11255 11257
f 11233 4873 4868
f 11237 4878 11233
f 11237 4883 4878
f 11236 11232 11231
f 11236 11231 11235
f 11235 11230 11234
f 11235 11231 11230
f 11234 11230 5102
f 11233 11228 11232
f 11233 4868 11229
f 11233 11229 11228
f 11233 4878 4873
f 11237 11233 11232
f 11232 11228 11231
f 11231 11226 11230
f 11231 11228 11227
f 11231 11227 11226
f 11230 11226 5106
f 11230 5106 5104
f 11230 5104 5102
f 11229 4868 4863
f 11229 11224 11228
f 11229 4863 11225
f 11241 11236 11240
f 11246 5098 5096
f 11245 11241 11240
f 11245 4888 11241
f 11245 4891 4888
f 11245 11240 11244
f 11244 11240 11239
f 11244 11239 11243
f 11243 11239 11238
f 11243 11238 11242
f 11242 11238 5100
f 11242 5100 5098
f 11063 11057 11056
f 11241 11237 11236
f 11241 4883 11237
f 11241 4888 4883
f 11240 11235 11239
f 11240 11236 11235
f 11239 11234 11238
f 11239 11235 11234
f 11238 11234 5102
f 11238 5102 5100
f 11237 11232 11236
f 10886 4704 4701
f 10833 10837 10890
f 10889 10835 10888
f 10889 10838 10835
f 10888 10834 10887
f 10888 10835 10834
f 10887 5638 5637
f 10887 10834 5638
f 10886 10826 4704
f 10886 10880 10885
f 10886 10885 10827
f 10886 4701 10880
f 10891 10833 10890
f 10886 10827 10826
f 10885 10878 10884
f 10885 10884 10827
f 10885 10880 10879
f 10885 10879 10878
f 10884 10883 10829
f 10884 10878 10883
f 10884 10828 10827
f 10884 10829 10828
f 10883 10882 10829
f 10883 10876 10882
f 10839 3952 3951
f 10899 10849 10839
f 10899 10847 10849
f 7388 7392 10898
f 7392 7391 10898
f 10898 7391 10897
f 7391 7390 10897
f 10896 3947 10895
f 7394 10841 10843
f 7394 7395 10841
f 10895 3947 3946
f 10895 3946 3867
f 10883 10878 10877
f 10894 10890 10837
f 10894 10838 10889
f 10894 10837 10893
f 10894 10893 10838
f 10894 10889 10890
f 10893 10837 10838
f 4733 4734 10892
f 4734 10832 10892
f 10892 10832 10891
f 10832 10833 10891
f 10870 10865 10864
f 10874 10867 10873
f 10874 10868 10867
f 10874 4695 10868
f 10874 4701 4698
f 10874 4698 4695
f 10873 10867 10872
f 10872 10865 10871
f 10872 10867 10866
f 10872 10866 10865
f 10871 10865 10870
f 10870 10864 10863
f 10875 7434 7441
f 10870 10863 10869
f 10869 10863 7427
f 10869 7427 7434
f 10868 10861 10867
f 10868 4695 10862
f 10868 10862 10861
f 10867 10860 10866
f 10867 10861 10860
f 10866 10860 10859
f 10866 10859 10865
f 10880 10874 10873
f 10883 10877 10876
f 10882 10876 10881
f 10882 10881 10830
f 10882 10830 10829
f 10881 10875 7441
f 10881 10876 10875
f 10881 7441 7448
f 10881 7448 7452
f 10881 10831 10830
f 10881 7452 10831
f 10880 10873 10879
f 10899 3950 3949
f 10880 4701 10874
f 10879 10873 10878
f 10878 10871 10877
f 10878 10873 10872
f 10878 10872 10871
f 10877 10871 10876
f 10876 10869 10875
f 10876 10870 10869
f 10876 10871 10870
f 10875 10869 7434
f 7396 7393 10897
f 10920 10921 10918
f 10920 3865 3861
f 10920 3861 3857
f 10920 10907 10896
f 10920 10906 10907
f 10920 10897 10906
f 5600 7399 10919
f 10919 7399 10918
f 7399 7398 10918
f 10917 3854 10916
f 10917 3857 3854
f 10920 10922 10921
f 10916 3854 3853
f 7393 10898 10897
f 7393 7388 10898
f 3865 10896 3866
f 10896 10895 3866
f 3866 10895 3867
f 10915 10888 7384
f 10915 4731 10891
f 10915 10912 4729
f 10915 7385 10912
f 10915 4729 4731
f 10911 10924 10925
f 10919 10929 5601
f 4726 10908 4610
f 10908 10909 10928
f 10908 10928 4610
f 10909 10913 10927
f 10909 10927 10928
f 10913 10914 10926
f 10913 10926 10927
f 10914 10911 10925
f 10914 10925 10926
f 10911 10910 10924
f 10915 7384 7385
f 10910 5590 10923
f 10910 10923 10924
f 5590 5589 10923
f 10920 10918 7398
f 10920 7396 10897
f 10920 3857 10917
f 10920 10896 3865
f 10920 7398 7397
f 10920 7397 7396
f 10920 10917 10922
f 10901 10899 10900
f 10905 10902 10900
f 10905 7390 7387
f 10905 10896 10907
f 10905 10907 10906
f 10905 10906 10897
f 10904 10901 10903
f 10904 7394 10901
f 10904 7387 7389
f 10904 7389 7394
f 10903 10901 10902
f 10902 10901 10900
f 10905 10900 10896
f 10901 7394 10843
f 10901 10847 10899
f 10901 10845 10847
f 10901 10843 10845
f 10900 3947 10896
f 10900 10899 3949
f 10900 3949 3948
f 10900 3948 3947
f 10899 10839 3951
f 10899 3951 3950
f 10887 7384 10888
f 10915 10889 10888
f 10915 10890 10889
f 10915 10891 10890
f 10912 7386 10911
f 10912 10909 4727
f 10912 4727 4729
f 10912 10911 10914
f 10912 10914 10913
f 10912 10913 10909
f 10912 7385 7386
f 5637 7384 10887
f 10865 10859 10858
f 7386 5590 10910
f 7386 10910 10911
f 10891 4731 10892
f 10892 4731 4733
f 10909 10908 4727
f 4727 10908 4726
f 10905 10897 7390
f 10905 7387 10904
f 10905 10904 10903
f 10905 10903 10902
f 10809 3297 3296
f 10815 7457 10816
f 7466 7465 10814
f 7465 7464 10812
f 7465 10812 10814
f 10813 3367 3237
f 7464 7462 10812
f 10811 10810 3371
f 3371 10810 3369
f 10810 3372 3369
f 10809 10808 10745
f 10809 10802 10808
f 7458 7457 10815
f 10809 3296 3301
f 10809 10738 3297
f 10809 10745 10738
f 10809 3301 10803
f 10809 10803 10802
f 10808 10807 10746
f 10808 10802 10807
f 10808 10746 10745
f 10807 10801 10800
f 10807 10800 10806
f 10807 10806 10749
f 10820 7459 7460
f 10824 7457 7459
f 10824 10823 10825
f 10824 10825 10816
f 10821 10820 3377
f 10821 3367 10813
f 10821 10813 10822
f 10821 10822 10823
f 10821 3377 3368
f 10821 3368 3367
f 10820 7461 10817
f 10820 10817 3378
f 10807 10802 10801
f 10820 7460 7461
f 10820 3378 3377
f 10817 7466 10814
f 10817 10811 3371
f 10817 7461 7466
f 10817 3371 3378
f 10817 10814 10819
f 10817 10819 10818
f 10817 10818 10811
f 7456 7458 10815
f 10794 10788 10793
f 10798 10792 7235
f 10798 7235 7244
f 10797 10790 10796
f 10797 10791 10790
f 10797 3311 10791
f 10797 3301 3305
f 10797 3305 3311
f 10796 10789 10795
f 10796 10790 10789
f 10795 10788 10794
f 10795 10789 10788
f 10798 10793 10792
f 10793 10786 10792
f 10793 10788 10787
f 10793 10787 10786
f 10792 10786 7233
f 10792 7233 7235
f 10791 10785 10790
f 10791 3317 10785
f 10791 3311 3317
f 10790 10783 10789
f 10790 10785 10784
f 10804 10739 10740
f 10807 10749 10746
f 10806 10799 10805
f 10806 10800 10799
f 10806 10805 10740
f 10806 10740 10749
f 10805 10804 10740
f 10805 10798 10804
f 10805 10799 10798
f 10804 7249 10739
f 10804 10798 7244
f 10804 7244 7249
f 10824 10821 10823
f 10803 10797 10796
f 10803 3301 10797
f 10803 10796 10802
f 10802 10795 10801
f 10802 10796 10795
f 10801 10795 10794
f 10801 10794 10800
f 10800 10793 10799
f 10800 10794 10793
f 10799 10793 10798
f 10850 10849 10848
f 10856 4689 4685
f 10855 10846 10854
f 10855 10848 10846
f 10854 10844 10853
f 10854 10846 10844
f 10853 10844 10842
f 10853 10842 10852
f 10852 10840 10851
f 10852 10842 10840
f 10851 10840 7406
f 10851 7406 7413
f 10856 4685 10850
f 10850 4685 10839
f 10850 10839 10849
f 10848 10847 10846
f 10848 10849 10847
f 10846 10845 10844
f 10846 10847 10845
f 10844 10843 10842
f 10844 10845 10843
f 10842 10841 10840
f 10842 10843 10841
f 10840 7395 7406
f 10861 10854 10860
f 10865 10858 10864
f 10864 10858 10857
f 10864 10857 10863
f 10863 10857 7420
f 10863 7420 7427
f 10862 10856 10855
f 10862 4689 10856
f 10862 4695 4692
f 10862 4692 4689
f 10862 10855 10861
f 10861 10855 10854
f 10840 10841 7395
f 10860 10854 10853
f 10860 10853 10859
f 10859 10853 10852
f 10859 10852 10858
f 10858 10851 10857
f 10858 10852 10851
f 10857 10851 7413
f 10857 7413 7420
f 10856 10850 10848
f 10856 10848 10855
f 10825 10823 10828
f 7470 5638 10834
f 7470 10834 10835
f 4739 10833 4735
f 10833 10832 4735
f 4735 10832 4734
f 7456 10815 10831
f 7456 10831 7452
f 10815 10816 10830
f 10815 10830 10831
f 10816 10825 10829
f 10816 10829 10830
f 10810 4736 3372
f 10825 10828 10829
f 10823 10822 10827
f 10823 10827 10828
f 10822 10813 10826
f 10822 10826 10827
f 10813 3236 10826
f 10813 3237 3236
f 10824 10820 10821
f 10824 10816 7457
f 10824 7459 10820
f 10836 7467 7468
f 3236 4704 10826
f 4685 3952 10839
f 10836 10814 7467
f 10836 7469 10835
f 10836 4737 10811
f 10836 10833 4739
f 10836 4739 4738
f 10836 4738 4737
f 10836 10835 10838
f 10836 10838 10837
f 10836 10837 10833
f 10919 5601 5600
f 10836 7468 7469
f 10836 10819 10814
f 10836 10818 10819
f 10836 10811 10818
f 7462 7463 10812
f 10812 7463 10814
f 7463 7467 10814
f 10811 4736 10810
f 10811 4737 4736
f 7469 7470 10835
f 11013 6947 11010
f 11017 6945 11013
f 11017 11014 11016
f 11017 6943 6945
f 11017 11016 11018
f 11017 11018 11009
f 11014 11013 3454
f 11014 3442 11006
f 11014 11006 11015
f 11014 11015 11016
f 11014 3454 3445
f 11014 3445 3442
f 11017 11009 6943
f 11013 11010 3455
f 11013 6945 6946
f 11013 6946 6947
f 11013 3455 3454
f 11010 6952 11007
f 11010 11004 3448
f 11010 6947 6952
f 11010 3448 3455
f 11010 11007 11012
f 11010 11012 11011
f 11010 11011 11004
f 11009 11018 11022
f 6955 6956 11028
f 11003 4447 3449
f 6956 5266 11027
f 6956 11027 11028
f 4450 11026 4451
f 11026 11025 4451
f 4451 11025 4466
f 6942 11008 11024
f 6942 11024 1313
f 11008 11009 11023
f 11008 11023 11024
f 6942 6944 11008
f 11009 11022 11023
f 11018 11016 11021
f 11018 11021 11022
f 11016 11015 11020
f 11016 11020 11021
f 11015 11006 11019
f 11015 11019 11020
f 11006 3476 11019
f 11006 3444 3476
f 11017 11013 11014
f 10958 3387 10959
f 11000 3394 10999
f 11000 10999 5566
f 11000 5566 5565
f 10999 3381 10998
f 10999 10992 5567
f 10999 5567 5566
f 10999 10994 10992
f 10999 10996 10994
f 10999 10998 10996
f 10999 3394 3381
f 3388 3387 10958
f 11001 3386 3394
f 3387 3385 10959
f 10957 5561 10956
f 10956 5561 5563
f 3381 3380 10998
f 3380 3254 10998
f 5567 10992 5568
f 10992 5562 5568
f 10997 10989 10995
f 10997 10995 10996
f 10997 10990 10989
f 11002 5561 10957
f 6944 6943 11008
f 11008 6943 11009
f 6952 6951 11007
f 6951 6950 11005
f 6951 11005 11007
f 11006 3442 3444
f 6950 6948 11005
f 11004 11003 3448
f 3448 11003 3446
f 11003 3449 3446
f 11002 10959 3385
f 11004 4448 4447
f 11002 11001 5565
f 11002 3386 11001
f 11002 5565 5564
f 11002 5564 5561
f 11002 3385 3386
f 11002 10962 10959
f 11002 10961 10962
f 11002 10957 10961
f 11001 3394 11000
f 11001 11000 5565
f 11049 11042 11048
f 11053 11046 11052
f 11053 11047 11046
f 11052 11046 11045
f 11052 11045 11051
f 11051 11045 11050
f 11050 11044 1331
f 11050 11045 11044
f 11050 1331 1337
f 11049 3643 11043
f 11049 11043 11042
f 11049 3639 3643
f 11054 11048 11047
f 11048 11042 11041
f 11048 11041 11047
f 11047 11041 11040
f 11047 11040 11046
f 11046 11040 11039
f 11046 11039 11045
f 11045 11038 11044
f 11045 11039 11038
f 11044 11038 1325
f 11044 1325 1331
f 11043 11037 11036
f 11058 11051 11057
f 11063 11056 11062
f 11062 11056 1343
f 11062 1343 1349
f 11061 3634 11055
f 11061 3629 3634
f 11061 11055 11054
f 11061 11054 11060
f 11060 11053 11059
f 11060 11054 11053
f 11059 11053 11058
f 11058 11052 11051
f 11043 11036 11042
f 11058 11053 11052
f 11057 11050 11056
f 11057 11051 11050
f 11056 11050 1337
f 11056 1337 1343
f 11055 3634 3639
f 11055 3639 11049
f 11055 11049 11048
f 11055 11048 11054
f 11054 11047 11053
f 11029 11031 11030
f 11033 517 515
f 11032 514 1310
f 11032 515 514
f 11024 1311 1313
f 11029 11007 6953
f 11029 6955 11028
f 11029 4448 11004
f 11029 11026 4450
f 11029 4450 4449
f 11029 4449 4448
f 11029 11028 11031
f 11033 515 11032
f 11029 11030 11026
f 11029 6953 6954
f 11029 6954 6955
f 11029 11012 11007
f 11029 11011 11012
f 11029 11004 11011
f 6948 6949 11005
f 11005 6949 11007
f 6949 6953 11007
f 11004 4447 11003
f 11038 1310 1325
f 11043 3646 11037
f 11043 3643 3646
f 11042 11036 11035
f 11042 11035 11041
f 11041 11034 11040
f 11041 11035 11034
f 11040 11033 11039
f 11040 11034 11033
f 11039 11033 11032
f 11039 11032 11038
f 11038 11032 1310
f 10997 3259 10990
f 11037 523 11036
f 11037 3646 381
f 11037 381 383
f 11037 383 523
f 11036 521 11035
f 11036 523 521
f 11035 518 11034
f 11035 521 518
f 11034 517 11033
f 11034 518 517
f 10948 7355 10947
f 10949 10932 3851
f 10949 7380 7382
f 10949 10946 10951
f 10949 10951 10950
f 10949 10950 10947
f 10949 3851 3855
f 10949 3855 3859
f 10949 10933 10932
f 10949 10931 10933
f 10949 10930 10931
f 5569 7355 10948
f 10949 3859 10946
f 7355 7380 10947
f 7382 10929 10930
f 7382 5601 10929
f 10946 3859 10945
f 10945 3859 3863
f 10932 10934 3851
f 3851 10934 3849
f 10942 10941 5597
f 10942 10937 4618
f 10942 4617 10941
f 10942 5594 10936
f 5587 10936 5588
f 10960 10950 10951
f 10960 10947 10950
f 3863 10958 10945
f 3863 3388 10958
f 10945 10959 10946
f 10945 10958 10959
f 10947 10957 10948
f 10948 10956 5569
f 10948 10957 10956
f 5569 10956 5563
f 5587 10955 10936
f 10942 4618 4617
f 10955 10954 10944
f 10955 10944 10936
f 10954 10953 10943
f 10954 10943 10944
f 10953 10952 10937
f 10953 10937 10943
f 10952 3246 4606
f 10952 4606 10937
f 10949 10947 7380
f 10949 7382 10930
f 10935 10921 10922
f 10936 5594 5595
f 10936 5595 5588
f 4611 10928 10927
f 4611 4610 10928
f 5593 10924 5592
f 10924 10923 5592
f 5592 10923 5591
f 10923 5589 5591
f 10935 10922 10933
f 10935 10931 10921
f 10935 10933 10931
f 4605 4618 10937
f 3853 3849 10916
f 3849 10934 10916
f 10916 10934 10917
f 10934 10932 10917
f 10917 10932 10922
f 10932 10933 10922
f 10921 10930 10918
f 10921 10931 10930
f 10918 10929 10919
f 10918 10930 10929
f 10939 4616 10938
f 10942 10936 10944
f 10942 10944 10943
f 10942 10943 10937
f 10942 5597 5594
f 10941 4616 10940
f 10941 10940 5598
f 10941 4617 4616
f 10941 5598 5597
f 10940 4616 10939
f 10940 10939 5598
f 10939 10938 5596
f 10960 10951 10946
f 10939 5596 5598
f 10938 4611 10927
f 10938 10924 5593
f 10938 4616 4615
f 10938 4615 4611
f 10938 5593 5596
f 10938 10925 10924
f 10938 10926 10925
f 10938 10927 10926
f 4606 4605 10937
f 10983 5577 5575
f 10987 10983 5573
f 10987 5573 5571
f 10986 10982 10985
f 10986 3263 3267
f 10986 3267 10982
f 10985 10982 10981
f 10985 10980 10984
f 10985 10981 10980
f 10984 10980 10979
f 10984 10979 10983
f 10983 10979 5577
f 10988 10984 10983
f 10983 5575 5573
f 10982 3271 10978
f 10982 10977 10981
f 10982 3267 3271
f 10982 10978 10977
f 10981 10977 10976
f 10981 10976 10980
f 10980 10976 10975
f 10980 10975 10979
f 10979 10975 5579
f 10993 10992 10994
f 10997 3254 3255
f 10997 3255 3259
f 10997 10996 10998
f 10997 10998 3254
f 10995 10989 10993
f 10995 10993 10994
f 10995 10994 10996
f 10993 10991 10992
f 10993 10987 10991
f 10993 10989 10988
f 10993 10988 10987
f 10979 5579 5577
f 10991 5562 10992
f 10991 10987 5571
f 10991 5571 5562
f 10990 10985 10989
f 10990 3259 3263
f 10990 3263 10986
f 10990 10986 10985
f 10989 10985 10988
f 10988 10983 10987
f 10988 10985 10984
f 10965 10953 10954
f 10970 3279 3247
f 10969 10965 10964
f 10969 10964 10968
f 10968 10964 10963
f 10968 10963 10967
f 10967 10963 5585
f 10967 5585 5583
f 10966 10953 10965
f 10966 3247 10952
f 10966 10952 10953
f 10965 10954 10964
f 10970 3247 10966
f 10964 10955 10963
f 10964 10954 10955
f 10963 5587 5585
f 10963 10955 5587
f 3247 3246 10952
f 10960 10946 10959
f 10960 10957 10947
f 10960 10959 10962
f 10960 10962 10961
f 10960 10961 10957
f 10974 3279 10970
f 10978 10973 10977
f 10978 10974 10973
f 10978 3275 10974
f 10978 3271 3275
f 10977 10972 10976
f 10977 10973 10972
f 10976 10971 10975
f 10976 10972 10971
f 10975 10971 5581
f 10975 5581 5579
f 10974 10970 10969
f 11337 11272 4780
f 10974 10969 10973
f 10974 3275 3279
f 10973 10969 10968
f 10973 10968 10972
f 10972 10968 10967
f 10972 10967 10971
f 10971 10967 5583
f 10971 5583 5581
f 10970 10965 10969
f 10970 10966 10965
f 11724 11720 11723
f 11728 4924 11722
f 11728 4927 4924
f 11727 11720 11726
f 11727 11726 4927
f 11727 11722 11721
f 11727 11721 11720
f 11726 11720 11725
f 11726 11725 4927
f 11725 11720 11724
f 11725 11724 4927
f 11724 11723 4927
f 11728 11727 4927
f 11723 6114 4927
f 11723 11720 6114
f 11722 11718 11721
f 11722 4924 11719
f 11722 11719 11718
f 11721 11718 11717
f 11721 11717 11720
f 11720 6113 6114
f 11720 11717 11716
f 11720 11716 11715
f 11720 11715 11714
f 11733 4927 11732
f 11738 4930 11737
f 11738 11737 4898
f 11737 4930 11736
f 11737 11736 4898
f 11736 4930 11735
f 11736 11735 4898
f 11735 6125 4898
f 11735 4930 6125
f 11734 4927 11733
f 11734 11733 4930
f 11734 4930 4927
f 11720 11714 6113
f 11733 11732 4930
f 11732 4927 11731
f 11732 11731 4930
f 11731 4927 11730
f 11731 11730 4930
f 11730 4927 11729
f 11730 11729 4930
f 11729 6118 4930
f 11729 4927 6118
f 11728 11722 11727
f 11703 11700 11699
f 11710 11703 11709
f 11709 11703 11702
f 11709 11702 11708
f 11708 11702 11707
f 11707 11702 11706
f 11706 11702 11705
f 11705 11702 6106
f 11704 11700 11703
f 11704 11701 11700
f 11704 4918 11701
f 11703 11699 11702
f 11710 4921 4918
f 11702 11699 11698
f 11702 11698 11697
f 11702 11697 11696
f 11702 11696 6104
f 11702 6104 6106
f 11701 11694 11700
f 11701 11695 11694
f 11701 4915 11695
f 11701 4918 4915
f 11700 11693 11699
f 11713 4921 11710
f 11719 4924 4921
f 11719 11713 11712
f 11719 4921 11713
f 11719 11712 11718
f 11718 11711 11717
f 11718 11712 11711
f 11717 11711 11716
f 11716 11711 11715
f 11715 11711 11714
f 11714 11711 6113
f 11713 11709 11712
f 11739 11738 4898
f 11713 11710 11709
f 11712 11709 11708
f 11712 11708 11711
f 11711 11707 11706
f 11711 11706 11705
f 11711 11705 6106
f 11711 6106 6113
f 11711 11708 11707
f 11710 11704 11703
f 11710 4918 11704
f 11759 11758 4945
f 11762 11755 6206
f 11762 6198 11758
f 11762 11759 11761
f 11762 11758 11759
f 11762 6206 6205
f 11762 6205 6203
f 11762 6203 6204
f 11762 6204 6198
f 11762 11761 11763
f 11762 11763 11755
f 11759 4943 11754
f 11764 3910 3907
f 11759 11754 11760
f 11759 11760 11761
f 11759 4945 4943
f 11758 11757 11756
f 11758 6198 11757
f 11758 11756 4945
f 11757 6200 11745
f 11757 11743 11756
f 11757 6198 6200
f 11757 11744 11743
f 11757 11745 11744
f 11768 6076 6075
f 11771 6076 11768
f 11771 11768 3914
f 11771 3914 3913
f 11771 6078 6077
f 11771 6077 6076
f 11768 6075 11767
f 11768 11765 3909
f 11768 3909 3914
f 11768 11767 11770
f 11768 11770 11769
f 11768 11769 11765
f 11756 11741 4941
f 6081 6080 11752
f 6080 6079 11752
f 11752 6079 11751
f 6075 6074 11767
f 6074 6073 11766
f 6074 11766 11767
f 11747 3903 3905
f 6073 6072 11766
f 11765 11764 3909
f 3909 11764 3907
f 11666 11668 11743
f 11748 2299 2298
f 11747 3905 2300
f 11747 2300 2299
f 3905 2187 2300
f 6084 11661 6199
f 11661 11662 11746
f 11661 11746 6199
f 11662 11664 11745
f 11662 11745 11746
f 11664 11666 11744
f 11664 11744 11745
f 11748 11747 2299
f 11666 11743 11744
f 11668 11659 11741
f 11668 11741 11742
f 11668 11742 11743
f 11659 4901 11741
f 4901 4936 11741
f 11740 4930 11739
f 11740 11739 4898
f 11740 4898 4930
f 11739 4930 11738
f 11753 4942 4487
f 11756 4941 4940
f 11756 4940 4946
f 11756 4946 4945
f 11756 11742 11741
f 11756 11743 11742
f 6202 6207 11755
f 6207 6206 11755
f 11754 4942 11753
f 11754 4943 4942
f 6200 11746 11745
f 6200 6199 11746
f 11700 11694 11693
f 11741 4936 4941
f 6081 11752 2294
f 11752 11751 2295
f 11752 2295 2294
f 11751 11750 2296
f 11751 2296 2295
f 11750 11749 2297
f 11750 2297 2296
f 11749 11748 2298
f 11749 2298 2297
f 11649 11648 3612
f 11653 11646 11645
f 11653 11652 11654
f 11653 11651 11652
f 11651 11645 6803
f 11651 6659 11652
f 11651 6803 6806
f 11651 6806 6659
f 11650 3609 11649
f 11650 11649 3612
f 11650 3612 3609
f 11649 3609 11648
f 11653 3612 11646
f 11648 11647 3612
f 11648 3609 11647
f 11647 11646 3612
f 11647 3609 11646
f 11646 3609 11645
f 11645 3609 6803
f 11644 3609 3604
f 11644 3604 11643
f 11644 11643 3609
f 11643 3604 11642
f 11643 11642 3609
f 11658 11657 3615
f 11424 11431 11433
f 11424 11433 11654
f 11431 11429 11432
f 11431 11432 11433
f 11429 11428 11434
f 11429 11434 11432
f 11428 11422 11435
f 11428 11435 11434
f 11422 3416 11435
f 11422 3415 3416
f 11658 3612 11657
f 11642 3604 11641
f 11658 3615 3612
f 11657 3612 11656
f 11657 11656 3615
f 11656 3612 11655
f 11656 11655 3615
f 11655 3612 11653
f 11655 11654 11433
f 11655 11433 3615
f 11655 11653 11654
f 11653 11645 11651
f 11626 11625 3594
f 11631 3594 11630
f 11631 11630 3599
f 11630 3594 11629
f 11630 11629 3599
f 11629 3594 11628
f 11629 11628 3599
f 11628 3594 11627
f 11628 11627 3599
f 11627 6790 3599
f 11627 3594 6790
f 11626 3594 3589
f 11632 11631 3599
f 11626 3589 11625
f 11625 11624 3594
f 11625 3589 11624
f 11624 11623 3594
f 11624 3589 11623
f 11623 11622 3594
f 11623 3589 11622
f 11622 3589 11621
f 11622 11621 3594
f 11621 6786 3594
f 11637 11636 3604
f 11642 11641 3609
f 11641 3604 11640
f 11641 11640 3609
f 11640 3604 11639
f 11640 11639 3609
f 11639 3604 6798
f 11639 6798 3609
f 11638 3604 3599
f 11638 3599 11637
f 11638 11637 3604
f 11637 3599 11636
f 11423 11654 11652
f 11636 3599 11635
f 11636 11635 3604
f 11635 3599 11634
f 11635 11634 3604
f 11634 3599 11633
f 11634 11633 3604
f 11633 6794 3604
f 11633 3599 6794
f 11632 3599 3594
f 11632 3594 11631
f 11683 4909 11677
f 11687 11684 6101
f 11686 11682 11685
f 11686 11683 11682
f 11686 4912 11683
f 11685 11681 11684
f 11685 11682 11681
f 11684 11678 6097
f 11684 11680 11679
f 11684 6097 6101
f 11684 11681 11680
f 11684 11679 11678
f 11688 11684 11687
f 11683 11677 11682
f 11683 4912 4909
f 11682 11676 11675
f 11682 11677 11676
f 11682 11675 11681
f 11681 11675 11674
f 11681 11674 11680
f 11680 11674 11679
f 11679 11674 11678
f 11678 11674 6097
f 11677 4909 6093
f 11693 11688 11687
f 11699 11693 11698
f 11698 11693 11697
f 11697 11693 11696
f 11696 11693 6104
f 11695 11692 11694
f 11695 4915 11692
f 11694 11690 11693
f 11694 11692 11691
f 11694 11691 11690
f 11693 11690 11689
f 11693 11689 11688
f 11677 6093 11676
f 11693 11687 6101
f 11693 6101 6104
f 11692 4912 11686
f 11692 11685 11691
f 11692 11686 11685
f 11692 4915 4912
f 11691 11684 11690
f 11691 11685 11684
f 11690 11684 11689
f 11689 11684 11688
f 2207 4898 2204
f 11665 11666 11664
f 11663 11664 11662
f 11663 11662 11660
f 11663 11660 6083
f 11660 6084 6083
f 11660 11662 11661
f 11660 11661 6084
f 2116 4898 2213
f 2213 4898 2211
f 2211 4898 2209
f 2209 4898 2207
f 11665 11663 6083
f 2204 4898 2205
f 2205 4898 2202
f 2202 4898 6125
f 6125 4930 6118
f 6118 4927 6114
f 4909 4906 6093
f 4902 4901 11659
f 6664 11423 11652
f 6664 11652 6659
f 11423 11424 11654
f 11671 11670 6093
f 11676 6093 11675
f 11675 6093 11674
f 11674 6093 6097
f 11673 4902 11669
f 11673 6093 4906
f 11673 11669 6083
f 11673 11672 6093
f 11673 6083 11672
f 11673 4906 4902
f 11672 11671 6093
f 11672 6083 11671
f 11772 11747 11748
f 11671 6083 11670
f 11670 6083 6093
f 11669 11667 6083
f 11669 11668 11667
f 11669 4902 11659
f 11669 11659 11668
f 11667 11666 11665
f 11667 11665 6083
f 11667 11668 11666
f 11665 11664 11663
f 11845 11830 11831
f 11842 12 14
f 11843 11835 10
f 11843 10 12
f 11835 8 10
f 11835 5267 8
f 3482 11847 3460
f 11847 11846 11828
f 11847 11828 3460
f 11846 11845 11831
f 11846 11831 11828
f 11845 11844 11830
f 11842 11843 12
f 11844 5280 11827
f 11844 11827 11830
f 5280 5311 11827
f 11841 11840 5277
f 11841 11836 3721
f 11841 3720 11840
f 11841 5274 11835
f 11841 3721 3720
f 11841 11835 11843
f 11841 11843 11842
f 11841 11842 11836
f 11850 132 11849
f 11855 3525 3531
f 11854 11850 11849
f 11854 11849 11853
f 11853 11849 11848
f 11853 11848 11852
f 11852 11848 5289
f 11852 5289 5288
f 11851 134 11850
f 11851 3531 137
f 11851 137 136
f 11851 136 134
f 11841 5277 5274
f 11850 134 132
f 11849 4 11848
f 11849 132 4
f 11848 6 5289
f 11848 4 6
f 11844 5279 5280
f 3411 11836 3
f 3411 3 2
f 11836 11842 14
f 11836 14 3
f 11834 11818 11819
f 5273 11822 5272
f 11822 11821 5272
f 5272 11821 5268
f 11821 5269 5268
f 11834 11833 5315
f 11834 11819 3465
f 11834 5313 11816
f 11834 3475 11833
f 11834 5315 5314
f 11834 5314 5313
f 11834 3465 3475
f 3714 3713 11826
f 11834 11817 11818
f 11834 11816 11817
f 11833 3474 11832
f 11833 11832 5315
f 11833 3475 3474
f 11832 11829 5315
f 11832 3474 11829
f 11829 3473 11828
f 11829 11827 5317
f 11829 5317 5316
f 11837 3719 3718
f 11840 3719 11839
f 11840 11839 5278
f 11840 3720 3719
f 11840 5278 5277
f 11839 3719 11838
f 11839 11838 5278
f 11838 11837 5276
f 11838 3719 11837
f 11838 5276 5278
f 11837 3714 11825
f 11837 11822 5273
f 11855 3519 3525
f 11837 3718 3714
f 11837 5273 5276
f 11837 11823 11822
f 11837 11824 11823
f 11837 11825 11824
f 3411 3710 11836
f 3710 3721 11836
f 11835 5274 5275
f 11835 5275 5267
f 3714 11826 11825
f 11878 11873 11877
f 11883 3492 3497
f 11882 11877 11881
f 11882 11878 11877
f 11881 11876 11880
f 11881 11877 11876
f 11880 11876 5282
f 11880 5282 5281
f 11879 11874 11878
f 11879 11875 11874
f 11879 3497 3496
f 11879 3496 11875
f 11883 3497 11879
f 11878 11874 11873
f 11877 11872 11876
f 11877 11873 11872
f 11876 11872 5283
f 11876 5283 5282
f 11875 11870 11874
f 11875 3496 11871
f 11875 11871 11870
f 11874 11869 11873
f 11874 11870 11869
f 11873 11868 11872
f 11886 11882 11881
f 5799 7718 5798
f 11887 11882 11886
f 11887 11886 11846
f 11887 11883 11882
f 11887 3492 11883
f 11887 3482 3485
f 11887 3485 3492
f 11887 11847 3482
f 11887 11846 11847
f 11886 11881 11885
f 11886 11885 11845
f 11873 11869 11868
f 11886 11845 11846
f 11885 11884 11845
f 11885 11880 11884
f 11885 11881 11880
f 11884 5279 11844
f 11884 11880 5281
f 11884 11844 11845
f 11884 5281 5279
f 11883 11878 11882
f 11883 11879 11878
f 11859 3519 11855
f 11863 3519 11859
f 11863 3513 3519
f 11863 11859 11862
f 11862 11859 11858
f 11862 11857 11861
f 11862 11858 11857
f 11861 11856 11860
f 11861 11857 11856
f 11860 11856 5287
f 11860 5287 5286
f 11859 11855 11854
f 11864 5286 5285
f 11859 11854 11858
f 11858 11854 11857
f 11857 11852 11856
f 11857 11853 11852
f 11857 11854 11853
f 11856 11852 5288
f 11856 5288 5287
f 11855 11851 11850
f 11855 3531 11851
f 11855 11850 11854
f 11868 11864 5285
f 11872 11868 5284
f 11872 5284 5283
f 11871 3496 3504
f 11871 3504 3507
f 11871 11866 11870
f 11871 3507 11867
f 11871 11867 11866
f 11870 11865 11869
f 11870 11866 11865
f 11869 11864 11868
f 11869 11865 11864
f 11829 5316 5315
f 11868 5285 5284
f 11867 11863 11862
f 11867 3507 3513
f 11867 11862 11866
f 11867 3513 11863
f 11866 11861 11865
f 11866 11862 11861
f 11865 11860 11864
f 11865 11861 11860
f 11864 11860 5286
f 11782 146 11765
f 11774 11788 11786
f 11775 11787 11780
f 11775 11786 11787
f 11779 11785 11776
f 11785 11784 11776
f 11776 11784 11777
f 11784 11783 11777
f 11777 11783 5322
f 11783 5323 5322
f 11782 11767 153
f 11782 153 11781
f 11774 11786 11775
f 11782 11781 146
f 11782 11770 11767
f 11782 11769 11770
f 11782 11765 11769
f 11781 153 160
f 11781 160 159
f 11781 159 146
f 6072 6070 11766
f 11766 6070 11767
f 6070 153 11767
f 6070 6068 153
f 11792 149 148
f 11798 11793 11794
f 11797 156 157
f 3926 141 11796
f 141 140 11796
f 11796 140 11795
f 140 142 11795
f 11795 142 11794
f 142 156 11794
f 11793 149 11792
f 11793 157 149
f 11792 148 11791
f 6068 154 151
f 11791 150 5446
f 11791 148 150
f 11790 11780 11789
f 11790 11789 11779
f 11790 11779 11780
f 11789 11780 11787
f 11789 11785 11779
f 11789 11787 11785
f 4472 11788 11774
f 4472 4467 11788
f 11773 11751 6079
f 6194 6195 11776
f 11775 4473 11774
f 11775 4477 4473
f 6197 6201 11763
f 11774 4473 4472
f 6201 11755 11763
f 6201 6202 11755
f 4485 11754 4486
f 11754 11753 4486
f 4486 11753 4487
f 11773 11771 11772
f 11777 6194 11776
f 11773 6078 11771
f 11773 11772 11749
f 11773 6079 6078
f 11773 11750 11751
f 11773 11749 11750
f 11772 3903 11747
f 11772 11771 3913
f 11772 3913 3906
f 11772 3906 3903
f 11772 11748 11749
f 11778 6195 6196
f 6068 151 153
f 11765 3915 11764
f 11765 146 3915
f 11764 3915 3910
f 3915 146 3916
f 146 143 3916
f 3916 143 145
f 11778 11776 6195
f 11778 6197 11763
f 11778 4477 11775
f 11778 11754 4485
f 11798 11797 157
f 11778 6196 6197
f 11778 11775 11780
f 11778 11780 11779
f 11778 11779 11776
f 11778 4485 4481
f 11778 4481 4477
f 11778 11760 11754
f 11778 11761 11760
f 11778 11763 11761
f 5322 6194 11777
f 11818 11805 11806
f 11810 11809 11821
f 11810 11821 11822
f 11809 5269 11821
f 11809 5270 5269
f 3466 11820 11799
f 3466 11799 4483
f 11820 11819 11800
f 11820 11800 11799
f 11819 11818 11806
f 11819 11806 11800
f 11818 11817 11805
f 11813 11822 11823
f 11817 11816 11802
f 11817 11802 11805
f 11816 11815 11801
f 11816 11801 11802
f 11815 5312 5319
f 11815 5319 11801
f 11814 11792 6213
f 11814 3924 11795
f 11814 11811 3922
f 11814 6211 11811
f 11814 3922 3924
f 5317 11827 5318
f 11829 11828 11831
f 11829 11831 11830
f 11829 11830 11827
f 11829 3474 3473
f 3466 3464 11820
f 11820 3464 11819
f 3464 3465 11819
f 11816 5313 11815
f 11815 5313 5312
f 3473 3459 11828
f 3459 3460 11828
f 11814 6213 6211
f 11827 5311 5318
f 3918 11807 11826
f 3918 11826 3713
f 11807 11808 11825
f 11807 11825 11826
f 11808 11812 11824
f 11808 11824 11825
f 11812 11813 11823
f 11812 11823 11824
f 11813 11810 11822
f 5319 6277 11801
f 11804 11800 11806
f 11804 11806 11805
f 11804 11805 11802
f 11804 4475 4478
f 11803 6279 11784
f 11803 11786 4470
f 11803 6278 6279
f 11803 4470 4475
f 11803 11787 11786
f 11803 11785 11787
f 11803 11784 11785
f 11804 6277 6278
f 11801 6277 11802
f 6279 11783 11784
f 6279 5323 11783
f 11800 4478 11799
f 11799 4478 4483
f 11786 11788 4470
f 4470 11788 4467
f 11798 11794 156
f 11798 157 11793
f 11798 156 11797
f 11791 6213 11792
f 11814 11793 11792
f 11814 11794 11793
f 11814 11795 11794
f 11811 6209 11810
f 11811 11808 3917
f 11811 3917 3922
f 11811 11810 11813
f 11811 11813 11812
f 11811 11812 11808
f 11811 6211 6209
f 5446 6213 11791
f 11621 3589 6786
f 6209 5270 11809
f 6209 11809 11810
f 11795 3924 11796
f 11796 3924 3926
f 11808 11807 3917
f 3917 11807 3918
f 11804 11802 6277
f 11804 11803 4475
f 11804 4478 11800
f 11804 6278 11803
f 6652 6650 11411
f 11413 6648 6646
f 11413 11410 11415
f 11413 11415 11414
f 11413 11414 11411
f 11413 3923 3921
f 11413 3921 3919
f 11413 11394 11393
f 11413 11395 11394
f 11413 11396 11395
f 6654 6652 11412
f 11412 6652 11411
f 11413 6650 6648
f 11410 3920 11409
f 11410 3919 3920
f 6646 6644 11396
f 11409 3920 3715
f 6644 11397 11396
f 6644 5078 11397
f 3923 11393 3925
f 11393 11392 3925
f 3925 11392 3927
f 11408 11387 6822
f 11408 11406 11407
f 11419 11403 11405
f 6655 6654 11412
f 11410 11409 3726
f 3726 11409 3716
f 11409 3715 3716
f 6671 11421 11399
f 6671 11399 6815
f 11421 11420 11400
f 11421 11400 11399
f 11420 11419 11405
f 11420 11405 11400
f 11419 11418 11403
f 11408 11407 11391
f 11418 11417 11402
f 11418 11402 11403
f 11417 11416 11398
f 11417 11398 11402
f 11416 3484 3458
f 11416 3458 11398
f 11413 11411 6650
f 11413 6646 11396
f 11413 3919 11410
f 11413 11393 3923
f 5077 11381 11397
f 11401 3470 3469
f 11401 11403 11402
f 11401 11402 11398
f 6818 6823 11387
f 6823 6822 11387
f 11386 3463 11385
f 11386 3468 3463
f 6816 6815 11399
f 6816 11399 11400
f 11385 3463 3462
f 11398 3458 3457
f 11401 3471 3470
f 5077 11397 5078
f 11381 11380 11396
f 11381 11396 11397
f 11380 11383 11395
f 11380 11395 11396
f 11383 11384 11394
f 11383 11394 11395
f 11384 11379 11393
f 11384 11393 11394
f 11379 11378 11392
f 11407 11386 11390
f 11408 6814 11406
f 11408 6822 6821
f 11408 6821 6819
f 11408 6819 6820
f 11408 6820 6814
f 11408 11388 11387
f 11408 11391 11388
f 11407 11406 3469
f 11407 3468 11386
f 11407 3469 3468
f 11407 11390 11391
f 11422 3711 3415
f 11406 11401 3469
f 11406 6814 11404
f 11406 11404 11401
f 11404 11403 11401
f 11404 6816 11400
f 11404 11400 11405
f 11404 11405 11403
f 11404 6814 6816
f 11401 11398 3457
f 11401 3457 3471
f 11440 11418 11439
f 11445 11439 11444
f 11445 11444 6678
f 11444 11439 6673
f 11444 6673 11443
f 11444 11443 6678
f 11443 6673 11442
f 11443 11442 6678
f 11442 6673 6678
f 11441 3487 11416
f 11441 11417 11440
f 11441 11416 11417
f 11445 11440 11439
f 11440 11417 11418
f 11439 11438 6673
f 11439 11419 11438
f 11439 11418 11419
f 11438 11420 11437
f 11438 11437 6673
f 11438 11419 11420
f 11437 11421 11436
f 11437 11436 6673
f 11437 11420 11421
f 11436 6671 6673
f 11450 11449 6682
f 11454 6682 11453
f 11453 11452 6686
f 11453 6682 11452
f 11452 6682 6686
f 11451 3490 11446
f 11451 11445 11450
f 11451 11450 6682
f 11451 3499 3494
f 11451 3494 3490
f 11451 11446 11445
f 11450 6678 11449
f 11436 11421 6671
f 11450 11445 6678
f 11449 6678 11448
f 11449 11448 6682
f 11448 6678 11447
f 11448 11447 6682
f 11447 6678 6682
f 11446 11440 11445
f 11446 3490 3487
f 11446 3487 11441
f 11446 11441 11440
f 11425 6658 6657
f 11427 11422 11428
f 11427 11428 11429
f 11427 3724 3723
f 11427 3723 3711
f 11426 6658 11425
f 11426 11425 3725
f 11426 6661 6660
f 11426 6660 6658
f 11426 3725 3724
f 11425 6657 11411
f 11425 11410 3726
f 11427 3711 11422
f 11425 3726 3725
f 11425 11415 11410
f 11425 11414 11415
f 11425 11411 11414
f 6664 6663 11423
f 6663 6662 11423
f 11423 6662 11424
f 6657 6656 11411
f 6656 6655 11412
f 6656 11412 11411
f 3509 3502 6690
f 3416 3615 11435
f 11435 3615 11434
f 11434 3615 11432
f 11432 3615 11433
f 6803 3609 6798
f 6798 3604 6794
f 6794 3599 6790
f 6790 3594 6786
f 6786 3589 6781
f 3521 3515 6702
f 3515 3509 6696
f 11379 11392 11393
f 3502 3499 6686
f 3487 3484 11416
f 11430 11426 11427
f 11430 11424 6662
f 11430 6661 11426
f 11430 11427 11429
f 11430 6662 6661
f 11430 11429 11431
f 11430 11431 11424
f 11427 11426 3724
f 6643 11356 11357
f 11358 11344 11341
f 11358 11343 11344
f 11358 11339 11343
f 6635 6636 11340
f 11340 6636 11341
f 6636 6640 11341
f 11339 4457 11338
f 11339 4456 4457
f 6642 6643 11357
f 11338 4457 4460
f 6643 5075 11356
f 11358 6641 6642
f 4461 11355 4463
f 11355 11354 4463
f 4463 11354 4465
f 179 181 6280
f 181 183 11353
f 181 11353 6280
f 183 185 11352
f 183 11352 11353
f 185 187 11351
f 185 11351 11352
f 187 190 11350
f 11348 3746 3745
f 11364 3759 3758
f 11364 3758 3757
f 11364 11349 11348
f 11364 11350 11349
f 6289 6288 11363
f 6288 6287 11363
f 11362 3751 11361
f 11362 3756 3751
f 6281 11353 11352
f 6281 6280 11353
f 11361 3751 3750
f 187 11350 11351
f 11358 11341 6640
f 11358 6642 11357
f 11358 4456 11339
f 11358 11355 4461
f 11358 4461 4458
f 11358 4458 4456
f 11358 11357 11360
f 11358 11360 11359
f 11358 11359 11355
f 11358 6640 6641
f 6638 6637 11340
f 11342 6639 11341
f 11342 11339 4961
f 11342 4961 4960
f 11342 11341 11344
f 11342 11344 11343
f 11342 11343 11339
f 11342 6634 6639
f 6629 6631 11283
f 6631 6630 11283
f 11283 6630 11281
f 6639 6638 11341
f 11345 6633 6634
f 6638 11340 11341
f 11273 4949 4937
f 6637 6635 11340
f 11339 11338 4961
f 4961 11338 4951
f 11338 4460 4951
f 11337 11330 11336
f 11337 11331 11330
f 11337 4780 4782
f 11337 4782 4787
f 11347 11277 11279
f 190 193 11349
f 190 11349 11350
f 193 192 11348
f 193 11348 11349
f 192 3746 11348
f 11347 11345 11346
f 11347 11281 6630
f 11347 6632 11345
f 11347 11346 11277
f 11347 6630 6632
f 11347 11279 11281
f 11364 3745 3759
f 11346 4949 11273
f 11346 11345 4959
f 11346 4959 4958
f 11346 4958 4949
f 11346 11275 11277
f 11346 11273 11275
f 11345 6634 11342
f 11345 11342 4960
f 11345 4960 4959
f 11345 6632 6633
f 11382 11379 11384
f 6817 6818 11387
f 6817 11387 11388
f 4479 11386 4482
f 11386 11385 4482
f 4482 11385 3462
f 11382 11380 6296
f 11382 6292 11371
f 11382 3932 11379
f 11382 11362 3938
f 11382 6296 6294
f 11382 6294 6292
f 11372 4469 4468
f 11382 11384 11383
f 11382 11383 11380
f 11382 3938 3935
f 11382 3935 3932
f 11382 11368 11362
f 11382 11369 11368
f 11382 11371 11369
f 5077 6298 11381
f 11381 6298 11380
f 6298 6296 11380
f 11379 3930 11378
f 11389 6811 6812
f 11378 3927 11392
f 11378 3928 3927
f 11389 11376 6811
f 11389 6813 11388
f 11389 4471 11373
f 11389 11386 4479
f 11389 4479 4476
f 11389 4476 4471
f 11389 11388 11391
f 11389 11391 11390
f 11389 11390 11386
f 11379 3932 3930
f 11389 6812 6813
f 11389 11375 11376
f 11389 11374 11375
f 11389 11373 11374
f 5076 6810 11377
f 11377 6810 11376
f 6810 6811 11376
f 11373 4469 11372
f 11373 4471 4469
f 6813 6817 11388
f 11367 11368 11369
f 11370 11367 11369
f 11370 11366 11367
f 11370 6287 6286
f 11370 6286 6285
f 11370 6285 6283
f 11370 6283 6282
f 11370 11369 11371
f 11370 11371 11363
f 11367 3756 11362
f 11367 11366 3757
f 11367 11362 11368
f 11370 6282 11366
f 11367 3757 3756
f 11366 11365 11364
f 11366 6282 11365
f 11366 11364 3757
f 11365 6281 11352
f 11365 11350 11364
f 11365 6282 6281
f 11365 11351 11350
f 11365 11352 11351
f 11364 11348 3745
f 11376 11375 11360
f 6292 6290 11371
f 11378 3930 3928
f 6290 11363 11371
f 6290 6289 11363
f 3938 11362 3940
f 11362 11361 3940
f 3940 11361 3750
f 5076 11377 11356
f 5076 11356 5075
f 11377 11376 11357
f 11377 11357 11356
f 11454 11453 6686
f 11376 11360 11357
f 11375 11374 11359
f 11375 11359 11360
f 11374 11373 11355
f 11374 11355 11359
f 11373 11372 11354
f 11373 11354 11355
f 11372 4468 4465
f 11372 4465 11354
f 11370 11363 6287
f 11564 11561 11560
f 11571 3563 11565
f 11570 11563 11569
f 11570 11565 11564
f 11570 11564 11563
f 11569 11563 11568
f 11568 11563 11567
f 11567 11563 11566
f 11566 11563 6755
f 11565 11562 11564
f 11565 3563 11562
f 11564 11562 11561
f 11571 11565 11570
f 11564 11560 11563
f 11563 6750 6755
f 11563 11560 11559
f 11563 11559 11558
f 11563 11558 11557
f 11563 11557 6750
f 11562 3563 3560
f 11562 11555 11561
f 11562 3560 11556
f 11562 11556 11555
f 11561 11555 11554
f 11574 11570 11573
f 11581 6760 6765
f 11580 3569 3566
f 11580 11574 11573
f 11580 3566 11574
f 11580 11573 11579
f 11579 11572 11578
f 11579 11573 11572
f 11578 11572 11577
f 11577 11572 11576
f 11576 11572 11575
f 11575 11572 6760
f 11561 11554 11560
f 11574 3566 11571
f 11574 11571 11570
f 11573 11569 11572
f 11573 11570 11569
f 11572 11569 11568
f 11572 11568 11567
f 11572 11567 11566
f 11572 11566 6755
f 11572 6755 6760
f 11571 3566 3563
f 11544 11538 11543
f 11548 11545 6745
f 11547 11543 11546
f 11547 11544 11543
f 11547 3557 11544
f 11546 11542 11545
f 11546 11543 11542
f 11545 11542 11541
f 11545 11541 11540
f 11545 11540 11539
f 11545 11539 6741
f 11545 6741 6745
f 11549 11545 11548
f 11544 3557 3552
f 11544 3552 11538
f 11543 11536 11542
f 11543 11538 11537
f 11543 11537 11536
f 11542 11536 11541
f 11541 11536 11540
f 11540 11536 11539
f 11539 11536 6741
f 11538 11535 11537
f 11554 11549 11548
f 11560 11554 11559
f 11559 11554 11558
f 11558 11554 11557
f 11557 11554 6750
f 11556 3560 11553
f 11556 11553 11555
f 11555 11551 11554
f 11555 11553 11552
f 11555 11552 11551
f 11554 11551 11550
f 11554 11550 11549
f 11581 11575 6760
f 11554 11548 6745
f 11554 6745 6750
f 11553 11547 11552
f 11553 3560 3557
f 11553 3557 11547
f 11552 11545 11551
f 11552 11547 11546
f 11552 11546 11545
f 11551 11545 11550
f 11550 11545 11549
f 11608 11602 11607
f 11612 11608 11607
f 11611 11607 11606
f 11611 11606 11605
f 11611 11605 6774
f 11611 6774 6781
f 11610 3584 3579
f 11610 11604 11609
f 11610 3579 11604
f 11609 11602 11608
f 11609 11604 11603
f 11609 11603 11602
f 11612 11607 11611
f 11607 11601 11606
f 11607 11602 11601
f 11606 11601 11605
f 11605 11601 6774
f 11604 11599 11603
f 11604 3579 11600
f 11604 11600 11599
f 11603 11598 11602
f 11603 11599 11598
f 11602 11597 11601
f 11602 11598 11597
f 11617 11611 11616
f 11620 11614 11619
f 11620 11619 3589
f 11620 3584 11614
f 11620 3589 3584
f 11619 11618 3589
f 11619 11612 11618
f 11619 11614 11613
f 11619 11613 11612
f 11618 11611 11617
f 11618 11617 3589
f 11618 11612 11611
f 11601 11597 11596
f 11617 11616 3589
f 11616 11611 11615
f 11616 11615 3589
f 11615 6781 3589
f 11615 11611 6781
f 11614 11609 11613
f 11614 3584 11610
f 11614 11610 11609
f 11613 11608 11612
f 11613 11609 11608
f 11586 11581 11585
f 11591 11585 6765
f 11591 6765 6769
f 11590 11583 11589
f 11590 11584 11583
f 11590 3569 11584
f 11590 3574 3569
f 11589 11582 11588
f 11589 11583 11582
f 11588 11582 11587
f 11587 11581 11586
f 11587 11582 11581
f 11591 11586 11585
f 11585 11581 6765
f 11584 11580 11583
f 11584 3569 11580
f 11583 11578 11582
f 11583 11579 11578
f 11583 11580 11579
f 11582 11577 11581
f 11582 11578 11577
f 11581 11577 11576
f 11581 11576 11575
f 11597 11591 11596
f 11601 11596 11595
f 11601 11595 6769
f 11601 6769 6774
f 11600 3579 3574
f 11600 11593 11599
f 11600 3574 11594
f 11600 11594 11593
f 11599 11592 11598
f 11599 11593 11592
f 11598 11592 11597
f 11597 11592 11591
f 11538 3552 11535
f 11596 11591 11595
f 11595 11591 6769
f 11594 3574 11590
f 11594 11589 11593
f 11594 11590 11589
f 11593 11588 11592
f 11593 11589 11588
f 11592 11587 11591
f 11592 11588 11587
f 11591 11587 11586
f 11481 11477 11476
f 11488 3533 3527
f 11487 11480 11486
f 11487 11481 11480
f 11486 11479 11485
f 11486 11480 11479
f 11485 11479 11484
f 11484 11479 11483
f 11483 11479 6711
f 11482 11477 11481
f 11482 11478 11477
f 11482 3527 11478
f 11488 3527 11482
f 11481 11476 11480
f 11480 11475 11479
f 11480 11476 11475
f 11479 11475 11474
f 11479 11474 11473
f 11479 6706 6711
f 11479 11473 6706
f 11478 11471 11477
f 11478 11472 11471
f 11478 3527 3521
f 11478 3521 11472
f 11491 11486 11490
f 11498 3533 11492
f 11498 11492 11491
f 11497 11490 11496
f 11497 11491 11490
f 11496 11489 11495
f 11496 11490 11489
f 11495 11489 11494
f 11494 11489 11493
f 11493 11489 6715
f 11492 3533 11488
f 11492 11488 11491
f 11477 11470 11476
f 11491 11488 11487
f 11491 11487 11486
f 11490 11486 11485
f 11490 11485 11489
f 11489 11485 11484
f 11489 11484 11483
f 11489 6711 6715
f 11489 11483 6711
f 11488 11481 11487
f 11488 11482 11481
f 11459 11458 6690
f 11464 3509 6690
f 11463 11462 6696
f 11463 6690 11462
f 11462 6690 11461
f 11462 11461 6696
f 11461 6690 6696
f 11460 11459 6690
f 11460 6686 11459
f 11460 6690 3502
f 11460 3502 6686
f 11459 6686 11458
f 11464 6696 3509
f 11458 6686 11457
f 11458 11457 6690
f 11457 6686 6690
f 11456 11451 6682
f 11456 3499 11451
f 11456 6682 11455
f 11456 11455 6686
f 11456 6686 3499
f 11455 11454 6686
f 11455 6682 11454
f 11468 6696 11467
f 11477 11471 11470
f 11476 11469 11475
f 11476 11470 11469
f 11475 11469 11474
f 11474 11469 11473
f 11473 11469 6706
f 11472 6702 11471
f 11472 3521 6702
f 11471 6702 11470
f 11470 6702 11469
f 11469 6702 6706
f 11498 11491 11497
f 11468 11467 6702
f 11468 3515 6696
f 11468 6702 3515
f 11467 6696 11466
f 11467 11466 6702
f 11466 6696 11465
f 11466 11465 6702
f 11465 6696 6702
f 11464 6690 11463
f 11464 11463 6696
f 11524 11518 11523
f 11527 11521 6730
f 11527 6730 6736
f 11527 11524 11523
f 11527 11522 11521
f 11527 11523 11522
f 11526 11520 11519
f 11526 3548 11520
f 11526 3551 3548
f 11526 11519 11525
f 11525 11519 11518
f 11525 11518 11524
f 11528 11524 11527
f 11523 11518 11522
f 11522 11518 11521
f 11521 11518 6730
f 11520 11516 11519
f 11520 11517 11516
f 11520 3548 11517
f 11519 11515 11518
f 11519 11516 11515
f 11518 11515 11514
f 11518 11514 11513
f 11535 3551 11529
f 11537 11535 11534
f 11537 11533 11536
f 11537 11534 11533
f 11536 11533 11532
f 11536 11532 11531
f 11536 11531 11530
f 11536 6736 6741
f 11536 11530 6736
f 11535 3552 3551
f 11535 11528 11534
f 11535 11529 11528
f 11518 11513 11512
f 11534 11527 11533
f 11534 11528 11527
f 11533 11527 11532
f 11532 11527 11531
f 11531 11527 11530
f 11530 11527 6736
f 11529 11526 11528
f 11529 3551 11526
f 11528 11526 11525
f 11528 11525 11524
f 11502 3538 11498
f 11508 11501 11507
f 11508 11502 11501
f 11508 3538 11502
f 11507 11500 11506
f 11507 11501 11500
f 11506 11499 11505
f 11506 11500 11499
f 11505 11499 11504
f 11504 11499 11503
f 11503 11499 6721
f 11502 11498 11501
f 11508 3543 3538
f 11501 11498 11497
f 11501 11497 11500
f 11500 11495 11499
f 11500 11497 11496
f 11500 11496 11495
f 11499 6715 6721
f 11499 11494 11493
f 11499 11493 6715
f 11499 11495 11494
f 11498 3538 3533
f 11512 11509 6727
f 11518 11512 6727
f 11518 6727 6730
f 11517 11510 11516
f 11517 11511 11510
f 11517 3543 11511
f 11517 3548 3543
f 11516 11509 11515
f 11516 11510 11509
f 11515 11509 11514
f 11514 11509 11513
f 11513 11509 11512
f 10790 10784 10783
f 11511 11507 11510
f 11511 3543 11508
f 11511 11508 11507
f 11510 11507 11509
f 11509 11507 11506
f 11509 11506 11505
f 11509 11504 11503
f 11509 11505 11504
f 11509 11503 6721
f 11509 6721 6727
f 10054 10053 10056
f 10058 3085 3082
f 10058 10042 10041
f 10058 10043 10042
f 10057 7482 10054
f 10057 10054 3095
f 10057 3095 3094
f 10057 7484 7483
f 10057 7483 7482
f 10054 7481 10053
f 10054 10051 3088
f 10054 3088 3095
f 10058 3094 3085
f 10054 10056 10055
f 10054 10055 10051
f 10054 7482 7481
f 7486 7487 10038
f 7487 7485 10038
f 10038 7485 10039
f 7481 7480 10053
f 7480 7479 10052
f 7480 10052 10053
f 10043 3082 3084
f 7479 7478 10052
f 10061 10049 2942
f 10066 10044 10045
f 10066 7557 10044
f 10065 10046 10064
f 10065 10045 10046
f 10064 10047 10063
f 10064 10046 10047
f 10063 10048 10062
f 10063 10047 10048
f 10062 10049 10061
f 10062 10048 10049
f 10061 2942 2941
f 10051 10050 3088
f 7621 7608 10060
f 10059 10057 10058
f 10059 10039 7485
f 10059 7484 10057
f 10059 10058 10041
f 10059 7485 7484
f 10059 10040 10039
f 10059 10041 10040
f 10058 3082 10043
f 10058 10057 3094
f 10036 1308 1299
f 560 10040 10041
f 562 564 10039
f 562 10039 10040
f 564 549 10038
f 564 10038 10039
f 549 7486 10038
f 549 548 7486
f 10036 10024 10034
f 10036 10025 10024
f 10036 1299 10025
f 10036 10034 10035
f 560 562 10040
f 10036 10035 10037
f 10036 10037 1308
f 10034 10033 10032
f 10034 10024 10023
f 10034 10023 10033
f 10034 10032 10035
f 10033 10022 10030
f 10033 10030 10032
f 10033 10023 10022
f 10030 10022 10029
f 10046 10035 10032
f 3088 10050 3086
f 10050 3089 3086
f 2942 10049 10027
f 2942 10027 2842
f 10049 10048 10028
f 10049 10028 10027
f 10048 10047 10031
f 10048 10031 10028
f 10047 10046 10032
f 10047 10032 10031
f 10046 10045 10035
f 10066 7568 7557
f 10045 10044 10037
f 10045 10037 10035
f 10044 7557 1308
f 10044 1308 10037
f 554 556 10043
f 554 10043 3084
f 556 558 10042
f 556 10042 10043
f 558 560 10041
f 558 10041 10042
f 10091 2917 2911
f 10096 7588 10090
f 10096 7589 7588
f 10095 10088 10094
f 10095 10089 10088
f 10094 10087 10093
f 10094 10088 10087
f 10093 10086 10092
f 10093 10087 10086
f 10092 10085 10091
f 10092 10086 10085
f 10091 10085 2917
f 10096 10090 10089
f 10090 10083 10089
f 10090 10084 10083
f 10090 7578 10084
f 10090 7588 7578
f 10089 10083 10088
f 10088 10081 10087
f 10088 10083 10082
f 10088 10082 10081
f 10087 10081 10080
f 10087 10080 10086
f 10086 10080 10079
f 10101 10095 10100
f 10106 10100 10099
f 10105 10098 10104
f 10105 10099 10098
f 10104 10097 10103
f 10104 10098 10097
f 10103 10097 2905
f 10103 2905 2898
f 10102 10095 10101
f 10102 10096 10095
f 10102 7589 10096
f 10102 7593 7589
f 10086 10079 10085
f 10100 10093 10099
f 10100 10095 10094
f 10100 10094 10093
f 10099 10093 10092
f 10099 10092 10098
f 10098 10092 10097
f 10097 10091 2911
f 10097 10092 10091
f 10097 2911 2905
f 10096 10089 10095
f 10071 10065 10064
f 10076 10069 10075
f 10075 10069 10068
f 10075 10068 10074
f 10074 10067 10073
f 10074 10068 10067
f 10073 10067 2933
f 10073 2933 2927
f 10072 10065 10071
f 10072 7568 10066
f 10072 10066 10065
f 10072 7572 7568
f 10076 10070 10069
f 10071 10064 10070
f 10070 10063 10069
f 10070 10064 10063
f 10069 10063 10062
f 10069 10062 10068
f 10068 10061 10067
f 10068 10062 10061
f 10067 10061 2941
f 10067 2941 2933
f 10066 10045 10065
f 10081 10074 10080
f 10085 10079 2921
f 10085 2921 2917
f 10084 10077 10083
f 10084 7578 7574
f 10084 7574 10078
f 10084 10078 10077
f 10083 10076 10082
f 10083 10077 10076
f 10082 10076 10075
f 10082 10075 10081
f 10081 10075 10074
f 10030 10029 10028
f 10080 10074 10073
f 10080 10073 10079
f 10079 10073 2927
f 10079 2927 2921
f 10078 10072 10071
f 10078 7572 10072
f 10078 7574 7572
f 10078 10071 10077
f 10077 10071 10070
f 10077 10070 10076
f 9980 9979 9919
f 9983 7909 9977
f 9982 9981 9921
f 9982 9975 9981
f 9982 9916 9915
f 9982 9921 9916
f 9982 9976 9975
f 9981 9980 9919
f 9981 9974 9980
f 9981 9919 9921
f 9981 9975 9974
f 9980 9974 9973
f 9983 9915 7898
f 9980 9973 9979
f 9979 9978 9914
f 9979 9973 9972
f 9979 9972 9978
f 9979 9918 9919
f 9979 9914 9918
f 9978 9972 2956
f 9978 2956 2951
f 9978 2951 2950
f 9978 2950 9914
f 9977 9971 9976
f 9986 683 9985
f 9991 9984 9990
f 9990 9984 2841
f 9990 2841 2851
f 9989 689 9988
f 9989 1261 550
f 9989 550 552
f 9989 552 689
f 9988 687 9987
f 9988 689 687
f 9987 685 9986
f 9987 687 685
f 9977 7909 9971
f 9986 685 683
f 9985 681 9984
f 9985 683 681
f 9984 680 2841
f 9984 681 680
f 9983 9976 9982
f 9983 9982 9915
f 9983 7898 7905
f 9983 7905 7909
f 9983 9977 9976
f 9962 9956 9955
f 9967 9961 9960
f 9966 9960 2967
f 9966 2967 2960
f 9965 9958 9964
f 9965 9959 9958
f 9965 7924 9959
f 9965 7919 7924
f 9964 9958 9963
f 9963 9956 9962
f 9963 9958 9957
f 9963 9957 9956
f 9967 9960 9966
f 9962 9955 9961
f 9961 9954 9960
f 9961 9955 9954
f 9960 9954 2973
f 9960 2973 2967
f 9959 9952 9958
f 9959 9953 9952
f 9959 7929 9953
f 9959 7924 7929
f 9958 9951 9957
f 9971 9964 9970
f 9976 9969 9975
f 9976 9971 9970
f 9976 9970 9969
f 9975 9969 9974
f 9974 9969 9968
f 9974 9967 9973
f 9974 9968 9967
f 9973 9966 9972
f 9973 9967 9966
f 9972 9966 2960
f 9972 2960 2956
f 9991 9985 9984
f 9971 9965 9964
f 9971 7919 9965
f 9971 7909 7914
f 9971 7914 7919
f 9970 9963 9969
f 9970 9964 9963
f 9969 9962 9968
f 9969 9963 9962
f 9968 9961 9967
f 9968 9962 9961
f 10016 10009 10015
f 10021 10015 10014
f 10020 10014 2872
f 10020 2872 2877
f 10019 10013 10018
f 10019 1285 10013
f 10019 1292 1285
f 10018 10011 10017
f 10018 10013 10012
f 10018 10012 10011
f 10017 10010 10016
f 10017 10011 10010
f 10021 10014 10020
f 10016 10010 10009
f 10015 10009 10008
f 10015 10008 10014
f 10014 10008 2866
f 10014 2866 2872
f 10013 10006 10012
f 10013 1285 10007
f 10013 10007 10006
f 10012 10005 10011
f 10012 10006 10005
f 10011 10005 10010
f 10025 10018 10024
f 10030 10028 10031
f 10030 10031 10032
f 10029 10026 10028
f 10029 10020 10026
f 10029 10022 10021
f 10029 10021 10020
f 10026 10020 2877
f 10026 2842 10027
f 10026 10027 10028
f 10026 2877 2843
f 10026 2843 2842
f 10010 10003 10009
f 10025 10019 10018
f 10025 1292 10019
f 10025 1299 1298
f 10025 1298 1292
f 10024 10017 10023
f 10024 10018 10017
f 10023 10017 10022
f 10022 10015 10021
f 10022 10017 10016
f 10022 10016 10015
f 9996 2851 2856
f 10001 1273 1267
f 10001 9994 10000
f 10000 9994 9993
f 10000 9993 9999
f 9999 9992 9998
f 9999 9993 9992
f 9998 9991 9997
f 9998 9992 9991
f 9997 9990 9996
f 9997 9991 9990
f 9996 9990 2851
f 10001 1267 9995
f 9995 9988 9994
f 9995 1261 9989
f 9995 9989 9988
f 9995 1267 1261
f 9994 9988 9987
f 9994 9987 9993
f 9993 9986 9992
f 9993 9987 9986
f 9992 9985 9991
f 9992 9986 9985
f 10006 10000 9999
f 10010 10005 10004
f 10010 10004 10003
f 10009 10002 10008
f 10009 10003 10002
f 10008 10002 2860
f 10008 2860 2866
f 10007 1285 1280
f 10007 10000 10006
f 10007 1280 1273
f 10007 1273 10001
f 10007 10001 10000
f 10106 10099 10105
f 10006 9999 10005
f 10005 9998 10004
f 10005 9999 9998
f 10004 9997 10003
f 10004 9998 9997
f 10003 9997 9996
f 10003 9996 10002
f 10002 9996 2856
f 10002 2856 2860
f 10001 9995 9994
f 10184 3061 10173
f 10188 10189 10183
f 10188 5788 5785
f 10187 3066 10186
f 10187 10186 5789
f 10187 3067 3066
f 10187 5789 5788
f 10186 3066 10185
f 10186 10185 5789
f 10185 10184 5787
f 10185 3066 10184
f 10185 5787 5789
f 10188 10190 10189
f 10184 10170 5784
f 10184 3066 3065
f 10184 3065 3061
f 10184 5784 5787
f 10184 10171 10170
f 10184 10172 10171
f 10184 10173 10172
f 3056 3055 10183
f 3055 3068 10183
f 10182 5785 5786
f 10182 5786 5779
f 10176 10193 10194
f 10195 10176 10194
f 10195 10192 10177
f 10195 10194 10197
f 10195 10197 10196
f 10195 10196 10192
f 10195 10181 10176
f 10195 10180 10181
f 10195 10177 10180
f 3169 3168 10175
f 10175 10193 10176
f 10175 3168 10193
f 3061 10174 10173
f 10177 10191 10178
f 10177 10192 10191
f 10178 5797 5798
f 10178 10191 5797
f 10188 10187 5788
f 10188 10183 3068
f 10188 3067 10187
f 10188 5785 10182
f 10188 3068 3067
f 10188 10182 10190
f 10159 10171 10172
f 10176 3171 10175
f 10175 3171 3169
f 10165 10167 3182
f 3182 10167 3184
f 3115 10154 10174
f 3115 10174 3060
f 10154 10155 10173
f 10154 10173 10174
f 10155 10159 10172
f 10155 10172 10173
f 10159 10160 10171
f 7713 5852 10162
f 10160 10157 10170
f 10160 10170 10171
f 10157 10156 10169
f 10157 10169 10170
f 10156 5780 10169
f 10156 5781 5780
f 10168 10150 10166
f 10168 10164 10153
f 10168 10166 10164
f 10168 10153 10150
f 10179 10181 10180
f 3061 3060 10174
f 5784 10170 5783
f 10170 10169 5783
f 5783 10169 5782
f 10169 5780 5782
f 10179 10177 7714
f 10179 7713 10163
f 10179 3171 10176
f 10179 10165 3182
f 10179 7714 7713
f 10179 10176 10181
f 10182 5779 1655
f 10179 10180 10177
f 10179 3182 3180
f 10179 3180 3171
f 10179 10166 10165
f 10179 10164 10166
f 10179 10163 10164
f 5798 7716 10178
f 10178 7716 10177
f 7716 7714 10177
f 7713 10162 10163
f 10220 10214 10212
f 10224 10219 10223
f 10224 10220 10219
f 10224 10221 10220
f 10223 10219 10218
f 10223 10218 10222
f 10222 2831 2825
f 10222 10218 2831
f 10221 5763 10216
f 10221 10214 10220
f 10221 5765 5763
f 10221 10216 10214
f 10225 5767 5765
f 10220 10212 10219
f 10219 10212 10210
f 10219 10210 10218
f 10218 2837 2831
f 10218 10210 2837
f 10216 10215 10214
f 10216 5759 10217
f 10216 10217 10215
f 10216 5763 5759
f 10214 10213 10212
f 10214 10215 10213
f 10229 5769 10225
f 10233 5771 10229
f 10233 10228 10232
f 10233 10229 10228
f 10232 10227 10231
f 10232 10228 10227
f 10231 10227 10226
f 10231 10226 10230
f 10230 10226 2819
f 10230 2819 2813
f 10229 10224 10228
f 10229 10225 10224
f 10212 10211 10210
f 10229 5771 5769
f 10228 10224 10227
f 10227 10224 10223
f 10227 10223 10222
f 10227 10222 10226
f 10226 2825 2819
f 10226 10222 2825
f 10225 10221 10224
f 10225 5765 10221
f 10225 5769 5767
f 5795 10202 5796
f 10204 10203 10206
f 10204 10206 10205
f 10204 10205 10202
f 10204 3235 3225
f 3168 3229 10193
f 10193 3229 10194
f 3229 3227 10194
f 10192 5791 10191
f 10191 5791 5797
f 3225 3224 10203
f 3224 2953 10203
f 10204 5794 5793
f 10202 5790 5796
f 3056 10183 10201
f 3056 10201 1842
f 10183 10189 10200
f 10183 10200 10201
f 10189 10190 10199
f 10189 10199 10200
f 10190 10182 10198
f 10190 10198 10199
f 10182 1655 10198
f 10209 10196 10197
f 10212 10213 10211
f 10210 2838 2837
f 10210 10211 2838
f 10201 1843 1842
f 10209 10208 5792
f 10209 10194 3227
f 10209 5791 10192
f 10209 3228 10208
f 10209 5792 5791
f 10209 3227 3228
f 10209 10197 10194
f 3186 10167 10146
f 10209 10192 10196
f 10208 3235 10207
f 10208 10207 5793
f 10208 5793 5792
f 10208 3228 3235
f 10207 10204 5793
f 10207 3235 10204
f 10204 3225 10203
f 10204 10202 5795
f 10204 5795 5794
f 10052 7476 10053
f 10127 10053 539
f 10127 539 10126
f 10127 532 10051
f 10127 10126 532
f 10127 10056 10053
f 10127 10055 10056
f 10127 10051 10055
f 10126 539 546
f 10126 546 545
f 10126 545 532
f 7478 7476 10052
f 10116 2890 3207
f 7476 539 10053
f 7476 7474 539
f 7474 540 537
f 7474 537 539
f 10051 3123 10050
f 10051 532 3123
f 10050 3123 3089
f 3123 532 3124
f 532 529 3124
f 3124 529 531
f 10125 7608 7606
f 10132 10117 10116
f 10134 7562 7622
f 10134 3211 3209
f 10133 7620 10124
f 10133 10120 10132
f 10133 7622 7620
f 10133 10122 10120
f 10133 10124 10122
f 10132 10116 3207
f 10132 3207 3206
f 10132 3206 3212
f 10132 3212 3211
f 10125 7606 10114
f 10132 10120 10117
f 7558 7560 10130
f 7560 7559 10130
f 7559 7561 10130
f 10130 7561 10131
f 10129 3208 10128
f 10129 3209 3208
f 7620 10060 10124
f 7620 7621 10060
f 10128 3208 3165
f 10110 10104 10109
f 10115 2891 2890
f 10114 10107 10113
f 10114 7602 10108
f 10114 7606 7602
f 10114 10108 10107
f 10113 10106 10112
f 10113 10107 10106
f 10112 10106 10105
f 10112 10105 10111
f 10111 10104 10110
f 10111 10105 10104
f 10115 10116 10117
f 10109 10104 10103
f 10109 10103 2898
f 10109 2898 2894
f 10109 2894 2891
f 10108 10102 10101
f 10108 7593 10102
f 10108 7602 7593
f 10108 10101 10107
f 10107 10101 10100
f 10107 10100 10106
f 10121 10112 10111
f 10125 10123 10060
f 10125 10114 10113
f 10125 10060 7608
f 10125 10113 10123
f 10123 10121 10122
f 10123 10113 10121
f 10123 10122 10124
f 10123 10124 10060
f 10121 10119 10120
f 10121 10113 10112
f 10121 10120 10122
f 10134 10132 3211
f 10121 10111 10119
f 10119 10117 10120
f 10119 10110 10118
f 10119 10111 10110
f 10119 10118 10117
f 10118 10110 10109
f 10118 10109 10115
f 10118 10115 10117
f 10115 10109 2891
f 10115 2890 10116
f 3116 10154 3115
f 10158 10157 10160
f 10158 10160 10159
f 10158 10159 10155
f 10158 7626 7624
f 5758 7628 10138
f 10138 7628 10139
f 7624 5781 10156
f 7624 10156 10157
f 10142 3120 10143
f 10143 3120 3122
f 10155 10154 3116
f 10158 3116 3118
f 10151 10148 7616
f 10151 7613 10149
f 10151 10149 10150
f 10151 7616 7615
f 10151 7615 7613
f 10151 10150 10153
f 10151 10153 10152
f 10151 10152 10148
f 10149 7614 10131
f 10149 3173 10147
f 10149 10129 3166
f 10161 10139 7628
f 3186 3184 10167
f 10146 10165 10147
f 10146 10167 10165
f 10147 10166 10150
f 10147 10165 10166
f 10153 10164 10152
f 10164 10163 10152
f 10152 10163 10148
f 10163 10162 10148
f 10148 10162 5851
f 10162 5852 5851
f 10149 7613 7614
f 10161 3120 10142
f 10161 10158 3118
f 10161 7626 10158
f 10161 3118 3120
f 10161 7628 7626
f 10161 10140 10139
f 10161 10141 10140
f 10161 10142 10141
f 10158 7624 10157
f 10158 10155 3116
f 10135 10131 7561
f 527 526 10143
f 10143 526 10142
f 526 528 10142
f 10142 528 10141
f 528 542 10141
f 10140 535 10139
f 10140 543 535
f 10139 534 10138
f 10139 535 534
f 10138 536 5758
f 10138 534 536
f 3122 527 10143
f 10135 3209 10129
f 10135 7562 10134
f 10135 10134 3209
f 10135 7561 7563
f 10135 7563 7562
f 10135 10129 10137
f 10135 10137 10136
f 10135 10136 10131
f 10134 10133 10132
f 10134 7622 10133
f 7618 10130 10131
f 10149 10147 10150
f 10149 3166 3170
f 10149 3170 3173
f 10149 10137 10129
f 10149 10136 10137
f 10149 10131 10136
f 5851 7616 10148
f 10147 3178 10146
f 10147 3173 3178
f 7614 7618 10131
f 10146 3178 3186
f 9958 9952 9951
f 7618 7558 10130
f 3166 10129 3164
f 10129 10128 3164
f 3164 10128 3165
f 10145 10141 542
f 10145 543 10140
f 10145 542 10144
f 10145 10144 543
f 10145 10140 10141
f 10144 542 543
f 9779 9775 9778
f 9784 9779 9778
f 9784 9778 2685
f 9784 2685 2689
f 9783 8217 9777
f 9783 9776 9782
f 9783 9777 9776
f 9783 8222 8217
f 9782 9775 9781
f 9782 9776 9775
f 9781 9775 9780
f 9780 9775 9779
f 9784 9780 9779
f 9778 9775 2685
f 9777 9774 9773
f 9777 8217 9774
f 9777 9773 9776
f 9776 9773 9775
f 9775 9773 9772
f 9775 9772 9771
f 9775 9771 9770
f 9775 9770 9769
f 9775 9769 2681
f 9775 2681 2685
f 9789 9788 8226
f 9793 8226 8222
f 9793 8222 9787
f 9793 9787 9786
f 9792 9791 8226
f 9792 9785 9791
f 9792 9786 9785
f 9791 9790 8226
f 9791 9785 9790
f 9790 9784 9789
f 9790 9789 8226
f 9790 9785 9784
f 9774 9767 9773
f 9789 9784 9788
f 9788 2689 8226
f 9788 9784 2689
f 9787 8222 9783
f 9787 9782 9786
f 9787 9783 9782
f 9786 9782 9781
f 9786 9781 9785
f 9785 9781 9780
f 9785 9780 9784
f 9757 2674 2673
f 9764 9759 9758
f 9764 9758 9757
f 9763 9757 9762
f 9762 9757 9761
f 9761 9757 9760
f 9760 9757 2673
f 9759 9756 9755
f 9759 8206 9756
f 9759 9755 9758
f 9758 9755 9754
f 9758 9754 9757
f 9764 9757 9763
f 9757 9754 9753
f 9757 9753 9752
f 9757 9751 2674
f 9757 9752 9751
f 9756 9750 9749
f 9756 9749 9755
f 9756 8206 8202
f 9756 8202 9750
f 9755 9749 9754
f 9754 9749 9748
f 9768 8212 9765
f 9774 9768 9767
f 9774 8212 9768
f 9774 8217 8212
f 9773 9766 9772
f 9773 9767 9766
f 9772 9766 9771
f 9771 9766 9770
f 9770 9766 9769
f 9769 9766 2681
f 9768 9764 9767
f 9768 9765 9764
f 9793 9786 9792
f 9767 9764 9766
f 9766 9764 9763
f 9766 9763 9762
f 9766 9762 9761
f 9766 9761 9760
f 9766 9760 2673
f 9766 2673 2681
f 9765 9759 9764
f 9765 8206 9759
f 9765 8212 8206
f 9814 9739 9741
f 7765 9800 9801
f 7765 5709 9800
f 3119 9804 3121
f 9804 9805 3121
f 3121 9805 3112
f 9814 9741 8186
f 9814 3152 9735
f 9814 8184 9813
f 9814 9813 3153
f 9814 3153 3152
f 9814 8186 8184
f 9815 3113 3062
f 9814 9737 9739
f 9814 9735 9737
f 9813 8182 9810
f 9813 9810 3155
f 9813 3155 3153
f 9813 8184 8183
f 9813 8183 8182
f 9810 8181 9809
f 9810 9807 3154
f 9810 3154 3155
f 9810 9809 9812
f 9819 3119 3117
f 9823 9822 3195
f 3195 9822 3197
f 9819 9817 7759
f 9819 7763 9801
f 9819 3114 9816
f 9819 9804 3119
f 9819 7759 7761
f 9819 7761 7763
f 9819 9816 9821
f 9819 9821 9820
f 9819 9820 9817
f 9810 9812 9811
f 9819 3117 3114
f 9819 9803 9804
f 9819 9802 9803
f 9819 9801 9802
f 7754 7757 9818
f 9818 7757 9817
f 7757 7759 9817
f 9816 3113 9815
f 9816 3114 3113
f 7763 7765 9801
f 9797 8226 9796
f 9802 9801 9726
f 9802 9726 9729
f 9801 9800 9727
f 9801 9727 9726
f 9800 5709 5710
f 9800 5710 9727
f 9799 8226 9798
f 9799 9798 8231
f 9799 8231 8226
f 9798 8226 9797
f 9798 9797 8231
f 9803 9729 9730
f 9797 9796 8231
f 9796 8226 9795
f 9796 9795 8231
f 9795 8226 9794
f 9795 9794 8231
f 9794 9723 8231
f 9794 8226 2660
f 9794 2660 2659
f 9794 2659 9723
f 9793 9792 8226
f 8178 8180 9808
f 9810 9811 9807
f 9810 8182 8181
f 8188 8187 9731
f 8187 8186 9731
f 9731 8186 9741
f 9735 3152 9733
f 8181 8179 9809
f 8179 8178 9808
f 8179 9808 9809
f 9733 3152 3148
f 9733 3148 2654
f 9754 9748 9753
f 9807 9806 3154
f 3154 9806 3156
f 9806 3157 3156
f 3112 9805 9724
f 3112 9724 3110
f 9805 9804 9725
f 9805 9725 9724
f 9804 9803 9730
f 9804 9730 9725
f 9803 9802 9729
f 9706 1922 9705
f 7957 7956 9709
f 7956 7955 9709
f 9708 3039 9707
f 9708 3044 3039
f 7947 9466 9468
f 7947 7949 9466
f 9707 3039 3038
f 9475 3034 3033
f 9706 9465 8160
f 9706 9705 9467
f 9706 8160 1922
f 9710 9471 9473
f 9706 9467 9465
f 9705 1917 9467
f 9705 9704 1917
f 9705 1922 9704
f 9704 1922 9703
f 9704 9703 1917
f 9703 1922 9702
f 9703 9702 1917
f 9702 9701 1917
f 9702 1922 9701
f 9701 1922 1917
f 9712 9710 3045
f 9716 7953 7951
f 9716 7951 7948
f 9716 9715 9717
f 9716 9717 9709
f 9713 3044 9708
f 9713 9712 3045
f 9713 9708 9714
f 9713 9714 9715
f 9713 3045 3044
f 9712 9711 9710
f 9712 7948 9711
f 9700 9699 1922
f 9711 7947 9468
f 9711 9471 9710
f 9711 7948 7947
f 9711 9470 9471
f 9711 9468 9470
f 9710 9475 3033
f 9710 3033 3047
f 9710 3047 3046
f 9710 3046 3045
f 9710 9473 9475
f 9686 9682 9685
f 9690 9689 1928
f 9690 1931 9689
f 9689 9688 1928
f 9689 1931 9688
f 9688 1931 1928
f 9687 1931 8137
f 9687 9686 1931
f 9687 9682 9686
f 9687 9683 9682
f 9687 8137 9683
f 9686 9685 1931
f 9691 8144 1931
f 9685 9681 9684
f 9685 9684 1931
f 9685 9682 9681
f 9684 1934 1931
f 9684 9680 9679
f 9684 9679 9678
f 9684 9678 1934
f 9684 9681 9680
f 9683 9676 9682
f 9683 8137 8127
f 9695 9694 1925
f 9700 1925 9699
f 9700 1922 8154
f 9700 8154 1925
f 9699 9698 1922
f 9699 1925 9698
f 9698 9697 1922
f 9698 1925 9697
f 9697 9696 1922
f 9697 1925 9696
f 9696 1925 1922
f 9695 1928 9694
f 9716 7954 7953
f 9695 8148 1928
f 9695 1925 8148
f 9694 1928 9693
f 9694 9693 1925
f 9693 1928 9692
f 9693 9692 1925
f 9692 1928 1925
f 9691 1928 8144
f 9691 9690 1928
f 9691 1931 9690
f 9734 9733 9732
f 9742 9731 9741
f 9740 9739 9738
f 9740 9738 2653
f 9740 9741 9739
f 9738 9737 9736
f 9738 9736 2653
f 9738 9739 9737
f 9736 9734 2653
f 9736 9735 9734
f 9736 9737 9735
f 9734 9732 2653
f 9742 9740 2653
f 9734 9735 9733
f 9732 2654 2653
f 9732 9733 2654
f 8168 8231 9718
f 9718 8231 9719
f 9719 8231 9720
f 9720 8231 9721
f 9721 8231 9722
f 9722 8231 9723
f 2660 8226 2689
f 8202 8197 2669
f 9746 2669 8197
f 9753 9748 9747
f 9753 9747 9752
f 9752 9747 9751
f 9751 9747 2674
f 9750 2669 9749
f 9750 8202 2669
f 9749 2669 9748
f 9748 2669 9747
f 9747 2669 2674
f 9746 9742 2653
f 9746 2653 9745
f 8192 8188 9731
f 9746 9745 2669
f 9746 8192 9742
f 9746 8197 8192
f 9745 9744 2669
f 9745 2653 9744
f 9744 9743 2669
f 9744 2653 9743
f 9743 2653 2669
f 9742 9741 9740
f 9742 8192 9731
f 9484 9720 9721
f 3103 9708 3101
f 9708 9707 3101
f 3101 9707 3038
f 2706 9478 2659
f 9478 9480 9723
f 9478 9723 2659
f 9480 9482 9722
f 9480 9722 9723
f 9482 9484 9721
f 9482 9721 9722
f 9484 9486 9720
f 7958 7957 9709
f 9486 9488 9719
f 9486 9719 9720
f 9488 7972 9718
f 9488 9718 9719
f 7972 8168 9718
f 9716 9709 7955
f 9716 7948 9712
f 9716 9713 9715
f 9716 9712 9713
f 9716 7955 7954
f 9728 9714 9708
f 9728 9726 7964
f 9728 7960 9717
f 9728 3106 9725
f 9728 9708 3103
f 9728 7964 7962
f 9728 7962 7960
f 9728 9725 9730
f 9728 9730 9729
f 9728 9729 9726
f 9728 3103 3104
f 9728 3104 3106
f 3193 9823 3195
f 9728 9715 9714
f 9728 9717 9715
f 5710 7966 9727
f 9727 7966 9726
f 7966 7964 9726
f 9725 3108 9724
f 9725 3106 3108
f 7960 7958 9717
f 9724 3108 3110
f 7958 9709 9717
f 9908 9900 9899
f 9912 1231 1223
f 9912 9910 9911
f 9912 9911 9913
f 9912 9900 9910
f 9912 9913 1247
f 9910 9909 9911
f 9910 9908 9909
f 9910 9900 9908
f 9908 9898 9906
f 9908 9907 9909
f 9908 9906 9907
f 9912 1247 1231
f 9908 9899 9898
f 9906 9904 9905
f 9906 9898 9897
f 9906 9905 9907
f 9906 9897 9904
f 9904 9897 9896
f 9904 9902 9903
f 9904 9903 9905
f 9904 9896 9902
f 9902 9896 2795
f 9902 2794 9903
f 7895 7894 9849
f 9920 7896 9916
f 9920 9916 9921
f 9920 9921 9919
f 9920 7891 7896
f 9917 9914 3223
f 9917 3223 3234
f 9917 3234 3233
f 9917 3233 3232
f 9917 9919 9918
f 9917 9918 9914
f 7890 7895 9849
f 9902 2795 2794
f 7894 7893 9849
f 9849 7893 9850
f 9848 3226 9847
f 9848 3231 3226
f 7896 7898 9915
f 7896 9915 9916
f 9847 3226 3175
f 9914 2950 3223
f 9912 9901 9900
f 9912 1223 9901
f 9887 9881 9886
f 9892 9885 9891
f 9892 9886 9885
f 9891 9884 9890
f 9891 9885 9884
f 9890 9884 2829
f 9889 9883 9888
f 9889 1194 9883
f 9889 1202 1194
f 9888 9881 9887
f 9888 9883 9882
f 9888 9882 9881
f 9893 9887 9886
f 9886 9879 9885
f 9886 9881 9880
f 9886 9880 9879
f 9885 9879 9878
f 9885 9878 9884
f 9884 9878 2817
f 9884 2817 2823
f 9884 2823 2829
f 9883 9877 9876
f 9883 1184 9877
f 9897 9891 9890
f 9901 9895 9894
f 9901 1211 9895
f 9901 1223 1211
f 9901 9894 9900
f 9900 9893 9899
f 9900 9894 9893
f 9899 9893 9898
f 9898 9893 9892
f 9898 9892 9897
f 9897 9890 9896
f 9897 9892 9891
f 9920 9919 9917
f 9896 9890 2829
f 9896 2829 2835
f 9896 2835 2795
f 9895 9888 9894
f 9895 9889 9888
f 9895 1202 9889
f 9895 1211 1202
f 9894 9888 9887
f 9894 9887 9893
f 9893 9886 9892
f 9942 9936 2991
f 9947 7939 9941
f 9947 9940 9946
f 9947 7934 7939
f 9946 9940 9945
f 9945 9940 9939
f 9945 9938 9944
f 9945 9939 9938
f 9944 9937 9943
f 9944 9938 9937
f 9943 9936 9942
f 9943 9937 9936
f 9947 9941 9940
f 9942 2991 2985
f 9941 9934 9940
f 9941 7903 9935
f 9941 9935 9934
f 9941 7939 7903
f 9940 9933 9939
f 9940 9934 9933
f 9939 9932 9938
f 9939 9933 9932
f 9938 9932 9931
f 9938 9931 9937
f 9952 9947 9946
f 9957 9950 9956
f 9957 9951 9950
f 9956 9950 9949
f 9956 9949 9955
f 9955 9949 9948
f 9955 9948 9954
f 9954 9948 2979
f 9954 2979 2973
f 9953 7934 9947
f 9953 9947 9952
f 9953 7929 7934
f 9937 9930 9936
f 9952 9946 9945
f 9952 9945 9951
f 9951 9945 9944
f 9951 9944 9950
f 9950 9944 9949
f 9949 9943 9948
f 9949 9944 9943
f 9948 9942 2985
f 9948 9943 9942
f 9948 2985 2979
f 9923 7889 9922
f 9927 9907 9905
f 9926 9925 9909
f 9926 9909 9907
f 9925 9924 9911
f 9925 9911 9909
f 9924 7883 9913
f 9924 9913 9911
f 7883 1247 9913
f 9923 9922 3231
f 9923 9850 7893
f 9923 3231 9848
f 9927 9926 9907
f 9923 7893 7892
f 9923 7892 7889
f 9923 9853 9850
f 9923 9852 9853
f 9923 9848 9852
f 9922 9917 3232
f 9922 7891 9920
f 9922 9920 9917
f 9922 3232 3231
f 9922 7889 7891
f 9932 9928 9931
f 9937 9931 9930
f 9936 9930 2997
f 9936 2997 2991
f 9935 9925 9934
f 9935 9924 9925
f 9935 7883 9924
f 9935 7903 7883
f 9934 9926 9933
f 9934 9925 9926
f 9933 9927 9932
f 9933 9926 9927
f 9883 9876 9882
f 9932 9927 9928
f 9931 9928 9929
f 9931 9929 9930
f 9930 2998 2997
f 9930 9929 2998
f 2998 9929 2794
f 9929 9928 9903
f 9929 9903 2794
f 9928 9927 9905
f 9928 9905 9903
f 9839 9838 9840
f 9843 9842 9823
f 9843 9823 9827
f 9842 9841 9822
f 9842 9822 9823
f 9841 3197 9822
f 9841 3185 3197
f 9839 9835 9836
f 9839 9833 7747
f 9839 7749 9835
f 9839 9836 9838
f 9839 7747 7749
f 9844 9827 9826
f 9839 9840 9833
f 9836 9835 3071
f 9836 3057 9831
f 9836 9831 9837
f 9836 9837 9838
f 9836 3071 3070
f 9836 3070 3057
f 9835 7751 9834
f 9835 9834 3072
f 9835 7749 7750
f 9835 7750 7751
f 724 9833 9840
f 3174 9847 3175
f 714 716 3058
f 716 718 9831
f 716 9831 3058
f 718 720 9837
f 718 9837 9831
f 720 722 9838
f 720 9838 9837
f 722 724 9840
f 722 9840 9838
f 724 728 9833
f 9835 3072 3071
f 728 727 9832
f 728 9832 9833
f 727 7746 9832
f 5693 9846 9824
f 5693 9824 5694
f 9846 9845 9828
f 9846 9828 9824
f 9845 9844 9826
f 9845 9826 9828
f 9844 9843 9827
f 9825 8174 9824
f 9830 9809 9808
f 9830 9812 9809
f 9830 9811 9812
f 9829 8176 9825
f 9829 3188 9807
f 9829 9825 9827
f 9829 9823 3193
f 9829 3193 3191
f 9829 3191 3188
f 9829 9827 9823
f 9829 9807 9811
f 9830 8177 8176
f 9825 9824 9828
f 9825 9828 9826
f 9825 9826 9827
f 9825 8176 8175
f 9825 8175 8174
f 8180 8185 9808
f 9807 3187 9806
f 9807 3188 3187
f 9806 3187 3157
f 8174 5694 9824
f 7755 7752 9818
f 9834 7756 9817
f 9834 9816 3073
f 9834 7751 7756
f 9834 3073 3072
f 9834 9821 9816
f 9834 9820 9821
f 9834 9817 9820
f 7746 7748 9832
f 7748 7747 9832
f 9832 7747 9833
f 7756 7755 9817
f 9848 9847 3174
f 7755 9818 9817
f 9831 3057 3058
f 7752 7754 9818
f 9816 9815 3073
f 3073 9815 3063
f 9815 3062 3063
f 9830 9808 8185
f 9830 9829 9811
f 9830 8176 9829
f 9830 8185 8177
f 9868 9861 9867
f 9872 9866 2808
f 9872 2808 2811
f 9871 9865 9864
f 9871 1176 1165
f 9871 9864 9870
f 9871 1165 9865
f 9870 9864 9863
f 9870 9863 9869
f 9869 9863 9862
f 9869 9862 9868
f 9868 9862 9861
f 9873 9866 9872
f 9867 9861 9860
f 9867 9860 9866
f 9866 9860 2804
f 9866 2804 2808
f 9865 9858 9864
f 9865 1154 9859
f 9865 9859 9858
f 9865 1165 1154
f 9864 9858 9857
f 9864 9857 9863
f 9877 9870 9876
f 9883 1194 1184
f 9882 9875 9881
f 9882 9876 9875
f 9881 9874 9880
f 9881 9875 9874
f 9880 9873 9879
f 9880 9874 9873
f 9879 9873 9872
f 9879 9872 9878
f 9878 9872 2811
f 9878 2811 2817
f 9863 9856 9862
f 9877 1184 1176
f 9877 1176 9871
f 9877 9871 9870
f 9876 9869 9875
f 9876 9870 9869
f 9875 9869 9868
f 9875 9868 9874
f 9874 9867 9873
f 9874 9868 9867
f 9873 9867 9866
f 9851 9842 9843
f 9851 3181 9842
f 9851 9848 3176
f 9851 3176 3179
f 9851 3179 3181
f 9851 9850 9853
f 9851 9853 9852
f 9851 9852 9848
f 9851 7901 7900
f 9851 7900 7899
f 9851 9844 9845
f 9851 9843 9844
f 9851 7899 9850
f 5693 7902 9846
f 9846 7902 9845
f 7902 7901 9845
f 9842 3183 9841
f 9842 3181 3183
f 7899 7897 9850
f 9841 3183 3185
f 7897 7890 9849
f 7897 9849 9850
f 3176 9848 3174
f 9858 709 9857
f 9863 9857 9856
f 9862 9855 9861
f 9862 9856 9855
f 9861 9855 9854
f 9861 9854 9860
f 9860 9854 2800
f 9860 2800 2804
f 9859 710 9858
f 9859 1154 712
f 9859 712 711
f 9859 711 710
f 10234 2813 2806
f 9858 710 709
f 9857 706 9856
f 9857 709 706
f 9856 708 9855
f 9856 706 708
f 9855 703 9854
f 9855 708 703
f 9854 705 2800
f 9854 703 705
f 9851 9845 7901
f 10610 3252 10609
f 10617 10611 7306
f 10617 7306 7310
f 10617 10613 10612
f 10617 10612 10611
f 10616 3257 10615
f 10616 3261 3257
f 10615 3257 10614
f 10614 3257 10613
f 10613 3257 10612
f 10612 3257 10611
f 10611 3257 7306
f 10618 10613 10617
f 10610 10609 3257
f 10610 3257 3252
f 10609 3252 10608
f 10609 10608 3257
f 10608 10607 3257
f 10608 3252 10607
f 10607 10606 3257
f 10607 3252 10606
f 10606 3252 10605
f 10606 10605 3257
f 10605 3252 10593
f 10624 10617 10623
f 10627 10624 10623
f 10627 10623 10622
f 10627 10622 10621
f 10627 7310 7314
f 10627 10621 7310
f 10626 10619 10625
f 10626 3261 10620
f 10626 10620 10619
f 10626 3265 3261
f 10625 10618 10624
f 10625 10619 10618
f 10605 10593 7293
f 10624 10618 10617
f 10623 10617 10622
f 10622 10617 10621
f 10621 10617 7310
f 10620 10616 10615
f 10620 3261 10616
f 10620 10615 10619
f 10619 10615 10614
f 10619 10614 10618
f 10618 10614 10613
f 10589 10590 10591
f 10585 7294 10587
f 10587 7294 10590
f 10590 7294 10591
f 10591 7294 7296
f 3281 3277 7328
f 7306 3257 7302
f 7352 10592 7296
f 10592 10589 10591
f 10592 10591 7296
f 10589 10588 10587
f 10589 10587 10590
f 10583 7294 10585
f 10588 10586 10587
f 10586 10584 10585
f 10586 10585 10587
f 10584 10582 10583
f 10584 10583 10585
f 10582 4608 10581
f 10582 10581 10583
f 4608 3282 10581
f 3287 10580 3341
f 10580 10578 10530
f 10599 10598 10597
f 10605 7302 3257
f 10605 7293 7302
f 10603 10601 3252
f 10603 10602 10601
f 10603 3251 10604
f 10603 10604 10602
f 10603 3252 3251
f 10601 10599 3252
f 10601 10602 10600
f 10601 10600 10599
f 10599 10597 3252
f 10627 10625 10624
f 10599 10600 10598
f 10597 10596 10595
f 10597 10595 3252
f 10597 10598 10596
f 10595 10594 10593
f 10595 10593 3252
f 10595 10596 10594
f 10593 7288 7293
f 10593 10594 7288
f 10581 7294 10583
f 10655 10650 10649
f 10658 10654 10653
f 10658 3277 10654
f 10658 10653 10657
f 10657 10656 7328
f 10657 10653 10652
f 10657 10652 10656
f 10656 10655 7328
f 10656 10652 10651
f 10656 10651 10655
f 10655 7323 7328
f 10655 10651 10650
f 10658 10657 7328
f 10655 10649 7323
f 10654 10647 10653
f 10654 3277 3273
f 10654 3273 10648
f 10654 10648 10647
f 10653 10646 10652
f 10653 10647 10646
f 10652 10646 10651
f 10651 10646 10645
f 10651 10645 10650
f 10650 10645 10649
f 10663 3282 3281
f 7347 7346 10667
f 7346 7345 10666
f 7346 10666 10667
f 10582 4607 4608
f 7345 7344 10666
f 10665 10664 4623
f 4623 10664 4613
f 10664 4612 4613
f 10663 3281 7328
f 10663 10662 7294
f 10663 7328 10662
f 10649 10645 7323
f 10663 10581 3282
f 10663 7294 10581
f 10662 10661 7294
f 10662 7328 10661
f 10661 10660 7294
f 10661 7328 10660
f 10660 10659 7294
f 10660 7328 10659
f 10659 7328 7294
f 10658 7328 3277
f 10635 3269 3265
f 10638 3269 10635
f 10637 10634 10636
f 10636 10634 10633
f 10636 10633 10632
f 10636 10632 10631
f 10636 10631 10630
f 10636 10630 7314
f 10636 7314 7318
f 10635 10628 10634
f 10635 10629 10628
f 10635 3265 10629
f 10638 10635 10634
f 10634 10628 10627
f 10634 10627 10633
f 10633 10627 10632
f 10632 10627 10631
f 10631 10627 10630
f 10630 10627 7314
f 10629 10625 10628
f 10629 10626 10625
f 10629 3265 10626
f 10628 10625 10627
f 10644 10637 10643
f 10648 3273 10644
f 10648 10644 10647
f 10647 10644 10643
f 10647 10643 10642
f 10647 10642 10646
f 10646 10642 10645
f 10645 10642 10641
f 10645 10641 10640
f 10645 10640 10639
f 10645 10639 7318
f 10645 7318 7323
f 10580 10530 3341
f 10644 10638 10637
f 10644 3269 10638
f 10644 3273 3269
f 10643 10636 10642
f 10643 10637 10636
f 10642 10636 10641
f 10641 10636 10640
f 10640 10636 10639
f 10639 10636 7318
f 10638 10634 10637
f 10535 3359 10534
f 3294 3293 10521
f 10536 10535 5508
f 10536 10518 3350
f 10536 5510 10515
f 10536 3360 10535
f 10536 5508 5509
f 10536 5509 5510
f 10536 3350 3360
f 10536 10517 10518
f 10536 10516 10517
f 10536 10515 10516
f 10537 5472 5474
f 10535 10534 5508
f 10535 3360 3359
f 10534 10531 5508
f 10534 3359 10531
f 10531 3358 10530
f 10531 10529 5505
f 10531 5505 5507
f 10531 5507 5508
f 10531 10530 10533
f 10531 10533 10532
f 10531 10532 10529
f 10542 10538 5492
f 10547 10543 10542
f 10546 10542 5490
f 10546 5490 5488
f 10545 10541 10540
f 10545 3294 10541
f 10545 10540 10544
f 10545 3299 3294
f 10544 10539 10543
f 10544 10540 10539
f 10543 10538 10542
f 10543 10539 10538
f 10531 3359 3358
f 10542 5492 5490
f 10541 10527 10540
f 10541 3294 10521
f 10541 10521 10527
f 10540 10528 10539
f 10540 10527 10528
f 10539 10520 10538
f 10539 10528 10520
f 10538 5494 5492
f 10538 10520 5494
f 10522 10510 10512
f 10524 10523 5498
f 10523 10522 5499
f 10523 3407 10522
f 10523 3408 3407
f 10523 5499 5498
f 10522 3399 10510
f 10522 10508 5500
f 10522 3407 3399
f 10522 5500 5499
f 10522 10513 10508
f 10522 10512 10513
f 10524 3408 10523
f 3293 3395 10521
f 3395 3410 10521
f 10520 5495 5496
f 10520 5496 5494
f 3399 10509 10510
f 3399 3398 10509
f 10508 10507 5500
f 5500 10507 5501
f 10507 5502 5501
f 3351 10519 10499
f 10526 3409 10525
f 3351 3349 10519
f 10519 3349 10518
f 3349 3350 10518
f 10515 5510 10514
f 10514 5510 5511
f 3358 3345 10530
f 3345 3341 10530
f 5505 10529 5506
f 10529 5504 5506
f 10526 10521 3410
f 10526 10525 5497
f 10547 10542 10546
f 10526 5495 10520
f 10526 3410 3409
f 10526 10520 10528
f 10526 10528 10527
f 10526 10527 10521
f 10526 5497 5495
f 10525 3408 10524
f 10525 10524 5498
f 10525 3409 3408
f 10525 5498 5497
f 10570 10566 5478
f 10574 5472 10537
f 10574 10570 5476
f 10574 5476 5472
f 10573 10568 10572
f 10573 10569 10568
f 10573 3331 10569
f 10573 3337 3331
f 10572 10567 10571
f 10572 10568 10567
f 10571 10567 10570
f 10570 10567 10566
f 10575 10537 10576
f 10570 5478 5476
f 10569 10565 10568
f 10569 3331 10565
f 10568 10563 10567
f 10568 10565 10564
f 10568 10564 10563
f 10567 10562 10566
f 10567 10563 10562
f 10566 10562 5480
f 10566 5480 5478
f 10565 10560 10564
f 10579 3287 3286
f 10578 10576 10533
f 10578 10533 10530
f 10576 10537 10532
f 10576 10532 10533
f 10537 5474 10529
f 10537 10529 10532
f 5474 5504 10529
f 10579 3337 10573
f 10579 10572 10577
f 10579 10573 10572
f 10579 10577 10578
f 10565 10561 10560
f 10579 3286 3337
f 10579 10578 10580
f 10579 10580 3287
f 10577 10571 10575
f 10577 10575 10576
f 10577 10572 10571
f 10577 10576 10578
f 10575 10574 10537
f 10575 10570 10574
f 10575 10571 10570
f 10552 10548 10547
f 10556 10552 10555
f 10555 10552 10551
f 10555 10550 10554
f 10555 10551 10550
f 10554 10550 5486
f 10554 5486 5484
f 10553 10548 10552
f 10553 10549 10548
f 10553 3303 10549
f 10553 3307 3303
f 10552 10547 10551
f 10557 10552 10556
f 10551 10546 10550
f 10551 10547 10546
f 10550 10546 5488
f 10550 5488 5486
f 10549 3299 10545
f 10549 10545 10544
f 10549 10544 10548
f 10549 3303 3299
f 10548 10544 10543
f 10548 10543 10547
f 10561 3319 3313
f 10565 3331 3325
f 10565 3325 3319
f 10565 3319 10561
f 10564 10559 10563
f 10564 10560 10559
f 10563 10559 10562
f 10562 10559 10558
f 10562 10558 5482
f 10562 5482 5480
f 10561 10557 10556
f 10561 10556 10560
f 10592 7351 10589
f 10561 3313 10557
f 10560 10556 10559
f 10559 10555 10554
f 10559 10554 10558
f 10559 10556 10555
f 10558 10554 5484
f 10558 5484 5482
f 10557 3307 10553
f 10557 3313 3307
f 10557 10553 10552
f 7197 7199 10721
f 10742 3403 3401
f 10741 7200 10725
f 10741 10720 3402
f 10741 3402 3403
f 10741 10723 10720
f 10741 10726 10723
f 10741 10725 10726
f 7255 7257 10739
f 10739 7257 10740
f 7200 7197 10725
f 10738 3396 3297
f 10742 10741 3403
f 7197 10721 10725
f 7199 7198 10721
f 10720 10719 3402
f 3402 10719 3404
f 10719 3405 3404
f 10737 10714 7277
f 10737 10735 10736
f 10737 10736 10718
f 10737 7269 10735
f 10737 7277 7276
f 10737 7276 7274
f 10747 7256 7203
f 10748 10740 7257
f 10748 7256 10747
f 10748 10744 10746
f 10748 10743 10744
f 10748 10747 10743
f 10748 7257 7256
f 10748 10746 10749
f 10748 10749 10740
f 10747 7200 10741
f 10747 10742 10743
f 10747 10741 10742
f 10737 7274 7275
f 10747 7203 7202
f 10747 7202 7201
f 10747 7201 7200
f 10744 3396 10738
f 10744 10743 3401
f 10744 10738 10745
f 10744 10745 10746
f 10744 3401 3400
f 10744 3400 3396
f 10743 10742 3401
f 10724 7258 7260
f 7278 7277 10714
f 10713 3348 10712
f 10713 3353 3348
f 7271 7270 10728
f 7271 10728 10729
f 10712 3348 3347
f 10727 3343 3344
f 10724 10721 7254
f 10724 7260 10722
f 10724 10722 10723
f 10724 7254 7258
f 7273 7278 10714
f 10724 10723 10726
f 10724 10726 10725
f 10724 10725 10721
f 10722 7262 10710
f 10722 3837 10720
f 10722 10707 3841
f 10722 7260 7262
f 10722 10720 10723
f 10722 3841 3839
f 10722 3839 3837
f 10733 10732 10730
f 10737 7275 7269
f 10737 10715 10714
f 10737 10718 10715
f 10736 10735 3354
f 10736 3353 10713
f 10736 3354 3353
f 10736 10717 10718
f 10736 10713 10717
f 10735 10730 3354
f 10735 7269 10733
f 10735 10733 10730
f 10750 3343 10727
f 10733 7271 10729
f 10733 10729 10734
f 10733 10734 10732
f 10733 7269 7271
f 10730 10727 3344
f 10730 3344 3356
f 10730 3356 3355
f 10730 3355 3354
f 10730 10732 10731
f 10730 10731 10727
f 10774 7219 7224
f 10779 10772 10778
f 10779 10773 10772
f 10779 3323 3329
f 10778 10771 10777
f 10778 10772 10771
f 10777 10771 10770
f 10777 10770 10776
f 10776 10769 10775
f 10776 10770 10769
f 10775 10769 10774
f 10774 10768 7219
f 10779 3329 10773
f 10774 10769 10768
f 10773 10766 10772
f 10773 3335 10767
f 10773 3329 3335
f 10773 10767 10766
f 10772 10766 10765
f 10772 10765 10771
f 10771 10765 10764
f 10771 10764 10770
f 10770 10764 10763
f 10770 10763 10769
f 10784 10777 10783
f 10789 10782 10788
f 10789 10783 10782
f 10788 10782 10787
f 10787 10780 10786
f 10787 10782 10781
f 10787 10781 10780
f 10786 10780 7229
f 10786 7229 7233
f 10785 10779 10784
f 10785 3323 10779
f 10785 3317 3323
f 10769 10762 10768
f 10784 10779 10778
f 10784 10778 10777
f 10783 10777 10776
f 10783 10776 10782
f 10782 10775 10781
f 10782 10776 10775
f 10781 10774 10780
f 10781 10775 10774
f 10780 10774 7224
f 10780 7224 7229
f 10755 10754 10729
f 10759 10752 10753
f 10758 10754 10757
f 10758 10753 10754
f 10757 10754 10755
f 10757 10755 10756
f 10756 7207 7208
f 10756 10755 7207
f 10739 7249 7255
f 3289 3288 10750
f 7207 10755 10728
f 7207 10728 7270
f 10759 10753 10758
f 10755 10729 10728
f 10754 10753 10734
f 10754 10734 10729
f 10753 10752 10732
f 10753 10732 10734
f 10752 10751 10731
f 10752 10731 10732
f 10751 10750 10727
f 10751 10727 10731
f 10750 3288 3343
f 10764 10758 10757
f 10769 10763 10762
f 10768 10762 7196
f 10768 7196 7219
f 10767 3289 10761
f 10767 10761 10760
f 10767 10760 10766
f 10767 3335 3289
f 10766 10759 10765
f 10766 10760 10759
f 10765 10758 10764
f 10765 10759 10758
f 10722 10708 10707
f 10764 10757 10763
f 10763 10756 10762
f 10763 10757 10756
f 10762 10756 7208
f 10762 7208 7196
f 10761 3289 10750
f 10761 10751 10760
f 10761 10750 10751
f 10760 10752 10759
f 10760 10751 10752
f 10683 7279 7281
f 7339 5470 10687
f 7339 10687 10688
f 4730 10686 4732
f 10686 10685 4732
f 4732 10685 4723
f 10683 10676 7283
f 10683 10680 10682
f 10683 7281 10679
f 10683 10679 10680
f 10683 7283 7282
f 10683 7282 7279
f 10664 4724 4612
f 10683 10682 10684
f 10683 10684 10676
f 10680 10679 3391
f 10680 3390 10675
f 10680 10675 10681
f 10680 10681 10682
f 10680 3391 3390
f 10679 10678 10677
f 10679 7281 10678
f 10679 10677 3391
f 10678 7287 10596
f 10689 7342 7341
f 10675 10674 3862
f 3862 10674 3383
f 10689 10667 7342
f 10689 7340 10688
f 10689 4725 10665
f 10689 10686 4730
f 10689 4730 4728
f 10689 4728 4725
f 10689 10688 10691
f 10689 10691 10690
f 10689 10690 10686
f 10678 10600 10677
f 10689 7341 7340
f 10689 10670 10667
f 10689 10669 10670
f 10689 10665 10669
f 7344 7343 10666
f 10666 7343 10667
f 7343 7342 10667
f 10665 4724 10664
f 10665 4725 4724
f 7340 7339 10688
f 10671 7350 7349
f 10673 10588 10589
f 10673 10586 10588
f 10672 4607 10582
f 10672 10671 4621
f 10672 4621 4620
f 10672 4620 4607
f 10672 10584 10586
f 10672 10582 10584
f 10671 7348 10668
f 10671 10668 4622
f 10671 4622 4621
f 10673 7351 7350
f 10671 7349 7348
f 10668 7347 10667
f 10668 10665 4623
f 10668 4623 4622
f 10668 10667 10670
f 10668 10670 10669
f 10668 10669 10665
f 10668 7348 7347
f 7352 7353 10592
f 7353 7351 10592
f 7284 7283 10676
f 10678 7281 7287
f 10678 10598 10600
f 10678 10596 10598
f 10677 10604 3379
f 10677 3379 3393
f 10677 3393 3392
f 10677 3392 3391
f 10677 10602 10604
f 10677 10600 10602
f 7280 7285 10676
f 7285 7284 10676
f 3860 10675 3862
f 10675 3384 10674
f 10675 3390 3384
f 7287 10594 10596
f 7287 7288 10594
f 10674 3384 3383
f 10604 3251 3379
f 10673 10671 10672
f 10673 10589 7351
f 10673 7350 10671
f 10673 10672 10586
f 7272 10714 10715
f 10716 10703 10704
f 10716 10702 10703
f 10716 10701 10702
f 5471 7265 10705
f 10705 7265 10704
f 7265 7266 10704
f 10701 4719 10700
f 10701 4717 4719
f 7268 7272 10715
f 10700 4719 4721
f 7272 7273 10714
f 10716 7267 7268
f 4714 10713 4712
f 10713 10712 4712
f 4712 10712 3347
f 5466 10694 5467
f 10694 10698 10711
f 10694 10711 5467
f 10698 10699 10710
f 10698 10710 10711
f 10699 10696 10709
f 10699 10709 10710
f 3843 10706 3845
f 10722 10709 10708
f 10722 10710 10709
f 7198 7254 10721
f 10720 3838 10719
f 10720 3837 3838
f 7262 7263 10710
f 10719 3838 3405
f 7263 10711 10710
f 7263 5467 10711
f 3841 10707 3843
f 10707 10706 3843
f 10696 10693 10708
f 10716 10704 7266
f 10716 7268 10715
f 10716 4717 10701
f 10716 10713 4714
f 10716 4714 4715
f 10716 4715 4717
f 10716 10715 10718
f 10716 10718 10717
f 10716 10717 10713
f 10716 7266 7267
f 10695 3856 3852
f 10697 7292 7291
f 10697 7291 7290
f 10697 10696 10699
f 10697 10699 10698
f 10697 10698 10694
f 10695 7289 10684
f 10695 3852 10693
f 10695 10675 3860
f 10695 7290 7289
f 10695 10693 10696
f 10695 3860 3856
f 10697 10695 10696
f 10695 10681 10675
f 10695 10682 10681
f 10695 10684 10682
f 5466 7292 10694
f 10693 3850 10692
f 10693 3852 3850
f 7289 7286 10684
f 10692 3850 3847
f 7286 10676 10684
f 7286 7280 10676
f 10704 10691 10688
f 10696 10708 10709
f 10693 10692 10707
f 10693 10707 10708
f 10692 3847 10706
f 10692 10706 10707
f 3847 3845 10706
f 5471 10705 10687
f 5471 10687 5470
f 10705 10704 10688
f 10705 10688 10687
f 10704 10703 10691
f 3351 10499 4708
f 10703 10702 10690
f 10703 10690 10691
f 10702 10701 10686
f 10702 10686 10690
f 10701 10700 10685
f 10701 10685 10686
f 10700 4721 4723
f 10700 4723 10685
f 10697 10694 7292
f 10697 7290 10695
f 10329 10325 10324
f 10333 10329 10328
f 10333 10328 10332
f 10332 10327 10331
f 10332 10328 10327
f 10331 10327 2962
f 10331 2962 2965
f 10330 5802 10326
f 10330 10326 10325
f 10330 10325 10329
f 10330 5804 5802
f 10329 10324 10328
f 10334 10329 10333
f 10328 10324 10323
f 10328 10323 10327
f 10327 10323 2958
f 10327 2958 2962
f 10326 10322 10321
f 10326 5800 10322
f 10326 10321 10325
f 10326 5802 5800
f 10325 10320 10324
f 10325 10321 10320
f 10324 10320 10319
f 10338 10334 10337
f 10342 10337 10341
f 10342 5808 10338
f 10342 10338 10337
f 10341 10336 10340
f 10341 10337 10336
f 10340 10335 10339
f 10340 10336 10335
f 10339 10335 2971
f 10339 2971 2977
f 10338 5806 10334
f 10338 5808 5806
f 10324 10319 10323
f 10337 10334 10333
f 10337 10333 10332
f 10337 10332 10336
f 10336 10331 10335
f 10336 10332 10331
f 10335 10331 2965
f 10335 2965 2971
f 10334 5804 10330
f 10334 10330 10329
f 10334 5806 5804
f 10313 1650 1648
f 10316 10311 10315
f 10316 10200 10199
f 10315 10311 10310
f 10315 10310 10314
f 10315 10314 10201
f 10315 10201 10200
f 10314 1843 10201
f 10314 10310 1848
f 10314 1848 1843
f 10313 10309 10308
f 10313 1648 10309
f 10316 10312 10311
f 10313 10308 10312
f 10312 10307 10311
f 10312 10308 10307
f 10311 10307 10306
f 10311 10306 10310
f 10310 10306 1851
f 10310 1851 1848
f 10309 10305 10304
f 10309 1646 10305
f 10309 1648 1646
f 5800 5790 10202
f 10323 10319 2954
f 10323 2954 2958
f 10322 10205 10321
f 10322 5800 10202
f 10322 10202 10205
f 10321 10206 10320
f 10321 10205 10206
f 10320 10203 10319
f 10320 10206 10203
f 10319 10203 2954
f 5761 5818 10318
f 10342 5810 5808
f 2954 10203 2953
f 10317 10313 10312
f 10317 10312 10316
f 10317 1655 1652
f 10317 1652 1650
f 10317 1650 10313
f 10317 10316 10199
f 10317 10198 1655
f 10317 10199 10198
f 10316 10315 10200
f 2838 10356 2945
f 10371 10372 10370
f 10369 10368 10367
f 10369 10370 10368
f 10367 10366 10365
f 10367 10368 10366
f 10365 10366 10364
f 10365 10364 10363
f 10363 7077 7078
f 10363 10364 7077
f 10362 7122 7132
f 2838 10211 10356
f 10371 10370 10369
f 10211 10213 10358
f 10211 10358 10356
f 10213 10215 10359
f 10213 10359 10358
f 10215 10217 10318
f 10215 10318 10359
f 10217 5761 10318
f 10217 5759 5761
f 10361 10318 5818
f 10361 10360 10359
f 10361 10353 10360
f 10378 10367 10377
f 10382 10376 10375
f 10382 10375 10381
f 10381 10375 7086
f 10381 7086 7091
f 10380 10371 10379
f 10380 10373 10371
f 10380 4684 10373
f 10380 4679 4684
f 10379 10369 10378
f 10379 10371 10369
f 10378 10369 10367
f 10361 10354 10353
f 10377 10367 10365
f 10377 10365 10376
f 10376 10365 10363
f 10376 10363 10375
f 10375 10363 7078
f 10375 7078 7086
f 10373 10372 10371
f 10373 4640 10374
f 10373 10374 10372
f 10373 4684 4640
f 10347 2983 2989
f 10351 10347 2989
f 10351 2989 2995
f 10350 10345 10349
f 10350 10346 10345
f 10350 5812 10346
f 10350 5814 5812
f 10349 10344 10348
f 10349 10345 10344
f 10348 10343 10347
f 10348 10344 10343
f 10347 10343 2983
f 10352 10347 10351
f 10346 10341 10345
f 10346 5810 10342
f 10346 10342 10341
f 10346 5812 5810
f 10345 10340 10344
f 10345 10341 10340
f 10344 10340 10343
f 10343 10339 2977
f 10343 10340 10339
f 10343 2977 2983
f 10355 10351 2995
f 10361 5816 10354
f 10361 5818 5816
f 10361 10359 10318
f 10360 10352 10357
f 10360 10357 10359
f 10360 10353 10352
f 10357 10355 10356
f 10357 10351 10355
f 10357 10352 10351
f 10357 10356 10358
f 10357 10358 10359
f 10309 10304 10308
f 10355 2945 10356
f 10355 2995 2946
f 10355 2946 2945
f 10354 10350 10353
f 10354 5814 10350
f 10354 5816 5814
f 10353 10348 10352
f 10353 10350 10349
f 10353 10349 10348
f 10352 10348 10347
f 10257 10253 10252
f 10261 10256 10260
f 10261 10257 10256
f 10261 1622 10257
f 10261 1624 1622
f 10260 10255 10259
f 10260 10256 10255
f 10259 10255 10254
f 10259 10254 10258
f 10258 1910 1905
f 10258 10254 1910
f 10257 10252 10256
f 10262 10258 1905
f 10257 1622 10253
f 10256 10252 10251
f 10256 10251 10255
f 10255 10250 10254
f 10255 10251 10250
f 10254 1838 1910
f 10254 10250 1838
f 10253 10249 10252
f 10253 1618 10249
f 10253 1622 1619
f 10253 1619 1618
f 10266 10262 1902
f 10271 10267 10266
f 10270 10266 1897
f 10270 1897 1892
f 10269 10264 10268
f 10269 10265 10264
f 10269 1626 10265
f 10269 1628 1626
f 10268 10264 10267
f 10267 10262 10266
f 10267 10264 10263
f 10267 10263 10262
f 10252 10247 10251
f 10266 1902 1897
f 10265 10260 10264
f 10265 10261 10260
f 10265 1624 10261
f 10265 1626 1624
f 10264 10260 10263
f 10263 10260 10259
f 10263 10259 10258
f 10263 10258 10262
f 10262 1905 1902
f 10238 10234 2806
f 10243 10239 10238
f 10242 2802 2798
f 10242 10238 2802
f 10241 10236 10240
f 10241 10237 10236
f 10241 5773 10237
f 10241 5775 5773
f 10240 10235 10239
f 10240 10236 10235
f 10239 10234 10238
f 10239 10235 10234
f 10243 10240 10239
f 10238 2806 2802
f 10237 10233 10232
f 10237 10232 10236
f 10237 5773 5771
f 10237 5771 10233
f 10236 10232 10231
f 10236 10231 10235
f 10235 10231 10234
f 10234 10230 2813
f 10234 10231 10230
f 10247 10243 10242
f 10252 10249 10248
f 10252 10248 10247
f 10251 10247 10246
f 10251 10246 10250
f 10250 1839 1838
f 10250 10246 1839
f 10249 10244 10248
f 10249 1618 10245
f 10249 10245 10244
f 10248 10243 10247
f 10248 10244 10243
f 10271 10266 10270
f 10247 10242 10246
f 10246 2798 1839
f 10246 10242 2798
f 10245 1618 5777
f 10245 5777 5775
f 10245 10240 10244
f 10245 10241 10240
f 10245 5775 10241
f 10244 10240 10243
f 10243 10238 10242
f 10294 1867 1862
f 10298 10294 1862
f 10298 1862 1857
f 10298 1857 1854
f 10297 10292 10296
f 10297 10293 10292
f 10297 1640 10293
f 10297 1642 1640
f 10296 10292 10295
f 10295 10292 10291
f 10295 10291 10290
f 10295 10290 10294
f 10299 10295 10294
f 10294 10290 1867
f 10293 10288 10292
f 10293 10289 10288
f 10293 1638 10289
f 10293 1640 1638
f 10292 10288 10287
f 10292 10287 10291
f 10291 10286 10290
f 10291 10287 10286
f 10290 10286 1867
f 10289 10284 10288
f 10304 10300 10299
f 10308 10304 10303
f 10308 10303 10307
f 10307 10302 10306
f 10307 10303 10302
f 10306 10302 1854
f 10306 1854 1851
f 10305 10300 10304
f 10305 10301 10300
f 10305 1644 10301
f 10305 1646 1644
f 10304 10299 10303
f 10289 10285 10284
f 10303 10298 10302
f 10303 10299 10298
f 10302 10298 1854
f 10301 10296 10300
f 10301 10297 10296
f 10301 1642 10297
f 10301 1644 1642
f 10300 10296 10299
f 10299 10294 10298
f 10299 10296 10295
f 10275 10271 10270
f 10280 10276 10275
f 10280 10275 10279
f 10279 10274 10278
f 10279 10275 10274
f 10278 10274 1882
f 10277 10272 10276
f 10277 1630 10273
f 10277 1632 1630
f 10277 10273 10272
f 10276 10272 10275
f 10275 10272 10271
f 10281 1632 10277
f 10275 10270 10274
f 10274 10270 1892
f 10274 1892 1887
f 10274 1887 1882
f 10273 10268 10272
f 10273 10269 10268
f 10273 1628 10269
f 10273 1630 1628
f 10272 10268 10267
f 10272 10267 10271
f 10285 1636 1634
f 10289 1636 10285
f 10289 1638 1636
f 10288 10283 10287
f 10288 10284 10283
f 10287 10283 10282
f 10287 10282 10286
f 10286 1877 1872
f 10286 1872 1867
f 10286 10282 1877
f 10285 1634 10281
f 10285 10280 10284
f 10383 10377 10376
f 10285 10281 10280
f 10284 10280 10279
f 10284 10279 10283
f 10283 10278 10282
f 10283 10279 10278
f 10282 1882 1877
f 10282 10278 1882
f 10281 10277 10276
f 10281 10276 10280
f 10281 1634 1632
f 7146 7150 10461
f 10474 10475 10472
f 10474 4707 4709
f 10474 4709 4711
f 10474 10458 10452
f 10474 10459 10458
f 10474 10461 10459
f 5515 7143 10473
f 10473 7143 10472
f 7143 7144 10472
f 10471 4713 10470
f 10471 4711 4713
f 10474 10476 10475
f 10470 4713 4722
f 7150 10453 10461
f 7150 7151 10453
f 4707 10452 4706
f 10452 10451 4706
f 4706 10451 4629
f 10469 10441 7131
f 10469 7138 10466
f 10469 10466 10445
f 10469 7131 7136
f 10469 7136 7138
f 10478 10464 10477
f 10483 10468 10479
f 10483 10479 10480
f 10483 10467 10468
f 3844 3846 10482
f 3846 10462 10482
f 10482 10462 10481
f 10462 10463 10481
f 10481 10463 10480
f 10463 10467 10480
f 10479 10465 10478
f 10479 10468 10465
f 10469 10442 10441
f 10478 10465 10464
f 10477 5521 5520
f 10477 10464 5521
f 10474 10472 7144
f 10474 7146 10461
f 10474 4711 10471
f 10474 10452 4707
f 10474 7144 7145
f 10474 7145 7146
f 10474 10471 10476
f 10457 10452 10458
f 10460 7147 10456
f 10460 10457 10459
f 10460 10456 10457
f 10460 7155 7154
f 10460 7154 7152
f 10460 7152 7153
f 10460 7153 7147
f 10460 10459 10461
f 10460 10461 10453
f 10457 4631 10452
f 10457 10456 4635
f 10460 10453 7155
f 10457 10458 10459
f 10457 4635 4631
f 10456 10455 10454
f 10456 7147 10455
f 10456 10454 4635
f 10455 7149 10438
f 10455 10436 10454
f 10455 7147 7149
f 10455 10437 10436
f 10455 10438 10437
f 10466 10444 10445
f 10469 10447 10442
f 10469 10445 10447
f 10466 7140 10465
f 10466 3831 10444
f 10466 10463 3833
f 10466 3833 3832
f 10466 3832 3831
f 10466 10465 10468
f 10466 10468 10467
f 10466 10467 10463
f 10466 7138 7140
f 10483 10480 10467
f 7070 7131 10441
f 10444 3830 10440
f 10444 3831 3830
f 7140 7141 10465
f 10440 3830 3810
f 7141 5521 10464
f 7141 10464 10465
f 3833 10463 3834
f 10463 10462 3834
f 3834 10462 3846
f 10504 10506 10505
f 10509 10492 10493
f 10508 10495 10507
f 10507 10494 5502
f 10507 10495 10494
f 5502 10494 5503
f 10504 10502 7193
f 10504 10503 4716
f 10504 4710 10500
f 10504 7194 10503
f 10504 7193 7194
f 10504 10500 10506
f 10509 10493 10510
f 10504 10505 10502
f 10504 4716 4710
f 10503 7195 10485
f 10503 10487 4718
f 10503 7194 7195
f 10503 4718 4716
f 10503 10488 10487
f 10503 10486 10488
f 10503 10485 10486
f 5512 7193 10501
f 10501 7193 10502
f 10514 5512 10501
f 10519 10518 10500
f 10519 10500 10499
f 10518 10517 10506
f 10518 10506 10500
f 10517 10516 10505
f 10517 10505 10506
f 10516 10515 10502
f 10516 10502 10505
f 10515 10514 10501
f 10515 10501 10502
f 10514 5511 5512
f 7195 10484 10485
f 10511 10510 10493
f 10511 10495 10508
f 10511 10508 10513
f 10511 10513 10512
f 10511 10512 10510
f 10511 10498 10495
f 10511 10497 10498
f 10511 10493 10497
f 3398 10492 10509
f 3398 3836 10492
f 4722 4720 10489
f 10481 3842 10482
f 10482 3842 3844
f 10493 10492 3835
f 3835 10492 3836
f 10491 10476 10490
f 10491 10490 10475
f 10491 10475 10476
f 10490 10476 10488
f 10490 10486 10475
f 10490 10488 10486
f 4722 10489 10470
f 7159 10494 10495
f 10470 10487 10471
f 10470 10489 10487
f 10471 10488 10476
f 10471 10487 10488
f 10475 10486 10472
f 10486 10485 10472
f 10472 10485 10473
f 10485 10484 10473
f 10473 10484 5515
f 10484 5516 5515
f 10496 10495 10498
f 7195 5516 10484
f 10500 4710 10499
f 10499 4710 4708
f 10487 10489 4718
f 4718 10489 4720
f 10496 10478 7161
f 10496 7159 10495
f 10496 3842 10481
f 10496 10493 3835
f 10496 3835 3840
f 10496 3840 3842
f 10454 10434 4626
f 10496 10498 10497
f 10496 10497 10493
f 10496 7161 7159
f 10496 10479 10478
f 10496 10480 10479
f 10496 10481 10480
f 5520 7157 10477
f 10477 7157 10478
f 7157 7161 10478
f 7159 5503 10494
f 10408 10402 10401
f 10412 10405 10411
f 10412 10406 10405
f 10411 10405 7111
f 10411 7111 7116
f 10410 10404 10409
f 10410 4660 10404
f 10410 4655 4660
f 10409 10404 10403
f 10409 10403 10402
f 10409 10402 10408
f 10408 10401 10407
f 10413 10407 10406
f 10407 10400 10406
f 10407 10401 10400
f 10406 10399 10405
f 10406 10400 10399
f 10405 10399 7106
f 10405 7106 7111
f 10404 10397 10403
f 10404 10398 10397
f 10404 4664 10398
f 10404 4660 4664
f 10403 10396 10402
f 10417 10411 7116
f 10422 4646 4650
f 10422 4650 10416
f 10422 10416 10415
f 10421 10415 10414
f 10421 10414 10420
f 10420 10414 10419
f 10419 10413 10412
f 10419 10414 10413
f 10419 10412 10418
f 10418 10412 10411
f 10418 10411 10417
f 10403 10397 10396
f 10417 7116 7120
f 10416 10410 10409
f 10416 4655 10410
f 10416 4650 4655
f 10416 10409 10415
f 10415 10409 10408
f 10415 10408 10414
f 10414 10408 10407
f 10414 10407 10413
f 10413 10406 10412
f 10387 10381 7091
f 10392 4674 10386
f 10392 4664 4669
f 10392 4669 4674
f 10391 10384 10390
f 10391 10385 10384
f 10390 10384 10383
f 10390 10383 10389
f 10389 10383 10382
f 10389 10382 10388
f 10388 10382 10381
f 10388 10381 10387
f 10392 10386 10385
f 10387 7091 7096
f 10386 4679 10380
f 10386 10380 10379
f 10386 10379 10385
f 10386 4674 4679
f 10385 10379 10378
f 10385 10378 10384
f 10384 10378 10377
f 10384 10377 10383
f 10383 10376 10382
f 10397 10392 10391
f 10402 10396 10395
f 10402 10395 10401
f 10401 10394 10400
f 10401 10395 10394
f 10400 10393 10399
f 10400 10394 10393
f 10399 10393 7101
f 10399 7101 7106
f 10398 10392 10397
f 10398 4664 10392
f 10397 10390 10396
f 10422 10415 10421
f 10397 10391 10390
f 10396 10389 10395
f 10396 10390 10389
f 10395 10389 10388
f 10395 10388 10394
f 10394 10388 10387
f 10394 10387 10393
f 10393 7096 7101
f 10393 10387 7096
f 10392 10385 10391
f 10446 7073 7072
f 10449 3826 3825
f 10449 10430 10429
f 10449 10433 10430
f 10448 10443 3827
f 10448 7133 10446
f 10448 10446 10443
f 10446 7072 10442
f 10446 10445 10443
f 10446 10442 10447
f 10446 10447 10445
f 10446 7133 7073
f 10449 3827 3826
f 10443 10440 3812
f 10443 3812 3829
f 10443 3829 3828
f 10443 3828 3827
f 10443 10445 10444
f 10443 10444 10440
f 7132 7135 10362
f 7135 7134 10362
f 10362 7134 10425
f 7072 7069 10442
f 10451 4630 4629
f 10454 4626 4625
f 10454 4625 4636
f 10454 4636 4635
f 10454 10435 10434
f 10454 10436 10435
f 7151 7156 10453
f 7156 7155 10453
f 10452 4630 10451
f 10452 4631 4630
f 7149 10439 10438
f 7149 7148 10439
f 10433 3825 3824
f 10434 4627 4626
f 10450 7133 10448
f 10450 10425 7134
f 10450 10449 10429
f 10450 10448 10449
f 10450 7134 7133
f 10450 10426 10425
f 10450 10429 10426
f 10449 10448 3827
f 10449 3825 10433
f 10427 10424 10426
f 10432 4643 4646
f 10432 10430 10433
f 10432 10433 3824
f 10431 10428 10430
f 10431 10421 10420
f 10431 10420 10428
f 10428 10427 10426
f 10428 10419 10427
f 10428 10420 10419
f 10428 10426 10429
f 10428 10429 10430
f 10432 3824 4643
f 10427 10418 10424
f 10427 10419 10418
f 10424 10423 10362
f 10424 10418 10417
f 10424 10362 10425
f 10424 10425 10426
f 10424 10417 10423
f 10423 7122 10362
f 10423 10417 7120
f 10423 7120 7122
f 10370 10372 10436
f 7069 7071 10441
f 7069 10441 10442
f 7071 7070 10441
f 10440 3810 3812
f 7077 10364 7148
f 10364 10366 10439
f 10364 10439 7148
f 10366 10368 10438
f 10366 10438 10439
f 10368 10370 10437
f 10368 10437 10438
f 9683 9677 9676
f 10370 10436 10437
f 10372 10374 10435
f 10372 10435 10436
f 10374 4640 10434
f 10374 10434 10435
f 4640 4627 10434
f 10432 10421 10431
f 10432 10431 10430
f 10432 10422 10421
f 10432 4646 10422
f 2443 2436 2444
f 2446 2438 2440
f 2446 2426 2443
f 2446 2448 2442
f 2446 2447 2448
f 2446 2440 2447
f 2446 2431 2438
f 2446 2420 2426
f 2443 2426 2436
f 2443 2432 2431
f 2443 2445 2432
f 2443 2444 2445
f 2446 2443 2431
f 2414 2420 2441
f 2441 2420 2442
f 2440 2438 2437
f 2437 2438 2439
f 2426 2435 2436
f 2426 2430 2435
f 2431 2433 2434
f 2431 2432 2433
f 2430 2426 2429
f 2429 2426 2427
f 2428 2425 2422
f 2457 2461 2450
f 2466 2467 2468
f 2462 2456 2422
f 2462 2449 2452
f 2462 2422 2457
f 2462 2457 2449
f 2462 2465 2456
f 2462 2464 2465
f 2462 2463 2464
f 2462 2452 2463
f 2457 2422 2454
f 2457 2450 2449
f 2426 2420 2421
f 2457 2460 2461
f 2457 2459 2460
f 2457 2458 2459
f 2457 2454 2458
f 2428 2422 2455
f 2455 2422 2456
f 2422 2424 2454
f 2452 2449 2453
f 2449 2450 2451
f 2446 2442 2420
f 2392 2393 2394
f 2405 2406 2404
f 2403 2402 2401
f 2403 2404 2402
f 2401 2399 2398
f 2401 2402 2399
f 2400 2397 2392
f 2398 2393 2396
f 2398 2399 2393
f 2397 2396 2392
f 2396 2393 2392
f 2392 2394 2395
f 2405 2404 2403
f 2391 2390 2389
f 2389 2388 2387
f 2389 2390 2388
f 2387 2384 2386
f 2387 2388 2384
f 2386 2384 2383
f 2383 2384 2385
f 2382 2183 2381
f 2382 2381 2186
f 2382 2186 2183
f 2415 2410 2411
f 2426 2421 2427
f 2425 2418 2422
f 2422 2423 2424
f 2422 2419 2423
f 2422 2418 2419
f 2421 2420 2417
f 2420 2414 2417
f 2418 2416 2419
f 2418 2415 2416
f 2417 2414 2413
f 2415 2411 2416
f 2469 2466 2470
f 2413 2390 2391
f 2413 2406 2412
f 2413 2391 2406
f 2413 2414 2390
f 2412 2406 2405
f 2412 2405 2408
f 2412 2408 2407
f 2410 2407 2409
f 2410 2409 2411
f 2407 2408 2409
f 2518 2514 2519
f 2523 2518 2501
f 2523 2526 2516
f 2523 2525 2526
f 2523 2524 2525
f 2523 2511 2524
f 2518 2512 2514
f 2518 2510 2501
f 2518 2522 2510
f 2518 2521 2522
f 2518 2520 2521
f 2518 2519 2520
f 2523 2501 2511
f 2517 2512 2515
f 2515 2512 2516
f 2512 2513 2514
f 2511 2501 2503
f 2501 2510 2502
f 2507 2506 2485
f 2507 2508 2509
f 2507 2485 2508
f 2506 2505 2483
f 2506 2483 2485
f 2505 2504 2490
f 2538 2531 2539
f 2541 2538 2505
f 2541 2529 2538
f 2541 2533 2543
f 2541 2543 2542
f 2541 2542 2536
f 2541 2505 2506
f 2541 2535 2529
f 2538 2529 2531
f 2538 2527 2505
f 2538 2540 2527
f 2538 2539 2540
f 2505 2490 2483
f 2537 2535 2534
f 2534 2535 2536
f 2533 2506 2532
f 2532 2506 2507
f 2529 2530 2531
f 2529 1044 2530
f 2505 2528 2504
f 2505 2527 2528
f 2523 2516 2512
f 2523 2512 2518
f 2478 2479 2480
f 2388 2390 2487
f 2388 2487 2488
f 2483 2486 2484
f 2483 2484 2485
f 2478 2472 2392
f 2478 2466 2469
f 2478 2392 2473
f 2478 2473 2466
f 2478 2482 2472
f 2478 2481 2482
f 2478 2480 2481
f 2489 2490 2491
f 2478 2469 2479
f 2473 2392 2471
f 2473 2467 2466
f 2473 2477 2467
f 2473 2476 2477
f 2473 2475 2476
f 2473 2474 2475
f 2473 2471 2474
f 2400 2392 2472
f 2392 2395 2471
f 2498 2492 2499
f 2504 2491 2490
f 2503 2501 2468
f 2501 2466 2468
f 2501 2470 2466
f 2501 2502 2470
f 2498 2494 2384
f 2498 2490 2492
f 2498 2495 2490
f 2498 2384 2495
f 2498 2500 2494
f 2498 2499 2500
f 2381 2183 2380
f 2495 2486 2483
f 2495 2388 2488
f 2495 2488 2497
f 2495 2497 2496
f 2495 2496 2486
f 2495 2384 2388
f 2495 2483 2490
f 2385 2384 2493
f 2493 2384 2494
f 2492 2490 2489
f 2322 2317 2316
f 2327 2322 2326
f 2326 2322 2323
f 2325 2165 2321
f 2325 2321 2320
f 2325 2320 2324
f 2324 2319 2322
f 2324 2320 2319
f 2322 2316 2312
f 2322 2318 2317
f 2322 2319 2318
f 2322 2312 2323
f 2328 2322 2327
f 2321 2162 2315
f 2321 2315 2314
f 2321 2165 2162
f 2321 2314 2320
f 2320 2314 2313
f 2320 2313 2319
f 2319 2311 2318
f 2319 2313 2311
f 2318 2311 2317
f 2317 2311 2316
f 2316 2311 2312
f 2332 2327 2326
f 2339 2332 2338
f 2339 2334 2332
f 2338 2332 2337
f 2337 2332 2336
f 2336 2332 2333
f 2335 2331 2334
f 2335 2168 2331
f 2334 2331 2330
f 2334 2330 2329
f 2334 2329 2332
f 2332 2329 2328
f 2315 2162 2290
f 2332 2328 2327
f 2332 2326 2323
f 2332 2323 2333
f 2331 2324 2330
f 2331 2165 2325
f 2331 2325 2324
f 2331 2168 2165
f 2330 2322 2329
f 2330 2324 2322
f 2329 2322 2328
f 2299 2186 2298
f 2304 2197 2303
f 2304 2303 2302
f 2304 2198 2197
f 2303 2301 2302
f 2303 2196 2301
f 2303 2197 2196
f 2301 2194 2302
f 2301 2196 2195
f 2301 2195 2194
f 2187 2186 2300
f 2300 2186 2299
f 2305 2304 2302
f 2298 2186 2297
f 2297 2186 2296
f 2296 2186 2295
f 2295 2186 2294
f 2294 2186 2293
f 2293 2183 2291
f 2291 2178 2292
f 2162 2159 2290
f 2289 2144 2288
f 2289 2288 2149
f 2309 2308 2290
f 2315 2290 2314
f 2314 2290 2313
f 2313 2290 2311
f 2311 2290 2312
f 2310 2306 2302
f 2310 2156 2306
f 2310 2302 2309
f 2310 2290 2159
f 2310 2309 2290
f 2310 2159 2156
f 2309 2302 2308
f 2340 2334 2339
f 2308 2302 2307
f 2308 2307 2290
f 2307 2302 2290
f 2306 2305 2302
f 2306 2156 2150
f 2306 2150 2200
f 2306 2200 2199
f 2306 2199 2305
f 2305 2198 2304
f 2305 2199 2198
f 2366 2362 2365
f 2370 2363 2369
f 2370 2364 2363
f 2370 2175 2364
f 2370 2178 2175
f 2369 2362 2368
f 2369 2368 2178
f 2369 2363 2362
f 2368 2362 2367
f 2368 2367 2178
f 2367 2362 2366
f 2367 2366 2178
f 2370 2369 2178
f 2366 2365 2178
f 2365 2292 2178
f 2365 2362 2292
f 2364 2360 2363
f 2364 2175 2361
f 2364 2361 2360
f 2363 2359 2362
f 2363 2360 2359
f 2362 2359 2358
f 2362 2358 2357
f 2362 2357 2356
f 2376 2183 2178
f 2381 2380 2186
f 2380 2183 2379
f 2380 2379 2186
f 2379 2183 2378
f 2379 2378 2186
f 2378 2183 2377
f 2378 2377 2186
f 2377 2293 2186
f 2377 2183 2293
f 2376 2178 2375
f 2376 2375 2183
f 2362 2356 2353
f 2375 2178 2374
f 2375 2374 2183
f 2374 2178 2373
f 2374 2373 2183
f 2373 2178 2372
f 2373 2372 2183
f 2372 2178 2371
f 2372 2371 2183
f 2371 2291 2183
f 2371 2178 2291
f 2344 2339 2342
f 2351 2174 2171
f 2351 2344 2350
f 2350 2344 2342
f 2350 2342 2349
f 2349 2342 2348
f 2348 2342 2347
f 2347 2342 2346
f 2346 2342 2343
f 2345 2340 2344
f 2345 2341 2340
f 2345 2171 2341
f 2351 2171 2345
f 2344 2340 2339
f 2342 2339 2338
f 2342 2338 2337
f 2342 2337 2336
f 2342 2336 2333
f 2342 2333 2343
f 2341 2334 2340
f 2341 2335 2334
f 2341 2168 2335
f 2341 2171 2168
f 2355 2350 2354
f 2362 2353 2292
f 2361 2175 2174
f 2361 2354 2360
f 2361 2355 2354
f 2361 2174 2355
f 2360 2354 2359
f 2359 2352 2358
f 2359 2354 2352
f 2358 2352 2357
f 2357 2352 2356
f 2356 2352 2353
f 2541 2506 2533
f 2355 2174 2351
f 2355 2351 2350
f 2354 2350 2349
f 2354 2349 2352
f 2352 2348 2347
f 2352 2347 2346
f 2352 2346 2343
f 2352 2343 2353
f 2352 2349 2348
f 2351 2345 2344
f 2721 2722 2718
f 2729 2730 2727
f 2728 2723 2725
f 2726 2722 2721
f 2726 2719 2723
f 2726 2721 2719
f 2726 2727 2722
f 2723 2719 2720
f 2723 2724 2725
f 2723 2720 2724
f 2721 2718 2717
f 2721 2717 2719
f 2729 2723 2728
f 2719 2715 2716
f 2719 2717 2715
f 2719 2716 2720
f 2717 2713 2711
f 2717 2714 2713
f 2717 2711 2715
f 2717 2718 2714
f 2715 2711 2712
f 2715 2712 2716
f 2713 2003 2711
f 2713 2714 1661
f 2735 2731 2732
f 2743 2740 2737
f 2743 2737 2744
f 2741 2738 2735
f 2741 2739 2738
f 2741 2742 2739
f 2741 2735 2740
f 2740 2735 2737
f 2738 2731 2735
f 2738 2733 2731
f 2738 2734 2733
f 2738 2739 2734
f 2713 1661 2073
f 2735 2736 2737
f 2735 2732 2736
f 2733 2729 2728
f 2733 2730 2729
f 2733 2728 2731
f 2733 2734 2730
f 2731 2728 2725
f 2731 2725 2732
f 2729 2727 2726
f 2729 2726 2723
f 2690 2686 2687
f 2693 2692 2650
f 2693 2650 2620
f 2692 2651 2650
f 2691 2686 2690
f 2691 2688 2686
f 2691 2690 2656
f 2691 2689 2688
f 2691 2661 2660
f 2691 2660 2689
f 2691 2656 2661
f 2690 2657 2656
f 2694 2620 2622
f 2690 2687 2657
f 2688 2684 2686
f 2688 2685 2684
f 2688 2689 2685
f 2686 2684 2682
f 2686 2682 2683
f 2686 2683 2687
f 2684 2678 2682
f 2684 2681 2680
f 2684 2680 2678
f 2702 2704 2705
f 2713 2073 2003
f 2711 2005 2712
f 2711 2003 2005
f 2702 2710 2699
f 2709 2708 2658
f 2708 2707 2656
f 2708 2656 2658
f 2707 2706 2661
f 2707 2661 2656
f 2706 2659 2661
f 2702 2699 2701
f 2745 2740 2743
f 2702 2703 2704
f 2702 2701 2703
f 2701 2699 2700
f 2700 2699 2695
f 2699 2620 2695
f 2699 2693 2620
f 2698 2697 2622
f 2697 2696 2622
f 2696 2694 2622
f 2694 2695 2620
f 2778 2779 2780
f 2786 2780 2787
f 2784 2778 2783
f 2784 2781 2778
f 2784 2782 2781
f 2784 2785 2782
f 2783 2778 2780
f 2781 2774 2778
f 2781 2777 2776
f 2781 2776 2774
f 2781 2782 2777
f 2778 2774 2775
f 2786 2783 2780
f 2778 2775 2779
f 2776 2770 2774
f 2776 2772 2770
f 2776 2773 2772
f 2776 2777 2773
f 2774 2770 2771
f 2774 2771 2775
f 2772 2769 2768
f 2772 2767 2770
f 2772 2768 2767
f 2772 2773 2769
f 2792 2790 2707
f 2799 2800 705
f 2799 705 1840
f 2799 1840 1837
f 2797 1839 2798
f 2797 1837 1839
f 2794 2795 2796
f 2792 2789 2788
f 2792 2793 2789
f 2792 2709 2793
f 2792 2708 2709
f 2792 2707 2708
f 2770 2767 2764
f 2792 2788 2790
f 2790 2786 2787
f 2790 2706 2707
f 2790 2791 2706
f 2790 2787 2791
f 2790 2788 2786
f 2788 2784 2783
f 2788 2785 2784
f 2788 2789 2785
f 2788 2783 2786
f 2751 2747 2748
f 2754 1999 2755
f 2754 2000 1999
f 2753 2699 2710
f 2753 2751 2699
f 2753 2710 2749
f 2753 2747 2751
f 2753 2749 2747
f 2751 2693 2699
f 2751 2692 2693
f 2751 2752 2692
f 2751 2748 2752
f 2756 1914 2000
f 2749 2710 2750
f 2749 2750 2746
f 2749 2745 2743
f 2749 2743 2747
f 2749 2746 2745
f 2747 2743 2744
f 2747 2744 2748
f 2745 2741 2740
f 2745 2742 2741
f 2745 2746 2742
f 2762 2763 2764
f 2770 2764 2771
f 2768 2765 2767
f 2768 2766 2765
f 2768 2769 2766
f 2767 2762 2764
f 2767 2765 2762
f 2765 2761 2760
f 2765 2758 2762
f 2765 2760 2758
f 2765 2766 2761
f 2762 2758 2759
f 2684 2685 2681
f 2762 2759 2763
f 2760 2756 2754
f 2760 2757 2756
f 2760 2754 2758
f 2760 2761 2757
f 2758 2754 2755
f 2758 2755 2759
f 2756 2000 2754
f 2756 2757 1010
f 2756 1010 1914
f 1048 1047 2529
f 2595 2590 2596
f 2537 2591 2535
f 2537 2594 2591
f 2593 2592 2512
f 2593 2512 2590
f 2592 2513 2512
f 2535 2589 2529
f 2535 2591 2589
f 2590 2512 2588
f 2589 1048 2529
f 2512 2517 2588
f 2595 2593 2590
f 1047 1042 2529
f 2529 1042 1044
f 2570 2566 2451
f 2566 2568 2453
f 2566 2449 2451
f 2566 2453 2449
f 2554 2553 2431
f 2554 2431 2434
f 2553 2544 2438
f 2553 2438 2431
f 2544 2547 2439
f 2605 2603 2606
f 1066 2601 2594
f 1066 2594 2537
f 1066 2611 2612
f 1066 2612 2601
f 2611 2609 2610
f 2611 2610 2612
f 2609 2608 2610
f 2609 2607 2608
f 2607 2606 2608
f 2607 2605 2606
f 2605 2571 2603
f 2544 2439 2438
f 2605 2604 2571
f 2604 2572 2571
f 2571 2602 2603
f 2571 2574 2602
f 2601 2599 2600
f 2601 2600 2594
f 2599 2597 2598
f 2599 2598 2600
f 2597 2595 2596
f 2597 2596 2598
f 2560 2557 2548
f 2563 2553 2555
f 2563 2560 2553
f 2563 2557 2560
f 2563 2565 2558
f 2563 2564 2565
f 2563 2555 2564
f 2560 2545 2544
f 2560 2548 2551
f 2560 2562 2545
f 2560 2561 2562
f 2560 2551 2561
f 2563 2558 2557
f 2560 2544 2553
f 2559 2557 2556
f 2556 2557 2558
f 2555 2553 2552
f 2552 2553 2554
f 2548 2550 2551
f 2548 2549 2550
f 2544 2546 2547
f 2544 2545 2546
f 2541 2536 2535
f 2576 2571 2573
f 2547 2587 2439
f 2547 2586 2587
f 2581 2575 2571
f 2581 2566 2569
f 2581 2571 2576
f 2581 2576 2566
f 2581 2585 2575
f 2581 2584 2585
f 2581 2583 2584
f 2581 2582 2583
f 2581 2569 2582
f 2557 2559 2613
f 2576 2567 2566
f 2576 2580 2567
f 2576 2579 2580
f 2576 2578 2579
f 2576 2577 2578
f 2576 2573 2577
f 2574 2571 2575
f 2571 2572 2573
f 2569 2566 2570
f 2566 2567 2568
f 2649 2646 2644
f 2668 2669 2653
f 2666 2662 2664
f 2666 2664 2667
f 2665 2655 2662
f 2665 2653 2655
f 2662 2663 2664
f 2662 2655 2663
f 2659 2660 2661
f 2656 2657 2658
f 2653 2654 2655
f 2649 2644 2648
f 2668 2665 2662
f 2649 2648 2620
f 2649 2647 2646
f 2649 2652 2647
f 2649 2651 2652
f 2649 2620 2650
f 2649 2650 2651
f 2648 2644 2645
f 2648 2621 2620
f 2648 2645 2621
f 2646 2640 2644
f 2675 2672 2670
f 2682 2678 2679
f 2682 2679 2683
f 2680 2677 2675
f 2680 2675 2678
f 2680 2673 2677
f 2680 2681 2673
f 2678 2675 2676
f 2678 2676 2679
f 2677 2673 2672
f 2677 2672 2675
f 2675 2670 2671
f 2646 2642 2640
f 2675 2671 2676
f 2672 2669 2668
f 2672 2666 2670
f 2672 2668 2666
f 2672 2674 2669
f 2672 2673 2674
f 2670 2666 2667
f 2670 2667 2671
f 2668 2662 2666
f 2668 2653 2665
f 2617 2618 2619
f 2630 2617 2627
f 2630 2623 2628
f 2630 2631 2617
f 2628 2623 2626
f 2628 2626 2629
f 2627 2624 2623
f 2627 2617 2619
f 2627 2619 2624
f 2623 2625 2626
f 2623 2624 2625
f 2620 2621 2622
f 2630 2627 2623
f 2616 2549 2615
f 2549 1064 1066
f 2549 2548 1064
f 2549 2537 2615
f 2549 1066 2537
f 2548 1069 1064
f 2548 2557 1069
f 2557 1070 1069
f 2557 2614 1070
f 2557 2613 2614
f 2639 2635 2634
f 2646 2643 2642
f 2646 2647 2643
f 2644 2640 2641
f 2644 2641 2645
f 2642 2635 2639
f 2642 2637 2640
f 2642 2639 2637
f 2642 2643 2635
f 2640 2637 2638
f 2640 2638 2641
f 2639 2632 2637
f 2289 2149 2144
f 2639 2634 2632
f 2637 2632 2633
f 2637 2633 2638
f 2634 2628 2632
f 2634 2630 2628
f 2634 2631 2630
f 2634 2636 2631
f 2634 2635 2636
f 2632 2628 2629
f 2632 2629 2633
f 2031 1678 2028
f 2037 1686 1683
f 2037 2034 2032
f 2035 2032 2033
f 2035 2033 2036
f 2034 2029 2032
f 2034 1682 2031
f 2034 2031 2029
f 2034 1683 1682
f 2032 2029 2030
f 2032 2030 2033
f 2031 2027 2029
f 2037 1683 2034
f 2031 2028 2027
f 2031 1682 1678
f 2029 2027 2025
f 2029 2025 2030
f 2028 2023 2027
f 2028 2026 2023
f 2028 1678 1675
f 2028 1675 2026
f 2027 2023 2025
f 2026 1675 2022
f 2026 2022 2023
f 2043 2040 2038
f 2049 2044 2047
f 2047 2044 2045
f 2047 2045 2048
f 2046 2043 2044
f 2046 1694 1691
f 2046 1691 2043
f 2044 2043 2041
f 2044 2042 2045
f 2044 2041 2042
f 2043 1690 2040
f 2043 2038 2041
f 2023 2022 2020
f 2043 1691 1690
f 2041 2038 2039
f 2041 2039 2042
f 2040 1686 2037
f 2040 2035 2038
f 2040 2037 2035
f 2040 1690 1686
f 2038 2035 2036
f 2038 2036 2039
f 2037 2032 2035
f 1663 1658 2002
f 2013 2006 2011
f 2013 1664 1663
f 2013 2010 2006
f 2011 2006 2008
f 2011 2008 2012
f 2010 2009 2006
f 2010 1663 2002
f 2010 2002 2009
f 2006 2009 2007
f 2006 2007 2008
f 2003 2004 2005
f 2013 1663 2010
f 2001 1996 1997
f 2001 1003 1996
f 2001 1914 1009
f 2001 1997 2000
f 2001 1009 1003
f 2001 2000 1914
f 1997 1996 1994
f 1997 1994 1995
f 1997 1999 2000
f 1997 1998 1999
f 2019 2016 2014
f 2023 2020 2021
f 2023 2024 2025
f 2023 2021 2024
f 2022 2017 2020
f 2022 1671 2019
f 2022 2019 2017
f 2022 1675 1672
f 2022 1672 1671
f 2020 2017 2018
f 2020 2018 2021
f 2019 2014 2017
f 2049 1697 1694
f 2019 1671 2016
f 2017 2014 2015
f 2017 2015 2018
f 2016 2011 2014
f 2016 1664 2013
f 2016 2013 2011
f 2016 1671 1667
f 2016 1667 1664
f 2014 2011 2012
f 2014 2012 2015
f 2074 1659 2075
f 2080 2078 2079
f 2080 2081 2082
f 2080 2079 2081
f 2080 1714 1717
f 2080 1710 1714
f 2078 1718 2074
f 2078 2074 2077
f 2078 2077 2079
f 2078 1717 1718
f 2074 2076 2077
f 2074 2075 2076
f 2080 1717 2078
f 2074 1660 1659
f 2074 1718 1660
f 2072 2071 2003
f 2072 1661 1720
f 2072 1720 1716
f 2072 2070 2069
f 2072 2073 1661
f 2072 2003 2073
f 2072 1716 2070
f 2072 2069 2071
f 2071 2004 2003
f 2087 2086 2088
f 2092 2091 2094
f 2092 1695 1698
f 2092 1692 1695
f 2092 2093 1692
f 2090 2087 2089
f 2090 1699 2087
f 2090 2089 2091
f 2090 1698 1699
f 2087 2085 2086
f 2087 1706 2085
f 2087 2088 2089
f 2071 2069 2004
f 2087 1703 1706
f 2087 1699 1703
f 2085 1707 2083
f 2085 2083 2084
f 2085 2084 2086
f 2085 1706 1707
f 2083 2080 2082
f 2083 1710 2080
f 2083 2082 2084
f 2083 1707 1710
f 2055 2050 2053
f 2059 2056 2057
f 2059 2057 2060
f 2058 2055 2056
f 2058 1702 2055
f 2058 1705 1702
f 2056 2055 2053
f 2056 2053 2054
f 2056 2054 2057
f 2055 2052 2050
f 2055 1701 2052
f 2055 1702 1701
f 2059 2058 2056
f 2053 2050 2051
f 2053 2051 2054
f 2052 2049 2050
f 2052 1697 2049
f 2052 1701 1697
f 2050 2049 2047
f 2050 2047 2048
f 2050 2048 2051
f 2049 1694 2046
f 2049 2046 2044
f 2065 2062 2063
f 2070 1716 1713
f 2070 2068 2065
f 2070 1713 2068
f 2070 2065 2069
f 2069 2067 2004
f 2069 2065 2067
f 2068 1713 2064
f 2068 2064 2062
f 2068 2062 2065
f 2065 2066 2067
f 2065 2063 2066
f 1997 1995 1998
f 2064 2061 2062
f 2064 1713 1712
f 2064 1712 1709
f 2064 1709 2061
f 2062 2059 2060
f 2062 2060 2063
f 2062 2061 2059
f 2061 1705 2058
f 2061 1709 1705
f 2061 2058 2059
f 1933 1931 1934
f 1938 1937 1936
f 1938 1934 1939
f 1937 1933 1936
f 1937 1935 1933
f 1937 919 1935
f 1937 926 919
f 1936 1933 1934
f 1935 913 1932
f 1935 1931 1933
f 1935 1932 1931
f 1935 919 913
f 1938 1936 1934
f 1932 913 1929
f 1932 1930 1931
f 1932 1928 1930
f 1932 1929 1928
f 1930 1928 1931
f 1929 901 1926
f 1929 1925 1927
f 1929 1927 1928
f 1929 907 901
f 1929 913 907
f 1929 1926 1925
f 1945 1941 1943
f 1950 1946 1948
f 1950 1947 1946
f 1950 937 1947
f 1948 1946 1944
f 1948 1944 1949
f 1947 1943 1946
f 1947 1945 1943
f 1947 927 1945
f 1947 937 927
f 1946 1943 1944
f 1945 927 1942
f 1927 1925 1928
f 1945 1942 1941
f 1943 1941 1939
f 1943 1939 1944
f 1942 1940 1938
f 1942 926 1940
f 1942 927 926
f 1942 1938 1941
f 1941 1938 1939
f 1940 926 1937
f 1940 1937 1938
f 1909 1907 1905
f 1913 1840 704
f 1913 704 701
f 1913 1912 1837
f 1913 1837 1840
f 1912 1909 1838
f 1912 1838 1837
f 1911 699 1909
f 1911 701 699
f 1909 699 1907
f 1909 1910 1838
f 1909 1905 1910
f 1913 701 1911
f 1908 696 1907
f 1908 1907 699
f 1908 699 696
f 1907 696 1904
f 1907 1904 1905
f 1906 696 698
f 1906 1903 1904
f 1906 1904 696
f 1906 698 1903
f 1904 1903 1901
f 1921 1915 1917
f 1926 1923 1921
f 1926 901 895
f 1926 895 1923
f 1926 1924 1925
f 1926 1921 1924
f 1924 1921 1922
f 1924 1922 1925
f 1923 887 1919
f 1923 895 887
f 1923 1915 1921
f 1923 1919 1915
f 1951 1948 1949
f 1921 1917 1922
f 1919 1918 1915
f 1919 886 1920
f 1919 1920 1918
f 1919 887 886
f 1915 1918 1916
f 1915 1916 1917
f 1010 1009 1914
f 1913 1909 1912
f 1913 1911 1909
f 1980 973 1977
f 1985 1981 1983
f 1985 974 1982
f 1985 1982 1981
f 1983 1981 1979
f 1983 1979 1984
f 1982 973 1980
f 1982 974 973
f 1982 1980 1981
f 1981 1978 1979
f 1981 1980 1978
f 1980 1976 1978
f 1986 1983 1984
f 1980 1977 1976
f 1978 1976 1974
f 1978 1974 1979
f 1977 973 967
f 1977 1973 1976
f 1977 1975 1973
f 1977 967 1975
f 1976 1973 1974
f 1975 1972 1973
f 1975 967 1972
f 1973 1972 1971
f 1991 1988 991
f 1996 997 1994
f 1996 1003 997
f 1994 997 1992
f 1994 1992 1990
f 1994 1990 1995
f 1993 991 1992
f 1993 1992 997
f 1993 997 991
f 1992 991 1988
f 1992 1988 1990
f 1991 980 1988
f 1973 1969 1974
f 1991 991 980
f 1988 980 1986
f 1988 1986 1984
f 1988 1989 1990
f 1988 1984 1989
f 1987 1983 1986
f 1987 1986 980
f 1987 1985 1983
f 1987 980 974
f 1987 974 1985
f 1957 950 943
f 1962 955 950
f 1962 950 1960
f 1961 1958 1959
f 1960 1957 1956
f 1960 950 1957
f 1960 1956 1958
f 1958 1954 1959
f 1958 1956 1954
f 1957 943 1955
f 1957 1953 1956
f 1957 1955 1953
f 1962 1960 1958
f 1956 1953 1954
f 1955 1951 1953
f 1955 1952 1951
f 1955 943 1952
f 1953 1951 1949
f 1953 1949 1954
f 1952 1950 1948
f 1952 1948 1951
f 1952 937 1950
f 1952 943 937
f 1967 1965 1963
f 1973 1971 1969
f 1972 967 961
f 1972 961 1970
f 1972 1968 1971
f 1972 1970 1968
f 1971 1968 1969
f 1970 1967 1966
f 1970 961 1967
f 1970 1966 1968
f 1968 1964 1969
f 1968 1966 1964
f 2092 2094 2093
f 1967 961 955
f 1967 955 1965
f 1967 1963 1966
f 1966 1963 1964
f 1965 1961 1963
f 1965 1962 1961
f 1965 955 1962
f 1963 1961 1959
f 1963 1959 1964
f 1962 1958 1961
f 2229 2224 2223
f 2235 2229 2234
f 2234 2229 2233
f 2233 2229 2230
f 2232 2228 2231
f 2232 2126 2228
f 2231 2227 2226
f 2231 2226 2229
f 2231 2228 2227
f 2229 2226 2225
f 2229 2223 2219
f 2229 2225 2224
f 2236 2231 2229
f 2229 2219 2230
f 2228 2125 2222
f 2228 2126 2125
f 2228 2221 2227
f 2228 2222 2221
f 2227 2221 2220
f 2227 2220 2226
f 2226 2218 2225
f 2226 2220 2218
f 2225 2218 2224
f 2224 2218 2223
f 2239 2236 2235
f 2247 2239 2246
f 2247 2241 2239
f 2246 2239 2245
f 2245 2239 2244
f 2244 2239 2243
f 2243 2239 2240
f 2242 2238 2237
f 2242 2131 2238
f 2242 2237 2241
f 2241 2236 2239
f 2241 2237 2236
f 2223 2218 2219
f 2239 2235 2234
f 2239 2234 2233
f 2239 2233 2230
f 2239 2230 2240
f 2238 2231 2237
f 2238 2232 2231
f 2238 2131 2126
f 2238 2126 2232
f 2237 2231 2236
f 2236 2229 2235
f 2200 2149 2199
f 2210 2208 2203
f 2208 2207 2206
f 2208 2209 2207
f 2208 2206 2203
f 2206 2201 2203
f 2206 2204 2201
f 2206 2207 2204
f 2201 2205 2202
f 2201 2204 2205
f 2201 2202 2203
f 2150 2149 2200
f 2210 2211 2209
f 2199 2149 2198
f 2198 2149 2197
f 2197 2149 2196
f 2196 2149 2195
f 2195 2149 2194
f 2194 2149 2193
f 2193 2144 2191
f 2191 2143 2192
f 2125 2122 2190
f 2189 2154 2113
f 2216 2203 2215
f 2222 2190 2221
f 2222 2125 2190
f 2221 2190 2220
f 2220 2190 2218
f 2218 2190 2219
f 2217 2117 2212
f 2217 2203 2216
f 2217 2190 2122
f 2217 2216 2190
f 2217 2212 2203
f 2217 2122 2117
f 2248 2134 2131
f 2216 2215 2190
f 2215 2203 2214
f 2215 2214 2190
f 2214 2203 2190
f 2212 2211 2210
f 2212 2210 2203
f 2212 2213 2211
f 2212 2116 2213
f 2212 2117 2116
f 2210 2209 2208
f 2274 2273 2143
f 2277 2276 2143
f 2277 2270 2276
f 2277 2271 2270
f 2277 2140 2271
f 2277 2143 2140
f 2276 2269 2275
f 2276 2275 2143
f 2276 2270 2269
f 2275 2269 2274
f 2275 2274 2143
f 2274 2269 2273
f 2278 2143 2191
f 2273 2269 2272
f 2273 2272 2143
f 2272 2192 2143
f 2272 2269 2192
f 2271 2268 2270
f 2271 2140 2268
f 2270 2266 2269
f 2270 2267 2266
f 2270 2268 2267
f 2269 2266 2265
f 2269 2265 2264
f 2283 2282 2144
f 2288 2144 2287
f 2288 2287 2149
f 2287 2144 2286
f 2287 2286 2149
f 2286 2144 2285
f 2286 2285 2149
f 2285 2144 2284
f 2285 2284 2149
f 2284 2193 2149
f 2284 2144 2193
f 2283 2143 2282
f 2269 2264 2263
f 2283 2144 2143
f 2282 2143 2281
f 2282 2281 2144
f 2281 2143 2280
f 2281 2280 2144
f 2280 2143 2279
f 2280 2279 2144
f 2279 2143 2278
f 2279 2278 2144
f 2278 2191 2144
f 2252 2134 2248
f 2258 2134 2252
f 2258 2137 2134
f 2258 2251 2257
f 2257 2251 2256
f 2256 2249 2255
f 2256 2251 2249
f 2255 2249 2254
f 2254 2249 2253
f 2253 2249 2250
f 2252 2247 2251
f 2252 2248 2247
f 2258 2252 2251
f 2251 2247 2249
f 2249 2247 2246
f 2249 2246 2245
f 2249 2245 2244
f 2249 2244 2243
f 2249 2243 2240
f 2249 2240 2250
f 2248 2241 2247
f 2248 2131 2242
f 2248 2242 2241
f 2263 2259 2260
f 2269 2263 2260
f 2269 2260 2192
f 2268 2140 2137
f 2268 2262 2261
f 2268 2137 2262
f 2268 2261 2267
f 2267 2259 2266
f 2267 2261 2259
f 2266 2259 2265
f 2265 2259 2264
f 2264 2259 2263
f 2189 2113 2111
f 2262 2257 2261
f 2262 2137 2258
f 2262 2258 2257
f 2261 2256 2259
f 2261 2257 2256
f 2259 2255 2254
f 2259 2254 2253
f 2259 2253 2250
f 2259 2250 2260
f 2259 2256 2255
f 2124 2121 2122
f 2130 2129 2128
f 2130 2128 2126
f 2130 2126 2131
f 2129 2081 2127
f 2129 2124 2128
f 2129 2127 2124
f 2128 2124 2126
f 2127 2077 2123
f 2127 2123 2124
f 2127 2081 2079
f 2127 2079 2077
f 2132 2082 2081
f 2124 2123 2121
f 2124 2125 2126
f 2124 2122 2125
f 2123 2119 2115
f 2123 2076 2119
f 2123 2115 2121
f 2123 2077 2076
f 2121 2115 2117
f 2121 2117 2122
f 2119 2118 2115
f 2119 2120 2118
f 2138 2086 2084
f 2142 2143 2144
f 2142 2140 2143
f 2141 2138 2136
f 2141 2088 2138
f 2141 2136 2139
f 2139 2136 2137
f 2139 2137 2140
f 2138 2133 2136
f 2138 2084 2135
f 2138 2135 2133
f 2138 2088 2086
f 2119 2075 2120
f 2136 2133 2134
f 2136 2134 2137
f 2135 2130 2133
f 2135 2132 2130
f 2135 2084 2132
f 2133 2130 2131
f 2133 2131 2134
f 2132 2081 2129
f 2132 2129 2130
f 2132 2084 2082
f 2098 1687 2095
f 2105 1673 1676
f 2103 2100 2102
f 2103 1679 2100
f 2103 2102 2104
f 2103 1676 1679
f 2100 1684 2098
f 2100 2098 2099
f 2100 2101 2102
f 2100 2099 2101
f 2100 1680 1684
f 2100 1679 1680
f 2105 2104 2106
f 2098 2095 2097
f 2098 2097 2099
f 2098 1684 1687
f 2095 2096 2097
f 2095 2093 2096
f 2095 1692 2093
f 2095 1688 1692
f 2095 1687 1688
f 2092 2090 2091
f 2092 1698 2090
f 2110 1668 2107
f 2119 2076 2075
f 2115 2118 2116
f 2115 2116 2117
f 2112 2110 2111
f 2112 1665 2110
f 2112 2114 1657
f 2112 2113 2114
f 2112 2111 2113
f 2112 1656 1665
f 2112 1657 1656
f 2110 2107 2109
f 2142 2139 2140
f 2110 2109 2111
f 2110 1665 1668
f 2107 2105 2106
f 2107 1673 2105
f 2107 2108 2109
f 2107 2106 2108
f 2107 1669 1673
f 2107 1668 1669
f 2105 1676 2103
f 2105 2103 2104
f 2172 2167 2170
f 2177 2173 2175
f 2177 2175 2178
f 2176 2172 2173
f 2176 2104 2172
f 2176 2108 2106
f 2176 2106 2104
f 2173 2170 2171
f 2173 2172 2170
f 2173 2174 2175
f 2173 2171 2174
f 2172 2169 2167
f 2179 2173 2177
f 2172 2104 2169
f 2170 2167 2168
f 2170 2168 2171
f 2169 2166 2164
f 2169 2101 2166
f 2169 2164 2167
f 2169 2104 2102
f 2169 2102 2101
f 2167 2164 2165
f 2167 2165 2168
f 2184 2109 2181
f 2189 2185 2154
f 2189 2111 2184
f 2189 2182 2185
f 2189 2184 2182
f 2185 2188 2154
f 2185 2187 2188
f 2185 2186 2187
f 2185 2183 2186
f 2185 2182 2183
f 2184 2180 2182
f 2184 2111 2109
f 2166 2163 2161
f 2184 2181 2180
f 2182 2178 2183
f 2182 2180 2178
f 2181 2109 2108
f 2181 2179 2180
f 2181 2108 2179
f 2180 2179 2177
f 2180 2177 2178
f 2179 2176 2173
f 2179 2108 2176
f 2148 2146 2144
f 2114 2113 2154
f 2152 2093 2094
f 2152 2094 2091
f 2152 2148 2151
f 2152 2091 2147
f 2152 2153 2093
f 2152 2151 2153
f 2152 2146 2148
f 2152 2147 2146
f 2148 2150 2151
f 2148 2149 2150
f 2155 2151 2150
f 2148 2144 2149
f 2147 2142 2146
f 2147 2091 2089
f 2147 2089 2145
f 2147 2145 2142
f 2146 2142 2144
f 2145 2141 2139
f 2145 2089 2088
f 2145 2139 2142
f 2145 2088 2141
f 2160 2096 2157
f 2166 2099 2163
f 2166 2161 2164
f 2166 2101 2099
f 2164 2161 2162
f 2164 2162 2165
f 2163 2160 2158
f 2163 2099 2160
f 2163 2158 2161
f 2161 2158 2159
f 2161 2159 2162
f 2160 2157 2155
f 2799 1837 2797
f 2160 2155 2158
f 2160 2099 2097
f 2160 2097 2096
f 2158 2155 2156
f 2158 2156 2159
f 2157 2151 2155
f 2157 2096 2093
f 2157 2093 2153
f 2157 2153 2151
f 2155 2150 2156
f 3516 3512 3511
f 3522 3518 3520
f 3520 3517 3515
f 3520 3518 3517
f 3520 3515 3521
f 3518 3516 3514
f 3518 3519 3513
f 3518 3513 3516
f 3518 3514 3517
f 3517 3514 3515
f 3516 3511 3514
f 3516 3513 3512
f 3522 3519 3518
f 3514 3511 3509
f 3514 3509 3515
f 3512 3507 3510
f 3512 3510 3508
f 3512 3508 3511
f 3512 3513 3507
f 3511 3508 3509
f 3510 3507 3506
f 3510 3505 3508
f 3510 3506 3505
f 3508 3505 3502
f 3529 3526 3527
f 3536 3534 3532
f 3535 3532 3533
f 3534 3531 3530
f 3534 3530 3529
f 3534 3529 3532
f 3532 3527 3533
f 3532 3529 3527
f 3530 3525 3528
f 3530 3531 3525
f 3530 3528 3529
f 3529 3528 3526
f 3508 3502 3509
f 3528 3524 3523
f 3528 3523 3526
f 3528 3525 3524
f 3526 3521 3527
f 3526 3523 3521
f 3524 3519 3522
f 3524 3522 3520
f 3524 3525 3519
f 3524 3520 3523
f 3523 3520 3521
f 2 1 3412
f 3491 3492 3485
f 3491 3486 3489
f 3491 3489 3490
f 3491 3488 3486
f 3489 3486 3487
f 3489 3487 3490
f 3488 3485 3481
f 3488 3483 3486
f 3488 3481 3483
f 3486 3484 3487
f 3486 3483 3484
f 3491 3485 3488
f 3485 3482 3481
f 3484 3483 3458
f 3483 3481 3456
f 3483 3456 3458
f 3481 3482 3460
f 3481 3460 3456
f 1784 3478 3436
f 1784 3479 3480
f 1784 3436 3479
f 3478 3477 3434
f 3500 3498 3499
f 3506 3507 3504
f 3506 3503 3501
f 3506 3504 3503
f 3506 3501 3505
f 3505 3501 3502
f 3503 3496 3500
f 3503 3500 3499
f 3503 3504 3496
f 3503 3499 3501
f 3501 3499 3502
f 3500 3494 3498
f 3536 3531 3534
f 3500 3495 3494
f 3500 3496 3495
f 3498 3494 3499
f 3495 3493 3494
f 3495 3490 3493
f 3495 3497 3492
f 3495 3496 3497
f 3495 3492 3491
f 3495 3491 3490
f 3493 3490 3494
f 3564 94 3561
f 3570 81 3567
f 3570 3566 3568
f 3568 3566 3569
f 3567 3565 3566
f 3567 3564 3563
f 3567 93 3564
f 3567 3563 3565
f 3567 87 93
f 3567 81 87
f 3565 3563 3566
f 3564 3561 3559
f 3570 3567 3566
f 3564 93 94
f 3564 3559 3562
f 3564 3562 3563
f 3562 3559 3560
f 3562 3560 3563
f 3561 3556 3559
f 3561 100 3558
f 3561 3558 3556
f 3561 94 100
f 3559 3556 3557
f 3559 3557 3560
f 3576 3573 3574
f 3581 3578 3579
f 3581 3580 3578
f 3580 69 3577
f 3580 3577 3576
f 3580 3576 3578
f 3578 3576 3574
f 3578 3574 3579
f 3577 69 75
f 3577 3573 3576
f 3577 75 3575
f 3577 3575 3573
f 3558 111 3555
f 3575 75 3572
f 3575 3572 3571
f 3575 3571 3573
f 3573 3571 3569
f 3573 3569 3574
f 3572 81 3570
f 3572 75 81
f 3572 3570 3571
f 3571 3568 3569
f 3571 3570 3568
f 3541 137 3539
f 3546 3545 129
f 3546 3542 3545
f 3546 138 3544
f 3546 3544 3542
f 3545 3542 3543
f 3544 3540 3542
f 3544 138 3541
f 3544 3541 3540
f 3542 3540 3538
f 3542 3538 3543
f 3541 138 137
f 3546 129 138
f 3541 3539 3537
f 3541 3537 3540
f 3540 3537 3538
f 3539 3535 3537
f 3539 3536 3535
f 3539 137 3536
f 3537 3535 3533
f 3537 3533 3538
f 3536 137 3531
f 3536 3532 3535
f 3553 117 123
f 3558 3555 3554
f 3558 100 111
f 3558 3554 3556
f 3556 3554 3552
f 3556 3552 3557
f 3555 3553 3550
f 3555 117 3553
f 3555 111 117
f 3555 3550 3554
f 3554 3550 3552
f 3553 123 3550
f 3478 3434 3436
f 3550 123 3547
f 3550 3547 3548
f 3550 3551 3552
f 3550 3548 3551
f 3549 129 3547
f 3549 123 129
f 3549 3547 123
f 3547 129 3545
f 3547 3545 3543
f 3547 3543 3548
f 3357 3352 3342
f 3372 3370 3369
f 3369 3370 3371
f 3368 3238 3367
f 3367 3238 3237
f 3363 3366 3364
f 3363 3364 3365
f 3240 3362 3361
f 3240 3361 3242
f 3357 3350 3346
f 3357 3342 3345
f 3357 3346 3352
f 3373 3240 3238
f 3357 3360 3350
f 3357 3359 3360
f 3357 3358 3359
f 3357 3345 3358
f 3352 3346 3348
f 3352 3344 3342
f 3352 3356 3344
f 3352 3355 3356
f 3352 3354 3355
f 3352 3353 3354
f 3352 3348 3353
f 3376 3373 3238
f 3389 3390 3391
f 3389 3384 3390
f 3388 3382 3387
f 3387 3382 3385
f 3385 3382 3386
f 3382 3383 3384
f 3381 3250 3380
f 3380 3250 3254
f 3250 3379 3251
f 3376 3371 3370
f 3376 3238 3368
f 3351 3346 3349
f 3376 3370 3373
f 3376 3378 3371
f 3376 3377 3378
f 3376 3368 3377
f 3373 3362 3240
f 3373 3363 3365
f 3373 3365 3375
f 3373 3375 3374
f 3373 3374 3362
f 3373 3370 3363
f 3328 3324 3327
f 3336 3333 3331
f 3334 3330 3333
f 3334 3329 3332
f 3334 3332 3330
f 3334 3335 3329
f 3333 3330 3331
f 3332 3328 3330
f 3332 3329 3328
f 3330 3325 3331
f 3330 3328 3327
f 3330 3327 3325
f 3336 3331 3337
f 3328 3323 3326
f 3328 3329 3323
f 3328 3326 3324
f 3327 3324 3325
f 3326 3321 3324
f 3326 3323 3322
f 3326 3322 3321
f 3324 3321 3319
f 3324 3319 3325
f 3322 3318 3321
f 3340 3339 3286
f 3349 3346 3350
f 3346 3347 3348
f 3345 3342 3341
f 3342 3344 3343
f 3288 3290 3343
f 3290 3285 3342
f 3290 3342 3343
f 3285 3341 3342
f 3285 3287 3341
f 3340 3290 3289
f 3340 3286 3285
f 3389 3391 3392
f 3340 3337 3339
f 3340 3338 3337
f 3340 3335 3338
f 3340 3289 3335
f 3340 3285 3290
f 3339 3337 3286
f 3338 3336 3337
f 3338 3333 3336
f 3338 3334 3333
f 3338 3335 3334
f 3450 3451 3437
f 3453 3448 3447
f 3453 3443 3445
f 3453 3450 3443
f 3453 3447 3450
f 3453 3455 3448
f 3453 3454 3455
f 3453 3445 3454
f 3450 3437 3434
f 3450 3438 3440
f 3450 3440 3452
f 3450 3452 3451
f 3456 3457 3458
f 3450 3447 3438
f 3450 3434 3443
f 3449 3447 3446
f 3446 3447 3448
f 3445 3443 3442
f 3442 3443 3444
f 3438 3441 3439
f 3438 3439 3440
f 3434 3437 3435
f 3434 3435 3436
f 3430 3427 3429
f 3467 3461 3463
f 3477 3476 3443
f 3477 3443 3434
f 3476 3444 3443
f 3472 3465 3461
f 3472 3461 3467
f 3472 3456 3459
f 3472 3467 3456
f 3472 3475 3465
f 3472 3474 3475
f 3472 3473 3474
f 3472 3459 3473
f 3430 3432 3433
f 3467 3457 3456
f 3467 3471 3457
f 3467 3470 3471
f 3467 3469 3470
f 3467 3468 3469
f 3467 3463 3468
f 3466 3461 3464
f 3464 3461 3465
f 3461 3462 3463
f 3459 3456 3460
f 3397 3398 3399
f 3406 3401 3403
f 3406 3410 3395
f 3406 3409 3410
f 3406 3408 3409
f 3406 3407 3408
f 3406 3399 3407
f 3405 3397 3404
f 3404 3397 3402
f 3402 3397 3403
f 3401 3292 3400
f 3400 3292 3396
f 3406 3395 3292
f 3396 3292 3297
f 3292 3395 3293
f 3389 3386 3382
f 3389 3250 3381
f 3389 3382 3384
f 3389 3379 3250
f 3389 3394 3386
f 3389 3381 3394
f 3389 3393 3379
f 3389 3392 3393
f 3417 3419 3420
f 3430 3431 3432
f 3430 3429 3431
f 3429 3427 3428
f 3428 3427 3423
f 3427 3420 3423
f 3427 3417 3420
f 3426 3425 3422
f 3425 3424 3422
f 3424 3421 3422
f 3423 3420 3421
f 3421 3420 3422
f 3582 69 3580
f 3417 398 3419
f 3417 3418 398
f 3415 3413 3414
f 3415 3414 3416
f 3413 3411 3412
f 3413 3412 3414
f 3411 2 3412
f 3406 3403 3397
f 3406 3292 3401
f 3406 3397 3399
f 3699 3695 3696
f 3705 3702 3703
f 3704 3701 3699
f 3704 423 3701
f 3704 415 423
f 3704 3699 3702
f 3702 3699 3700
f 3702 3700 3703
f 3701 3695 3699
f 3701 3698 3695
f 3701 431 3698
f 3701 423 431
f 3706 407 415
f 3699 3696 3700
f 3698 3697 3693
f 3698 3693 3695
f 3698 431 3697
f 3697 3694 3690
f 3697 3690 3693
f 3697 439 3694
f 3697 431 439
f 3695 3693 3691
f 3695 3691 3696
f 3694 3692 3688
f 3709 3705 3707
f 3717 3720 3721
f 3717 3719 3720
f 3717 3718 3719
f 3717 3714 3718
f 3715 3712 3716
f 3712 3713 3714
f 3711 3413 3415
f 3413 3710 3411
f 3709 407 3706
f 3709 3419 397
f 3709 3707 3420
f 3694 3688 3690
f 3709 3706 3705
f 3709 397 407
f 3709 3420 3419
f 3707 3705 3703
f 3707 3703 3708
f 3707 3708 3422
f 3707 3422 3420
f 3706 415 3704
f 3706 3704 3702
f 3706 3702 3705
f 3677 463 472
f 3682 3675 3678
f 3682 463 3679
f 3682 455 463
f 3680 3676 3681
f 3680 3678 3676
f 3679 3677 3675
f 3679 463 3677
f 3678 3675 3676
f 3677 3674 3673
f 3677 3673 3675
f 3677 472 3674
f 3682 3679 3675
f 3675 3671 3676
f 3675 3673 3671
f 3674 3670 3673
f 3674 3672 3670
f 3674 472 3672
f 3673 3670 3671
f 3672 3668 3670
f 3672 3669 3665
f 3672 473 3669
f 3672 3665 3668
f 3688 3685 3686
f 3694 439 3692
f 3693 3690 3691
f 3692 3689 3685
f 3692 3685 3688
f 3692 447 3689
f 3692 439 447
f 3690 3688 3686
f 3690 3686 3691
f 3689 3687 3683
f 3689 3683 3685
f 3689 447 3687
f 3717 3721 3710
f 3687 3684 3683
f 3687 455 3684
f 3687 447 455
f 3685 3683 3681
f 3685 3681 3686
f 3684 3680 3683
f 3684 3682 3678
f 3684 3678 3680
f 3684 455 3682
f 3683 3680 3681
f 3769 3772 3770
f 3783 3786 3775
f 3783 3785 3780
f 3783 3784 3785
f 3783 3776 3784
f 3782 3778 3781
f 3781 3778 3780
f 3778 3779 3780
f 3776 3774 3773
f 3776 3777 3774
f 3775 3769 3771
f 3773 3774 2509
f 3783 3779 3786
f 3769 3770 3771
f 3768 3767 3764
f 3767 3765 3764
f 3764 3765 3766
f 3760 3753 3749
f 3760 3744 3747
f 3760 3749 3755
f 3760 3755 3744
f 3760 3763 3753
f 3760 3762 3763
f 3760 3761 3762
f 3791 2487 3790
f 3792 2496 2497
f 3792 2486 2496
f 2509 2508 3773
f 3773 2484 3776
f 3773 2508 2484
f 2508 2485 2484
f 3776 2484 2486
f 3780 2487 3781
f 3780 2488 2487
f 3781 2487 3791
f 3781 3791 3782
f 3760 3747 3761
f 2487 2390 3790
f 3783 3780 3779
f 3783 3775 3771
f 3783 3777 3776
f 3783 3767 3768
f 3783 3768 3789
f 3783 3789 3777
f 3783 3771 3788
f 3783 3788 3787
f 3783 3787 3767
f 3722 3716 3712
f 3738 3740 3727
f 3738 3739 3740
f 3738 3731 3739
f 3737 3735 3734
f 3734 3735 3736
f 3733 3427 3732
f 3732 3427 3430
f 3729 3730 3731
f 3729 361 3730
f 3417 3728 3418
f 3417 3727 3728
f 3738 3727 3417
f 3722 3413 3711
f 3722 3712 3717
f 3722 3717 3413
f 3722 3726 3716
f 3722 3725 3726
f 3722 3724 3725
f 3722 3723 3724
f 3722 3711 3723
f 3717 3712 3714
f 3717 3710 3413
f 3744 3745 3746
f 3755 3749 3751
f 3755 3745 3744
f 3755 3759 3745
f 3755 3758 3759
f 3755 3757 3758
f 3755 3756 3757
f 3755 3751 3756
f 3754 3749 3752
f 3752 3749 3753
f 3749 3750 3751
f 3747 3744 3748
f 3672 472 473
f 3741 3736 3735
f 3741 3427 3733
f 3741 3738 3417
f 3741 3729 3738
f 3741 3743 3736
f 3741 3742 3743
f 3741 3733 3742
f 3741 3417 3427
f 3741 3735 3729
f 3738 3729 3731
f 3610 3608 27
f 3614 3414 3412
f 3614 3416 3414
f 3614 3615 3416
f 3614 3612 3615
f 3613 27 3611
f 3613 3611 21
f 3613 21 27
f 3611 27 3608
f 3611 3608 3609
f 3611 3609 3612
f 3610 33 3608
f 3614 21 3611
f 3610 27 33
f 3608 33 3606
f 3608 3606 3604
f 3608 3604 3609
f 3607 3606 33
f 3607 39 3605
f 3607 3605 3606
f 3607 33 39
f 3606 3605 3603
f 3606 3603 3604
f 3605 3602 3603
f 3618 3477 3478
f 3625 3626 3622
f 3624 3623 1776
f 3623 1779 1776
f 3623 3620 1779
f 3621 3619 3618
f 3621 3622 3619
f 3621 3618 3617
f 3621 3617 3620
f 3620 3617 1785
f 3620 1785 1779
f 3618 3478 3617
f 3605 39 3602
f 3618 3476 3477
f 3618 3619 3476
f 3617 1784 1785
f 3617 3478 1784
f 398 397 3419
f 3616 1 21
f 3616 3412 1
f 3616 21 3614
f 3616 3614 3412
f 3614 3611 3612
f 3587 57 58
f 3592 3588 3591
f 3592 57 3590
f 3592 3590 3588
f 3592 51 57
f 3591 3588 3589
f 3590 3587 3588
f 3590 57 3587
f 3588 3587 3586
f 3588 3586 3584
f 3588 3584 3589
f 3587 3583 3586
f 3593 3589 3594
f 3587 58 3585
f 3587 3585 3583
f 3586 3583 3584
f 3585 3581 3583
f 3585 58 3582
f 3585 3582 3581
f 3583 3581 3579
f 3583 3579 3584
f 3582 58 69
f 3582 3580 3581
f 3598 3596 3594
f 3603 3602 3601
f 3603 3601 3599
f 3603 3599 3604
f 3602 40 3600
f 3602 3598 3601
f 3602 3600 3598
f 3602 39 40
f 3601 3598 3599
f 3600 3597 3598
f 3600 40 3597
f 3598 3597 3596
f 3625 3620 3623
f 3598 3594 3599
f 3597 51 3595
f 3597 3593 3596
f 3597 3595 3593
f 3597 40 51
f 3596 3593 3594
f 3595 3592 3593
f 3595 51 3592
f 3593 3592 3591
f 3593 3591 3589
f 3654 503 511
f 3658 3656 3659
f 3658 3655 3656
f 3657 3652 3655
f 3657 3654 3652
f 3657 503 3654
f 3655 3652 3653
f 3655 3653 3656
f 3654 3649 3652
f 3654 3651 3649
f 3654 382 3651
f 3654 511 382
f 3660 496 503
f 3652 3650 3653
f 3652 3649 3650
f 3651 3647 3649
f 3651 3648 3647
f 3651 382 381
f 3651 381 3648
f 3649 3647 1767
f 3649 1767 3650
f 3648 3644 3647
f 3648 3646 3645
f 3665 3663 3662
f 3670 3666 3671
f 3670 3668 3666
f 3669 473 3667
f 3669 3667 3665
f 3668 3665 3666
f 3667 3664 3661
f 3667 473 480
f 3667 480 3664
f 3667 3663 3665
f 3667 3661 3663
f 3665 3662 3666
f 3648 3645 3644
f 3664 3658 3661
f 3664 480 496
f 3664 496 3660
f 3664 3660 3658
f 3663 3661 3662
f 3661 3659 3662
f 3661 3658 3659
f 3660 503 3657
f 3660 3657 3655
f 3660 3655 3658
f 3631 3628 3624
f 3636 3633 3630
f 3636 3630 3632
f 3636 3634 3633
f 3635 3632 1771
f 3633 3629 3631
f 3633 3631 3630
f 3633 3634 3629
f 3632 3630 1774
f 3632 1774 1771
f 3631 3624 3627
f 3631 3627 3630
f 3637 1771 1768
f 3631 3629 3628
f 3630 3627 1774
f 3628 3623 3624
f 3628 3626 3625
f 3628 3625 3623
f 3628 3629 3626
f 3627 3624 1776
f 3627 1776 1774
f 3625 3621 3620
f 3625 3622 3621
f 3642 3641 3637
f 3648 381 3646
f 3647 3644 1765
f 3647 1765 1767
f 3645 3640 3644
f 3645 3643 3642
f 3645 3642 3640
f 3645 3646 3643
f 3644 3640 1768
f 3644 1768 1765
f 3642 3637 3640
f 3642 3639 3641
f 3322 3320 3318
f 3642 3643 3639
f 3641 3635 3637
f 3641 3638 3635
f 3641 3639 3638
f 3640 3637 1768
f 3638 3634 3636
f 3638 3632 3635
f 3638 3636 3632
f 3638 3639 3634
f 3637 3635 1771
f 2961 2962 2958
f 2966 2964 2963
f 2966 2963 2960
f 2966 2960 2967
f 2964 2961 2959
f 2964 2959 2963
f 2964 2962 2961
f 2964 2965 2962
f 2963 2959 2960
f 2961 2958 2957
f 2961 2957 2956
f 2961 2956 2959
f 2968 2965 2964
f 2959 2956 2960
f 2957 2952 2951
f 2957 2955 2956
f 2957 2951 2955
f 2957 2954 2952
f 2957 2958 2954
f 2955 2951 2956
f 2952 2949 2948
f 2952 2948 2951
f 2952 2954 2953
f 2952 2953 2949
f 2974 2969 2972
f 2981 2978 2979
f 2980 2975 2978
f 2980 2976 2975
f 2980 2977 2976
f 2978 2975 2973
f 2978 2973 2979
f 2976 2972 2975
f 2976 2974 2972
f 2976 2971 2974
f 2976 2977 2971
f 2975 2972 2973
f 2948 2950 2951
f 2974 2970 2969
f 2974 2971 2970
f 2972 2969 2967
f 2972 2967 2973
f 2970 2966 2969
f 2970 2965 2968
f 2970 2968 2966
f 2970 2971 2965
f 2969 2966 2967
f 2968 2964 2966
f 2928 2924 2920
f 2934 2935 2929
f 2934 2930 2926
f 2932 2931 2927
f 2932 2927 2933
f 2931 2926 2927
f 2930 2929 2928
f 2930 2928 2925
f 2930 2925 2926
f 2928 2929 2923
f 2928 2920 2925
f 2928 2923 2924
f 2934 2929 2930
f 2926 2925 2921
f 2926 2921 2927
f 2925 2920 2921
f 2924 2923 2922
f 2924 2919 2920
f 2924 2922 2919
f 2922 2923 2915
f 2922 2915 2918
f 2922 2918 2916
f 2922 2916 2919
f 2940 2941 2942
f 2948 2949 2950
f 2945 2946 2947
f 2944 2887 2886
f 2944 2940 2943
f 2944 2937 2940
f 2944 2938 2937
f 2944 2939 2938
f 2944 2886 2939
f 2944 2943 2887
f 2940 2937 2933
f 2940 2942 2943
f 2982 2980 2978
f 2940 2933 2941
f 2938 2932 2937
f 2938 2936 2932
f 2938 2935 2936
f 2938 2939 2935
f 2937 2932 2933
f 2936 2934 2931
f 2936 2931 2932
f 2936 2935 2934
f 2934 2926 2931
f 3011 3013 3014
f 3026 3015 3017
f 3026 3012 3011
f 3026 3028 3012
f 3026 3027 3028
f 3026 3017 3027
f 3025 3023 3022
f 3022 3023 3024
f 3021 3019 3018
f 3018 3019 3020
f 3015 3016 3017
f 3015 1022 3016
f 3029 3023 3015
f 3011 3012 3013
f 2842 2844 2943
f 2842 2943 2942
f 2844 2880 2887
f 2844 2887 2943
f 2880 2879 3009
f 2880 3005 2887
f 2880 3010 3005
f 2880 3009 3010
f 2879 3008 3009
f 2879 3007 3008
f 3037 3038 3039
f 3048 3049 3050
f 3048 3035 3049
f 3043 3037 3039
f 3043 3033 3032
f 3043 3047 3033
f 3043 3046 3047
f 3043 3045 3046
f 3043 3044 3045
f 3043 3039 3044
f 3042 3037 3040
f 3040 3037 3041
f 2879 3006 3007
f 3035 3032 3036
f 3032 3033 3034
f 3029 3024 3023
f 3029 3026 3011
f 3029 3019 3021
f 3029 3015 3026
f 3029 3031 3024
f 3029 3030 3031
f 3029 3021 3030
f 3029 3011 3019
f 2988 2983 2986
f 2994 2989 2992
f 2994 2995 2989
f 2993 2992 2990
f 2993 2990 2991
f 2992 2987 2990
f 2992 2989 2988
f 2992 2988 2987
f 2990 2987 2985
f 2990 2985 2991
f 2988 2989 2983
f 2988 2984 2987
f 2994 2993 2995
f 2988 2986 2984
f 2987 2984 2985
f 2986 2983 2982
f 2986 2982 2981
f 2986 2981 2984
f 2984 2981 2979
f 2984 2979 2985
f 2982 2978 2981
f 2982 2977 2980
f 2982 2983 2977
f 3000 2947 2946
f 2887 3004 2885
f 2887 3005 3004
f 3004 3003 2885
f 3003 3001 2885
f 3001 3002 2885
f 2794 2796 2999
f 2794 2999 2998
f 2796 2839 2947
f 2796 2947 2999
f 2839 2838 2945
f 2839 2945 2947
f 2920 2919 2917
f 3000 2996 2999
f 3000 2995 2996
f 3000 2946 2995
f 3000 2999 2947
f 2996 2993 2991
f 2996 2995 2993
f 2996 2998 2999
f 2996 2997 2998
f 2996 2991 2997
f 2994 2992 2993
f 2834 2829 2832
f 2841 680 1787
f 2840 2796 2795
f 2840 2836 2839
f 2840 2835 2836
f 2840 2795 2835
f 2840 2839 2796
f 2836 2835 2833
f 2836 2838 2839
f 2836 2837 2838
f 2836 2833 2831
f 2836 2831 2837
f 2842 2843 2844
f 2834 2835 2829
f 2834 2833 2835
f 2834 2830 2833
f 2834 2832 2830
f 2833 2830 2831
f 2832 2827 2830
f 2832 2829 2828
f 2832 2828 2827
f 2830 2827 2825
f 2830 2825 2831
f 2828 2826 2824
f 2850 2847 2845
f 2859 2852 2854
f 2859 2860 2856
f 2857 2854 2853
f 2857 2853 2858
f 2855 2848 2852
f 2855 2850 2848
f 2855 2851 2850
f 2855 2856 2851
f 2854 2852 2853
f 2852 2848 2849
f 2852 2849 2853
f 2828 2823 2826
f 2850 2841 2847
f 2850 2845 2848
f 2850 2851 2841
f 2848 2845 2846
f 2848 2846 2849
f 2847 2841 1787
f 2847 1835 2845
f 2847 1787 1835
f 2845 1723 2846
f 2845 1835 1723
f 2807 2803 2802
f 2814 2809 2812
f 2814 2811 2810
f 2814 2810 2809
f 2812 2809 2806
f 2812 2806 2813
f 2810 2808 2807
f 2810 2805 2809
f 2810 2807 2805
f 2810 2811 2808
f 2809 2805 2806
f 2807 2804 2803
f 2815 2812 2813
f 2807 2802 2805
f 2807 2808 2804
f 2805 2802 2806
f 2803 2800 2799
f 2803 2801 2802
f 2803 2799 2797
f 2803 2797 2801
f 2803 2804 2800
f 2801 2797 2798
f 2801 2798 2802
f 2822 2823 2817
f 2828 2829 2823
f 2828 2824 2827
f 2827 2824 2825
f 2826 2821 2824
f 2826 2822 2821
f 2826 2823 2822
f 2824 2821 2819
f 2824 2819 2825
f 2822 2818 2821
f 2822 2820 2818
f 2822 2817 2820
f 2859 2856 2855
f 2821 2818 2819
f 2820 2816 2818
f 2820 2817 2816
f 2818 2816 2815
f 2818 2815 2813
f 2818 2813 2819
f 2816 2812 2815
f 2816 2811 2814
f 2816 2814 2812
f 2816 2817 2811
f 2899 2897 2898
f 2907 2904 2906
f 2906 2904 2905
f 2904 2899 2898
f 2904 2898 2905
f 2902 2901 2900
f 2902 2900 2897
f 2902 2897 2899
f 2902 2903 2901
f 2900 2896 2895
f 2900 2895 2897
f 2900 2901 2896
f 2907 2903 2902
f 2897 2893 2894
f 2897 2895 2893
f 2897 2894 2898
f 2895 2892 2888
f 2895 2882 2892
f 2895 2888 2893
f 2895 2896 2882
f 2893 2888 2891
f 2893 2891 2894
f 2892 2882 2884
f 2913 2908 2910
f 2920 2917 2921
f 2919 2916 2917
f 2918 2915 2914
f 2918 2914 2916
f 2916 2912 2911
f 2916 2911 2917
f 2916 2914 2912
f 2914 2913 2910
f 2914 2910 2912
f 2914 2909 2913
f 2914 2915 2909
f 2892 2889 2888
f 2913 2909 2908
f 2912 2910 2911
f 2910 2908 2906
f 2910 2906 2905
f 2910 2905 2911
f 2908 2907 2906
f 2908 2903 2907
f 2908 2909 2903
f 2907 2902 2899
f 2907 2899 2904
f 2865 2862 2861
f 2871 2867 2869
f 2871 2866 2868
f 2871 2868 2867
f 2871 2872 2866
f 2869 2867 2864
f 2869 2864 2870
f 2868 2863 2867
f 2868 2865 2861
f 2868 2861 2863
f 2868 2866 2865
f 2867 2863 2864
f 2873 2870 2874
f 2865 2860 2862
f 2865 2866 2860
f 2863 2861 2858
f 2863 2858 2864
f 2862 2857 2861
f 2862 2859 2854
f 2862 2860 2859
f 2862 2854 2857
f 2861 2857 2858
f 2859 2855 2852
f 2878 2873 2874
f 2892 2884 2889
f 2888 2890 2891
f 2888 2889 2890
f 2885 2886 2887
f 2882 2883 2884
f 2881 2877 2876
f 2881 2844 2843
f 2881 2878 2844
f 2881 2876 2873
f 2881 2843 2877
f 2881 2873 2878
f 3048 3050 3051
f 2878 2880 2844
f 2878 2879 2880
f 2878 2874 2879
f 2876 2875 2869
f 2876 2869 2873
f 2876 2872 2875
f 2876 2877 2872
f 2875 2871 2869
f 2875 2872 2871
f 2873 2869 2870
f 3220 3214 2884
f 3230 3232 3233
f 3230 3231 3232
f 3230 3226 3231
f 3168 3167 3229
f 3229 3167 3227
f 3227 3167 3228
f 3167 3175 3226
f 3225 2949 3224
f 3224 2949 2953
f 2949 3223 2950
f 3220 3172 3214
f 3230 3233 3234
f 3220 2884 3215
f 3220 3215 3219
f 3220 3222 3177
f 3220 3221 3222
f 3220 3219 3221
f 3220 3177 3172
f 3215 3218 3219
f 3215 3217 3218
f 3215 3216 3217
f 3215 2883 3216
f 3215 2884 2883
f 3241 3240 3242
f 3256 3252 3257
f 3253 3250 3249
f 3253 3255 3254
f 3253 3254 3250
f 3249 3251 3252
f 3249 3250 3251
f 3246 3247 3248
f 3243 3241 3242
f 3243 3244 3245
f 3243 3242 3244
f 3241 3239 3240
f 3214 3213 2884
f 3239 3236 3238
f 3239 3238 3240
f 3236 3237 3238
f 3230 3228 3167
f 3230 2949 3225
f 3230 3167 3226
f 3230 3223 2949
f 3230 3235 3228
f 3230 3225 3235
f 3230 3234 3223
f 3192 3190 3191
f 3137 3146 3200
f 3199 3178 3177
f 3199 3198 3178
f 3198 3185 3186
f 3198 3186 3178
f 3198 3196 3197
f 3198 3197 3185
f 3196 3195 3197
f 3196 3194 3195
f 3194 3193 3195
f 3194 3192 3193
f 3137 3200 3201
f 3192 3191 3193
f 3190 3149 3188
f 3190 3188 3191
f 3190 3189 3149
f 3189 3150 3149
f 3149 3187 3188
f 3149 3157 3187
f 3185 3183 3184
f 3185 3184 3186
f 3183 3181 3182
f 3163 3165 3208
f 3214 3172 3213
f 3213 3163 3210
f 3213 3210 2889
f 3213 2889 2884
f 3213 3172 3163
f 3210 3163 3209
f 3210 3206 2889
f 3210 3212 3206
f 3210 3211 3212
f 3210 3209 3211
f 3163 3208 3209
f 3256 3249 3252
f 2889 3207 2890
f 2889 3206 3207
f 3204 3127 3177
f 3204 3177 3205
f 3127 3126 3203
f 3127 3203 3199
f 3127 3199 3177
f 3126 3137 3202
f 3126 3202 3203
f 3137 3201 3202
f 3300 3291 3298
f 3308 3304 3302
f 3308 3305 3304
f 3308 3302 3306
f 3306 3302 3303
f 3306 3303 3307
f 3304 3301 3302
f 3304 3305 3301
f 3302 3298 3299
f 3302 3301 3298
f 3302 3299 3303
f 3300 3296 3295
f 3309 3306 3307
f 3300 3295 3291
f 3300 3298 3301
f 3300 3301 3296
f 3298 3291 3294
f 3298 3294 3299
f 3295 3292 3291
f 3295 3297 3292
f 3295 3296 3297
f 3291 3293 3294
f 3291 3292 3293
f 3288 3289 3290
f 3315 3314 3312
f 3322 3317 3320
f 3322 3323 3317
f 3321 3318 3319
f 3320 3316 3318
f 3320 3317 3316
f 3318 3316 3315
f 3318 3315 3313
f 3318 3313 3319
f 3316 3314 3315
f 3316 3311 3314
f 3316 3317 3311
f 3285 3286 3287
f 3315 3312 3313
f 3314 3311 3310
f 3314 3310 3309
f 3314 3309 3312
f 3312 3309 3307
f 3312 3307 3313
f 3310 3305 3308
f 3310 3308 3306
f 3310 3306 3309
f 3310 3311 3305
f 3264 3261 3265
f 3270 3266 3268
f 3270 3267 3266
f 3270 3271 3267
f 3268 3264 3265
f 3268 3266 3264
f 3268 3265 3269
f 3266 3260 3264
f 3266 3262 3260
f 3266 3263 3262
f 3266 3267 3263
f 3264 3260 3261
f 3272 3269 3273
f 3262 3256 3260
f 3262 3258 3256
f 3262 3259 3258
f 3262 3263 3259
f 3260 3256 3257
f 3260 3257 3261
f 3258 3253 3249
f 3258 3255 3253
f 3258 3249 3256
f 3258 3259 3255
f 3278 3272 3276
f 3284 3276 3280
f 3284 3279 3278
f 3284 3278 3276
f 3284 3248 3247
f 3284 3280 3283
f 3284 3247 3279
f 3284 3283 3248
f 3280 3276 3277
f 3280 3282 3283
f 3280 3281 3282
f 3280 3277 3281
f 3183 3182 3184
f 3278 3274 3272
f 3278 3275 3274
f 3278 3279 3275
f 3276 3272 3273
f 3276 3273 3277
f 3274 3268 3272
f 3274 3271 3270
f 3274 3270 3268
f 3274 3275 3271
f 3272 3268 3269
f 3093 3090 3083
f 3074 1789 1791
f 3076 3096 1762
f 3076 1762 1789
f 3096 3097 1762
f 3058 3054 1846
f 3058 1846 714
f 3054 3056 1844
f 3054 1844 1846
f 3056 1842 1844
f 3093 3088 3087
f 3093 3083 3085
f 3074 3076 1789
f 3093 3087 3090
f 3093 3095 3088
f 3093 3094 3095
f 3093 3085 3094
f 3090 3077 3074
f 3090 3078 3080
f 3090 3080 3092
f 3090 3092 3091
f 3090 3091 3077
f 3090 3087 3078
f 3090 3074 3083
f 3101 3038 3037
f 3110 3109 3111
f 3108 3106 3107
f 3108 3107 3109
f 3106 3104 3105
f 3106 3105 3107
f 3104 3103 3100
f 3104 3100 3105
f 3103 3101 3037
f 3103 3037 3100
f 3025 3099 3023
f 3025 3102 3099
f 3089 3087 3086
f 3100 3037 3098
f 3023 3099 3015
f 3099 1026 3015
f 3037 3042 3098
f 1026 1025 3015
f 1025 1020 3015
f 3015 1020 1022
f 3084 3083 554
f 3083 3074 1791
f 3083 1791 554
f 3020 3019 2002
f 3062 3059 3063
f 3059 3060 3061
f 3057 3054 3058
f 3054 3055 3056
f 3036 3032 1920
f 3036 1920 886
f 3032 3034 1918
f 3032 1918 1920
f 3034 1916 1918
f 3053 3052 1658
f 3052 3020 1658
f 3064 3061 3065
f 3020 2002 1658
f 3019 3011 2009
f 3019 2009 2002
f 3011 2007 2009
f 3011 3014 2007
f 3048 3041 3037
f 3048 3032 3035
f 3048 3037 3043
f 3048 3043 3032
f 3048 3051 3041
f 3069 3073 3063
f 3086 3087 3088
f 3085 3083 3082
f 3082 3083 3084
f 3078 3081 3079
f 3078 3079 3080
f 3074 3077 3075
f 3074 3075 3076
f 3069 3063 3059
f 3069 3054 3057
f 3069 3059 3064
f 3069 3064 3054
f 3110 3108 3109
f 3069 3072 3073
f 3069 3071 3072
f 3069 3070 3071
f 3069 3057 3070
f 3064 3059 3061
f 3064 3055 3054
f 3064 3068 3055
f 3064 3067 3068
f 3064 3066 3067
f 3064 3065 3066
f 3139 3137 3138
f 3158 3160 3161
f 3158 3159 3160
f 3158 3151 3159
f 3157 3149 3156
f 3156 3149 3154
f 3154 3149 3155
f 3153 2655 3152
f 3152 2655 3148
f 3149 3150 3151
f 3148 2655 2654
f 2655 3147 2663
f 3158 3161 3162
f 3139 3138 2619
f 3139 3146 3137
f 3139 3145 3146
f 3139 3144 3145
f 3139 3143 3144
f 3139 3142 3143
f 3139 3141 3142
f 3139 3140 3141
f 3139 2618 3140
f 3139 2619 2618
f 3171 3167 3169
f 3181 3179 3180
f 3181 3180 3182
f 3179 3176 3171
f 3179 3171 3180
f 3177 3173 3172
f 3177 3178 3173
f 3176 3174 3167
f 3176 3167 3171
f 3174 3175 3167
f 3172 3170 3163
f 3172 3173 3170
f 3138 3137 3136
f 3170 3166 3163
f 3167 3168 3169
f 3166 3164 3163
f 3163 3164 3165
f 3158 3155 3149
f 3158 2655 3153
f 3158 3149 3151
f 3158 3147 2655
f 3158 3153 3155
f 3158 3162 3147
f 3120 3119 3121
f 3078 3087 530
f 3087 531 530
f 3087 3124 531
f 3087 3123 3124
f 3087 3089 3123
f 525 527 3111
f 525 3111 3102
f 527 3112 3111
f 527 3122 3112
f 3122 3121 3112
f 3122 3120 3121
f 3081 530 525
f 3120 3118 3119
f 3118 3117 3119
f 3118 3116 3117
f 3116 3114 3117
f 3116 3115 3059
f 3116 3059 3114
f 3115 3060 3059
f 3059 3113 3114
f 3059 3062 3113
f 3112 3110 3111
f 3125 3127 3132
f 3138 3135 2619
f 3138 3136 3135
f 3136 3126 3135
f 3136 3137 3126
f 3135 3134 2619
f 3135 3126 3133
f 3135 3133 3134
f 3134 3133 2624
f 3134 2624 2619
f 3133 3126 3125
f 3133 3125 2624
f 1904 1902 1905
f 3125 3132 3131
f 3125 3131 3130
f 3125 3130 3129
f 3125 3129 3128
f 3125 3128 2625
f 3125 3126 3127
f 3125 2625 2624
f 3081 3102 3025
f 3081 3078 530
f 3081 525 3102
f 626 620 619
f 633 624 632
f 632 622 630
f 632 624 622
f 630 622 623
f 630 623 631
f 628 620 627
f 628 621 620
f 628 629 614
f 628 614 621
f 627 620 626
f 626 618 625
f 633 625 624
f 626 619 618
f 625 617 624
f 625 618 617
f 624 617 622
f 622 615 616
f 622 617 615
f 622 616 623
f 621 611 620
f 621 612 611
f 621 614 612
f 620 610 619
f 638 630 631
f 644 635 643
f 644 636 635
f 644 637 636
f 644 645 637
f 643 635 634
f 643 634 642
f 642 633 641
f 642 634 633
f 641 633 640
f 640 633 632
f 640 632 638
f 620 611 610
f 638 632 630
f 638 631 639
f 636 627 635
f 636 628 627
f 636 629 628
f 636 637 629
f 635 626 634
f 635 627 626
f 634 625 633
f 634 626 625
f 600 592 590
f 604 595 603
f 604 596 595
f 604 597 596
f 604 605 597
f 603 594 602
f 603 595 594
f 602 593 601
f 602 594 593
f 601 592 600
f 601 593 592
f 600 590 598
f 606 599 607
f 598 590 591
f 598 591 599
f 596 588 595
f 596 589 588
f 596 582 589
f 596 597 582
f 595 587 594
f 595 588 587
f 594 587 586
f 594 586 593
f 612 613 605
f 619 609 618
f 619 610 609
f 618 609 608
f 618 608 617
f 617 608 606
f 617 606 615
f 615 606 607
f 615 607 616
f 612 604 603
f 612 605 604
f 612 614 613
f 646 639 647
f 612 603 611
f 611 603 602
f 611 602 610
f 610 602 601
f 610 601 609
f 609 601 600
f 609 600 608
f 608 600 598
f 608 598 606
f 606 598 599
f 678 680 681
f 686 675 674
f 686 685 687
f 684 682 683
f 684 673 672
f 684 672 682
f 684 683 685
f 682 672 670
f 682 670 678
f 682 678 681
f 682 681 683
f 678 670 671
f 686 674 673
f 678 671 679
f 678 679 680
f 676 669 668
f 676 668 667
f 676 667 675
f 676 677 669
f 675 667 666
f 675 666 674
f 674 665 673
f 674 666 665
f 673 664 672
f 690 677 676
f 711 707 710
f 710 707 709
f 709 707 706
f 706 707 708
f 703 704 705
f 701 702 699
f 699 700 696
f 696 697 698
f 694 691 695
f 691 692 693
f 690 676 675
f 673 665 664
f 690 675 688
f 690 552 551
f 690 551 677
f 690 688 689
f 690 689 552
f 688 686 687
f 688 675 686
f 688 687 689
f 686 673 684
f 686 684 685
f 652 653 645
f 659 651 650
f 658 649 657
f 658 650 649
f 657 649 648
f 657 648 656
f 656 648 654
f 654 646 647
f 654 648 646
f 654 647 655
f 652 644 651
f 652 645 644
f 659 650 658
f 651 644 643
f 651 643 642
f 651 642 650
f 650 641 649
f 650 642 641
f 649 640 648
f 649 641 640
f 648 640 638
f 648 638 646
f 646 638 639
f 666 658 657
f 672 664 670
f 670 664 662
f 670 662 663
f 670 663 671
f 668 669 661
f 668 659 667
f 668 661 660
f 668 660 659
f 667 659 658
f 667 658 666
f 666 657 665
f 593 586 585
f 665 657 664
f 664 656 654
f 664 654 662
f 664 657 656
f 662 654 655
f 662 655 663
f 660 653 652
f 660 661 653
f 660 651 659
f 660 652 651
f 502 496 495
f 508 499 507
f 508 501 500
f 508 500 499
f 507 498 506
f 507 499 498
f 506 498 504
f 504 498 497
f 504 497 490
f 504 490 505
f 502 503 496
f 502 494 501
f 509 501 508
f 502 495 494
f 501 494 500
f 500 492 499
f 500 494 493
f 500 493 492
f 499 492 491
f 499 491 498
f 498 491 497
f 497 488 490
f 497 491 488
f 495 496 480
f 516 512 515
f 522 521 523
f 520 507 519
f 520 519 518
f 520 509 508
f 520 508 507
f 520 518 521
f 519 516 518
f 519 507 506
f 519 506 516
f 516 506 504
f 516 504 512
f 495 480 487
f 516 517 518
f 516 515 517
f 512 504 505
f 512 514 515
f 512 505 513
f 512 513 514
f 510 503 502
f 510 502 501
f 510 501 509
f 510 511 503
f 476 469 468
f 481 475 474
f 481 474 466
f 481 466 482
f 479 470 478
f 479 471 470
f 479 473 471
f 479 480 473
f 478 469 477
f 478 470 469
f 477 469 476
f 476 467 475
f 483 475 481
f 476 468 467
f 475 464 474
f 475 467 464
f 474 464 466
f 471 461 470
f 471 462 461
f 471 463 462
f 471 473 472
f 471 472 463
f 470 461 469
f 488 482 489
f 495 487 486
f 495 486 494
f 494 486 493
f 493 485 484
f 493 486 485
f 493 484 492
f 492 484 483
f 492 483 491
f 491 483 481
f 491 481 488
f 488 481 482
f 522 523 383
f 488 489 490
f 487 479 478
f 487 480 479
f 487 478 486
f 486 477 485
f 486 478 477
f 485 477 484
f 484 477 476
f 484 476 475
f 484 475 483
f 572 547 565
f 579 570 578
f 579 571 570
f 578 569 577
f 578 570 569
f 577 568 576
f 577 569 568
f 576 568 566
f 576 566 574
f 574 566 567
f 574 567 575
f 572 563 571
f 580 572 571
f 572 565 563
f 572 573 547
f 571 561 570
f 571 563 561
f 570 561 559
f 570 559 569
f 569 559 557
f 569 557 568
f 568 557 553
f 568 553 566
f 566 553 555
f 587 577 586
f 593 585 592
f 592 583 590
f 592 585 583
f 590 584 591
f 590 583 584
f 589 582 580
f 589 580 579
f 589 579 588
f 588 579 578
f 588 578 587
f 587 578 577
f 566 555 567
f 586 576 585
f 586 577 576
f 585 576 574
f 585 574 583
f 583 574 575
f 583 575 584
f 580 573 572
f 580 571 579
f 580 582 581
f 580 581 573
f 529 530 531
f 541 533 535
f 541 528 525
f 541 535 543
f 541 543 542
f 541 542 528
f 541 538 533
f 540 538 537
f 537 538 539
f 533 536 534
f 533 534 535
f 532 530 529
f 544 525 530
f 528 526 525
f 525 526 527
f 524 509 522
f 524 510 509
f 524 511 510
f 524 383 382
f 524 382 511
f 524 522 383
f 522 509 520
f 522 520 521
f 553 556 554
f 565 547 549
f 565 549 564
f 565 564 563
f 563 562 561
f 563 564 562
f 561 562 560
f 561 560 559
f 559 558 557
f 559 560 558
f 557 558 556
f 557 556 553
f 712 707 711
f 553 554 555
f 550 551 552
f 547 548 549
f 544 539 538
f 544 530 532
f 544 541 525
f 544 538 541
f 544 546 539
f 544 545 546
f 544 532 545
f 850 846 845
f 855 849 848
f 854 853 697
f 854 847 853
f 854 848 847
f 853 852 697
f 853 847 852
f 852 847 851
f 852 851 697
f 851 698 697
f 851 847 698
f 850 844 849
f 855 850 849
f 850 845 844
f 849 843 848
f 849 844 843
f 848 842 847
f 848 843 842
f 847 841 840
f 847 840 836
f 847 836 698
f 847 842 841
f 845 834 839
f 845 846 834
f 859 697 858
f 864 700 863
f 863 699 702
f 863 700 699
f 862 697 861
f 862 861 700
f 862 700 697
f 861 697 860
f 861 860 700
f 860 697 859
f 860 859 700
f 859 858 700
f 845 839 844
f 858 857 700
f 858 697 857
f 857 696 700
f 857 697 696
f 856 697 846
f 856 855 697
f 856 850 855
f 856 846 850
f 855 854 697
f 855 848 854
f 824 820 819
f 832 824 831
f 832 826 824
f 831 824 830
f 830 824 829
f 829 824 828
f 828 824 825
f 827 821 826
f 827 823 822
f 827 822 821
f 826 821 824
f 824 821 820
f 833 834 823
f 824 819 818
f 824 818 817
f 824 817 814
f 824 814 825
f 822 823 812
f 822 815 821
f 822 816 815
f 822 812 816
f 821 813 820
f 821 815 813
f 838 831 837
f 844 839 838
f 844 838 837
f 844 837 843
f 843 835 842
f 843 837 835
f 842 835 841
f 841 835 840
f 840 835 836
f 839 832 838
f 839 833 832
f 839 834 833
f 864 863 702
f 838 832 831
f 837 831 835
f 835 831 830
f 835 830 829
f 835 829 828
f 835 828 825
f 835 825 836
f 833 826 832
f 833 827 826
f 833 823 827
f 898 893 891
f 906 901 907
f 904 897 903
f 904 899 898
f 904 905 899
f 904 898 897
f 903 897 896
f 903 896 902
f 902 896 900
f 900 894 895
f 900 896 894
f 900 895 901
f 906 900 901
f 898 891 897
f 898 882 893
f 898 899 882
f 897 891 889
f 897 889 896
f 896 885 894
f 896 889 885
f 894 885 887
f 894 887 895
f 893 882 884
f 893 892 891
f 914 908 906
f 920 914 918
f 918 912 913
f 918 914 912
f 918 913 919
f 916 911 910
f 916 909 915
f 916 910 909
f 916 917 911
f 915 909 908
f 915 908 914
f 914 906 912
f 893 884 892
f 912 906 907
f 912 907 913
f 910 905 904
f 910 904 903
f 910 911 905
f 910 903 909
f 909 903 902
f 909 902 908
f 908 900 906
f 908 902 900
f 869 702 701
f 875 702 874
f 875 874 871
f 875 871 702
f 874 702 873
f 874 873 871
f 873 702 872
f 873 872 871
f 872 702 870
f 872 870 871
f 870 869 871
f 870 702 869
f 876 704 703
f 869 701 704
f 868 700 867
f 868 867 702
f 868 702 700
f 867 700 866
f 867 866 702
f 866 700 865
f 866 865 702
f 865 700 864
f 865 864 702
f 880 871 879
f 891 890 889
f 891 892 890
f 889 890 888
f 889 888 885
f 885 888 886
f 885 886 887
f 882 883 884
f 881 707 871
f 881 880 707
f 881 871 880
f 880 879 707
f 820 813 819
f 879 878 707
f 879 871 878
f 878 877 707
f 878 871 877
f 877 871 876
f 877 708 707
f 877 876 703
f 877 703 708
f 876 871 869
f 876 869 704
f 750 744 749
f 756 749 745
f 756 745 757
f 754 747 753
f 754 694 748
f 754 748 747
f 754 755 694
f 753 746 752
f 753 747 746
f 752 744 751
f 752 746 744
f 751 744 750
f 756 750 749
f 749 744 745
f 748 694 695
f 748 695 747
f 747 695 746
f 746 695 744
f 744 695 745
f 743 695 691
f 743 691 693
f 743 742 695
f 743 693 742
f 742 741 695
f 763 756 762
f 768 762 761
f 768 763 762
f 768 761 757
f 766 755 760
f 766 767 755
f 766 760 765
f 765 760 759
f 765 759 758
f 765 758 764
f 764 758 756
f 764 756 763
f 742 693 741
f 762 756 761
f 761 756 757
f 760 753 759
f 760 754 753
f 760 755 754
f 759 752 758
f 759 753 752
f 758 752 751
f 758 751 756
f 756 751 750
f 721 719 715
f 732 715 731
f 732 731 730
f 731 715 729
f 731 729 730
f 729 715 730
f 725 728 724
f 725 727 728
f 725 726 727
f 725 724 723
f 723 722 721
f 723 724 722
f 732 721 715
f 721 720 719
f 721 722 720
f 719 718 717
f 719 720 718
f 719 717 715
f 717 718 716
f 717 713 715
f 717 716 713
f 713 716 714
f 713 714 715
f 737 730 736
f 741 693 740
f 741 740 695
f 740 693 695
f 739 735 734
f 739 693 692
f 739 730 738
f 739 734 730
f 739 692 735
f 739 738 693
f 738 730 737
f 738 737 693
f 768 757 769
f 737 736 693
f 736 730 693
f 734 723 733
f 734 726 725
f 734 733 730
f 734 735 726
f 734 725 723
f 733 732 730
f 733 721 732
f 733 723 721
f 800 794 793
f 805 801 800
f 805 799 804
f 805 800 799
f 804 799 802
f 802 799 798
f 802 798 797
f 802 797 796
f 802 796 795
f 802 795 792
f 802 792 803
f 800 793 799
f 806 802 803
f 800 790 794
f 800 801 790
f 799 791 798
f 799 793 791
f 798 791 797
f 797 791 796
f 796 791 795
f 795 791 792
f 794 788 793
f 794 789 788
f 813 803 814
f 819 813 818
f 818 813 817
f 817 813 814
f 816 810 815
f 816 812 811
f 816 811 810
f 815 809 813
f 815 810 809
f 813 809 808
f 813 807 806
f 813 806 803
f 794 790 789
f 813 808 807
f 811 812 801
f 811 804 810
f 811 801 805
f 811 805 804
f 810 802 809
f 810 804 802
f 809 802 808
f 808 802 807
f 807 802 806
f 775 770 768
f 780 773 769
f 780 774 773
f 780 775 774
f 780 769 781
f 778 779 767
f 778 772 777
f 778 767 772
f 777 770 776
f 777 772 771
f 777 771 770
f 776 770 775
f 780 776 775
f 775 768 774
f 774 768 773
f 773 768 769
f 772 765 771
f 772 767 766
f 772 766 765
f 771 765 770
f 770 763 768
f 770 764 763
f 770 765 764
f 788 782 787
f 793 788 791
f 791 784 781
f 791 788 787
f 791 787 786
f 791 786 785
f 791 785 784
f 791 781 792
f 789 782 788
f 789 779 783
f 789 783 782
f 789 790 779
f 469 459 468
f 787 780 786
f 787 782 780
f 786 780 785
f 785 780 784
f 784 780 781
f 783 779 778
f 783 778 777
f 783 777 782
f 782 776 780
f 782 777 776
f 161 162 163
f 182 181 178
f 178 181 179
f 178 179 180
f 177 172 176
f 176 172 175
f 175 172 174
f 174 172 171
f 171 172 173
f 169 166 170
f 166 167 168
f 164 165 161
f 182 183 181
f 158 153 152
f 158 144 146
f 158 155 139
f 158 152 155
f 158 160 153
f 158 159 160
f 158 146 159
f 158 139 144
f 155 147 149
f 155 142 139
f 155 149 157
f 191 190 189
f 198 184 182
f 198 182 196
f 198 196 197
f 198 188 184
f 196 182 178
f 196 178 194
f 196 194 197
f 194 178 180
f 194 180 195
f 191 192 193
f 191 193 190
f 155 157 156
f 191 188 192
f 191 189 188
f 189 187 186
f 189 186 188
f 189 190 187
f 186 185 184
f 186 184 188
f 186 187 185
f 184 183 182
f 184 185 183
f 126 121 120
f 131 130 4
f 131 126 124
f 131 4 132
f 130 5 4
f 130 124 5
f 128 129 123
f 128 123 122
f 128 122 121
f 128 121 127
f 127 121 126
f 126 120 124
f 131 124 130
f 124 120 118
f 124 118 119
f 124 119 125
f 124 125 5
f 122 123 117
f 122 115 121
f 122 117 116
f 122 116 115
f 121 114 120
f 121 115 114
f 135 133 134
f 155 156 142
f 155 152 147
f 154 152 151
f 151 152 153
f 147 150 148
f 147 148 149
f 146 144 143
f 143 144 145
f 142 140 139
f 139 140 141
f 135 127 133
f 199 188 198
f 135 137 138
f 135 138 129
f 135 129 128
f 135 128 127
f 135 136 137
f 135 134 136
f 133 131 132
f 133 126 131
f 133 127 126
f 133 132 134
f 230 223 229
f 235 229 233
f 233 227 226
f 233 222 234
f 233 229 228
f 233 228 227
f 233 226 222
f 231 225 224
f 231 232 220
f 231 224 230
f 231 220 225
f 230 224 223
f 236 230 229
f 229 223 221
f 229 221 228
f 228 221 227
f 227 221 226
f 226 221 222
f 225 218 224
f 225 219 218
f 225 220 219
f 224 218 217
f 224 217 223
f 223 217 216
f 242 237 236
f 248 241 247
f 247 241 240
f 247 240 245
f 245 238 234
f 245 240 239
f 245 239 238
f 245 234 246
f 243 237 242
f 243 244 232
f 243 232 237
f 242 235 241
f 223 216 221
f 242 236 235
f 241 233 240
f 241 235 233
f 240 233 239
f 239 233 238
f 238 233 234
f 237 230 236
f 237 232 231
f 237 231 230
f 236 229 235
f 203 197 202
f 208 162 161
f 207 197 206
f 207 206 162
f 207 162 197
f 206 205 162
f 206 197 205
f 205 204 162
f 205 197 204
f 204 203 162
f 204 197 203
f 203 202 162
f 208 161 165
f 202 163 162
f 202 194 195
f 202 195 163
f 202 197 194
f 201 197 188
f 201 188 200
f 201 200 197
f 200 188 199
f 200 199 197
f 199 198 197
f 213 162 212
f 221 216 215
f 221 215 214
f 221 214 164
f 221 164 222
f 219 165 218
f 219 220 165
f 218 165 217
f 217 165 216
f 216 165 215
f 215 165 214
f 214 165 164
f 120 112 118
f 213 212 165
f 213 165 162
f 212 162 211
f 212 211 165
f 211 162 210
f 211 210 165
f 210 209 165
f 210 162 209
f 209 162 208
f 209 208 165
f 44 37 43
f 50 40 45
f 50 51 40
f 49 43 48
f 49 44 43
f 48 43 41
f 48 41 46
f 46 41 42
f 46 42 47
f 45 37 44
f 45 38 37
f 45 40 38
f 50 45 44
f 43 37 36
f 43 36 34
f 43 34 41
f 41 34 35
f 41 35 42
f 38 33 32
f 38 32 31
f 38 31 37
f 38 40 39
f 38 39 33
f 37 31 30
f 56 58 57
f 64 60 65
f 63 58 56
f 63 56 55
f 63 55 62
f 62 55 54
f 62 54 61
f 61 54 59
f 59 54 52
f 59 52 53
f 59 53 60
f 56 51 50
f 37 30 36
f 56 57 51
f 56 50 55
f 55 48 54
f 55 50 49
f 55 49 48
f 54 48 52
f 52 48 46
f 52 46 47
f 52 47 53
f 50 44 49
f 15 1 3
f 22 17 23
f 20 15 13
f 20 13 19
f 20 1 15
f 20 21 1
f 19 13 11
f 19 11 18
f 18 7 16
f 18 11 7
f 16 7 9
f 16 9 17
f 22 16 17
f 15 14 13
f 15 3 14
f 13 12 11
f 13 14 12
f 11 12 10
f 11 10 7
f 7 10 8
f 7 8 9
f 4 5 6
f 1 2 3
f 30 25 24
f 36 30 28
f 36 28 34
f 34 28 29
f 34 29 35
f 32 27 26
f 32 26 31
f 32 33 27
f 31 26 25
f 31 25 30
f 30 22 28
f 30 24 22
f 64 59 60
f 28 22 23
f 28 23 29
f 26 21 20
f 26 27 21
f 26 20 19
f 26 19 25
f 25 18 24
f 25 19 18
f 24 16 22
f 24 18 16
f 99 92 91
f 105 99 104
f 105 100 99
f 104 97 103
f 104 99 98
f 104 98 97
f 103 95 101
f 103 97 95
f 101 95 96
f 101 96 102
f 99 91 98
f 99 94 92
f 106 102 107
f 99 100 94
f 98 90 97
f 98 91 90
f 97 90 88
f 97 88 95
f 95 88 89
f 95 89 96
f 92 87 86
f 92 94 93
f 92 93 87
f 112 106 107
f 120 114 112
f 118 112 113
f 118 113 119
f 116 111 110
f 116 117 111
f 116 110 115
f 115 110 109
f 115 108 114
f 115 109 108
f 114 108 112
f 112 108 106
f 92 86 91
f 112 107 113
f 110 105 104
f 110 100 105
f 110 111 100
f 110 104 109
f 109 104 103
f 109 103 108
f 108 101 106
f 108 103 101
f 106 101 102
f 72 64 70
f 78 72 70
f 78 70 76
f 76 70 71
f 76 71 77
f 74 75 69
f 74 68 73
f 74 69 68
f 73 66 72
f 73 67 66
f 73 68 67
f 72 66 64
f 79 73 72
f 70 64 65
f 70 65 71
f 68 69 58
f 68 58 63
f 68 63 62
f 68 62 67
f 67 61 66
f 67 62 61
f 66 61 59
f 66 59 64
f 85 78 84
f 91 84 90
f 91 86 85
f 91 85 84
f 90 84 82
f 90 82 88
f 88 82 83
f 88 83 89
f 86 79 85
f 86 80 79
f 86 81 80
f 86 87 81
f 248 242 241
f 85 79 78
f 84 78 76
f 84 76 82
f 82 76 77
f 82 77 83
f 80 73 79
f 80 81 75
f 80 75 74
f 80 74 73
f 79 72 78
f 392 393 391
f 403 388 402
f 402 388 384
f 402 384 400
f 400 384 386
f 400 386 401
f 396 398 399
f 396 399 395
f 396 395 394
f 396 397 398
f 394 395 393
f 394 393 392
f 403 390 388
f 392 391 390
f 390 389 388
f 390 391 389
f 388 389 387
f 388 387 384
f 384 387 385
f 384 385 386
f 381 382 383
f 378 375 366
f 378 371 375
f 378 380 371
f 410 400 408
f 414 407 406
f 414 406 405
f 414 405 413
f 414 415 407
f 413 404 412
f 413 405 404
f 412 403 411
f 412 404 403
f 411 402 410
f 411 403 402
f 410 402 400
f 378 379 380
f 408 400 401
f 408 401 409
f 406 397 396
f 406 396 394
f 406 394 405
f 406 407 397
f 405 392 404
f 405 394 392
f 404 392 390
f 404 390 403
f 351 345 350
f 355 354 177
f 355 169 349
f 355 349 345
f 354 353 172
f 354 172 177
f 354 345 353
f 353 352 172
f 353 345 352
f 352 351 172
f 352 345 351
f 351 350 172
f 355 177 356
f 350 345 172
f 349 169 170
f 349 348 345
f 349 170 348
f 348 347 345
f 348 170 347
f 347 346 345
f 347 170 346
f 346 344 345
f 346 170 344
f 367 368 369
f 378 366 379
f 375 371 370
f 375 362 366
f 375 377 362
f 375 376 377
f 375 370 376
f 374 372 373
f 373 372 371
f 372 367 371
f 371 367 370
f 367 369 370
f 416 409 417
f 366 364 363
f 366 362 359
f 366 359 364
f 363 364 365
f 362 360 359
f 359 360 361
f 355 357 358
f 355 358 169
f 355 345 354
f 355 356 357
f 450 443 442
f 454 455 447
f 454 445 453
f 454 447 446
f 454 446 445
f 453 445 452
f 452 445 444
f 452 444 443
f 452 443 451
f 451 443 450
f 450 440 448
f 450 442 440
f 456 449 457
f 448 440 441
f 448 441 449
f 446 438 437
f 446 439 438
f 446 447 439
f 446 437 445
f 445 437 436
f 445 436 444
f 444 436 435
f 444 435 443
f 443 435 442
f 462 454 453
f 469 461 460
f 469 460 459
f 468 459 458
f 468 458 467
f 467 456 464
f 467 458 456
f 464 456 457
f 464 457 465
f 464 465 466
f 462 453 461
f 462 455 454
f 442 432 440
f 462 463 455
f 461 452 460
f 461 453 452
f 460 452 459
f 459 450 458
f 459 451 450
f 459 452 451
f 458 450 456
f 456 448 449
f 456 450 448
f 422 423 415
f 429 420 428
f 428 420 419
f 428 419 427
f 427 418 426
f 427 419 418
f 426 418 416
f 426 416 424
f 424 417 425
f 424 416 417
f 422 415 414
f 422 414 421
f 429 421 420
f 421 414 413
f 421 412 420
f 421 413 412
f 420 412 419
f 419 412 411
f 419 411 418
f 418 408 416
f 418 411 410
f 418 410 408
f 416 408 409
f 436 428 427
f 442 435 434
f 442 434 432
f 440 432 433
f 440 433 441
f 438 429 437
f 438 430 429
f 438 431 430
f 438 439 431
f 437 428 436
f 437 429 428
f 436 427 435
f 344 170 345
f 435 427 434
f 434 424 432
f 434 427 426
f 434 426 424
f 432 424 425
f 432 425 433
f 430 421 429
f 430 422 421
f 430 423 422
f 430 431 423
f 279 274 273
f 287 281 279
f 286 279 285
f 285 279 284
f 284 279 283
f 283 279 280
f 282 276 281
f 282 278 277
f 282 277 276
f 281 276 279
f 279 276 275
f 279 275 274
f 287 279 286
f 279 273 272
f 279 272 269
f 279 269 280
f 277 278 267
f 277 270 276
f 277 271 270
f 277 267 271
f 276 270 275
f 275 268 274
f 275 270 268
f 274 268 273
f 292 286 290
f 299 289 293
f 299 300 289
f 298 292 297
f 297 290 296
f 297 292 290
f 296 290 295
f 295 290 294
f 294 290 291
f 293 287 292
f 293 288 287
f 293 289 288
f 273 268 272
f 292 287 286
f 290 286 285
f 290 285 284
f 290 284 283
f 290 283 280
f 290 280 291
f 288 281 287
f 288 282 281
f 288 289 278
f 288 278 282
f 255 256 244
f 259 253 257
f 259 255 254
f 259 254 253
f 257 250 246
f 257 253 252
f 257 252 251
f 257 251 250
f 257 246 258
f 255 248 254
f 255 249 248
f 255 244 249
f 260 256 255
f 254 247 253
f 254 248 247
f 253 245 252
f 253 247 245
f 252 245 251
f 251 245 250
f 250 245 246
f 249 243 248
f 249 244 243
f 248 243 242
f 266 259 265
f 272 268 269
f 271 265 270
f 271 266 265
f 271 267 266
f 270 265 268
f 268 263 262
f 268 262 261
f 268 258 269
f 268 265 264
f 268 261 258
f 268 264 263
f 299 293 292
f 266 260 259
f 266 256 260
f 266 267 256
f 265 257 264
f 265 259 257
f 264 257 263
f 263 257 262
f 262 257 261
f 261 257 258
f 260 255 259
f 330 325 326
f 336 326 168
f 335 328 334
f 335 329 328
f 335 324 329
f 335 167 324
f 334 327 333
f 334 328 327
f 333 325 332
f 333 327 325
f 332 325 331
f 331 325 330
f 336 330 326
f 329 323 328
f 329 324 323
f 328 321 327
f 328 323 322
f 328 322 321
f 327 321 325
f 325 321 320
f 325 320 319
f 325 319 318
f 325 318 314
f 339 167 335
f 343 168 342
f 343 342 170
f 343 166 168
f 343 170 166
f 342 168 341
f 342 341 170
f 341 340 170
f 341 168 340
f 340 168 170
f 339 334 338
f 339 335 334
f 325 314 326
f 339 338 168
f 339 168 167
f 338 333 337
f 338 337 168
f 338 334 333
f 337 332 336
f 337 333 332
f 337 336 168
f 336 332 331
f 336 331 330
f 305 299 298
f 311 312 300
f 311 305 310
f 310 305 304
f 310 304 303
f 310 303 309
f 309 303 301
f 309 301 308
f 308 301 307
f 307 301 306
f 306 301 302
f 305 298 304
f 311 300 305
f 305 300 299
f 304 297 303
f 304 298 297
f 303 296 301
f 303 297 296
f 301 296 295
f 301 295 294
f 301 294 291
f 301 291 302
f 299 292 298
f 317 310 316
f 323 317 322
f 323 324 312
f 323 312 317
f 322 315 321
f 322 317 316
f 322 316 315
f 321 313 320
f 321 315 313
f 320 313 319
f 319 313 318
f 318 313 314
f 921 914 920
f 317 312 311
f 317 311 310
f 316 310 309
f 316 309 315
f 315 309 313
f 313 306 302
f 313 302 314
f 313 309 308
f 313 308 307
f 313 307 306
f 1582 1578 1577
f 1589 1584 1588
f 1589 1586 1584
f 1589 1587 1586
f 1589 1590 1587
f 1588 1584 1585
f 1586 1583 1582
f 1586 1579 1584
f 1586 1582 1579
f 1586 1587 1583
f 1584 1579 1581
f 1584 1581 1585
f 1591 1585 1592
f 1582 1577 1575
f 1582 1575 1579
f 1582 1583 1578
f 1579 1575 1576
f 1579 1580 1581
f 1579 1576 1580
f 1577 1574 1573
f 1577 1573 1575
f 1577 1578 1574
f 1575 1573 1572
f 1575 1572 1569
f 1597 1593 1595
f 1605 1601 1599
f 1605 1606 1602
f 1605 1599 1603
f 1603 1600 1604
f 1603 1599 1600
f 1601 1597 1599
f 1601 1598 1597
f 1601 1602 1598
f 1599 1597 1595
f 1599 1595 1596
f 1599 1596 1600
f 1575 1569 1576
f 1597 1594 1593
f 1597 1598 1594
f 1595 1593 1591
f 1595 1592 1596
f 1595 1591 1592
f 1593 1590 1589
f 1593 1588 1591
f 1593 1589 1588
f 1593 1594 1590
f 1591 1588 1585
f 1551 1543 1545
f 1559 1556 1560
f 1557 1553 1551
f 1557 1554 1553
f 1557 1551 1555
f 1557 1558 1554
f 1555 1551 1552
f 1555 1552 1556
f 1553 1548 1547
f 1553 1554 1548
f 1553 1543 1551
f 1553 1547 1543
f 1559 1555 1556
f 1551 1545 1552
f 1547 1546 1543
f 1547 1549 1550
f 1547 1550 1546
f 1547 1548 1549
f 1543 1546 1544
f 1543 1544 1545
f 1094 1542 1019
f 1094 1019 1018
f 1542 1541 1007
f 1566 1562 1561
f 1573 1571 1570
f 1573 1570 1572
f 1573 1574 1571
f 1572 1568 1569
f 1572 1570 1568
f 1570 1563 1568
f 1570 1567 1566
f 1570 1571 1567
f 1570 1566 1563
f 1568 1563 1565
f 1568 1565 1569
f 1605 1602 1601
f 1566 1561 1559
f 1566 1567 1562
f 1566 1559 1563
f 1563 1559 1560
f 1563 1564 1565
f 1563 1560 1564
f 1561 1555 1559
f 1561 1558 1557
f 1561 1562 1558
f 1561 1557 1555
f 1662 1663 1664
f 1670 1673 1669
f 1670 1671 1672
f 1670 1667 1671
f 1670 1669 1666
f 1666 1665 1662
f 1666 1662 1664
f 1666 1669 1668
f 1666 1668 1665
f 1666 1664 1667
f 1662 1656 1658
f 1662 1665 1656
f 1670 1666 1667
f 1662 1658 1663
f 1659 1660 1661
f 1656 1657 1658
f 1652 1655 1654
f 1652 1654 1653
f 1651 1652 1653
f 1650 1652 1651
f 1649 1650 1651
f 1648 1650 1649
f 1646 1648 1647
f 1647 1648 1649
f 1681 1682 1683
f 1689 1692 1688
f 1689 1690 1691
f 1689 1686 1690
f 1685 1684 1681
f 1685 1688 1687
f 1685 1681 1683
f 1685 1687 1684
f 1685 1683 1686
f 1681 1684 1680
f 1681 1680 1677
f 1681 1677 1678
f 1644 1646 1645
f 1681 1678 1682
f 1677 1680 1679
f 1677 1679 1676
f 1677 1674 1675
f 1677 1675 1678
f 1677 1676 1674
f 1674 1676 1673
f 1674 1673 1670
f 1674 1670 1672
f 1674 1672 1675
f 1611 1609 1607
f 1619 1622 1621
f 1621 1622 1623
f 1620 1619 1621
f 1618 1619 1620
f 1614 1609 1611
f 1614 1610 1609
f 1614 1611 1613
f 1614 1617 1610
f 1614 1616 1617
f 1614 1615 1616
f 1614 1613 1615
f 1623 1624 1625
f 1611 1250 1613
f 1611 1612 1250
f 1611 1608 1612
f 1611 1607 1608
f 1609 1605 1607
f 1609 1606 1605
f 1609 1610 1606
f 1607 1605 1603
f 1607 1603 1604
f 1607 1604 1608
f 1632 1634 1633
f 1645 1646 1647
f 1642 1644 1643
f 1643 1644 1645
f 1640 1642 1641
f 1641 1642 1643
f 1638 1640 1639
f 1639 1640 1641
f 1636 1638 1637
f 1637 1638 1639
f 1634 1636 1635
f 1635 1636 1637
f 1542 1007 1019
f 1633 1634 1635
f 1630 1632 1631
f 1631 1632 1633
f 1628 1630 1629
f 1629 1630 1631
f 1626 1628 1627
f 1627 1628 1629
f 1624 1626 1625
f 1625 1626 1627
f 1622 1624 1623
f 1466 1462 1463
f 1472 1468 1467
f 1472 1466 1469
f 1472 1467 1466
f 1472 1473 1468
f 1469 1466 1463
f 1469 1470 1471
f 1469 1463 1470
f 1467 1464 1462
f 1467 1462 1466
f 1467 1465 1464
f 1467 1468 1465
f 1474 1469 1471
f 1464 1461 1460
f 1464 1457 1462
f 1464 1465 1461
f 1464 1460 1457
f 1462 1457 1459
f 1462 1459 1463
f 1460 1453 1457
f 1460 1455 1453
f 1460 1461 1456
f 1460 1456 1455
f 1457 1453 1454
f 1480 1475 1474
f 1487 1483 1485
f 1487 1488 1484
f 1487 1484 1483
f 1485 1483 1482
f 1485 1479 1486
f 1485 1482 1479
f 1483 1481 1480
f 1483 1477 1482
f 1483 1480 1477
f 1483 1484 1481
f 1482 1477 1479
f 1457 1458 1459
f 1480 1474 1477
f 1480 1476 1475
f 1480 1481 1476
f 1477 1474 1471
f 1477 1478 1479
f 1477 1471 1478
f 1475 1473 1472
f 1475 1472 1469
f 1475 1476 1473
f 1475 1469 1474
f 1420 1426 1418
f 1441 1433 1435
f 1441 1435 1442
f 1437 1436 1433
f 1437 1439 1440
f 1437 1440 1436
f 1437 1438 1439
f 1433 1436 1434
f 1433 1434 1435
f 1430 1431 1432
f 1419 1426 1420
f 1424 1426 1425
f 1443 1437 1433
f 1418 1426 1424
f 1429 1426 1419
f 1428 1426 1429
f 1427 1426 1428
f 1425 1426 1427
f 1422 1424 1423
f 1415 1424 1422
f 1418 1424 1415
f 1423 1424 1425
f 1415 1422 1417
f 1449 1445 1446
f 1457 1454 1458
f 1455 1449 1453
f 1455 1451 1449
f 1455 1452 1451
f 1455 1456 1452
f 1453 1449 1450
f 1453 1450 1454
f 1451 1447 1445
f 1451 1448 1447
f 1451 1445 1449
f 1451 1452 1448
f 1489 1485 1486
f 1449 1446 1450
f 1447 1443 1441
f 1447 1448 1444
f 1447 1444 1443
f 1447 1441 1445
f 1445 1441 1442
f 1445 1442 1446
f 1443 1438 1437
f 1443 1444 1438
f 1443 1433 1441
f 1524 1523 905
f 1530 935 941
f 1529 1528 935
f 935 1528 924
f 1528 1527 923
f 1528 923 924
f 1527 1526 923
f 923 1526 917
f 1526 1525 911
f 1526 911 917
f 1525 1524 911
f 911 1524 905
f 1530 1529 935
f 905 1523 899
f 1523 1521 899
f 899 1521 882
f 1521 1522 883
f 1521 883 882
f 1520 1432 1431
f 1520 1515 1514
f 1520 1519 1432
f 1520 1514 1517
f 1520 1517 1519
f 1520 1431 1515
f 1536 1535 971
f 1541 1540 1001
f 1541 1001 1007
f 1540 1539 995
f 1540 995 1001
f 1539 1538 995
f 995 1538 985
f 1538 984 985
f 1538 1537 984
f 1537 978 984
f 1537 1536 978
f 1536 971 978
f 1517 1514 1511
f 1535 965 971
f 1535 1534 965
f 1534 1533 959
f 1534 959 965
f 1533 1532 948
f 1533 948 959
f 1532 1531 947
f 1532 947 948
f 1531 1530 941
f 1531 941 947
f 1496 1491 1489
f 1503 1499 1497
f 1503 1504 1500
f 1503 1497 1501
f 1501 1497 1498
f 1501 1498 1502
f 1499 1496 1497
f 1499 1492 1496
f 1499 1500 1492
f 1497 1496 1494
f 1497 1494 1495
f 1497 1495 1498
f 1503 1500 1499
f 1496 1489 1494
f 1496 1492 1491
f 1494 1490 1495
f 1494 1489 1490
f 1491 1488 1487
f 1491 1487 1485
f 1491 1485 1489
f 1491 1493 1488
f 1491 1492 1493
f 1489 1486 1490
f 1512 1505 1509
f 1517 1088 1519
f 1517 1518 1088
f 1517 1511 1518
f 1515 1516 1513
f 1515 1431 1516
f 1515 1513 1512
f 1515 1512 1509
f 1515 1509 1514
f 1514 1509 1511
f 1512 1507 1505
f 1512 1513 1508
f 1689 1685 1686
f 1512 1508 1507
f 1509 1505 1506
f 1509 1510 1511
f 1509 1506 1510
f 1507 1504 1503
f 1507 1508 1504
f 1507 1503 1505
f 1505 1503 1501
f 1505 1501 1502
f 1505 1502 1506
f 1836 1834 1835
f 1845 714 1846
f 1845 1846 1844
f 1845 715 714
f 1841 1844 1842
f 1841 1842 1843
f 705 704 1840
f 1837 1838 1839
f 1836 679 671
f 1836 1835 1787
f 1836 1787 679
f 1836 1832 1834
f 1845 1844 1841
f 1836 671 1833
f 1836 1833 1832
f 1834 1832 1724
f 1834 1723 1835
f 1834 1724 1721
f 1834 1721 1723
f 1833 663 1831
f 1833 671 663
f 1833 1831 1830
f 1833 1830 1832
f 1832 1830 1724
f 1852 693 730
f 1858 745 1855
f 1856 1854 1857
f 1855 693 1852
f 1855 1852 1851
f 1855 1853 1854
f 1855 1851 1853
f 1855 695 693
f 1855 745 695
f 1853 1851 1854
f 1852 1850 1851
f 1852 1847 1850
f 1831 1829 1830
f 1852 1849 1847
f 1852 730 1849
f 1850 1847 1848
f 1850 1848 1851
f 1849 715 1845
f 1849 730 715
f 1849 1841 1847
f 1849 1845 1841
f 1847 1841 1843
f 1847 1843 1848
f 1818 1816 1815
f 1823 1821 1733
f 1822 1820 1817
f 1822 1817 1819
f 1822 631 1820
f 1822 639 631
f 1821 1819 1736
f 1821 1736 1733
f 1820 1818 1815
f 1820 1815 1817
f 1820 631 1818
f 1819 1817 1736
f 1824 639 1822
f 1818 623 1816
f 1818 631 623
f 1817 1815 1738
f 1817 1738 1736
f 1816 1813 1815
f 1816 1814 1811
f 1816 623 1814
f 1816 1811 1813
f 1815 1813 1738
f 1814 1812 1809
f 1827 1826 1823
f 1831 655 1829
f 1831 663 655
f 1830 1829 1828
f 1830 1828 1730
f 1830 1730 1728
f 1830 1728 1724
f 1829 647 1827
f 1829 1825 1828
f 1829 1827 1825
f 1829 655 647
f 1828 1825 1730
f 1858 1854 1856
f 1827 1823 1825
f 1827 647 1826
f 1826 1824 1823
f 1826 639 1824
f 1826 647 639
f 1825 1823 1733
f 1825 1733 1730
f 1824 1821 1823
f 1824 1822 1819
f 1824 1819 1821
f 1886 1884 1882
f 1891 1890 1889
f 1891 1887 1892
f 1891 1889 1887
f 1890 1886 1889
f 1890 1888 1886
f 1890 814 1888
f 1890 825 814
f 1889 1886 1887
f 1888 1885 1886
f 1888 814 1885
f 1886 1885 1884
f 1893 825 1890
f 1886 1882 1887
f 1885 803 1883
f 1885 1881 1884
f 1885 1883 1881
f 1885 814 803
f 1884 1881 1882
f 1883 1880 1881
f 1883 803 1880
f 1881 1880 1879
f 1881 1879 1877
f 1881 1877 1882
f 1898 836 1895
f 1904 1901 1902
f 1903 1900 1901
f 1903 698 1900
f 1901 1897 1902
f 1901 1900 1899
f 1901 1899 1897
f 1900 698 836
f 1900 836 1898
f 1900 1896 1899
f 1900 1898 1896
f 1899 1896 1897
f 1880 1878 1879
f 1898 1895 1896
f 1896 1894 1892
f 1896 1892 1897
f 1896 1895 1894
f 1895 1891 1894
f 1895 1893 1891
f 1895 836 825
f 1895 825 1893
f 1894 1891 1892
f 1893 1890 1891
f 1863 757 1860
f 1869 1866 1867
f 1868 1864 1866
f 1868 1865 1864
f 1868 769 1865
f 1866 1864 1862
f 1866 1862 1867
f 1865 1863 1861
f 1865 757 1863
f 1865 1861 1864
f 1865 769 757
f 1864 1861 1862
f 1870 769 1868
f 1863 1860 1859
f 1863 1859 1861
f 1861 1859 1857
f 1861 1857 1862
f 1860 1856 1859
f 1860 1858 1856
f 1860 745 1858
f 1860 757 745
f 1859 1856 1857
f 1858 1855 1854
f 1875 781 1873
f 1880 792 1878
f 1880 803 792
f 1879 1878 1876
f 1879 1876 1877
f 1878 1874 1876
f 1878 1875 1874
f 1878 792 1875
f 1876 1874 1872
f 1876 1872 1877
f 1875 1873 1871
f 1875 1871 1874
f 1814 616 1812
f 1875 792 781
f 1874 1871 1872
f 1873 1869 1871
f 1873 1870 1869
f 1873 781 1870
f 1871 1869 1867
f 1871 1867 1872
f 1870 1866 1869
f 1870 1868 1866
f 1870 781 769
f 1739 1737 1740
f 1741 1744 1742
f 1743 1744 1746
f 1745 1744 1741
f 1742 1744 1743
f 1738 1742 1737
f 1737 1742 1740
f 1740 1742 1743
f 1741 1742 1738
f 1733 1737 1734
f 1734 1737 1735
f 1735 1737 1739
f 1747 1748 1745
f 1738 1737 1736
f 1736 1737 1733
f 1729 1734 1732
f 1730 1734 1729
f 1732 1734 1735
f 1733 1734 1730
f 1722 1729 1727
f 1724 1729 1722
f 1727 1729 1731
f 1731 1729 1732
f 1730 1729 1728
f 1757 1756 1755
f 1757 1761 1756
f 1756 1761 1759
f 1759 1761 1764
f 1764 1761 1760
f 1762 1761 1763
f 1763 1761 1757
f 1760 1761 1762
f 1753 1756 1754
f 1752 1756 1753
f 1754 1756 1758
f 1758 1756 1759
f 1728 1729 1724
f 1755 1756 1752
f 1749 1753 1748
f 1748 1753 1751
f 1751 1753 1754
f 1752 1753 1749
f 1744 1748 1746
f 1745 1748 1744
f 1746 1748 1750
f 1750 1748 1751
f 1749 1748 1747
f 1700 1697 1701
f 1708 1710 1707
f 1708 1705 1709
f 1704 1700 1702
f 1704 1703 1700
f 1704 1707 1706
f 1704 1706 1703
f 1704 1702 1705
f 1700 1696 1697
f 1700 1699 1696
f 1700 1703 1699
f 1700 1701 1702
f 1708 1707 1704
f 1696 1695 1693
f 1696 1693 1694
f 1696 1699 1698
f 1696 1698 1695
f 1696 1694 1697
f 1693 1692 1689
f 1693 1695 1692
f 1693 1691 1694
f 1693 1689 1691
f 1689 1688 1685
f 1715 1711 1713
f 1725 1722 1726
f 1726 1722 1727
f 1723 1722 1725
f 1724 1722 1721
f 1721 1722 1723
f 1719 1661 1660
f 1719 1660 1718
f 1719 1720 1661
f 1719 1716 1720
f 1719 1718 1715
f 1719 1715 1716
f 1765 1766 1767
f 1715 1718 1717
f 1715 1717 1714
f 1715 1713 1716
f 1715 1714 1711
f 1711 1710 1708
f 1711 1708 1709
f 1711 1714 1710
f 1711 1712 1713
f 1711 1709 1712
f 1708 1704 1705
f 1800 584 1797
f 1805 1747 1745
f 1804 599 1802
f 1804 1799 1801
f 1804 1802 1799
f 1803 1801 1747
f 1802 591 1800
f 1802 599 591
f 1802 1798 1799
f 1802 1800 1798
f 1801 1799 1749
f 1801 1749 1747
f 1805 1803 1747
f 1800 1797 1796
f 1800 591 584
f 1800 1796 1798
f 1799 1798 1749
f 1798 1796 1752
f 1798 1752 1749
f 1797 1794 1796
f 1797 1795 1794
f 1797 584 575
f 1797 575 1795
f 1810 1808 1805
f 1814 1809 1811
f 1814 623 616
f 1813 1811 1741
f 1813 1741 1738
f 1812 616 1810
f 1812 1807 1809
f 1812 1810 1807
f 1811 1809 1741
f 1810 607 1808
f 1810 616 607
f 1810 1805 1807
f 1796 1794 1755
f 1809 1807 1745
f 1809 1745 1741
f 1808 607 1806
f 1808 1806 1803
f 1808 1803 1805
f 1807 1805 1745
f 1806 599 1804
f 1806 1804 1801
f 1806 1801 1803
f 1806 607 599
f 1773 1775 1777
f 1781 1783 1786
f 1784 1783 1785
f 1785 1783 1779
f 1782 1783 1784
f 1775 1780 1778
f 1776 1780 1775
f 1778 1780 1781
f 1779 1780 1776
f 1772 1775 1773
f 1771 1775 1772
f 1777 1775 1778
f 1786 1783 1782
f 1776 1775 1774
f 1774 1775 1771
f 1766 1772 1770
f 1768 1772 1766
f 1770 1772 1773
f 1771 1772 1768
f 1769 1766 1770
f 1725 1766 1769
f 1767 1766 1725
f 1768 1766 1765
f 1792 1763 1757
f 1796 1755 1752
f 1795 567 1793
f 1795 1792 1794
f 1795 575 567
f 1795 1793 1792
f 1794 1757 1755
f 1794 1792 1757
f 1793 555 1790
f 1793 1790 1788
f 1793 1788 1792
f 1793 567 555
f 1417 1422 1421
f 1792 1788 1763
f 1790 1789 1788
f 1790 554 1791
f 1790 1791 1789
f 1790 555 554
f 1788 1789 1762
f 1788 1762 1763
f 680 679 1787
f 1779 1783 1780
f 1780 1783 1781
f 1091 1098 1087
f 1099 1105 1100
f 1100 1105 1098
f 1104 1105 1099
f 1098 1103 1096
f 1096 1103 1101
f 1096 1101 1097
f 1097 1101 1102
f 1091 1100 1098
f 1093 1100 1091
f 1092 1100 1093
f 1099 1100 1092
f 1098 1105 1103
f 1087 1098 1096
f 1087 1096 1089
f 1089 1096 1097
f 1090 1093 1091
f 1094 1093 1095
f 1095 1093 1090
f 1092 1093 1094
f 1086 1091 1087
f 1090 1091 1086
f 1088 1087 1089
f 1086 1087 1088
f 1109 1113 1106
f 1119 1120 1114
f 1113 1118 1112
f 1112 1118 1116
f 1115 1118 1113
f 1112 1116 1108
f 1108 1116 1117
f 1111 1115 1109
f 1110 1115 1111
f 1109 1115 1113
f 1114 1115 1110
f 1106 1113 1112
f 1083 1078 1077
f 1106 1112 1108
f 1105 1111 1103
f 1103 1111 1109
f 1104 1111 1105
f 1110 1111 1104
f 1103 1109 1106
f 1101 1106 1102
f 1103 1106 1101
f 1107 1106 1108
f 1102 1106 1107
f 1054 1050 1053
f 1061 1063 1054
f 1061 1062 1063
f 1061 1049 1062
f 1058 1054 1053
f 1058 1045 1049
f 1058 1060 1045
f 1058 1059 1060
f 1058 1053 1059
f 1057 1055 1056
f 1056 1055 1054
f 1055 1050 1054
f 1061 1054 1058
f 1050 1052 1053
f 1050 1051 1052
f 1049 1047 1046
f 1049 1045 1042
f 1049 1042 1047
f 1046 1047 1048
f 1045 1043 1042
f 1042 1043 1044
f 1039 1036 1027
f 1039 1032 1036
f 1080 1081 1067
f 1083 1069 1071
f 1083 1080 1064
f 1083 1077 1080
f 1083 1085 1078
f 1083 1084 1085
f 1083 1071 1084
f 1083 1064 1069
f 1080 1072 1074
f 1080 1067 1064
f 1080 1074 1082
f 1080 1082 1081
f 1114 1120 1115
f 1080 1077 1072
f 1079 1077 1076
f 1076 1077 1078
f 1072 1075 1073
f 1072 1073 1074
f 1071 1069 1068
f 1068 1069 1070
f 1067 1065 1064
f 1064 1065 1066
f 1061 1058 1049
f 1153 1160 1152
f 1161 1168 1166
f 1161 1166 1162
f 1162 1166 1167
f 1158 1164 1163
f 1165 1164 1154
f 1160 1164 1158
f 1154 1164 1160
f 1158 1163 1161
f 1158 1161 1162
f 1159 1160 1158
f 1152 1160 1159
f 1163 1168 1161
f 1154 1160 1153
f 1157 1159 1158
f 1147 1159 1157
f 1152 1159 1147
f 1147 1157 1150
f 1150 1157 1158
f 712 1153 1156
f 1156 1153 1155
f 1155 1153 1151
f 1154 1153 712
f 1151 1153 1152
f 1170 1173 1167
f 1177 1181 1175
f 1173 1180 1178
f 1175 1180 1173
f 1173 1178 1174
f 1174 1178 1179
f 1165 1177 1172
f 1172 1177 1175
f 1176 1177 1165
f 1171 1175 1170
f 1172 1175 1171
f 1170 1175 1173
f 1149 1152 1147
f 1167 1173 1174
f 1168 1172 1171
f 1169 1172 1168
f 1165 1172 1169
f 1166 1171 1170
f 1168 1171 1166
f 1166 1170 1167
f 1165 1169 1164
f 1163 1169 1168
f 1164 1169 1163
f 1122 1126 1127
f 1126 1134 1131
f 1128 1134 1126
f 1132 1131 1133
f 1127 1131 1132
f 1126 1131 1127
f 1124 1130 1123
f 1123 1130 1128
f 1125 1130 1124
f 1129 1130 1125
f 1123 1128 1126
f 1123 1126 1121
f 1135 1136 1129
f 1121 1126 1122
f 1125 1124 1119
f 1119 1124 1120
f 1120 1124 1123
f 1118 1123 1116
f 1120 1123 1118
f 1116 1123 1121
f 1117 1121 1122
f 1116 1121 1117
f 1115 1120 1118
f 1131 1140 1138
f 1151 1152 1149
f 1148 1147 1150
f 1149 1147 1146
f 1146 1147 1148
f 1134 1143 1140
f 1140 1143 1142
f 1136 1143 1134
f 1135 1143 1136
f 1145 1143 1135
f 1144 1143 1145
f 1142 1143 1144
f 1039 1041 1032
f 1138 1140 1139
f 1134 1140 1131
f 1141 1140 1142
f 1139 1140 1141
f 1131 1138 1133
f 1133 1138 1137
f 1137 1138 1139
f 1128 1136 1134
f 1130 1136 1128
f 1129 1136 1130
f 956 949 954
f 962 956 954
f 962 954 960
f 960 954 955
f 960 955 961
f 958 959 948
f 958 953 952
f 958 948 953
f 958 952 957
f 957 951 956
f 957 952 951
f 956 951 949
f 962 957 956
f 954 950 955
f 954 949 950
f 953 946 952
f 953 948 946
f 952 944 951
f 952 945 944
f 952 946 945
f 951 942 949
f 951 944 942
f 949 942 943
f 949 943 950
f 969 964 963
f 976 969 968
f 976 968 975
f 975 966 972
f 975 968 966
f 972 966 967
f 972 967 973
f 972 973 974
f 970 964 969
f 970 965 964
f 970 971 965
f 969 962 968
f 946 941 940
f 969 963 962
f 968 962 966
f 966 962 960
f 966 960 961
f 966 961 967
f 964 957 963
f 964 959 958
f 964 958 957
f 964 965 959
f 963 957 962
f 928 921 920
f 934 935 924
f 933 929 932
f 932 925 931
f 932 929 928
f 932 928 925
f 931 925 927
f 930 924 922
f 930 922 929
f 929 921 928
f 929 922 921
f 928 918 925
f 934 924 930
f 928 920 918
f 925 918 919
f 925 919 926
f 925 926 927
f 922 917 916
f 922 916 915
f 922 915 921
f 922 924 923
f 922 923 917
f 921 915 914
f 940 935 934
f 946 948 947
f 946 947 941
f 946 939 945
f 946 940 939
f 945 939 944
f 944 939 938
f 944 936 942
f 944 938 936
f 942 937 943
f 942 936 937
f 940 934 933
f 977 971 970
f 940 941 935
f 940 933 939
f 939 933 932
f 939 932 938
f 938 932 936
f 936 932 931
f 936 927 937
f 936 931 927
f 934 929 933
f 934 930 929
f 1008 1004 1002
f 1016 1007 1006
f 1016 1006 1005
f 1016 1017 1018
f 1016 1015 1017
f 1014 1005 1012
f 1014 1012 1013
f 1014 1013 1015
f 1012 1008 1011
f 1012 1004 1008
f 1012 1005 1004
f 1012 1011 1013
f 1016 1019 1007
f 1008 1002 1003
f 1008 1010 1011
f 1008 1003 1009
f 1008 1009 1010
f 1006 1007 1001
f 1006 999 1005
f 1006 1001 1000
f 1006 1000 999
f 1005 998 1004
f 1005 999 998
f 1028 1030 1031
f 1039 1040 1041
f 1039 1027 1040
f 1036 1032 1031
f 1036 1023 1027
f 1036 1038 1023
f 1036 1037 1038
f 1036 1031 1037
f 1035 1033 1034
f 1034 1033 1032
f 1033 1028 1032
f 1032 1028 1031
f 1004 998 1002
f 1028 1029 1030
f 1027 1025 1024
f 1027 1023 1020
f 1027 1020 1025
f 1024 1025 1026
f 1023 1021 1020
f 1020 1021 1022
f 1016 1014 1015
f 1016 1005 1014
f 1016 1018 1019
f 983 984 978
f 989 983 982
f 989 985 983
f 989 982 988
f 988 982 981
f 988 981 987
f 987 979 986
f 987 981 979
f 986 979 980
f 983 977 982
f 983 978 977
f 983 985 984
f 990 980 991
f 982 975 981
f 982 977 976
f 982 976 975
f 981 972 979
f 981 975 972
f 979 972 974
f 979 974 980
f 977 969 976
f 977 970 969
f 977 978 971
f 996 990 991
f 1002 998 996
f 1002 996 997
f 1002 997 1003
f 1000 1001 995
f 1000 993 999
f 1000 995 994
f 1000 994 993
f 999 993 992
f 999 992 998
f 998 990 996
f 998 992 990
f 1175 1181 1180
f 996 991 997
f 994 995 985
f 994 989 993
f 994 985 989
f 993 988 987
f 993 987 992
f 993 989 988
f 992 987 990
f 990 987 986
f 990 986 980
f 1333 1340 1339
f 1347 1346 1341
f 1341 1346 1340
f 1339 1345 1344
f 1338 1344 1336
f 1336 1344 1342
f 1339 1344 1338
f 1336 1342 1337
f 1337 1342 1343
f 1335 1340 1333
f 1334 1340 1335
f 1341 1340 1334
f 1339 1346 1345
f 1333 1339 1338
f 1330 1338 1336
f 1333 1338 1332
f 1332 1338 1330
f 1330 1336 1331
f 1331 1336 1337
f 1327 1335 1333
f 1329 1335 1327
f 1328 1335 1329
f 1334 1335 1328
f 1327 1333 1326
f 1346 1353 1345
f 1312 1360 1361
f 1353 1359 1358
f 1352 1359 1353
f 1353 1358 1351
f 1351 1358 1350
f 1350 1358 1357
f 1348 1357 1355
f 1350 1357 1348
f 1348 1355 1349
f 1349 1355 1356
f 1345 1353 1351
f 1326 1333 1332
f 1347 1353 1346
f 1354 1353 1347
f 1352 1353 1354
f 1344 1351 1350
f 1345 1351 1344
f 1344 1350 1348
f 1344 1348 1342
f 1342 1348 1343
f 1343 1348 1349
f 1340 1346 1339
f 1303 1304 1302
f 1314 1315 1309
f 1311 1312 1313
f 1309 1310 514
f 1296 1306 1304
f 1304 1306 1305
f 1297 1306 1296
f 1299 1306 1297
f 1308 1306 1299
f 1307 1306 1308
f 1305 1306 1307
f 1295 1304 1303
f 1309 1315 1310
f 1296 1304 1295
f 1302 1304 1305
f 1293 1303 1300
f 1300 1303 1302
f 1295 1303 1293
f 1251 1300 1252
f 1293 1300 1294
f 1294 1300 1251
f 1301 1300 1302
f 1252 1300 1301
f 1317 1326 1315
f 1326 1332 1324
f 1324 1332 1330
f 1324 1330 1325
f 1325 1330 1331
f 1319 1329 1327
f 1320 1329 1321
f 1321 1329 1319
f 1328 1329 1320
f 1317 1327 1326
f 1319 1327 1317
f 1315 1326 1324
f 1361 1360 1362
f 1315 1324 1310
f 1310 1324 1325
f 1318 1321 1319
f 1322 1321 1323
f 1323 1321 1318
f 1320 1321 1322
f 1316 1319 1317
f 1318 1319 1316
f 1314 1317 1315
f 1316 1317 1314
f 1392 1399 1397
f 1400 1407 1405
f 1400 1405 1401
f 1401 1405 1406
f 1398 1403 1399
f 1397 1403 1402
f 1404 1403 1398
f 1399 1403 1397
f 1397 1402 1395
f 1395 1402 1400
f 1395 1400 1396
f 1396 1400 1401
f 1402 1407 1400
f 1394 1399 1392
f 1393 1399 1394
f 1398 1399 1393
f 1392 1397 1395
f 1392 1395 1390
f 1390 1395 1391
f 1391 1395 1396
f 1388 1394 1389
f 1389 1394 1392
f 1393 1394 1388
f 1387 1392 1385
f 1408 1413 1407
f 1421 1422 1423
f 1413 1420 1418
f 1414 1420 1413
f 1419 1420 1414
f 1413 1418 1412
f 1412 1418 1410
f 1410 1418 1415
f 1416 1415 1417
f 1411 1415 1416
f 1410 1415 1411
f 1407 1413 1412
f 1385 1392 1390
f 1414 1413 1409
f 1409 1413 1408
f 1405 1412 1410
f 1407 1412 1405
f 1406 1410 1411
f 1405 1410 1406
f 1403 1408 1402
f 1402 1408 1407
f 1409 1408 1404
f 1404 1408 1403
f 1363 1364 1362
f 1370 1375 1371
f 1374 1375 1370
f 1372 1371 1373
f 1370 1371 1372
f 1364 1367 1366
f 1359 1367 1364
f 1352 1367 1359
f 1369 1367 1352
f 1368 1367 1369
f 1366 1367 1368
f 1357 1364 1363
f 1376 1377 1378
f 1359 1364 1358
f 1358 1364 1357
f 1365 1364 1366
f 1362 1364 1365
f 1355 1363 1360
f 1357 1363 1355
f 1360 1363 1362
f 1311 1360 1312
f 1355 1360 1356
f 1356 1360 1311
f 1375 1384 1382
f 1389 1392 1387
f 1385 1390 1386
f 1386 1390 1391
f 1383 1389 1384
f 1384 1389 1382
f 1382 1389 1387
f 1388 1389 1383
f 1382 1387 1385
f 1380 1385 1381
f 1382 1385 1380
f 1381 1385 1386
f 1290 1297 1296
f 1377 1384 1375
f 1376 1384 1377
f 1383 1384 1376
f 1375 1382 1371
f 1371 1382 1380
f 1371 1380 1373
f 1373 1380 1381
f 1374 1377 1375
f 1378 1377 1379
f 1379 1377 1374
f 1212 1216 1210
f 1214 1220 1221
f 1218 1220 1217
f 1217 1220 1214
f 1211 1219 1216
f 1215 1219 1218
f 1216 1219 1215
f 1215 1218 1217
f 1213 1217 1214
f 1215 1217 1213
f 1211 1216 1212
f 1210 1216 1215
f 1218 1222 1220
f 1210 1215 1208
f 1208 1215 1213
f 1208 1213 1209
f 1209 1213 1214
f 1205 1212 1210
f 1202 1212 1207
f 1207 1212 1205
f 1211 1212 1202
f 1205 1210 1208
f 1205 1208 1209
f 1201 1207 1206
f 1222 1228 1227
f 1230 1235 1229
f 1229 1235 1233
f 1226 1233 1234
f 1229 1233 1226
f 1228 1232 1230
f 1223 1232 1228
f 1231 1232 1223
f 1228 1230 1227
f 1225 1230 1229
f 1227 1230 1225
f 1225 1229 1226
f 1206 1207 1205
f 1224 1228 1222
f 1223 1228 1224
f 1220 1227 1225
f 1222 1227 1220
f 1221 1225 1226
f 1220 1225 1221
f 1218 1224 1222
f 1211 1224 1219
f 1219 1224 1218
f 1223 1224 1211
f 1183 1188 1182
f 1186 1193 1190
f 1184 1193 1188
f 1188 1193 1186
f 1186 1190 1187
f 1191 1190 1192
f 1187 1190 1191
f 1184 1189 1185
f 1188 1189 1184
f 1183 1189 1188
f 1185 1189 1183
f 1182 1188 1186
f 1194 1195 1184
f 1182 1186 1179
f 1179 1186 1187
f 1180 1185 1183
f 1176 1185 1181
f 1181 1185 1180
f 1184 1185 1176
f 1178 1183 1182
f 1180 1183 1178
f 1178 1182 1179
f 1176 1181 1177
f 1197 1201 1199
f 1203 1207 1201
f 1202 1207 1203
f 1199 1206 1204
f 1201 1206 1199
f 1204 1206 1205
f 1199 1204 1200
f 1200 1204 1205
f 1197 1203 1201
f 1198 1203 1197
f 1194 1203 1198
f 1202 1203 1194
f 1231 1236 1232
f 1196 1199 1192
f 1197 1199 1196
f 1192 1199 1200
f 1195 1198 1197
f 1194 1198 1195
f 1190 1197 1196
f 1195 1197 1193
f 1193 1197 1190
f 1190 1196 1192
f 1184 1195 1193
f 1272 1278 1277
f 1285 1286 1280
f 1278 1284 1283
f 1277 1283 1275
f 1275 1283 1281
f 1278 1283 1277
f 1275 1281 1276
f 1276 1281 1282
f 1274 1279 1272
f 1273 1279 1274
f 1280 1279 1273
f 1272 1279 1278
f 1278 1286 1284
f 1269 1277 1275
f 1271 1277 1269
f 1272 1277 1271
f 1269 1275 1270
f 1270 1275 1276
f 1267 1274 1268
f 1268 1274 1266
f 1266 1274 1272
f 1273 1274 1267
f 1265 1272 1271
f 1284 1291 1290
f 1291 1297 1290
f 1299 1297 1298
f 1298 1297 1292
f 1292 1297 1291
f 1290 1296 1289
f 1289 1296 1295
f 1289 1295 1287
f 1287 1295 1293
f 1288 1293 1294
f 1287 1293 1288
f 1286 1291 1284
f 1266 1272 1265
f 1292 1291 1285
f 1285 1291 1286
f 1283 1290 1289
f 1284 1290 1283
f 1283 1289 1287
f 1283 1287 1281
f 1282 1287 1288
f 1281 1287 1282
f 1279 1286 1278
f 1280 1286 1279
f 1240 1242 1243
f 1254 1255 1248
f 1251 1252 1253
f 1248 1249 1250
f 1231 1244 1242
f 1242 1244 1243
f 1247 1244 1231
f 1246 1244 1247
f 1245 1244 1246
f 1243 1244 1245
f 1235 1242 1238
f 1231 1242 1235
f 1248 1255 1249
f 1238 1242 1240
f 1235 1238 1233
f 1233 1238 1234
f 1241 1238 1237
f 1234 1238 1241
f 1239 1238 1240
f 1237 1238 1239
f 1230 1236 1235
f 1235 1236 1231
f 1232 1236 1230
f 1257 1265 1255
f 1263 1271 1269
f 1265 1271 1263
f 1263 1269 1264
f 1264 1269 1270
f 1260 1268 1266
f 1262 1268 1260
f 1261 1268 1262
f 1267 1268 1261
f 1257 1266 1265
f 1260 1266 1257
f 1255 1265 1263
f 5113 7037 5111
f 1255 1263 1249
f 1249 1263 1264
f 1259 1262 1260
f 550 1262 1259
f 1261 1262 550
f 1258 1260 1257
f 1259 1260 1258
f 1254 1257 1255
f 1258 1257 1256
f 1256 1257 1254
f 6134 6137 2190
f 5376 6142 5372
f 6138 6141 6137
f 6137 6141 6140
f 2219 6140 2230
f 6137 6140 2219
f 6135 6139 6138
f 6136 6139 6135
f 5368 6139 6136
f 5372 6139 5368
f 6134 6138 6137
f 6135 6138 6134
f 5372 6142 6139
f 2190 6137 2219
f 6132 6136 6135
f 6133 6136 6132
f 5364 6136 6133
f 5368 6136 5364
f 6132 6135 6134
f 2203 6134 2190
f 6132 6134 6131
f 6131 6134 2203
f 5360 6133 6130
f 6129 6133 6132
f 2240 6146 2250
f 6147 6150 6146
f 6146 6150 6149
f 6146 6149 2250
f 2250 6149 2260
f 6145 6148 6144
f 5380 6148 6145
f 5384 6148 5380
f 6144 6148 6147
f 6144 6147 6146
f 6144 6146 6143
f 6143 6146 2240
f 6130 6133 6129
f 6142 6145 6144
f 5376 6145 6142
f 5380 6145 5376
f 6142 6144 6141
f 6140 6144 6143
f 6141 6144 6140
f 6140 6143 2230
f 2230 6143 2240
f 6138 6142 6141
f 6139 6142 6138
f 6114 6117 6118
f 6119 6123 6122
f 5354 6123 5351
f 6119 6122 6121
f 6117 6121 6118
f 6119 6121 6117
f 5348 6120 6116
f 5351 6120 5348
f 6116 6120 6119
f 6116 6119 6115
f 6112 6119 6117
f 6115 6119 6112
f 6120 6123 6119
f 6112 6117 6114
f 6111 6116 6110
f 5348 6116 5345
f 6110 6116 6115
f 5345 6116 6111
f 6110 6115 6112
f 6109 6112 6106
f 6106 6112 6113
f 6113 6112 6114
f 6110 6112 6109
f 6124 6128 6125
f 5364 6133 5360
f 6129 6132 6131
f 2202 6131 2203
f 6128 6131 2202
f 6129 6131 6128
f 6127 6130 6129
f 5357 6130 6127
f 5360 6130 5357
f 6127 6129 6126
f 6124 6129 6128
f 6126 6129 6124
f 5384 6151 6148
f 6125 6128 2202
f 6122 6127 6126
f 5354 6127 6123
f 5357 6127 5354
f 6123 6127 6122
f 6122 6126 6124
f 6122 6124 6121
f 6121 6124 6118
f 6118 6124 6125
f 5351 6123 6120
f 5416 6172 5413
f 6173 6176 2323
f 2323 6176 2333
f 6171 6175 6174
f 6172 6175 6171
f 5416 6175 6172
f 5421 6175 5416
f 6171 6174 6170
f 6170 6174 6173
f 6170 6173 2323
f 5413 6172 6169
f 6169 6172 6171
f 6174 6177 6173
f 6169 6171 6168
f 6168 6171 6167
f 6167 6171 6170
f 2290 6170 2312
f 2312 6170 2323
f 6167 6170 2290
f 6166 6169 6165
f 6165 6169 6168
f 5408 6169 6166
f 5413 6169 5408
f 6164 6168 6167
f 5420 6181 6178
f 6182 6185 2353
f 5430 6184 6181
f 6180 6184 6183
f 5429 6184 5430
f 6181 6184 6180
f 6179 6183 6182
f 6180 6183 6179
f 6179 6182 2343
f 2343 6182 2353
f 6177 6181 6180
f 6178 6181 6177
f 6165 6168 6164
f 5430 6181 5420
f 6177 6180 6176
f 6176 6180 6179
f 2333 6179 2343
f 6176 6179 2333
f 6175 6178 6177
f 5421 6178 6175
f 5420 6178 5421
f 6173 6177 6176
f 6175 6177 6174
f 6150 6154 6153
f 2191 6158 2193
f 6156 6158 6155
f 6155 6158 2191
f 6153 6157 6156
f 6154 6157 6153
f 5393 6157 6154
f 5397 6157 5393
f 6152 6156 6155
f 6153 6156 6152
f 6152 6155 2192
f 2192 6155 2191
f 6156 6159 6158
f 5393 6154 5388
f 5388 6154 6151
f 6151 6154 6150
f 6150 6153 6149
f 6149 6153 6152
f 6149 6152 2260
f 2260 6152 2192
f 6148 6151 6147
f 5388 6151 5384
f 6147 6151 6150
f 5396 6163 6160
f 6164 6167 2290
f 6162 6166 6165
f 6163 6166 6162
f 5405 6166 6163
f 5408 6166 5405
f 6162 6165 6164
f 2194 6164 2302
f 2302 6164 2290
f 6162 6164 6161
f 6161 6164 2194
f 6160 6163 6159
f 5345 6111 5342
f 6159 6163 6162
f 5405 6163 5396
f 6158 6162 6161
f 6159 6162 6158
f 2193 6161 2194
f 6158 6161 2193
f 6156 6160 6159
f 6157 6160 6156
f 5397 6160 6157
f 5396 6160 5397
f 6009 6010 6006
f 6012 6010 6009
f 6012 5947 5945
f 6012 5945 5944
f 6012 6013 6010
f 6012 5944 6013
f 6011 5989 5947
f 6011 6008 5989
f 6009 6007 6008
f 6009 6004 6007
f 6009 6005 6004
f 6009 6006 6005
f 6012 6008 6011
f 6007 6004 6008
f 6005 6003 6004
f 6005 6000 6003
f 6005 6001 6000
f 6005 6002 6001
f 6005 6006 6002
f 6003 6000 6004
f 6001 5999 6000
f 6001 5998 5997
f 6001 5987 5998
f 6001 5997 5999
f 6018 6025 6026
f 6037 6036 6029
f 6037 6029 6028
f 6036 6035 6029
f 6035 6034 6029
f 6034 6033 6029
f 6033 6032 6029
f 6032 6030 6029
f 6030 6031 6029
f 6029 6018 6028
f 6028 6018 6027
f 6027 6018 6026
f 6001 6002 5987
f 6018 6024 6025
f 6018 6023 6024
f 6018 6022 6023
f 6018 6021 6022
f 6018 6020 6021
f 6018 6019 6020
f 6017 6015 6014
f 6014 6015 6016
f 6012 6009 6008
f 6012 6011 5947
f 5977 1137 5943
f 5983 5980 5984
f 5980 5981 5982
f 5978 5975 5974
f 5978 5979 5976
f 5978 5948 5979
f 5978 5946 5948
f 5978 5974 5977
f 5978 5977 5946
f 5978 5976 5975
f 5977 5974 1132
f 5977 5943 5946
f 5985 5983 5986
f 5977 1133 1137
f 5977 1132 1133
f 5975 5973 5972
f 5975 5976 5973
f 5975 5972 5974
f 5974 5972 5971
f 5974 5971 1127
f 5974 1127 1132
f 5972 5968 5971
f 5972 5969 5968
f 5993 5986 5983
f 5999 5997 6000
f 5998 5987 5988
f 5998 5996 5997
f 5998 5988 5996
f 5996 5988 5997
f 5995 5994 5988
f 5995 5986 5994
f 5995 5985 5986
f 5995 5988 5985
f 5994 5986 5988
f 5993 5983 5984
f 6038 6039 6040
f 5993 5984 5992
f 5993 5992 5986
f 5992 5984 5986
f 5991 5982 5990
f 5991 5990 5984
f 5991 5980 5982
f 5991 5984 5980
f 5990 5982 5984
f 5947 5989 5949
f 5987 5985 5988
f 5333 6095 5330
f 6094 6099 6098
f 5336 6099 5333
f 5333 6099 6095
f 6095 6099 6094
f 6094 6098 6092
f 6092 6098 6096
f 6093 6096 6097
f 6092 6096 6093
f 6088 6095 6094
f 5330 6095 6090
f 6090 6095 6088
f 6097 6100 6101
f 6088 6094 6087
f 6087 6094 6092
f 6087 6092 6083
f 6083 6092 6093
f 5330 6090 6085
f 6089 6090 6088
f 6091 6090 6089
f 6085 6090 6091
f 6089 6088 6086
f 6086 6088 6087
f 6082 6087 6083
f 6100 6107 6105
f 5342 6111 6108
f 6107 6111 6110
f 6108 6111 6107
f 6107 6110 6105
f 6105 6110 6109
f 6105 6109 6106
f 5339 6108 6103
f 5342 6108 5339
f 6103 6108 6107
f 6103 6107 6102
f 6102 6107 6100
f 6086 6087 6082
f 6100 6105 6101
f 6101 6105 6104
f 6104 6105 6106
f 6099 6103 6098
f 6098 6103 6102
f 5339 6103 5336
f 5336 6103 6099
f 6098 6102 6096
f 6096 6102 6100
f 6096 6100 6097
f 6051 6054 6043
f 5444 150 6065
f 6064 1075 6063
f 1075 6062 6063
f 6061 6051 6060
f 6061 6059 6051
f 6060 6051 6057
f 6059 6056 6051
f 6057 6051 6058
f 6056 6055 6051
f 6055 6052 6051
f 6051 6043 6042
f 6065 147 6066
f 6051 6053 6054
f 6051 6052 6053
f 6042 6049 6050
f 6042 6048 6049
f 6042 6047 6048
f 6042 6046 6047
f 6042 6045 6046
f 6042 6044 6045
f 6042 6043 6044
f 6038 6040 6041
f 6073 6074 6071
f 5445 5444 6065
f 5321 5330 6085
f 6082 6083 6084
f 6079 6081 2294
f 6080 6081 6079
f 6078 6079 2294
f 6077 6078 2294
f 6076 6077 2294
f 6075 6076 6071
f 6071 6076 2294
f 6074 6075 6071
f 2353 6185 2292
f 6072 6073 6071
f 6070 6072 6071
f 6068 6070 6069
f 6069 6070 6071
f 154 6068 6067
f 6067 6068 6069
f 152 154 6067
f 147 152 6066
f 6066 152 6067
f 150 147 6065
f 1427 1428 5323
f 6289 6290 6284
f 6284 6290 6291
f 6288 6289 6284
f 6287 6288 6284
f 6286 6287 6284
f 6285 6286 6284
f 6283 6285 6284
f 6282 6283 179
f 179 6283 6284
f 6281 6282 179
f 6280 6281 179
f 6291 6292 6293
f 1425 1427 6279
f 6279 1427 5323
f 1423 1425 6278
f 6278 1425 6279
f 1421 1423 6277
f 6277 1423 6278
f 5319 1421 6277
f 6273 6276 6275
f 6275 6276 1379
f 5366 6276 6273
f 1379 6276 1378
f 6301 6299 5072
f 6299 6311 5067
f 5067 6311 5063
f 6310 6308 6307
f 6309 6308 6310
f 6307 6308 6306
f 6307 6306 6304
f 6304 6306 6303
f 6305 6303 6300
f 6304 6303 6305
f 6300 6303 6302
f 6300 6302 6299
f 5362 6276 5366
f 6300 6299 6301
f 5072 6299 5067
f 6298 5077 5071
f 6296 6298 6297
f 6297 6298 5071
f 6294 6296 6295
f 6295 6296 6297
f 6292 6294 6293
f 6293 6294 6295
f 6290 6292 6291
f 5294 6265 5293
f 6265 6269 6268
f 6266 6269 6265
f 6265 6268 5293
f 5293 6268 5292
f 6264 6267 6263
f 6263 6267 6266
f 5378 6267 6264
f 5374 6267 5378
f 6262 6266 6265
f 6263 6266 6262
f 6262 6265 5294
f 5370 6270 5374
f 6261 6264 6263
f 5382 6264 6261
f 5378 6264 5382
f 6260 6263 6262
f 6261 6263 6260
f 5295 6262 5294
f 6260 6262 6259
f 6259 6262 5295
f 6257 6261 6260
f 6258 6261 6257
f 6270 6273 6269
f 1378 6276 5362
f 6273 6275 6272
f 6271 6275 6274
f 6272 6275 6271
f 1374 6275 1379
f 6274 6275 1374
f 1370 6274 1374
f 1372 6274 1370
f 5290 6274 1372
f 6271 6274 5290
f 6269 6273 6272
f 6311 6312 5063
f 5370 6273 6270
f 5366 6273 5370
f 6268 6272 6271
f 6269 6272 6268
f 6268 6271 5292
f 5291 6271 5290
f 5292 6271 5291
f 6266 6270 6269
f 6267 6270 6266
f 5374 6270 6267
f 6333 6338 5051
f 6344 6345 5043
f 6340 6345 6339
f 6338 6344 5047
f 5047 6344 5043
f 6332 6343 6341
f 6342 6343 6332
f 6332 6341 6340
f 6332 6340 6339
f 6333 6339 6338
f 6332 6339 6334
f 6334 6339 6333
f 6339 6345 6338
f 5051 6338 5047
f 6331 6337 6330
f 6332 6337 6331
f 6336 6337 6332
f 6330 6337 6336
f 6335 6336 6332
f 6330 6336 6335
f 6328 6335 6334
f 6334 6335 6332
f 6329 6335 6328
f 6330 6335 6329
f 5043 6351 6350
f 6350 6356 6349
f 6349 6356 6355
f 5039 6355 5034
f 6349 6355 5039
f 6347 6353 6352
f 6354 6353 6342
f 6348 6353 6347
f 6342 6353 6348
f 6346 6352 6351
f 6347 6352 6346
f 6346 6351 5043
f 6328 6334 6333
f 5043 6350 6349
f 5043 6349 5039
f 6343 6348 6347
f 6342 6348 6343
f 6343 6347 6341
f 6340 6347 6346
f 6341 6347 6340
f 6345 6346 5043
f 6340 6346 6345
f 6338 6345 6344
f 6314 6315 5063
f 6316 6322 5059
f 5059 6322 5055
f 6315 6320 5063
f 6309 6320 6315
f 6321 6320 6309
f 5063 6320 6319
f 5063 6319 6318
f 5063 6318 6317
f 5063 6317 6316
f 5063 6316 5059
f 6306 6315 6314
f 6317 6322 6316
f 6309 6315 6308
f 6308 6315 6306
f 6306 6314 6303
f 6303 6314 6313
f 6313 6314 5063
f 6303 6313 6302
f 6302 6313 6312
f 6312 6313 5063
f 6302 6312 6299
f 6299 6312 6311
f 6322 6328 6327
f 6328 6333 6327
f 6327 6333 5055
f 5055 6333 5051
f 6332 6331 6321
f 6326 6331 6330
f 6321 6331 6326
f 6326 6330 6325
f 6325 6330 6329
f 6323 6329 6328
f 6325 6329 6324
f 6324 6329 6323
f 5386 6261 6258
f 6323 6328 6322
f 6322 6327 5055
f 6321 6326 6320
f 6320 6326 6325
f 6318 6325 6324
f 6320 6325 6319
f 6319 6325 6318
f 6318 6324 6317
f 6317 6324 6323
f 6317 6323 6322
f 6211 6213 6212
f 5310 6217 5309
f 6214 6217 5310
f 5327 6216 6212
f 6212 6216 6210
f 5326 6216 5327
f 6210 6216 6215
f 6208 6215 6214
f 6210 6215 6208
f 5271 6214 5310
f 6208 6214 5271
f 6213 5446 5327
f 6215 6218 6214
f 6212 6213 5327
f 6209 6211 6210
f 6210 6211 6212
f 5270 6209 6208
f 6208 6209 6210
f 5271 5270 6208
f 6198 6084 6199
f 6082 6084 6204
f 6204 6084 6198
f 6086 6082 6201
f 6202 6082 6207
f 5434 6222 5438
f 5307 6226 5306
f 6221 6225 6224
f 5434 6225 6222
f 6222 6225 6221
f 5427 6225 5434
f 6220 6224 6223
f 6221 6224 6220
f 6220 6223 5308
f 5308 6223 5307
f 6218 6222 6221
f 6219 6222 6218
f 6207 6082 6206
f 5438 6222 6219
f 6218 6221 6217
f 6217 6221 6220
f 6217 6220 5309
f 5309 6220 5308
f 6216 6219 6215
f 6215 6219 6218
f 5326 6219 6216
f 5438 6219 5326
f 6214 6218 6217
f 6186 6189 6185
f 6190 6192 6189
f 6189 6192 6188
f 6188 6192 6191
f 2294 6191 6071
f 6071 6191 6069
f 2293 6191 2294
f 6188 6191 2293
f 6187 6190 6189
f 5440 6190 6187
f 6187 6189 6186
f 6185 6189 6188
f 6191 6192 6069
f 2292 6188 2291
f 2291 6188 2293
f 6185 6188 2292
f 6183 6187 6186
f 6184 6187 6183
f 5429 6187 6184
f 5436 6187 5429
f 5440 6187 5436
f 6183 6186 6182
f 6182 6186 6185
f 5321 6085 6194
f 6206 6082 6205
f 6205 6082 6203
f 6203 6082 6204
f 6201 6082 6202
f 6089 6086 6197
f 6197 6086 6201
f 6198 6199 6200
f 6091 6089 6196
f 6196 6089 6197
f 6085 6091 6195
f 6195 6091 6196
f 6223 6226 5307
f 6194 6085 6195
f 5322 5321 6194
f 6066 6193 6065
f 6065 6193 5445
f 6192 6193 6066
f 6190 6193 6192
f 5440 6193 6190
f 5445 6193 5440
f 6069 6192 6067
f 6067 6192 6066
f 6244 6247 5299
f 5391 6252 5399
f 5399 6252 6249
f 6247 6251 6250
f 6248 6251 6247
f 6247 6250 5298
f 5400 6249 6246
f 6245 6249 6248
f 5399 6249 5400
f 6246 6249 6245
f 6245 6248 6247
f 6245 6247 6244
f 6248 6252 6251
f 5299 6247 5298
f 6242 6246 6245
f 6243 6246 6242
f 5400 6246 5403
f 5403 6246 6243
f 6241 6245 6244
f 6242 6245 6241
f 6241 6244 5301
f 5300 6244 5299
f 5301 6244 5300
f 5297 6256 5296
f 5382 6261 5386
f 6257 6260 6256
f 6256 6260 6259
f 5296 6259 5295
f 6256 6259 5296
f 6255 6258 6257
f 5390 6258 6255
f 5386 6258 5390
f 6255 6257 6254
f 6253 6257 6256
f 6254 6257 6253
f 6239 6243 6242
f 6253 6256 5297
f 6252 6255 6251
f 5391 6255 6252
f 6251 6255 6254
f 5390 6255 5391
f 6250 6254 6253
f 6251 6254 6250
f 5298 6253 5297
f 6250 6253 5298
f 6249 6252 6248
f 5423 6231 5424
f 5423 6234 6231
f 6231 6234 6230
f 6230 6234 6233
f 5418 6234 5423
f 6229 6233 6232
f 6230 6233 6229
f 6229 6232 5305
f 5305 6232 5304
f 6228 6231 6227
f 6227 6231 6230
f 5424 6231 6228
f 6232 6235 5304
f 6226 6230 6229
f 6227 6230 6226
f 6226 6229 5306
f 5306 6229 5305
f 5427 6228 6225
f 5424 6228 5427
f 6225 6228 6227
f 6224 6227 6223
f 6225 6227 6224
f 6223 6227 6226
f 6236 6239 6235
f 6240 6243 6239
f 5410 6243 6240
f 5403 6243 5410
f 6239 6242 6241
f 6239 6241 6238
f 6238 6241 5301
f 6237 6240 6239
f 5411 6240 6237
f 5410 6240 5411
f 6235 6239 6238
f 6237 6239 6236
f 5972 5970 5969
f 6235 6238 5302
f 5302 6238 5301
f 6233 6237 6236
f 6234 6237 6233
f 5418 6237 6234
f 5411 6237 5418
f 6232 6236 6235
f 6233 6236 6232
f 5303 6235 5302
f 5304 6235 5303
f 5596 5593 5588
f 5614 5599 5603
f 5614 5600 5599
f 5611 5612 5613
f 5608 5609 5610
f 5606 5607 5604
f 5604 5605 5602
f 5602 5603 5599
f 5599 5600 5601
f 5598 5588 5597
f 5598 5596 5588
f 5597 5588 5594
f 5615 5603 5600
f 5594 5588 5595
f 5593 5592 5588
f 5592 5591 5588
f 5591 5589 5588
f 5588 5586 5587
f 5588 5590 5586
f 5588 5589 5590
f 5585 5587 5586
f 5585 5586 5584
f 5583 5585 5584
f 5583 5584 5582
f 5619 5618 5607
f 5625 5622 5623
f 5625 5623 5626
f 5625 5626 5622
f 5623 5622 5620
f 5623 5620 5606
f 5623 5606 5624
f 5621 5620 5622
f 5621 5607 5620
f 5621 5622 5607
f 5620 5607 5606
f 5619 5605 5618
f 5581 5583 5582
f 5619 5607 5605
f 5618 5604 5607
f 5618 5605 5604
f 5617 5616 5605
f 5617 5603 5616
f 5617 5605 5603
f 5616 5602 5605
f 5616 5603 5602
f 5615 5614 5603
f 5615 5600 5614
f 5555 5534 5556
f 5560 5559 5513
f 5560 5537 5558
f 5559 5555 5556
f 5559 5536 5513
f 5559 5558 5555
f 5559 5556 5536
f 5557 5554 5555
f 5557 5555 5558
f 5557 5558 5554
f 5555 5552 5534
f 5555 5554 5552
f 5560 5513 5517
f 5553 5535 5552
f 5553 5552 5554
f 5553 5554 5535
f 5552 5535 5534
f 5551 5533 5550
f 5551 5550 5535
f 5551 5535 5533
f 5550 5532 5535
f 5550 5533 5532
f 5549 5531 5548
f 5562 5571 5570
f 5581 5582 5580
f 5579 5581 5580
f 5579 5580 5578
f 5577 5579 5578
f 5577 5578 5576
f 5575 5577 5576
f 5575 5576 5574
f 5573 5575 5574
f 5573 5574 5572
f 5571 5573 5572
f 5571 5572 5570
f 5627 5624 5628
f 5562 5570 5569
f 5563 5562 5569
f 5568 5562 5567
f 5567 5562 5566
f 5566 5562 5565
f 5565 5562 5564
f 5564 5562 5561
f 5561 5562 5563
f 5560 5558 5559
f 5560 5517 5537
f 5664 5676 5674
f 5679 5687 5685
f 5676 5686 5684
f 5679 5685 5678
f 5676 5684 5674
f 5680 5683 5677
f 5671 5682 5681
f 5671 5681 5669
f 5675 5680 5677
f 5672 5679 5678
f 5672 5678 5673
f 5675 5677 5670
f 5680 5688 5683
f 5667 5675 5670
f 5664 5674 5662
f 5666 5672 5668
f 5668 5672 5673
f 5657 5671 5669
f 5667 5670 5663
f 5657 5669 5658
f 5666 5668 5665
f 5661 5667 5663
f 5659 5666 5665
f 5659 5665 5660
f 5686 5699 5696
f 5710 5709 5697
f 5697 5709 5698
f 5707 5708 5706
f 5705 5707 5706
f 5705 5706 5704
f 5703 5705 5704
f 5703 5704 5702
f 5701 5703 5702
f 5701 5702 5700
f 5695 5701 5700
f 5695 5700 5692
f 5652 5664 5662
f 5690 5698 5689
f 5697 5698 5690
f 5686 5696 5684
f 5687 5695 5692
f 5693 5694 5691
f 5682 5693 5691
f 5687 5692 5685
f 5682 5691 5681
f 5688 5690 5689
f 5688 5689 5683
f 5633 5630 5631
f 5613 5637 5638
f 5608 5610 5637
f 5636 5635 5608
f 5636 5634 5635
f 5636 5613 5612
f 5636 5608 5613
f 5636 5612 5634
f 5635 5631 5632
f 5635 5609 5608
f 5635 5634 5631
f 5635 5632 5609
f 5613 5608 5637
f 5633 5631 5634
f 5633 5634 5630
f 5631 5627 5628
f 5631 5630 5627
f 5631 5628 5632
f 5629 5627 5630
f 5629 5626 5627
f 5629 5630 5626
f 5627 5623 5624
f 5627 5626 5623
f 5649 5652 5651
f 5661 5663 5656
f 5652 5662 5651
f 5655 5661 5656
f 5653 5659 5654
f 5654 5659 5660
f 5646 5658 5647
f 5657 5658 5646
f 5655 5656 5650
f 5645 5655 5650
f 5643 5653 5644
f 5644 5653 5654
f 5549 5548 5533
f 5649 5651 5648
f 5645 5650 5642
f 5648 5647 5649
f 5646 5647 5648
f 5639 5645 5642
f 5640 5643 5641
f 5641 5643 5644
f 5639 5642 5640
f 5639 5640 5641
f 5611 5613 5638
f 5435 5436 5429
f 5441 5438 5326
f 5441 5437 5438
f 5441 5326 5325
f 5439 5435 5437
f 5439 5436 5435
f 5439 5440 5436
f 5437 5434 5438
f 5437 5433 5434
f 5437 5435 5433
f 5435 5429 5432
f 5435 5432 5431
f 5442 5325 5443
f 5435 5431 5433
f 5433 5427 5434
f 5433 5431 5427
f 5432 5428 5426
f 5432 5426 5431
f 5432 5429 5428
f 5431 5426 5427
f 5428 5422 5426
f 5428 5420 5425
f 5428 5430 5420
f 5428 5429 5430
f 5446 150 5443
f 5459 5455 5456
f 5458 5457 5454
f 5457 5453 5454
f 5456 5455 5452
f 5455 5451 5452
f 5454 5453 5450
f 5453 5447 5450
f 5451 5449 5448
f 5451 5448 5452
f 5450 5447 5449
f 5447 5448 5449
f 5428 5425 5422
f 5446 5443 5325
f 5446 5325 5327
f 150 5444 5443
f 5442 5437 5441
f 5442 5439 5437
f 5442 5441 5325
f 5442 5445 5440
f 5442 5440 5439
f 5442 5444 5445
f 5442 5443 5444
f 5404 5405 5396
f 5412 5413 5408
f 5409 5406 5403
f 5409 5410 5411
f 5409 5403 5410
f 5407 5404 5406
f 5407 5405 5404
f 5407 5408 5405
f 5406 5404 5402
f 5406 5402 5403
f 5404 5401 5402
f 5404 5396 5401
f 5412 5408 5407
f 5402 5401 5398
f 5402 5398 5400
f 5402 5400 5403
f 5401 5394 5398
f 5401 5396 5395
f 5401 5395 5394
f 5398 5399 5400
f 5398 5391 5399
f 5398 5394 5391
f 5395 5392 5394
f 5419 5421 5416
f 5426 5422 5424
f 5426 5424 5427
f 5425 5419 5422
f 5425 5420 5419
f 5422 5419 5417
f 5422 5417 5418
f 5422 5423 5424
f 5422 5418 5423
f 5419 5414 5417
f 5419 5415 5414
f 5419 5416 5415
f 5460 5459 5456
f 5419 5420 5421
f 5417 5414 5411
f 5417 5411 5418
f 5415 5412 5414
f 5415 5413 5412
f 5415 5416 5413
f 5414 5412 5409
f 5414 5409 5411
f 5412 5406 5409
f 5412 5407 5406
f 5526 5527 5524
f 5539 5538 5523
f 5539 5520 5538
f 5539 5523 5520
f 5538 5519 5523
f 5538 5520 5519
f 5518 5537 5517
f 5513 5536 5514
f 5534 5535 5532
f 5532 5533 5530
f 5530 5531 5528
f 5528 5529 5526
f 5540 5523 5522
f 5524 5525 5522
f 5522 5523 5519
f 5519 5520 5521
f 5518 5517 5516
f 5517 5513 5516
f 5513 5515 5516
f 5513 5514 5515
f 5512 5511 5504
f 5512 5504 5473
f 5511 5510 5504
f 5510 5509 5504
f 5544 5526 5529
f 5549 5533 5531
f 5548 5530 5533
f 5548 5531 5530
f 5547 5529 5546
f 5547 5546 5531
f 5547 5531 5529
f 5546 5528 5531
f 5546 5529 5528
f 5545 5527 5544
f 5545 5544 5529
f 5545 5529 5527
f 5509 5508 5504
f 5544 5527 5526
f 5543 5525 5542
f 5543 5542 5527
f 5543 5527 5525
f 5542 5524 5527
f 5542 5525 5524
f 5541 5540 5525
f 5541 5523 5540
f 5541 5525 5523
f 5540 5522 5525
f 5470 5468 5469
f 5484 5483 5482
f 5483 5481 5482
f 5482 5481 5480
f 5481 5479 5480
f 5480 5479 5478
f 5479 5477 5478
f 5478 5477 5476
f 5477 5475 5476
f 5476 5475 5472
f 5475 5473 5472
f 5472 5473 5474
f 5485 5483 5484
f 5470 5469 5471
f 5468 5463 5464
f 5468 5464 5469
f 5466 5465 5462
f 5466 5467 5465
f 5465 5461 5462
f 5464 5463 5460
f 5463 5459 5460
f 5462 5461 5458
f 5461 5457 5458
f 5497 5494 5495
f 5508 5507 5504
f 5507 5505 5504
f 5505 5506 5504
f 5504 5474 5473
f 5503 5494 5502
f 5503 5493 5494
f 5502 5494 5501
f 5501 5494 5500
f 5500 5494 5499
f 5499 5494 5498
f 5498 5494 5497
f 5707 5711 5708
f 5495 5494 5496
f 5494 5493 5492
f 5493 5491 5492
f 5492 5491 5490
f 5491 5489 5490
f 5490 5489 5488
f 5489 5487 5488
f 5488 5487 5486
f 5487 5485 5486
f 5486 5485 5484
f 5888 5889 5865
f 5891 5847 5868
f 5891 5887 5890
f 5891 5848 5847
f 5891 5890 5848
f 5891 5888 5887
f 5890 5867 5848
f 5890 5887 5867
f 5888 5886 5887
f 5888 5884 5886
f 5888 5885 5884
f 5888 5865 5885
f 5891 5868 5888
f 5888 5868 5889
f 5886 5884 5887
f 5885 5883 5884
f 5885 5866 5883
f 5885 5865 5866
f 5883 5866 5884
f 5882 5881 5866
f 5882 5864 5881
f 5882 5866 5863
f 5882 5863 5864
f 5881 5864 5866
f 5901 5900 5894
f 5907 1110 5906
f 1110 1104 5906
f 5906 1104 5905
f 1104 1099 5905
f 5905 1099 5904
f 1099 1092 5904
f 5904 1092 5903
f 1092 1094 5903
f 5903 1094 1018
f 5902 5901 5894
f 5902 5894 1522
f 5880 5879 5864
f 5900 5899 5894
f 5899 5898 5894
f 5898 5897 5894
f 5897 5895 5894
f 5895 5896 5894
f 5894 883 1522
f 5893 5892 1440
f 5893 1440 1439
f 5892 1436 1440
f 5892 1434 1436
f 5859 5857 5860
f 5871 5854 5856
f 5870 5852 5869
f 5870 5869 5854
f 5870 5850 5852
f 5870 5854 5850
f 5869 5852 5854
f 5846 5868 5847
f 5848 5867 5849
f 5865 5863 5866
f 5863 5861 5864
f 5861 5859 5862
f 5872 5856 5853
f 5857 5855 5858
f 5855 5853 5856
f 5853 5850 5854
f 5850 5851 5852
f 5820 5822 5848
f 5820 5848 5849
f 5822 5819 5847
f 5822 5847 5848
f 5819 1253 5847
f 1253 5846 5847
f 5876 5857 5858
f 5880 5864 5861
f 5880 5861 5862
f 5880 5862 5879
f 5879 5862 5864
f 5878 5859 5860
f 5878 5862 5859
f 5878 5877 5862
f 5878 5860 5877
f 5877 5860 5862
f 5876 5875 5860
f 5876 5858 5875
f 1114 1110 5907
f 5876 5860 5857
f 5875 5858 5860
f 5874 5873 5858
f 5874 5856 5873
f 5874 5855 5856
f 5874 5858 5855
f 5873 5856 5858
f 5872 5854 5871
f 5872 5871 5856
f 5872 5853 5854
f 5954 5952 5951
f 5960 5957 5956
f 5960 5961 5958
f 5959 5956 1102
f 5959 1102 1107
f 5957 5955 5954
f 5957 5953 5956
f 5957 5954 5953
f 5957 5958 5955
f 5956 5953 1097
f 5956 1097 1102
f 5954 5951 5950
f 5960 5958 5957
f 5954 5950 5953
f 5954 5955 5952
f 5953 5950 1089
f 5953 1089 1097
f 5951 1519 5950
f 5951 5952 1430
f 5951 1430 1432
f 5951 1432 1519
f 5950 1088 1089
f 5950 1519 1088
f 5948 5946 5947
f 5966 5967 5964
f 5972 5973 5970
f 5971 5968 1122
f 5971 1122 1127
f 5969 5966 5968
f 5969 5967 5966
f 5969 5970 5967
f 5968 5966 5965
f 5968 5965 1117
f 5968 1117 1122
f 5966 5963 5965
f 5966 5964 5963
f 5948 5947 5949
f 5965 5963 5962
f 5965 5962 1108
f 5965 1108 1117
f 5963 5960 5959
f 5963 5959 5962
f 5963 5961 5960
f 5963 5964 5961
f 5962 5959 1107
f 5962 1107 1108
f 5960 5956 5959
f 5913 1145 5912
f 5920 5922 5921
f 5921 5922 5923
f 5918 5920 5919
f 5919 5920 5921
f 5916 5918 5917
f 5917 5918 5919
f 5915 5916 5917
f 5914 5916 5915
f 1144 5914 5915
f 1144 5913 5914
f 1144 1145 5913
f 5923 5924 5925
f 1145 1135 5912
f 5912 1135 5911
f 1135 1129 5911
f 5911 1129 5910
f 1129 1125 5910
f 5910 1125 5909
f 1125 1119 5909
f 5909 1119 5908
f 1119 1114 5908
f 5908 1114 5907
f 5930 5932 5931
f 5946 5943 5945
f 5946 5945 5947
f 5943 5944 5945
f 5943 1137 5944
f 5941 5942 5932
f 5932 5942 5940
f 5939 5941 5932
f 5932 5940 5937
f 5938 5939 5932
f 5932 5937 5936
f 5932 5936 5935
f 5845 5842 5844
f 5934 5932 5935
f 5933 5932 5934
f 5931 5932 5933
f 5928 5930 5929
f 5929 5930 5931
f 5926 5928 5927
f 5927 5928 5929
f 5924 5926 5925
f 5925 5926 5927
f 5922 5924 5923
f 1187 1191 5754
f 5758 1546 1550
f 536 1544 1546
f 5739 5696 5699
f 1237 5696 5739
f 5755 5757 1200
f 1200 5757 1192
f 1192 5757 5756
f 1191 1192 5756
f 1191 5756 5754
f 1205 5755 1200
f 5753 5755 1205
f 5758 1550 1549
f 1187 5754 5752
f 5751 5753 1209
f 1209 5753 1205
f 1179 1187 5752
f 1179 5752 5750
f 1174 1179 5750
f 5751 1209 1214
f 5749 5751 1214
f 1174 5750 5748
f 1167 1174 5748
f 5749 1214 1221
f 5767 5769 5768
f 5779 1654 1655
f 5777 1618 5778
f 5778 1618 1620
f 5775 5777 5776
f 5776 5777 5778
f 5773 5775 5774
f 5774 5775 5776
f 5771 5773 5772
f 5772 5773 5774
f 5769 5771 5770
f 5770 5771 5772
f 5746 5749 1221
f 5768 5769 5770
f 5765 5767 5766
f 5766 5767 5768
f 5763 5765 5764
f 5764 5765 5766
f 5762 5763 5764
f 5759 5763 5762
f 5759 5762 5760
f 5759 5760 5761
f 5758 536 1546
f 5721 5722 5720
f 5731 5733 5732
f 5731 5732 5730
f 5729 5731 5730
f 5729 5730 5728
f 5727 5729 5728
f 5727 5728 5726
f 5725 5727 5726
f 5725 5726 5724
f 5723 5725 5724
f 5723 5724 5722
f 5721 5723 5722
f 5731 5734 5733
f 5719 5721 5720
f 5719 5720 5718
f 5717 5719 5718
f 5717 5718 5716
f 5715 5717 5716
f 5715 5716 5714
f 5713 5715 5714
f 5713 5714 5712
f 5711 5713 5712
f 5711 5712 5708
f 5742 1234 1241
f 1167 5748 5747
f 1167 5747 5745
f 1162 1167 5745
f 5746 1221 1226
f 5744 5746 1226
f 1162 5745 5743
f 1158 1162 5743
f 5744 1226 1234
f 5742 5744 1234
f 1158 5743 5741
f 1150 1158 5741
f 5779 5780 5781
f 5740 5742 1241
f 1150 5741 5738
f 1148 1150 5738
f 5740 1241 1237
f 5739 5740 1237
f 1148 5738 5737
f 5736 1148 5737
f 5736 5737 5735
f 5734 5736 5735
f 5734 5735 5733
f 5830 5828 5827
f 5836 5833 5832
f 5836 5837 5834
f 5835 5832 1282
f 5833 5830 5829
f 5833 5829 5832
f 5833 5831 5830
f 5833 5834 5831
f 5832 5829 1276
f 5832 1276 1282
f 5830 5826 5829
f 5830 5827 5826
f 5836 5832 5835
f 5830 5831 5828
f 5829 5826 1264
f 5829 1270 1276
f 5829 1264 1270
f 5827 5824 5823
f 5827 5825 5824
f 5827 5823 5826
f 5827 5828 5825
f 5826 5823 1249
f 5826 1249 1264
f 5842 5840 5839
f 5845 5843 5842
f 5845 5822 5821
f 5845 5844 5819
f 5845 5821 5843
f 5845 5819 5822
f 5844 5842 5841
f 5844 1251 5819
f 5844 5841 1294
f 5844 1294 1251
f 5842 5838 5841
f 5842 5839 5838
f 5824 1613 5823
f 5842 5843 5840
f 5841 5838 1288
f 5841 1288 1294
f 5839 5835 5838
f 5839 5837 5836
f 5839 5836 5835
f 5839 5840 5837
f 5838 5835 1282
f 5838 1282 1288
f 5836 5834 5833
f 5790 5792 5793
f 5803 5801 5802
f 5803 5802 5804
f 5801 5799 5800
f 5801 5800 5802
f 5799 5798 5790
f 5799 5790 5800
f 5798 5797 5790
f 5797 5791 5790
f 5790 5795 5796
f 5790 5794 5795
f 5790 5793 5794
f 5805 5804 5806
f 5790 5791 5792
f 5789 5779 5788
f 5789 5787 5779
f 5788 5779 5785
f 5787 5784 5779
f 5785 5779 5786
f 5784 5783 5779
f 5783 5782 5779
f 5782 5780 5779
f 5779 5781 1654
f 5815 5813 5814
f 5824 5825 1616
f 5824 1616 1615
f 5824 1615 1613
f 5823 1250 1249
f 5823 1613 1250
f 5820 5821 5822
f 5819 1251 1253
f 5760 5817 5818
f 5760 5818 5761
f 5817 5815 5816
f 5817 5816 5818
f 6351 6356 6350
f 5815 5814 5816
f 5813 5811 5812
f 5813 5812 5814
f 5811 5809 5810
f 5811 5810 5812
f 5809 5807 5808
f 5809 5808 5810
f 5807 5805 5806
f 5807 5806 5808
f 5805 5803 5804
f 6668 6669 6813
f 6824 6825 385
f 6814 6671 6815
f 6670 6671 6820
f 6820 6671 6814
f 6669 6670 6817
f 6818 6670 6823
f 6823 6670 6822
f 6822 6670 6821
f 6821 6670 6819
f 6819 6670 6820
f 6817 6670 6818
f 6825 6826 385
f 6813 6669 6817
f 6814 6815 6816
f 6667 6668 6812
f 6812 6668 6813
f 6665 6667 6811
f 6811 6667 6812
f 5073 6665 6810
f 6810 6665 6811
f 5076 5073 6810
f 6653 6809 6651
f 6645 6809 5069
f 367 372 6833
f 5214 505 490
f 5219 490 489
f 5167 5165 417
f 5169 5167 409
f 6837 5264 6838
f 6838 5264 5174
f 6835 6837 6836
f 6836 6837 6838
f 374 6835 6834
f 6834 6835 6836
f 372 374 6834
f 6651 6809 6649
f 6833 372 6834
f 368 367 6828
f 6828 367 6833
f 6832 368 6828
f 6831 6832 6828
f 6830 6831 6828
f 6829 6830 6828
f 6827 6829 6828
f 6826 6827 385
f 385 6827 6828
f 5041 6796 6793
f 6800 6801 6799
f 6799 6801 6798
f 6797 6800 6799
f 5049 6800 6797
f 5053 6800 5049
f 6797 6799 6798
f 5045 6797 6794
f 6794 6797 6798
f 5049 6797 5045
f 6793 6796 6795
f 6795 6796 5045
f 5053 6801 6800
f 5045 6796 5041
f 6793 6795 6794
f 6794 6795 5045
f 6791 6793 6790
f 6790 6793 6794
f 5037 6793 6791
f 5041 6793 5037
f 6789 6792 6791
f 6791 6792 5037
f 5033 6792 6789
f 6803 6805 6806
f 6649 6809 6647
f 6647 6809 6645
f 5065 6809 6808
f 6806 6809 6659
f 6808 6809 6806
f 5069 6809 5065
f 6659 6809 6653
f 5065 6808 6805
f 6807 6808 6806
f 6805 6808 6807
f 6805 6807 6806
f 513 1309 514
f 6804 6805 6803
f 5061 6805 5057
f 5057 6805 6804
f 5065 6805 5061
f 6802 6804 6803
f 6801 6804 6802
f 5057 6804 5053
f 5053 6804 6801
f 6801 6802 6798
f 6798 6802 6803
f 5163 6862 5165
f 6862 6865 6861
f 5163 6865 6862
f 6860 6864 6863
f 6861 6864 6860
f 6860 6863 6859
f 6859 6863 6858
f 6858 6863 425
f 425 6863 433
f 6856 6862 6861
f 5165 6862 6857
f 6857 6862 6856
f 6861 6865 6864
f 6856 6861 6860
f 6855 6860 6859
f 6856 6860 6855
f 6855 6859 6858
f 6855 6858 425
f 5165 6857 417
f 417 6857 6856
f 417 6856 6855
f 417 6855 425
f 417 6854 5167
f 5167 6854 409
f 6866 6871 433
f 6871 6877 6876
f 6871 6876 6875
f 6871 6875 6874
f 6871 6874 441
f 6870 6873 6869
f 5254 6873 6870
f 6869 6873 6872
f 6868 6872 6871
f 6869 6872 6868
f 6868 6871 6867
f 6867 6871 6866
f 6853 6854 417
f 433 6871 441
f 6864 6870 6869
f 6865 6870 6864
f 5163 6870 6865
f 5254 6870 5163
f 6864 6869 6868
f 6863 6868 6867
f 6864 6868 6863
f 6863 6867 6866
f 6863 6866 433
f 6836 6841 6834
f 386 6845 6844
f 6844 6845 401
f 386 6844 401
f 6838 6843 6842
f 5174 6843 6838
f 5173 6843 5174
f 6836 6842 6841
f 6841 6842 386
f 6838 6842 6836
f 6840 6841 386
f 6834 6841 6840
f 6842 6846 386
f 6834 6840 6833
f 6833 6840 6839
f 6839 6840 386
f 385 6839 386
f 6833 6839 6828
f 6828 6839 385
f 5204 1322 1323
f 5204 1323 1318
f 5204 1318 1316
f 5204 1316 1314
f 6849 6850 409
f 409 6854 6853
f 409 6853 6852
f 6852 6853 417
f 409 6852 417
f 401 6851 6850
f 409 6851 5169
f 6847 6851 401
f 5171 6851 6847
f 6850 6851 409
f 5169 6851 5171
f 401 6850 6849
f 5037 6792 5033
f 401 6849 6848
f 6848 6849 409
f 401 6848 409
f 6843 6847 6842
f 6846 6847 401
f 6842 6847 6846
f 5171 6847 5173
f 5173 6847 6843
f 6845 6846 401
f 386 6846 6845
f 4974 6734 4977
f 4968 6739 4972
f 6738 6739 4968
f 6735 6738 6736
f 6734 6737 6735
f 4974 6737 6734
f 4972 6737 4974
f 6730 6735 6736
f 6734 6735 6733
f 6733 6735 6730
f 6732 6734 6733
f 4977 6734 6732
f 6737 6739 6735
f 6732 6733 6731
f 6731 6733 6730
f 6729 6732 6731
f 4977 6732 4981
f 4981 6732 6729
f 6729 6731 6730
f 6727 6729 6730
f 4981 6729 6728
f 6728 6729 6727
f 4985 6728 4989
f 4981 6728 4985
f 4962 6743 6740
f 6747 6748 6746
f 4971 6748 6747
f 6746 6748 6745
f 6744 6747 6746
f 4967 6747 6744
f 4971 6747 4967
f 6744 6746 6745
f 6741 6744 6745
f 4967 6744 4964
f 4964 6744 6741
f 6742 6743 4964
f 6726 6728 6727
f 6740 6743 6742
f 4964 6743 4962
f 6741 6742 4964
f 6740 6742 6741
f 6736 6740 6741
f 6738 6740 6736
f 4962 6740 4968
f 4968 6740 6738
f 4972 6739 6737
f 6735 6739 6738
f 6710 6712 6711
f 6714 6717 6716
f 4998 6717 5002
f 6714 6716 6715
f 6711 6714 6715
f 6712 6714 6711
f 5006 6714 6712
f 5002 6714 5006
f 6710 6713 6712
f 6712 6713 5006
f 5010 6713 6710
f 5006 6713 5010
f 5002 6717 6714
f 6706 6710 6711
f 6708 6710 6706
f 6709 6710 6708
f 5010 6710 6709
f 5014 6709 6707
f 6707 6709 6708
f 5010 6709 5014
f 6707 6708 6705
f 6705 6708 6706
f 6704 6707 6705
f 6720 6723 6721
f 6725 6728 6726
f 4989 6728 6725
f 6721 6726 6727
f 6725 6726 6721
f 4989 6725 6724
f 6724 6725 6723
f 6723 6725 6721
f 6722 6724 6720
f 4989 6724 4994
f 6720 6724 6723
f 4994 6724 6722
f 6745 6749 6750
f 4994 6722 6719
f 6719 6722 6720
f 6715 6720 6721
f 6718 6720 6715
f 6719 6720 6718
f 6717 6719 6718
f 4994 6719 4998
f 4998 6719 6717
f 6717 6718 6716
f 6716 6718 6715
f 6773 6776 6774
f 5021 6782 5019
f 6774 6780 6781
f 6778 6780 6774
f 6776 6779 6778
f 6777 6779 6776
f 5015 6779 6777
f 6776 6778 6774
f 6773 6777 6776
f 5011 6777 6775
f 6775 6777 6773
f 5015 6777 5011
f 5019 6782 5015
f 5007 6775 6772
f 6772 6775 6773
f 5011 6775 5007
f 6769 6773 6774
f 6772 6773 6769
f 6771 6772 6770
f 6770 6772 6769
f 5007 6772 6771
f 5003 6771 6768
f 6768 6771 6770
f 5007 6771 5003
f 6784 6785 6781
f 6789 6791 6790
f 6788 6789 6787
f 6787 6789 6786
f 6786 6789 6790
f 5029 6789 6788
f 5033 6789 5029
f 6785 6788 6787
f 5025 6788 6785
f 5029 6788 5025
f 6785 6787 6786
f 6781 6785 6786
f 6768 6770 6769
f 5025 6785 6784
f 6780 6784 6783
f 6783 6784 6781
f 6782 6784 6780
f 5021 6784 6782
f 5025 6784 5021
f 6780 6783 6781
f 6778 6782 6780
f 6779 6782 6778
f 5015 6782 6779
f 6750 6754 6755
f 4988 6758 4984
f 4990 6758 4988
f 6757 6758 6755
f 4984 6758 6757
f 6756 6757 6755
f 4984 6757 4980
f 6754 6757 6756
f 4980 6757 6754
f 6754 6756 6755
f 6753 6754 6752
f 4980 6754 6753
f 6758 6759 6755
f 6752 6754 6750
f 4976 6753 6751
f 6749 6753 6752
f 6751 6753 6749
f 4980 6753 4976
f 6749 6752 6750
f 6748 6751 6749
f 4976 6751 4971
f 4971 6751 6748
f 6748 6749 6745
f 4995 6764 4993
f 6765 6768 6769
f 6766 6768 6765
f 4999 6768 6766
f 5003 6768 4999
f 6764 6767 6766
f 6766 6767 4999
f 4999 6767 4995
f 4995 6767 6764
f 6764 6766 6765
f 6760 6764 6765
f 6762 6764 6760
f 6872 6877 6871
f 4993 6764 6762
f 4993 6763 4990
f 6762 6763 4993
f 6759 6763 6762
f 6761 6763 6759
f 4990 6763 6761
f 6759 6762 6760
f 6758 6761 6759
f 4990 6761 6758
f 6755 6759 6760
f 5160 6984 5133
f 6987 6990 6989
f 6987 6989 5131
f 5194 6988 6986
f 6986 6988 6985
f 6985 6988 6987
f 6984 6987 5133
f 6985 6987 6984
f 5133 6987 5131
f 5160 6986 6985
f 5194 6986 5160
f 5160 6985 6984
f 5198 6991 5194
f 5159 6983 6982
f 6982 6983 5160
f 5160 6983 5159
f 5159 6982 6981
f 6981 6982 5160
f 5135 6981 5160
f 5159 6981 5135
f 5158 6980 6979
f 6979 6980 5159
f 5159 6980 5158
f 5158 6979 6978
f 6992 6995 6994
f 6997 6999 5127
f 6995 6998 6997
f 5202 6998 6996
f 6996 6998 6995
f 6994 6997 5129
f 5129 6997 5127
f 6995 6997 6994
f 5198 6996 6993
f 5202 6996 5198
f 6993 6996 6995
f 6993 6995 6992
f 6978 6979 5159
f 6992 6994 5129
f 6990 6993 6992
f 6991 6993 6990
f 5198 6993 6991
f 6990 6992 6989
f 6989 6992 5131
f 5131 6992 5129
f 6987 6991 6990
f 5194 6991 6988
f 6988 6991 6987
f 5094 6957 6959
f 6964 6969 5145
f 5145 6969 5143
f 6966 6967 5155
f 6965 6967 6966
f 6968 6967 6965
f 5180 6967 6968
f 5155 6967 5180
f 6964 6966 5155
f 6963 6966 6964
f 6965 6966 6963
f 6963 6964 5145
f 5155 6969 6964
f 5094 6959 6961
f 5094 6961 5092
f 5168 5170 5097
f 5166 5168 5099
f 5164 5166 5101
f 5161 5164 5103
f 5162 5161 5105
f 5160 5133 5135
f 5159 5135 5137
f 5158 5137 5139
f 5157 6974 5156
f 5137 6978 5159
f 5158 6978 5137
f 5157 6977 6976
f 6976 6977 5158
f 5158 6977 5157
f 5157 6976 6975
f 6975 6976 5158
f 5139 6975 5158
f 5157 6975 5139
f 5156 6974 6973
f 6973 6974 5157
f 6997 7000 6999
f 5156 6973 6972
f 6972 6973 5157
f 5141 6972 5157
f 5156 6972 5141
f 6970 6971 5156
f 5155 6971 6970
f 5156 6971 5155
f 5155 6970 6969
f 6969 6970 5156
f 5143 6969 5156
f 7020 7023 7022
f 5232 7028 7026
f 7025 7028 7027
f 7025 7027 7024
f 7024 7027 5117
f 5117 7027 5115
f 7022 7026 7025
f 5227 7026 7023
f 7023 7026 7022
f 5232 7026 5227
f 7022 7025 7024
f 7022 7024 5117
f 7026 7028 7025
f 7021 7023 7020
f 5227 7023 7021
f 7020 7022 7019
f 7019 7022 5119
f 5119 7022 5117
f 7017 7021 7020
f 7018 7021 7017
f 5222 7021 7018
f 5227 7021 5222
f 7017 7020 7019
f 7017 7019 5119
f 7031 7033 7030
f 3792 2497 2488
f 7036 7037 7035
f 7035 7037 7034
f 7034 7037 5113
f 7032 7036 7035
f 5237 7036 7033
f 7033 7036 7032
f 5242 7036 5237
f 7032 7035 7034
f 7032 7034 5113
f 5237 7033 7031
f 7015 7018 7017
f 7030 7033 7032
f 5115 7032 5113
f 7030 7032 7029
f 7029 7032 5115
f 7028 7031 7027
f 5237 7031 5232
f 7027 7031 7030
f 5232 7031 7028
f 7027 7030 7029
f 7027 7029 5115
f 7002 7004 5125
f 7005 7008 7007
f 7006 7008 7005
f 5212 7008 7006
f 5125 7007 5123
f 7005 7007 7004
f 7004 7007 5125
f 7002 7006 7005
f 7003 7006 7002
f 5207 7006 7003
f 5212 7006 5207
f 7002 7005 7004
f 7007 7009 5123
f 7001 7003 7002
f 5207 7003 7001
f 5127 7002 5125
f 7001 7002 7000
f 7000 7002 6999
f 6999 7002 5127
f 6998 7001 7000
f 5207 7001 5202
f 5202 7001 6998
f 6998 7000 6997
f 7011 7013 7012
f 7016 7018 7015
f 5222 7018 7016
f 7015 7017 7014
f 7014 7017 5121
f 5121 7017 5119
f 7012 7016 7015
f 7013 7016 7012
f 5217 7016 7013
f 5222 7016 5217
f 7012 7015 7014
f 7012 7014 5121
f 5157 5139 5141
f 5217 7013 7011
f 7011 7012 7010
f 7010 7012 7009
f 7009 7012 5123
f 5123 7012 5121
f 7007 7011 7010
f 7008 7011 7007
f 5212 7011 7008
f 5217 7011 5212
f 7007 7010 7009
f 6897 6902 6901
f 6903 6907 6906
f 6903 6906 466
f 6902 6905 6904
f 5234 6905 6902
f 6902 6904 6901
f 6901 6904 6900
f 6900 6904 6903
f 6899 6903 6898
f 6900 6903 6899
f 465 6903 466
f 6898 6903 465
f 6903 6908 6907
f 5239 6902 6897
f 5234 6902 5239
f 6895 6901 6900
f 6897 6901 6896
f 6896 6901 6895
f 6895 6900 6899
f 6895 6899 6898
f 6895 6898 465
f 6893 6897 6896
f 6894 6897 6893
f 5239 6897 6894
f 6909 6912 6908
f 6913 6918 6912
f 5224 6918 5229
f 6912 6917 6916
f 6911 6916 6915
f 6912 6916 6911
f 6911 6915 6914
f 6911 6914 482
f 5229 6913 6910
f 6909 6913 6912
f 6910 6913 6909
f 6908 6912 6911
f 6893 6896 6892
f 6908 6911 6907
f 6907 6911 6906
f 6906 6911 466
f 466 6911 482
f 6904 6910 6909
f 6905 6910 6904
f 5234 6910 6905
f 5229 6910 5234
f 6903 6909 6908
f 6904 6909 6903
f 6877 6881 6880
f 6881 6886 6880
f 6880 6886 6885
f 5249 6886 6881
f 5244 6886 5249
f 6879 6885 6884
f 6880 6885 6879
f 6879 6884 6883
f 6879 6883 6882
f 6879 6882 449
f 5249 6881 6878
f 6878 6881 6877
f 6882 6887 449
f 6877 6880 6879
f 6877 6879 6876
f 6874 6879 441
f 441 6879 449
f 6876 6879 6875
f 6875 6879 6874
f 5254 6878 6873
f 6873 6878 6872
f 5249 6878 5254
f 6872 6878 6877
f 6887 6892 6891
f 6892 6896 6895
f 6891 6895 6890
f 6892 6895 6891
f 6890 6895 457
f 457 6895 465
f 6889 6894 6893
f 5244 6894 6889
f 5239 6894 5244
f 6887 6893 6892
f 6889 6893 6888
f 6888 6893 6887
f 5229 6918 6913
f 6887 6891 6890
f 6887 6890 457
f 6885 6889 6888
f 6886 6889 6885
f 5244 6889 6886
f 6884 6888 6887
f 6885 6888 6884
f 449 6887 457
f 6884 6887 6883
f 6883 6887 6882
f 5209 6940 6939
f 6951 1312 6950
f 6950 1312 6948
f 6948 1312 6949
f 6942 1313 6945
f 6945 1313 6946
f 6946 1313 6947
f 6942 6945 6943
f 6942 6943 6944
f 5209 6941 6940
f 6940 6941 5204
f 5204 6941 5209
f 6952 1312 6951
f 6939 6940 5204
f 5209 6939 6938
f 6938 6939 5204
f 6937 6938 1309
f 5209 6938 6937
f 1309 6938 1314
f 1314 6938 5204
f 6932 6937 505
f 513 6937 1309
f 505 6937 513
f 6956 1368 5266
f 5156 5141 5143
f 6963 5145 5090
f 6962 5154 5092
f 6960 6962 6961
f 6961 6962 5092
f 6958 6960 6959
f 6959 6960 6961
f 5263 6958 6957
f 6957 6958 6959
f 5176 5263 6957
f 1366 1368 6956
f 5209 6937 6932
f 1365 1366 6955
f 6955 1366 6956
f 1362 1365 6954
f 6954 1365 6955
f 1361 1362 6953
f 6953 1362 6954
f 1312 1361 6949
f 6949 1361 6953
f 1313 1312 6947
f 6947 1312 6952
f 6919 6922 489
f 5224 6926 6921
f 6920 6926 6925
f 5219 6926 5224
f 6919 6925 6924
f 6924 6925 5219
f 6920 6925 6919
f 6919 6924 6923
f 6923 6924 5219
f 6919 6923 6922
f 6922 6923 5219
f 489 6922 5219
f 6921 6926 6920
f 6917 6921 6920
f 6918 6921 6917
f 5224 6921 6918
f 6917 6920 6919
f 482 6919 489
f 6917 6919 6916
f 6916 6919 6915
f 6915 6919 6914
f 6914 6919 482
f 6912 6918 6917
f 6930 6931 5214
f 5214 6936 6935
f 6935 6936 5209
f 5209 6936 5214
f 5214 6935 6934
f 6934 6935 5209
f 5214 6934 6933
f 6933 6934 5209
f 5214 6933 6932
f 6932 6933 5209
f 5214 6932 505
f 5219 6931 6930
f 5014 6707 5016
f 5214 6931 5219
f 5219 6930 6929
f 6929 6930 5214
f 5219 6929 6928
f 6928 6929 5214
f 5219 6928 6927
f 6927 6928 5214
f 490 6927 5214
f 5219 6927 490
f 6925 6926 5219
f 326 6468 168
f 326 6473 6468
f 6468 6473 6467
f 6467 6473 6472
f 6467 6472 6471
f 6465 6471 6470
f 6467 6471 6466
f 6466 6471 6465
f 6464 6470 6469
f 6465 6470 6464
f 4966 6469 4963
f 6464 6469 4966
f 4963 6474 4965
f 168 6468 6467
f 168 6467 6466
f 168 6466 6465
f 6459 6465 6464
f 168 6465 6460
f 6460 6465 6459
f 6459 6464 4966
f 6462 6463 168
f 6457 6463 6462
f 168 6463 6458
f 6458 6463 6457
f 314 6478 326
f 6477 6482 6481
f 6481 6482 4970
f 6475 6481 6480
f 6477 6481 6476
f 6476 6481 6475
f 6480 6481 4970
f 6474 6480 6479
f 6479 6480 4970
f 6475 6480 6474
f 6474 6479 4965
f 4965 6479 4970
f 6457 6462 6461
f 6472 6478 6477
f 326 6478 6473
f 6473 6478 6472
f 6471 6477 6476
f 6472 6477 6471
f 6470 6476 6475
f 6471 6476 6470
f 6469 6475 6474
f 6470 6475 6469
f 6469 6474 4963
f 170 6448 345
f 6446 6452 6451
f 6448 6452 6447
f 6447 6452 6446
f 6445 6451 6450
f 6446 6451 6445
f 6445 6450 6449
f 6445 6449 6444
f 6444 6449 4978
f 4978 6449 4973
f 6443 6448 6447
f 345 6448 6443
f 170 6453 6448
f 4982 6447 6446
f 6443 6447 6442
f 6442 6447 4982
f 4982 6446 6445
f 4982 6445 6444
f 4982 6444 4978
f 6437 6443 6442
f 345 6443 6438
f 6438 6443 6437
f 6436 6442 6441
f 168 6458 170
f 6461 6462 168
f 6456 6461 6455
f 6460 6461 168
f 6457 6461 6456
f 6455 6461 6460
f 6455 6460 6459
f 6454 6459 4973
f 4969 6459 4966
f 4973 6459 4969
f 6455 6459 6454
f 170 6458 6453
f 6477 6483 6482
f 6453 6458 6457
f 6453 6457 6452
f 6452 6457 6451
f 6451 6457 6456
f 6451 6456 6450
f 6450 6456 6455
f 6449 6455 6454
f 6450 6455 6449
f 6449 6454 4973
f 6448 6453 6452
f 6504 6509 4987
f 6507 6513 6512
f 280 6513 6508
f 6508 6513 6507
f 6507 6512 6511
f 6505 6511 6510
f 6507 6511 6506
f 6506 6511 6505
f 6510 6511 4992
f 6505 6510 6509
f 6509 6510 4992
f 6505 6509 6504
f 4992 6514 4997
f 4987 6509 4992
f 280 6508 291
f 291 6508 6507
f 291 6507 6506
f 291 6506 6505
f 291 6505 6500
f 6500 6505 6499
f 6499 6505 6504
f 4983 6504 4987
f 6499 6504 4983
f 6498 6503 6502
f 6514 6519 4997
f 6519 6525 6523
f 6518 6524 6517
f 269 6524 6518
f 6517 6524 6522
f 6519 6523 5001
f 6517 6522 6516
f 6516 6522 6521
f 6516 6521 6520
f 6515 6520 6519
f 6516 6520 6515
f 6515 6519 6514
f 6502 6503 291
f 4997 6519 5001
f 6512 6518 6517
f 6513 6518 6512
f 269 6518 280
f 280 6518 6513
f 6511 6517 6516
f 6512 6517 6511
f 4992 6516 6515
f 6511 6516 4992
f 4992 6515 6514
f 4970 6488 6487
f 302 6493 6488
f 6487 6493 6492
f 6488 6493 6487
f 6487 6492 6491
f 6486 6491 6490
f 6487 6491 6486
f 6486 6490 6485
f 6485 6490 6484
f 6484 6490 6489
f 6484 6489 4975
f 4975 6489 4979
f 4979 6494 4983
f 6483 6488 4970
f 314 6488 6483
f 302 6488 314
f 4970 6487 6486
f 4970 6486 6485
f 4970 6485 6484
f 4970 6484 4975
f 6482 6483 4970
f 314 6483 6478
f 6478 6483 6477
f 302 6498 6493
f 291 6503 6498
f 6497 6502 6501
f 6501 6502 291
f 6498 6502 6497
f 6500 6501 291
f 6495 6501 6500
f 6497 6501 6496
f 6496 6501 6495
f 6494 6500 6499
f 6495 6500 6494
f 6494 6499 4983
f 6441 6442 4982
f 291 6498 302
f 6493 6498 6492
f 6492 6498 6497
f 6491 6497 6496
f 6492 6497 6491
f 6490 6496 6495
f 6491 6496 6490
f 6489 6495 6494
f 6490 6495 6489
f 6489 6494 4979
f 6379 6385 6384
f 6383 6389 6388
f 6384 6389 6383
f 6383 6388 6382
f 6382 6388 6387
f 6382 6387 5022
f 5022 6387 5017
f 6381 6386 6380
f 6380 6386 6379
f 6385 6386 6381
f 6379 6386 6385
f 6384 6385 6381
f 6381 6389 6384
f 6377 6384 6383
f 6379 6384 6378
f 6378 6384 6377
f 6376 6383 6382
f 6377 6383 6376
f 6376 6382 5027
f 5027 6382 5022
f 6374 6380 6379
f 6381 6380 6371
f 6375 6380 6374
f 6371 6380 6375
f 6388 6395 6394
f 5012 6401 6400
f 6396 6401 5012
f 5012 6400 6399
f 5012 6399 6398
f 5012 6398 5008
f 6390 6397 6396
f 6392 6397 6391
f 6391 6397 6390
f 6390 6396 6395
f 6395 6396 5012
f 6394 6395 5012
f 6373 6379 6378
f 6390 6395 6389
f 6389 6395 6388
f 6393 6394 5012
f 6388 6394 6393
f 6388 6393 6387
f 6387 6393 5017
f 5017 6393 5012
f 6392 6391 6381
f 6381 6391 6390
f 6381 6390 6389
f 6356 6362 6361
f 6361 6367 6366
f 6362 6367 6361
f 6361 6366 6359
f 6359 6366 6365
f 6359 6365 5034
f 5034 6365 5030
f 6358 6364 6363
f 6354 6364 6360
f 6360 6364 6358
f 6357 6363 6362
f 6358 6363 6357
f 6363 6367 6362
f 6357 6362 6356
f 6355 6361 6359
f 6356 6361 6355
f 6354 6360 6353
f 6353 6360 6358
f 6355 6359 5034
f 6351 6358 6357
f 6353 6358 6352
f 6352 6358 6351
f 6351 6357 6356
f 6366 6373 6372
f 6374 6379 6373
f 6373 6378 6377
f 6369 6377 6376
f 6372 6377 6369
f 6373 6377 6372
f 6369 6376 5027
f 6371 6375 6370
f 6370 6375 6368
f 6368 6375 6374
f 6367 6374 6373
f 6368 6374 6367
f 6392 6402 6397
f 6367 6373 6366
f 6365 6372 6369
f 6366 6372 6365
f 6371 6370 6354
f 6363 6370 6368
f 6364 6370 6363
f 6354 6370 6364
f 6365 6369 5030
f 5030 6369 5027
f 6363 6368 6367
f 173 6428 6423
f 6428 6432 6427
f 6427 6432 6426
f 6426 6431 6430
f 6426 6430 6425
f 6424 6430 6429
f 6425 6430 6424
f 6424 6429 4996
f 4991 6429 4986
f 4996 6429 4991
f 172 6428 173
f 6422 6428 6427
f 6426 6432 6431
f 6423 6428 6422
f 6421 6427 6426
f 6422 6427 6421
f 6421 6426 6420
f 6420 6426 6425
f 6420 6425 6418
f 6418 6425 6424
f 6418 6424 4996
f 6419 6423 6417
f 173 6423 6419
f 172 6437 6436
f 6437 6442 6436
f 6435 6441 6440
f 6440 6441 4982
f 6436 6441 6435
f 6434 6440 6439
f 6439 6440 4982
f 6435 6440 6434
f 6434 6439 4986
f 4986 6439 4982
f 345 6438 172
f 172 6438 6437
f 6417 6423 6422
f 6431 6436 6435
f 172 6436 6431
f 6429 6435 6434
f 6430 6435 6429
f 6431 6435 6430
f 6429 6434 4986
f 6432 6433 172
f 6428 6433 6432
f 172 6433 6428
f 6431 6432 172
f 6400 6407 6406
f 6403 6413 6409
f 6406 6412 6411
f 6407 6412 6406
f 6406 6411 6410
f 6404 6410 6408
f 6406 6410 6405
f 6405 6410 6404
f 6401 6409 6407
f 6403 6409 6402
f 6402 6409 6401
f 6404 6408 5004
f 5242 7038 7036
f 6401 6407 6400
f 6399 6406 6405
f 6400 6406 6399
f 6399 6405 6404
f 6399 6404 6398
f 6398 6404 5008
f 5008 6404 5004
f 6403 6402 6392
f 6396 6402 6401
f 6397 6402 6396
f 6411 6417 6416
f 6417 6422 6416
f 6416 6422 6421
f 6416 6421 6415
f 6415 6421 6420
f 6415 6420 6418
f 6412 6419 6417
f 6413 6419 6412
f 173 6419 6413
f 6415 6418 6414
f 6414 6418 5000
f 5000 6418 4996
f 6520 6525 6519
f 6412 6417 6411
f 6410 6416 6415
f 6411 6416 6410
f 6408 6415 6414
f 6410 6415 6408
f 6408 6414 5004
f 5004 6414 5000
f 173 6413 6403
f 6407 6413 6412
f 6409 6413 6407
f 6284 6628 179
f 6634 6307 6639
f 6639 6307 6638
f 6638 6307 6637
f 6637 6307 6635
f 6635 6307 6636
f 6629 6310 6632
f 6632 6310 6633
f 6633 6310 6634
f 6629 6632 6630
f 6629 6630 6631
f 179 6628 180
f 6310 6307 6634
f 180 6628 6627
f 6627 6628 6284
f 180 6627 6626
f 6293 6627 6291
f 6291 6627 6284
f 6626 6627 6293
f 6295 6626 6293
f 180 6626 6625
f 6625 6626 6295
f 6624 6625 6295
f 180 6625 6620
f 5078 6644 5074
f 6654 6655 6653
f 6652 6654 6653
f 6650 6652 6651
f 6651 6652 6653
f 6648 6650 6649
f 6649 6650 6651
f 6646 6648 6647
f 6647 6648 6649
f 6644 6646 6645
f 6645 6646 6647
f 5074 6644 6645
f 6620 6625 6624
f 6301 5072 6643
f 6643 5072 5075
f 6300 6301 6642
f 6642 6301 6643
f 6305 6300 6641
f 6641 6300 6642
f 6304 6305 6640
f 6640 6305 6641
f 6307 6304 6636
f 6636 6304 6640
f 6606 6612 6611
f 6613 6617 6612
f 6612 6617 6616
f 6610 6616 6615
f 6612 6616 6611
f 6611 6616 6610
f 6610 6615 6614
f 6610 6614 6609
f 6609 6614 5060
f 6607 6613 6612
f 195 6613 6608
f 6608 6613 6607
f 195 6618 6613
f 6607 6612 6606
f 6605 6611 6610
f 6606 6611 6605
f 6605 6610 6604
f 6604 6610 6609
f 6604 6609 5056
f 5056 6609 5060
f 195 6608 163
f 163 6608 6603
f 6602 6608 6607
f 6618 6622 6617
f 6620 6624 6619
f 6619 6624 5064
f 5071 6624 6297
f 6297 6624 6295
f 5068 6624 5071
f 5064 6624 5068
f 6618 6623 6622
f 6622 6623 180
f 180 6623 6618
f 6616 6622 6621
f 6621 6622 180
f 6655 6656 6653
f 6617 6622 6616
f 6615 6621 6620
f 6616 6621 6615
f 6620 6621 180
f 6615 6620 6619
f 6615 6619 6614
f 6614 6619 5060
f 5060 6619 5064
f 6613 6618 6617
f 180 6618 195
f 6689 6691 6690
f 5032 6697 6694
f 6690 6695 6696
f 6693 6695 6690
f 5036 6694 6692
f 5032 6694 5036
f 6692 6694 6693
f 6691 6693 6690
f 6692 6693 6691
f 6689 6692 6691
f 5036 6692 5038
f 5038 6692 6689
f 6694 6697 6693
f 6686 6689 6690
f 5038 6689 5042
f 5042 6689 6686
f 6685 6688 6687
f 6687 6688 5042
f 5042 6688 5046
f 5046 6688 6685
f 6686 6687 5042
f 6685 6687 6686
f 6682 6685 6686
f 5046 6685 5050
f 6696 6701 6702
f 5016 6707 6704
f 6702 6705 6706
f 6704 6705 6702
f 5020 6704 5024
f 5016 6704 5020
f 5024 6704 6703
f 6703 6704 6702
f 5026 6703 6700
f 5024 6703 5026
f 6701 6703 6702
f 6700 6703 6701
f 6683 6685 6682
f 6700 6701 6696
f 5026 6700 6699
f 6699 6700 6698
f 6698 6700 6696
f 5026 6699 5032
f 6697 6699 6698
f 5032 6699 6697
f 6697 6698 6695
f 6695 6698 6696
f 6693 6697 6695
f 5070 6666 6665
f 6672 6675 6673
f 5066 6674 6666
f 6666 6674 6672
f 6671 6672 6673
f 6666 6672 6671
f 6670 6666 6671
f 6669 6666 6670
f 6668 6666 6669
f 6667 6666 6668
f 6665 6666 6667
f 5066 6666 5070
f 6672 6676 6675
f 5069 5074 6645
f 5073 5070 6665
f 6662 6664 6659
f 6663 6664 6662
f 6661 6662 6659
f 6660 6661 6659
f 6658 6660 6659
f 6657 6658 6653
f 6653 6658 6659
f 6656 6657 6653
f 6677 6680 6679
f 6684 6685 6683
f 5050 6685 6684
f 5054 6684 6681
f 5050 6684 5054
f 6681 6684 6683
f 6681 6683 6682
f 6678 6681 6682
f 6680 6681 6678
f 5054 6681 6680
f 5058 6680 6677
f 6679 6680 6678
f 6603 6608 6602
f 5054 6680 5058
f 6677 6679 6678
f 6673 6677 6678
f 5058 6677 5062
f 6675 6677 6673
f 6676 6677 6675
f 5062 6677 6676
f 5062 6676 5066
f 6674 6676 6672
f 5066 6676 6674
f 6545 6550 6549
f 6554 6555 5023
f 6550 6555 6549
f 6549 6555 6554
f 6549 6554 5018
f 5018 6554 5023
f 246 6553 6552
f 234 6553 246
f 246 6552 6551
f 6545 6551 6550
f 6546 6551 6545
f 246 6551 6546
f 6550 6556 6555
f 6544 6549 5013
f 5013 6549 5018
f 6545 6549 6544
f 6547 6548 246
f 6543 6548 6547
f 246 6548 6543
f 6546 6547 246
f 6541 6547 6546
f 6543 6547 6542
f 6542 6547 6541
f 6541 6546 6545
f 5023 6561 6560
f 6561 6566 6560
f 6560 6565 6559
f 6559 6565 6564
f 5028 6564 5031
f 6559 6564 5028
f 222 6563 234
f 6558 6563 6562
f 234 6563 6558
f 6557 6562 5023
f 5023 6562 6561
f 6558 6562 6557
f 6541 6545 6540
f 5023 6560 6559
f 5023 6559 5028
f 234 6558 6553
f 6553 6558 6557
f 6553 6557 6552
f 6552 6557 6551
f 6556 6557 5023
f 6551 6557 6556
f 6555 6556 5023
f 6551 6556 6550
f 6523 6530 6529
f 6529 6535 6533
f 258 6534 269
f 6528 6534 6532
f 269 6534 6528
f 5005 6533 5009
f 6529 6533 5005
f 6528 6532 6527
f 6527 6532 6531
f 6526 6531 6530
f 6527 6531 6526
f 6525 6530 6523
f 6530 6535 6529
f 6526 6530 6525
f 5001 6529 5005
f 6523 6529 5001
f 6522 6528 6527
f 269 6528 6524
f 6524 6528 6522
f 6522 6527 6521
f 6521 6527 6526
f 6520 6526 6525
f 6521 6526 6520
f 6535 6541 6540
f 6540 6545 6539
f 6539 6545 6544
f 6539 6544 5009
f 5009 6544 5013
f 246 6543 258
f 6537 6543 6542
f 6538 6543 6537
f 258 6543 6538
f 6536 6542 6541
f 6537 6542 6536
f 6536 6541 6535
f 6560 6566 6565
f 6535 6540 6533
f 6533 6540 6539
f 6533 6539 5009
f 6532 6538 6537
f 258 6538 6534
f 6534 6538 6532
f 6532 6537 6531
f 6531 6537 6536
f 6530 6536 6535
f 6531 6536 6530
f 6587 6592 6591
f 161 6596 6591
f 6591 6596 6590
f 6589 6595 6594
f 6590 6595 6589
f 6589 6594 5044
f 5044 6594 5048
f 161 6593 6588
f 6592 6593 161
f 6587 6593 6592
f 6588 6593 6587
f 6591 6592 161
f 6590 6596 6595
f 6587 6591 6586
f 6586 6591 6585
f 6585 6591 6590
f 6585 6590 6584
f 6584 6590 6589
f 6584 6589 5040
f 5040 6589 5044
f 6582 6588 6587
f 6583 6588 6582
f 164 6588 6583
f 6600 6601 5052
f 5052 6607 6606
f 6602 6607 5052
f 5052 6606 6605
f 5052 6605 6604
f 5052 6604 5056
f 6597 6603 6602
f 163 6603 6598
f 6598 6603 6597
f 6601 6602 5052
f 6597 6602 6596
f 6596 6602 6601
f 161 6588 164
f 6596 6601 6600
f 6599 6600 5052
f 6595 6600 6599
f 6596 6600 6595
f 6595 6599 6594
f 5048 6599 5052
f 6594 6599 5048
f 163 6598 161
f 161 6598 6597
f 161 6597 6596
f 6566 6571 6570
f 6571 6576 6575
f 6570 6575 6574
f 6571 6575 6570
f 5031 6574 5035
f 6568 6574 5031
f 6570 6574 6568
f 164 6573 222
f 6567 6573 6572
f 6569 6573 6567
f 222 6573 6569
f 6567 6572 6571
f 6571 6577 6576
f 6567 6571 6566
f 6564 6570 6568
f 6566 6570 6565
f 6565 6570 6564
f 6562 6569 6567
f 222 6569 6563
f 6563 6569 6562
f 6564 6568 5031
f 6561 6567 6566
f 6562 6567 6561
f 6577 6582 6576
f 6582 6587 6586
f 6581 6586 6585
f 6582 6586 6581
f 6581 6585 6580
f 6580 6585 6584
f 6580 6584 6578
f 6578 6584 5040
f 6579 6583 6582
f 164 6583 6579
f 6579 6582 6577
f 6576 6582 6581
f 3792 3784 3776
f 6575 6581 6580
f 6576 6581 6575
f 6575 6580 6574
f 6574 6580 6578
f 6573 6579 6577
f 164 6579 6573
f 5035 6578 5040
f 6574 6578 5035
f 6573 6577 6572
f 6572 6577 6571
f 4328 4330 4332
f 4201 4330 4329
f 4324 4330 4205
f 4327 4330 4328
f 4321 4330 4322
f 4205 4330 4210
f 4210 4330 4209
f 4209 4330 4201
f 4322 4330 4324
f 4334 4330 4321
f 4333 4330 4334
f 4332 4330 4333
f 4295 4285 4189
f 4331 4330 4327
f 4329 4330 4331
f 4329 4200 4199
f 4329 4199 4201
f 4326 4327 4328
f 4324 4205 4204
f 4325 4204 4206
f 4324 4204 4325
f 4321 4322 4323
f 4318 4293 4314
f 4318 4312 4290
f 4301 4300 4331
f 4339 4341 4340
f 4339 4340 4338
f 4337 4335 2882
f 4337 2882 2896
f 4337 4338 4335
f 4280 4336 2886
f 4280 2886 2885
f 4335 2883 2882
f 4335 3794 2883
f 4302 4301 4327
f 4302 4327 4326
f 4318 4314 4320
f 4301 4331 4327
f 4300 4305 4329
f 4300 4329 4331
f 4305 4304 4200
f 4305 4200 4329
f 4304 4297 4198
f 4304 4198 4200
f 4297 4295 4197
f 4297 4197 4198
f 4295 4189 4197
f 4297 4287 4286
f 4303 4308 4307
f 4303 4307 4290
f 4303 4299 4306
f 4303 4306 4296
f 4303 4305 4300
f 4303 4304 4305
f 4303 4297 4304
f 4302 4298 4301
f 4301 4298 4300
f 4298 4299 4300
f 4297 4286 4295
f 4303 4293 4308
f 4296 4291 4293
f 4295 4286 4285
f 4291 4294 4292
f 4291 4292 4293
f 4284 4290 4281
f 4290 4289 4281
f 4281 4289 4282
f 4188 4284 4280
f 4188 4288 4284
f 4188 4287 4288
f 4290 4310 4289
f 4318 4320 4319
f 4318 4319 4312
f 4318 4308 4293
f 4318 4307 4308
f 4318 4290 4307
f 4294 4317 4292
f 4317 4315 4292
f 4292 4313 4293
f 4292 4315 4313
f 4315 4316 4313
f 4293 4313 4314
f 4339 2896 2901
f 4290 4312 4310
f 4289 4310 4309
f 4289 4309 4282
f 4309 4310 4311
f 4303 4300 4299
f 4303 4296 4293
f 4303 4287 4297
f 4303 4290 4284
f 4303 4284 4288
f 4303 4288 4287
f 4367 4338 4340
f 4168 4167 1657
f 4167 1658 1657
f 4167 3053 1658
f 4370 4338 4367
f 4370 4367 4369
f 4370 4354 4335
f 4370 4335 4338
f 4370 4369 4354
f 4367 4341 4365
f 4367 4365 4366
f 4367 4340 4341
f 4180 4148 4171
f 4367 4368 4369
f 4367 4366 4368
f 4365 4362 4364
f 4365 4343 4362
f 4365 4341 4343
f 4365 4364 4366
f 4362 4360 4361
f 4362 4346 4360
f 4362 4345 4346
f 4362 4343 4345
f 4362 4363 4364
f 3870 3868 4371
f 4372 4385 4386
f 4374 4373 4383
f 4383 4373 4384
f 4379 4382 4380
f 4379 4380 4381
f 4375 4378 4376
f 4375 4376 4377
f 3900 3870 4371
f 3900 4373 4374
f 3900 4372 4373
f 3900 4371 4372
f 4362 4361 4363
f 4206 4203 2114
f 4203 4202 2114
f 4202 4196 2114
f 4196 1657 2114
f 4196 4180 1657
f 4180 4168 1657
f 4180 4179 4168
f 4180 4173 4179
f 4180 4170 4173
f 4180 4171 4170
f 4344 2915 2923
f 4349 4348 4347
f 4349 2935 2939
f 4349 2929 2935
f 4349 4351 4350
f 4349 4350 4348
f 4347 4344 2923
f 4347 4346 4344
f 4347 2923 2929
f 4347 4348 4346
f 4344 4342 2909
f 4344 4343 4342
f 4349 4347 2929
f 4344 2909 2915
f 4344 4346 4345
f 4344 4345 4343
f 4342 4339 2903
f 4342 4341 4339
f 4342 2903 2909
f 4342 4343 4341
f 4339 4337 2896
f 4339 4338 4337
f 4339 2901 2903
f 4355 4351 4336
f 4360 4348 4357
f 4360 4357 4359
f 4360 4346 4348
f 4360 4359 4361
f 4357 4351 4355
f 4357 4355 4356
f 4357 4350 4351
f 4357 4348 4350
f 4357 4358 4359
f 4357 4356 4358
f 4355 4336 4353
f 4188 4286 4287
f 4355 4353 4356
f 3794 4335 3809
f 4335 4354 3809
f 4336 4280 4353
f 4280 4283 4353
f 4352 2886 4336
f 4352 4351 4349
f 4352 4349 2939
f 4352 2939 2886
f 4352 4336 4351
f 4236 4240 4233
f 3424 4241 3421
f 4234 4235 3425
f 4234 3425 3426
f 4223 4240 4236
f 4233 4240 4237
f 4232 4240 4217
f 4237 4240 4229
f 4217 4240 4219
f 4219 4240 4221
f 4221 4240 4223
f 4229 4240 4232
f 3421 4241 3423
f 4233 4237 4235
f 4231 4237 4229
f 4239 4237 4231
f 4238 4237 4239
f 4235 4237 4238
f 4236 4227 4225
f 4236 4225 4223
f 4234 4233 4235
f 3426 4233 4234
f 4232 4217 4215
f 4232 4215 4212
f 4238 4248 4235
f 4229 4232 4253
f 4229 4253 4254
f 4232 4212 4252
f 4232 4252 4253
f 4212 4251 4252
f 4246 4248 4244
f 3424 4248 4242
f 4243 4248 4231
f 4235 4248 3425
f 4231 4248 4239
f 4239 4248 4238
f 4228 4231 4229
f 4250 4248 4243
f 4244 4248 4250
f 4249 4248 4246
f 4242 4248 4249
f 3425 4248 3424
f 4244 4247 4245
f 4244 4245 4246
f 4230 4243 4228
f 4228 4243 4231
f 3424 4242 4241
f 4198 4201 4199
f 4191 4207 4197
f 4202 4207 4194
f 4194 4207 4193
f 4193 4207 4192
f 4192 4207 4191
f 4203 4207 4202
f 4197 4207 4198
f 4203 4206 4204
f 4203 4204 4205
f 4196 4202 4195
f 4195 4202 4194
f 4201 4208 4209
f 4198 4199 4200
f 4190 4191 4197
f 4190 4197 4189
f 4181 4180 4195
f 4195 4180 4196
f 4182 4181 4194
f 4194 4181 4195
f 4183 4182 4193
f 4193 4182 4194
f 4184 4183 4192
f 4216 4217 4218
f 4228 4229 4230
f 4225 4227 4226
f 4223 4225 4224
f 4224 4225 4226
f 4221 4223 4222
f 4222 4223 4224
f 4219 4221 4220
f 4220 4221 4222
f 4217 4219 4218
f 4218 4219 4220
f 4215 4217 4216
f 4230 4254 4255
f 4212 4215 4213
f 4213 4215 4214
f 4214 4215 4216
f 4211 4212 4213
f 4205 4208 4203
f 4198 4208 4201
f 4207 4208 4198
f 4203 4208 4207
f 4210 4208 4205
f 4209 4208 4210
f 4211 4259 4251
f 4226 4048 4224
f 4049 4048 4226
f 2879 1782 4057
f 2879 4052 3006
f 2879 4054 4052
f 2879 4057 4054
f 1782 4211 4057
f 1782 4266 4211
f 1782 1784 4263
f 1782 4263 4266
f 1784 3480 4263
f 4224 4050 4222
f 4211 4260 4259
f 4211 4276 4260
f 4211 4266 4276
f 4211 4251 4212
f 4279 4265 3437
f 4279 3440 4269
f 4279 4269 4274
f 4279 4274 4273
f 4279 4273 4265
f 4279 3452 3440
f 4279 3451 3452
f 4213 4057 4211
f 4188 4285 4286
f 4188 4189 4285
f 4284 4281 4280
f 4281 4283 4280
f 4281 4282 4283
f 3002 4155 2885
f 4155 4152 2885
f 4152 4154 2885
f 4154 4280 2885
f 4154 4188 4280
f 4055 4057 4213
f 4279 3437 3451
f 4056 4055 4216
f 4214 4055 4213
f 4216 4055 4214
f 4063 4056 4218
f 4218 4056 4216
f 4062 4063 4220
f 4220 4063 4218
f 4050 4062 4222
f 4222 4062 4220
f 4048 4050 4224
f 4260 4253 4259
f 4272 4273 4274
f 4272 4265 4273
f 4271 4267 4270
f 4270 4267 4269
f 4267 4268 4269
f 4265 4263 4262
f 4265 4266 4263
f 4264 4261 4256
f 4262 4263 3480
f 4261 4258 4257
f 4261 4257 4256
f 4272 4274 4269
f 4253 4252 4259
f 4259 4252 4251
f 4247 4244 4258
f 4244 4250 4257
f 4244 4257 4258
f 4250 4243 4256
f 4250 4256 4257
f 4243 4230 4255
f 4243 4255 4256
f 4230 4229 4254
f 4272 4269 4268
f 3480 3479 4262
f 4262 3435 4265
f 4262 3479 3435
f 3479 3436 3435
f 4265 3435 3437
f 4269 3439 4270
f 4269 3440 3439
f 4270 3439 4278
f 4270 4278 4271
f 4278 3439 4277
f 3439 3441 4277
f 4372 4371 4385
f 4272 4264 4256
f 4272 4266 4265
f 4272 4253 4260
f 4272 4260 4276
f 4272 4276 4266
f 4272 4256 4255
f 4272 4255 4254
f 4272 4254 4253
f 4272 4268 4275
f 4272 4275 4264
f 4489 4503 4492
f 4509 4511 4512
f 4509 4510 4511
f 4502 4507 4500
f 4492 4507 4495
f 4500 4507 4503
f 4503 4507 4492
f 4495 4507 4508
f 4508 4507 4506
f 4506 4507 4502
f 4497 4503 4499
f 4491 4503 4489
f 4513 4512 4514
f 4505 4503 4491
f 4504 4503 4505
f 4499 4503 4504
f 4500 4503 4497
f 4500 3433 4501
f 4500 4501 4502
f 4498 4497 4499
f 4496 4497 4498
f 4492 4495 4493
f 4492 4493 4494
f 4488 4491 4489
f 4490 4489 4519
f 4512 4533 4514
f 4533 4534 4514
f 4518 4530 4519
f 4518 4532 4530
f 4531 4526 4528
f 4519 4530 4520
f 4526 4529 4527
f 4526 4527 4528
f 4525 4524 4521
f 4524 4522 4521
f 4521 4522 4523
f 4488 4489 4490
f 4490 4519 4520
f 4489 4492 4518
f 4489 4518 4519
f 4492 4494 4517
f 4492 4517 4518
f 4494 4515 4516
f 4494 4516 4517
f 4515 4513 4514
f 4515 4514 4516
f 4513 4509 4512
f 4458 4459 4453
f 4470 4467 4469
f 4470 4469 4471
f 4467 4468 4469
f 4465 4464 4463
f 4465 4466 4464
f 4463 4462 4461
f 4463 4464 4462
f 4461 4459 4458
f 4461 4462 4459
f 4460 4457 4452
f 4458 4453 4456
f 4472 4468 4467
f 4457 4456 4452
f 4456 4453 4452
f 4452 4454 4455
f 4452 4453 4454
f 4451 3441 4450
f 4450 3438 4449
f 4450 3441 3438
f 4449 3447 4448
f 4449 3438 3447
f 4448 3447 4447
f 4478 4476 4479
f 4487 4484 4486
f 4486 4484 4485
f 3466 4483 3461
f 4484 4481 4485
f 4484 4480 4481
f 4483 4478 3461
f 3461 4482 3462
f 3461 4479 4482
f 3461 4478 4479
f 4481 4480 4477
f 4480 4474 4477
f 4511 4533 4512
f 4478 4475 4476
f 4477 4474 4473
f 4475 4471 4476
f 4475 4470 4471
f 4473 3441 4451
f 4473 4474 3441
f 4473 4451 4466
f 4473 4466 4472
f 4472 4466 4465
f 4472 4465 4468
f 4551 4552 4246
f 3431 4502 4501
f 3432 4501 3433
f 3431 4501 3432
f 4555 3429 3428
f 4555 3428 3423
f 4554 4555 4241
f 4241 4555 3423
f 4553 4554 4242
f 4242 4554 4241
f 4552 4553 4249
f 4249 4553 4242
f 4510 4509 4551
f 4246 4552 4249
f 4510 4551 4245
f 4245 4551 4246
f 4247 4510 4245
f 4258 4510 4247
f 4511 4510 4258
f 4533 4511 4258
f 4534 4533 4261
f 4261 4533 4258
f 4536 4534 4275
f 4275 4534 4264
f 4552 4556 4553
f 4505 4025 4504
f 4029 4027 4491
f 4491 4027 4505
f 4031 4029 4488
f 4488 4029 4491
f 4490 4031 4488
f 4495 4556 4515
f 3431 4556 4502
f 4509 4556 4551
f 4555 4556 3429
f 4551 4556 4552
f 4264 4534 4261
f 4553 4556 4554
f 4554 4556 4555
f 4513 4556 4509
f 4515 4556 4513
f 4508 4556 4495
f 4506 4556 4508
f 4502 4556 4506
f 3429 4556 3431
f 4515 4494 4493
f 4515 4493 4495
f 4535 4524 4525
f 4527 4546 4544
f 4546 4474 4544
f 4528 4544 4545
f 4524 4541 4522
f 4524 4543 4541
f 4522 4541 4540
f 4522 4540 4523
f 4540 4541 4542
f 4535 4514 4534
f 4535 4531 4528
f 4535 4532 4518
f 4527 4544 4528
f 4535 4525 4539
f 4535 4539 4532
f 4535 4528 4538
f 4535 4538 4537
f 4535 4537 4524
f 4535 4534 4536
f 4535 4536 4531
f 4535 4516 4514
f 4535 4517 4516
f 4535 4518 4517
f 3441 4474 4277
f 4531 4536 4275
f 4526 4531 4268
f 4268 4531 4275
f 4529 4526 4267
f 4267 4526 4268
f 4547 4529 4271
f 4271 4529 4267
f 4546 4547 4278
f 4278 4547 4271
f 4474 4546 4277
f 4277 4546 4278
f 4447 3447 3449
f 4548 4528 4545
f 4548 4543 4524
f 4548 4545 4550
f 4548 4550 4549
f 4548 4549 4543
f 4548 4538 4528
f 4548 4537 4538
f 4548 4524 4537
f 4529 4547 4527
f 4547 4546 4527
f 4416 3364 4424
f 4425 4419 4411
f 4425 3375 3365
f 4425 3374 3375
f 4425 3362 3374
f 3245 3244 4408
f 4408 3361 4411
f 4408 3244 3361
f 3244 3242 3361
f 4411 3361 3362
f 4415 3364 4416
f 4415 3365 3364
f 4425 4420 4419
f 4416 4424 4417
f 4424 3364 4423
f 3364 3366 4423
f 4418 4415 4414
f 4418 4410 4398
f 4418 4412 4411
f 4418 4402 4406
f 4418 4406 4422
f 4418 4422 4412
f 4418 4398 4400
f 4418 4400 4401
f 4421 4414 4306
f 4394 4393 4326
f 4423 3366 4316
f 4424 4423 4315
f 4315 4423 4316
f 4417 4424 4317
f 4317 4424 4315
f 4413 4417 4291
f 4294 4417 4317
f 4291 4417 4294
f 4414 4413 4296
f 4296 4413 4291
f 4418 4401 4402
f 4306 4414 4296
f 4410 4421 4299
f 4299 4421 4306
f 4407 4410 4299
f 4393 4407 4298
f 4298 4407 4299
f 4302 4393 4298
f 4425 4411 3362
f 4425 3365 4415
f 4425 4415 4420
f 4373 4390 4388
f 4401 4377 4376
f 4400 4398 4399
f 4400 4399 4377
f 4398 4396 4397
f 4398 4397 4399
f 4396 4393 4395
f 4396 4395 4397
f 4393 4394 4395
f 4386 4390 4372
f 4379 4390 4382
f 4388 4390 4376
f 4401 4400 4377
f 4372 4390 4373
f 4392 4390 4386
f 4391 4390 4392
f 4382 4390 4391
f 4376 4390 4379
f 4373 4388 4384
f 4378 4388 4376
f 4384 4388 4389
f 4389 4388 4387
f 4387 4388 4378
f 4408 4409 3245
f 4418 4414 4421
f 4418 4421 4410
f 4418 4420 4415
f 4418 4419 4420
f 4418 4411 4419
f 4417 4413 4416
f 4416 4413 4415
f 4413 4414 4415
f 4411 4409 4408
f 4411 4412 4409
f 4410 4407 4398
f 4326 4393 4302
f 4407 4393 4396
f 4407 4396 4398
f 4406 4402 4405
f 4402 4403 4405
f 4405 4403 4404
f 4404 4403 4381
f 4403 4402 4379
f 4403 4379 4381
f 4402 4401 4376
f 4402 4376 4379
f 2696 4440 2694
f 2694 4440 4128
f 4117 4440 4437
f 4120 4440 4118
f 4437 4440 4442
f 4442 4440 4441
f 4441 4440 4439
f 4118 4440 4117
f 4122 4440 4120
f 4124 4440 4122
f 4126 4440 4124
f 4128 4440 4126
f 4439 4440 2697
f 2697 4440 2696
f 2697 2698 4438
f 2697 4438 4439
f 2695 2694 4128
f 4116 4437 4436
f 4117 4437 4116
f 4116 4436 4115
f 4120 4118 4119
f 4385 4371 3871
f 3871 4371 3868
f 4442 4445 4437
f 3881 4446 4444
f 4443 4446 4445
f 4113 4446 3875
f 4445 4446 4114
f 3875 4446 3877
f 3877 4446 3879
f 3879 4446 3881
f 4114 4446 4113
f 4444 4446 4443
f 4443 4445 4439
f 4437 4445 4114
f 4386 4385 3874
f 4441 4445 4442
f 4439 4445 4441
f 4444 3885 3883
f 4444 3883 3881
f 4438 4443 4439
f 2698 4443 4438
f 4113 3875 3873
f 4113 3873 3869
f 4436 4437 4114
f 4436 4114 4115
f 4328 4394 4326
f 4395 4435 4397
f 4395 4394 4431
f 4395 4431 4430
f 4375 4399 4378
f 4377 4399 4375
f 4433 4428 4427
f 4434 4427 4426
f 4433 4427 4434
f 4383 4384 4432
f 4383 4432 4374
f 4431 4394 4328
f 4397 4435 4399
f 4430 4431 4328
f 4429 4430 4332
f 4332 4430 4328
f 4428 4429 4334
f 4334 4429 4333
f 4333 4429 4332
f 4427 4428 4334
f 4323 4427 4321
f 4321 4427 4334
f 4426 4427 4323
f 4381 4380 3884
f 3872 4385 3871
f 3874 4385 3872
f 4392 4386 3876
f 3876 4386 3874
f 4391 4392 3878
f 3878 4392 3876
f 4382 4391 3880
f 3880 4391 3878
f 4380 4382 3882
f 3882 4382 3880
f 3884 4380 3882
f 4192 4183 4193
f 4430 4435 4395
f 4433 4435 4428
f 4399 4435 4378
f 4384 4435 4432
f 4428 4435 4429
f 4429 4435 4430
f 4432 4435 4433
f 4389 4435 4384
f 4387 4435 4389
f 4378 4435 4387
f 361 3729 359
f 3945 3952 3943
f 3945 3951 3952
f 3945 3950 3951
f 3945 3949 3950
f 3945 3948 3949
f 3945 3947 3948
f 3945 3946 3947
f 3945 3867 3946
f 3945 3864 3867
f 3942 3943 3944
f 3942 3858 3864
f 3953 3864 3945
f 359 3729 364
f 3754 3941 3749
f 3729 3735 3939
f 3729 365 364
f 3729 3939 365
f 3941 3937 3749
f 3749 3940 3750
f 3749 3938 3940
f 3749 3937 3938
f 3939 3735 3936
f 3937 3935 3938
f 3957 3944 3958
f 3964 3960 3961
f 3964 3959 3960
f 3964 3848 3959
f 3957 3956 3944
f 3957 3858 3956
f 3957 3958 3963
f 3957 3963 3962
f 3957 3962 3961
f 3957 3961 3960
f 3957 3960 3959
f 3957 3959 3848
f 3937 3934 3935
f 3957 3848 3858
f 3956 3955 3944
f 3956 3858 3955
f 3955 3858 3942
f 3955 3942 3944
f 3954 3942 3864
f 3954 3953 3943
f 3954 3943 3942
f 3954 3864 3953
f 3953 3945 3943
f 3915 3908 3910
f 3919 3917 3712
f 3712 3918 3713
f 3712 3917 3918
f 2616 2615 3894
f 141 3894 139
f 139 3902 144
f 139 3894 3902
f 144 3908 145
f 144 3902 3908
f 145 3908 3916
f 3916 3908 3915
f 3920 3919 3712
f 3912 3909 3908
f 3912 3904 3906
f 3912 3911 3904
f 3912 3908 3911
f 3912 3914 3909
f 3912 3913 3914
f 3912 3906 3913
f 3911 3902 3895
f 3911 3898 3901
f 3911 3895 3896
f 3737 2616 3894
f 3936 3737 3933
f 3936 3735 3737
f 3934 3932 3935
f 3934 3931 3932
f 3933 3928 3929
f 3933 3737 141
f 3933 141 3928
f 3931 3929 3930
f 3931 3930 3932
f 3929 3928 3930
f 3737 3894 141
f 3964 3961 3962
f 3928 141 3927
f 3927 141 3926
f 3927 3926 3925
f 3925 3924 3923
f 3925 3926 3924
f 3923 3922 3921
f 3923 3924 3922
f 3715 3920 3712
f 3921 3917 3919
f 3921 3922 3917
f 3984 3980 3983
f 3995 3996 3994
f 3994 3992 3993
f 3994 3993 3995
f 3992 3990 3991
f 3992 3991 3993
f 3990 3988 3989
f 3990 3989 3991
f 3988 3986 3987
f 3988 3987 3989
f 3986 3984 3985
f 3986 3985 3987
f 3997 3996 3995
f 3984 3983 3985
f 3980 3982 3983
f 3980 3981 3982
f 2616 3979 2549
f 3979 3978 2550
f 3979 2550 2549
f 3978 3977 2550
f 3977 3976 2551
f 3977 2551 2550
f 3976 3975 2561
f 3976 2561 2551
f 4003 2440 2437
f 4009 2447 2440
f 4009 4011 4004
f 4009 4010 4011
f 4009 4003 4010
f 4008 4007 4006
f 4007 4005 4006
f 4006 2441 4004
f 4006 4005 2441
f 4005 2414 2441
f 4004 2441 2442
f 4003 2437 4002
f 3975 3974 2562
f 4002 2437 2587
f 4002 2587 2586
f 2587 2437 2439
f 2547 3972 4001
f 2547 4001 2586
f 3972 3996 4000
f 3972 4000 4001
f 4000 3996 3999
f 3999 3996 3998
f 3998 3996 3997
f 3971 2625 3128
f 3971 3969 3970
f 3971 3968 3969
f 3971 3967 3968
f 3971 3966 3967
f 3971 3204 3966
f 3971 3127 3204
f 3971 3132 3127
f 3971 3131 3132
f 3971 3130 3131
f 3971 3129 3130
f 3971 3128 3129
f 3971 3970 3965
f 3964 3204 3848
f 3964 3965 3970
f 3964 3970 3969
f 3964 3969 3968
f 3964 3968 3967
f 3964 3967 3966
f 3964 3966 3204
f 3964 3958 3965
f 3964 3963 3958
f 3964 3962 3963
f 3736 3743 3976
f 3975 2562 2561
f 3974 3973 2545
f 3974 2545 2562
f 3973 3972 2546
f 3973 2546 2545
f 3972 2547 2546
f 3737 3734 3979
f 3737 3979 2616
f 3734 3736 3977
f 3734 3978 3979
f 3734 3977 3978
f 3911 3896 3897
f 3736 3976 3977
f 3743 3742 3975
f 3743 3975 3976
f 3742 3733 3974
f 3742 3974 3975
f 3733 3732 3973
f 3733 3973 3974
f 3732 3430 3972
f 3732 3972 3973
f 3971 3965 2625
f 3821 3816 3820
f 3823 3811 3822
f 3823 3829 3812
f 3823 3828 3829
f 3823 3827 3828
f 3823 3826 3827
f 3823 3825 3826
f 3823 3824 3825
f 3823 3819 3824
f 3822 3821 3820
f 3822 3820 3819
f 3822 3811 3821
f 3823 3822 3819
f 3821 3811 3816
f 3820 3817 3818
f 3820 3818 3819
f 3820 3816 3817
f 3818 3817 3814
f 3818 3814 3819
f 3817 3816 3815
f 3817 3815 3814
f 3815 3805 3813
f 3815 3813 3814
f 3815 3804 3805
f 3397 3836 3398
f 3845 3846 3844
f 3845 3844 3843
f 3843 3842 3841
f 3843 3844 3842
f 3841 3840 3839
f 3841 3842 3840
f 3405 3838 3397
f 3839 3835 3837
f 3839 3840 3835
f 3838 3837 3397
f 3837 3835 3397
f 3815 3802 3804
f 3397 3835 3836
f 3204 3205 3803
f 3834 3803 3833
f 3833 3816 3832
f 3833 3803 3816
f 3832 3811 3831
f 3832 3816 3811
f 3831 3811 3830
f 3830 3811 3810
f 3823 3812 3811
f 3793 3799 3800
f 3801 3802 3803
f 3793 2883 3794
f 3793 3177 3222
f 3793 3222 3221
f 3793 3221 3219
f 3793 3219 3218
f 3793 3218 3217
f 3793 3217 3216
f 3793 3216 2883
f 3793 3205 3177
f 3793 3800 3205
f 3801 3804 3802
f 3793 3798 3799
f 3793 3797 3798
f 3793 3796 3797
f 3793 3795 3796
f 3793 3794 3795
f 3792 3776 2486
f 3792 2488 3780
f 3792 3780 3785
f 3792 3785 3784
f 5395 5393 5392
f 3801 3799 3798
f 3815 3803 3802
f 3815 3816 3803
f 3813 3808 3809
f 3813 3807 3808
f 3813 3806 3807
f 3813 3805 3806
f 3813 3809 3814
f 3810 3811 3812
f 3801 3794 3809
f 3801 3205 3800
f 3801 3800 3799
f 3847 3846 3845
f 3801 3798 3797
f 3801 3797 3796
f 3801 3796 3795
f 3801 3795 3794
f 3801 3803 3205
f 3801 3809 3808
f 3801 3808 3807
f 3801 3807 3806
f 3801 3806 3805
f 3801 3805 3804
f 3888 3887 2542
f 3895 3886 3887
f 3893 3894 2615
f 3893 2615 3886
f 3870 3892 2507
f 3892 3891 2532
f 3892 2532 2507
f 3891 3890 2532
f 3890 3889 2533
f 3890 2533 2532
f 3889 3888 2543
f 3889 2543 2533
f 3895 3893 3886
f 3888 2542 2543
f 3887 3886 2536
f 3887 2536 2542
f 3886 2615 2534
f 3886 2534 2536
f 2615 2537 2534
f 3883 3885 3884
f 3881 3883 3882
f 3882 3883 3884
f 3879 3881 3880
f 3900 3899 3892
f 3911 3897 3898
f 3911 3908 3902
f 3911 3901 3904
f 3910 3908 3907
f 3907 3908 3909
f 3906 3904 3903
f 3903 3904 3905
f 3902 3894 3893
f 3902 3893 3895
f 3901 3898 3899
f 3901 3899 3900
f 3880 3881 3882
f 3900 3892 3870
f 3899 3898 3890
f 3899 3891 3892
f 3899 3890 3891
f 3898 3897 3889
f 3898 3889 3890
f 3897 3896 3888
f 3897 3888 3889
f 3896 3895 3887
f 3896 3887 3888
f 3855 3851 3852
f 3864 3858 3861
f 3863 3859 3382
f 3382 3862 3383
f 3382 3860 3862
f 3382 3859 3860
f 3861 3858 3857
f 3859 3856 3860
f 3859 3855 3856
f 3857 3858 3848
f 3857 3848 3854
f 3855 3852 3856
f 3864 3861 3865
f 3854 3803 3834
f 3854 3848 3803
f 3854 3834 3853
f 3853 3847 3849
f 3853 3834 3846
f 3853 3846 3847
f 3851 3850 3852
f 3851 3849 3850
f 3849 3847 3850
f 3848 3204 3803
f 3870 2507 3774
f 3877 3879 3878
f 3878 3879 3880
f 3875 3877 3876
f 3876 3877 3878
f 3873 3875 3874
f 3874 3875 3876
f 3869 3873 3871
f 3871 3873 3872
f 3872 3873 3874
f 3868 3869 3871
f 3870 3777 3868
f 4009 2448 2447
f 3870 3774 3777
f 2507 2509 3774
f 3868 3766 3869
f 3868 3764 3766
f 3868 3768 3764
f 3868 3789 3768
f 3868 3777 3789
f 3867 3864 3866
f 3866 3864 3865
f 3388 3863 3382
f 4140 4139 4133
f 3003 4139 4132
f 4133 4139 4134
f 4130 4139 3004
f 4132 4139 4145
f 4145 4139 4144
f 4144 4139 4137
f 3004 4139 3003
f 4143 4139 4130
f 4142 4139 4143
f 4141 4139 4142
f 4134 4139 4141
f 4137 4139 4135
f 4135 4139 4140
f 4135 4138 4136
f 4135 4136 4137
f 4083 4133 4134
f 3003 4132 4131
f 3001 4131 3002
f 3003 4131 3001
f 4130 3004 3005
f 4129 2700 4128
f 4128 2700 2695
f 4127 4129 4128
f 4157 4156 4149
f 4132 4159 4155
f 4150 4159 4137
f 4156 4159 4150
f 4155 4159 4156
f 4145 4159 4132
f 4144 4159 4145
f 4137 4159 4144
f 4149 4156 4147
f 4152 4156 4153
f 4153 4156 4158
f 4158 4156 4157
f 4125 4127 4126
f 4155 4156 4152
f 4147 4156 4150
f 4155 3002 4131
f 4155 4131 4132
f 4154 4152 4151
f 4151 4152 4153
f 4150 4137 4136
f 4150 4136 4138
f 4146 4149 4147
f 4146 4147 4148
f 4116 3788 3771
f 4005 4007 3791
f 3791 4007 3782
f 2414 4005 3790
f 3790 4005 3791
f 2390 2414 3790
f 4119 4118 3772
f 4118 4117 3770
f 4118 3770 3772
f 4117 4116 3771
f 4117 3771 3770
f 4116 4115 3788
f 4007 4008 3782
f 4115 4114 3787
f 4115 3787 3788
f 4114 4113 3767
f 4114 3767 3787
f 4113 3869 3765
f 4113 3765 3767
f 3869 3766 3765
f 4112 4104 3077
f 4112 3080 4106
f 4112 4106 4110
f 3769 3982 3772
f 4126 4127 4128
f 4123 4125 4124
f 4124 4125 4126
f 4121 4123 4122
f 4122 4123 4124
f 3981 4121 4120
f 4120 4121 4122
f 4119 3981 4120
f 4119 3982 3981
f 3772 3982 4119
f 4014 3982 3769
f 3005 3010 4130
f 4015 4014 3775
f 3775 4014 3769
f 4017 4015 3786
f 3786 4015 3775
f 4013 4017 3779
f 3779 4017 3786
f 4012 4013 3778
f 3778 4013 3779
f 4008 4012 3782
f 3782 4012 3778
f 4169 4148 4147
f 4082 4133 4083
f 4175 4174 4140
f 4175 4140 4133
f 4174 4178 4135
f 4174 4135 4140
f 4178 4177 4138
f 4178 4138 4135
f 4177 4172 4150
f 4177 4150 4138
f 4172 4169 4147
f 4172 4147 4150
f 4082 4175 4133
f 4169 4171 4148
f 4176 4174 4096
f 4176 4093 4162
f 4176 4173 4172
f 4176 4161 4168
f 4176 4168 4179
f 4176 4179 4173
f 4176 4162 4166
f 4176 4166 4165
f 4176 4165 4161
f 4176 4096 4095
f 4184 4185 4153
f 4185 4184 4191
f 4191 4184 4192
f 4186 4185 4190
f 4190 4185 4191
f 4187 4186 4190
f 4189 4187 4190
f 4188 4187 4189
f 4187 4188 4154
f 4186 4187 4151
f 4151 4187 4154
f 4185 4186 4151
f 4176 4095 4093
f 4153 4185 4151
f 4183 4184 4158
f 4158 4184 4153
f 4182 4183 4157
f 4157 4183 4158
f 4181 4182 4149
f 4149 4182 4157
f 4180 4181 4146
f 4146 4181 4149
f 4148 4180 4146
f 4076 4065 4083
f 4089 4087 4163
f 4087 4085 4163
f 4163 3022 4162
f 4163 4085 3022
f 4085 3025 3022
f 4162 3022 3024
f 4161 3018 4160
f 4161 3021 3018
f 4160 3018 3052
f 4160 3052 3053
f 3052 3018 3020
f 4164 4161 4165
f 4079 4076 4134
f 4134 4076 4083
f 4080 4079 4141
f 4141 4079 4134
f 4081 4080 4142
f 4142 4080 4141
f 4077 4081 4143
f 4143 4081 4142
f 3010 4077 4130
f 4130 4077 4143
f 4090 4163 4162
f 4176 4178 4174
f 4176 4177 4178
f 4176 4172 4177
f 4082 4098 4175
f 4175 4098 4174
f 4098 4096 4174
f 4172 4170 4169
f 4172 4173 4170
f 4093 4090 4162
f 4169 4170 4171
f 4090 4089 4163
f 4112 4110 4109
f 4168 4161 4167
f 4161 4160 4167
f 4167 4160 3053
f 4164 4162 3024
f 4164 3021 4161
f 4164 3024 3031
f 4164 3031 3030
f 4164 3030 3021
f 4164 4166 4162
f 4164 4165 4166
f 4022 4039 3992
f 4047 4048 4049
f 4043 4046 4044
f 4043 4044 4045
f 4038 4041 4036
f 3990 4041 4034
f 4036 4041 4039
f 4039 4041 3990
f 4034 4041 4042
f 4042 4041 4040
f 4040 4041 4038
f 4035 4039 4028
f 4047 4050 4048
f 3992 4039 3990
f 4024 4039 4022
f 4026 4039 4024
f 4028 4039 4026
f 4036 4039 4035
f 4036 2705 4037
f 4036 4037 4038
f 4030 4035 4028
f 4032 4035 4030
f 3990 4034 4033
f 3990 4033 3988
f 4050 4061 4062
f 4069 4068 4070
f 4067 4064 4066
f 4067 4066 4068
f 4064 4065 4066
f 4056 4061 4054
f 4047 4061 4050
f 4059 4061 4044
f 4052 4061 4059
f 4054 4061 4052
f 4063 4061 4056
f 4062 4061 4063
f 4019 4022 3992
f 4044 4061 4047
f 4052 4059 4053
f 4046 4059 4044
f 4053 4059 4060
f 4060 4059 4058
f 4058 4059 4046
f 4054 4057 4055
f 4054 4055 4056
f 3006 4052 4051
f 4051 4052 4053
f 3991 3998 3997
f 4016 4011 4010
f 4016 4010 4003
f 4016 4015 4017
f 4016 4017 4013
f 4016 3987 3985
f 4016 3989 3987
f 4016 3991 3989
f 3982 4014 3983
f 3983 4014 3985
f 4014 4015 3985
f 3991 3997 3993
f 4016 4004 4011
f 4013 4012 4004
f 3993 3997 3995
f 4012 4008 4006
f 4012 4006 4004
f 4000 4003 4001
f 4003 4002 4001
f 4001 4002 2586
f 4009 4004 2442
f 4009 2440 4003
f 4009 2442 2448
f 4020 4021 4019
f 4019 3992 3994
f 4029 4031 4030
f 4030 4031 4032
f 4027 4029 4028
f 4028 4029 4030
f 4025 4027 4026
f 4026 4027 4028
f 4023 4025 4024
f 4024 4025 4026
f 4021 4023 4022
f 4022 4023 4024
f 4069 4067 4068
f 4019 4021 4022
f 4018 4020 4019
f 3994 4018 4019
f 3996 4018 3994
f 4016 3985 4015
f 4016 4013 4004
f 4016 3998 3991
f 4016 4003 4000
f 4016 4000 3999
f 4016 3999 3998
f 4097 4099 4069
f 4108 4072 4073
f 4108 4092 4094
f 4108 4094 4097
f 4108 4110 4106
f 4108 4109 4110
f 4108 4104 4109
f 4088 4091 4107
f 4107 4091 4106
f 4091 4092 4106
f 4104 4103 4102
f 4104 4105 4103
f 4108 4071 4072
f 4102 4103 3097
f 4099 4064 4067
f 4099 4067 4069
f 4101 4073 4100
f 4073 4074 4100
f 4100 4074 4075
f 4098 4082 4099
f 4099 4082 4064
f 4096 4098 4097
f 4097 4098 4099
f 4107 3079 4086
f 4112 4109 4104
f 4112 3092 3080
f 4112 3091 3092
f 4112 3077 3091
f 3097 3096 4102
f 4102 3075 4104
f 4102 3096 3075
f 3096 3076 3075
f 4104 3075 3077
f 4106 3079 4107
f 4106 3080 3079
f 4095 4096 4094
f 4107 4086 4088
f 4086 3079 4084
f 3079 3081 4084
f 4108 4106 4092
f 4108 4097 4069
f 4108 4105 4104
f 4108 4073 4101
f 4108 4101 4111
f 4108 4111 4105
f 4108 4069 4071
f 4070 4043 4045
f 3008 4078 3009
f 3007 4078 3008
f 4060 4078 4053
f 4058 4078 4060
f 4046 4078 4058
f 4066 4078 4068
f 3007 3006 4051
f 3007 4051 4053
f 3010 3009 4077
f 4070 4046 4043
f 4068 4046 4070
f 4079 4078 4076
f 4076 4066 4065
f 4075 4074 4049
f 4074 4073 4047
f 4074 4047 4049
f 4073 4072 4044
f 4073 4044 4047
f 4072 4071 4045
f 4072 4045 4044
f 4071 4069 4070
f 4071 4070 4045
f 4084 4085 4086
f 4094 4096 4097
f 4093 4095 4094
f 4090 4093 4091
f 4091 4093 4092
f 4092 4093 4094
f 4089 4090 4088
f 4088 4090 4091
f 4087 4089 4088
f 4085 4087 4086
f 4086 4087 4088
f 3025 4085 4084
f 5395 5397 5393
f 3081 3025 4084
f 4083 4065 4082
f 4082 4065 4064
f 4053 4078 3007
f 4068 4078 4046
f 3009 4078 4077
f 4076 4078 4066
f 4077 4078 4081
f 4081 4078 4080
f 4080 4078 4079
f 5046 5047 5043
f 5054 5058 5055
f 5056 5057 5053
f 5052 5056 5053
f 5054 5055 5051
f 5050 5054 5051
f 5052 5053 5049
f 5048 5052 5049
f 5050 5051 5047
f 5046 5050 5047
f 5048 5049 5045
f 5044 5048 5045
f 5058 5059 5055
f 5042 5046 5043
f 5044 5045 5041
f 5040 5044 5041
f 5042 5043 5039
f 5038 5042 5039
f 5040 5041 5037
f 5035 5040 5037
f 5038 5039 5034
f 5036 5038 5034
f 5035 5037 5033
f 5032 5036 5034
f 5066 5070 5067
f 5079 5082 5083
f 5079 5081 5082
f 5079 5080 5081
f 5074 5077 5078
f 5071 5077 5074
f 5073 5076 5075
f 5073 5075 5072
f 5071 5074 5069
f 5070 5073 5072
f 5070 5072 5067
f 5068 5071 5069
f 5031 5035 5033
f 5068 5069 5065
f 5064 5068 5065
f 5066 5067 5063
f 5062 5066 5063
f 5064 5065 5061
f 5060 5064 5061
f 5062 5063 5059
f 5058 5062 5059
f 5060 5061 5057
f 5056 5060 5057
f 4998 5000 4996
f 5009 5011 5007
f 5006 5010 5008
f 5005 5009 5007
f 5006 5008 5004
f 5005 5007 5003
f 5002 5006 5004
f 5001 5005 5003
f 5002 5004 5000
f 5001 5003 4999
f 4998 5002 5000
f 4997 5001 4999
f 5010 5012 5008
f 4997 4999 4995
f 4994 4998 4996
f 4992 4997 4995
f 4994 4996 4991
f 4992 4995 4993
f 4989 4994 4991
f 4987 4992 4990
f 4990 4992 4993
f 4989 4991 4986
f 4987 4990 4988
f 5018 5023 5021
f 5032 5034 5030
f 5031 5033 5029
f 5026 5032 5030
f 5028 5031 5029
f 5026 5030 5027
f 5028 5029 5025
f 5023 5028 5025
f 5024 5027 5022
f 5026 5027 5024
f 5023 5025 5021
f 5020 5024 5022
f 5079 5083 5084
f 5020 5022 5017
f 5018 5021 5019
f 5016 5020 5017
f 5018 5019 5015
f 5013 5018 5015
f 5016 5017 5012
f 5014 5016 5012
f 5013 5015 5011
f 5010 5014 5012
f 5009 5013 5011
f 5143 5144 5145
f 5154 5146 5092
f 5153 5152 5146
f 5152 5151 5146
f 5151 5150 5146
f 5150 5149 5146
f 5149 5147 5146
f 5147 5148 5146
f 5146 5095 5092
f 5144 5091 5145
f 5145 5091 5090
f 5142 5144 5143
f 5154 5153 5146
f 5140 5142 5141
f 5141 5142 5143
f 5138 5140 5139
f 5139 5140 5141
f 5136 5138 5137
f 5137 5138 5139
f 5134 5136 5135
f 5135 5136 5137
f 5132 5134 5133
f 5133 5134 5135
f 5130 5132 5131
f 5170 5168 5171
f 5179 5178 5177
f 5179 5155 5180
f 5179 5181 5178
f 5179 5180 5181
f 5177 1369 5155
f 5177 1368 1369
f 5177 5178 1368
f 5176 5173 5175
f 5176 5170 5173
f 5175 5173 5172
f 5172 5173 5174
f 5131 5132 5133
f 5168 5166 5169
f 5166 5164 5167
f 5164 5161 5165
f 5161 5162 5163
f 1328 5160 1334
f 1334 5159 1341
f 1341 5158 1347
f 1347 5157 1354
f 1354 5156 1352
f 1352 5155 1369
f 5093 5096 5094
f 5107 5108 5109
f 5104 5106 5105
f 5105 5106 5107
f 5102 5104 5103
f 5103 5104 5105
f 5100 5102 5101
f 5101 5102 5103
f 5098 5100 5099
f 5099 5100 5101
f 5096 5098 5097
f 5097 5098 5099
f 5106 5108 5107
f 5094 5096 5097
f 5095 5093 5092
f 5092 5093 5094
f 5090 5079 5089
f 5090 5091 5079
f 5089 5079 5088
f 5088 5079 5087
f 5079 5086 5087
f 5079 5085 5086
f 5079 5084 5085
f 5119 5120 5121
f 5128 5130 5129
f 5129 5130 5131
f 5126 5128 5127
f 5127 5128 5129
f 5124 5126 5125
f 5125 5126 5127
f 5122 5124 5123
f 5123 5124 5125
f 5120 5122 5121
f 5121 5122 5123
f 5118 5120 5119
f 4985 4989 4986
f 5117 5118 5119
f 5116 5118 5117
f 5115 5116 5117
f 5114 5116 5115
f 5113 5114 5115
f 5112 5114 5113
f 5110 5112 5111
f 5111 5112 5113
f 5108 5110 5109
f 5109 5110 5111
f 4925 4920 4923
f 4929 4927 4930
f 4929 4926 4927
f 4928 4753 4925
f 4928 4925 4923
f 4928 4754 4753
f 4928 4923 4926
f 4926 4923 4924
f 4926 4924 4927
f 4925 4922 4920
f 4925 4751 4922
f 4925 4753 4751
f 4931 4754 4928
f 4923 4920 4921
f 4923 4921 4924
f 4922 4917 4920
f 4922 4751 4919
f 4922 4919 4917
f 4920 4917 4918
f 4920 4918 4921
f 4919 4916 4914
f 4919 4747 4916
f 4919 4914 4917
f 4919 4751 4749
f 4933 4932 2120
f 4901 4900 4935
f 4901 4935 4936
f 4900 4904 4934
f 4900 4934 4935
f 4904 4559 4542
f 4904 4542 4934
f 4559 4540 4542
f 4559 4523 4540
f 4933 4929 4932
f 4933 4758 4931
f 4933 2075 4758
f 4919 4749 4747
f 4933 4931 4929
f 4933 2120 2075
f 4932 4898 2118
f 4932 4930 4898
f 4932 4929 4930
f 4932 2118 2120
f 4931 4928 4926
f 4931 4758 4756
f 4931 4756 4754
f 4931 4926 4929
f 4897 4893 4896
f 4907 4742 4741
f 4905 4899 4902
f 4905 4902 4906
f 4903 4900 4899
f 4903 4559 4904
f 4903 4904 4900
f 4903 4741 4559
f 4899 4901 4902
f 4899 4900 4901
f 2118 4898 2116
f 4897 4774 188
f 4907 4903 4899
f 4897 4890 4893
f 4897 4892 4890
f 4897 197 4892
f 4897 188 197
f 4897 4896 4774
f 4893 4890 4891
f 4893 4895 4896
f 4893 4894 4895
f 4893 4891 4894
f 4892 162 4890
f 4911 4908 4909
f 4917 4914 4915
f 4917 4915 4918
f 4916 4746 4913
f 4916 4913 4914
f 4916 4747 4746
f 4914 4911 4912
f 4914 4913 4911
f 4914 4912 4915
f 4913 4908 4911
f 4913 4746 4910
f 4913 4910 4908
f 4781 4937 4938
f 4911 4909 4912
f 4910 4907 4905
f 4910 4742 4907
f 4910 4905 4908
f 4910 4746 4744
f 4910 4744 4742
f 4908 4905 4906
f 4908 4906 4909
f 4907 4741 4903
f 4907 4899 4905
f 3900 4432 4433
f 4963 4965 4964
f 4962 4963 4964
f 3905 3904 2187
f 3904 3901 2154
f 3904 2154 2188
f 3904 2188 2187
f 3901 3900 4434
f 3901 4323 2154
f 3901 4426 4323
f 3901 4434 4426
f 3900 4433 4434
f 4962 4966 4963
f 3900 4374 4432
f 2154 4322 2114
f 2154 4323 4322
f 4322 4324 2114
f 4324 4325 2114
f 4325 4206 2114
f 3748 3744 4896
f 3748 4896 4895
f 3744 3746 4774
f 3744 4774 4896
f 3746 192 4774
f 4974 4977 4973
f 4984 4987 4988
f 4983 4987 4984
f 4985 4986 4982
f 4981 4985 4982
f 4983 4984 4980
f 4979 4983 4980
f 4981 4982 4978
f 4977 4981 4978
f 4979 4980 4976
f 4975 4979 4976
f 4977 4978 4973
f 4957 4951 4452
f 4975 4976 4971
f 4970 4975 4971
f 4974 4973 4972
f 4972 4973 4969
f 4968 4972 4969
f 4970 4971 4967
f 4965 4970 4967
f 4968 4969 4966
f 4962 4968 4966
f 4965 4967 4964
f 4544 4480 4545
f 4947 4550 4545
f 4947 4549 4550
f 4947 4543 4549
f 4947 4935 4934
f 4947 4480 4484
f 4944 4484 4943
f 4944 4940 4935
f 4944 4946 4940
f 4944 4945 4946
f 4944 4943 4945
f 4474 4480 4544
f 4947 4484 4944
f 4543 4934 4541
f 4541 4934 4542
f 4484 4942 4943
f 4484 4487 4942
f 4935 4941 4936
f 4935 4940 4941
f 4777 4776 4939
f 4776 4781 4938
f 4776 4938 4939
f 4781 4780 4937
f 4952 4955 4956
f 4957 4938 4949
f 4957 4452 4952
f 4957 4952 4938
f 4957 4961 4951
f 4957 4960 4961
f 4957 4959 4960
f 4957 4958 4959
f 4957 4949 4958
f 4952 4452 4950
f 4952 4948 4938
f 4952 4956 4948
f 5179 5177 5155
f 4952 4954 4955
f 4952 4953 4954
f 4952 4950 4953
f 4460 4452 4951
f 4452 4455 4950
f 4949 4938 4937
f 4938 4948 4939
f 4947 4545 4480
f 4947 4944 4935
f 4947 4934 4543
f 5311 5317 5318
f 5329 5324 5328
f 5328 1428 1429
f 5328 5324 1428
f 5325 5326 5327
f 1428 5324 5323
f 5324 5320 5323
f 5320 5322 5323
f 5320 5321 5322
f 5280 1421 5311
f 1421 5319 5311
f 5311 5319 5312
f 5329 5330 5321
f 5311 5316 5317
f 5311 5315 5316
f 5311 5314 5315
f 5311 5313 5314
f 5311 5312 5313
f 5271 5310 9
f 5271 9 8
f 5310 5309 9
f 9 5309 17
f 5309 5308 23
f 5309 23 17
f 5334 5331 1419
f 5340 5338 5337
f 5340 5337 1409
f 5338 5336 5335
f 5338 5335 5334
f 5338 5339 5336
f 5338 5334 5337
f 5337 5334 1409
f 5335 5336 5333
f 5335 5333 5332
f 5335 5332 5331
f 5335 5331 5334
f 5308 5307 29
f 5334 1414 1409
f 5334 1419 1414
f 5332 5329 5328
f 5332 5330 5329
f 5332 5328 5331
f 5332 5333 5330
f 5331 5328 1429
f 5331 1429 1419
f 5329 5321 5320
f 5329 5320 5324
f 5291 5 125
f 5296 5295 96
f 96 5295 102
f 5295 5294 107
f 5295 107 102
f 5294 5293 113
f 5294 113 107
f 5293 5292 113
f 113 5292 119
f 5292 5291 119
f 119 5291 125
f 5291 5290 5
f 5297 96 89
f 5290 1372 5
f 5 1372 6
f 1372 1373 5289
f 1372 5289 6
f 1373 5288 5289
f 1373 1381 5288
f 1381 1386 5288
f 5288 1386 5287
f 1386 1391 5287
f 5287 1391 5286
f 5302 5301 65
f 5308 29 23
f 5307 5306 35
f 5307 35 29
f 5306 5305 42
f 5306 42 35
f 5305 5304 47
f 5305 47 42
f 5304 5303 53
f 5304 53 47
f 5303 5302 53
f 53 5302 60
f 5340 1409 1404
f 5302 65 60
f 5301 5300 71
f 5301 71 65
f 5300 5299 77
f 5300 77 71
f 5299 5298 77
f 77 5298 83
f 5298 5297 89
f 5298 89 83
f 5297 5296 96
f 5373 5369 5370
f 5379 5373 5377
f 5379 5376 5375
f 5379 5375 5373
f 5379 5380 5376
f 5377 5374 5378
f 5377 5373 5374
f 5375 5371 5373
f 5375 5376 5372
f 5375 5372 5371
f 5373 5370 5374
f 5373 5371 5369
f 5381 5377 5378
f 5371 5365 5369
f 5371 5368 5367
f 5371 5372 5368
f 5371 5367 5365
f 5369 5366 5370
f 5369 5365 5366
f 5367 5364 5363
f 5367 5363 5361
f 5367 5368 5364
f 5367 5361 5365
f 5365 5362 5366
f 5387 5383 5385
f 4027 4025 4505
f 5395 5396 5397
f 5394 5392 5389
f 5394 5389 5391
f 5392 5385 5389
f 5392 5388 5387
f 5392 5387 5385
f 5392 5393 5388
f 5389 5390 5391
f 5389 5386 5390
f 5389 5385 5386
f 5365 5361 5362
f 5387 5384 5383
f 5387 5388 5384
f 5385 5382 5386
f 5385 5383 5381
f 5385 5381 5382
f 5383 5377 5381
f 5383 5379 5377
f 5383 5380 5379
f 5383 5384 5380
f 5381 5378 5382
f 5346 5343 1393
f 5352 1388 1383
f 5350 5347 5346
f 5350 5348 5347
f 5350 5351 5348
f 5350 5346 5349
f 5349 5346 1393
f 5349 1393 1388
f 5347 5344 5346
f 5347 5345 5344
f 5347 5348 5345
f 5346 5344 5343
f 5352 5349 1388
f 5344 5342 5341
f 5344 5345 5342
f 5344 5340 5343
f 5344 5341 5340
f 5343 5340 1404
f 5343 1398 1393
f 5343 1404 1398
f 5341 5338 5340
f 5341 5339 5338
f 5341 5342 5339
f 5356 5354 5353
f 5363 5364 5360
f 5363 5358 5361
f 5363 5360 5359
f 5363 5359 5358
f 5361 1378 5362
f 5361 5358 1378
f 5359 5356 5355
f 5359 5360 5357
f 5359 5355 5358
f 5359 5357 5356
f 5358 5355 1378
f 1391 1396 5286
f 5356 5353 5352
f 5356 5357 5354
f 5356 5352 5355
f 5355 5352 1383
f 5355 1376 1378
f 5355 1383 1376
f 5353 5350 5349
f 5353 5349 5352
f 5353 5354 5351
f 5353 5351 5350
f 5211 5207 5208
f 5218 5214 5219
f 5216 5212 5213
f 5216 5217 5212
f 5216 5213 5215
f 5215 5213 5214
f 5213 5211 5210
f 5213 5212 5211
f 5213 5210 5209
f 5213 5209 5214
f 5211 5208 5210
f 5211 5212 5207
f 5218 5215 5214
f 5210 5208 5209
f 5208 5206 5205
f 5208 5204 5209
f 5208 5205 5204
f 5208 5207 5206
f 5206 5203 5205
f 5206 5202 5203
f 5206 5207 5202
f 5205 5203 5204
f 5203 5200 1322
f 5203 5202 5201
f 5225 5223 5224
f 5231 5232 5227
f 5231 5228 5230
f 5231 5227 5228
f 5230 5228 5229
f 5228 5224 5229
f 5228 5227 5226
f 5228 5226 5225
f 5228 5225 5224
f 5226 5227 5222
f 5226 5223 5225
f 5226 5222 5223
f 5203 1322 5204
f 5223 5219 5224
f 5223 5222 5221
f 5223 5221 5220
f 5223 5220 5219
f 5221 5222 5217
f 5221 5218 5220
f 5221 5217 5218
f 5220 5218 5219
f 5218 5217 5216
f 5218 5216 5215
f 5186 5157 1347
f 5190 1334 5160
f 5190 5159 1334
f 5189 5158 5188
f 5189 5188 5159
f 5189 5159 5158
f 5188 1341 5159
f 5188 5158 1341
f 5187 5157 5186
f 5187 5186 5158
f 5187 5158 5157
f 5186 1347 5158
f 5191 5159 5190
f 5185 5157 5156
f 5185 5156 5184
f 5185 5184 5157
f 5184 1354 5157
f 5184 5156 1354
f 5183 5156 5155
f 5183 5155 5182
f 5183 5182 5156
f 5182 1352 5156
f 5182 5155 1352
f 5197 5194 5195
f 5203 5201 5200
f 5201 5198 5199
f 5201 5199 5200
f 5201 5202 5198
f 5200 5199 1322
f 5199 5196 1320
f 5199 5197 5196
f 5199 5198 5197
f 5199 1320 1322
f 5197 5195 5196
f 5197 5198 5194
f 5233 5229 5234
f 5196 5195 1320
f 5195 5192 1328
f 5195 1328 1320
f 5195 5193 5192
f 5195 5194 5193
f 5193 5194 5160
f 5193 5160 5192
f 5192 5160 1328
f 5191 5160 5159
f 5191 5190 5160
f 5262 5171 5173
f 5267 5268 5269
f 1368 5178 5266
f 5178 5181 5265
f 5178 5265 5266
f 5181 5180 5265
f 5264 5263 5172
f 5264 5172 5174
f 5263 5175 5172
f 5263 5176 5175
f 5262 5173 5170
f 5262 5170 5171
f 5267 5269 5270
f 5261 5171 5168
f 5261 5168 5169
f 5261 5169 5171
f 5260 5169 5166
f 5260 5166 5167
f 5260 5167 5169
f 5259 5167 5164
f 5259 5164 5165
f 5259 5165 5167
f 5258 5165 5161
f 1417 1421 5279
f 5286 1396 5285
f 1396 1401 5284
f 1396 5284 5285
f 1401 1406 5284
f 5284 1406 5283
f 1406 1411 5283
f 5283 1411 5282
f 1411 1416 5282
f 5282 1416 5281
f 1416 1417 5281
f 5281 1417 5279
f 5258 5161 5163
f 5279 1421 5280
f 5278 5267 5277
f 5278 5276 5267
f 5277 5267 5274
f 5276 5273 5267
f 5274 5267 5275
f 5273 5272 5267
f 5272 5268 5267
f 5267 5271 8
f 5267 5270 5271
f 5238 5237 5236
f 5246 5247 5242
f 5246 5243 5245
f 5245 5243 5244
f 5243 5242 5241
f 5243 5241 5240
f 5243 5240 5239
f 5243 5239 5244
f 5241 5242 5237
f 5241 5237 5238
f 5241 5238 5240
f 5240 5238 5239
f 5246 5242 5243
f 5238 5236 5235
f 5238 5235 5234
f 5238 5234 5239
f 5236 5237 5232
f 5236 5233 5235
f 5236 5232 5233
f 5235 5233 5234
f 5233 5232 5231
f 5233 5231 5230
f 5233 5230 5229
f 5253 5250 5249
f 5258 5163 5165
f 5257 5256 5255
f 5257 5255 5254
f 5257 5162 5256
f 5257 5163 5162
f 5257 5254 5163
f 5256 5253 5255
f 5256 5252 5253
f 5256 5162 5252
f 5255 5253 5254
f 5253 5251 5250
f 4504 4023 4499
f 5253 5252 5251
f 5253 5249 5254
f 5251 5248 5250
f 5251 5247 5248
f 5251 5252 5247
f 5250 5248 5249
f 5248 5247 5246
f 5248 5246 5245
f 5248 5245 5244
f 5248 5244 5249
f 4661 4659 4657
f 4667 4664 4663
f 4667 4663 4662
f 4667 4662 4665
f 4666 4665 4361
f 4665 4363 4361
f 4665 4662 4363
f 4663 4658 4662
f 4663 4660 4661
f 4663 4664 4660
f 4663 4661 4658
f 4662 4658 4363
f 4668 4669 4664
f 4661 4657 4658
f 4661 4660 4659
f 4659 4653 4657
f 4659 4655 4656
f 4659 4656 4653
f 4659 4660 4655
f 4658 4657 4364
f 4658 4364 4363
f 4657 4653 4364
f 4656 4655 4654
f 4656 4654 4652
f 4673 4669 4672
f 4678 4675 4676
f 4678 4674 4677
f 4678 4679 4674
f 4677 4671 4675
f 4677 4673 4671
f 4677 4674 4673
f 4676 4675 4358
f 4675 4671 4359
f 4675 4359 4358
f 4673 4672 4670
f 4673 4670 4671
f 4656 4652 4653
f 4673 4674 4669
f 4672 4666 4670
f 4672 4668 4666
f 4672 4669 4668
f 4671 4670 4359
f 4670 4361 4359
f 4670 4666 4361
f 4668 4664 4667
f 4668 4665 4666
f 4668 4667 4665
f 4639 4632 4624
f 4644 4354 4369
f 4642 3819 4641
f 4642 3824 3819
f 4642 4643 3824
f 4641 3814 4354
f 4641 3819 3814
f 4638 4353 4283
f 4354 3814 3809
f 4640 4639 4624
f 4640 4624 4627
f 4639 4638 4632
f 4644 4641 4354
f 4638 4283 4311
f 4638 4311 4632
f 4283 4309 4311
f 4283 4282 4309
f 4637 4314 4633
f 4637 4634 4624
f 4637 4632 4312
f 4637 4628 4634
f 4637 4320 4314
f 4637 4319 4320
f 4649 4646 4645
f 4654 4650 4651
f 4654 4651 4648
f 4654 4648 4652
f 4654 4655 4650
f 4653 4652 4366
f 4653 4366 4364
f 4652 4648 4366
f 4651 4650 4649
f 4651 4647 4648
f 4651 4649 4647
f 4649 4644 4647
f 4678 4677 4675
f 4649 4645 4644
f 4649 4650 4646
f 4648 4647 4368
f 4648 4368 4366
f 4647 4644 4369
f 4647 4369 4368
f 4645 4643 4642
f 4645 4641 4644
f 4645 4642 4641
f 4645 4646 4643
f 4703 4702 4700
f 3246 3248 4606
f 3248 3283 4604
f 3248 4604 4606
f 3283 4608 4604
f 3283 3282 4608
f 4705 4702 4703
f 4705 3241 4603
f 4705 4600 4702
f 4705 4703 3239
f 4705 4603 4600
f 4705 3239 3241
f 4628 4706 4629
f 4703 4700 4701
f 4703 3236 3239
f 4703 4704 3236
f 4703 4701 4704
f 4702 4697 4700
f 4702 4599 4699
f 4702 4699 4697
f 4702 4600 4599
f 4700 4697 4698
f 4700 4698 4701
f 4699 4696 4694
f 4714 4712 3346
f 4609 4724 4725
f 4609 4612 4724
f 4723 4721 4722
f 4721 4719 4720
f 4721 4720 4722
f 4719 4717 4718
f 4719 4718 4720
f 4717 4715 4716
f 4717 4716 4718
f 4715 4714 4710
f 4715 4710 4716
f 4699 4694 4697
f 4714 3346 4710
f 4316 4711 4633
f 4316 4713 4711
f 4712 3347 3346
f 4711 4709 4633
f 4710 3346 4708
f 4633 4709 4628
f 4709 4707 4628
f 3346 3351 4708
f 4707 4706 4628
f 4683 4640 4684
f 4687 4592 3958
f 4687 3958 3944
f 4686 3943 4685
f 4686 3944 3943
f 3243 4603 3241
f 4685 3943 3952
f 4683 4682 4638
f 4683 4680 4682
f 4683 4681 4680
f 4683 4679 4681
f 4683 4684 4679
f 4687 3944 4686
f 4683 4638 4639
f 4683 4639 4640
f 4682 4353 4638
f 4682 4680 4356
f 4682 4356 4353
f 4681 4676 4680
f 4681 4678 4676
f 4681 4679 4678
f 4680 4676 4358
f 4680 4358 4356
f 4693 4690 4688
f 4699 4597 4696
f 4699 4599 4597
f 4697 4694 4695
f 4697 4695 4698
f 4696 4693 4691
f 4696 4595 4693
f 4696 4691 4694
f 4696 4597 4595
f 4694 4691 4692
f 4694 4692 4695
f 4693 4688 4691
f 4637 4312 4319
f 4693 4594 4690
f 4693 4595 4594
f 4691 4688 4689
f 4691 4689 4692
f 4690 4686 4688
f 4690 4687 4686
f 4690 4592 4687
f 4690 4594 4592
f 4688 4686 4685
f 4688 4685 4689
f 4565 4564 4563
f 4572 4573 4571
f 4572 2742 2746
f 4572 2739 2742
f 4570 4569 4568
f 4570 4568 2734
f 4570 4571 4569
f 4570 2734 2739
f 4568 4567 4565
f 4568 4565 2730
f 4568 4569 4567
f 4568 2730 2734
f 4572 4574 4573
f 4565 4563 2722
f 4565 4567 4566
f 4565 4566 4564
f 4565 2727 2730
f 4565 2722 2727
f 4563 4562 4560
f 4563 4560 2718
f 4563 4564 4562
f 4563 2718 2722
f 4560 4562 4561
f 4560 4561 1659
f 4577 4558 4578
f 4409 4412 4579
f 4409 4579 3243
f 4422 3884 4412
f 4412 3884 4579
f 3884 3885 4579
f 3885 4444 2622
f 3885 2622 4579
f 4444 4443 2622
f 4443 2698 2622
f 4577 4575 2750
f 4577 4576 4575
f 4560 2714 2718
f 4577 4578 4576
f 4577 2702 4558
f 4577 2710 2702
f 4577 2750 2710
f 4575 4574 4572
f 4575 4572 2746
f 4575 4576 4574
f 4575 2746 2750
f 4572 4571 4570
f 4572 4570 2739
f 2704 4037 2705
f 4127 4557 4129
f 3984 4557 3980
f 3986 4557 3984
f 4042 4557 4034
f 4040 4557 4042
f 4038 4557 4040
f 2701 4557 2703
f 3986 3988 4033
f 3986 4033 4034
f 3981 3980 4121
f 2703 4038 4037
f 4125 4557 4127
f 2703 4037 2704
f 4129 2701 2700
f 4018 3996 4496
f 4020 4018 4498
f 4498 4018 4496
f 4021 4020 4498
f 4023 4021 4499
f 4499 4021 4498
f 4025 4023 4504
f 4892 197 162
f 4525 4031 4539
f 4560 1661 2714
f 4560 1659 1661
f 4558 2702 4032
f 4558 4032 4031
f 2702 4035 4032
f 2702 4036 4035
f 2702 2705 4036
f 4559 4558 4521
f 4559 4521 4523
f 4558 4031 4525
f 4558 4525 4521
f 4406 3884 4422
f 4539 4031 4532
f 4532 4031 4530
f 4530 4031 4520
f 4520 4031 4490
f 4034 4557 3986
f 2703 4557 4038
f 3980 4557 4121
f 4129 4557 2701
f 4121 4557 4123
f 4123 4557 4125
f 4604 4605 4606
f 4619 4607 4620
f 4614 4609 4611
f 4614 4605 4604
f 4614 4618 4605
f 4614 4617 4618
f 4614 4616 4617
f 4614 4615 4616
f 4614 4611 4615
f 4612 4609 4613
f 4609 4610 4611
f 4607 4604 4608
f 4619 4620 4621
f 4600 4602 4601
f 4601 4602 4582
f 4581 4602 4579
f 4582 4602 4581
f 3243 4602 4603
f 4603 4602 4600
f 4579 4602 3243
f 4598 4601 4584
f 4599 4601 4598
f 4584 4601 4582
f 4628 4630 4631
f 4637 4624 4632
f 4637 4633 4628
f 4634 4628 4631
f 4634 4625 4624
f 4634 4636 4625
f 4634 4635 4636
f 4634 4631 4635
f 4316 4633 4313
f 4313 4633 4314
f 4312 4632 4310
f 4310 4632 4311
f 4600 4601 4599
f 4628 4629 4630
f 4624 4626 4627
f 4624 4625 4626
f 4619 4613 4609
f 4619 4604 4607
f 4619 4609 4614
f 4619 4614 4604
f 4619 4623 4613
f 4619 4622 4623
f 4619 4621 4622
f 2641 4583 2645
f 4586 4588 4587
f 2629 4588 2633
f 4587 4588 4589
f 2641 4586 4583
f 4583 4586 4584
f 2633 4586 2638
f 2638 4586 2641
f 4584 4586 4585
f 4585 4586 4587
f 4580 4583 4582
f 2645 4583 4580
f 2633 4588 4586
f 4582 4583 4584
f 2645 4580 2621
f 2621 4580 2622
f 4579 4580 4581
f 4581 4580 4582
f 2622 4580 4579
f 4381 3884 4404
f 4404 3884 4405
f 4405 3884 4406
f 3245 4409 3243
f 3965 4593 4590
f 4596 4598 4587
f 4595 4598 4596
f 4585 4598 4584
f 4587 4598 4585
f 4599 4598 4597
f 4597 4598 4595
f 4593 4596 4589
f 4594 4596 4593
f 4589 4596 4587
f 4595 4596 4594
f 4590 4593 4589
f 4890 162 4887
f 3958 4593 3965
f 4594 4593 4592
f 4592 4593 3958
f 4588 4591 4589
f 2629 4591 4588
f 2625 4591 2626
f 2626 4591 2629
f 3965 4591 2625
f 4589 4591 4590
f 4590 4591 3965
f 4828 4825 4826
f 4833 4830 4831
f 4833 4831 4832
f 4833 166 4830
f 4831 4829 4832
f 4831 4828 4829
f 4831 4830 4828
f 4830 169 358
f 4830 166 169
f 4830 358 4827
f 4830 4827 4828
f 4828 4826 4829
f 4834 4832 4835
f 4828 4827 4825
f 4827 4824 4822
f 4827 358 357
f 4827 357 4824
f 4827 4822 4825
f 4825 4822 4823
f 4825 4823 4826
f 4824 4819 4822
f 4824 4821 4820
f 4824 4820 4819
f 4824 357 4821
f 4840 4837 4838
f 4846 4842 4845
f 4845 4842 4843
f 4844 4840 4842
f 4844 312 4841
f 4844 4841 4840
f 4842 4840 4838
f 4842 4838 4843
f 4841 312 324
f 4841 4837 4840
f 4841 324 4839
f 4841 4839 4837
f 4822 4819 4816
f 4839 324 167
f 4839 4835 4837
f 4839 167 4836
f 4839 4836 4835
f 4837 4835 4838
f 4836 167 166
f 4836 4832 4834
f 4836 4834 4835
f 4836 4833 4832
f 4836 166 4833
f 4800 4798 4797
f 4808 4804 4803
f 4808 4803 4806
f 4806 4803 4801
f 4806 4801 4807
f 4804 4800 4803
f 4804 4799 4802
f 4804 4802 4800
f 4804 4805 4799
f 4803 4800 4801
f 4802 4798 4800
f 4802 4799 4798
f 4808 4805 4804
f 4800 4797 4795
f 4800 4795 4801
f 4798 4793 4796
f 4798 4796 4797
f 4798 4799 4793
f 4797 4794 4795
f 4797 4796 4794
f 4796 4792 4791
f 4796 4793 4792
f 4796 4791 4794
f 4815 4813 4816
f 4822 4816 4823
f 4820 4818 4819
f 4820 4821 4818
f 4819 4815 4816
f 4819 4818 4815
f 4817 4812 4815
f 4817 4811 4814
f 4817 4814 4812
f 4817 4818 4811
f 4817 4815 4818
f 4815 4812 4813
f 4846 4844 4842
f 4814 4809 4812
f 4814 4810 4809
f 4814 4811 4810
f 4812 4809 4807
f 4812 4807 4813
f 4810 4805 4808
f 4810 4806 4809
f 4810 4811 4805
f 4810 4808 4806
f 4809 4806 4807
f 4875 4872 4873
f 4881 4879 4877
f 4880 4877 4878
f 4879 232 4876
f 4879 4876 4875
f 4879 4875 4877
f 4877 4875 4873
f 4877 4873 4878
f 4876 232 244
f 4876 4872 4875
f 4876 244 4874
f 4876 4874 4872
f 4881 232 4879
f 4874 244 4871
f 4874 4871 4870
f 4874 4870 4872
f 4872 4868 4873
f 4872 4870 4868
f 4871 4867 4870
f 4871 244 256
f 4871 4869 4867
f 4871 256 4869
f 4870 4867 4868
f 4869 4865 4867
f 4886 220 4884
f 4726 4610 4609
f 4890 4887 4888
f 4890 4888 4891
f 4889 165 4887
f 4889 4887 162
f 4889 162 165
f 4887 165 4885
f 4887 4885 4883
f 4887 4883 4888
f 4886 4885 165
f 4886 4884 4885
f 4869 4866 4865
f 4886 165 220
f 4885 4884 4882
f 4885 4882 4883
f 4884 4880 4882
f 4884 220 4881
f 4884 4881 4880
f 4882 4880 4878
f 4882 4878 4883
f 4881 220 232
f 4881 4877 4880
f 4851 300 4849
f 4856 4852 4855
f 4856 4854 4852
f 4856 289 4854
f 4856 278 289
f 4855 4852 4853
f 4854 4850 4852
f 4854 289 4851
f 4854 4851 4850
f 4852 4850 4848
f 4852 4848 4853
f 4851 4847 4850
f 4857 4853 4858
f 4851 4849 4847
f 4851 289 300
f 4850 4847 4848
f 4849 4845 4847
f 4849 300 4846
f 4849 4846 4845
f 4847 4845 4843
f 4847 4843 4848
f 4846 300 312
f 4846 312 4844
f 4862 4860 4858
f 4869 256 4866
f 4867 4865 4863
f 4867 4863 4868
f 4866 4862 4865
f 4866 4864 4862
f 4866 267 4864
f 4866 256 267
f 4865 4862 4863
f 4864 4860 4862
f 4864 4861 4860
f 4864 267 4861
f 4727 4609 4725
f 4862 4858 4863
f 4861 4857 4860
f 4861 4859 4857
f 4861 278 4859
f 4861 267 278
f 4860 4857 4858
f 4859 4855 4857
f 4859 4856 4855
f 4859 278 4856
f 4857 4855 4853
f 4755 4562 4564
f 2870 4759 2874
f 2874 4759 2879
f 4757 4755 4756
f 4757 4562 4755
f 4757 4561 4562
f 4757 1659 4561
f 4757 2075 1659
f 4757 4758 2075
f 4757 4756 4758
f 4755 4564 4752
f 4755 4752 4754
f 2879 4759 1782
f 4755 4754 4756
f 4752 4567 4750
f 4752 4750 4751
f 4752 4566 4567
f 4752 4564 4566
f 4752 4753 4754
f 4752 4751 4753
f 4750 4748 4749
f 4750 4569 4748
f 4750 4567 4569
f 4750 4749 4751
f 4760 4761 1778
f 4762 4763 1770
f 1725 4763 1723
f 1770 4763 1769
f 1769 4763 1725
f 1723 4763 2846
f 2846 4763 2849
f 4761 4762 1773
f 2853 4762 4761
f 1773 4762 1770
f 2849 4762 2853
f 2864 4761 4760
f 4748 4745 4747
f 1778 4761 1777
f 1777 4761 1773
f 2853 4761 2858
f 2858 4761 2864
f 4759 4760 1781
f 2870 4760 4759
f 1781 4760 1778
f 2864 4760 2870
f 1782 4759 1786
f 1786 4759 1781
f 4734 4722 4713
f 3366 4713 4316
f 3366 3363 4739
f 3366 4739 4735
f 3366 4735 4713
f 3363 3370 4738
f 3363 4738 4739
f 3370 4737 4738
f 3370 4736 4737
f 3370 3372 4736
f 4735 4734 4713
f 4734 4723 4722
f 3430 3433 4500
f 4734 4733 4723
f 4733 4731 4732
f 4733 4732 4723
f 4731 4729 4730
f 4731 4730 4732
f 4729 4727 4728
f 4729 4728 4730
f 4727 4726 4609
f 4727 4725 4728
f 4794 4791 4789
f 4743 4574 4576
f 4748 4571 4745
f 4748 4569 4571
f 4748 4747 4749
f 4745 4574 4743
f 4745 4743 4744
f 4745 4573 4574
f 4745 4571 4573
f 4745 4746 4747
f 4745 4744 4746
f 4743 4576 4740
f 4743 4740 4742
f 4794 4789 4795
f 4743 4742 4744
f 4740 4558 4559
f 4740 4578 4558
f 4740 4576 4578
f 4740 4741 4742
f 4740 4559 4741
f 3972 3430 4496
f 3972 4496 3996
f 3430 4497 4496
f 3430 4500 4497
f 1731 4772 1727
f 4775 4776 4777
f 192 188 4774
f 3653 4773 4772
f 1725 4773 1767
f 1726 4773 1725
f 1727 4773 1726
f 1767 4773 3650
f 3650 4773 3653
f 4772 4773 1727
f 3659 4772 4771
f 4771 4772 1732
f 4775 4777 4778
f 1732 4772 1731
f 3653 4772 3656
f 3656 4772 3659
f 3662 4771 4770
f 4770 4771 1735
f 1735 4771 1732
f 3659 4771 3662
f 4769 4770 1740
f 3671 4770 4769
f 1739 4770 1735
f 4785 4786 4787
f 2849 4763 4762
f 4792 4786 4790
f 4792 4790 4788
f 4792 4793 4786
f 4792 4788 4791
f 4791 4788 4789
f 4790 4784 4788
f 4790 4786 4785
f 4790 4785 4784
f 4788 4784 4789
f 4785 4787 4782
f 4105 4226 1760
f 4785 4775 4783
f 4785 4783 4784
f 4785 4779 4775
f 4785 4782 4779
f 4783 4775 4778
f 4783 4778 4784
f 4779 4776 4775
f 4779 4782 4780
f 4779 4781 4776
f 4779 4780 4781
f 4236 4233 3422
f 1759 4765 1758
f 3696 4765 3700
f 3700 4765 3703
f 1764 4764 1759
f 1760 4764 1764
f 3422 4764 1760
f 3703 4764 3708
f 3708 4764 3422
f 4226 4227 1760
f 4227 4236 3422
f 4227 3422 1760
f 3662 4770 3666
f 4233 3426 3422
f 4049 4226 4075
f 4075 4226 4100
f 4100 4226 4101
f 3097 4103 1762
f 4101 4226 4111
f 4103 4105 1760
f 4103 1760 1762
f 4111 4226 4105
f 1740 4770 1739
f 3703 4765 4764
f 1758 4765 1754
f 3666 4770 3671
f 3676 4769 4768
f 4768 4769 1743
f 1743 4769 1740
f 3671 4769 3676
f 4767 4768 1746
f 3681 4768 4767
f 1746 4768 1743
f 3676 4768 3681
f 4766 4767 1751
f 1750 4767 1746
f 3691 4767 4766
f 4764 4765 1759
f 4765 4766 1754
f 3691 4766 3696
f 1754 4766 1751
f 3696 4766 4765
f 3686 4767 3691
f 3681 4767 3686
f 1751 4767 1750

